solid OpenSCAD_Model
  facet normal 0.00889081 -0.0244269 0.999662
    outer loop
      vertex -22.8155 -8.19279 5.40274
      vertex -18.489 -6.63483 5.40233
      vertex -18.4943 -6.61998 5.40274
    endloop
  endfacet
  facet normal 0.00894314 -0.0245723 0.999658
    outer loop
      vertex -18.489 -6.63483 5.40233
      vertex -22.8155 -8.19279 5.40274
      vertex -22.7859 -8.2764 5.40042
    endloop
  endfacet
  facet normal 0.00895896 -0.0246137 0.999657
    outer loop
      vertex -22.7859 -8.2764 5.40042
      vertex -18.4593 -6.71865 5.4
      vertex -18.489 -6.63483 5.40233
    endloop
  endfacet
  facet normal 0.00899482 -0.0247133 0.999654
    outer loop
      vertex -18.4593 -6.71865 5.4
      vertex -22.7859 -8.2764 5.40042
      vertex -22.7806 -8.29146 5.4
    endloop
  endfacet
  facet normal 0.00899482 -0.0247133 -0.999654
    outer loop
      vertex -22.7859 -8.2764 9.39958
      vertex -18.4593 -6.71865 9.4
      vertex -22.7806 -8.29146 9.4
    endloop
  endfacet
  facet normal 0.00895896 -0.0246137 -0.999657
    outer loop
      vertex -18.4593 -6.71865 9.4
      vertex -22.7859 -8.2764 9.39958
      vertex -18.489 -6.63483 9.39767
    endloop
  endfacet
  facet normal -0.336286 0.923933 -0.182372
    outer loop
      vertex -22.0307 -10.1207 7.71287
      vertex -17.6979 -8.52336 7.81582
      vertex -17.6896 -8.54066 7.71287
    endloop
  endfacet
  facet normal -0.336286 0.923933 -0.182372
    outer loop
      vertex -17.6979 -8.52336 7.81582
      vertex -22.0307 -10.1207 7.71287
      vertex -22.039 -10.1034 7.81582
    endloop
  endfacet
  facet normal -0.315969 0.868146 -0.382735
    outer loop
      vertex -22.0804 -10.0166 8.1325
      vertex -17.7538 -8.4062 8.21347
      vertex -17.7514 -8.41119 8.20017
    endloop
  endfacet
  facet normal -0.316042 0.868319 -0.382283
    outer loop
      vertex -17.7538 -8.4062 8.21347
      vertex -22.0804 -10.0166 8.1325
      vertex -22.0949 -9.98623 8.21347
    endloop
  endfacet
  facet normal 0.341904 -0.939367 0.0262968
    outer loop
      vertex -23.3914 -6.38542 7.4
      vertex -19.0479 -4.8049 7.38584
      vertex -19.048 -4.80454 7.4
    endloop
  endfacet
  facet normal 0.341904 -0.939365 0.0263656
    outer loop
      vertex -19.0479 -4.8049 7.38584
      vertex -23.3914 -6.38542 7.4
      vertex -23.3907 -6.38762 7.31254
    endloop
  endfacet
  facet normal 0.248212 -0.681962 0.687982
    outer loop
      vertex -23.2452 -6.87889 6.06174
      vertex -18.9131 -5.31306 6.05092
      vertex -18.916 -5.3032 6.06174
    endloop
  endfacet
  facet normal 0.248129 -0.681729 0.688243
    outer loop
      vertex -18.9131 -5.31306 6.05092
      vertex -23.2452 -6.87889 6.06174
      vertex -23.228 -6.93711 5.99787
    endloop
  endfacet
  facet normal 0.260032 -0.714428 0.649597
    outer loop
      vertex -23.2452 -6.87889 6.06174
      vertex -18.9188 -5.29391 6.07306
      vertex -23.2615 -6.82403 6.1286
    endloop
  endfacet
  facet normal 0.259855 -0.71395 0.650193
    outer loop
      vertex -18.9188 -5.29391 6.07306
      vertex -23.2452 -6.87889 6.06174
      vertex -18.916 -5.3032 6.06174
    endloop
  endfacet
  facet normal -0.341898 0.93937 -0.0262664
    outer loop
      vertex -22.0201 -10.143 7.4
      vertex -17.6802 -8.5605 7.50467
      vertex -17.679 -8.56299 7.4
    endloop
  endfacet
  facet normal -0.341895 0.939368 -0.0263561
    outer loop
      vertex -17.6802 -8.5605 7.50467
      vertex -22.0201 -10.143 7.4
      vertex -22.0213 -10.1405 7.50467
    endloop
  endfacet
  facet normal -0.341898 0.93937 0.0262664
    outer loop
      vertex -17.6802 -8.5605 7.29533
      vertex -22.0201 -10.143 7.4
      vertex -17.679 -8.56299 7.4
    endloop
  endfacet
  facet normal -0.341895 0.939368 0.0263561
    outer loop
      vertex -22.0201 -10.143 7.4
      vertex -17.6802 -8.5605 7.29533
      vertex -22.0213 -10.1405 7.29533
    endloop
  endfacet
  facet normal -0.340942 0.936748 0.0791344
    outer loop
      vertex -17.6807 -8.55949 7.28122
      vertex -22.0213 -10.1405 7.29533
      vertex -17.6802 -8.5605 7.29533
    endloop
  endfacet
  facet normal -0.340976 0.936833 0.0779674
    outer loop
      vertex -22.0213 -10.1405 7.29533
      vertex -17.6807 -8.55949 7.28122
      vertex -22.0242 -10.1343 7.20815
    endloop
  endfacet
  facet normal -0.340974 0.936818 0.0781572
    outer loop
      vertex -17.6837 -8.55305 7.19094
      vertex -22.0242 -10.1343 7.20815
      vertex -17.6807 -8.55949 7.28122
    endloop
  endfacet
  facet normal -0.341003 0.936886 0.0772147
    outer loop
      vertex -22.0242 -10.1343 7.20815
      vertex -17.6837 -8.55305 7.19094
      vertex -22.0248 -10.1331 7.19094
    endloop
  endfacet
  facet normal -0.16304 0.447982 -0.879051
    outer loop
      vertex -22.4239 -9.21055 9.13983
      vertex -18.1284 -7.56446 9.18201
      vertex -18.1232 -7.57699 9.17466
    endloop
  endfacet
  facet normal -0.163232 0.448473 -0.878765
    outer loop
      vertex -18.1284 -7.56446 9.18201
      vertex -22.4239 -9.21055 9.13983
      vertex -22.4536 -9.13871 9.18201
    endloop
  endfacet
  facet normal 0.178692 -0.490952 0.852664
    outer loop
      vertex -23.1323 -7.26027 5.72266
      vertex -18.7994 -5.6971 5.71467
      vertex -18.8031 -5.68457 5.72266
    endloop
  endfacet
  facet normal 0.178676 -0.490908 0.852692
    outer loop
      vertex -18.7994 -5.6971 5.71467
      vertex -23.1323 -7.26027 5.72266
      vertex -23.1108 -7.33271 5.67645
    endloop
  endfacet
  facet normal 0.235444 -0.646882 0.725334
    outer loop
      vertex -23.2247 -6.94813 5.98579
      vertex -18.8739 -5.4454 5.91371
      vertex -18.8955 -5.37244 5.98579
    endloop
  endfacet
  facet normal 0.235444 -0.646882 0.725334
    outer loop
      vertex -18.8739 -5.4454 5.91371
      vertex -23.2247 -6.94813 5.98579
      vertex -23.2031 -7.02109 5.91371
    endloop
  endfacet
  facet normal 0.00894314 -0.0245723 -0.999658
    outer loop
      vertex -22.8155 -8.19279 9.39726
      vertex -18.489 -6.63483 9.39767
      vertex -22.7859 -8.2764 9.39958
    endloop
  endfacet
  facet normal 0.00889081 -0.0244269 -0.999662
    outer loop
      vertex -18.489 -6.63483 9.39767
      vertex -22.8155 -8.19279 9.39726
      vertex -18.4943 -6.61998 9.39726
    endloop
  endfacet
  facet normal 0.259855 -0.71395 -0.650193
    outer loop
      vertex -23.2452 -6.87889 8.73826
      vertex -18.9188 -5.29391 8.72694
      vertex -18.916 -5.3032 8.73826
    endloop
  endfacet
  facet normal 0.260032 -0.714428 -0.649597
    outer loop
      vertex -18.9188 -5.29391 8.72694
      vertex -23.2452 -6.87889 8.73826
      vertex -23.2615 -6.82403 8.6714
    endloop
  endfacet
  facet normal -0.260105 0.714631 0.649344
    outer loop
      vertex -17.897 -8.10596 6.07308
      vertex -22.2061 -9.73639 6.14136
      vertex -17.8718 -8.15883 6.14136
    endloop
  endfacet
  facet normal -0.260285 0.715082 0.648775
    outer loop
      vertex -22.2061 -9.73639 6.14136
      vertex -17.897 -8.10596 6.07308
      vertex -22.2102 -9.72636 6.12866
    endloop
  endfacet
  facet normal 0.336265 -0.923902 -0.182569
    outer loop
      vertex -19.0416 -4.83117 7.72684
      vertex -23.379 -6.4274 7.81582
      vertex -23.3799 -6.42439 7.79893
    endloop
  endfacet
  facet normal 0.336284 -0.923941 -0.182332
    outer loop
      vertex -23.379 -6.4274 7.81582
      vertex -19.0416 -4.83117 7.72684
      vertex -19.0377 -4.84731 7.81582
    endloop
  endfacet
  facet normal -0.044696 0.122802 -0.991424
    outer loop
      vertex -22.6814 -8.5715 9.37746
      vertex -18.3549 -7.01358 9.37538
      vertex -22.6762 -8.5864 9.37538
    endloop
  endfacet
  facet normal -0.0446313 0.122622 -0.991449
    outer loop
      vertex -18.3549 -7.01358 9.37538
      vertex -22.6814 -8.5715 9.37746
      vertex -18.3843 -6.93049 9.38698
    endloop
  endfacet
  facet normal -0.322968 0.887304 -0.329216
    outer loop
      vertex -17.7365 -8.44253 8.11674
      vertex -22.0751 -10.0277 8.10064
      vertex -22.0775 -10.0226 8.11674
    endloop
  endfacet
  facet normal -0.322377 0.885735 -0.333987
    outer loop
      vertex -22.0751 -10.0277 8.10064
      vertex -17.7365 -8.44253 8.11674
      vertex -17.7234 -8.4699 8.03151
    endloop
  endfacet
  facet normal -0.271388 0.745637 0.608584
    outer loop
      vertex -17.8481 -8.2085 6.21273
      vertex -22.1817 -9.79534 6.22443
      vertex -17.8442 -8.21663 6.22443
    endloop
  endfacet
  facet normal -0.271347 0.745526 0.608738
    outer loop
      vertex -22.1817 -9.79534 6.22443
      vertex -17.8481 -8.2085 6.21273
      vertex -22.2022 -9.7458 6.15462
    endloop
  endfacet
  facet normal -0.341003 0.936886 -0.0772147
    outer loop
      vertex -17.6837 -8.55305 7.60906
      vertex -22.0242 -10.1343 7.59185
      vertex -22.0248 -10.1331 7.60906
    endloop
  endfacet
  facet normal -0.340974 0.936818 -0.0781572
    outer loop
      vertex -22.0242 -10.1343 7.59185
      vertex -17.6837 -8.55305 7.60906
      vertex -17.6807 -8.55949 7.51878
    endloop
  endfacet
  facet normal 0.0268384 -0.0737416 -0.996916
    outer loop
      vertex -22.8451 -8.10943 9.3903
      vertex -18.5291 -6.52158 9.38904
      vertex -18.4995 -6.60517 9.39602
    endloop
  endfacet
  facet normal 0.0269416 -0.0740222 -0.996893
    outer loop
      vertex -18.5291 -6.52158 9.38904
      vertex -22.8451 -8.10943 9.3903
      vertex -22.8504 -8.09439 9.38904
    endloop
  endfacet
  facet normal 0.316006 -0.86821 -0.382559
    outer loop
      vertex -19.0168 -4.93454 8.11674
      vertex -23.3441 -6.54524 8.19771
      vertex -23.3536 -6.51302 8.11674
    endloop
  endfacet
  facet normal 0.31593 -0.868032 -0.383026
    outer loop
      vertex -23.3441 -6.54524 8.19771
      vertex -19.0168 -4.93454 8.11674
      vertex -19.0155 -4.93994 8.13005
    endloop
  endfacet
  facet normal 0.114166 -0.313668 -0.942644
    outer loop
      vertex -23.0199 -7.61581 9.26716
      vertex -18.6929 -6.05662 9.27239
      vertex -22.992 -7.69458 9.29675
    endloop
  endfacet
  facet normal 0.114222 -0.313822 -0.942586
    outer loop
      vertex -18.6929 -6.05662 9.27239
      vertex -23.0199 -7.61581 9.26716
      vertex -18.6971 -6.04244 9.26716
    endloop
  endfacet
  facet normal -0.178707 0.490989 0.852639
    outer loop
      vertex -18.0932 -7.64955 5.66795
      vertex -22.3842 -9.30637 5.72266
      vertex -18.059 -7.73211 5.72266
    endloop
  endfacet
  facet normal -0.178693 0.490952 0.852663
    outer loop
      vertex -22.3842 -9.30637 5.72266
      vertex -18.0932 -7.64955 5.66795
      vertex -22.4184 -9.2238 5.66795
    endloop
  endfacet
  facet normal -0.130871 0.359563 -0.923898
    outer loop
      vertex -22.4898 -9.05131 9.22709
      vertex -18.1962 -7.40089 9.26121
      vertex -18.1646 -7.47706 9.22709
    endloop
  endfacet
  facet normal -0.130679 0.35907 -0.924117
    outer loop
      vertex -18.1962 -7.40089 9.26121
      vertex -22.4898 -9.05131 9.22709
      vertex -22.4956 -9.03749 9.23328
    endloop
  endfacet
  facet normal -0.0623125 0.171204 -0.983263
    outer loop
      vertex -22.6418 -8.68345 9.35629
      vertex -18.3449 -7.04193 9.3698
      vertex -18.3169 -7.10933 9.35629
    endloop
  endfacet
  facet normal -0.0623515 0.171306 -0.983243
    outer loop
      vertex -22.6762 -8.5864 9.37538
      vertex -18.3449 -7.04193 9.3698
      vertex -22.6418 -8.68345 9.35629
    endloop
  endfacet
  facet normal -0.0624213 0.171502 -0.983204
    outer loop
      vertex -18.3449 -7.04193 9.3698
      vertex -22.6762 -8.5864 9.37538
      vertex -18.3549 -7.01358 9.37538
    endloop
  endfacet
  facet normal -0.332394 0.913354 -0.235157
    outer loop
      vertex -22.0407 -10.0997 7.83255
      vertex -17.7085 -8.50119 7.91764
      vertex -17.707 -8.50421 7.90379
    endloop
  endfacet
  facet normal -0.332566 0.91373 -0.233445
    outer loop
      vertex -17.7085 -8.50119 7.91764
      vertex -22.0407 -10.0997 7.83255
      vertex -22.0496 -10.0812 7.91764
    endloop
  endfacet
  facet normal 0.0268384 -0.0737416 0.996916
    outer loop
      vertex -18.5291 -6.52158 5.41096
      vertex -22.8451 -8.10943 5.4097
      vertex -18.4995 -6.60517 5.40398
    endloop
  endfacet
  facet normal 0.0269416 -0.0740222 0.996893
    outer loop
      vertex -22.8451 -8.10943 5.4097
      vertex -18.5291 -6.52158 5.41096
      vertex -22.8504 -8.09439 5.41096
    endloop
  endfacet
  facet normal 0.193779 -0.532407 0.82401
    outer loop
      vertex -23.1568 -7.17737 5.78197
      vertex -18.8067 -5.67248 5.73131
      vertex -18.8276 -5.60168 5.78197
    endloop
  endfacet
  facet normal 0.193955 -0.532929 0.823631
    outer loop
      vertex -18.8067 -5.67248 5.73131
      vertex -23.1568 -7.17737 5.78197
      vertex -23.153 -7.19036 5.77267
    endloop
  endfacet
  facet normal 0.260159 -0.714787 0.649151
    outer loop
      vertex -23.2615 -6.82403 6.1286
      vertex -18.9354 -5.23788 6.14136
      vertex -23.2646 -6.81357 6.14136
    endloop
  endfacet
  facet normal 0.260081 -0.714576 0.649415
    outer loop
      vertex -18.9354 -5.23788 6.14136
      vertex -23.2615 -6.82403 6.1286
      vertex -18.9188 -5.29391 6.07306
    endloop
  endfacet
  facet normal 0.147239 -0.404538 0.90259
    outer loop
      vertex -23.0807 -7.43442 5.61799
      vertex -18.7246 -5.94952 5.57291
      vertex -18.7515 -5.85873 5.61799
    endloop
  endfacet
  facet normal 0.147248 -0.404564 0.902578
    outer loop
      vertex -18.7246 -5.94952 5.57291
      vertex -23.0807 -7.43442 5.61799
      vertex -23.0522 -7.52462 5.57291
    endloop
  endfacet
  facet normal 0.150882 -0.40338 0.902507
    outer loop
      vertex -23.0522 -7.52462 5.57291
      vertex -23.0807 -7.43442 5.61799
      vertex -23.0631 -7.49366 5.58857
    endloop
  endfacet
  facet normal 0.097065 -0.266685 -0.958884
    outer loop
      vertex -22.9534 -7.8035 9.33185
      vertex -18.6372 -6.2165 9.32739
      vertex -18.6321 -6.23068 9.33185
    endloop
  endfacet
  facet normal 0.0971444 -0.266901 -0.958815
    outer loop
      vertex -18.6372 -6.2165 9.32739
      vertex -22.9534 -7.8035 9.33185
      vertex -22.9818 -7.72338 9.30667
    endloop
  endfacet
  facet normal 0.339091 -0.931648 -0.130575
    outer loop
      vertex -19.0454 -4.81526 7.60906
      vertex -23.3844 -6.40907 7.71287
      vertex -23.3883 -6.39594 7.60906
    endloop
  endfacet
  facet normal 0.339099 -0.931663 -0.130445
    outer loop
      vertex -23.3844 -6.40907 7.71287
      vertex -19.0454 -4.81526 7.60906
      vertex -19.0422 -4.82863 7.71287
    endloop
  endfacet
  facet normal -0.332394 0.913354 0.235157
    outer loop
      vertex -17.7085 -8.50119 6.88236
      vertex -22.0407 -10.0997 6.96745
      vertex -17.707 -8.50421 6.89621
    endloop
  endfacet
  facet normal -0.332566 0.91373 0.233445
    outer loop
      vertex -22.0407 -10.0997 6.96745
      vertex -17.7085 -8.50119 6.88236
      vertex -22.0496 -10.0812 6.88236
    endloop
  endfacet
  facet normal -0.332582 0.913757 0.233318
    outer loop
      vertex -17.707 -8.50421 6.89621
      vertex -22.039 -10.1034 6.98418
      vertex -17.6979 -8.52336 6.98418
    endloop
  endfacet
  facet normal -0.332337 0.913225 0.235738
    outer loop
      vertex -22.039 -10.1034 6.98418
      vertex -17.707 -8.50421 6.89621
      vertex -22.0407 -10.0997 6.96745
    endloop
  endfacet
  facet normal -0.271388 0.745637 -0.608584
    outer loop
      vertex -22.1817 -9.79534 8.57557
      vertex -17.8481 -8.2085 8.58727
      vertex -17.8442 -8.21663 8.57557
    endloop
  endfacet
  facet normal -0.271347 0.745526 -0.608738
    outer loop
      vertex -17.8481 -8.2085 8.58727
      vertex -22.1817 -9.79534 8.57557
      vertex -22.2022 -9.7458 8.64538
    endloop
  endfacet
  facet normal -0.300583 0.825845 -0.477107
    outer loop
      vertex -22.1144 -9.94535 8.30798
      vertex -17.7949 -8.32002 8.4
      vertex -17.7733 -8.36532 8.30798
    endloop
  endfacet
  facet normal -0.300583 0.825845 -0.477107
    outer loop
      vertex -17.7949 -8.32002 8.4
      vertex -22.1144 -9.94535 8.30798
      vertex -22.136 -9.90005 8.4
    endloop
  endfacet
  facet normal -0.0268453 0.0737575 -0.996915
    outer loop
      vertex -22.7457 -8.39013 9.39726
      vertex -18.3895 -6.91572 9.38904
      vertex -22.7108 -8.48853 9.38904
    endloop
  endfacet
  facet normal -0.0268453 0.0737575 -0.996915
    outer loop
      vertex -18.3895 -6.91572 9.38904
      vertex -22.7457 -8.39013 9.39726
      vertex -18.4244 -6.81732 9.39726
    endloop
  endfacet
  facet normal -0.340942 0.936748 -0.0791344
    outer loop
      vertex -22.0213 -10.1405 7.50467
      vertex -17.6807 -8.55949 7.51878
      vertex -17.6802 -8.5605 7.50467
    endloop
  endfacet
  facet normal -0.340976 0.936833 -0.0779674
    outer loop
      vertex -17.6807 -8.55949 7.51878
      vertex -22.0213 -10.1405 7.50467
      vertex -22.0242 -10.1343 7.59185
    endloop
  endfacet
  facet normal -0.147093 0.404134 -0.902795
    outer loop
      vertex -22.4536 -9.13871 9.18201
      vertex -18.1338 -7.55157 9.18866
      vertex -18.1284 -7.56446 9.18201
    endloop
  endfacet
  facet normal -0.147242 0.404537 -0.902591
    outer loop
      vertex -18.1338 -7.55157 9.18866
      vertex -22.4536 -9.13871 9.18201
      vertex -22.4842 -9.06484 9.22011
    endloop
  endfacet
  facet normal -0.114151 0.313623 -0.942661
    outer loop
      vertex -22.5589 -8.88459 9.29675
      vertex -18.2395 -7.29633 9.30211
      vertex -18.2073 -7.37403 9.27236
    endloop
  endfacet
  facet normal -0.114084 0.313443 -0.942729
    outer loop
      vertex -18.2395 -7.29633 9.30211
      vertex -22.5589 -8.88459 9.29675
      vertex -22.5647 -8.87058 9.30211
    endloop
  endfacet
  facet normal -0.00895129 0.0245937 -0.999657
    outer loop
      vertex -22.7806 -8.29146 9.4
      vertex -18.4244 -6.81732 9.39726
      vertex -22.7457 -8.39013 9.39726
    endloop
  endfacet
  facet normal -0.00895129 0.0245937 -0.999657
    outer loop
      vertex -18.4244 -6.81732 9.39726
      vertex -22.7806 -8.29146 9.4
      vertex -18.4593 -6.71865 9.4
    endloop
  endfacet
  facet normal 0.0269375 -0.074009 0.996894
    outer loop
      vertex -18.4995 -6.60517 5.40398
      vertex -22.8155 -8.19279 5.40274
      vertex -18.4943 -6.61998 5.40274
    endloop
  endfacet
  facet normal 0.0268274 -0.07371 0.996919
    outer loop
      vertex -22.8155 -8.19279 5.40274
      vertex -18.4995 -6.60517 5.40398
      vertex -22.8451 -8.10943 5.4097
    endloop
  endfacet
  facet normal 0.114085 -0.313449 0.942727
    outer loop
      vertex -22.992 -7.69458 5.50325
      vertex -18.6656 -6.13604 5.49789
      vertex -18.6883 -6.07218 5.52187
    endloop
  endfacet
  facet normal 0.114263 -0.313921 0.942548
    outer loop
      vertex -22.992 -7.69458 5.50325
      vertex -18.6883 -6.07218 5.52187
      vertex -18.6929 -6.05662 5.52761
    endloop
  endfacet
  facet normal 0.113988 -0.313181 0.942828
    outer loop
      vertex -18.6656 -6.13604 5.49789
      vertex -22.992 -7.69458 5.50325
      vertex -22.9869 -7.70886 5.49789
    endloop
  endfacet
  facet normal 0.248065 -0.681565 0.688428
    outer loop
      vertex -23.228 -6.93711 5.99787
      vertex -18.8955 -5.37244 5.98579
      vertex -18.9131 -5.31306 6.05092
    endloop
  endfacet
  facet normal 0.24788 -0.68105 0.689004
    outer loop
      vertex -18.8955 -5.37244 5.98579
      vertex -23.228 -6.93711 5.99787
      vertex -23.2247 -6.94813 5.98579
    endloop
  endfacet
  facet normal 0.332482 -0.913494 0.234487
    outer loop
      vertex -23.3778 -6.43125 6.96748
      vertex -19.0377 -4.84731 6.98418
      vertex -23.379 -6.4274 6.98418
    endloop
  endfacet
  facet normal 0.332561 -0.913701 0.233567
    outer loop
      vertex -19.0377 -4.84731 6.98418
      vertex -23.3778 -6.43125 6.96748
      vertex -19.0327 -4.86797 6.89624
    endloop
  endfacet
  facet normal 0.308754 -0.848303 0.430178
    outer loop
      vertex -23.3401 -6.55856 6.57114
      vertex -19.0073 -4.97376 6.58653
      vertex -23.3422 -6.55152 6.58653
    endloop
  endfacet
  facet normal 0.308713 -0.848193 0.430423
    outer loop
      vertex -19.0073 -4.97376 6.58653
      vertex -23.3401 -6.55856 6.57114
      vertex -18.9982 -5.01175 6.50514
    endloop
  endfacet
  facet normal 0.235444 -0.646882 -0.725334
    outer loop
      vertex -23.2247 -6.94813 8.81421
      vertex -18.8739 -5.4454 8.88629
      vertex -23.2031 -7.02109 8.88629
    endloop
  endfacet
  facet normal 0.235444 -0.646882 -0.725334
    outer loop
      vertex -18.8739 -5.4454 8.88629
      vertex -23.2247 -6.94813 8.81421
      vertex -18.8955 -5.37244 8.81421
    endloop
  endfacet
  facet normal 0.336305 -0.923986 -0.182069
    outer loop
      vertex -19.0422 -4.82863 7.71287
      vertex -23.3799 -6.42439 7.79893
      vertex -23.3844 -6.40907 7.71287
    endloop
  endfacet
  facet normal 0.336276 -0.923925 -0.182429
    outer loop
      vertex -23.3799 -6.42439 7.79893
      vertex -19.0422 -4.82863 7.71287
      vertex -19.0416 -4.83117 7.72684
    endloop
  endfacet
  facet normal 0.340969 -0.936806 -0.0783182
    outer loop
      vertex -19.0473 -4.80722 7.50467
      vertex -23.3883 -6.39594 7.60906
      vertex -23.3906 -6.38805 7.50467
    endloop
  endfacet
  facet normal 0.340967 -0.936804 -0.0783575
    outer loop
      vertex -23.3883 -6.39594 7.60906
      vertex -19.0473 -4.80722 7.50467
      vertex -19.0454 -4.81526 7.60906
    endloop
  endfacet
  facet normal 0.0446278 -0.122615 -0.99145
    outer loop
      vertex -22.885 -7.99653 9.37538
      vertex -18.5291 -6.52158 9.38904
      vertex -22.8504 -8.09439 9.38904
    endloop
  endfacet
  facet normal 0.0446105 -0.122564 -0.991458
    outer loop
      vertex -18.5291 -6.52158 9.38904
      vertex -22.885 -7.99653 9.37538
      vertex -18.5638 -6.42371 9.37538
    endloop
  endfacet
  facet normal -0.339085 0.931616 0.130817
    outer loop
      vertex -17.6889 -8.54234 7.10119
      vertex -22.0248 -10.1331 7.19094
      vertex -17.6837 -8.55305 7.19094
    endloop
  endfacet
  facet normal -0.338869 0.931217 0.134177
    outer loop
      vertex -22.0248 -10.1331 7.19094
      vertex -17.6889 -8.54234 7.10119
      vertex -22.0258 -10.131 7.17384
    endloop
  endfacet
  facet normal -0.0268453 0.0737575 0.996915
    outer loop
      vertex -22.7457 -8.39013 5.40274
      vertex -18.3895 -6.91572 5.41096
      vertex -18.4244 -6.81732 5.40274
    endloop
  endfacet
  facet normal -0.0268453 0.0737575 0.996915
    outer loop
      vertex -18.3895 -6.91572 5.41096
      vertex -22.7457 -8.39013 5.40274
      vertex -22.7108 -8.48853 5.41096
    endloop
  endfacet
  facet normal -0.260105 0.714631 -0.649344
    outer loop
      vertex -22.2061 -9.73639 8.65864
      vertex -17.897 -8.10596 8.72692
      vertex -17.8718 -8.15883 8.65864
    endloop
  endfacet
  facet normal -0.260285 0.715082 -0.648775
    outer loop
      vertex -17.897 -8.10596 8.72692
      vertex -22.2061 -9.73639 8.65864
      vertex -22.2102 -9.72636 8.67134
    endloop
  endfacet
  facet normal 0.281841 -0.774351 -0.566521
    outer loop
      vertex -18.9704 -5.11967 8.48928
      vertex -23.2854 -6.74317 8.56168
      vertex -23.2996 -6.69537 8.48928
    endloop
  endfacet
  facet normal 0.281739 -0.774098 -0.566917
    outer loop
      vertex -23.2854 -6.74317 8.56168
      vertex -18.9704 -5.11967 8.48928
      vertex -18.968 -5.12768 8.50141
    endloop
  endfacet
  facet normal 0.178893 -0.491507 -0.852301
    outer loop
      vertex -23.1108 -7.33271 9.12355
      vertex -18.7777 -5.77034 9.13205
      vertex -23.1069 -7.34603 9.13205
    endloop
  endfacet
  facet normal 0.178698 -0.490965 -0.852655
    outer loop
      vertex -18.7777 -5.77034 9.13205
      vertex -23.1108 -7.33271 9.12355
      vertex -18.7994 -5.6971 9.08533
    endloop
  endfacet
  facet normal -0.193705 0.532198 -0.824162
    outer loop
      vertex -22.3511 -9.38616 9.01803
      vertex -18.059 -7.73211 9.07734
      vertex -18.0259 -7.81191 9.01803
    endloop
  endfacet
  facet normal -0.19372 0.532237 -0.824133
    outer loop
      vertex -18.059 -7.73211 9.07734
      vertex -22.3511 -9.38616 9.01803
      vertex -22.3842 -9.30637 9.07734
    endloop
  endfacet
  facet normal -0.22212 0.610266 -0.76042
    outer loop
      vertex -22.2888 -9.53661 8.88629
      vertex -17.9941 -7.88873 8.95429
      vertex -17.9636 -7.96236 8.88629
    endloop
  endfacet
  facet normal -0.222136 0.610307 -0.760382
    outer loop
      vertex -17.9941 -7.88873 8.95429
      vertex -22.2888 -9.53661 8.88629
      vertex -22.3193 -9.46299 8.95429
    endloop
  endfacet
  facet normal -0.097154 0.266927 -0.958807
    outer loop
      vertex -22.5647 -8.87058 9.30211
      vertex -18.2779 -7.20348 9.33185
      vertex -18.2395 -7.29633 9.30211
    endloop
  endfacet
  facet normal -0.0971305 0.266867 -0.958826
    outer loop
      vertex -18.2779 -7.20348 9.33185
      vertex -22.5647 -8.87058 9.30211
      vertex -22.6032 -8.77774 9.33185
    endloop
  endfacet
  facet normal 0.0798585 -0.21941 0.972359
    outer loop
      vertex -22.9534 -7.8035 5.46815
      vertex -18.5981 -6.32666 5.4437
      vertex -18.6321 -6.23068 5.46815
    endloop
  endfacet
  facet normal 0.079865 -0.219429 0.972354
    outer loop
      vertex -18.5981 -6.32666 5.4437
      vertex -22.9534 -7.8035 5.46815
      vertex -22.9194 -7.89947 5.4437
    endloop
  endfacet
  facet normal 0.097065 -0.266685 0.958884
    outer loop
      vertex -18.6372 -6.2165 5.47261
      vertex -22.9534 -7.8035 5.46815
      vertex -18.6321 -6.23068 5.46815
    endloop
  endfacet
  facet normal 0.0971086 -0.266803 0.958846
    outer loop
      vertex -22.9534 -7.8035 5.46815
      vertex -18.6372 -6.2165 5.47261
      vertex -22.9818 -7.72338 5.49332
    endloop
  endfacet
  facet normal 0.178698 -0.490965 0.852655
    outer loop
      vertex -23.1108 -7.33271 5.67645
      vertex -18.7777 -5.77034 5.66795
      vertex -18.7994 -5.6971 5.71467
    endloop
  endfacet
  facet normal 0.178893 -0.491507 0.852301
    outer loop
      vertex -18.7777 -5.77034 5.66795
      vertex -23.1108 -7.33271 5.67645
      vertex -23.1069 -7.34603 5.66795
    endloop
  endfacet
  facet normal 0.0971605 -0.266954 0.958799
    outer loop
      vertex -18.6656 -6.13604 5.49789
      vertex -22.9818 -7.72338 5.49332
      vertex -18.6372 -6.2165 5.47261
    endloop
  endfacet
  facet normal 0.0973674 -0.267516 0.958621
    outer loop
      vertex -22.9818 -7.72338 5.49332
      vertex -18.6656 -6.13604 5.49789
      vertex -22.9869 -7.70886 5.49789
    endloop
  endfacet
  facet normal 0.339091 -0.931648 0.130575
    outer loop
      vertex -23.3844 -6.40907 7.08713
      vertex -19.0454 -4.81526 7.19094
      vertex -23.3883 -6.39594 7.19094
    endloop
  endfacet
  facet normal 0.339099 -0.931663 0.130445
    outer loop
      vertex -19.0454 -4.81526 7.19094
      vertex -23.3844 -6.40907 7.08713
      vertex -19.0422 -4.82863 7.08713
    endloop
  endfacet
  facet normal 0.336265 -0.923902 0.182569
    outer loop
      vertex -23.379 -6.4274 6.98418
      vertex -19.0416 -4.83117 7.07316
      vertex -23.3799 -6.42439 7.00107
    endloop
  endfacet
  facet normal 0.336284 -0.923941 0.182332
    outer loop
      vertex -19.0416 -4.83117 7.07316
      vertex -23.379 -6.4274 6.98418
      vertex -19.0377 -4.84731 6.98418
    endloop
  endfacet
  facet normal 0.315768 -0.86764 0.384047
    outer loop
      vertex -23.3422 -6.55152 6.58653
      vertex -19.0155 -4.93994 6.66995
      vertex -23.3441 -6.54524 6.60228
    endloop
  endfacet
  facet normal 0.315941 -0.868049 0.382979
    outer loop
      vertex -19.0155 -4.93994 6.66995
      vertex -23.3422 -6.55152 6.58653
      vertex -19.0073 -4.97376 6.58653
    endloop
  endfacet
  facet normal 0.322433 -0.885858 0.333607
    outer loop
      vertex -23.3536 -6.51302 6.68326
      vertex -19.025 -4.90033 6.78197
      vertex -23.3635 -6.47945 6.78197
    endloop
  endfacet
  facet normal 0.322409 -0.885803 0.333776
    outer loop
      vertex -19.025 -4.90033 6.78197
      vertex -23.3536 -6.51302 6.68326
      vertex -19.0168 -4.93454 6.68326
    endloop
  endfacet
  facet normal 0.300583 -0.825858 0.477083
    outer loop
      vertex -23.3152 -6.64281 6.4
      vertex -18.9967 -5.01787 6.49202
      vertex -23.3294 -6.59482 6.49202
    endloop
  endfacet
  facet normal 0.300583 -0.825858 0.477084
    outer loop
      vertex -18.9967 -5.01787 6.49202
      vertex -23.3152 -6.64281 6.4
      vertex -18.985 -5.06677 6.4
    endloop
  endfacet
  facet normal 0.291594 -0.801161 0.522602
    outer loop
      vertex -23.2996 -6.69537 6.31072
      vertex -18.985 -5.06677 6.4
      vertex -23.3152 -6.64281 6.4
    endloop
  endfacet
  facet normal 0.291581 -0.801129 0.522659
    outer loop
      vertex -18.985 -5.06677 6.4
      vertex -23.2996 -6.69537 6.31072
      vertex -18.9804 -5.08579 6.36828
    endloop
  endfacet
  facet normal 0.291656 -0.801318 0.522328
    outer loop
      vertex -18.9804 -5.08579 6.36828
      vertex -23.2996 -6.69537 6.31072
      vertex -18.9704 -5.11967 6.31072
    endloop
  endfacet
  facet normal 0.222405 -0.61111 0.759658
    outer loop
      vertex -23.1995 -7.03319 5.90295
      vertex -18.8513 -5.52188 5.84571
      vertex -18.8545 -5.51085 5.85552
    endloop
  endfacet
  facet normal 0.222107 -0.610225 0.760456
    outer loop
      vertex -18.8513 -5.52188 5.84571
      vertex -23.1995 -7.03319 5.90295
      vertex -23.1804 -7.09757 5.84571
    endloop
  endfacet
  facet normal 0.193659 -0.532065 0.824259
    outer loop
      vertex -23.153 -7.19036 5.77267
      vertex -18.8031 -5.68457 5.72266
      vertex -18.8067 -5.67248 5.73131
    endloop
  endfacet
  facet normal 0.193707 -0.532204 0.824158
    outer loop
      vertex -18.8031 -5.68457 5.72266
      vertex -23.153 -7.19036 5.77267
      vertex -23.1323 -7.26027 5.72266
    endloop
  endfacet
  facet normal 0.222111 -0.610249 0.760436
    outer loop
      vertex -23.2031 -7.02109 5.91371
      vertex -18.8545 -5.51085 5.85552
      vertex -18.8739 -5.4454 5.91371
    endloop
  endfacet
  facet normal 0.222092 -0.610192 0.760488
    outer loop
      vertex -18.8545 -5.51085 5.85552
      vertex -23.2031 -7.02109 5.91371
      vertex -23.1995 -7.03319 5.90295
    endloop
  endfacet
  facet normal 0.208171 -0.571936 0.793444
    outer loop
      vertex -23.1804 -7.09757 5.84571
      vertex -18.8276 -5.60168 5.78197
      vertex -18.8513 -5.52188 5.84571
    endloop
  endfacet
  facet normal 0.208221 -0.572086 0.793324
    outer loop
      vertex -18.8276 -5.60168 5.78197
      vertex -23.1804 -7.09757 5.84571
      vertex -23.1568 -7.17737 5.78197
    endloop
  endfacet
  facet normal 0.113988 -0.313181 -0.942828
    outer loop
      vertex -22.992 -7.69458 9.29675
      vertex -18.6656 -6.13604 9.30211
      vertex -22.9869 -7.70886 9.30211
    endloop
  endfacet
  facet normal 0.114127 -0.313566 -0.942683
    outer loop
      vertex -18.6656 -6.13604 9.30211
      vertex -22.992 -7.69458 9.29675
      vertex -18.6883 -6.07218 9.27812
    endloop
  endfacet
  facet normal 0.114078 -0.313438 -0.942732
    outer loop
      vertex -18.6883 -6.07218 9.27812
      vertex -22.992 -7.69458 9.29675
      vertex -18.6929 -6.05662 9.27239
    endloop
  endfacet
  facet normal 0.222092 -0.610192 -0.760488
    outer loop
      vertex -23.2031 -7.02109 8.88629
      vertex -18.8545 -5.51085 8.94448
      vertex -23.1995 -7.03319 8.89705
    endloop
  endfacet
  facet normal 0.222111 -0.610249 -0.760436
    outer loop
      vertex -18.8545 -5.51085 8.94448
      vertex -23.2031 -7.02109 8.88629
      vertex -18.8739 -5.4454 8.88629
    endloop
  endfacet
  facet normal 0.208221 -0.572086 -0.793324
    outer loop
      vertex -23.1804 -7.09757 8.95429
      vertex -18.8276 -5.60168 9.01803
      vertex -23.1568 -7.17737 9.01803
    endloop
  endfacet
  facet normal 0.208171 -0.571936 -0.793444
    outer loop
      vertex -18.8276 -5.60168 9.01803
      vertex -23.1804 -7.09757 8.95429
      vertex -18.8513 -5.52188 8.95429
    endloop
  endfacet
  facet normal 0.0269375 -0.074009 -0.996894
    outer loop
      vertex -22.8155 -8.19279 9.39726
      vertex -18.4995 -6.60517 9.39602
      vertex -18.4943 -6.61998 9.39726
    endloop
  endfacet
  facet normal 0.0268274 -0.07371 -0.996919
    outer loop
      vertex -18.4995 -6.60517 9.39602
      vertex -22.8155 -8.19279 9.39726
      vertex -22.8451 -8.10943 9.3903
    endloop
  endfacet
  facet normal 0.0623459 -0.171291 -0.983246
    outer loop
      vertex -22.9194 -7.89947 9.35629
      vertex -18.5638 -6.42371 9.37538
      vertex -22.885 -7.99653 9.37538
    endloop
  endfacet
  facet normal 0.0623698 -0.171361 -0.983232
    outer loop
      vertex -18.5638 -6.42371 9.37538
      vertex -22.9194 -7.89947 9.35629
      vertex -18.5981 -6.32666 9.35629
    endloop
  endfacet
  facet normal 0.0971625 -0.266953 -0.958799
    outer loop
      vertex -22.9818 -7.72338 9.30667
      vertex -18.6656 -6.13604 9.30211
      vertex -18.6372 -6.2165 9.32739
    endloop
  endfacet
  facet normal 0.0971716 -0.266977 -0.958791
    outer loop
      vertex -18.6656 -6.13604 9.30211
      vertex -22.9818 -7.72338 9.30667
      vertex -22.9869 -7.70886 9.30211
    endloop
  endfacet
  facet normal 0.130885 -0.359604 -0.92388
    outer loop
      vertex -23.0522 -7.52462 9.22709
      vertex -18.6971 -6.04244 9.26716
      vertex -23.0199 -7.61581 9.26716
    endloop
  endfacet
  facet normal 0.130902 -0.359655 -0.923858
    outer loop
      vertex -18.6971 -6.04244 9.26716
      vertex -23.0522 -7.52462 9.22709
      vertex -18.7246 -5.94952 9.22709
    endloop
  endfacet
  facet normal -0.315969 0.868146 0.382735
    outer loop
      vertex -17.7538 -8.4062 6.58653
      vertex -22.0804 -10.0166 6.6675
      vertex -17.7514 -8.41119 6.59983
    endloop
  endfacet
  facet normal -0.316042 0.868319 0.382283
    outer loop
      vertex -22.0804 -10.0166 6.6675
      vertex -17.7538 -8.4062 6.58653
      vertex -22.0949 -9.98623 6.58653
    endloop
  endfacet
  facet normal -0.336286 0.923933 0.182372
    outer loop
      vertex -17.6979 -8.52336 6.98418
      vertex -22.0307 -10.1207 7.08713
      vertex -17.6896 -8.54066 7.08713
    endloop
  endfacet
  facet normal -0.336286 0.923933 0.182372
    outer loop
      vertex -22.0307 -10.1207 7.08713
      vertex -17.6979 -8.52336 6.98418
      vertex -22.039 -10.1034 6.98418
    endloop
  endfacet
  facet normal -0.097154 0.266927 0.958807
    outer loop
      vertex -18.2779 -7.20348 5.46815
      vertex -22.5647 -8.87058 5.49789
      vertex -18.2395 -7.29633 5.49789
    endloop
  endfacet
  facet normal -0.0971305 0.266867 0.958826
    outer loop
      vertex -22.5647 -8.87058 5.49789
      vertex -18.2779 -7.20348 5.46815
      vertex -22.6032 -8.77774 5.46815
    endloop
  endfacet
  facet normal -0.0446313 0.122622 0.991449
    outer loop
      vertex -22.6814 -8.5715 5.42254
      vertex -18.3549 -7.01358 5.42462
      vertex -18.3843 -6.93049 5.41302
    endloop
  endfacet
  facet normal -0.044696 0.122802 0.991424
    outer loop
      vertex -18.3549 -7.01358 5.42462
      vertex -22.6814 -8.5715 5.42254
      vertex -22.6762 -8.5864 5.42462
    endloop
  endfacet
  facet normal -0.0798649 0.21943 0.972354
    outer loop
      vertex -18.3169 -7.10933 5.4437
      vertex -22.6032 -8.77774 5.46815
      vertex -18.2779 -7.20348 5.46815
    endloop
  endfacet
  facet normal -0.079869 0.21944 0.972351
    outer loop
      vertex -22.6418 -8.68345 5.4437
      vertex -22.6032 -8.77774 5.46815
      vertex -18.3169 -7.10933 5.4437
    endloop
  endfacet
  facet normal -0.0753013 0.221296 0.972295
    outer loop
      vertex -22.6032 -8.77774 5.46815
      vertex -22.6418 -8.68345 5.4437
      vertex -22.6393 -8.69042 5.44548
    endloop
  endfacet
  facet normal -0.235432 0.646834 0.725381
    outer loop
      vertex -17.9512 -7.99237 5.94451
      vertex -22.2597 -9.60685 5.98579
      vertex -17.9324 -8.03182 5.98579
    endloop
  endfacet
  facet normal -0.235495 0.646999 0.725213
    outer loop
      vertex -17.9636 -7.96236 5.91371
      vertex -22.2597 -9.60685 5.98579
      vertex -17.9512 -7.99237 5.94451
    endloop
  endfacet
  facet normal -0.235431 0.64684 0.725376
    outer loop
      vertex -22.2597 -9.60685 5.98579
      vertex -17.9636 -7.96236 5.91371
      vertex -22.2888 -9.53661 5.91371
    endloop
  endfacet
  facet normal -0.271313 0.745426 0.608875
    outer loop
      vertex -17.8718 -8.15883 6.14136
      vertex -22.2022 -9.7458 6.15462
      vertex -17.8481 -8.2085 6.21273
    endloop
  endfacet
  facet normal -0.271327 0.745464 0.608823
    outer loop
      vertex -22.2022 -9.7458 6.15462
      vertex -17.8718 -8.15883 6.14136
      vertex -22.2061 -9.73639 6.14136
    endloop
  endfacet
  facet normal -0.308696 0.848135 0.430551
    outer loop
      vertex -17.7733 -8.36532 6.49202
      vertex -22.0949 -9.98623 6.58653
      vertex -17.7538 -8.4062 6.58653
    endloop
  endfacet
  facet normal -0.308696 0.848135 0.430551
    outer loop
      vertex -22.0949 -9.98623 6.58653
      vertex -17.7733 -8.36532 6.49202
      vertex -22.1144 -9.94535 6.49202
    endloop
  endfacet
  facet normal -0.328057 0.90134 -0.282781
    outer loop
      vertex -22.0496 -10.0812 7.91764
      vertex -17.7102 -8.49752 7.93131
      vertex -17.7085 -8.50119 7.91764
    endloop
  endfacet
  facet normal -0.328005 0.901203 -0.283276
    outer loop
      vertex -17.7102 -8.49752 7.93131
      vertex -22.0496 -10.0812 7.91764
      vertex -22.0603 -10.0587 8.00161
    endloop
  endfacet
  facet normal -0.271327 0.745464 -0.608823
    outer loop
      vertex -17.8718 -8.15883 8.65864
      vertex -22.2022 -9.7458 8.64538
      vertex -22.2061 -9.73639 8.65864
    endloop
  endfacet
  facet normal -0.271313 0.745426 -0.608875
    outer loop
      vertex -22.2022 -9.7458 8.64538
      vertex -17.8718 -8.15883 8.65864
      vertex -17.8481 -8.2085 8.58727
    endloop
  endfacet
  facet normal -0.147273 0.404628 -0.902545
    outer loop
      vertex -22.4842 -9.06484 9.22011
      vertex -18.1646 -7.47706 9.22709
      vertex -18.1338 -7.55157 9.18866
    endloop
  endfacet
  facet normal -0.147281 0.40465 -0.902534
    outer loop
      vertex -18.1646 -7.47706 9.22709
      vertex -22.4842 -9.06484 9.22011
      vertex -22.4898 -9.05131 9.22709
    endloop
  endfacet
  facet normal 0.281929 -0.774577 -0.566168
    outer loop
      vertex -18.968 -5.12768 8.50141
      vertex -23.2827 -6.75234 8.57557
      vertex -23.2854 -6.74317 8.56168
    endloop
  endfacet
  facet normal 0.281853 -0.77439 -0.566461
    outer loop
      vertex -23.2827 -6.75234 8.57557
      vertex -18.968 -5.12768 8.50141
      vertex -18.9535 -5.17665 8.57557
    endloop
  endfacet
  facet normal 0.291656 -0.801318 -0.522328
    outer loop
      vertex -23.2996 -6.69537 8.48928
      vertex -18.9804 -5.08579 8.43172
      vertex -18.9704 -5.11967 8.48928
    endloop
  endfacet
  facet normal 0.291594 -0.801161 -0.522602
    outer loop
      vertex -18.985 -5.06677 8.4
      vertex -23.2996 -6.69537 8.48928
      vertex -23.3152 -6.64281 8.4
    endloop
  endfacet
  facet normal 0.291581 -0.801129 -0.522659
    outer loop
      vertex -23.2996 -6.69537 8.48928
      vertex -18.985 -5.06677 8.4
      vertex -18.9804 -5.08579 8.43172
    endloop
  endfacet
  facet normal 0.271363 -0.745569 -0.608678
    outer loop
      vertex -18.9535 -5.17665 8.57557
      vertex -23.2646 -6.81357 8.65864
      vertex -23.2827 -6.75234 8.57557
    endloop
  endfacet
  facet normal 0.271363 -0.745569 -0.608678
    outer loop
      vertex -23.2646 -6.81357 8.65864
      vertex -18.9535 -5.17665 8.57557
      vertex -18.9354 -5.23788 8.65864
    endloop
  endfacet
  facet normal 0.260159 -0.714787 -0.649151
    outer loop
      vertex -18.9354 -5.23788 8.65864
      vertex -23.2615 -6.82403 8.6714
      vertex -23.2646 -6.81357 8.65864
    endloop
  endfacet
  facet normal 0.260081 -0.714576 -0.649415
    outer loop
      vertex -23.2615 -6.82403 8.6714
      vertex -18.9354 -5.23788 8.65864
      vertex -18.9188 -5.29391 8.72694
    endloop
  endfacet
  facet normal 0.193707 -0.532204 -0.824158
    outer loop
      vertex -23.153 -7.19036 9.02733
      vertex -18.8031 -5.68457 9.07734
      vertex -23.1323 -7.26027 9.07734
    endloop
  endfacet
  facet normal 0.193659 -0.532065 -0.824259
    outer loop
      vertex -18.8031 -5.68457 9.07734
      vertex -23.153 -7.19036 9.02733
      vertex -18.8067 -5.67248 9.06869
    endloop
  endfacet
  facet normal 0.222107 -0.610225 -0.760456
    outer loop
      vertex -23.1995 -7.03319 8.89705
      vertex -18.8513 -5.52188 8.95429
      vertex -23.1804 -7.09757 8.95429
    endloop
  endfacet
  facet normal 0.222405 -0.61111 -0.759658
    outer loop
      vertex -18.8513 -5.52188 8.95429
      vertex -23.1995 -7.03319 8.89705
      vertex -18.8545 -5.51085 8.94448
    endloop
  endfacet
  facet normal -0.308696 0.848135 -0.430551
    outer loop
      vertex -22.0949 -9.98623 8.21347
      vertex -17.7733 -8.36532 8.30798
      vertex -17.7538 -8.4062 8.21347
    endloop
  endfacet
  facet normal -0.308696 0.848135 -0.430551
    outer loop
      vertex -17.7733 -8.36532 8.30798
      vertex -22.0949 -9.98623 8.21347
      vertex -22.1144 -9.94535 8.30798
    endloop
  endfacet
  facet normal -0.0446109 0.122569 -0.991457
    outer loop
      vertex -22.7108 -8.48853 9.38904
      vertex -18.3843 -6.93049 9.38698
      vertex -22.6814 -8.5715 9.37746
    endloop
  endfacet
  facet normal -0.0446128 0.122574 -0.991456
    outer loop
      vertex -18.3843 -6.93049 9.38698
      vertex -22.7108 -8.48853 9.38904
      vertex -18.3895 -6.91572 9.38904
    endloop
  endfacet
  facet normal -0.079834 0.219345 -0.972376
    outer loop
      vertex -22.6032 -8.77774 9.33185
      vertex -18.3169 -7.10933 9.35629
      vertex -18.2779 -7.20348 9.33185
    endloop
  endfacet
  facet normal -0.100787 0.210768 -0.972327
    outer loop
      vertex -22.6418 -8.68345 9.35629
      vertex -22.6032 -8.77774 9.33185
      vertex -22.6393 -8.69042 9.35452
    endloop
  endfacet
  facet normal -0.0798382 0.219356 -0.972373
    outer loop
      vertex -22.6032 -8.77774 9.33185
      vertex -22.6418 -8.68345 9.35629
      vertex -18.3169 -7.10933 9.35629
    endloop
  endfacet
  facet normal 0.0446105 -0.122564 0.991458
    outer loop
      vertex -22.885 -7.99653 5.42462
      vertex -18.5291 -6.52158 5.41096
      vertex -18.5638 -6.42371 5.42462
    endloop
  endfacet
  facet normal 0.0446278 -0.122615 0.99145
    outer loop
      vertex -18.5291 -6.52158 5.41096
      vertex -22.885 -7.99653 5.42462
      vertex -22.8504 -8.09439 5.41096
    endloop
  endfacet
  facet normal 0.114222 -0.313822 0.942586
    outer loop
      vertex -23.0199 -7.61581 5.53284
      vertex -18.6929 -6.05662 5.52761
      vertex -18.6971 -6.04244 5.53284
    endloop
  endfacet
  facet normal 0.114166 -0.313668 0.942644
    outer loop
      vertex -18.6929 -6.05662 5.52761
      vertex -23.0199 -7.61581 5.53284
      vertex -22.992 -7.69458 5.50325
    endloop
  endfacet
  facet normal 0.130902 -0.359655 0.923858
    outer loop
      vertex -23.0522 -7.52462 5.57291
      vertex -18.6971 -6.04244 5.53284
      vertex -18.7246 -5.94952 5.57291
    endloop
  endfacet
  facet normal 0.130885 -0.359604 0.92388
    outer loop
      vertex -18.6971 -6.04244 5.53284
      vertex -23.0522 -7.52462 5.57291
      vertex -23.0199 -7.61581 5.53284
    endloop
  endfacet
  facet normal 0.163078 -0.448033 0.879017
    outer loop
      vertex -23.1028 -7.35973 5.6602
      vertex -18.7515 -5.85873 5.61799
      vertex -18.7554 -5.84569 5.62536
    endloop
  endfacet
  facet normal 0.163192 -0.448369 0.878825
    outer loop
      vertex -18.7515 -5.85873 5.61799
      vertex -23.1028 -7.35973 5.6602
      vertex -23.0807 -7.43442 5.61799
    endloop
  endfacet
  facet normal 0.341925 -0.939382 0.0254577
    outer loop
      vertex -23.3906 -6.38805 7.29533
      vertex -19.0479 -4.8049 7.38584
      vertex -23.3907 -6.38762 7.31254
    endloop
  endfacet
  facet normal 0.341901 -0.939367 0.0263448
    outer loop
      vertex -19.0479 -4.8049 7.38584
      vertex -23.3906 -6.38805 7.29533
      vertex -19.0473 -4.80722 7.29533
    endloop
  endfacet
  facet normal 0.327924 -0.900952 0.284167
    outer loop
      vertex -23.3635 -6.47945 6.78197
      vertex -19.032 -4.87123 6.88236
      vertex -23.372 -6.45088 6.88236
    endloop
  endfacet
  facet normal 0.32794 -0.900988 0.284036
    outer loop
      vertex -19.032 -4.87123 6.88236
      vertex -23.3635 -6.47945 6.78197
      vertex -19.025 -4.90033 6.78197
    endloop
  endfacet
  facet normal 0.332573 -0.913743 0.233385
    outer loop
      vertex -23.372 -6.45088 6.88236
      vertex -19.0327 -4.86797 6.89624
      vertex -23.3778 -6.43125 6.96748
    endloop
  endfacet
  facet normal 0.332733 -0.914166 0.231491
    outer loop
      vertex -19.0327 -4.86797 6.89624
      vertex -23.372 -6.45088 6.88236
      vertex -19.032 -4.87123 6.88236
    endloop
  endfacet
  facet normal 0.316011 -0.868226 0.382519
    outer loop
      vertex -23.3441 -6.54524 6.60228
      vertex -19.0168 -4.93454 6.68326
      vertex -23.3536 -6.51302 6.68326
    endloop
  endfacet
  facet normal 0.315929 -0.868032 0.383026
    outer loop
      vertex -19.0168 -4.93454 6.68326
      vertex -23.3441 -6.54524 6.60228
      vertex -19.0155 -4.93994 6.66995
    endloop
  endfacet
  facet normal 0.281841 -0.774351 0.566521
    outer loop
      vertex -23.2854 -6.74317 6.23832
      vertex -18.9704 -5.11967 6.31072
      vertex -23.2996 -6.69537 6.31072
    endloop
  endfacet
  facet normal 0.281739 -0.774098 0.566917
    outer loop
      vertex -18.9704 -5.11967 6.31072
      vertex -23.2854 -6.74317 6.23832
      vertex -18.968 -5.12768 6.29859
    endloop
  endfacet
  facet normal 0.281929 -0.774577 0.566168
    outer loop
      vertex -23.2827 -6.75234 6.22443
      vertex -18.968 -5.12768 6.29859
      vertex -23.2854 -6.74317 6.23832
    endloop
  endfacet
  facet normal 0.281853 -0.77439 0.566461
    outer loop
      vertex -18.968 -5.12768 6.29859
      vertex -23.2827 -6.75234 6.22443
      vertex -18.9535 -5.17665 6.22443
    endloop
  endfacet
  facet normal 0.308708 -0.848176 0.430461
    outer loop
      vertex -23.3294 -6.59482 6.49202
      vertex -18.9982 -5.01175 6.50514
      vertex -23.3401 -6.55856 6.57114
    endloop
  endfacet
  facet normal 0.308643 -0.848003 0.430849
    outer loop
      vertex -18.9982 -5.01175 6.50514
      vertex -23.3294 -6.59482 6.49202
      vertex -18.9967 -5.01787 6.49202
    endloop
  endfacet
  facet normal 0.178676 -0.490908 -0.852692
    outer loop
      vertex -23.1323 -7.26027 9.07734
      vertex -18.7994 -5.6971 9.08533
      vertex -23.1108 -7.33271 9.12355
    endloop
  endfacet
  facet normal 0.178692 -0.490952 -0.852664
    outer loop
      vertex -18.7994 -5.6971 9.08533
      vertex -23.1323 -7.26027 9.07734
      vertex -18.8031 -5.68457 9.07734
    endloop
  endfacet
  facet normal 0.163178 -0.448325 -0.87885
    outer loop
      vertex -23.1069 -7.34603 9.13205
      vertex -18.7554 -5.84569 9.17464
      vertex -23.1028 -7.35973 9.1398
    endloop
  endfacet
  facet normal 0.16321 -0.448419 -0.878796
    outer loop
      vertex -18.7554 -5.84569 9.17464
      vertex -23.1069 -7.34603 9.13205
      vertex -18.7777 -5.77034 9.13205
    endloop
  endfacet
  facet normal 0.315802 -0.867719 -0.383839
    outer loop
      vertex -19.0155 -4.93994 8.13005
      vertex -23.3422 -6.55152 8.21347
      vertex -23.3441 -6.54524 8.19771
    endloop
  endfacet
  facet normal 0.315941 -0.868049 -0.382979
    outer loop
      vertex -23.3422 -6.55152 8.21347
      vertex -19.0155 -4.93994 8.13005
      vertex -19.0073 -4.97376 8.21347
    endloop
  endfacet
  facet normal 0.341909 -0.939388 -0.0254577
    outer loop
      vertex -23.3907 -6.38762 7.48746
      vertex -19.0473 -4.80722 7.50467
      vertex -23.3906 -6.38805 7.50467
    endloop
  endfacet
  facet normal 0.341904 -0.939366 -0.0263419
    outer loop
      vertex -19.0473 -4.80722 7.50467
      vertex -23.3907 -6.38762 7.48746
      vertex -19.0479 -4.8049 7.41415
    endloop
  endfacet
  facet normal 0.341904 -0.939365 -0.0263656
    outer loop
      vertex -23.3914 -6.38542 7.4
      vertex -19.0479 -4.8049 7.41415
      vertex -23.3907 -6.38762 7.48746
    endloop
  endfacet
  facet normal 0.341904 -0.939366 -0.0263154
    outer loop
      vertex -19.0479 -4.8049 7.41415
      vertex -23.3914 -6.38542 7.4
      vertex -19.048 -4.80454 7.4
    endloop
  endfacet
  facet normal 0.0798342 -0.219345 -0.972376
    outer loop
      vertex -22.9534 -7.8035 9.33185
      vertex -18.5981 -6.32666 9.35629
      vertex -22.9194 -7.89947 9.35629
    endloop
  endfacet
  facet normal 0.0798276 -0.219325 -0.972381
    outer loop
      vertex -18.5981 -6.32666 9.35629
      vertex -22.9534 -7.8035 9.33185
      vertex -18.6321 -6.23068 9.33185
    endloop
  endfacet
  facet normal -0.322334 0.885583 0.334431
    outer loop
      vertex -17.7234 -8.4699 6.76848
      vertex -22.0624 -10.0543 6.78197
      vertex -17.7213 -8.47423 6.78197
    endloop
  endfacet
  facet normal -0.322303 0.885501 0.334676
    outer loop
      vertex -22.0624 -10.0543 6.78197
      vertex -17.7234 -8.4699 6.76848
      vertex -22.0751 -10.0277 6.69936
    endloop
  endfacet
  facet normal -0.339226 0.931922 0.128242
    outer loop
      vertex -17.6896 -8.54066 7.08713
      vertex -22.0258 -10.131 7.17384
      vertex -17.6889 -8.54234 7.10119
    endloop
  endfacet
  facet normal -0.339127 0.931737 0.129842
    outer loop
      vertex -22.0258 -10.131 7.17384
      vertex -17.6896 -8.54066 7.08713
      vertex -22.0307 -10.1207 7.08713
    endloop
  endfacet
  facet normal -0.130844 0.359498 0.923927
    outer loop
      vertex -18.2017 -7.3876 5.53284
      vertex -22.4956 -9.03749 5.56672
      vertex -18.1962 -7.40089 5.53879
    endloop
  endfacet
  facet normal -0.130899 0.359642 0.923863
    outer loop
      vertex -22.4956 -9.03749 5.56672
      vertex -18.2017 -7.3876 5.53284
      vertex -22.5269 -8.96185 5.53284
    endloop
  endfacet
  facet normal -0.147275 0.404627 0.902545
    outer loop
      vertex -18.1646 -7.47706 5.57291
      vertex -22.4842 -9.06484 5.57988
      vertex -18.1338 -7.55157 5.61134
    endloop
  endfacet
  facet normal -0.147109 0.404177 0.902773
    outer loop
      vertex -22.4842 -9.06484 5.57988
      vertex -18.1646 -7.47706 5.57291
      vertex -22.4898 -9.05131 5.57291
    endloop
  endfacet
  facet normal -0.147093 0.404134 0.902795
    outer loop
      vertex -18.1338 -7.55157 5.61134
      vertex -22.4536 -9.13871 5.61799
      vertex -18.1284 -7.56446 5.61799
    endloop
  endfacet
  facet normal -0.147273 0.404623 0.902547
    outer loop
      vertex -22.4536 -9.13871 5.61799
      vertex -18.1338 -7.55157 5.61134
      vertex -22.4842 -9.06484 5.57988
    endloop
  endfacet
  facet normal -0.163252 0.448529 0.878733
    outer loop
      vertex -18.1232 -7.57699 5.62534
      vertex -22.4184 -9.2238 5.66795
      vertex -18.0932 -7.64955 5.66795
    endloop
  endfacet
  facet normal -0.163338 0.448751 0.878603
    outer loop
      vertex -22.4184 -9.2238 5.66795
      vertex -18.1232 -7.57699 5.62534
      vertex -22.4239 -9.21055 5.66016
    endloop
  endfacet
  facet normal -0.0446128 0.122574 0.991456
    outer loop
      vertex -22.7108 -8.48853 5.41096
      vertex -18.3843 -6.93049 5.41302
      vertex -18.3895 -6.91572 5.41096
    endloop
  endfacet
  facet normal -0.0446109 0.122569 0.991457
    outer loop
      vertex -18.3843 -6.93049 5.41302
      vertex -22.7108 -8.48853 5.41096
      vertex -22.6814 -8.5715 5.42254
    endloop
  endfacet
  facet normal -0.300583 0.825845 0.477107
    outer loop
      vertex -17.7949 -8.32002 6.4
      vertex -22.1144 -9.94535 6.49202
      vertex -17.7733 -8.36532 6.49202
    endloop
  endfacet
  facet normal -0.300583 0.825845 0.477107
    outer loop
      vertex -22.1144 -9.94535 6.49202
      vertex -17.7949 -8.32002 6.4
      vertex -22.136 -9.90005 6.4
    endloop
  endfacet
  facet normal -0.332582 0.913757 -0.233318
    outer loop
      vertex -22.039 -10.1034 7.81582
      vertex -17.707 -8.50421 7.90379
      vertex -17.6979 -8.52336 7.81582
    endloop
  endfacet
  facet normal -0.332337 0.913225 -0.235738
    outer loop
      vertex -17.707 -8.50421 7.90379
      vertex -22.039 -10.1034 7.81582
      vertex -22.0407 -10.0997 7.83255
    endloop
  endfacet
  facet normal -0.291746 0.801551 -0.52192
    outer loop
      vertex -17.8186 -8.27041 8.48928
      vertex -22.1535 -9.86336 8.46602
      vertex -22.1589 -9.85018 8.48928
    endloop
  endfacet
  facet normal -0.291601 0.801167 -0.52259
    outer loop
      vertex -22.136 -9.90005 8.4
      vertex -17.8186 -8.27041 8.48928
      vertex -17.7949 -8.32002 8.4
    endloop
  endfacet
  facet normal -0.29161 0.801189 -0.522551
    outer loop
      vertex -17.8186 -8.27041 8.48928
      vertex -22.136 -9.90005 8.4
      vertex -22.1535 -9.86336 8.46602
    endloop
  endfacet
  facet normal -0.281892 0.774478 -0.566322
    outer loop
      vertex -22.1589 -9.85018 8.48928
      vertex -17.8442 -8.21663 8.57557
      vertex -17.8186 -8.27041 8.48928
    endloop
  endfacet
  facet normal -0.281827 0.77432 -0.56657
    outer loop
      vertex -17.8442 -8.21663 8.57557
      vertex -22.1589 -9.85018 8.48928
      vertex -22.1817 -9.79534 8.57557
    endloop
  endfacet
  facet normal -0.163252 0.448529 -0.878733
    outer loop
      vertex -22.4184 -9.2238 9.13205
      vertex -18.1232 -7.57699 9.17466
      vertex -18.0932 -7.64955 9.13205
    endloop
  endfacet
  facet normal -0.163167 0.44831 -0.87886
    outer loop
      vertex -18.1232 -7.57699 9.17466
      vertex -22.4184 -9.2238 9.13205
      vertex -22.4239 -9.21055 9.13983
    endloop
  endfacet
  facet normal -0.235432 0.646834 -0.725381
    outer loop
      vertex -22.2597 -9.60685 8.81421
      vertex -17.9512 -7.99237 8.85549
      vertex -17.9324 -8.03182 8.81421
    endloop
  endfacet
  facet normal -0.235495 0.646999 -0.725213
    outer loop
      vertex -22.2597 -9.60685 8.81421
      vertex -17.9636 -7.96236 8.88629
      vertex -17.9512 -7.99237 8.85549
    endloop
  endfacet
  facet normal -0.235431 0.64684 -0.725376
    outer loop
      vertex -17.9636 -7.96236 8.88629
      vertex -22.2597 -9.60685 8.81421
      vertex -22.2888 -9.53661 8.88629
    endloop
  endfacet
  facet normal -0.114289 0.314006 -0.942517
    outer loop
      vertex -22.5269 -8.96185 9.26716
      vertex -18.2073 -7.37403 9.27236
      vertex -18.2017 -7.3876 9.26716
    endloop
  endfacet
  facet normal -0.114185 0.313724 -0.942624
    outer loop
      vertex -18.2073 -7.37403 9.27236
      vertex -22.5269 -8.96185 9.26716
      vertex -22.5589 -8.88459 9.29675
    endloop
  endfacet
  facet normal -0.130844 0.359498 -0.923927
    outer loop
      vertex -22.4956 -9.03749 9.23328
      vertex -18.2017 -7.3876 9.26716
      vertex -18.1962 -7.40089 9.26121
    endloop
  endfacet
  facet normal -0.130899 0.359642 -0.923863
    outer loop
      vertex -18.2017 -7.3876 9.26716
      vertex -22.4956 -9.03749 9.23328
      vertex -22.5269 -8.96185 9.26716
    endloop
  endfacet
  facet normal 0.308754 -0.848303 -0.430178
    outer loop
      vertex -19.0073 -4.97376 8.21347
      vertex -23.3401 -6.55856 8.22886
      vertex -23.3422 -6.55152 8.21347
    endloop
  endfacet
  facet normal 0.308713 -0.848193 -0.430423
    outer loop
      vertex -23.3401 -6.55856 8.22886
      vertex -19.0073 -4.97376 8.21347
      vertex -18.9982 -5.01175 8.29486
    endloop
  endfacet
  facet normal 0.163192 -0.448369 -0.878825
    outer loop
      vertex -23.1028 -7.35973 9.1398
      vertex -18.7515 -5.85873 9.18201
      vertex -23.0807 -7.43442 9.18201
    endloop
  endfacet
  facet normal 0.163078 -0.448033 -0.879017
    outer loop
      vertex -18.7515 -5.85873 9.18201
      vertex -23.1028 -7.35973 9.1398
      vertex -18.7554 -5.84569 9.17464
    endloop
  endfacet
  facet normal -0.259941 0.714205 -0.649878
    outer loop
      vertex -22.2102 -9.72636 8.67134
      vertex -17.9012 -8.09717 8.73826
      vertex -17.897 -8.10596 8.72692
    endloop
  endfacet
  facet normal -0.260081 0.714558 -0.649434
    outer loop
      vertex -17.9012 -8.09717 8.73826
      vertex -22.2102 -9.72636 8.67134
      vertex -22.2321 -9.67351 8.73826
    endloop
  endfacet
  facet normal 0.0623383 -0.171275 0.983249
    outer loop
      vertex -22.9194 -7.89947 5.4437
      vertex -18.5638 -6.42371 5.42462
      vertex -18.5981 -6.32666 5.4437
    endloop
  endfacet
  facet normal 0.0623144 -0.171204 0.983263
    outer loop
      vertex -18.5638 -6.42371 5.42462
      vertex -22.9194 -7.89947 5.4437
      vertex -22.885 -7.99653 5.42462
    endloop
  endfacet
  facet normal 0.16321 -0.448419 0.878796
    outer loop
      vertex -23.1069 -7.34603 5.66795
      vertex -18.7554 -5.84569 5.62536
      vertex -18.7777 -5.77034 5.66795
    endloop
  endfacet
  facet normal 0.163178 -0.448325 0.87885
    outer loop
      vertex -18.7554 -5.84569 5.62536
      vertex -23.1069 -7.34603 5.66795
      vertex -23.1028 -7.35973 5.6602
    endloop
  endfacet
  facet normal 0.340969 -0.936806 0.0783182
    outer loop
      vertex -23.3883 -6.39594 7.19094
      vertex -19.0473 -4.80722 7.29533
      vertex -23.3906 -6.38805 7.29533
    endloop
  endfacet
  facet normal 0.340967 -0.936804 0.0783575
    outer loop
      vertex -19.0473 -4.80722 7.29533
      vertex -23.3883 -6.39594 7.19094
      vertex -19.0454 -4.81526 7.19094
    endloop
  endfacet
  facet normal 0.336305 -0.923986 0.182069
    outer loop
      vertex -23.3799 -6.42439 7.00107
      vertex -19.0422 -4.82863 7.08713
      vertex -23.3844 -6.40907 7.08713
    endloop
  endfacet
  facet normal 0.336276 -0.923925 0.182429
    outer loop
      vertex -19.0422 -4.82863 7.08713
      vertex -23.3799 -6.42439 7.00107
      vertex -19.0416 -4.83117 7.07316
    endloop
  endfacet
  facet normal 0.271363 -0.745569 0.608678
    outer loop
      vertex -23.2646 -6.81357 6.14136
      vertex -18.9535 -5.17665 6.22443
      vertex -23.2827 -6.75234 6.22443
    endloop
  endfacet
  facet normal 0.271363 -0.745569 0.608678
    outer loop
      vertex -18.9535 -5.17665 6.22443
      vertex -23.2646 -6.81357 6.14136
      vertex -18.9354 -5.23788 6.14136
    endloop
  endfacet
  facet normal 0.193955 -0.532929 -0.823631
    outer loop
      vertex -23.1568 -7.17737 9.01803
      vertex -18.8067 -5.67248 9.06869
      vertex -23.153 -7.19036 9.02733
    endloop
  endfacet
  facet normal 0.193779 -0.532407 -0.82401
    outer loop
      vertex -18.8067 -5.67248 9.06869
      vertex -23.1568 -7.17737 9.01803
      vertex -18.8276 -5.60168 9.01803
    endloop
  endfacet
  facet normal 0.322433 -0.885858 -0.333607
    outer loop
      vertex -19.025 -4.90033 8.01803
      vertex -23.3536 -6.51302 8.11674
      vertex -23.3635 -6.47945 8.01803
    endloop
  endfacet
  facet normal 0.322409 -0.885803 -0.333776
    outer loop
      vertex -23.3536 -6.51302 8.11674
      vertex -19.025 -4.90033 8.01803
      vertex -19.0168 -4.93454 8.11674
    endloop
  endfacet
  facet normal 0.332482 -0.913494 -0.234487
    outer loop
      vertex -19.0377 -4.84731 7.81582
      vertex -23.3778 -6.43125 7.83252
      vertex -23.379 -6.4274 7.81582
    endloop
  endfacet
  facet normal 0.332561 -0.913701 -0.233567
    outer loop
      vertex -23.3778 -6.43125 7.83252
      vertex -19.0377 -4.84731 7.81582
      vertex -19.0327 -4.86797 7.90376
    endloop
  endfacet
  facet normal 0.147248 -0.404564 -0.902578
    outer loop
      vertex -23.0807 -7.43442 9.18201
      vertex -18.7246 -5.94952 9.22709
      vertex -23.0522 -7.52462 9.22709
    endloop
  endfacet
  facet normal 0.150882 -0.40338 -0.902507
    outer loop
      vertex -23.0807 -7.43442 9.18201
      vertex -23.0522 -7.52462 9.22709
      vertex -23.0631 -7.49366 9.21143
    endloop
  endfacet
  facet normal 0.147239 -0.404538 -0.90259
    outer loop
      vertex -18.7246 -5.94952 9.22709
      vertex -23.0807 -7.43442 9.18201
      vertex -18.7515 -5.85873 9.18201
    endloop
  endfacet
  facet normal -0.322372 0.885723 0.334022
    outer loop
      vertex -17.7365 -8.44253 6.68326
      vertex -22.0751 -10.0277 6.69936
      vertex -17.7234 -8.4699 6.76848
    endloop
  endfacet
  facet normal -0.322968 0.887304 0.329216
    outer loop
      vertex -22.0751 -10.0277 6.69936
      vertex -17.7365 -8.44253 6.68326
      vertex -22.0775 -10.0226 6.68326
    endloop
  endfacet
  facet normal -0.316014 0.868201 0.382573
    outer loop
      vertex -17.7514 -8.41119 6.59983
      vertex -22.0775 -10.0226 6.68326
      vertex -17.7365 -8.44253 6.68326
    endloop
  endfacet
  facet normal -0.315169 0.866202 0.387767
    outer loop
      vertex -22.0775 -10.0226 6.68326
      vertex -17.7514 -8.41119 6.59983
      vertex -22.0804 -10.0166 6.6675
    endloop
  endfacet
  facet normal -0.327947 0.90101 0.283957
    outer loop
      vertex -17.7213 -8.47423 6.78197
      vertex -22.0603 -10.0587 6.79839
      vertex -17.7102 -8.49752 6.86869
    endloop
  endfacet
  facet normal -0.328002 0.901156 0.283428
    outer loop
      vertex -22.0603 -10.0587 6.79839
      vertex -17.7213 -8.47423 6.78197
      vertex -22.0624 -10.0543 6.78197
    endloop
  endfacet
  facet normal -0.328057 0.90134 0.282781
    outer loop
      vertex -17.7102 -8.49752 6.86869
      vertex -22.0496 -10.0812 6.88236
      vertex -17.7085 -8.50119 6.88236
    endloop
  endfacet
  facet normal -0.328005 0.901203 0.283276
    outer loop
      vertex -22.0496 -10.0812 6.88236
      vertex -17.7102 -8.49752 6.86869
      vertex -22.0603 -10.0587 6.79839
    endloop
  endfacet
  facet normal -0.208217 0.572066 0.793339
    outer loop
      vertex -18.0259 -7.81191 5.78197
      vertex -22.3193 -9.46299 5.84571
      vertex -17.9941 -7.88873 5.84571
    endloop
  endfacet
  facet normal -0.208201 0.572026 0.793372
    outer loop
      vertex -22.3193 -9.46299 5.84571
      vertex -18.0259 -7.81191 5.78197
      vertex -22.3511 -9.38616 5.78197
    endloop
  endfacet
  facet normal -0.130871 0.359563 0.923898
    outer loop
      vertex -18.1962 -7.40089 5.53879
      vertex -22.4898 -9.05131 5.57291
      vertex -18.1646 -7.47706 5.57291
    endloop
  endfacet
  facet normal -0.130679 0.35907 0.924117
    outer loop
      vertex -22.4898 -9.05131 5.57291
      vertex -18.1962 -7.40089 5.53879
      vertex -22.4956 -9.03749 5.56672
    endloop
  endfacet
  facet normal -0.114151 0.313623 0.942661
    outer loop
      vertex -18.2395 -7.29633 5.49789
      vertex -22.5589 -8.88459 5.50325
      vertex -18.2073 -7.37403 5.52764
    endloop
  endfacet
  facet normal -0.114084 0.313443 0.942729
    outer loop
      vertex -22.5589 -8.88459 5.50325
      vertex -18.2395 -7.29633 5.49789
      vertex -22.5647 -8.87058 5.49789
    endloop
  endfacet
  facet normal -0.114289 0.314006 0.942517
    outer loop
      vertex -18.2073 -7.37403 5.52764
      vertex -22.5269 -8.96185 5.53284
      vertex -18.2017 -7.3876 5.53284
    endloop
  endfacet
  facet normal -0.114185 0.313724 0.942624
    outer loop
      vertex -22.5269 -8.96185 5.53284
      vertex -18.2073 -7.37403 5.52764
      vertex -22.5589 -8.88459 5.50325
    endloop
  endfacet
  facet normal -0.22212 0.610266 0.76042
    outer loop
      vertex -17.9941 -7.88873 5.84571
      vertex -22.2888 -9.53661 5.91371
      vertex -17.9636 -7.96236 5.91371
    endloop
  endfacet
  facet normal -0.222136 0.610307 0.760382
    outer loop
      vertex -22.2888 -9.53661 5.91371
      vertex -17.9941 -7.88873 5.84571
      vertex -22.3193 -9.46299 5.84571
    endloop
  endfacet
  facet normal -0.163042 0.447981 0.879051
    outer loop
      vertex -18.1284 -7.56446 5.61799
      vertex -22.4239 -9.21055 5.66016
      vertex -18.1232 -7.57699 5.62534
    endloop
  endfacet
  facet normal -0.163202 0.448391 0.878812
    outer loop
      vertex -22.4239 -9.21055 5.66016
      vertex -18.1284 -7.56446 5.61799
      vertex -22.4536 -9.13871 5.61799
    endloop
  endfacet
  facet normal -0.291601 0.801167 0.52259
    outer loop
      vertex -17.8186 -8.27041 6.31072
      vertex -22.136 -9.90005 6.4
      vertex -17.7949 -8.32002 6.4
    endloop
  endfacet
  facet normal -0.29161 0.801189 0.522551
    outer loop
      vertex -22.136 -9.90005 6.4
      vertex -17.8186 -8.27041 6.31072
      vertex -22.1535 -9.86336 6.33398
    endloop
  endfacet
  facet normal -0.291746 0.801551 0.52192
    outer loop
      vertex -22.1535 -9.86336 6.33398
      vertex -17.8186 -8.27041 6.31072
      vertex -22.1589 -9.85018 6.31072
    endloop
  endfacet
  facet normal -0.281892 0.774478 0.566322
    outer loop
      vertex -17.8442 -8.21663 6.22443
      vertex -22.1589 -9.85018 6.31072
      vertex -17.8186 -8.27041 6.31072
    endloop
  endfacet
  facet normal -0.281827 0.77432 0.56657
    outer loop
      vertex -22.1589 -9.85018 6.31072
      vertex -17.8442 -8.21663 6.22443
      vertex -22.1817 -9.79534 6.22443
    endloop
  endfacet
  facet normal -0.328002 0.901156 -0.283428
    outer loop
      vertex -17.7213 -8.47423 8.01803
      vertex -22.0603 -10.0587 8.00161
      vertex -22.0624 -10.0543 8.01803
    endloop
  endfacet
  facet normal -0.327947 0.90101 -0.283957
    outer loop
      vertex -22.0603 -10.0587 8.00161
      vertex -17.7213 -8.47423 8.01803
      vertex -17.7102 -8.49752 7.93131
    endloop
  endfacet
  facet normal -0.339226 0.931922 -0.128242
    outer loop
      vertex -22.0258 -10.131 7.62616
      vertex -17.6896 -8.54066 7.71287
      vertex -17.6889 -8.54234 7.69881
    endloop
  endfacet
  facet normal -0.339127 0.931737 -0.129842
    outer loop
      vertex -17.6896 -8.54066 7.71287
      vertex -22.0258 -10.131 7.62616
      vertex -22.0307 -10.1207 7.71287
    endloop
  endfacet
  facet normal -0.339085 0.931616 -0.130817
    outer loop
      vertex -22.0248 -10.1331 7.60906
      vertex -17.6889 -8.54234 7.69881
      vertex -17.6837 -8.55305 7.60906
    endloop
  endfacet
  facet normal -0.338869 0.931217 -0.134177
    outer loop
      vertex -17.6889 -8.54234 7.69881
      vertex -22.0248 -10.1331 7.60906
      vertex -22.0258 -10.131 7.62616
    endloop
  endfacet
  facet normal -0.178707 0.490989 -0.852639
    outer loop
      vertex -22.3842 -9.30637 9.07734
      vertex -18.0932 -7.64955 9.13205
      vertex -18.059 -7.73211 9.07734
    endloop
  endfacet
  facet normal -0.178693 0.490952 -0.852663
    outer loop
      vertex -18.0932 -7.64955 9.13205
      vertex -22.3842 -9.30637 9.07734
      vertex -22.4184 -9.2238 9.13205
    endloop
  endfacet
  facet normal 0.300583 -0.825858 -0.477083
    outer loop
      vertex -18.9967 -5.01787 8.30798
      vertex -23.3152 -6.64281 8.4
      vertex -23.3294 -6.59482 8.30798
    endloop
  endfacet
  facet normal 0.300583 -0.825858 -0.477084
    outer loop
      vertex -23.3152 -6.64281 8.4
      vertex -18.9967 -5.01787 8.30798
      vertex -18.985 -5.06677 8.4
    endloop
  endfacet
  facet normal 0.308643 -0.848003 -0.430849
    outer loop
      vertex -23.3294 -6.59482 8.30798
      vertex -18.9982 -5.01175 8.29486
      vertex -18.9967 -5.01787 8.30798
    endloop
  endfacet
  facet normal 0.308708 -0.848176 -0.430461
    outer loop
      vertex -18.9982 -5.01175 8.29486
      vertex -23.3294 -6.59482 8.30798
      vertex -23.3401 -6.55856 8.22886
    endloop
  endfacet
  facet normal 0.24788 -0.68105 -0.689004
    outer loop
      vertex -23.228 -6.93711 8.80213
      vertex -18.8955 -5.37244 8.81421
      vertex -23.2247 -6.94813 8.81421
    endloop
  endfacet
  facet normal 0.248083 -0.681615 -0.688372
    outer loop
      vertex -18.8955 -5.37244 8.81421
      vertex -23.228 -6.93711 8.80213
      vertex -18.9131 -5.31306 8.74907
    endloop
  endfacet
  facet normal 0.248127 -0.681729 -0.688243
    outer loop
      vertex -23.2452 -6.87889 8.73826
      vertex -18.9131 -5.31306 8.74907
      vertex -23.228 -6.93711 8.80213
    endloop
  endfacet
  facet normal 0.248104 -0.681663 -0.688317
    outer loop
      vertex -18.9131 -5.31306 8.74907
      vertex -23.2452 -6.87889 8.73826
      vertex -18.916 -5.3032 8.73826
    endloop
  endfacet
  facet normal -0.248086 0.6816 -0.688385
    outer loop
      vertex -22.2321 -9.67351 8.73826
      vertex -17.9324 -8.03182 8.81421
      vertex -17.9012 -8.09717 8.73826
    endloop
  endfacet
  facet normal -0.248086 0.681602 -0.688384
    outer loop
      vertex -17.9324 -8.03182 8.81421
      vertex -22.2321 -9.67351 8.73826
      vertex -22.2597 -9.60685 8.81421
    endloop
  endfacet
  facet normal 0.327924 -0.900952 -0.284167
    outer loop
      vertex -19.032 -4.87123 7.91764
      vertex -23.3635 -6.47945 8.01803
      vertex -23.372 -6.45088 7.91764
    endloop
  endfacet
  facet normal 0.32794 -0.900988 -0.284036
    outer loop
      vertex -23.3635 -6.47945 8.01803
      vertex -19.032 -4.87123 7.91764
      vertex -19.025 -4.90033 8.01803
    endloop
  endfacet
  facet normal 0.332733 -0.914166 -0.231491
    outer loop
      vertex -23.372 -6.45088 7.91764
      vertex -19.0327 -4.86797 7.90376
      vertex -19.032 -4.87123 7.91764
    endloop
  endfacet
  facet normal 0.332573 -0.913743 -0.233385
    outer loop
      vertex -19.0327 -4.86797 7.90376
      vertex -23.372 -6.45088 7.91764
      vertex -23.3778 -6.43125 7.83252
    endloop
  endfacet
  facet normal -0.0622679 0.171081 0.983287
    outer loop
      vertex -18.3449 -7.04193 5.4302
      vertex -22.6418 -8.68345 5.4437
      vertex -18.3169 -7.10933 5.4437
    endloop
  endfacet
  facet normal -0.0624213 0.171502 0.983204
    outer loop
      vertex -22.6762 -8.5864 5.42462
      vertex -18.3449 -7.04193 5.4302
      vertex -18.3549 -7.01358 5.42462
    endloop
  endfacet
  facet normal -0.0623205 0.171219 0.98326
    outer loop
      vertex -18.3449 -7.04193 5.4302
      vertex -22.6762 -8.5864 5.42462
      vertex -22.6418 -8.68345 5.4437
    endloop
  endfacet
  facet normal -0.00895129 0.0245937 0.999657
    outer loop
      vertex -22.7806 -8.29146 5.4
      vertex -18.4244 -6.81732 5.40274
      vertex -18.4593 -6.71865 5.4
    endloop
  endfacet
  facet normal -0.00895129 0.0245937 0.999657
    outer loop
      vertex -18.4244 -6.81732 5.40274
      vertex -22.7806 -8.29146 5.4
      vertex -22.7457 -8.39013 5.40274
    endloop
  endfacet
  facet normal -0.193705 0.532198 0.824162
    outer loop
      vertex -18.059 -7.73211 5.72266
      vertex -22.3511 -9.38616 5.78197
      vertex -18.0259 -7.81191 5.78197
    endloop
  endfacet
  facet normal -0.19372 0.532237 0.824133
    outer loop
      vertex -22.3511 -9.38616 5.78197
      vertex -18.059 -7.73211 5.72266
      vertex -22.3842 -9.30637 5.72266
    endloop
  endfacet
  facet normal -0.259941 0.714205 0.649878
    outer loop
      vertex -17.9012 -8.09717 6.06174
      vertex -22.2102 -9.72636 6.12866
      vertex -17.897 -8.10596 6.07308
    endloop
  endfacet
  facet normal -0.260081 0.714558 0.649434
    outer loop
      vertex -22.2102 -9.72636 6.12866
      vertex -17.9012 -8.09717 6.06174
      vertex -22.2321 -9.67351 6.06174
    endloop
  endfacet
  facet normal -0.322307 0.885509 -0.334651
    outer loop
      vertex -22.0624 -10.0543 8.01803
      vertex -17.7234 -8.4699 8.03151
      vertex -17.7213 -8.47423 8.01803
    endloop
  endfacet
  facet normal -0.322304 0.885501 -0.334676
    outer loop
      vertex -17.7234 -8.4699 8.03151
      vertex -22.0624 -10.0543 8.01803
      vertex -22.0751 -10.0277 8.10064
    endloop
  endfacet
  facet normal -0.316014 0.868201 -0.382573
    outer loop
      vertex -22.0775 -10.0226 8.11674
      vertex -17.7514 -8.41119 8.20017
      vertex -17.7365 -8.44253 8.11674
    endloop
  endfacet
  facet normal -0.315169 0.866202 -0.387767
    outer loop
      vertex -17.7514 -8.41119 8.20017
      vertex -22.0775 -10.0226 8.11674
      vertex -22.0804 -10.0166 8.1325
    endloop
  endfacet
  facet normal -0.208217 0.572066 -0.793339
    outer loop
      vertex -22.3193 -9.46299 8.95429
      vertex -18.0259 -7.81191 9.01803
      vertex -17.9941 -7.88873 8.95429
    endloop
  endfacet
  facet normal -0.208201 0.572026 -0.793372
    outer loop
      vertex -18.0259 -7.81191 9.01803
      vertex -22.3193 -9.46299 8.95429
      vertex -22.3511 -9.38616 9.01803
    endloop
  endfacet
  facet normal -0.248086 0.6816 0.688385
    outer loop
      vertex -17.9324 -8.03182 5.98579
      vertex -22.2321 -9.67351 6.06174
      vertex -17.9012 -8.09717 6.06174
    endloop
  endfacet
  facet normal -0.248086 0.681602 0.688384
    outer loop
      vertex -22.2321 -9.67351 6.06174
      vertex -17.9324 -8.03182 5.98579
      vertex -22.2597 -9.60685 5.98579
    endloop
  endfacet
  facet normal -0.0227046 0.0131072 0.999656
    outer loop
      vertex -9.825 -17.0174 5.4
      vertex -12.1111 -21.0087 5.40041
      vertex -9.74689 -17.0598 5.40233
    endloop
  endfacet
  facet normal -0.0224117 0.0129395 0.999665
    outer loop
      vertex -12.1111 -21.0087 5.40041
      vertex -9.825 -17.0174 5.4
      vertex -12.125 -21.0011 5.4
    endloop
  endfacet
  facet normal 0.0227079 -0.0131119 0.999656
    outer loop
      vertex -12.1385 -20.9928 5.40041
      vertex -9.825 -17.0174 5.4
      vertex -9.90078 -16.971 5.40233
    endloop
  endfacet
  facet normal 0.0224066 -0.0129365 0.999665
    outer loop
      vertex -9.825 -17.0174 5.4
      vertex -12.1385 -20.9928 5.40041
      vertex -12.125 -21.0011 5.4
    endloop
  endfacet
  facet normal 0.0224066 -0.0129366 0.999665
    outer loop
      vertex -12.2143 -20.9464 5.40274
      vertex -9.90078 -16.971 5.40233
      vertex -9.91428 -16.9627 5.40274
    endloop
  endfacet
  facet normal 0.0227035 -0.0131094 0.999656
    outer loop
      vertex -9.90078 -16.971 5.40233
      vertex -12.2143 -20.9464 5.40274
      vertex -12.1385 -20.9928 5.40041
    endloop
  endfacet
  facet normal -0.0679988 0.0392591 0.996913
    outer loop
      vertex -9.71912 -17.0749 5.40398
      vertex -11.9412 -21.1009 5.41096
      vertex -9.64121 -17.1172 5.41096
    endloop
  endfacet
  facet normal -0.0683133 0.0394327 0.996884
    outer loop
      vertex -11.9412 -21.1009 5.41096
      vertex -9.71912 -17.0749 5.40398
      vertex -11.9552 -21.0933 5.4097
    endloop
  endfacet
  facet normal -0.816367 0.471317 -0.333773
    outer loop
      vertex -8.12988 -17.8856 8.01803
      vertex -10.4678 -21.8652 8.11674
      vertex -8.16152 -17.8705 8.11674
    endloop
  endfacet
  facet normal -0.816579 0.471459 -0.333054
    outer loop
      vertex -10.4678 -21.8652 8.11674
      vertex -8.12988 -17.8856 8.01803
      vertex -10.4362 -21.8802 8.01803
    endloop
  endfacet
  facet normal -0.562442 0.324724 0.760404
    outer loop
      vertex -8.70204 -17.6127 5.85554
      vertex -10.9467 -21.6368 5.91371
      vertex -8.64037 -17.6421 5.91371
    endloop
  endfacet
  facet normal -0.56192 0.324441 0.76091
    outer loop
      vertex -10.9467 -21.6368 5.91371
      vertex -8.70204 -17.6127 5.85554
      vertex -10.958 -21.6313 5.90302
    endloop
  endfacet
  facet normal 0.0226063 -0.0130528 -0.999659
    outer loop
      vertex -12.2143 -20.9464 9.39726
      vertex -9.90078 -16.971 9.39767
      vertex -12.1385 -20.9928 9.39958
    endloop
  endfacet
  facet normal 0.0224066 -0.0129366 -0.999665
    outer loop
      vertex -9.90078 -16.971 9.39767
      vertex -12.2143 -20.9464 9.39726
      vertex -9.91428 -16.9627 9.39726
    endloop
  endfacet
  facet normal -0.830392 0.479435 0.283885
    outer loop
      vertex -10.4362 -21.8802 6.78197
      vertex -8.10295 -17.8984 6.88236
      vertex -8.12988 -17.8856 6.78197
    endloop
  endfacet
  facet normal -0.830341 0.479399 0.284096
    outer loop
      vertex -8.10295 -17.8984 6.88236
      vertex -10.4362 -21.8802 6.78197
      vertex -10.4093 -21.8931 6.88236
    endloop
  endfacet
  facet normal 0.527969 -0.304841 -0.792667
    outer loop
      vertex -13.1985 -20.3433 8.95429
      vertex -10.8338 -16.3894 9.00876
      vertex -13.1874 -20.35 8.96426
    endloop
  endfacet
  facet normal 0.527211 -0.304378 -0.793349
    outer loop
      vertex -10.8338 -16.3894 9.00876
      vertex -13.1985 -20.3433 8.95429
      vertex -10.8925 -16.3491 8.95429
    endloop
  endfacet
  facet normal -0.157616 0.0909983 0.983299
    outer loop
      vertex -9.47301 -17.2085 5.44084
      vertex -11.7594 -21.1996 5.4437
      vertex -9.45944 -17.2159 5.4437
    endloop
  endfacet
  facet normal -0.157764 0.0910834 0.983267
    outer loop
      vertex -11.7594 -21.1996 5.4437
      vertex -9.47301 -17.2085 5.44084
      vertex -11.8361 -21.158 5.42754
    endloop
  endfacet
  facet normal -0.490655 0.283276 0.824022
    outer loop
      vertex -8.8658 -17.5346 5.72266
      vertex -11.0915 -21.5622 5.78197
      vertex -8.78767 -17.5718 5.78197
    endloop
  endfacet
  facet normal -0.490581 0.283236 0.824079
    outer loop
      vertex -11.0915 -21.5622 5.78197
      vertex -8.8658 -17.5346 5.72266
      vertex -11.1674 -21.5211 5.72266
    endloop
  endfacet
  facet normal 0.527211 -0.304378 0.793349
    outer loop
      vertex -13.1985 -20.3433 5.84571
      vertex -10.8338 -16.3894 5.79124
      vertex -10.8925 -16.3491 5.84571
    endloop
  endfacet
  facet normal 0.528297 -0.305041 0.792372
    outer loop
      vertex -10.8338 -16.3894 5.79124
      vertex -13.1985 -20.3433 5.84571
      vertex -13.1874 -20.35 5.83573
    endloop
  endfacet
  facet normal -0.687156 0.396732 0.608622
    outer loop
      vertex -10.7027 -21.7532 6.21109
      vertex -8.38707 -17.7629 6.22443
      vertex -8.43664 -17.7393 6.15308
    endloop
  endfacet
  facet normal -0.68662 0.396418 0.609431
    outer loop
      vertex -8.38707 -17.7629 6.22443
      vertex -10.7027 -21.7532 6.21109
      vertex -10.6934 -21.7576 6.22443
    endloop
  endfacet
  facet normal 0.851532 -0.491623 0.18221
    outer loop
      vertex -13.7913 -19.9365 7.08713
      vertex -11.4714 -15.9512 6.99821
      vertex -11.485 -15.9418 7.08713
    endloop
  endfacet
  facet normal 0.851489 -0.491592 0.182493
    outer loop
      vertex -11.4714 -15.9512 6.99821
      vertex -13.7913 -19.9365 7.08713
      vertex -13.7887 -19.9383 7.07015
    endloop
  endfacet
  facet normal -0.713822 0.412123 0.566227
    outer loop
      vertex -10.6934 -21.7576 6.22443
      vertex -8.34089 -17.7849 6.29866
      vertex -8.38707 -17.7629 6.22443
    endloop
  endfacet
  facet normal -0.714697 0.41267 0.564722
    outer loop
      vertex -8.34089 -17.7849 6.29866
      vertex -10.6934 -21.7576 6.22443
      vertex -10.6848 -21.7617 6.23831
    endloop
  endfacet
  facet normal -0.863339 0.498447 -0.0787207
    outer loop
      vertex -8.04373 -17.9267 7.50467
      vertex -10.3575 -21.9178 7.60906
      vertex -8.05117 -17.9231 7.60906
    endloop
  endfacet
  facet normal -0.863384 0.498494 -0.0779172
    outer loop
      vertex -10.3575 -21.9178 7.60906
      vertex -8.04373 -17.9267 7.50467
      vertex -10.3501 -21.9213 7.50467
    endloop
  endfacet
  facet normal -0.713822 0.412123 -0.566227
    outer loop
      vertex -8.34089 -17.7849 8.50134
      vertex -10.6934 -21.7576 8.57557
      vertex -8.38707 -17.7629 8.57557
    endloop
  endfacet
  facet normal -0.714697 0.41267 -0.564722
    outer loop
      vertex -10.6934 -21.7576 8.57557
      vertex -8.34089 -17.7849 8.50134
      vertex -10.6848 -21.7617 8.56169
    endloop
  endfacet
  facet normal 0.740827 -0.427728 0.517903
    outer loop
      vertex -13.5902 -20.0748 6.4
      vertex -11.2776 -16.0844 6.38758
      vertex -11.2838 -16.0801 6.4
    endloop
  endfacet
  facet normal 0.73826 -0.426225 0.522785
    outer loop
      vertex -11.2776 -16.0844 6.38758
      vertex -13.5902 -20.0748 6.4
      vertex -13.5522 -20.1008 6.32514
    endloop
  endfacet
  facet normal 0.781324 -0.4511 -0.431325
    outer loop
      vertex -11.3251 -16.0517 8.30798
      vertex -13.6627 -20.0249 8.22889
      vertex -11.3303 -16.0482 8.2949
    endloop
  endfacet
  facet normal 0.78148 -0.451199 -0.430939
    outer loop
      vertex -13.6627 -20.0249 8.22889
      vertex -11.3251 -16.0517 8.30798
      vertex -13.6315 -20.0464 8.30798
    endloop
  endfacet
  facet normal 0.287978 -0.166265 -0.943093
    outer loop
      vertex -12.6651 -20.6701 9.29673
      vertex -10.3521 -16.6944 9.30211
      vertex -12.6521 -20.6781 9.30211
    endloop
  endfacet
  facet normal 0.288831 -0.166761 -0.942745
    outer loop
      vertex -10.3521 -16.6944 9.30211
      vertex -12.6651 -20.6701 9.29673
      vertex -10.4238 -16.6504 9.27236
    endloop
  endfacet
  facet normal -0.157792 0.0911 0.983261
    outer loop
      vertex -9.54995 -17.1667 5.42462
      vertex -11.8361 -21.158 5.42754
      vertex -9.47301 -17.2085 5.44084
    endloop
  endfacet
  facet normal -0.157503 0.0909345 0.983323
    outer loop
      vertex -11.8361 -21.158 5.42754
      vertex -9.54995 -17.1667 5.42462
      vertex -11.85 -21.1505 5.42462
    endloop
  endfacet
  facet normal -0.331432 0.191353 -0.923871
    outer loop
      vertex -11.4818 -21.3504 9.26097
      vertex -9.1949 -17.3595 9.26716
      vertex -9.12248 -17.3988 9.23304
    endloop
  endfacet
  facet normal -0.331395 0.191332 -0.923888
    outer loop
      vertex -9.1949 -17.3595 9.26716
      vertex -11.4818 -21.3504 9.26097
      vertex -11.4949 -21.3432 9.26716
    endloop
  endfacet
  facet normal -0.245998 0.142029 0.958808
    outer loop
      vertex -9.36993 -17.2645 5.46815
      vertex -11.5817 -21.2961 5.49789
      vertex -9.28167 -17.3124 5.49789
    endloop
  endfacet
  facet normal -0.246116 0.142094 0.958768
    outer loop
      vertex -11.5817 -21.2961 5.49789
      vertex -9.36993 -17.2645 5.46815
      vertex -11.6699 -21.2482 5.46815
    endloop
  endfacet
  facet normal -0.527139 0.30434 0.793411
    outer loop
      vertex -8.78767 -17.5718 5.78197
      vertex -11.0801 -21.5684 5.79192
      vertex -8.72335 -17.6025 5.83648
    endloop
  endfacet
  facet normal -0.527061 0.304295 0.79348
    outer loop
      vertex -11.0801 -21.5684 5.79192
      vertex -8.78767 -17.5718 5.78197
      vertex -11.0915 -21.5622 5.78197
    endloop
  endfacet
  facet normal -0.841693 0.485905 0.235477
    outer loop
      vertex -10.4056 -21.8948 6.89911
      vertex -8.08082 -17.909 6.98418
      vertex -8.08384 -17.9075 6.97029
    endloop
  endfacet
  facet normal -0.842102 0.486187 0.233423
    outer loop
      vertex -8.08082 -17.909 6.98418
      vertex -10.4056 -21.8948 6.89911
      vertex -10.3871 -21.9036 6.98418
    endloop
  endfacet
  facet normal 0.6279 -0.362521 -0.68871
    outer loop
      vertex -13.3369 -20.2489 8.80218
      vertex -11.0211 -16.2607 8.81421
      vertex -13.3274 -20.2553 8.81421
    endloop
  endfacet
  facet normal 0.628098 -0.362636 -0.688468
    outer loop
      vertex -11.0211 -16.2607 8.81421
      vertex -13.3369 -20.2489 8.80218
      vertex -11.0722 -16.2255 8.74905
    endloop
  endfacet
  facet normal 0.45245 -0.261223 -0.852673
    outer loop
      vertex -13.0541 -20.4318 9.07734
      vertex -10.6779 -16.4947 9.13205
      vertex -12.9779 -20.4784 9.13205
    endloop
  endfacet
  facet normal 0.451924 -0.260901 -0.853051
    outer loop
      vertex -10.6779 -16.4947 9.13205
      vertex -13.0541 -20.4318 9.07734
      vertex -10.7022 -16.4799 9.11465
    endloop
  endfacet
  facet normal 0.452623 -0.261321 -0.852551
    outer loop
      vertex -10.7022 -16.4799 9.11465
      vertex -13.0541 -20.4318 9.07734
      vertex -10.7525 -16.4453 9.07734
    endloop
  endfacet
  facet normal 0.245838 -0.141932 -0.958863
    outer loop
      vertex -12.639 -20.6862 9.30669
      vertex -10.2665 -16.7468 9.33185
      vertex -12.5665 -20.7306 9.33185
    endloop
  endfacet
  facet normal 0.246025 -0.142045 -0.958799
    outer loop
      vertex -10.2665 -16.7468 9.33185
      vertex -12.639 -20.6862 9.30669
      vertex -10.2793 -16.739 9.32741
    endloop
  endfacet
  facet normal -0.596134 0.34417 -0.725377
    outer loop
      vertex -10.8779 -21.6696 8.81421
      vertex -8.6305 -17.6468 8.87594
      vertex -8.57161 -17.6749 8.81421
    endloop
  endfacet
  facet normal -0.595432 0.34379 -0.726133
    outer loop
      vertex -8.6305 -17.6468 8.87594
      vertex -10.8779 -21.6696 8.81421
      vertex -10.8888 -21.6644 8.82561
    endloop
  endfacet
  facet normal -0.830392 0.479435 -0.283885
    outer loop
      vertex -8.10295 -17.8984 7.91764
      vertex -10.4362 -21.8802 8.01803
      vertex -8.12988 -17.8856 8.01803
    endloop
  endfacet
  facet normal -0.830341 0.479399 -0.284096
    outer loop
      vertex -10.4362 -21.8802 8.01803
      vertex -8.10295 -17.8984 7.91764
      vertex -10.4093 -21.8931 7.91764
    endloop
  endfacet
  facet normal 0.658812 -0.380358 -0.649072
    outer loop
      vertex -11.0887 -16.2142 8.72696
      vertex -13.4432 -20.1758 8.65864
      vertex -11.1369 -16.1811 8.65864
    endloop
  endfacet
  facet normal 0.659033 -0.380495 -0.648767
    outer loop
      vertex -13.4432 -20.1758 8.65864
      vertex -11.0887 -16.2142 8.72696
      vertex -13.4342 -20.1819 8.67136
    endloop
  endfacet
  facet normal -0.372935 0.215317 0.902528
    outer loop
      vertex -9.09754 -17.4124 5.57959
      vertex -11.3268 -21.4345 5.61799
      vertex -9.02678 -17.4508 5.61799
    endloop
  endfacet
  facet normal -0.372477 0.215066 0.902778
    outer loop
      vertex -11.3268 -21.4345 5.61799
      vertex -9.09754 -17.4124 5.57959
      vertex -11.3397 -21.4275 5.611
    endloop
  endfacet
  facet normal -0.331432 0.191353 0.923871
    outer loop
      vertex -9.1949 -17.3595 5.53284
      vertex -11.4818 -21.3504 5.53903
      vertex -9.12248 -17.3988 5.56696
    endloop
  endfacet
  facet normal -0.331395 0.191332 0.923888
    outer loop
      vertex -11.4818 -21.3504 5.53903
      vertex -9.1949 -17.3595 5.53284
      vertex -11.4949 -21.3432 5.53284
    endloop
  endfacet
  facet normal -0.713299 0.411809 0.567113
    outer loop
      vertex -10.6848 -21.7617 6.23831
      vertex -8.33338 -17.7885 6.31072
      vertex -8.34089 -17.7849 6.29866
    endloop
  endfacet
  facet normal -0.713524 0.411949 0.566729
    outer loop
      vertex -8.33338 -17.7885 6.31072
      vertex -10.6848 -21.7617 6.23831
      vertex -10.6397 -21.7832 6.31072
    endloop
  endfacet
  facet normal -0.686881 0.396577 0.609033
    outer loop
      vertex -10.7511 -21.73 6.14136
      vertex -8.43664 -17.7393 6.15308
      vertex -8.44478 -17.7354 6.14136
    endloop
  endfacet
  facet normal -0.687014 0.396655 0.608832
    outer loop
      vertex -8.43664 -17.7393 6.15308
      vertex -10.7511 -21.73 6.14136
      vertex -10.7027 -21.7532 6.21109
    endloop
  endfacet
  facet normal -0.851547 0.49164 -0.18209
    outer loop
      vertex -8.06354 -17.9172 7.71287
      vertex -10.3871 -21.9036 7.81582
      vertex -8.08082 -17.909 7.81582
    endloop
  endfacet
  facet normal -0.851574 0.49166 -0.181912
    outer loop
      vertex -10.3871 -21.9036 7.81582
      vertex -8.06354 -17.9172 7.71287
      vertex -10.3699 -21.9119 7.71287
    endloop
  endfacet
  facet normal -0.0679988 0.0392591 -0.996913
    outer loop
      vertex -11.9412 -21.1009 9.38904
      vertex -9.71912 -17.0749 9.39602
      vertex -9.64121 -17.1172 9.38904
    endloop
  endfacet
  facet normal -0.0677687 0.0391322 -0.996933
    outer loop
      vertex -9.71912 -17.0749 9.39602
      vertex -11.9412 -21.1009 9.38904
      vertex -11.9552 -21.0933 9.39029
    endloop
  endfacet
  facet normal 0.0229528 -0.0132518 -0.999649
    outer loop
      vertex -12.1385 -20.9928 9.39958
      vertex -9.825 -17.0174 9.4
      vertex -12.125 -21.0011 9.4
    endloop
  endfacet
  facet normal 0.0227091 -0.01311 -0.999656
    outer loop
      vertex -9.825 -17.0174 9.4
      vertex -12.1385 -20.9928 9.39958
      vertex -9.90078 -16.971 9.39767
    endloop
  endfacet
  facet normal -0.527142 0.304344 -0.793408
    outer loop
      vertex -11.0185 -21.6019 8.95429
      vertex -8.72335 -17.6025 8.96352
      vertex -8.71246 -17.6077 8.95429
    endloop
  endfacet
  facet normal -0.527219 0.304388 -0.793339
    outer loop
      vertex -8.72335 -17.6025 8.96352
      vertex -11.0185 -21.6019 8.95429
      vertex -11.0801 -21.5684 9.00808
    endloop
  endfacet
  facet normal 0.831282 -0.479944 0.280401
    outer loop
      vertex -13.7553 -19.9612 6.88236
      vertex -11.4457 -15.9689 6.86864
      vertex -11.449 -15.9666 6.88236
    endloop
  endfacet
  facet normal 0.830371 -0.479405 0.283997
    outer loop
      vertex -11.4457 -15.9689 6.86864
      vertex -13.7553 -19.9612 6.88236
      vertex -13.7348 -19.9754 6.79845
    endloop
  endfacet
  facet normal 0.865727 -0.499831 -0.0261863
    outer loop
      vertex -11.5031 -15.9294 7.50467
      vertex -13.8117 -19.9225 7.4
      vertex -11.5054 -15.9279 7.4
    endloop
  endfacet
  facet normal 0.865721 -0.499816 -0.0266635
    outer loop
      vertex -13.8117 -19.9225 7.4
      vertex -11.5031 -15.9294 7.50467
      vertex -13.8094 -19.9241 7.50467
    endloop
  endfacet
  facet normal -0.738471 0.426352 0.522383
    outer loop
      vertex -10.6397 -21.7832 6.31072
      vertex -8.28385 -17.8121 6.4
      vertex -8.33338 -17.7885 6.31072
    endloop
  endfacet
  facet normal -0.738564 0.426412 0.522203
    outer loop
      vertex -8.28385 -17.8121 6.4
      vertex -10.6397 -21.7832 6.31072
      vertex -10.5902 -21.8068 6.4
    endloop
  endfacet
  facet normal 0.068019 -0.0392709 0.996911
    outer loop
      vertex -12.3033 -20.8918 5.41096
      vertex -9.92773 -16.9544 5.40398
      vertex -10.0033 -16.9081 5.41096
    endloop
  endfacet
  facet normal 0.0684458 -0.0395285 0.996871
    outer loop
      vertex -9.92773 -16.9544 5.40398
      vertex -12.3033 -20.8918 5.41096
      vertex -12.2898 -20.9002 5.4097
    endloop
  endfacet
  facet normal 0.157834 -0.0911261 0.983252
    outer loop
      vertex -12.4797 -20.7838 5.4437
      vertex -10.0919 -16.8539 5.42462
      vertex -10.1797 -16.8001 5.4437
    endloop
  endfacet
  facet normal 0.157834 -0.0911261 0.983252
    outer loop
      vertex -10.0919 -16.8539 5.42462
      vertex -12.4797 -20.7838 5.4437
      vertex -12.3919 -20.8376 5.42462
    endloop
  endfacet
  facet normal -0.800099 0.461929 -0.382704
    outer loop
      vertex -8.16152 -17.8705 8.11674
      vertex -10.5041 -21.8479 8.21347
      vertex -8.1978 -17.8532 8.21347
    endloop
  endfacet
  facet normal -0.80005 0.461897 -0.382845
    outer loop
      vertex -10.5041 -21.8479 8.21347
      vertex -8.16152 -17.8705 8.11674
      vertex -10.4678 -21.8652 8.11674
    endloop
  endfacet
  facet normal -0.761021 0.439377 0.477278
    outer loop
      vertex -10.5902 -21.8068 6.4
      vertex -8.23861 -17.8337 6.49202
      vertex -8.28385 -17.8121 6.4
    endloop
  endfacet
  facet normal -0.760846 0.439265 0.477662
    outer loop
      vertex -8.23861 -17.8337 6.49202
      vertex -10.5902 -21.8068 6.4
      vertex -10.5449 -21.8284 6.49202
    endloop
  endfacet
  facet normal -0.0679589 0.0392355 0.996916
    outer loop
      vertex -9.73298 -17.0674 5.40274
      vertex -11.9552 -21.0933 5.4097
      vertex -9.71912 -17.0749 5.40398
    endloop
  endfacet
  facet normal -0.0679156 0.0392116 0.99692
    outer loop
      vertex -11.9552 -21.0933 5.4097
      vertex -9.73298 -17.0674 5.40274
      vertex -12.033 -21.0511 5.40274
    endloop
  endfacet
  facet normal 0.372867 -0.215276 0.902567
    outer loop
      vertex -12.8994 -20.5265 5.61799
      vertex -10.5188 -16.5922 5.57291
      vertex -10.5994 -16.5428 5.61799
    endloop
  endfacet
  facet normal 0.372867 -0.215276 0.902567
    outer loop
      vertex -10.5188 -16.5922 5.57291
      vertex -12.8994 -20.5265 5.61799
      vertex -12.8188 -20.5759 5.57291
    endloop
  endfacet
  facet normal -0.562023 0.324497 0.76081
    outer loop
      vertex -8.71246 -17.6077 5.84571
      vertex -10.958 -21.6313 5.90302
      vertex -8.70204 -17.6127 5.85554
    endloop
  endfacet
  facet normal -0.562472 0.324742 0.760373
    outer loop
      vertex -11.0185 -21.6019 5.84571
      vertex -10.958 -21.6313 5.90302
      vertex -8.71246 -17.6077 5.84571
    endloop
  endfacet
  facet normal -0.540448 0.365309 0.757934
    outer loop
      vertex -10.958 -21.6313 5.90302
      vertex -11.0185 -21.6019 5.84571
      vertex -11.0093 -21.6069 5.85468
    endloop
  endfacet
  facet normal -0.289102 0.166914 0.942635
    outer loop
      vertex -9.26875 -17.3194 5.50309
      vertex -11.4949 -21.3432 5.53284
      vertex -9.1949 -17.3595 5.53284
    endloop
  endfacet
  facet normal -0.289361 0.167056 0.94253
    outer loop
      vertex -11.4949 -21.3432 5.53284
      vertex -9.26875 -17.3194 5.50309
      vertex -11.5083 -21.336 5.52745
    endloop
  endfacet
  facet normal -0.331123 0.191178 0.924017
    outer loop
      vertex -9.12248 -17.3988 5.56696
      vertex -11.4099 -21.3894 5.57291
      vertex -9.10986 -17.4057 5.57291
    endloop
  endfacet
  facet normal -0.331504 0.191396 0.923836
    outer loop
      vertex -11.4099 -21.3894 5.57291
      vertex -9.12248 -17.3988 5.56696
      vertex -11.4818 -21.3504 5.53903
    endloop
  endfacet
  facet normal -0.452539 0.261273 0.852611
    outer loop
      vertex -8.92091 -17.5083 5.68535
      vertex -11.1674 -21.5211 5.72266
      vertex -8.8658 -17.5346 5.72266
    endloop
  endfacet
  facet normal -0.452141 0.261052 0.852889
    outer loop
      vertex -8.94588 -17.4947 5.66795
      vertex -11.1674 -21.5211 5.72266
      vertex -8.92091 -17.5083 5.68535
    endloop
  endfacet
  facet normal -0.452295 0.261136 0.852782
    outer loop
      vertex -11.1674 -21.5211 5.72266
      vertex -8.94588 -17.4947 5.66795
      vertex -11.2459 -21.4784 5.66795
    endloop
  endfacet
  facet normal -0.713299 0.411809 -0.567113
    outer loop
      vertex -8.33338 -17.7885 8.48928
      vertex -10.6848 -21.7617 8.56169
      vertex -8.34089 -17.7849 8.50134
    endloop
  endfacet
  facet normal -0.713524 0.411949 -0.566729
    outer loop
      vertex -10.6848 -21.7617 8.56169
      vertex -8.33338 -17.7885 8.48928
      vertex -10.6397 -21.7832 8.48928
    endloop
  endfacet
  facet normal -0.596394 0.344318 0.725092
    outer loop
      vertex -8.64037 -17.6421 5.91371
      vertex -10.8888 -21.6644 5.97439
      vertex -8.6305 -17.6468 5.92406
    endloop
  endfacet
  facet normal -0.596136 0.344177 0.725372
    outer loop
      vertex -10.8888 -21.6644 5.97439
      vertex -8.64037 -17.6421 5.91371
      vertex -10.9467 -21.6368 5.91371
    endloop
  endfacet
  facet normal 0.0679123 -0.0392065 -0.996921
    outer loop
      vertex -12.3033 -20.8918 9.38904
      vertex -9.92773 -16.9544 9.39602
      vertex -12.2898 -20.9002 9.39029
    endloop
  endfacet
  facet normal 0.068019 -0.0392709 -0.996911
    outer loop
      vertex -9.92773 -16.9544 9.39602
      vertex -12.3033 -20.8918 9.38904
      vertex -10.0033 -16.9081 9.38904
    endloop
  endfacet
  facet normal -0.0223994 0.0129325 -0.999665
    outer loop
      vertex -12.033 -21.0511 9.39726
      vertex -9.74689 -17.0598 9.39767
      vertex -9.73298 -17.0674 9.39726
    endloop
  endfacet
  facet normal -0.0226092 0.0130526 -0.999659
    outer loop
      vertex -9.74689 -17.0598 9.39767
      vertex -12.033 -21.0511 9.39726
      vertex -12.1111 -21.0087 9.39958
    endloop
  endfacet
  facet normal 0.527308 -0.304447 -0.793258
    outer loop
      vertex -13.1874 -20.35 8.96426
      vertex -10.8238 -16.3963 9.01803
      vertex -13.1277 -20.3867 9.01803
    endloop
  endfacet
  facet normal 0.526409 -0.303898 -0.794065
    outer loop
      vertex -10.8238 -16.3963 9.01803
      vertex -13.1874 -20.35 8.96426
      vertex -10.8338 -16.3894 9.00876
    endloop
  endfacet
  facet normal -0.372513 0.215085 -0.902758
    outer loop
      vertex -11.3397 -21.4275 9.189
      vertex -9.10986 -17.4057 9.22709
      vertex -9.09754 -17.4124 9.22041
    endloop
  endfacet
  facet normal -0.372879 0.215286 -0.902559
    outer loop
      vertex -9.10986 -17.4057 9.22709
      vertex -11.3397 -21.4275 9.189
      vertex -11.4099 -21.3894 9.22709
    endloop
  endfacet
  facet normal -0.202171 0.116722 -0.97237
    outer loop
      vertex -11.6699 -21.2482 9.33185
      vertex -9.44603 -17.2232 9.35263
      vertex -9.36993 -17.2645 9.33185
    endloop
  endfacet
  facet normal -0.201169 0.11617 -0.972644
    outer loop
      vertex -9.44603 -17.2232 9.35263
      vertex -11.6699 -21.2482 9.33185
      vertex -11.6837 -21.2407 9.3356
    endloop
  endfacet
  facet normal -0.842119 0.486199 0.233337
    outer loop
      vertex -10.4093 -21.8931 6.88236
      vertex -8.08384 -17.9075 6.97029
      vertex -8.10295 -17.8984 6.88236
    endloop
  endfacet
  facet normal -0.841738 0.485935 0.235255
    outer loop
      vertex -8.08384 -17.9075 6.97029
      vertex -10.4093 -21.8931 6.88236
      vertex -10.4056 -21.8948 6.89911
    endloop
  endfacet
  facet normal -0.628172 0.362676 -0.688379
    outer loop
      vertex -10.8676 -21.6745 8.80218
      vertex -8.57161 -17.6749 8.81421
      vertex -8.51562 -17.7016 8.74905
    endloop
  endfacet
  facet normal -0.629396 0.363374 -0.686892
    outer loop
      vertex -8.57161 -17.6749 8.81421
      vertex -10.8676 -21.6745 8.80218
      vertex -10.8779 -21.6696 8.81421
    endloop
  endfacet
  facet normal 0.562334 -0.324656 -0.760512
    outer loop
      vertex -13.2646 -20.2985 8.88629
      vertex -10.8925 -16.3491 8.95429
      vertex -13.1985 -20.3433 8.95429
    endloop
  endfacet
  facet normal 0.534878 -0.366423 -0.761341
    outer loop
      vertex -13.2646 -20.2985 8.88629
      vertex -13.1985 -20.3433 8.95429
      vertex -13.2075 -20.3378 8.94532
    endloop
  endfacet
  facet normal 0.562373 -0.32468 -0.760473
    outer loop
      vertex -10.8925 -16.3491 8.95429
      vertex -13.2646 -20.2985 8.88629
      vertex -10.9583 -16.3038 8.88629
    endloop
  endfacet
  facet normal 0.740827 -0.427728 -0.517903
    outer loop
      vertex -11.2776 -16.0844 8.41242
      vertex -13.5902 -20.0748 8.4
      vertex -11.2838 -16.0801 8.4
    endloop
  endfacet
  facet normal 0.73826 -0.426225 -0.522785
    outer loop
      vertex -13.5902 -20.0748 8.4
      vertex -11.2776 -16.0844 8.41242
      vertex -13.5522 -20.1008 8.47486
    endloop
  endfacet
  facet normal 0.289216 -0.166976 -0.942588
    outer loop
      vertex -12.7363 -20.6265 9.26716
      vertex -10.4238 -16.6504 9.27236
      vertex -12.6651 -20.6701 9.29673
    endloop
  endfacet
  facet normal 0.290121 -0.167502 -0.942217
    outer loop
      vertex -10.4238 -16.6504 9.27236
      vertex -12.7363 -20.6265 9.26716
      vertex -10.4363 -16.6428 9.26716
    endloop
  endfacet
  facet normal 0.490851 -0.283396 -0.823864
    outer loop
      vertex -13.1277 -20.3867 9.01803
      vertex -10.8134 -16.4034 9.02668
      vertex -13.0656 -20.4247 9.0681
    endloop
  endfacet
  facet normal 0.491293 -0.283653 -0.823512
    outer loop
      vertex -10.8134 -16.4034 9.02668
      vertex -13.1277 -20.3867 9.01803
      vertex -10.8238 -16.3963 9.01803
    endloop
  endfacet
  facet normal 0.842103 -0.48618 -0.233435
    outer loop
      vertex -11.449 -15.9666 7.91764
      vertex -13.7755 -19.9474 7.81582
      vertex -11.4692 -15.9527 7.81582
    endloop
  endfacet
  facet normal 0.842191 -0.486243 -0.232984
    outer loop
      vertex -13.7755 -19.9474 7.81582
      vertex -11.449 -15.9666 7.91764
      vertex -13.7553 -19.9612 7.91764
    endloop
  endfacet
  facet normal 0.781631 -0.451267 0.430595
    outer loop
      vertex -13.6687 -20.0208 6.58653
      vertex -11.3303 -16.0482 6.5051
      vertex -11.3624 -16.0261 6.58653
    endloop
  endfacet
  facet normal 0.783743 -0.452618 0.425304
    outer loop
      vertex -11.3303 -16.0482 6.5051
      vertex -13.6687 -20.0208 6.58653
      vertex -13.6627 -20.0249 6.57111
    endloop
  endfacet
  facet normal 0.863534 -0.498553 -0.0758501
    outer loop
      vertex -11.5022 -15.93 7.51886
      vertex -13.8094 -19.9241 7.50467
      vertex -11.5031 -15.9294 7.50467
    endloop
  endfacet
  facet normal 0.863343 -0.498432 -0.0787715
    outer loop
      vertex -13.8094 -19.9241 7.50467
      vertex -11.5022 -15.93 7.51886
      vertex -13.8037 -19.928 7.59182
    endloop
  endfacet
  facet normal 0.067768 -0.0391227 0.996934
    outer loop
      vertex -12.2898 -20.9002 5.4097
      vertex -9.91428 -16.9627 5.40274
      vertex -9.92773 -16.9544 5.40398
    endloop
  endfacet
  facet normal 0.0679094 -0.039208 0.996921
    outer loop
      vertex -9.91428 -16.9627 5.40274
      vertex -12.2898 -20.9002 5.4097
      vertex -12.2143 -20.9464 5.40274
    endloop
  endfacet
  facet normal 0.288831 -0.166761 0.942745
    outer loop
      vertex -12.6651 -20.6701 5.50327
      vertex -10.3521 -16.6944 5.49789
      vertex -10.4238 -16.6504 5.52764
    endloop
  endfacet
  facet normal 0.287978 -0.166265 0.943093
    outer loop
      vertex -10.3521 -16.6944 5.49789
      vertex -12.6651 -20.6701 5.50327
      vertex -12.6521 -20.6781 5.49789
    endloop
  endfacet
  facet normal 0.246136 -0.142107 0.958761
    outer loop
      vertex -12.6521 -20.6781 5.49789
      vertex -10.2793 -16.739 5.47259
      vertex -10.3521 -16.6944 5.49789
    endloop
  endfacet
  facet normal 0.246936 -0.142591 0.958483
    outer loop
      vertex -10.2793 -16.739 5.47259
      vertex -12.6521 -20.6781 5.49789
      vertex -12.639 -20.6862 5.49331
    endloop
  endfacet
  facet normal -0.816367 0.471317 0.333773
    outer loop
      vertex -10.4678 -21.8652 6.68326
      vertex -8.12988 -17.8856 6.78197
      vertex -8.16152 -17.8705 6.68326
    endloop
  endfacet
  facet normal -0.816579 0.471459 0.333054
    outer loop
      vertex -8.12988 -17.8856 6.78197
      vertex -10.4678 -21.8652 6.68326
      vertex -10.4362 -21.8802 6.78197
    endloop
  endfacet
  facet normal -0.0223994 0.0129325 0.999665
    outer loop
      vertex -9.74689 -17.0598 5.40233
      vertex -12.033 -21.0511 5.40274
      vertex -9.73298 -17.0674 5.40274
    endloop
  endfacet
  facet normal -0.0227068 0.0131085 0.999656
    outer loop
      vertex -12.033 -21.0511 5.40274
      vertex -9.74689 -17.0598 5.40233
      vertex -12.1111 -21.0087 5.40041
    endloop
  endfacet
  facet normal -0.113012 0.0652474 0.991449
    outer loop
      vertex -9.64121 -17.1172 5.41096
      vertex -11.85 -21.1505 5.42462
      vertex -9.54995 -17.1667 5.42462
    endloop
  endfacet
  facet normal -0.113014 0.0652486 0.991449
    outer loop
      vertex -11.85 -21.1505 5.42462
      vertex -9.64121 -17.1172 5.41096
      vertex -11.9412 -21.1009 5.41096
    endloop
  endfacet
  facet normal 0.713791 -0.41211 0.566275
    outer loop
      vertex -13.5449 -20.1058 6.31072
      vertex -11.1896 -16.1449 6.22443
      vertex -11.2386 -16.1112 6.31072
    endloop
  endfacet
  facet normal 0.713791 -0.41211 0.566275
    outer loop
      vertex -11.1896 -16.1449 6.22443
      vertex -13.5449 -20.1058 6.31072
      vertex -13.4959 -20.1395 6.22443
    endloop
  endfacet
  facet normal -0.413242 0.238589 0.87881
    outer loop
      vertex -9.02678 -17.4508 5.61799
      vertex -11.2459 -21.4784 5.66795
      vertex -8.94588 -17.4947 5.66795
    endloop
  endfacet
  facet normal -0.413242 0.238589 0.87881
    outer loop
      vertex -11.2459 -21.4784 5.66795
      vertex -9.02678 -17.4508 5.61799
      vertex -11.3268 -21.4345 5.61799
    endloop
  endfacet
  facet normal -0.372513 0.215085 0.902758
    outer loop
      vertex -9.10986 -17.4057 5.57291
      vertex -11.3397 -21.4275 5.611
      vertex -9.09754 -17.4124 5.57959
    endloop
  endfacet
  facet normal -0.372879 0.215286 0.902559
    outer loop
      vertex -11.3397 -21.4275 5.611
      vertex -9.10986 -17.4057 5.57291
      vertex -11.4099 -21.3894 5.57291
    endloop
  endfacet
  facet normal -0.628172 0.362676 0.688379
    outer loop
      vertex -8.57161 -17.6749 5.98579
      vertex -10.8676 -21.6745 5.99782
      vertex -8.51562 -17.7016 6.05095
    endloop
  endfacet
  facet normal -0.629396 0.363374 0.686892
    outer loop
      vertex -10.8676 -21.6745 5.99782
      vertex -8.57161 -17.6749 5.98579
      vertex -10.8779 -21.6696 5.98579
    endloop
  endfacet
  facet normal -0.596134 0.34417 0.725377
    outer loop
      vertex -8.6305 -17.6468 5.92406
      vertex -10.8779 -21.6696 5.98579
      vertex -8.57161 -17.6749 5.98579
    endloop
  endfacet
  facet normal -0.595432 0.34379 0.726133
    outer loop
      vertex -10.8779 -21.6696 5.98579
      vertex -8.6305 -17.6468 5.92406
      vertex -10.8888 -21.6644 5.97439
    endloop
  endfacet
  facet normal -0.858657 0.49575 0.130159
    outer loop
      vertex -10.3699 -21.9119 7.08713
      vertex -8.06186 -17.918 7.10126
      vertex -8.06354 -17.9172 7.08713
    endloop
  endfacet
  facet normal -0.858557 0.495689 0.131047
    outer loop
      vertex -8.06186 -17.918 7.10126
      vertex -10.3699 -21.9119 7.08713
      vertex -10.3595 -21.9168 7.1738
    endloop
  endfacet
  facet normal 0.0680064 -0.039264 -0.996912
    outer loop
      vertex -12.2898 -20.9002 9.39029
      vertex -9.91428 -16.9627 9.39726
      vertex -12.2143 -20.9464 9.39726
    endloop
  endfacet
  facet normal 0.0677691 -0.0391208 -0.996934
    outer loop
      vertex -9.91428 -16.9627 9.39726
      vertex -12.2898 -20.9002 9.39029
      vertex -9.92773 -16.9544 9.39602
    endloop
  endfacet
  facet normal -0.158149 0.0913059 -0.983185
    outer loop
      vertex -11.7594 -21.1996 9.35629
      vertex -9.47301 -17.2085 9.35916
      vertex -9.45944 -17.2159 9.35629
    endloop
  endfacet
  facet normal -0.157858 0.0911394 -0.983247
    outer loop
      vertex -9.47301 -17.2085 9.35916
      vertex -11.7594 -21.1996 9.35629
      vertex -11.8361 -21.158 9.37246
    endloop
  endfacet
  facet normal -0.562442 0.324724 -0.760404
    outer loop
      vertex -10.9467 -21.6368 8.88629
      vertex -8.70204 -17.6127 8.94446
      vertex -8.64037 -17.6421 8.88629
    endloop
  endfacet
  facet normal -0.56192 0.324441 -0.76091
    outer loop
      vertex -8.70204 -17.6127 8.94446
      vertex -10.9467 -21.6368 8.88629
      vertex -10.958 -21.6313 8.89698
    endloop
  endfacet
  facet normal -0.596394 0.344318 -0.725092
    outer loop
      vertex -10.8888 -21.6644 8.82561
      vertex -8.64037 -17.6421 8.88629
      vertex -8.6305 -17.6468 8.87594
    endloop
  endfacet
  facet normal -0.596136 0.344177 -0.725372
    outer loop
      vertex -8.64037 -17.6421 8.88629
      vertex -10.8888 -21.6644 8.82561
      vertex -10.9467 -21.6368 8.88629
    endloop
  endfacet
  facet normal -0.289015 0.166864 -0.94267
    outer loop
      vertex -11.4949 -21.3432 9.26716
      vertex -9.26875 -17.3194 9.2969
      vertex -9.1949 -17.3595 9.26716
    endloop
  endfacet
  facet normal -0.289362 0.167054 -0.94253
    outer loop
      vertex -9.26875 -17.3194 9.2969
      vertex -11.4949 -21.3432 9.26716
      vertex -11.5083 -21.336 9.27255
    endloop
  endfacet
  facet normal -0.658452 0.380159 -0.649554
    outer loop
      vertex -8.44478 -17.7354 8.65864
      vertex -10.8127 -21.7007 8.73826
      vertex -8.50635 -17.706 8.73826
    endloop
  endfacet
  facet normal -0.658548 0.380219 -0.649422
    outer loop
      vertex -10.8127 -21.7007 8.73826
      vertex -8.44478 -17.7354 8.65864
      vertex -10.7511 -21.73 8.65864
    endloop
  endfacet
  facet normal -0.687156 0.396732 -0.608622
    outer loop
      vertex -8.38707 -17.7629 8.57557
      vertex -10.7027 -21.7532 8.58891
      vertex -8.43664 -17.7393 8.64692
    endloop
  endfacet
  facet normal -0.68662 0.396418 -0.609431
    outer loop
      vertex -10.7027 -21.7532 8.58891
      vertex -8.38707 -17.7629 8.57557
      vertex -10.6934 -21.7576 8.57557
    endloop
  endfacet
  facet normal -0.289502 0.167132 -0.942473
    outer loop
      vertex -11.5083 -21.336 9.27255
      vertex -9.28167 -17.3124 9.30211
      vertex -9.26875 -17.3194 9.2969
    endloop
  endfacet
  facet normal -0.288957 0.166832 -0.942694
    outer loop
      vertex -9.28167 -17.3124 9.30211
      vertex -11.5083 -21.336 9.27255
      vertex -11.5817 -21.2961 9.30211
    endloop
  endfacet
  facet normal 0.596012 -0.344101 -0.72551
    outer loop
      vertex -13.3274 -20.2553 8.81421
      vertex -10.9583 -16.3038 8.88629
      vertex -13.2646 -20.2985 8.88629
    endloop
  endfacet
  facet normal 0.596214 -0.344227 -0.725284
    outer loop
      vertex -10.9583 -16.3038 8.88629
      vertex -13.3274 -20.2553 8.81421
      vertex -11.0211 -16.2607 8.81421
    endloop
  endfacet
  facet normal 0.112962 -0.0652189 -0.991457
    outer loop
      vertex -12.3919 -20.8376 9.37538
      vertex -10.0033 -16.9081 9.38904
      vertex -12.3033 -20.8918 9.38904
    endloop
  endfacet
  facet normal 0.112962 -0.0652189 -0.991457
    outer loop
      vertex -10.0033 -16.9081 9.38904
      vertex -12.3919 -20.8376 9.37538
      vertex -10.0919 -16.8539 9.37538
    endloop
  endfacet
  facet normal -0.113012 0.0652474 -0.991449
    outer loop
      vertex -11.85 -21.1505 9.37538
      vertex -9.64121 -17.1172 9.38904
      vertex -9.54995 -17.1667 9.37538
    endloop
  endfacet
  facet normal -0.113014 0.0652486 -0.991449
    outer loop
      vertex -9.64121 -17.1172 9.38904
      vertex -11.85 -21.1505 9.37538
      vertex -11.9412 -21.1009 9.38904
    endloop
  endfacet
  facet normal 0.488916 -0.282275 -0.825398
    outer loop
      vertex -13.0656 -20.4247 9.0681
      vertex -10.7525 -16.4453 9.07734
      vertex -13.0541 -20.4318 9.07734
    endloop
  endfacet
  facet normal 0.490608 -0.283261 -0.824055
    outer loop
      vertex -10.7525 -16.4453 9.07734
      vertex -13.0656 -20.4247 9.0681
      vertex -10.8134 -16.4034 9.02668
    endloop
  endfacet
  facet normal 0.816411 -0.471379 0.333579
    outer loop
      vertex -13.7308 -19.9781 6.78197
      vertex -11.3955 -16.0033 6.68326
      vertex -11.4244 -15.9835 6.78197
    endloop
  endfacet
  facet normal 0.816286 -0.471295 0.334003
    outer loop
      vertex -11.3955 -16.0033 6.68326
      vertex -13.7308 -19.9781 6.78197
      vertex -13.7019 -19.998 6.68326
    endloop
  endfacet
  facet normal 0.850955 -0.491219 0.185954
    outer loop
      vertex -13.7887 -19.9383 7.07015
      vertex -11.4692 -15.9527 6.98418
      vertex -11.4714 -15.9512 6.99821
    endloop
  endfacet
  facet normal 0.851442 -0.491572 0.182765
    outer loop
      vertex -11.4692 -15.9527 6.98418
      vertex -13.7887 -19.9383 7.07015
      vertex -13.7755 -19.9474 6.98418
    endloop
  endfacet
  facet normal 0.830168 -0.479303 -0.284763
    outer loop
      vertex -11.4244 -15.9835 8.01803
      vertex -13.7348 -19.9754 8.00155
      vertex -11.4457 -15.9689 7.93136
    endloop
  endfacet
  facet normal 0.831273 -0.47996 -0.280399
    outer loop
      vertex -13.7348 -19.9754 8.00155
      vertex -11.4244 -15.9835 8.01803
      vertex -13.7308 -19.9781 8.01803
    endloop
  endfacet
  facet normal 0.831282 -0.479944 -0.280401
    outer loop
      vertex -11.4457 -15.9689 7.93136
      vertex -13.7553 -19.9612 7.91764
      vertex -11.449 -15.9666 7.91764
    endloop
  endfacet
  facet normal 0.830371 -0.479405 -0.283997
    outer loop
      vertex -13.7553 -19.9612 7.91764
      vertex -11.4457 -15.9689 7.93136
      vertex -13.7348 -19.9754 8.00155
    endloop
  endfacet
  facet normal 0.781324 -0.4511 0.431325
    outer loop
      vertex -13.6627 -20.0249 6.57111
      vertex -11.3251 -16.0517 6.49202
      vertex -11.3303 -16.0482 6.5051
    endloop
  endfacet
  facet normal 0.78148 -0.451199 0.430939
    outer loop
      vertex -11.3251 -16.0517 6.49202
      vertex -13.6627 -20.0249 6.57111
      vertex -13.6315 -20.0464 6.49202
    endloop
  endfacet
  facet normal 0.800351 -0.462095 0.381976
    outer loop
      vertex -13.7019 -19.998 6.68326
      vertex -11.391 -16.0065 6.66996
      vertex -11.3955 -16.0033 6.68326
    endloop
  endfacet
  facet normal 0.799928 -0.461846 0.383161
    outer loop
      vertex -11.391 -16.0065 6.66996
      vertex -13.7019 -19.998 6.68326
      vertex -13.6741 -20.017 6.60232
    endloop
  endfacet
  facet normal 0.800068 -0.461919 0.382783
    outer loop
      vertex -13.6741 -20.017 6.60232
      vertex -11.3624 -16.0261 6.58653
      vertex -11.391 -16.0065 6.66996
    endloop
  endfacet
  facet normal 0.799459 -0.46156 0.384484
    outer loop
      vertex -11.3624 -16.0261 6.58653
      vertex -13.6741 -20.017 6.60232
      vertex -13.6687 -20.0208 6.58653
    endloop
  endfacet
  facet normal 0.491293 -0.283653 0.823512
    outer loop
      vertex -13.1277 -20.3867 5.78197
      vertex -10.8134 -16.4034 5.77332
      vertex -10.8238 -16.3963 5.78197
    endloop
  endfacet
  facet normal 0.490851 -0.283396 0.823864
    outer loop
      vertex -10.8134 -16.4034 5.77332
      vertex -13.1277 -20.3867 5.78197
      vertex -13.0656 -20.4247 5.7319
    endloop
  endfacet
  facet normal 0.858577 -0.495703 0.130857
    outer loop
      vertex -13.8026 -19.9287 7.19094
      vertex -11.4865 -15.9408 7.10126
      vertex -11.4963 -15.9341 7.19094
    endloop
  endfacet
  facet normal 0.858891 -0.495954 0.127815
    outer loop
      vertex -11.4865 -15.9408 7.10126
      vertex -13.8026 -19.9287 7.19094
      vertex -13.8008 -19.93 7.1738
    endloop
  endfacet
  facet normal 0.859046 -0.496072 0.126302
    outer loop
      vertex -13.8008 -19.93 7.1738
      vertex -11.485 -15.9418 7.08713
      vertex -11.4865 -15.9408 7.10126
    endloop
  endfacet
  facet normal 0.858534 -0.495666 0.131278
    outer loop
      vertex -11.485 -15.9418 7.08713
      vertex -13.8008 -19.93 7.1738
      vertex -13.7913 -19.9365 7.08713
    endloop
  endfacet
  facet normal 0.851532 -0.491623 -0.18221
    outer loop
      vertex -11.4714 -15.9512 7.80179
      vertex -13.7913 -19.9365 7.71287
      vertex -11.485 -15.9418 7.71287
    endloop
  endfacet
  facet normal 0.851489 -0.491592 -0.182493
    outer loop
      vertex -13.7913 -19.9365 7.71287
      vertex -11.4714 -15.9512 7.80179
      vertex -13.7887 -19.9383 7.72985
    endloop
  endfacet
  facet normal 0.112962 -0.0652189 0.991457
    outer loop
      vertex -12.3919 -20.8376 5.42462
      vertex -10.0033 -16.9081 5.41096
      vertex -10.0919 -16.8539 5.42462
    endloop
  endfacet
  facet normal 0.112962 -0.0652189 0.991457
    outer loop
      vertex -10.0033 -16.9081 5.41096
      vertex -12.3919 -20.8376 5.42462
      vertex -12.3033 -20.8918 5.41096
    endloop
  endfacet
  facet normal 0.290121 -0.167502 0.942217
    outer loop
      vertex -12.7363 -20.6265 5.53284
      vertex -10.4238 -16.6504 5.52764
      vertex -10.4363 -16.6428 5.53284
    endloop
  endfacet
  facet normal 0.289216 -0.166976 0.942588
    outer loop
      vertex -10.4238 -16.6504 5.52764
      vertex -12.7363 -20.6265 5.53284
      vertex -12.6651 -20.6701 5.50327
    endloop
  endfacet
  facet normal -0.800099 0.461929 0.382704
    outer loop
      vertex -10.5041 -21.8479 6.58653
      vertex -8.16152 -17.8705 6.68326
      vertex -8.1978 -17.8532 6.58653
    endloop
  endfacet
  facet normal -0.80005 0.461897 0.382845
    outer loop
      vertex -8.16152 -17.8705 6.68326
      vertex -10.5041 -21.8479 6.58653
      vertex -10.4678 -21.8652 6.68326
    endloop
  endfacet
  facet normal -0.842119 0.486199 -0.233337
    outer loop
      vertex -8.08384 -17.9075 7.82971
      vertex -10.4093 -21.8931 7.91764
      vertex -8.10295 -17.8984 7.91764
    endloop
  endfacet
  facet normal -0.841738 0.485935 -0.235255
    outer loop
      vertex -10.4093 -21.8931 7.91764
      vertex -8.08384 -17.9075 7.82971
      vertex -10.4056 -21.8948 7.90089
    endloop
  endfacet
  facet normal -0.202171 0.116722 0.97237
    outer loop
      vertex -9.44603 -17.2232 5.44737
      vertex -11.6699 -21.2482 5.46815
      vertex -9.36993 -17.2645 5.46815
    endloop
  endfacet
  facet normal -0.201169 0.11617 0.972644
    outer loop
      vertex -11.6699 -21.2482 5.46815
      vertex -9.44603 -17.2232 5.44737
      vertex -11.6837 -21.2407 5.4644
    endloop
  endfacet
  facet normal 0.686913 -0.396592 0.608987
    outer loop
      vertex -13.4959 -20.1395 6.22443
      vertex -11.1443 -16.176 6.15308
      vertex -11.1896 -16.1449 6.22443
    endloop
  endfacet
  facet normal 0.687341 -0.396858 0.60833
    outer loop
      vertex -11.1443 -16.176 6.15308
      vertex -13.4959 -20.1395 6.22443
      vertex -13.4875 -20.1454 6.21109
    endloop
  endfacet
  facet normal 0.68802 -0.397274 0.607291
    outer loop
      vertex -13.4875 -20.1454 6.21109
      vertex -11.1369 -16.1811 6.14136
      vertex -11.1443 -16.176 6.15308
    endloop
  endfacet
  facet normal 0.686786 -0.396509 0.609185
    outer loop
      vertex -11.1369 -16.1811 6.14136
      vertex -13.4875 -20.1454 6.21109
      vertex -13.4432 -20.1758 6.14136
    endloop
  endfacet
  facet normal 0.761059 -0.439409 0.477189
    outer loop
      vertex -13.6315 -20.0464 6.49202
      vertex -11.2838 -16.0801 6.4
      vertex -11.3251 -16.0517 6.49202
    endloop
  endfacet
  facet normal 0.761059 -0.439409 0.477189
    outer loop
      vertex -11.2838 -16.0801 6.4
      vertex -13.6315 -20.0464 6.49202
      vertex -13.5902 -20.0748 6.4
    endloop
  endfacet
  facet normal -0.289002 0.166857 0.942675
    outer loop
      vertex -9.28167 -17.3124 5.49789
      vertex -11.5083 -21.336 5.52745
      vertex -9.26875 -17.3194 5.50309
    endloop
  endfacet
  facet normal -0.288957 0.166832 0.942694
    outer loop
      vertex -11.5083 -21.336 5.52745
      vertex -9.28167 -17.3124 5.49789
      vertex -11.5817 -21.2961 5.49789
    endloop
  endfacet
  facet normal -0.527142 0.304344 0.793408
    outer loop
      vertex -8.72335 -17.6025 5.83648
      vertex -11.0185 -21.6019 5.84571
      vertex -8.71246 -17.6077 5.84571
    endloop
  endfacet
  facet normal -0.527219 0.304388 0.793339
    outer loop
      vertex -11.0185 -21.6019 5.84571
      vertex -8.72335 -17.6025 5.83648
      vertex -11.0801 -21.5684 5.79192
    endloop
  endfacet
  facet normal -0.0227035 0.0131091 -0.999656
    outer loop
      vertex -12.1111 -21.0087 9.39958
      vertex -9.825 -17.0174 9.4
      vertex -9.74689 -17.0598 9.39767
    endloop
  endfacet
  facet normal -0.022958 0.0132548 -0.999649
    outer loop
      vertex -9.825 -17.0174 9.4
      vertex -12.1111 -21.0087 9.39958
      vertex -12.125 -21.0011 9.4
    endloop
  endfacet
  facet normal 0.157914 -0.0911723 -0.983235
    outer loop
      vertex -12.4797 -20.7838 9.35629
      vertex -10.0919 -16.8539 9.37538
      vertex -12.3919 -20.8376 9.37538
    endloop
  endfacet
  facet normal 0.157914 -0.0911723 -0.983235
    outer loop
      vertex -10.0919 -16.8539 9.37538
      vertex -12.4797 -20.7838 9.35629
      vertex -10.1797 -16.8001 9.35629
    endloop
  endfacet
  facet normal -0.201935 0.116596 -0.972434
    outer loop
      vertex -11.6837 -21.2407 9.3356
      vertex -9.45944 -17.2159 9.35629
      vertex -9.44603 -17.2232 9.35263
    endloop
  endfacet
  facet normal -0.20233 0.116814 -0.972326
    outer loop
      vertex -9.45944 -17.2159 9.35629
      vertex -11.6837 -21.2407 9.3356
      vertex -11.7594 -21.1996 9.35629
    endloop
  endfacet
  facet normal 0.65777 -0.379724 -0.650499
    outer loop
      vertex -11.0807 -16.2197 8.73826
      vertex -13.4342 -20.1819 8.67136
      vertex -11.0887 -16.2142 8.72696
    endloop
  endfacet
  facet normal 0.65859 -0.380231 -0.649372
    outer loop
      vertex -13.4342 -20.1819 8.67136
      vertex -11.0807 -16.2197 8.73826
      vertex -13.387 -20.2144 8.73826
    endloop
  endfacet
  facet normal 0.68802 -0.397274 -0.607291
    outer loop
      vertex -11.1369 -16.1811 8.65864
      vertex -13.4875 -20.1454 8.58891
      vertex -11.1443 -16.176 8.64692
    endloop
  endfacet
  facet normal 0.686786 -0.396509 -0.609185
    outer loop
      vertex -13.4875 -20.1454 8.58891
      vertex -11.1369 -16.1811 8.65864
      vertex -13.4432 -20.1758 8.65864
    endloop
  endfacet
  facet normal 0.800068 -0.461919 -0.382783
    outer loop
      vertex -11.3624 -16.0261 8.21347
      vertex -13.6741 -20.017 8.19768
      vertex -11.391 -16.0065 8.13004
    endloop
  endfacet
  facet normal 0.799459 -0.46156 -0.384484
    outer loop
      vertex -13.6741 -20.017 8.19768
      vertex -11.3624 -16.0261 8.21347
      vertex -13.6687 -20.0208 8.21347
    endloop
  endfacet
  facet normal 0.781631 -0.451267 -0.430595
    outer loop
      vertex -11.3303 -16.0482 8.2949
      vertex -13.6687 -20.0208 8.21347
      vertex -11.3624 -16.0261 8.21347
    endloop
  endfacet
  facet normal 0.783743 -0.452618 -0.425304
    outer loop
      vertex -13.6687 -20.0208 8.21347
      vertex -11.3303 -16.0482 8.2949
      vertex -13.6627 -20.0249 8.22889
    endloop
  endfacet
  facet normal 0.761059 -0.439409 -0.477189
    outer loop
      vertex -11.2838 -16.0801 8.4
      vertex -13.6315 -20.0464 8.30798
      vertex -11.3251 -16.0517 8.30798
    endloop
  endfacet
  facet normal 0.761059 -0.439409 -0.477189
    outer loop
      vertex -13.6315 -20.0464 8.30798
      vertex -11.2838 -16.0801 8.4
      vertex -13.5902 -20.0748 8.4
    endloop
  endfacet
  facet normal -0.562023 0.324497 -0.76081
    outer loop
      vertex -10.958 -21.6313 8.89698
      vertex -8.71246 -17.6077 8.95429
      vertex -8.70204 -17.6127 8.94446
    endloop
  endfacet
  facet normal -0.540448 0.365309 -0.757934
    outer loop
      vertex -11.0185 -21.6019 8.95429
      vertex -10.958 -21.6313 8.89698
      vertex -11.0093 -21.6069 8.94532
    endloop
  endfacet
  facet normal -0.562472 0.324742 -0.760373
    outer loop
      vertex -10.958 -21.6313 8.89698
      vertex -11.0185 -21.6019 8.95429
      vertex -8.71246 -17.6077 8.95429
    endloop
  endfacet
  facet normal -0.527139 0.30434 -0.793411
    outer loop
      vertex -11.0801 -21.5684 9.00808
      vertex -8.78767 -17.5718 9.01803
      vertex -8.72335 -17.6025 8.96352
    endloop
  endfacet
  facet normal -0.527061 0.304295 -0.79348
    outer loop
      vertex -8.78767 -17.5718 9.01803
      vertex -11.0801 -21.5684 9.00808
      vertex -11.0915 -21.5622 9.01803
    endloop
  endfacet
  facet normal 0.331385 -0.191326 -0.923893
    outer loop
      vertex -12.8188 -20.5759 9.22709
      vertex -10.4363 -16.6428 9.26716
      vertex -12.7363 -20.6265 9.26716
    endloop
  endfacet
  facet normal 0.331385 -0.191326 -0.923893
    outer loop
      vertex -10.4363 -16.6428 9.26716
      vertex -12.8188 -20.5759 9.22709
      vertex -10.5188 -16.5922 9.22709
    endloop
  endfacet
  facet normal 0.842103 -0.48618 0.233435
    outer loop
      vertex -13.7755 -19.9474 6.98418
      vertex -11.449 -15.9666 6.88236
      vertex -11.4692 -15.9527 6.98418
    endloop
  endfacet
  facet normal 0.842191 -0.486243 0.232984
    outer loop
      vertex -11.449 -15.9666 6.88236
      vertex -13.7755 -19.9474 6.98418
      vertex -13.7553 -19.9612 6.88236
    endloop
  endfacet
  facet normal 0.816411 -0.471379 -0.333579
    outer loop
      vertex -11.3955 -16.0033 8.11674
      vertex -13.7308 -19.9781 8.01803
      vertex -11.4244 -15.9835 8.01803
    endloop
  endfacet
  facet normal 0.816286 -0.471295 -0.334003
    outer loop
      vertex -13.7308 -19.9781 8.01803
      vertex -11.3955 -16.0033 8.11674
      vertex -13.7019 -19.998 8.11674
    endloop
  endfacet
  facet normal 0.865727 -0.499831 0.0261863
    outer loop
      vertex -13.8117 -19.9225 7.4
      vertex -11.5031 -15.9294 7.29533
      vertex -11.5054 -15.9279 7.4
    endloop
  endfacet
  facet normal 0.865721 -0.499816 0.0266635
    outer loop
      vertex -11.5031 -15.9294 7.29533
      vertex -13.8117 -19.9225 7.4
      vertex -13.8094 -19.9241 7.29533
    endloop
  endfacet
  facet normal 0.863316 -0.498423 0.0791252
    outer loop
      vertex -13.8037 -19.928 7.20818
      vertex -11.4963 -15.9341 7.19094
      vertex -11.5022 -15.93 7.28114
    endloop
  endfacet
  facet normal 0.863562 -0.498582 0.0753437
    outer loop
      vertex -11.4963 -15.9341 7.19094
      vertex -13.8037 -19.928 7.20818
      vertex -13.8026 -19.9287 7.19094
    endloop
  endfacet
  facet normal 0.859046 -0.496072 -0.126302
    outer loop
      vertex -11.485 -15.9418 7.71287
      vertex -13.8008 -19.93 7.6262
      vertex -11.4865 -15.9408 7.69874
    endloop
  endfacet
  facet normal 0.858534 -0.495666 -0.131278
    outer loop
      vertex -13.8008 -19.93 7.6262
      vertex -11.485 -15.9418 7.71287
      vertex -13.7913 -19.9365 7.71287
    endloop
  endfacet
  facet normal 0.850955 -0.491219 -0.185954
    outer loop
      vertex -11.4692 -15.9527 7.81582
      vertex -13.7887 -19.9383 7.72985
      vertex -11.4714 -15.9512 7.80179
    endloop
  endfacet
  facet normal 0.851442 -0.491572 -0.182765
    outer loop
      vertex -13.7887 -19.9383 7.72985
      vertex -11.4692 -15.9527 7.81582
      vertex -13.7755 -19.9474 7.81582
    endloop
  endfacet
  facet normal 0.202209 -0.116743 0.972359
    outer loop
      vertex -12.5665 -20.7306 5.46815
      vertex -10.1797 -16.8001 5.4437
      vertex -10.2665 -16.7468 5.46815
    endloop
  endfacet
  facet normal 0.202302 -0.1168 0.972333
    outer loop
      vertex -10.1797 -16.8001 5.4437
      vertex -12.5665 -20.7306 5.46815
      vertex -12.4797 -20.7838 5.4437
    endloop
  endfacet
  facet normal 0.246025 -0.142045 0.958799
    outer loop
      vertex -12.639 -20.6862 5.49331
      vertex -10.2665 -16.7468 5.46815
      vertex -10.2793 -16.739 5.47259
    endloop
  endfacet
  facet normal 0.245838 -0.141932 0.958863
    outer loop
      vertex -10.2665 -16.7468 5.46815
      vertex -12.639 -20.6862 5.49331
      vertex -12.5665 -20.7306 5.46815
    endloop
  endfacet
  facet normal -0.202462 0.116889 0.972289
    outer loop
      vertex -9.45944 -17.2159 5.4437
      vertex -11.6837 -21.2407 5.4644
      vertex -9.44603 -17.2232 5.44737
    endloop
  endfacet
  facet normal -0.202422 0.116867 0.9723
    outer loop
      vertex -11.6837 -21.2407 5.4644
      vertex -9.45944 -17.2159 5.4437
      vertex -11.7594 -21.1996 5.4437
    endloop
  endfacet
  facet normal 0.658852 -0.380382 0.649017
    outer loop
      vertex -13.4432 -20.1758 6.14136
      vertex -11.0887 -16.2142 6.07303
      vertex -11.1369 -16.1811 6.14136
    endloop
  endfacet
  facet normal 0.659248 -0.380626 0.648472
    outer loop
      vertex -11.0887 -16.2142 6.07303
      vertex -13.4432 -20.1758 6.14136
      vertex -13.4342 -20.1819 6.12863
    endloop
  endfacet
  facet normal 0.738088 -0.426132 0.523104
    outer loop
      vertex -13.5522 -20.1008 6.32514
      vertex -11.2386 -16.1112 6.31072
      vertex -11.2776 -16.0844 6.38758
    endloop
  endfacet
  facet normal 0.73874 -0.426515 0.521871
    outer loop
      vertex -11.2386 -16.1112 6.31072
      vertex -13.5522 -20.1008 6.32514
      vertex -13.5449 -20.1058 6.31072
    endloop
  endfacet
  facet normal -0.761021 0.439377 -0.477278
    outer loop
      vertex -8.23861 -17.8337 8.30798
      vertex -10.5902 -21.8068 8.4
      vertex -8.28385 -17.8121 8.4
    endloop
  endfacet
  facet normal -0.760846 0.439265 -0.477662
    outer loop
      vertex -10.5902 -21.8068 8.4
      vertex -8.23861 -17.8337 8.30798
      vertex -10.5449 -21.8284 8.30798
    endloop
  endfacet
  facet normal -0.851547 0.49164 0.18209
    outer loop
      vertex -10.3871 -21.9036 6.98418
      vertex -8.06354 -17.9172 7.08713
      vertex -8.08082 -17.909 6.98418
    endloop
  endfacet
  facet normal -0.851574 0.49166 0.181912
    outer loop
      vertex -8.06354 -17.9172 7.08713
      vertex -10.3871 -21.9036 6.98418
      vertex -10.3699 -21.9119 7.08713
    endloop
  endfacet
  facet normal -0.62852 0.362877 0.687955
    outer loop
      vertex -8.51562 -17.7016 6.05095
      vertex -10.8127 -21.7007 6.06174
      vertex -8.50635 -17.706 6.06174
    endloop
  endfacet
  facet normal -0.628255 0.362726 0.688277
    outer loop
      vertex -10.8127 -21.7007 6.06174
      vertex -8.51562 -17.7016 6.05095
      vertex -10.8676 -21.6745 5.99782
    endloop
  endfacet
  facet normal -0.658452 0.380159 0.649554
    outer loop
      vertex -10.8127 -21.7007 6.06174
      vertex -8.44478 -17.7354 6.14136
      vertex -8.50635 -17.706 6.06174
    endloop
  endfacet
  facet normal -0.658548 0.380219 0.649422
    outer loop
      vertex -8.44478 -17.7354 6.14136
      vertex -10.8127 -21.7007 6.06174
      vertex -10.7511 -21.73 6.14136
    endloop
  endfacet
  facet normal -0.157792 0.0911 -0.983261
    outer loop
      vertex -11.8361 -21.158 9.37246
      vertex -9.54995 -17.1667 9.37538
      vertex -9.47301 -17.2085 9.35916
    endloop
  endfacet
  facet normal -0.157503 0.0909345 -0.983323
    outer loop
      vertex -9.54995 -17.1667 9.37538
      vertex -11.8361 -21.158 9.37246
      vertex -11.85 -21.1505 9.37538
    endloop
  endfacet
  facet normal 0.372867 -0.215276 -0.902567
    outer loop
      vertex -12.8994 -20.5265 9.18201
      vertex -10.5188 -16.5922 9.22709
      vertex -12.8188 -20.5759 9.22709
    endloop
  endfacet
  facet normal 0.372867 -0.215276 -0.902567
    outer loop
      vertex -10.5188 -16.5922 9.22709
      vertex -12.8994 -20.5265 9.18201
      vertex -10.5994 -16.5428 9.18201
    endloop
  endfacet
  facet normal 0.628291 -0.362742 -0.688235
    outer loop
      vertex -13.387 -20.2144 8.73826
      vertex -11.0722 -16.2255 8.74905
      vertex -13.3369 -20.2489 8.80218
    endloop
  endfacet
  facet normal 0.62756 -0.362315 -0.689127
    outer loop
      vertex -11.0722 -16.2255 8.74905
      vertex -13.387 -20.2144 8.73826
      vertex -11.0807 -16.2197 8.73826
    endloop
  endfacet
  facet normal 0.686913 -0.396592 -0.608987
    outer loop
      vertex -11.1443 -16.176 8.64692
      vertex -13.4959 -20.1395 8.57557
      vertex -11.1896 -16.1449 8.57557
    endloop
  endfacet
  facet normal 0.687341 -0.396858 -0.60833
    outer loop
      vertex -13.4959 -20.1395 8.57557
      vertex -11.1443 -16.176 8.64692
      vertex -13.4875 -20.1454 8.58891
    endloop
  endfacet
  facet normal 0.713791 -0.41211 -0.566275
    outer loop
      vertex -11.1896 -16.1449 8.57557
      vertex -13.5449 -20.1058 8.48928
      vertex -11.2386 -16.1112 8.48928
    endloop
  endfacet
  facet normal 0.713791 -0.41211 -0.566275
    outer loop
      vertex -13.5449 -20.1058 8.48928
      vertex -11.1896 -16.1449 8.57557
      vertex -13.4959 -20.1395 8.57557
    endloop
  endfacet
  facet normal 0.738088 -0.426132 -0.523104
    outer loop
      vertex -11.2386 -16.1112 8.48928
      vertex -13.5522 -20.1008 8.47486
      vertex -11.2776 -16.0844 8.41242
    endloop
  endfacet
  facet normal 0.73874 -0.426515 -0.521871
    outer loop
      vertex -13.5522 -20.1008 8.47486
      vertex -11.2386 -16.1112 8.48928
      vertex -13.5449 -20.1058 8.48928
    endloop
  endfacet
  facet normal 0.202224 -0.116754 -0.972355
    outer loop
      vertex -12.5665 -20.7306 9.33185
      vertex -10.1797 -16.8001 9.35629
      vertex -12.4797 -20.7838 9.35629
    endloop
  endfacet
  facet normal 0.202131 -0.116698 -0.972381
    outer loop
      vertex -10.1797 -16.8001 9.35629
      vertex -12.5665 -20.7306 9.33185
      vertex -10.2665 -16.7468 9.33185
    endloop
  endfacet
  facet normal -0.331123 0.191178 -0.924017
    outer loop
      vertex -11.4099 -21.3894 9.22709
      vertex -9.12248 -17.3988 9.23304
      vertex -9.10986 -17.4057 9.22709
    endloop
  endfacet
  facet normal -0.331504 0.191396 -0.923836
    outer loop
      vertex -9.12248 -17.3988 9.23304
      vertex -11.4099 -21.3894 9.22709
      vertex -11.4818 -21.3504 9.26097
    endloop
  endfacet
  facet normal -0.413242 0.238589 -0.87881
    outer loop
      vertex -11.2459 -21.4784 9.13205
      vertex -9.02678 -17.4508 9.18201
      vertex -8.94588 -17.4947 9.13205
    endloop
  endfacet
  facet normal -0.413242 0.238589 -0.87881
    outer loop
      vertex -9.02678 -17.4508 9.18201
      vertex -11.2459 -21.4784 9.13205
      vertex -11.3268 -21.4345 9.18201
    endloop
  endfacet
  facet normal -0.372935 0.215317 -0.902528
    outer loop
      vertex -11.3268 -21.4345 9.18201
      vertex -9.09754 -17.4124 9.22041
      vertex -9.02678 -17.4508 9.18201
    endloop
  endfacet
  facet normal -0.372477 0.215066 -0.902778
    outer loop
      vertex -9.09754 -17.4124 9.22041
      vertex -11.3268 -21.4345 9.18201
      vertex -11.3397 -21.4275 9.189
    endloop
  endfacet
  facet normal 0.246936 -0.142591 -0.958483
    outer loop
      vertex -12.6521 -20.6781 9.30211
      vertex -10.2793 -16.739 9.32741
      vertex -12.639 -20.6862 9.30669
    endloop
  endfacet
  facet normal 0.246136 -0.142107 -0.958761
    outer loop
      vertex -10.2793 -16.739 9.32741
      vertex -12.6521 -20.6781 9.30211
      vertex -10.3521 -16.6944 9.30211
    endloop
  endfacet
  facet normal 0.830168 -0.479303 0.284763
    outer loop
      vertex -13.7348 -19.9754 6.79845
      vertex -11.4244 -15.9835 6.78197
      vertex -11.4457 -15.9689 6.86864
    endloop
  endfacet
  facet normal 0.831273 -0.47996 0.280399
    outer loop
      vertex -11.4244 -15.9835 6.78197
      vertex -13.7348 -19.9754 6.79845
      vertex -13.7308 -19.9781 6.78197
    endloop
  endfacet
  facet normal 0.800351 -0.462095 -0.381976
    outer loop
      vertex -11.391 -16.0065 8.13004
      vertex -13.7019 -19.998 8.11674
      vertex -11.3955 -16.0033 8.11674
    endloop
  endfacet
  facet normal 0.799928 -0.461846 -0.383161
    outer loop
      vertex -13.7019 -19.998 8.11674
      vertex -11.391 -16.0065 8.13004
      vertex -13.6741 -20.017 8.19768
    endloop
  endfacet
  facet normal 0.331385 -0.191326 0.923893
    outer loop
      vertex -12.8188 -20.5759 5.57291
      vertex -10.4363 -16.6428 5.53284
      vertex -10.5188 -16.5922 5.57291
    endloop
  endfacet
  facet normal 0.331385 -0.191326 0.923893
    outer loop
      vertex -10.4363 -16.6428 5.53284
      vertex -12.8188 -20.5759 5.57291
      vertex -12.7363 -20.6265 5.53284
    endloop
  endfacet
  facet normal 0.526408 -0.3039 0.794065
    outer loop
      vertex -13.1874 -20.35 5.83573
      vertex -10.8238 -16.3963 5.78197
      vertex -10.8338 -16.3894 5.79124
    endloop
  endfacet
  facet normal 0.527246 -0.304411 0.793313
    outer loop
      vertex -10.8238 -16.3963 5.78197
      vertex -13.1874 -20.35 5.83573
      vertex -13.1277 -20.3867 5.78197
    endloop
  endfacet
  facet normal 0.596214 -0.344227 0.725284
    outer loop
      vertex -13.3274 -20.2553 5.98579
      vertex -10.9583 -16.3038 5.91371
      vertex -11.0211 -16.2607 5.98579
    endloop
  endfacet
  facet normal 0.596012 -0.344101 0.72551
    outer loop
      vertex -10.9583 -16.3038 5.91371
      vertex -13.3274 -20.2553 5.98579
      vertex -13.2646 -20.2985 5.91371
    endloop
  endfacet
  facet normal 0.562373 -0.32468 0.760473
    outer loop
      vertex -13.2646 -20.2985 5.91371
      vertex -10.8925 -16.3491 5.84571
      vertex -10.9583 -16.3038 5.91371
    endloop
  endfacet
  facet normal 0.562334 -0.324656 0.760512
    outer loop
      vertex -10.8925 -16.3491 5.84571
      vertex -13.2646 -20.2985 5.91371
      vertex -13.1985 -20.3433 5.84571
    endloop
  endfacet
  facet normal 0.534878 -0.366423 0.761341
    outer loop
      vertex -13.1985 -20.3433 5.84571
      vertex -13.2646 -20.2985 5.91371
      vertex -13.2075 -20.3378 5.85468
    endloop
  endfacet
  facet normal 0.657527 -0.379576 0.650831
    outer loop
      vertex -13.4342 -20.1819 6.12863
      vertex -11.0807 -16.2197 6.06174
      vertex -11.0887 -16.2142 6.07303
    endloop
  endfacet
  facet normal 0.658549 -0.380207 0.649428
    outer loop
      vertex -11.0807 -16.2197 6.06174
      vertex -13.4342 -20.1819 6.12863
      vertex -13.387 -20.2144 6.06174
    endloop
  endfacet
  facet normal 0.628098 -0.362636 0.688468
    outer loop
      vertex -13.3369 -20.2489 5.99782
      vertex -11.0211 -16.2607 5.98579
      vertex -11.0722 -16.2255 6.05095
    endloop
  endfacet
  facet normal 0.6279 -0.362521 0.68871
    outer loop
      vertex -11.0211 -16.2607 5.98579
      vertex -13.3369 -20.2489 5.99782
      vertex -13.3274 -20.2553 5.98579
    endloop
  endfacet
  facet normal 0.863534 -0.498553 0.0758501
    outer loop
      vertex -13.8094 -19.9241 7.29533
      vertex -11.5022 -15.93 7.28114
      vertex -11.5031 -15.9294 7.29533
    endloop
  endfacet
  facet normal 0.863343 -0.498432 0.0787715
    outer loop
      vertex -11.5022 -15.93 7.28114
      vertex -13.8094 -19.9241 7.29533
      vertex -13.8037 -19.928 7.20818
    endloop
  endfacet
  facet normal 0.863316 -0.498423 -0.0791252
    outer loop
      vertex -11.4963 -15.9341 7.60906
      vertex -13.8037 -19.928 7.59182
      vertex -11.5022 -15.93 7.51886
    endloop
  endfacet
  facet normal 0.863562 -0.498582 -0.0753437
    outer loop
      vertex -13.8037 -19.928 7.59182
      vertex -11.4963 -15.9341 7.60906
      vertex -13.8026 -19.9287 7.60906
    endloop
  endfacet
  facet normal 0.858577 -0.495703 -0.130857
    outer loop
      vertex -11.4865 -15.9408 7.69874
      vertex -13.8026 -19.9287 7.60906
      vertex -11.4963 -15.9341 7.60906
    endloop
  endfacet
  facet normal 0.858891 -0.495954 -0.127815
    outer loop
      vertex -13.8026 -19.9287 7.60906
      vertex -11.4865 -15.9408 7.69874
      vertex -13.8008 -19.93 7.6262
    endloop
  endfacet
  facet normal -0.781622 0.45126 0.430617
    outer loop
      vertex -10.5449 -21.8284 6.49202
      vertex -8.1978 -17.8532 6.58653
      vertex -8.23861 -17.8337 6.49202
    endloop
  endfacet
  facet normal -0.78165 0.451278 0.430549
    outer loop
      vertex -8.1978 -17.8532 6.58653
      vertex -10.5449 -21.8284 6.49202
      vertex -10.5041 -21.8479 6.58653
    endloop
  endfacet
  facet normal -0.738471 0.426352 -0.522383
    outer loop
      vertex -8.28385 -17.8121 8.4
      vertex -10.6397 -21.7832 8.48928
      vertex -8.33338 -17.7885 8.48928
    endloop
  endfacet
  facet normal -0.738564 0.426412 -0.522203
    outer loop
      vertex -10.6397 -21.7832 8.48928
      vertex -8.28385 -17.8121 8.4
      vertex -10.5902 -21.8068 8.4
    endloop
  endfacet
  facet normal -0.62852 0.362877 -0.687955
    outer loop
      vertex -10.8127 -21.7007 8.73826
      vertex -8.51562 -17.7016 8.74905
      vertex -8.50635 -17.706 8.73826
    endloop
  endfacet
  facet normal -0.628255 0.362726 -0.688277
    outer loop
      vertex -8.51562 -17.7016 8.74905
      vertex -10.8127 -21.7007 8.73826
      vertex -10.8676 -21.6745 8.80218
    endloop
  endfacet
  facet normal -0.0679579 0.0392374 -0.996916
    outer loop
      vertex -11.9552 -21.0933 9.39029
      vertex -9.73298 -17.0674 9.39726
      vertex -9.71912 -17.0749 9.39602
    endloop
  endfacet
  facet normal -0.0680126 0.0392676 -0.996911
    outer loop
      vertex -9.73298 -17.0674 9.39726
      vertex -11.9552 -21.0933 9.39029
      vertex -12.033 -21.0511 9.39726
    endloop
  endfacet
  facet normal -0.245998 0.142029 -0.958808
    outer loop
      vertex -11.5817 -21.2961 9.30211
      vertex -9.36993 -17.2645 9.33185
      vertex -9.28167 -17.3124 9.30211
    endloop
  endfacet
  facet normal -0.246116 0.142094 -0.958768
    outer loop
      vertex -9.36993 -17.2645 9.33185
      vertex -11.5817 -21.2961 9.30211
      vertex -11.6699 -21.2482 9.33185
    endloop
  endfacet
  facet normal -0.490655 0.283276 -0.824022
    outer loop
      vertex -11.0915 -21.5622 9.01803
      vertex -8.8658 -17.5346 9.07734
      vertex -8.78767 -17.5718 9.01803
    endloop
  endfacet
  facet normal -0.490581 0.283236 -0.824079
    outer loop
      vertex -8.8658 -17.5346 9.07734
      vertex -11.0915 -21.5622 9.01803
      vertex -11.1674 -21.5211 9.07734
    endloop
  endfacet
  facet normal 0.413168 -0.238544 0.878857
    outer loop
      vertex -12.9779 -20.4784 5.66795
      vertex -10.5994 -16.5428 5.61799
      vertex -10.6779 -16.4947 5.66795
    endloop
  endfacet
  facet normal 0.413168 -0.238544 0.878857
    outer loop
      vertex -10.5994 -16.5428 5.61799
      vertex -12.9779 -20.4784 5.66795
      vertex -12.8994 -20.5265 5.61799
    endloop
  endfacet
  facet normal 0.62756 -0.362315 0.689127
    outer loop
      vertex -13.387 -20.2144 6.06174
      vertex -11.0722 -16.2255 6.05095
      vertex -11.0807 -16.2197 6.06174
    endloop
  endfacet
  facet normal 0.628291 -0.362742 0.688235
    outer loop
      vertex -11.0722 -16.2255 6.05095
      vertex -13.387 -20.2144 6.06174
      vertex -13.3369 -20.2489 5.99782
    endloop
  endfacet
  facet normal -0.686881 0.396577 -0.609033
    outer loop
      vertex -8.43664 -17.7393 8.64692
      vertex -10.7511 -21.73 8.65864
      vertex -8.44478 -17.7354 8.65864
    endloop
  endfacet
  facet normal -0.687014 0.396655 -0.608832
    outer loop
      vertex -10.7511 -21.73 8.65864
      vertex -8.43664 -17.7393 8.64692
      vertex -10.7027 -21.7532 8.58891
    endloop
  endfacet
  facet normal -0.841693 0.485905 -0.235477
    outer loop
      vertex -8.08082 -17.909 7.81582
      vertex -10.4056 -21.8948 7.90089
      vertex -8.08384 -17.9075 7.82971
    endloop
  endfacet
  facet normal -0.842102 0.486187 -0.233423
    outer loop
      vertex -10.4056 -21.8948 7.90089
      vertex -8.08082 -17.909 7.81582
      vertex -10.3871 -21.9036 7.81582
    endloop
  endfacet
  facet normal -0.858619 0.495715 0.130539
    outer loop
      vertex -10.3595 -21.9168 7.1738
      vertex -8.05117 -17.9231 7.19094
      vertex -8.06186 -17.918 7.10126
    endloop
  endfacet
  facet normal -0.858775 0.495812 0.129134
    outer loop
      vertex -8.05117 -17.9231 7.19094
      vertex -10.3595 -21.9168 7.1738
      vertex -10.3575 -21.9178 7.19094
    endloop
  endfacet
  facet normal 0.413168 -0.238544 -0.878857
    outer loop
      vertex -12.9779 -20.4784 9.13205
      vertex -10.5994 -16.5428 9.18201
      vertex -12.8994 -20.5265 9.18201
    endloop
  endfacet
  facet normal 0.413168 -0.238544 -0.878857
    outer loop
      vertex -10.5994 -16.5428 9.18201
      vertex -12.9779 -20.4784 9.13205
      vertex -10.6779 -16.4947 9.13205
    endloop
  endfacet
  facet normal -0.452539 0.261273 -0.852611
    outer loop
      vertex -11.1674 -21.5211 9.07734
      vertex -8.92091 -17.5083 9.11465
      vertex -8.8658 -17.5346 9.07734
    endloop
  endfacet
  facet normal -0.452141 0.261052 -0.852889
    outer loop
      vertex -11.1674 -21.5211 9.07734
      vertex -8.94588 -17.4947 9.13205
      vertex -8.92091 -17.5083 9.11465
    endloop
  endfacet
  facet normal -0.452295 0.261136 -0.852782
    outer loop
      vertex -8.94588 -17.4947 9.13205
      vertex -11.1674 -21.5211 9.07734
      vertex -11.2459 -21.4784 9.13205
    endloop
  endfacet
  facet normal 0.490608 -0.283261 0.824055
    outer loop
      vertex -13.0656 -20.4247 5.7319
      vertex -10.7525 -16.4453 5.72266
      vertex -10.8134 -16.4034 5.77332
    endloop
  endfacet
  facet normal 0.488916 -0.282275 0.825398
    outer loop
      vertex -10.7525 -16.4453 5.72266
      vertex -13.0656 -20.4247 5.7319
      vertex -13.0541 -20.4318 5.72266
    endloop
  endfacet
  facet normal 0.451924 -0.260901 0.853051
    outer loop
      vertex -13.0541 -20.4318 5.72266
      vertex -10.6779 -16.4947 5.66795
      vertex -10.7022 -16.4799 5.68535
    endloop
  endfacet
  facet normal 0.452623 -0.261321 0.852551
    outer loop
      vertex -13.0541 -20.4318 5.72266
      vertex -10.7022 -16.4799 5.68535
      vertex -10.7525 -16.4453 5.72266
    endloop
  endfacet
  facet normal 0.45245 -0.261223 0.852673
    outer loop
      vertex -10.6779 -16.4947 5.66795
      vertex -13.0541 -20.4318 5.72266
      vertex -12.9779 -20.4784 5.66795
    endloop
  endfacet
  facet normal -0.781622 0.45126 -0.430617
    outer loop
      vertex -8.1978 -17.8532 8.21347
      vertex -10.5449 -21.8284 8.30798
      vertex -8.23861 -17.8337 8.30798
    endloop
  endfacet
  facet normal -0.78165 0.451278 -0.430549
    outer loop
      vertex -10.5449 -21.8284 8.30798
      vertex -8.1978 -17.8532 8.21347
      vertex -10.5041 -21.8479 8.21347
    endloop
  endfacet
  facet normal -0.858619 0.495715 -0.130539
    outer loop
      vertex -8.05117 -17.9231 7.60906
      vertex -10.3595 -21.9168 7.6262
      vertex -8.06186 -17.918 7.69874
    endloop
  endfacet
  facet normal -0.858775 0.495812 -0.129134
    outer loop
      vertex -10.3595 -21.9168 7.6262
      vertex -8.05117 -17.9231 7.60906
      vertex -10.3575 -21.9178 7.60906
    endloop
  endfacet
  facet normal -0.858657 0.49575 -0.130159
    outer loop
      vertex -8.06186 -17.918 7.69874
      vertex -10.3699 -21.9119 7.71287
      vertex -8.06354 -17.9172 7.71287
    endloop
  endfacet
  facet normal -0.858557 0.495689 -0.131047
    outer loop
      vertex -10.3699 -21.9119 7.71287
      vertex -8.06186 -17.918 7.69874
      vertex -10.3595 -21.9168 7.6262
    endloop
  endfacet
  facet normal -0.865719 0.499842 -0.0262424
    outer loop
      vertex -8.04125 -17.9279 7.4
      vertex -10.3501 -21.9213 7.50467
      vertex -8.04373 -17.9267 7.50467
    endloop
  endfacet
  facet normal -0.865717 0.499836 -0.0264077
    outer loop
      vertex -10.3501 -21.9213 7.50467
      vertex -8.04125 -17.9279 7.4
      vertex -10.3476 -21.9225 7.4
    endloop
  endfacet
  facet normal -0.863339 0.498447 0.0787207
    outer loop
      vertex -10.3575 -21.9178 7.19094
      vertex -8.04373 -17.9267 7.29533
      vertex -8.05117 -17.9231 7.19094
    endloop
  endfacet
  facet normal -0.863384 0.498494 0.0779172
    outer loop
      vertex -8.04373 -17.9267 7.29533
      vertex -10.3575 -21.9178 7.19094
      vertex -10.3501 -21.9213 7.29533
    endloop
  endfacet
  facet normal -0.865719 0.499842 0.0262424
    outer loop
      vertex -10.3501 -21.9213 7.29533
      vertex -8.04125 -17.9279 7.4
      vertex -8.04373 -17.9267 7.29533
    endloop
  endfacet
  facet normal -0.865717 0.499836 0.0264077
    outer loop
      vertex -8.04125 -17.9279 7.4
      vertex -10.3501 -21.9213 7.29533
      vertex -10.3476 -21.9225 7.4
    endloop
  endfacet
  facet normal 0.0785251 -0.996912 0
    outer loop
      vertex -0.0940752 22.5451 3.59999
      vertex -0.047102 22.5488 9.59
      vertex -0.0940752 22.5451 9.59
    endloop
  endfacet
  facet normal 0.0785251 -0.996912 0
    outer loop
      vertex -0.047102 22.5488 9.59
      vertex -0.0940752 22.5451 3.59999
      vertex -0.047102 22.5488 3.59999
    endloop
  endfacet
  facet normal 0.0254684 -0.999676 0
    outer loop
      vertex -0.047102 22.5488 3.59999
      vertex 0 22.55 9.59
      vertex -0.047102 22.5488 9.59
    endloop
  endfacet
  facet normal 0.0254684 -0.999676 0
    outer loop
      vertex 0 22.55 9.59
      vertex -0.047102 22.5488 3.59999
      vertex 0 22.55 3.59999
    endloop
  endfacet
  facet normal 0.282408 0.959294 -0
    outer loop
      vertex -0.232937 20.7807 3.59999
      vertex -0.278115 20.794 9.59
      vertex -0.232937 20.7807 9.59
    endloop
  endfacet
  facet normal 0.282408 0.959294 0
    outer loop
      vertex -0.278115 20.794 9.59
      vertex -0.232937 20.7807 3.59999
      vertex -0.278115 20.794 3.59999
    endloop
  endfacet
  facet normal -0.0785251 0.996912 0
    outer loop
      vertex 0.0940752 20.7549 3.59999
      vertex 0.047102 20.7512 9.59
      vertex 0.0940752 20.7549 9.59
    endloop
  endfacet
  facet normal -0.0785251 0.996912 0
    outer loop
      vertex 0.047102 20.7512 9.59
      vertex 0.0940752 20.7549 3.59999
      vertex 0.047102 20.7512 3.59999
    endloop
  endfacet
  facet normal -0.942607 -0.333904 0
    outer loop
      vertex 0.85595 21.9281 3.59999
      vertex 0.840222 21.9725 9.59
      vertex 0.840222 21.9725 3.59999
    endloop
  endfacet
  facet normal -0.942607 -0.333904 0
    outer loop
      vertex 0.840222 21.9725 9.59
      vertex 0.85595 21.9281 3.59999
      vertex 0.85595 21.9281 9.59
    endloop
  endfacet
  facet normal 0.522211 -0.852817 0
    outer loop
      vertex -0.490174 22.4048 3.59999
      vertex -0.45 22.4294 9.59
      vertex -0.490174 22.4048 9.59
    endloop
  endfacet
  facet normal 0.522211 -0.852817 0
    outer loop
      vertex -0.45 22.4294 9.59
      vertex -0.490174 22.4048 3.59999
      vertex -0.45 22.4294 3.59999
    endloop
  endfacet
  facet normal 0.760155 -0.649742 0
    outer loop
      vertex -0.69943 22.2164 9.59
      vertex -0.66883 22.2522 3.59999
      vertex -0.66883 22.2522 9.59
    endloop
  endfacet
  facet normal 0.760155 -0.649742 0
    outer loop
      vertex -0.66883 22.2522 3.59999
      vertex -0.69943 22.2164 9.59
      vertex -0.69943 22.2164 3.59999
    endloop
  endfacet
  facet normal 0.942607 -0.333904 0
    outer loop
      vertex -0.85595 21.9281 9.59
      vertex -0.840222 21.9725 3.59999
      vertex -0.840222 21.9725 9.59
    endloop
  endfacet
  facet normal 0.942607 -0.333904 0
    outer loop
      vertex -0.840222 21.9725 3.59999
      vertex -0.85595 21.9281 9.59
      vertex -0.85595 21.9281 3.59999
    endloop
  endfacet
  facet normal -0.182511 0.983204 0
    outer loop
      vertex 0.18712 20.7697 3.59999
      vertex 0.140791 20.7611 9.59
      vertex 0.18712 20.7697 9.59
    endloop
  endfacet
  facet normal -0.182511 0.983204 0
    outer loop
      vertex 0.140791 20.7611 9.59
      vertex 0.18712 20.7697 3.59999
      vertex 0.140791 20.7611 3.59999
    endloop
  endfacet
  facet normal -0.902482 -0.430728 0
    outer loop
      vertex 0.82219 22.0161 3.59999
      vertex 0.801906 22.0586 9.59
      vertex 0.801906 22.0586 3.59999
    endloop
  endfacet
  facet normal -0.902482 -0.430728 0
    outer loop
      vertex 0.801906 22.0586 9.59
      vertex 0.82219 22.0161 3.59999
      vertex 0.82219 22.0161 9.59
    endloop
  endfacet
  facet normal -0.958859 -0.283882 0
    outer loop
      vertex 0.869332 21.8829 3.59999
      vertex 0.85595 21.9281 9.59
      vertex 0.85595 21.9281 3.59999
    endloop
  endfacet
  facet normal -0.958859 -0.283882 0
    outer loop
      vertex 0.85595 21.9281 9.59
      vertex 0.869332 21.8829 3.59999
      vertex 0.869332 21.8829 9.59
    endloop
  endfacet
  facet normal 0.0254684 0.999676 -0
    outer loop
      vertex 0 20.75 3.59999
      vertex -0.047102 20.7512 9.59
      vertex 0 20.75 9.59
    endloop
  endfacet
  facet normal 0.0254684 0.999676 0
    outer loop
      vertex -0.047102 20.7512 9.59
      vertex 0 20.75 3.59999
      vertex -0.047102 20.7512 3.59999
    endloop
  endfacet
  facet normal 0.282408 -0.959294 0
    outer loop
      vertex -0.278115 22.506 3.59999
      vertex -0.232937 22.5193 9.59
      vertex -0.278115 22.506 9.59
    endloop
  endfacet
  facet normal 0.282408 -0.959294 0
    outer loop
      vertex -0.232937 22.5193 9.59
      vertex -0.278115 22.506 3.59999
      vertex -0.232937 22.5193 3.59999
    endloop
  endfacet
  facet normal -0.687978 0.725732 0
    outer loop
      vertex 0.636395 21.0136 3.59999
      vertex 0.602217 20.9812 9.59
      vertex 0.636395 21.0136 9.59
    endloop
  endfacet
  facet normal -0.687978 0.725732 0
    outer loop
      vertex 0.602217 20.9812 9.59
      vertex 0.636395 21.0136 3.59999
      vertex 0.602217 20.9812 3.59999
    endloop
  endfacet
  facet normal -0.760155 -0.649742 0
    outer loop
      vertex 0.69943 22.2164 3.59999
      vertex 0.66883 22.2522 9.59
      vertex 0.66883 22.2522 3.59999
    endloop
  endfacet
  facet normal -0.760155 -0.649742 0
    outer loop
      vertex 0.66883 22.2522 9.59
      vertex 0.69943 22.2164 3.59999
      vertex 0.69943 22.2164 9.59
    endloop
  endfacet
  facet normal -0.823913 -0.566716 0
    outer loop
      vertex 0.754803 22.1402 3.59999
      vertex 0.728115 22.179 9.59
      vertex 0.728115 22.179 3.59999
    endloop
  endfacet
  facet normal -0.823913 -0.566716 0
    outer loop
      vertex 0.728115 22.179 9.59
      vertex 0.754803 22.1402 3.59999
      vertex 0.754803 22.1402 9.59
    endloop
  endfacet
  facet normal 0.878776 -0.477235 0
    outer loop
      vertex -0.801906 22.0586 9.59
      vertex -0.779423 22.1 3.59999
      vertex -0.779423 22.1 9.59
    endloop
  endfacet
  facet normal 0.878776 -0.477235 0
    outer loop
      vertex -0.779423 22.1 3.59999
      vertex -0.801906 22.0586 9.59
      vertex -0.801906 22.0586 3.59999
    endloop
  endfacet
  facet normal -0.972349 0.233534 0
    outer loop
      vertex 0.869332 21.4171 3.59999
      vertex 0.880332 21.4629 9.59
      vertex 0.880332 21.4629 3.59999
    endloop
  endfacet
  facet normal -0.972349 0.233534 0
    outer loop
      vertex 0.880332 21.4629 9.59
      vertex 0.869332 21.4171 3.59999
      vertex 0.869332 21.4171 9.59
    endloop
  endfacet
  facet normal 0.687978 0.725732 -0
    outer loop
      vertex -0.602217 20.9812 3.59999
      vertex -0.636395 21.0136 9.59
      vertex -0.602217 20.9812 9.59
    endloop
  endfacet
  facet normal 0.687978 0.725732 0
    outer loop
      vertex -0.636395 21.0136 9.59
      vertex -0.602217 20.9812 3.59999
      vertex -0.636395 21.0136 3.59999
    endloop
  endfacet
  facet normal 0.131564 0.991308 -0
    outer loop
      vertex -0.0940752 20.7549 3.59999
      vertex -0.140791 20.7611 9.59
      vertex -0.0940752 20.7549 9.59
    endloop
  endfacet
  facet normal 0.131564 0.991308 0
    outer loop
      vertex -0.140791 20.7611 9.59
      vertex -0.0940752 20.7549 3.59999
      vertex -0.140791 20.7611 3.59999
    endloop
  endfacet
  facet normal -0.233452 -0.972368 0
    outer loop
      vertex 0.18712 22.5303 3.59999
      vertex 0.232937 22.5193 9.59
      vertex 0.18712 22.5303 9.59
    endloop
  endfacet
  facet normal -0.233452 -0.972368 -0
    outer loop
      vertex 0.232937 22.5193 9.59
      vertex 0.18712 22.5303 3.59999
      vertex 0.232937 22.5193 3.59999
    endloop
  endfacet
  facet normal -0.852778 -0.522274 0
    outer loop
      vertex 0.779423 22.1 3.59999
      vertex 0.754803 22.1402 9.59
      vertex 0.754803 22.1402 3.59999
    endloop
  endfacet
  facet normal -0.852778 -0.522274 0
    outer loop
      vertex 0.754803 22.1402 9.59
      vertex 0.779423 22.1 3.59999
      vertex 0.779423 22.1 9.59
    endloop
  endfacet
  facet normal 0.823913 0.566716 0
    outer loop
      vertex -0.728115 21.121 9.59
      vertex -0.754803 21.1598 3.59999
      vertex -0.754803 21.1598 9.59
    endloop
  endfacet
  facet normal 0.823913 0.566716 0
    outer loop
      vertex -0.754803 21.1598 3.59999
      vertex -0.728115 21.121 9.59
      vertex -0.728115 21.121 3.59999
    endloop
  endfacet
  facet normal -0.760155 0.649742 0
    outer loop
      vertex 0.66883 21.0478 3.59999
      vertex 0.69943 21.0836 9.59
      vertex 0.69943 21.0836 3.59999
    endloop
  endfacet
  facet normal -0.760155 0.649742 0
    outer loop
      vertex 0.69943 21.0836 9.59
      vertex 0.66883 21.0478 3.59999
      vertex 0.66883 21.0478 9.59
    endloop
  endfacet
  facet normal 0.725582 -0.688136 0
    outer loop
      vertex -0.66883 22.2522 9.59
      vertex -0.636395 22.2864 3.59999
      vertex -0.636395 22.2864 9.59
    endloop
  endfacet
  facet normal 0.725582 -0.688136 0
    outer loop
      vertex -0.636395 22.2864 3.59999
      vertex -0.66883 22.2522 9.59
      vertex -0.66883 22.2522 3.59999
    endloop
  endfacet
  facet normal 0.687978 -0.725732 0
    outer loop
      vertex -0.636395 22.2864 3.59999
      vertex -0.602217 22.3188 9.59
      vertex -0.636395 22.2864 9.59
    endloop
  endfacet
  facet normal 0.687978 -0.725732 0
    outer loop
      vertex -0.602217 22.3188 9.59
      vertex -0.636395 22.2864 3.59999
      vertex -0.602217 22.3188 3.59999
    endloop
  endfacet
  facet normal -0.566572 -0.824012 0
    outer loop
      vertex 0.490174 22.4048 3.59999
      vertex 0.529006 22.3781 9.59
      vertex 0.490174 22.4048 9.59
    endloop
  endfacet
  facet normal -0.566572 -0.824012 -0
    outer loop
      vertex 0.529006 22.3781 9.59
      vertex 0.490174 22.4048 3.59999
      vertex 0.529006 22.3781 3.59999
    endloop
  endfacet
  facet normal -0.996919 -0.0784384 0
    outer loop
      vertex 0.898767 21.6971 3.59999
      vertex 0.895069 21.7441 9.59
      vertex 0.895069 21.7441 3.59999
    endloop
  endfacet
  facet normal -0.996919 -0.0784384 0
    outer loop
      vertex 0.895069 21.7441 9.59
      vertex 0.898767 21.6971 3.59999
      vertex 0.898767 21.6971 9.59
    endloop
  endfacet
  facet normal -0.335154 -0.942163 0
    outer loop
      vertex 0.278115 22.506 3.59999
      vertex 0.322531 22.4902 9.59
      vertex 0.278115 22.506 9.59
    endloop
  endfacet
  facet normal -0.335154 -0.942163 -0
    outer loop
      vertex 0.322531 22.4902 9.59
      vertex 0.278115 22.506 3.59999
      vertex 0.322531 22.4902 3.59999
    endloop
  endfacet
  facet normal -0.282408 0.959294 0
    outer loop
      vertex 0.278115 20.794 3.59999
      vertex 0.232937 20.7807 9.59
      vertex 0.278115 20.794 9.59
    endloop
  endfacet
  facet normal -0.282408 0.959294 0
    outer loop
      vertex 0.232937 20.7807 9.59
      vertex 0.278115 20.794 3.59999
      vertex 0.232937 20.7807 3.59999
    endloop
  endfacet
  facet normal -0.0785251 -0.996912 0
    outer loop
      vertex 0.047102 22.5488 3.59999
      vertex 0.0940752 22.5451 9.59
      vertex 0.047102 22.5488 9.59
    endloop
  endfacet
  facet normal -0.0785251 -0.996912 -0
    outer loop
      vertex 0.0940752 22.5451 9.59
      vertex 0.047102 22.5488 3.59999
      vertex 0.0940752 22.5451 3.59999
    endloop
  endfacet
  facet normal 0.566572 0.824012 -0
    outer loop
      vertex -0.490174 20.8952 3.59999
      vertex -0.529006 20.9219 9.59
      vertex -0.490174 20.8952 9.59
    endloop
  endfacet
  facet normal 0.566572 0.824012 0
    outer loop
      vertex -0.529006 20.9219 9.59
      vertex -0.490174 20.8952 3.59999
      vertex -0.529006 20.9219 3.59999
    endloop
  endfacet
  facet normal 0.335154 -0.942163 0
    outer loop
      vertex -0.322531 22.4902 3.59999
      vertex -0.278115 22.506 9.59
      vertex -0.322531 22.4902 9.59
    endloop
  endfacet
  facet normal 0.335154 -0.942163 0
    outer loop
      vertex -0.278115 22.506 9.59
      vertex -0.322531 22.4902 3.59999
      vertex -0.278115 22.506 3.59999
    endloop
  endfacet
  facet normal -0.823913 0.566716 0
    outer loop
      vertex 0.728115 21.121 3.59999
      vertex 0.754803 21.1598 9.59
      vertex 0.754803 21.1598 3.59999
    endloop
  endfacet
  facet normal -0.823913 0.566716 0
    outer loop
      vertex 0.754803 21.1598 9.59
      vertex 0.728115 21.121 3.59999
      vertex 0.728115 21.121 9.59
    endloop
  endfacet
  facet normal 0.477433 -0.878668 0
    outer loop
      vertex -0.45 22.4294 3.59999
      vertex -0.408591 22.4519 9.59
      vertex -0.45 22.4294 9.59
    endloop
  endfacet
  facet normal 0.477433 -0.878668 0
    outer loop
      vertex -0.408591 22.4519 9.59
      vertex -0.45 22.4294 3.59999
      vertex -0.408591 22.4519 3.59999
    endloop
  endfacet
  facet normal -0.983233 0.182355 0
    outer loop
      vertex 0.880332 21.4629 3.59999
      vertex 0.888919 21.5092 9.59
      vertex 0.888919 21.5092 3.59999
    endloop
  endfacet
  facet normal -0.983233 0.182355 0
    outer loop
      vertex 0.888919 21.5092 9.59
      vertex 0.880332 21.4629 3.59999
      vertex 0.880332 21.4629 9.59
    endloop
  endfacet
  facet normal -0.608972 -0.793192 0
    outer loop
      vertex 0.529006 22.3781 3.59999
      vertex 0.566388 22.3494 9.59
      vertex 0.529006 22.3781 9.59
    endloop
  endfacet
  facet normal -0.608972 -0.793192 -0
    outer loop
      vertex 0.566388 22.3494 9.59
      vertex 0.529006 22.3781 3.59999
      vertex 0.566388 22.3494 3.59999
    endloop
  endfacet
  facet normal -0.522211 -0.852817 0
    outer loop
      vertex 0.45 22.4294 3.59999
      vertex 0.490174 22.4048 9.59
      vertex 0.45 22.4294 9.59
    endloop
  endfacet
  facet normal -0.522211 -0.852817 -0
    outer loop
      vertex 0.490174 22.4048 9.59
      vertex 0.45 22.4294 3.59999
      vertex 0.490174 22.4048 3.59999
    endloop
  endfacet
  facet normal -0.924087 -0.382182 0
    outer loop
      vertex 0.840222 21.9725 3.59999
      vertex 0.82219 22.0161 9.59
      vertex 0.82219 22.0161 3.59999
    endloop
  endfacet
  facet normal -0.924087 -0.382182 0
    outer loop
      vertex 0.82219 22.0161 9.59
      vertex 0.840222 21.9725 3.59999
      vertex 0.840222 21.9725 9.59
    endloop
  endfacet
  facet normal -0.793487 0.608587 0
    outer loop
      vertex 0.69943 21.0836 3.59999
      vertex 0.728115 21.121 9.59
      vertex 0.728115 21.121 3.59999
    endloop
  endfacet
  facet normal -0.793487 0.608587 0
    outer loop
      vertex 0.728115 21.121 9.59
      vertex 0.69943 21.0836 3.59999
      vertex 0.69943 21.0836 9.59
    endloop
  endfacet
  facet normal 0.99144 0.130564 0
    outer loop
      vertex -0.888919 21.5092 9.59
      vertex -0.895069 21.5559 3.59999
      vertex -0.895069 21.5559 9.59
    endloop
  endfacet
  facet normal 0.99144 0.130564 0
    outer loop
      vertex -0.895069 21.5559 3.59999
      vertex -0.888919 21.5092 9.59
      vertex -0.888919 21.5092 3.59999
    endloop
  endfacet
  facet normal 0.852778 0.522274 0
    outer loop
      vertex -0.754803 21.1598 9.59
      vertex -0.779423 21.2 3.59999
      vertex -0.779423 21.2 9.59
    endloop
  endfacet
  facet normal 0.852778 0.522274 0
    outer loop
      vertex -0.779423 21.2 3.59999
      vertex -0.754803 21.1598 9.59
      vertex -0.754803 21.1598 3.59999
    endloop
  endfacet
  facet normal 0.233452 -0.972368 0
    outer loop
      vertex -0.232937 22.5193 3.59999
      vertex -0.18712 22.5303 9.59
      vertex -0.232937 22.5193 9.59
    endloop
  endfacet
  facet normal 0.233452 -0.972368 0
    outer loop
      vertex -0.18712 22.5303 9.59
      vertex -0.232937 22.5193 3.59999
      vertex -0.18712 22.5303 3.59999
    endloop
  endfacet
  facet normal 0.649438 -0.760415 0
    outer loop
      vertex -0.602217 22.3188 3.59999
      vertex -0.566388 22.3494 9.59
      vertex -0.602217 22.3188 9.59
    endloop
  endfacet
  facet normal 0.649438 -0.760415 0
    outer loop
      vertex -0.566388 22.3494 9.59
      vertex -0.602217 22.3188 3.59999
      vertex -0.566388 22.3494 3.59999
    endloop
  endfacet
  facet normal -0.566572 0.824012 0
    outer loop
      vertex 0.529006 20.9219 3.59999
      vertex 0.490174 20.8952 9.59
      vertex 0.529006 20.9219 9.59
    endloop
  endfacet
  facet normal -0.566572 0.824012 0
    outer loop
      vertex 0.490174 20.8952 9.59
      vertex 0.529006 20.9219 3.59999
      vertex 0.490174 20.8952 3.59999
    endloop
  endfacet
  facet normal -0.0254684 -0.999676 0
    outer loop
      vertex 0 22.55 3.59999
      vertex 0.047102 22.5488 9.59
      vertex 0 22.55 9.59
    endloop
  endfacet
  facet normal -0.0254684 -0.999676 -0
    outer loop
      vertex 0.047102 22.5488 9.59
      vertex 0 22.55 3.59999
      vertex 0.047102 22.5488 3.59999
    endloop
  endfacet
  facet normal -0.131564 -0.991308 0
    outer loop
      vertex 0.0940752 22.5451 3.59999
      vertex 0.140791 22.5389 9.59
      vertex 0.0940752 22.5451 9.59
    endloop
  endfacet
  facet normal -0.131564 -0.991308 -0
    outer loop
      vertex 0.140791 22.5389 9.59
      vertex 0.0940752 22.5451 3.59999
      vertex 0.140791 22.5389 3.59999
    endloop
  endfacet
  facet normal 0.793487 -0.608587 0
    outer loop
      vertex -0.728115 22.179 9.59
      vertex -0.69943 22.2164 3.59999
      vertex -0.69943 22.2164 9.59
    endloop
  endfacet
  facet normal 0.793487 -0.608587 0
    outer loop
      vertex -0.69943 22.2164 3.59999
      vertex -0.728115 22.179 9.59
      vertex -0.728115 22.179 3.59999
    endloop
  endfacet
  facet normal -0.649438 0.760415 0
    outer loop
      vertex 0.602217 20.9812 3.59999
      vertex 0.566388 20.9506 9.59
      vertex 0.602217 20.9812 9.59
    endloop
  endfacet
  facet normal -0.649438 0.760415 0
    outer loop
      vertex 0.566388 20.9506 9.59
      vertex 0.602217 20.9812 3.59999
      vertex 0.566388 20.9506 3.59999
    endloop
  endfacet
  facet normal 0 0 -1
    outer loop
      vertex 0.898767 21.6029 9.59
      vertex 0.898767 21.6971 9.59
      vertex 0.9 21.65 9.59
    endloop
  endfacet
  facet normal 0 0 -1
    outer loop
      vertex 0.895069 21.5559 9.59
      vertex 0.898767 21.6971 9.59
      vertex 0.898767 21.6029 9.59
    endloop
  endfacet
  facet normal 0 0 -1
    outer loop
      vertex 0.895069 21.5559 9.59
      vertex 0.895069 21.7441 9.59
      vertex 0.898767 21.6971 9.59
    endloop
  endfacet
  facet normal 0 0 -1
    outer loop
      vertex 0.888919 21.5092 9.59
      vertex 0.895069 21.7441 9.59
      vertex 0.895069 21.5559 9.59
    endloop
  endfacet
  facet normal 0 0 -1
    outer loop
      vertex 0.888919 21.5092 9.59
      vertex 0.888919 21.7908 9.59
      vertex 0.895069 21.7441 9.59
    endloop
  endfacet
  facet normal 0 0 -1
    outer loop
      vertex 0.880332 21.4629 9.59
      vertex 0.888919 21.7908 9.59
      vertex 0.888919 21.5092 9.59
    endloop
  endfacet
  facet normal 0 0 -1
    outer loop
      vertex 0.880332 21.4629 9.59
      vertex 0.880332 21.8371 9.59
      vertex 0.888919 21.7908 9.59
    endloop
  endfacet
  facet normal 0 0 -1
    outer loop
      vertex 0.869332 21.4171 9.59
      vertex 0.880332 21.8371 9.59
      vertex 0.880332 21.4629 9.59
    endloop
  endfacet
  facet normal 0 0 -1
    outer loop
      vertex 0.869332 21.4171 9.59
      vertex 0.869332 21.8829 9.59
      vertex 0.880332 21.8371 9.59
    endloop
  endfacet
  facet normal 0 0 -1
    outer loop
      vertex 0.85595 21.3719 9.59
      vertex 0.869332 21.8829 9.59
      vertex 0.869332 21.4171 9.59
    endloop
  endfacet
  facet normal 0 0 -1
    outer loop
      vertex 0.85595 21.3719 9.59
      vertex 0.85595 21.9281 9.59
      vertex 0.869332 21.8829 9.59
    endloop
  endfacet
  facet normal 0 0 -1
    outer loop
      vertex 0.840222 21.3275 9.59
      vertex 0.85595 21.9281 9.59
      vertex 0.85595 21.3719 9.59
    endloop
  endfacet
  facet normal 0 0 -1
    outer loop
      vertex 0.840222 21.3275 9.59
      vertex 0.840222 21.9725 9.59
      vertex 0.85595 21.9281 9.59
    endloop
  endfacet
  facet normal 0 0 -1
    outer loop
      vertex 0.82219 21.2839 9.59
      vertex 0.840222 21.9725 9.59
      vertex 0.840222 21.3275 9.59
    endloop
  endfacet
  facet normal 0 0 -1
    outer loop
      vertex 0.82219 21.2839 9.59
      vertex 0.82219 22.0161 9.59
      vertex 0.840222 21.9725 9.59
    endloop
  endfacet
  facet normal 0 0 -1
    outer loop
      vertex 0.801906 21.2414 9.59
      vertex 0.82219 22.0161 9.59
      vertex 0.82219 21.2839 9.59
    endloop
  endfacet
  facet normal 0 0 -1
    outer loop
      vertex 0.801906 21.2414 9.59
      vertex 0.801906 22.0586 9.59
      vertex 0.82219 22.0161 9.59
    endloop
  endfacet
  facet normal 0 0 -1
    outer loop
      vertex 0.779423 21.2 9.59
      vertex 0.801906 22.0586 9.59
      vertex 0.801906 21.2414 9.59
    endloop
  endfacet
  facet normal 0 0 -1
    outer loop
      vertex 0.779423 21.2 9.59
      vertex 0.779423 22.1 9.59
      vertex 0.801906 22.0586 9.59
    endloop
  endfacet
  facet normal 0 0 -1
    outer loop
      vertex 0.754803 21.1598 9.59
      vertex 0.779423 22.1 9.59
      vertex 0.779423 21.2 9.59
    endloop
  endfacet
  facet normal 0 0 -1
    outer loop
      vertex 0.754803 21.1598 9.59
      vertex 0.754803 22.1402 9.59
      vertex 0.779423 22.1 9.59
    endloop
  endfacet
  facet normal 0 0 -1
    outer loop
      vertex 0.728115 21.121 9.59
      vertex 0.754803 22.1402 9.59
      vertex 0.754803 21.1598 9.59
    endloop
  endfacet
  facet normal 0 0 -1
    outer loop
      vertex 0.728115 21.121 9.59
      vertex 0.728115 22.179 9.59
      vertex 0.754803 22.1402 9.59
    endloop
  endfacet
  facet normal 0 0 -1
    outer loop
      vertex 0.69943 21.0836 9.59
      vertex 0.728115 22.179 9.59
      vertex 0.728115 21.121 9.59
    endloop
  endfacet
  facet normal 0 0 -1
    outer loop
      vertex 0.69943 21.0836 9.59
      vertex 0.69943 22.2164 9.59
      vertex 0.728115 22.179 9.59
    endloop
  endfacet
  facet normal 0 0 -1
    outer loop
      vertex 0.66883 21.0478 9.59
      vertex 0.69943 22.2164 9.59
      vertex 0.69943 21.0836 9.59
    endloop
  endfacet
  facet normal 0 0 -1
    outer loop
      vertex 0.66883 21.0478 9.59
      vertex 0.66883 22.2522 9.59
      vertex 0.69943 22.2164 9.59
    endloop
  endfacet
  facet normal 0 0 -1
    outer loop
      vertex 0.636395 21.0136 9.59
      vertex 0.66883 22.2522 9.59
      vertex 0.66883 21.0478 9.59
    endloop
  endfacet
  facet normal 0 0 -1
    outer loop
      vertex 0.636395 21.0136 9.59
      vertex 0.636395 22.2864 9.59
      vertex 0.66883 22.2522 9.59
    endloop
  endfacet
  facet normal 0 0 -1
    outer loop
      vertex 0.602217 20.9812 9.59
      vertex 0.636395 22.2864 9.59
      vertex 0.636395 21.0136 9.59
    endloop
  endfacet
  facet normal 0 0 -1
    outer loop
      vertex 0.602217 20.9812 9.59
      vertex 0.602217 22.3188 9.59
      vertex 0.636395 22.2864 9.59
    endloop
  endfacet
  facet normal 0 0 -1
    outer loop
      vertex 0.566388 20.9506 9.59
      vertex 0.602217 22.3188 9.59
      vertex 0.602217 20.9812 9.59
    endloop
  endfacet
  facet normal 0 0 -1
    outer loop
      vertex 0.566388 20.9506 9.59
      vertex 0.566388 22.3494 9.59
      vertex 0.602217 22.3188 9.59
    endloop
  endfacet
  facet normal 0 0 -1
    outer loop
      vertex 0.529006 20.9219 9.59
      vertex 0.566388 22.3494 9.59
      vertex 0.566388 20.9506 9.59
    endloop
  endfacet
  facet normal 0 0 -1
    outer loop
      vertex 0.529006 20.9219 9.59
      vertex 0.529006 22.3781 9.59
      vertex 0.566388 22.3494 9.59
    endloop
  endfacet
  facet normal 0 0 -1
    outer loop
      vertex 0.490174 20.8952 9.59
      vertex 0.529006 22.3781 9.59
      vertex 0.529006 20.9219 9.59
    endloop
  endfacet
  facet normal 0 0 -1
    outer loop
      vertex 0.490174 20.8952 9.59
      vertex 0.490174 22.4048 9.59
      vertex 0.529006 22.3781 9.59
    endloop
  endfacet
  facet normal 0 0 -1
    outer loop
      vertex 0.45 20.8706 9.59
      vertex 0.490174 22.4048 9.59
      vertex 0.490174 20.8952 9.59
    endloop
  endfacet
  facet normal 0 0 -1
    outer loop
      vertex 0.45 20.8706 9.59
      vertex 0.45 22.4294 9.59
      vertex 0.490174 22.4048 9.59
    endloop
  endfacet
  facet normal 0 0 -1
    outer loop
      vertex 0.408591 20.8481 9.59
      vertex 0.45 22.4294 9.59
      vertex 0.45 20.8706 9.59
    endloop
  endfacet
  facet normal 0 0 -1
    outer loop
      vertex 0.408591 20.8481 9.59
      vertex 0.408591 22.4519 9.59
      vertex 0.45 22.4294 9.59
    endloop
  endfacet
  facet normal 0 0 -1
    outer loop
      vertex 0.366062 20.8278 9.59
      vertex 0.408591 22.4519 9.59
      vertex 0.408591 20.8481 9.59
    endloop
  endfacet
  facet normal 0 0 -1
    outer loop
      vertex 0.366062 20.8278 9.59
      vertex 0.366062 22.4722 9.59
      vertex 0.408591 22.4519 9.59
    endloop
  endfacet
  facet normal 0 0 -1
    outer loop
      vertex 0.322531 20.8098 9.59
      vertex 0.366062 22.4722 9.59
      vertex 0.366062 20.8278 9.59
    endloop
  endfacet
  facet normal 0 0 -1
    outer loop
      vertex 0.322531 20.8098 9.59
      vertex 0.322531 22.4902 9.59
      vertex 0.366062 22.4722 9.59
    endloop
  endfacet
  facet normal 0 0 -1
    outer loop
      vertex 0.278115 20.794 9.59
      vertex 0.322531 22.4902 9.59
      vertex 0.322531 20.8098 9.59
    endloop
  endfacet
  facet normal 0 0 -1
    outer loop
      vertex 0.278115 20.794 9.59
      vertex 0.278115 22.506 9.59
      vertex 0.322531 22.4902 9.59
    endloop
  endfacet
  facet normal 0 0 -1
    outer loop
      vertex 0.232937 20.7807 9.59
      vertex 0.278115 22.506 9.59
      vertex 0.278115 20.794 9.59
    endloop
  endfacet
  facet normal 0 0 -1
    outer loop
      vertex 0.232937 20.7807 9.59
      vertex 0.232937 22.5193 9.59
      vertex 0.278115 22.506 9.59
    endloop
  endfacet
  facet normal 0 0 -1
    outer loop
      vertex 0.18712 20.7697 9.59
      vertex 0.232937 22.5193 9.59
      vertex 0.232937 20.7807 9.59
    endloop
  endfacet
  facet normal 0 0 -1
    outer loop
      vertex 0.18712 20.7697 9.59
      vertex 0.18712 22.5303 9.59
      vertex 0.232937 22.5193 9.59
    endloop
  endfacet
  facet normal 0 0 -1
    outer loop
      vertex 0.140791 20.7611 9.59
      vertex 0.18712 22.5303 9.59
      vertex 0.18712 20.7697 9.59
    endloop
  endfacet
  facet normal 0 0 -1
    outer loop
      vertex 0.140791 20.7611 9.59
      vertex 0.140791 22.5389 9.59
      vertex 0.18712 22.5303 9.59
    endloop
  endfacet
  facet normal 0 0 -1
    outer loop
      vertex 0.0940752 20.7549 9.59
      vertex 0.140791 22.5389 9.59
      vertex 0.140791 20.7611 9.59
    endloop
  endfacet
  facet normal 0 0 -1
    outer loop
      vertex 0.0940752 20.7549 9.59
      vertex 0.0940752 22.5451 9.59
      vertex 0.140791 22.5389 9.59
    endloop
  endfacet
  facet normal 0 0 -1
    outer loop
      vertex 0.047102 20.7512 9.59
      vertex 0.0940752 22.5451 9.59
      vertex 0.0940752 20.7549 9.59
    endloop
  endfacet
  facet normal 0 0 -1
    outer loop
      vertex 0.047102 20.7512 9.59
      vertex 0.047102 22.5488 9.59
      vertex 0.0940752 22.5451 9.59
    endloop
  endfacet
  facet normal 0 0 -1
    outer loop
      vertex 0 20.75 9.59
      vertex 0.047102 22.5488 9.59
      vertex 0.047102 20.7512 9.59
    endloop
  endfacet
  facet normal 0 0 -1
    outer loop
      vertex 0 20.75 9.59
      vertex 0 22.55 9.59
      vertex 0.047102 22.5488 9.59
    endloop
  endfacet
  facet normal 0 0 -1
    outer loop
      vertex -0.047102 20.7512 9.59
      vertex 0 22.55 9.59
      vertex 0 20.75 9.59
    endloop
  endfacet
  facet normal 0 0 -1
    outer loop
      vertex -0.047102 20.7512 9.59
      vertex -0.047102 22.5488 9.59
      vertex 0 22.55 9.59
    endloop
  endfacet
  facet normal 0 0 -1
    outer loop
      vertex -0.0940752 20.7549 9.59
      vertex -0.047102 22.5488 9.59
      vertex -0.047102 20.7512 9.59
    endloop
  endfacet
  facet normal 0 0 -1
    outer loop
      vertex -0.0940752 20.7549 9.59
      vertex -0.0940752 22.5451 9.59
      vertex -0.047102 22.5488 9.59
    endloop
  endfacet
  facet normal 0 0 -1
    outer loop
      vertex -0.140791 20.7611 9.59
      vertex -0.0940752 22.5451 9.59
      vertex -0.0940752 20.7549 9.59
    endloop
  endfacet
  facet normal 0 0 -1
    outer loop
      vertex -0.140791 20.7611 9.59
      vertex -0.140791 22.5389 9.59
      vertex -0.0940752 22.5451 9.59
    endloop
  endfacet
  facet normal 0 0 -1
    outer loop
      vertex -0.18712 20.7697 9.59
      vertex -0.140791 22.5389 9.59
      vertex -0.140791 20.7611 9.59
    endloop
  endfacet
  facet normal 0 0 -1
    outer loop
      vertex -0.18712 20.7697 9.59
      vertex -0.18712 22.5303 9.59
      vertex -0.140791 22.5389 9.59
    endloop
  endfacet
  facet normal 0 0 -1
    outer loop
      vertex -0.232937 20.7807 9.59
      vertex -0.18712 22.5303 9.59
      vertex -0.18712 20.7697 9.59
    endloop
  endfacet
  facet normal 0 0 -1
    outer loop
      vertex -0.232937 20.7807 9.59
      vertex -0.232937 22.5193 9.59
      vertex -0.18712 22.5303 9.59
    endloop
  endfacet
  facet normal 0 0 -1
    outer loop
      vertex -0.278115 20.794 9.59
      vertex -0.232937 22.5193 9.59
      vertex -0.232937 20.7807 9.59
    endloop
  endfacet
  facet normal 0 0 -1
    outer loop
      vertex -0.278115 20.794 9.59
      vertex -0.278115 22.506 9.59
      vertex -0.232937 22.5193 9.59
    endloop
  endfacet
  facet normal 0 0 -1
    outer loop
      vertex -0.322531 20.8098 9.59
      vertex -0.278115 22.506 9.59
      vertex -0.278115 20.794 9.59
    endloop
  endfacet
  facet normal 0 0 -1
    outer loop
      vertex -0.322531 20.8098 9.59
      vertex -0.322531 22.4902 9.59
      vertex -0.278115 22.506 9.59
    endloop
  endfacet
  facet normal 0 0 -1
    outer loop
      vertex -0.366062 20.8278 9.59
      vertex -0.322531 22.4902 9.59
      vertex -0.322531 20.8098 9.59
    endloop
  endfacet
  facet normal 0 0 -1
    outer loop
      vertex -0.366062 20.8278 9.59
      vertex -0.366062 22.4722 9.59
      vertex -0.322531 22.4902 9.59
    endloop
  endfacet
  facet normal 0 0 -1
    outer loop
      vertex -0.408591 20.8481 9.59
      vertex -0.366062 22.4722 9.59
      vertex -0.366062 20.8278 9.59
    endloop
  endfacet
  facet normal 0 0 -1
    outer loop
      vertex -0.408591 20.8481 9.59
      vertex -0.408591 22.4519 9.59
      vertex -0.366062 22.4722 9.59
    endloop
  endfacet
  facet normal 0 0 -1
    outer loop
      vertex -0.45 20.8706 9.59
      vertex -0.408591 22.4519 9.59
      vertex -0.408591 20.8481 9.59
    endloop
  endfacet
  facet normal 0 0 -1
    outer loop
      vertex -0.45 20.8706 9.59
      vertex -0.45 22.4294 9.59
      vertex -0.408591 22.4519 9.59
    endloop
  endfacet
  facet normal 0 0 -1
    outer loop
      vertex -0.490174 20.8952 9.59
      vertex -0.45 22.4294 9.59
      vertex -0.45 20.8706 9.59
    endloop
  endfacet
  facet normal 0 0 -1
    outer loop
      vertex -0.490174 20.8952 9.59
      vertex -0.490174 22.4048 9.59
      vertex -0.45 22.4294 9.59
    endloop
  endfacet
  facet normal 0 0 -1
    outer loop
      vertex -0.529006 20.9219 9.59
      vertex -0.490174 22.4048 9.59
      vertex -0.490174 20.8952 9.59
    endloop
  endfacet
  facet normal 0 0 -1
    outer loop
      vertex -0.529006 20.9219 9.59
      vertex -0.529006 22.3781 9.59
      vertex -0.490174 22.4048 9.59
    endloop
  endfacet
  facet normal 0 0 -1
    outer loop
      vertex -0.566388 20.9506 9.59
      vertex -0.529006 22.3781 9.59
      vertex -0.529006 20.9219 9.59
    endloop
  endfacet
  facet normal 0 0 -1
    outer loop
      vertex -0.566388 20.9506 9.59
      vertex -0.566388 22.3494 9.59
      vertex -0.529006 22.3781 9.59
    endloop
  endfacet
  facet normal 0 0 -1
    outer loop
      vertex -0.602217 20.9812 9.59
      vertex -0.566388 22.3494 9.59
      vertex -0.566388 20.9506 9.59
    endloop
  endfacet
  facet normal 0 0 -1
    outer loop
      vertex -0.602217 20.9812 9.59
      vertex -0.602217 22.3188 9.59
      vertex -0.566388 22.3494 9.59
    endloop
  endfacet
  facet normal 0 0 -1
    outer loop
      vertex -0.636395 21.0136 9.59
      vertex -0.602217 22.3188 9.59
      vertex -0.602217 20.9812 9.59
    endloop
  endfacet
  facet normal 0 0 -1
    outer loop
      vertex -0.636395 21.0136 9.59
      vertex -0.636395 22.2864 9.59
      vertex -0.602217 22.3188 9.59
    endloop
  endfacet
  facet normal 0 0 -1
    outer loop
      vertex -0.66883 21.0478 9.59
      vertex -0.636395 22.2864 9.59
      vertex -0.636395 21.0136 9.59
    endloop
  endfacet
  facet normal 0 0 -1
    outer loop
      vertex -0.66883 21.0478 9.59
      vertex -0.66883 22.2522 9.59
      vertex -0.636395 22.2864 9.59
    endloop
  endfacet
  facet normal 0 0 -1
    outer loop
      vertex -0.69943 21.0836 9.59
      vertex -0.66883 22.2522 9.59
      vertex -0.66883 21.0478 9.59
    endloop
  endfacet
  facet normal 0 0 -1
    outer loop
      vertex -0.69943 21.0836 9.59
      vertex -0.69943 22.2164 9.59
      vertex -0.66883 22.2522 9.59
    endloop
  endfacet
  facet normal 0 0 -1
    outer loop
      vertex -0.728115 21.121 9.59
      vertex -0.69943 22.2164 9.59
      vertex -0.69943 21.0836 9.59
    endloop
  endfacet
  facet normal 0 0 -1
    outer loop
      vertex -0.728115 21.121 9.59
      vertex -0.728115 22.179 9.59
      vertex -0.69943 22.2164 9.59
    endloop
  endfacet
  facet normal 0 0 -1
    outer loop
      vertex -0.754803 21.1598 9.59
      vertex -0.728115 22.179 9.59
      vertex -0.728115 21.121 9.59
    endloop
  endfacet
  facet normal 0 0 -1
    outer loop
      vertex -0.754803 21.1598 9.59
      vertex -0.754803 22.1402 9.59
      vertex -0.728115 22.179 9.59
    endloop
  endfacet
  facet normal 0 0 -1
    outer loop
      vertex -0.779423 21.2 9.59
      vertex -0.754803 22.1402 9.59
      vertex -0.754803 21.1598 9.59
    endloop
  endfacet
  facet normal 0 0 -1
    outer loop
      vertex -0.779423 21.2 9.59
      vertex -0.779423 22.1 9.59
      vertex -0.754803 22.1402 9.59
    endloop
  endfacet
  facet normal 0 0 -1
    outer loop
      vertex -0.801906 21.2414 9.59
      vertex -0.779423 22.1 9.59
      vertex -0.779423 21.2 9.59
    endloop
  endfacet
  facet normal 0 0 -1
    outer loop
      vertex -0.801906 21.2414 9.59
      vertex -0.801906 22.0586 9.59
      vertex -0.779423 22.1 9.59
    endloop
  endfacet
  facet normal 0 0 -1
    outer loop
      vertex -0.82219 21.2839 9.59
      vertex -0.801906 22.0586 9.59
      vertex -0.801906 21.2414 9.59
    endloop
  endfacet
  facet normal 0 0 -1
    outer loop
      vertex -0.82219 21.2839 9.59
      vertex -0.82219 22.0161 9.59
      vertex -0.801906 22.0586 9.59
    endloop
  endfacet
  facet normal 0 0 -1
    outer loop
      vertex -0.840222 21.3275 9.59
      vertex -0.82219 22.0161 9.59
      vertex -0.82219 21.2839 9.59
    endloop
  endfacet
  facet normal 0 0 -1
    outer loop
      vertex -0.840222 21.3275 9.59
      vertex -0.840222 21.9725 9.59
      vertex -0.82219 22.0161 9.59
    endloop
  endfacet
  facet normal 0 0 -1
    outer loop
      vertex -0.85595 21.3719 9.59
      vertex -0.840222 21.9725 9.59
      vertex -0.840222 21.3275 9.59
    endloop
  endfacet
  facet normal 0 0 -1
    outer loop
      vertex -0.85595 21.3719 9.59
      vertex -0.85595 21.9281 9.59
      vertex -0.840222 21.9725 9.59
    endloop
  endfacet
  facet normal 0 0 -1
    outer loop
      vertex -0.869332 21.4171 9.59
      vertex -0.85595 21.9281 9.59
      vertex -0.85595 21.3719 9.59
    endloop
  endfacet
  facet normal 0 0 -1
    outer loop
      vertex -0.869332 21.4171 9.59
      vertex -0.869332 21.8829 9.59
      vertex -0.85595 21.9281 9.59
    endloop
  endfacet
  facet normal 0 0 -1
    outer loop
      vertex -0.880332 21.4629 9.59
      vertex -0.869332 21.8829 9.59
      vertex -0.869332 21.4171 9.59
    endloop
  endfacet
  facet normal 0 0 -1
    outer loop
      vertex -0.880332 21.4629 9.59
      vertex -0.880332 21.8371 9.59
      vertex -0.869332 21.8829 9.59
    endloop
  endfacet
  facet normal 0 0 -1
    outer loop
      vertex -0.888919 21.5092 9.59
      vertex -0.880332 21.8371 9.59
      vertex -0.880332 21.4629 9.59
    endloop
  endfacet
  facet normal 0 0 -1
    outer loop
      vertex -0.888919 21.5092 9.59
      vertex -0.888919 21.7908 9.59
      vertex -0.880332 21.8371 9.59
    endloop
  endfacet
  facet normal 0 0 -1
    outer loop
      vertex -0.895069 21.5559 9.59
      vertex -0.888919 21.7908 9.59
      vertex -0.888919 21.5092 9.59
    endloop
  endfacet
  facet normal 0 0 -1
    outer loop
      vertex -0.895069 21.5559 9.59
      vertex -0.895069 21.7441 9.59
      vertex -0.888919 21.7908 9.59
    endloop
  endfacet
  facet normal 0 0 -1
    outer loop
      vertex -0.898767 21.6029 9.59
      vertex -0.895069 21.7441 9.59
      vertex -0.895069 21.5559 9.59
    endloop
  endfacet
  facet normal 0 0 -1
    outer loop
      vertex -0.898767 21.6029 9.59
      vertex -0.898767 21.6971 9.59
      vertex -0.895069 21.7441 9.59
    endloop
  endfacet
  facet normal 0 -0 -1
    outer loop
      vertex -0.898767 21.6971 9.59
      vertex -0.898767 21.6029 9.59
      vertex -0.9 21.65 9.59
    endloop
  endfacet
  facet normal 0.335154 0.942163 -0
    outer loop
      vertex -0.278115 20.794 3.59999
      vertex -0.322531 20.8098 9.59
      vertex -0.278115 20.794 9.59
    endloop
  endfacet
  facet normal 0.335154 0.942163 0
    outer loop
      vertex -0.322531 20.8098 9.59
      vertex -0.278115 20.794 3.59999
      vertex -0.322531 20.8098 3.59999
    endloop
  endfacet
  facet normal 0.996919 0.0784384 0
    outer loop
      vertex -0.895069 21.5559 9.59
      vertex -0.898767 21.6029 3.59999
      vertex -0.898767 21.6029 9.59
    endloop
  endfacet
  facet normal 0.996919 0.0784384 0
    outer loop
      vertex -0.898767 21.6029 3.59999
      vertex -0.895069 21.5559 9.59
      vertex -0.895069 21.5559 3.59999
    endloop
  endfacet
  facet normal -0.282408 -0.959294 0
    outer loop
      vertex 0.232937 22.5193 3.59999
      vertex 0.278115 22.506 9.59
      vertex 0.232937 22.5193 9.59
    endloop
  endfacet
  facet normal -0.282408 -0.959294 -0
    outer loop
      vertex 0.278115 22.506 9.59
      vertex 0.232937 22.5193 3.59999
      vertex 0.278115 22.506 3.59999
    endloop
  endfacet
  facet normal 0.233452 0.972368 -0
    outer loop
      vertex -0.18712 20.7697 3.59999
      vertex -0.232937 20.7807 9.59
      vertex -0.18712 20.7697 9.59
    endloop
  endfacet
  facet normal 0.233452 0.972368 0
    outer loop
      vertex -0.232937 20.7807 9.59
      vertex -0.18712 20.7697 3.59999
      vertex -0.232937 20.7807 3.59999
    endloop
  endfacet
  facet normal -0.983233 -0.182355 0
    outer loop
      vertex 0.888919 21.7908 3.59999
      vertex 0.880332 21.8371 9.59
      vertex 0.880332 21.8371 3.59999
    endloop
  endfacet
  facet normal -0.983233 -0.182355 0
    outer loop
      vertex 0.880332 21.8371 9.59
      vertex 0.888919 21.7908 3.59999
      vertex 0.888919 21.7908 9.59
    endloop
  endfacet
  facet normal -0.131564 0.991308 0
    outer loop
      vertex 0.140791 20.7611 3.59999
      vertex 0.0940752 20.7549 9.59
      vertex 0.140791 20.7611 9.59
    endloop
  endfacet
  facet normal -0.131564 0.991308 0
    outer loop
      vertex 0.0940752 20.7549 9.59
      vertex 0.140791 20.7611 3.59999
      vertex 0.0940752 20.7549 3.59999
    endloop
  endfacet
  facet normal -0.942607 0.333904 0
    outer loop
      vertex 0.840222 21.3275 3.59999
      vertex 0.85595 21.3719 9.59
      vertex 0.85595 21.3719 3.59999
    endloop
  endfacet
  facet normal -0.942607 0.333904 0
    outer loop
      vertex 0.85595 21.3719 9.59
      vertex 0.840222 21.3275 3.59999
      vertex 0.840222 21.3275 9.59
    endloop
  endfacet
  facet normal 0.902482 0.430728 0
    outer loop
      vertex -0.801906 21.2414 9.59
      vertex -0.82219 21.2839 3.59999
      vertex -0.82219 21.2839 9.59
    endloop
  endfacet
  facet normal 0.902482 0.430728 0
    outer loop
      vertex -0.82219 21.2839 3.59999
      vertex -0.801906 21.2414 9.59
      vertex -0.801906 21.2414 3.59999
    endloop
  endfacet
  facet normal -0.335154 0.942163 0
    outer loop
      vertex 0.322531 20.8098 3.59999
      vertex 0.278115 20.794 9.59
      vertex 0.322531 20.8098 9.59
    endloop
  endfacet
  facet normal -0.335154 0.942163 0
    outer loop
      vertex 0.278115 20.794 9.59
      vertex 0.322531 20.8098 3.59999
      vertex 0.278115 20.794 3.59999
    endloop
  endfacet
  facet normal 0.182511 0.983204 -0
    outer loop
      vertex -0.140791 20.7611 3.59999
      vertex -0.18712 20.7697 9.59
      vertex -0.140791 20.7611 9.59
    endloop
  endfacet
  facet normal 0.182511 0.983204 0
    outer loop
      vertex -0.18712 20.7697 9.59
      vertex -0.140791 20.7611 3.59999
      vertex -0.18712 20.7697 3.59999
    endloop
  endfacet
  facet normal 0.430765 -0.902464 0
    outer loop
      vertex -0.408591 22.4519 3.59999
      vertex -0.366062 22.4722 9.59
      vertex -0.408591 22.4519 9.59
    endloop
  endfacet
  facet normal 0.430765 -0.902464 0
    outer loop
      vertex -0.366062 22.4722 9.59
      vertex -0.408591 22.4519 3.59999
      vertex -0.366062 22.4722 3.59999
    endloop
  endfacet
  facet normal 0.823913 -0.566716 0
    outer loop
      vertex -0.754803 22.1402 9.59
      vertex -0.728115 22.179 3.59999
      vertex -0.728115 22.179 9.59
    endloop
  endfacet
  facet normal 0.823913 -0.566716 0
    outer loop
      vertex -0.728115 22.179 3.59999
      vertex -0.754803 22.1402 9.59
      vertex -0.754803 22.1402 3.59999
    endloop
  endfacet
  facet normal -0.608972 0.793192 0
    outer loop
      vertex 0.566388 20.9506 3.59999
      vertex 0.529006 20.9219 9.59
      vertex 0.566388 20.9506 9.59
    endloop
  endfacet
  facet normal -0.608972 0.793192 0
    outer loop
      vertex 0.529006 20.9219 9.59
      vertex 0.566388 20.9506 3.59999
      vertex 0.529006 20.9219 3.59999
    endloop
  endfacet
  facet normal 0.924087 0.382182 0
    outer loop
      vertex -0.82219 21.2839 9.59
      vertex -0.840222 21.3275 3.59999
      vertex -0.840222 21.3275 9.59
    endloop
  endfacet
  facet normal 0.924087 0.382182 0
    outer loop
      vertex -0.840222 21.3275 3.59999
      vertex -0.82219 21.2839 9.59
      vertex -0.82219 21.2839 3.59999
    endloop
  endfacet
  facet normal -0.0254684 0.999676 0
    outer loop
      vertex 0.047102 20.7512 3.59999
      vertex 0 20.75 9.59
      vertex 0.047102 20.7512 9.59
    endloop
  endfacet
  facet normal -0.0254684 0.999676 0
    outer loop
      vertex 0 20.75 9.59
      vertex 0.047102 20.7512 3.59999
      vertex 0 20.75 3.59999
    endloop
  endfacet
  facet normal 0.99144 -0.130564 0
    outer loop
      vertex -0.895069 21.7441 9.59
      vertex -0.888919 21.7908 3.59999
      vertex -0.888919 21.7908 9.59
    endloop
  endfacet
  facet normal 0.99144 -0.130564 0
    outer loop
      vertex -0.888919 21.7908 3.59999
      vertex -0.895069 21.7441 9.59
      vertex -0.895069 21.7441 3.59999
    endloop
  endfacet
  facet normal -0.878776 -0.477235 0
    outer loop
      vertex 0.801906 22.0586 3.59999
      vertex 0.779423 22.1 9.59
      vertex 0.779423 22.1 3.59999
    endloop
  endfacet
  facet normal -0.878776 -0.477235 0
    outer loop
      vertex 0.779423 22.1 9.59
      vertex 0.801906 22.0586 3.59999
      vertex 0.801906 22.0586 9.59
    endloop
  endfacet
  facet normal -0.793487 -0.608587 0
    outer loop
      vertex 0.728115 22.179 3.59999
      vertex 0.69943 22.2164 9.59
      vertex 0.69943 22.2164 3.59999
    endloop
  endfacet
  facet normal -0.793487 -0.608587 0
    outer loop
      vertex 0.69943 22.2164 9.59
      vertex 0.728115 22.179 3.59999
      vertex 0.728115 22.179 9.59
    endloop
  endfacet
  facet normal -0.99144 0.130564 0
    outer loop
      vertex 0.888919 21.5092 3.59999
      vertex 0.895069 21.5559 9.59
      vertex 0.895069 21.5559 3.59999
    endloop
  endfacet
  facet normal -0.99144 0.130564 0
    outer loop
      vertex 0.895069 21.5559 9.59
      vertex 0.888919 21.5092 3.59999
      vertex 0.888919 21.5092 9.59
    endloop
  endfacet
  facet normal 0.958859 0.283882 0
    outer loop
      vertex -0.85595 21.3719 9.59
      vertex -0.869332 21.4171 3.59999
      vertex -0.869332 21.4171 9.59
    endloop
  endfacet
  facet normal 0.958859 0.283882 0
    outer loop
      vertex -0.869332 21.4171 3.59999
      vertex -0.85595 21.3719 9.59
      vertex -0.85595 21.3719 3.59999
    endloop
  endfacet
  facet normal 0.566572 -0.824012 0
    outer loop
      vertex -0.529006 22.3781 3.59999
      vertex -0.490174 22.4048 9.59
      vertex -0.529006 22.3781 9.59
    endloop
  endfacet
  facet normal 0.566572 -0.824012 0
    outer loop
      vertex -0.490174 22.4048 9.59
      vertex -0.529006 22.3781 3.59999
      vertex -0.490174 22.4048 3.59999
    endloop
  endfacet
  facet normal 0.924087 -0.382182 0
    outer loop
      vertex -0.840222 21.9725 9.59
      vertex -0.82219 22.0161 3.59999
      vertex -0.82219 22.0161 9.59
    endloop
  endfacet
  facet normal 0.924087 -0.382182 0
    outer loop
      vertex -0.82219 22.0161 3.59999
      vertex -0.840222 21.9725 9.59
      vertex -0.840222 21.9725 3.59999
    endloop
  endfacet
  facet normal 0.999658 -0.0261694 0
    outer loop
      vertex -0.9 21.65 9.59
      vertex -0.898767 21.6971 3.59999
      vertex -0.898767 21.6971 9.59
    endloop
  endfacet
  facet normal 0.999658 -0.0261694 0
    outer loop
      vertex -0.898767 21.6971 3.59999
      vertex -0.9 21.65 9.59
      vertex -0.9 21.65 3.59999
    endloop
  endfacet
  facet normal 0.902482 -0.430728 0
    outer loop
      vertex -0.82219 22.0161 9.59
      vertex -0.801906 22.0586 3.59999
      vertex -0.801906 22.0586 9.59
    endloop
  endfacet
  facet normal 0.902482 -0.430728 0
    outer loop
      vertex -0.801906 22.0586 3.59999
      vertex -0.82219 22.0161 9.59
      vertex -0.82219 22.0161 3.59999
    endloop
  endfacet
  facet normal 0.996919 -0.0784384 0
    outer loop
      vertex -0.898767 21.6971 9.59
      vertex -0.895069 21.7441 3.59999
      vertex -0.895069 21.7441 9.59
    endloop
  endfacet
  facet normal 0.996919 -0.0784384 0
    outer loop
      vertex -0.895069 21.7441 3.59999
      vertex -0.898767 21.6971 9.59
      vertex -0.898767 21.6971 3.59999
    endloop
  endfacet
  facet normal 0.878776 0.477235 0
    outer loop
      vertex -0.779423 21.2 9.59
      vertex -0.801906 21.2414 3.59999
      vertex -0.801906 21.2414 9.59
    endloop
  endfacet
  facet normal 0.878776 0.477235 0
    outer loop
      vertex -0.801906 21.2414 3.59999
      vertex -0.779423 21.2 9.59
      vertex -0.779423 21.2 3.59999
    endloop
  endfacet
  facet normal -0.649438 -0.760415 0
    outer loop
      vertex 0.566388 22.3494 3.59999
      vertex 0.602217 22.3188 9.59
      vertex 0.566388 22.3494 9.59
    endloop
  endfacet
  facet normal -0.649438 -0.760415 -0
    outer loop
      vertex 0.602217 22.3188 9.59
      vertex 0.566388 22.3494 3.59999
      vertex 0.602217 22.3188 3.59999
    endloop
  endfacet
  facet normal -0.233452 0.972368 0
    outer loop
      vertex 0.232937 20.7807 3.59999
      vertex 0.18712 20.7697 9.59
      vertex 0.232937 20.7807 9.59
    endloop
  endfacet
  facet normal -0.233452 0.972368 0
    outer loop
      vertex 0.18712 20.7697 9.59
      vertex 0.232937 20.7807 3.59999
      vertex 0.18712 20.7697 3.59999
    endloop
  endfacet
  facet normal 0.725582 0.688136 0
    outer loop
      vertex -0.636395 21.0136 9.59
      vertex -0.66883 21.0478 3.59999
      vertex -0.66883 21.0478 9.59
    endloop
  endfacet
  facet normal 0.725582 0.688136 0
    outer loop
      vertex -0.66883 21.0478 3.59999
      vertex -0.636395 21.0136 9.59
      vertex -0.636395 21.0136 3.59999
    endloop
  endfacet
  facet normal 0.182511 -0.983204 0
    outer loop
      vertex -0.18712 22.5303 3.59999
      vertex -0.140791 22.5389 9.59
      vertex -0.18712 22.5303 9.59
    endloop
  endfacet
  facet normal 0.182511 -0.983204 0
    outer loop
      vertex -0.140791 22.5389 9.59
      vertex -0.18712 22.5303 3.59999
      vertex -0.140791 22.5389 3.59999
    endloop
  endfacet
  facet normal -0.958859 0.283882 0
    outer loop
      vertex 0.85595 21.3719 3.59999
      vertex 0.869332 21.4171 9.59
      vertex 0.869332 21.4171 3.59999
    endloop
  endfacet
  facet normal -0.958859 0.283882 0
    outer loop
      vertex 0.869332 21.4171 9.59
      vertex 0.85595 21.3719 3.59999
      vertex 0.85595 21.3719 9.59
    endloop
  endfacet
  facet normal 0.131564 -0.991308 0
    outer loop
      vertex -0.140791 22.5389 3.59999
      vertex -0.0940752 22.5451 9.59
      vertex -0.140791 22.5389 9.59
    endloop
  endfacet
  facet normal 0.131564 -0.991308 0
    outer loop
      vertex -0.0940752 22.5451 9.59
      vertex -0.140791 22.5389 3.59999
      vertex -0.0940752 22.5451 3.59999
    endloop
  endfacet
  facet normal -0.996919 0.0784384 0
    outer loop
      vertex 0.895069 21.5559 3.59999
      vertex 0.898767 21.6029 9.59
      vertex 0.898767 21.6029 3.59999
    endloop
  endfacet
  facet normal -0.996919 0.0784384 0
    outer loop
      vertex 0.898767 21.6029 9.59
      vertex 0.895069 21.5559 3.59999
      vertex 0.895069 21.5559 9.59
    endloop
  endfacet
  facet normal 0.852778 -0.522274 0
    outer loop
      vertex -0.779423 22.1 9.59
      vertex -0.754803 22.1402 3.59999
      vertex -0.754803 22.1402 9.59
    endloop
  endfacet
  facet normal 0.852778 -0.522274 0
    outer loop
      vertex -0.754803 22.1402 3.59999
      vertex -0.779423 22.1 9.59
      vertex -0.779423 22.1 3.59999
    endloop
  endfacet
  facet normal 0.972349 0.233534 0
    outer loop
      vertex -0.869332 21.4171 9.59
      vertex -0.880332 21.4629 3.59999
      vertex -0.880332 21.4629 9.59
    endloop
  endfacet
  facet normal 0.972349 0.233534 0
    outer loop
      vertex -0.880332 21.4629 3.59999
      vertex -0.869332 21.4171 9.59
      vertex -0.869332 21.4171 3.59999
    endloop
  endfacet
  facet normal -0.182511 -0.983204 0
    outer loop
      vertex 0.140791 22.5389 3.59999
      vertex 0.18712 22.5303 9.59
      vertex 0.140791 22.5389 9.59
    endloop
  endfacet
  facet normal -0.182511 -0.983204 -0
    outer loop
      vertex 0.18712 22.5303 9.59
      vertex 0.140791 22.5389 3.59999
      vertex 0.18712 22.5303 3.59999
    endloop
  endfacet
  facet normal -0.99144 -0.130564 0
    outer loop
      vertex 0.895069 21.7441 3.59999
      vertex 0.888919 21.7908 9.59
      vertex 0.888919 21.7908 3.59999
    endloop
  endfacet
  facet normal -0.99144 -0.130564 0
    outer loop
      vertex 0.888919 21.7908 9.59
      vertex 0.895069 21.7441 3.59999
      vertex 0.895069 21.7441 9.59
    endloop
  endfacet
  facet normal 0.983233 0.182355 0
    outer loop
      vertex -0.880332 21.4629 9.59
      vertex -0.888919 21.5092 3.59999
      vertex -0.888919 21.5092 9.59
    endloop
  endfacet
  facet normal 0.983233 0.182355 0
    outer loop
      vertex -0.888919 21.5092 3.59999
      vertex -0.880332 21.4629 9.59
      vertex -0.880332 21.4629 3.59999
    endloop
  endfacet
  facet normal 0.649438 0.760415 -0
    outer loop
      vertex -0.566388 20.9506 3.59999
      vertex -0.602217 20.9812 9.59
      vertex -0.566388 20.9506 9.59
    endloop
  endfacet
  facet normal 0.649438 0.760415 0
    outer loop
      vertex -0.602217 20.9812 9.59
      vertex -0.566388 20.9506 3.59999
      vertex -0.602217 20.9812 3.59999
    endloop
  endfacet
  facet normal -0.999658 -0.0261694 0
    outer loop
      vertex 0.9 21.65 3.59999
      vertex 0.898767 21.6971 9.59
      vertex 0.898767 21.6971 3.59999
    endloop
  endfacet
  facet normal -0.999658 -0.0261694 0
    outer loop
      vertex 0.898767 21.6971 9.59
      vertex 0.9 21.65 3.59999
      vertex 0.9 21.65 9.59
    endloop
  endfacet
  facet normal -0.725582 0.688136 0
    outer loop
      vertex 0.636395 21.0136 3.59999
      vertex 0.66883 21.0478 9.59
      vertex 0.66883 21.0478 3.59999
    endloop
  endfacet
  facet normal -0.725582 0.688136 0
    outer loop
      vertex 0.66883 21.0478 9.59
      vertex 0.636395 21.0136 3.59999
      vertex 0.636395 21.0136 9.59
    endloop
  endfacet
  facet normal -0.999658 0.0261694 0
    outer loop
      vertex 0.898767 21.6029 3.59999
      vertex 0.9 21.65 9.59
      vertex 0.9 21.65 3.59999
    endloop
  endfacet
  facet normal -0.999658 0.0261694 0
    outer loop
      vertex 0.9 21.65 9.59
      vertex 0.898767 21.6029 3.59999
      vertex 0.898767 21.6029 9.59
    endloop
  endfacet
  facet normal 0.382119 0.924113 -0
    outer loop
      vertex -0.322531 20.8098 3.59999
      vertex -0.366062 20.8278 9.59
      vertex -0.322531 20.8098 9.59
    endloop
  endfacet
  facet normal 0.382119 0.924113 0
    outer loop
      vertex -0.366062 20.8278 9.59
      vertex -0.322531 20.8098 3.59999
      vertex -0.366062 20.8278 3.59999
    endloop
  endfacet
  facet normal -0.382119 -0.924113 0
    outer loop
      vertex 0.322531 22.4902 3.59999
      vertex 0.366062 22.4722 9.59
      vertex 0.322531 22.4902 9.59
    endloop
  endfacet
  facet normal -0.382119 -0.924113 -0
    outer loop
      vertex 0.366062 22.4722 9.59
      vertex 0.322531 22.4902 3.59999
      vertex 0.366062 22.4722 3.59999
    endloop
  endfacet
  facet normal -0.522211 0.852817 0
    outer loop
      vertex 0.490174 20.8952 3.59999
      vertex 0.45 20.8706 9.59
      vertex 0.490174 20.8952 9.59
    endloop
  endfacet
  facet normal -0.522211 0.852817 0
    outer loop
      vertex 0.45 20.8706 9.59
      vertex 0.490174 20.8952 3.59999
      vertex 0.45 20.8706 3.59999
    endloop
  endfacet
  facet normal -0.382119 0.924113 0
    outer loop
      vertex 0.366062 20.8278 3.59999
      vertex 0.322531 20.8098 9.59
      vertex 0.366062 20.8278 9.59
    endloop
  endfacet
  facet normal -0.382119 0.924113 0
    outer loop
      vertex 0.322531 20.8098 9.59
      vertex 0.366062 20.8278 3.59999
      vertex 0.322531 20.8098 3.59999
    endloop
  endfacet
  facet normal -0.972349 -0.233534 0
    outer loop
      vertex 0.880332 21.8371 3.59999
      vertex 0.869332 21.8829 9.59
      vertex 0.869332 21.8829 3.59999
    endloop
  endfacet
  facet normal -0.972349 -0.233534 0
    outer loop
      vertex 0.869332 21.8829 9.59
      vertex 0.880332 21.8371 3.59999
      vertex 0.880332 21.8371 9.59
    endloop
  endfacet
  facet normal 0.608972 0.793192 -0
    outer loop
      vertex -0.529006 20.9219 3.59999
      vertex -0.566388 20.9506 9.59
      vertex -0.529006 20.9219 9.59
    endloop
  endfacet
  facet normal 0.608972 0.793192 0
    outer loop
      vertex -0.566388 20.9506 9.59
      vertex -0.529006 20.9219 3.59999
      vertex -0.566388 20.9506 3.59999
    endloop
  endfacet
  facet normal -0.725582 -0.688136 0
    outer loop
      vertex 0.66883 22.2522 3.59999
      vertex 0.636395 22.2864 9.59
      vertex 0.636395 22.2864 3.59999
    endloop
  endfacet
  facet normal -0.725582 -0.688136 0
    outer loop
      vertex 0.636395 22.2864 9.59
      vertex 0.66883 22.2522 3.59999
      vertex 0.66883 22.2522 9.59
    endloop
  endfacet
  facet normal 0.958859 -0.283882 0
    outer loop
      vertex -0.869332 21.8829 9.59
      vertex -0.85595 21.9281 3.59999
      vertex -0.85595 21.9281 9.59
    endloop
  endfacet
  facet normal 0.958859 -0.283882 0
    outer loop
      vertex -0.85595 21.9281 3.59999
      vertex -0.869332 21.8829 9.59
      vertex -0.869332 21.8829 3.59999
    endloop
  endfacet
  facet normal -0.430765 -0.902464 0
    outer loop
      vertex 0.366062 22.4722 3.59999
      vertex 0.408591 22.4519 9.59
      vertex 0.366062 22.4722 9.59
    endloop
  endfacet
  facet normal -0.430765 -0.902464 -0
    outer loop
      vertex 0.408591 22.4519 9.59
      vertex 0.366062 22.4722 3.59999
      vertex 0.408591 22.4519 3.59999
    endloop
  endfacet
  facet normal -0.430765 0.902464 0
    outer loop
      vertex 0.408591 20.8481 3.59999
      vertex 0.366062 20.8278 9.59
      vertex 0.408591 20.8481 9.59
    endloop
  endfacet
  facet normal -0.430765 0.902464 0
    outer loop
      vertex 0.366062 20.8278 9.59
      vertex 0.408591 20.8481 3.59999
      vertex 0.366062 20.8278 3.59999
    endloop
  endfacet
  facet normal 0.999658 0.0261694 0
    outer loop
      vertex -0.898767 21.6029 9.59
      vertex -0.9 21.65 3.59999
      vertex -0.9 21.65 9.59
    endloop
  endfacet
  facet normal 0.999658 0.0261694 0
    outer loop
      vertex -0.9 21.65 3.59999
      vertex -0.898767 21.6029 9.59
      vertex -0.898767 21.6029 3.59999
    endloop
  endfacet
  facet normal 0.942607 0.333904 0
    outer loop
      vertex -0.840222 21.3275 9.59
      vertex -0.85595 21.3719 3.59999
      vertex -0.85595 21.3719 9.59
    endloop
  endfacet
  facet normal 0.942607 0.333904 0
    outer loop
      vertex -0.85595 21.3719 3.59999
      vertex -0.840222 21.3275 9.59
      vertex -0.840222 21.3275 3.59999
    endloop
  endfacet
  facet normal -0.477433 -0.878668 0
    outer loop
      vertex 0.408591 22.4519 3.59999
      vertex 0.45 22.4294 9.59
      vertex 0.408591 22.4519 9.59
    endloop
  endfacet
  facet normal -0.477433 -0.878668 -0
    outer loop
      vertex 0.45 22.4294 9.59
      vertex 0.408591 22.4519 3.59999
      vertex 0.45 22.4294 3.59999
    endloop
  endfacet
  facet normal 0.382119 -0.924113 0
    outer loop
      vertex -0.366062 22.4722 3.59999
      vertex -0.322531 22.4902 9.59
      vertex -0.366062 22.4722 9.59
    endloop
  endfacet
  facet normal 0.382119 -0.924113 0
    outer loop
      vertex -0.322531 22.4902 9.59
      vertex -0.366062 22.4722 3.59999
      vertex -0.322531 22.4902 3.59999
    endloop
  endfacet
  facet normal -0.477433 0.878668 0
    outer loop
      vertex 0.45 20.8706 3.59999
      vertex 0.408591 20.8481 9.59
      vertex 0.45 20.8706 9.59
    endloop
  endfacet
  facet normal -0.477433 0.878668 0
    outer loop
      vertex 0.408591 20.8481 9.59
      vertex 0.45 20.8706 3.59999
      vertex 0.408591 20.8481 3.59999
    endloop
  endfacet
  facet normal 0.793487 0.608587 0
    outer loop
      vertex -0.69943 21.0836 9.59
      vertex -0.728115 21.121 3.59999
      vertex -0.728115 21.121 9.59
    endloop
  endfacet
  facet normal 0.793487 0.608587 0
    outer loop
      vertex -0.728115 21.121 3.59999
      vertex -0.69943 21.0836 9.59
      vertex -0.69943 21.0836 3.59999
    endloop
  endfacet
  facet normal 0.760155 0.649742 0
    outer loop
      vertex -0.66883 21.0478 9.59
      vertex -0.69943 21.0836 3.59999
      vertex -0.69943 21.0836 9.59
    endloop
  endfacet
  facet normal 0.760155 0.649742 0
    outer loop
      vertex -0.69943 21.0836 3.59999
      vertex -0.66883 21.0478 9.59
      vertex -0.66883 21.0478 3.59999
    endloop
  endfacet
  facet normal 0.983233 -0.182355 0
    outer loop
      vertex -0.888919 21.7908 9.59
      vertex -0.880332 21.8371 3.59999
      vertex -0.880332 21.8371 9.59
    endloop
  endfacet
  facet normal 0.983233 -0.182355 0
    outer loop
      vertex -0.880332 21.8371 3.59999
      vertex -0.888919 21.7908 9.59
      vertex -0.888919 21.7908 3.59999
    endloop
  endfacet
  facet normal 0.0785251 0.996912 -0
    outer loop
      vertex -0.047102 20.7512 3.59999
      vertex -0.0940752 20.7549 9.59
      vertex -0.047102 20.7512 9.59
    endloop
  endfacet
  facet normal 0.0785251 0.996912 0
    outer loop
      vertex -0.0940752 20.7549 9.59
      vertex -0.047102 20.7512 3.59999
      vertex -0.0940752 20.7549 3.59999
    endloop
  endfacet
  facet normal -0.924087 0.382182 0
    outer loop
      vertex 0.82219 21.2839 3.59999
      vertex 0.840222 21.3275 9.59
      vertex 0.840222 21.3275 3.59999
    endloop
  endfacet
  facet normal -0.924087 0.382182 0
    outer loop
      vertex 0.840222 21.3275 9.59
      vertex 0.82219 21.2839 3.59999
      vertex 0.82219 21.2839 9.59
    endloop
  endfacet
  facet normal -0.878776 0.477235 0
    outer loop
      vertex 0.779423 21.2 3.59999
      vertex 0.801906 21.2414 9.59
      vertex 0.801906 21.2414 3.59999
    endloop
  endfacet
  facet normal -0.878776 0.477235 0
    outer loop
      vertex 0.801906 21.2414 9.59
      vertex 0.779423 21.2 3.59999
      vertex 0.779423 21.2 9.59
    endloop
  endfacet
  facet normal -0.902482 0.430728 0
    outer loop
      vertex 0.801906 21.2414 3.59999
      vertex 0.82219 21.2839 9.59
      vertex 0.82219 21.2839 3.59999
    endloop
  endfacet
  facet normal -0.902482 0.430728 0
    outer loop
      vertex 0.82219 21.2839 9.59
      vertex 0.801906 21.2414 3.59999
      vertex 0.801906 21.2414 9.59
    endloop
  endfacet
  facet normal 0.972349 -0.233534 0
    outer loop
      vertex -0.880332 21.8371 9.59
      vertex -0.869332 21.8829 3.59999
      vertex -0.869332 21.8829 9.59
    endloop
  endfacet
  facet normal 0.972349 -0.233534 0
    outer loop
      vertex -0.869332 21.8829 3.59999
      vertex -0.880332 21.8371 9.59
      vertex -0.880332 21.8371 3.59999
    endloop
  endfacet
  facet normal 0.430765 0.902464 -0
    outer loop
      vertex -0.366062 20.8278 3.59999
      vertex -0.408591 20.8481 9.59
      vertex -0.366062 20.8278 9.59
    endloop
  endfacet
  facet normal 0.430765 0.902464 0
    outer loop
      vertex -0.408591 20.8481 9.59
      vertex -0.366062 20.8278 3.59999
      vertex -0.408591 20.8481 3.59999
    endloop
  endfacet
  facet normal -0.687978 -0.725732 0
    outer loop
      vertex 0.602217 22.3188 3.59999
      vertex 0.636395 22.2864 9.59
      vertex 0.602217 22.3188 9.59
    endloop
  endfacet
  facet normal -0.687978 -0.725732 -0
    outer loop
      vertex 0.636395 22.2864 9.59
      vertex 0.602217 22.3188 3.59999
      vertex 0.636395 22.2864 3.59999
    endloop
  endfacet
  facet normal 0.477433 0.878668 -0
    outer loop
      vertex -0.408591 20.8481 3.59999
      vertex -0.45 20.8706 9.59
      vertex -0.408591 20.8481 9.59
    endloop
  endfacet
  facet normal 0.477433 0.878668 0
    outer loop
      vertex -0.45 20.8706 9.59
      vertex -0.408591 20.8481 3.59999
      vertex -0.45 20.8706 3.59999
    endloop
  endfacet
  facet normal 0.608972 -0.793192 0
    outer loop
      vertex -0.566388 22.3494 3.59999
      vertex -0.529006 22.3781 9.59
      vertex -0.566388 22.3494 9.59
    endloop
  endfacet
  facet normal 0.608972 -0.793192 0
    outer loop
      vertex -0.529006 22.3781 9.59
      vertex -0.566388 22.3494 3.59999
      vertex -0.529006 22.3781 3.59999
    endloop
  endfacet
  facet normal 0.522211 0.852817 -0
    outer loop
      vertex -0.45 20.8706 3.59999
      vertex -0.490174 20.8952 9.59
      vertex -0.45 20.8706 9.59
    endloop
  endfacet
  facet normal 0.522211 0.852817 0
    outer loop
      vertex -0.490174 20.8952 9.59
      vertex -0.45 20.8706 3.59999
      vertex -0.490174 20.8952 3.59999
    endloop
  endfacet
  facet normal -0.852778 0.522274 0
    outer loop
      vertex 0.754803 21.1598 3.59999
      vertex 0.779423 21.2 9.59
      vertex 0.779423 21.2 3.59999
    endloop
  endfacet
  facet normal -0.852778 0.522274 0
    outer loop
      vertex 0.779423 21.2 9.59
      vertex 0.754803 21.1598 3.59999
      vertex 0.754803 21.1598 9.59
    endloop
  endfacet
  facet normal 0.662253 -0.74928 0
    outer loop
      vertex -17.1987 -13.2581 3.59999
      vertex -17.1634 -13.2269 9.59
      vertex -17.1987 -13.2581 9.59
    endloop
  endfacet
  facet normal 0.662253 -0.74928 0
    outer loop
      vertex -17.1634 -13.2269 9.59
      vertex -17.1987 -13.2581 3.59999
      vertex -17.1634 -13.2269 3.59999
    endloop
  endfacet
  facet normal 0.674571 0.73821 -0
    outer loop
      vertex -17.1753 -14.5956 3.59999
      vertex -17.2101 -14.5638 9.59
      vertex -17.1753 -14.5956 9.59
    endloop
  endfacet
  facet normal 0.674571 0.73821 0
    outer loop
      vertex -17.2101 -14.5638 9.59
      vertex -17.1753 -14.5956 3.59999
      vertex -17.2101 -14.5638 3.59999
    endloop
  endfacet
  facet normal -0.0976126 0.995224 0
    outer loop
      vertex -16.4752 -14.8096 3.59999
      vertex -16.5221 -14.8142 9.59
      vertex -16.4752 -14.8096 9.59
    endloop
  endfacet
  facet normal -0.0976126 0.995224 0
    outer loop
      vertex -16.5221 -14.8142 9.59
      vertex -16.4752 -14.8096 3.59999
      vertex -16.5221 -14.8142 3.59999
    endloop
  endfacet
  facet normal -0.968111 -0.25052 0
    outer loop
      vertex -15.7079 -13.7139 3.59999
      vertex -15.7197 -13.6683 9.59
      vertex -15.7197 -13.6683 3.59999
    endloop
  endfacet
  facet normal -0.968111 -0.25052 0
    outer loop
      vertex -15.7197 -13.6683 9.59
      vertex -15.7079 -13.7139 3.59999
      vertex -15.7079 -13.7139 9.59
    endloop
  endfacet
  facet normal 0.637046 0.770826 -0
    outer loop
      vertex -17.139 -14.6256 3.59999
      vertex -17.1753 -14.5956 9.59
      vertex -17.139 -14.6256 9.59
    endloop
  endfacet
  facet normal 0.637046 0.770826 0
    outer loop
      vertex -17.1753 -14.5956 9.59
      vertex -17.139 -14.6256 3.59999
      vertex -17.1753 -14.5956 3.59999
    endloop
  endfacet
  facet normal -0.993648 0.112529 0
    outer loop
      vertex -15.6936 -14.0416 3.59999
      vertex -15.6883 -13.9948 9.59
      vertex -15.6883 -13.9948 3.59999
    endloop
  endfacet
  facet normal -0.993648 0.112529 0
    outer loop
      vertex -15.6883 -13.9948 9.59
      vertex -15.6936 -14.0416 3.59999
      vertex -15.6936 -14.0416 9.59
    endloop
  endfacet
  facet normal -0.216481 -0.976287 0
    outer loop
      vertex -16.4131 -13.0329 3.59999
      vertex -16.3671 -13.0431 9.59
      vertex -16.4131 -13.0329 9.59
    endloop
  endfacet
  facet normal -0.216481 -0.976287 -0
    outer loop
      vertex -16.3671 -13.0431 9.59
      vertex -16.4131 -13.0329 3.59999
      vertex -16.3671 -13.0431 3.59999
    endloop
  endfacet
  facet normal 0.737242 -0.675628 0
    outer loop
      vertex -17.2641 -13.3259 9.59
      vertex -17.2323 -13.2912 3.59999
      vertex -17.2323 -13.2912 9.59
    endloop
  endfacet
  facet normal 0.737242 -0.675628 0
    outer loop
      vertex -17.2323 -13.2912 3.59999
      vertex -17.2641 -13.3259 9.59
      vertex -17.2641 -13.3259 3.59999
    endloop
  endfacet
  facet normal -0.986221 0.165431 0
    outer loop
      vertex -15.7014 -14.0881 3.59999
      vertex -15.6936 -14.0416 9.59
      vertex -15.6936 -14.0416 3.59999
    endloop
  endfacet
  facet normal -0.986221 0.165431 0
    outer loop
      vertex -15.6936 -14.0416 9.59
      vertex -15.7014 -14.0881 3.59999
      vertex -15.7014 -14.0881 9.59
    endloop
  endfacet
  facet normal -0.0424246 0.9991 0
    outer loop
      vertex -16.5221 -14.8142 3.59999
      vertex -16.5692 -14.8162 9.59
      vertex -16.5221 -14.8142 9.59
    endloop
  endfacet
  facet normal -0.0424246 0.9991 0
    outer loop
      vertex -16.5692 -14.8162 9.59
      vertex -16.5221 -14.8142 3.59999
      vertex -16.5692 -14.8162 3.59999
    endloop
  endfacet
  facet normal 0.748347 0.663308 0
    outer loop
      vertex -17.2431 -14.5301 9.59
      vertex -17.2743 -14.4949 3.59999
      vertex -17.2743 -14.4949 9.59
    endloop
  endfacet
  facet normal 0.748347 0.663308 0
    outer loop
      vertex -17.2743 -14.4949 3.59999
      vertex -17.2431 -14.5301 9.59
      vertex -17.2431 -14.5301 3.59999
    endloop
  endfacet
  facet normal 0.976287 -0.216481 0
    outer loop
      vertex -17.4683 -13.7446 9.59
      vertex -17.4581 -13.6986 3.59999
      vertex -17.4581 -13.6986 9.59
    endloop
  endfacet
  facet normal 0.976287 -0.216481 0
    outer loop
      vertex -17.4581 -13.6986 3.59999
      vertex -17.4683 -13.7446 9.59
      vertex -17.4683 -13.7446 3.59999
    endloop
  endfacet
  facet normal 0.551758 0.834004 -0
    outer loop
      vertex -17.0618 -14.6796 3.59999
      vertex -17.1011 -14.6536 9.59
      vertex -17.0618 -14.6796 9.59
    endloop
  endfacet
  facet normal 0.551758 0.834004 0
    outer loop
      vertex -17.1011 -14.6536 9.59
      vertex -17.0618 -14.6796 3.59999
      vertex -17.1011 -14.6536 3.59999
    endloop
  endfacet
  facet normal 0.0976126 -0.995224 0
    outer loop
      vertex -16.6945 -13.0231 3.59999
      vertex -16.6476 -13.0185 9.59
      vertex -16.6945 -13.0231 9.59
    endloop
  endfacet
  facet normal 0.0976126 -0.995224 0
    outer loop
      vertex -16.6476 -13.0185 9.59
      vertex -16.6945 -13.0231 3.59999
      vertex -16.6476 -13.0185 3.59999
    endloop
  endfacet
  facet normal 0.580837 -0.81402 0
    outer loop
      vertex -17.1265 -13.1976 3.59999
      vertex -17.0881 -13.1702 9.59
      vertex -17.1265 -13.1976 9.59
    endloop
  endfacet
  facet normal 0.580837 -0.81402 0
    outer loop
      vertex -17.0881 -13.1702 9.59
      vertex -17.1265 -13.1976 3.59999
      vertex -17.0881 -13.1702 3.59999
    endloop
  endfacet
  facet normal -0.301538 0.953454 0
    outer loop
      vertex -16.2919 -14.7673 3.59999
      vertex -16.3368 -14.7815 9.59
      vertex -16.2919 -14.7673 9.59
    endloop
  endfacet
  facet normal -0.301538 0.953454 0
    outer loop
      vertex -16.3368 -14.7815 9.59
      vertex -16.2919 -14.7673 3.59999
      vertex -16.3368 -14.7815 3.59999
    endloop
  endfacet
  facet normal 0.771685 -0.636004 0
    outer loop
      vertex -17.2941 -13.3623 9.59
      vertex -17.2641 -13.3259 3.59999
      vertex -17.2641 -13.3259 9.59
    endloop
  endfacet
  facet normal 0.771685 -0.636004 0
    outer loop
      vertex -17.2641 -13.3259 3.59999
      vertex -17.2941 -13.3623 9.59
      vertex -17.2941 -13.3623 3.59999
    endloop
  endfacet
  facet normal -0.580837 0.81402 0
    outer loop
      vertex -16.0432 -14.6351 3.59999
      vertex -16.0816 -14.6625 9.59
      vertex -16.0432 -14.6351 9.59
    endloop
  endfacet
  facet normal -0.580837 0.81402 0
    outer loop
      vertex -16.0816 -14.6625 9.59
      vertex -16.0432 -14.6351 3.59999
      vertex -16.0816 -14.6625 3.59999
    endloop
  endfacet
  facet normal 0.00849226 0.999964 -0
    outer loop
      vertex -16.5692 -14.8162 3.59999
      vertex -16.6163 -14.8158 9.59
      vertex -16.5692 -14.8162 9.59
    endloop
  endfacet
  facet normal 0.00849226 0.999964 0
    outer loop
      vertex -16.6163 -14.8158 9.59
      vertex -16.5692 -14.8162 3.59999
      vertex -16.6163 -14.8158 3.59999
    endloop
  endfacet
  facet normal 0.86177 -0.507298 0
    outer loop
      vertex -17.372 -13.48 9.59
      vertex -17.3481 -13.4394 3.59999
      vertex -17.3481 -13.4394 9.59
    endloop
  endfacet
  facet normal 0.86177 -0.507298 0
    outer loop
      vertex -17.3481 -13.4394 3.59999
      vertex -17.372 -13.48 9.59
      vertex -17.372 -13.48 3.59999
    endloop
  endfacet
  facet normal 0.999964 -0.00847427 0
    outer loop
      vertex -17.4847 -13.9321 9.59
      vertex -17.4843 -13.8849 3.59999
      vertex -17.4843 -13.8849 9.59
    endloop
  endfacet
  facet normal 0.999964 -0.00847427 0
    outer loop
      vertex -17.4843 -13.8849 3.59999
      vertex -17.4847 -13.9321 9.59
      vertex -17.4847 -13.9321 3.59999
    endloop
  endfacet
  facet normal -0.81402 -0.580837 0
    outer loop
      vertex -15.8387 -13.4131 3.59999
      vertex -15.8661 -13.3747 9.59
      vertex -15.8661 -13.3747 3.59999
    endloop
  endfacet
  facet normal -0.81402 -0.580837 0
    outer loop
      vertex -15.8661 -13.3747 9.59
      vertex -15.8387 -13.4131 3.59999
      vertex -15.8387 -13.4131 9.59
    endloop
  endfacet
  facet normal -0.00849226 -0.999964 0
    outer loop
      vertex -16.6006 -13.0165 3.59999
      vertex -16.5535 -13.0169 9.59
      vertex -16.6006 -13.0165 9.59
    endloop
  endfacet
  facet normal -0.00849226 -0.999964 -0
    outer loop
      vertex -16.5535 -13.0169 9.59
      vertex -16.6006 -13.0165 3.59999
      vertex -16.5535 -13.0169 3.59999
    endloop
  endfacet
  facet normal 0.594212 0.804308 -0
    outer loop
      vertex -17.1011 -14.6536 3.59999
      vertex -17.139 -14.6256 9.59
      vertex -17.1011 -14.6536 9.59
    endloop
  endfacet
  facet normal 0.594212 0.804308 0
    outer loop
      vertex -17.139 -14.6256 9.59
      vertex -17.1011 -14.6536 3.59999
      vertex -17.139 -14.6256 3.59999
    endloop
  endfacet
  facet normal 0.895274 0.445516 0
    outer loop
      vertex -17.3795 -14.3389 9.59
      vertex -17.4005 -14.2967 3.59999
      vertex -17.4005 -14.2967 9.59
    endloop
  endfacet
  facet normal 0.895274 0.445516 0
    outer loop
      vertex -17.4005 -14.2967 3.59999
      vertex -17.3795 -14.3389 9.59
      vertex -17.3795 -14.3389 3.59999
    endloop
  endfacet
  facet normal 0.413803 0.910366 -0
    outer loop
      vertex -16.9365 -14.7448 3.59999
      vertex -16.9794 -14.7253 9.59
      vertex -16.9365 -14.7448 9.59
    endloop
  endfacet
  facet normal 0.413803 0.910366 0
    outer loop
      vertex -16.9794 -14.7253 9.59
      vertex -16.9365 -14.7448 3.59999
      vertex -16.9794 -14.7253 3.59999
    endloop
  endfacet
  facet normal 0.507298 0.86177 -0
    outer loop
      vertex -17.0212 -14.7035 3.59999
      vertex -17.0618 -14.6796 9.59
      vertex -17.0212 -14.7035 9.59
    endloop
  endfacet
  facet normal 0.507298 0.86177 0
    outer loop
      vertex -17.0618 -14.6796 9.59
      vertex -17.0212 -14.7035 3.59999
      vertex -17.0618 -14.6796 3.59999
    endloop
  endfacet
  facet normal -0.748347 -0.663308 0
    outer loop
      vertex -15.8954 -13.3378 3.59999
      vertex -15.9266 -13.3026 9.59
      vertex -15.9266 -13.3026 3.59999
    endloop
  endfacet
  facet normal -0.748347 -0.663308 0
    outer loop
      vertex -15.9266 -13.3026 9.59
      vertex -15.8954 -13.3378 3.59999
      vertex -15.8954 -13.3378 9.59
    endloop
  endfacet
  facet normal 0.81402 0.580837 0
    outer loop
      vertex -17.3036 -14.458 9.59
      vertex -17.331 -14.4196 3.59999
      vertex -17.331 -14.4196 9.59
    endloop
  endfacet
  facet normal 0.81402 0.580837 0
    outer loop
      vertex -17.331 -14.4196 3.59999
      vertex -17.3036 -14.458 9.59
      vertex -17.3036 -14.458 3.59999
    endloop
  endfacet
  facet normal -0.165431 -0.986221 0
    outer loop
      vertex -16.4596 -13.0251 3.59999
      vertex -16.4131 -13.0329 9.59
      vertex -16.4596 -13.0251 9.59
    endloop
  endfacet
  facet normal -0.165431 -0.986221 -0
    outer loop
      vertex -16.4131 -13.0329 9.59
      vertex -16.4596 -13.0251 3.59999
      vertex -16.4131 -13.0329 3.59999
    endloop
  endfacet
  facet normal -0.636004 -0.771685 0
    outer loop
      vertex -16.0308 -13.2071 3.59999
      vertex -15.9944 -13.2371 9.59
      vertex -16.0308 -13.2071 9.59
    endloop
  endfacet
  facet normal -0.636004 -0.771685 -0
    outer loop
      vertex -15.9944 -13.2371 9.59
      vertex -16.0308 -13.2071 3.59999
      vertex -15.9944 -13.2371 3.59999
    endloop
  endfacet
  facet normal -0.88666 0.462421 0
    outer loop
      vertex -15.7977 -14.3527 3.59999
      vertex -15.7759 -14.3109 9.59
      vertex -15.7759 -14.3109 3.59999
    endloop
  endfacet
  facet normal -0.88666 0.462421 0
    outer loop
      vertex -15.7759 -14.3109 9.59
      vertex -15.7977 -14.3527 3.59999
      vertex -15.7977 -14.3527 9.59
    endloop
  endfacet
  facet normal 0.701786 -0.712387 0
    outer loop
      vertex -17.2323 -13.2912 3.59999
      vertex -17.1987 -13.2581 9.59
      vertex -17.2323 -13.2912 9.59
    endloop
  endfacet
  facet normal 0.701786 -0.712387 0
    outer loop
      vertex -17.1987 -13.2581 9.59
      vertex -17.2323 -13.2912 3.59999
      vertex -17.1987 -13.2581 3.59999
    endloop
  endfacet
  facet normal 0.963579 -0.267425 0
    outer loop
      vertex -17.4581 -13.6986 9.59
      vertex -17.4455 -13.6532 3.59999
      vertex -17.4455 -13.6532 9.59
    endloop
  endfacet
  facet normal 0.963579 -0.267425 0
    outer loop
      vertex -17.4455 -13.6532 3.59999
      vertex -17.4581 -13.6986 9.59
      vertex -17.4581 -13.6986 3.59999
    endloop
  endfacet
  facet normal -0.0614547 -0.99811 0
    outer loop
      vertex -16.5535 -13.0169 3.59999
      vertex -16.5064 -13.0198 9.59
      vertex -16.5535 -13.0169 9.59
    endloop
  endfacet
  facet normal -0.0614547 -0.99811 -0
    outer loop
      vertex -16.5064 -13.0198 9.59
      vertex -16.5535 -13.0169 3.59999
      vertex -16.5064 -13.0198 3.59999
    endloop
  endfacet
  facet normal -0.916935 -0.399037 0
    outer loop
      vertex -15.7504 -13.5792 3.59999
      vertex -15.7692 -13.536 9.59
      vertex -15.7692 -13.536 3.59999
    endloop
  endfacet
  facet normal -0.916935 -0.399037 0
    outer loop
      vertex -15.7692 -13.536 9.59
      vertex -15.7504 -13.5792 3.59999
      vertex -15.7504 -13.5792 9.59
    endloop
  endfacet
  facet normal -0.976287 0.216481 0
    outer loop
      vertex -15.7116 -14.1341 3.59999
      vertex -15.7014 -14.0881 9.59
      vertex -15.7014 -14.0881 3.59999
    endloop
  endfacet
  facet normal -0.976287 0.216481 0
    outer loop
      vertex -15.7014 -14.0881 9.59
      vertex -15.7116 -14.1341 3.59999
      vertex -15.7116 -14.1341 9.59
    endloop
  endfacet
  facet normal 0.88666 -0.462421 0
    outer loop
      vertex -17.3938 -13.5218 9.59
      vertex -17.372 -13.48 3.59999
      vertex -17.372 -13.48 9.59
    endloop
  endfacet
  facet normal 0.88666 -0.462421 0
    outer loop
      vertex -17.372 -13.48 3.59999
      vertex -17.3938 -13.5218 9.59
      vertex -17.3938 -13.5218 3.59999
    endloop
  endfacet
  facet normal 0.998102 -0.061585 0
    outer loop
      vertex -17.4843 -13.8849 9.59
      vertex -17.4814 -13.8379 3.59999
      vertex -17.4814 -13.8379 9.59
    endloop
  endfacet
  facet normal 0.998102 -0.061585 0
    outer loop
      vertex -17.4814 -13.8379 3.59999
      vertex -17.4843 -13.8849 9.59
      vertex -17.4843 -13.8849 3.59999
    endloop
  endfacet
  facet normal -0.936591 -0.350425 0
    outer loop
      vertex -15.7339 -13.6233 3.59999
      vertex -15.7504 -13.5792 9.59
      vertex -15.7504 -13.5792 3.59999
    endloop
  endfacet
  facet normal -0.936591 -0.350425 0
    outer loop
      vertex -15.7504 -13.5792 9.59
      vertex -15.7339 -13.6233 3.59999
      vertex -15.7339 -13.6233 9.59
    endloop
  endfacet
  facet normal 0.350425 -0.936591 0
    outer loop
      vertex -16.922 -13.0819 3.59999
      vertex -16.8779 -13.0654 9.59
      vertex -16.922 -13.0819 9.59
    endloop
  endfacet
  facet normal 0.350425 -0.936591 0
    outer loop
      vertex -16.8779 -13.0654 9.59
      vertex -16.922 -13.0819 3.59999
      vertex -16.8779 -13.0654 3.59999
    endloop
  endfacet
  facet normal -0.713429 -0.700727 0
    outer loop
      vertex -15.9266 -13.3026 3.59999
      vertex -15.9597 -13.2689 9.59
      vertex -15.9597 -13.2689 3.59999
    endloop
  endfacet
  facet normal -0.713429 -0.700727 0
    outer loop
      vertex -15.9597 -13.2689 9.59
      vertex -15.9266 -13.3026 3.59999
      vertex -15.9266 -13.3026 9.59
    endloop
  endfacet
  facet normal -0.199378 0.979923 0
    outer loop
      vertex -16.3824 -14.7933 3.59999
      vertex -16.4286 -14.8027 9.59
      vertex -16.3824 -14.7933 9.59
    endloop
  endfacet
  facet normal -0.199378 0.979923 0
    outer loop
      vertex -16.4286 -14.8027 9.59
      vertex -16.3824 -14.7933 3.59999
      vertex -16.4286 -14.8027 3.59999
    endloop
  endfacet
  facet normal 0.843311 0.537425 0
    outer loop
      vertex -17.331 -14.4196 9.59
      vertex -17.3563 -14.3799 3.59999
      vertex -17.3563 -14.3799 9.59
    endloop
  endfacet
  facet normal 0.843311 0.537425 0
    outer loop
      vertex -17.3563 -14.3799 3.59999
      vertex -17.331 -14.4196 9.59
      vertex -17.331 -14.4196 3.59999
    endloop
  endfacet
  facet normal -0.963579 0.267425 0
    outer loop
      vertex -15.7242 -14.1795 3.59999
      vertex -15.7116 -14.1341 9.59
      vertex -15.7116 -14.1341 3.59999
    endloop
  endfacet
  facet normal -0.963579 0.267425 0
    outer loop
      vertex -15.7116 -14.1341 9.59
      vertex -15.7242 -14.1795 3.59999
      vertex -15.7242 -14.1795 9.59
    endloop
  endfacet
  facet normal -0.995428 -0.0955102 0
    outer loop
      vertex -15.6871 -13.8536 3.59999
      vertex -15.6916 -13.8067 9.59
      vertex -15.6916 -13.8067 3.59999
    endloop
  endfacet
  facet normal -0.995428 -0.0955102 0
    outer loop
      vertex -15.6916 -13.8067 9.59
      vertex -15.6871 -13.8536 3.59999
      vertex -15.6871 -13.8536 9.59
    endloop
  endfacet
  facet normal 0.462421 0.88666 -0
    outer loop
      vertex -16.9794 -14.7253 3.59999
      vertex -17.0212 -14.7035 9.59
      vertex -16.9794 -14.7253 9.59
    endloop
  endfacet
  facet normal 0.462421 0.88666 0
    outer loop
      vertex -17.0212 -14.7035 9.59
      vertex -16.9794 -14.7253 3.59999
      vertex -17.0212 -14.7035 3.59999
    endloop
  endfacet
  facet normal 0.0425147 -0.999096 0
    outer loop
      vertex -16.6476 -13.0185 3.59999
      vertex -16.6006 -13.0165 9.59
      vertex -16.6476 -13.0185 9.59
    endloop
  endfacet
  facet normal 0.0425147 -0.999096 0
    outer loop
      vertex -16.6006 -13.0165 9.59
      vertex -16.6476 -13.0185 3.59999
      vertex -16.6006 -13.0165 3.59999
    endloop
  endfacet
  facet normal 0.714488 0.699647 0
    outer loop
      vertex -17.2101 -14.5638 9.59
      vertex -17.2431 -14.5301 3.59999
      vertex -17.2431 -14.5301 9.59
    endloop
  endfacet
  facet normal 0.714488 0.699647 0
    outer loop
      vertex -17.2431 -14.5301 3.59999
      vertex -17.2101 -14.5638 9.59
      vertex -17.2101 -14.5638 3.59999
    endloop
  endfacet
  facet normal -0.802541 0.596598 0
    outer loop
      vertex -15.8757 -14.4704 3.59999
      vertex -15.8476 -14.4326 9.59
      vertex -15.8476 -14.4326 3.59999
    endloop
  endfacet
  facet normal -0.802541 0.596598 0
    outer loop
      vertex -15.8476 -14.4326 9.59
      vertex -15.8757 -14.4704 3.59999
      vertex -15.8757 -14.4704 9.59
    endloop
  endfacet
  facet normal 0.910366 -0.413803 0
    outer loop
      vertex -17.4133 -13.5647 9.59
      vertex -17.3938 -13.5218 3.59999
      vertex -17.3938 -13.5218 9.59
    endloop
  endfacet
  facet normal 0.910366 -0.413803 0
    outer loop
      vertex -17.3938 -13.5218 3.59999
      vertex -17.4133 -13.5647 9.59
      vertex -17.4133 -13.5647 3.59999
    endloop
  endfacet
  facet normal -0.462421 -0.88666 0
    outer loop
      vertex -16.1903 -13.1074 3.59999
      vertex -16.1485 -13.1292 9.59
      vertex -16.1903 -13.1074 9.59
    endloop
  endfacet
  facet normal -0.462421 -0.88666 -0
    outer loop
      vertex -16.1485 -13.1292 9.59
      vertex -16.1903 -13.1074 3.59999
      vertex -16.1485 -13.1292 3.59999
    endloop
  endfacet
  facet normal -0.948683 0.316228 0
    outer loop
      vertex -15.7391 -14.2242 3.59999
      vertex -15.7242 -14.1795 9.59
      vertex -15.7242 -14.1795 3.59999
    endloop
  endfacet
  facet normal -0.948683 0.316228 0
    outer loop
      vertex -15.7242 -14.1795 9.59
      vertex -15.7391 -14.2242 3.59999
      vertex -15.7391 -14.2242 9.59
    endloop
  endfacet
  facet normal 0.783141 0.621844 0
    outer loop
      vertex -17.2743 -14.4949 9.59
      vertex -17.3036 -14.458 3.59999
      vertex -17.3036 -14.458 9.59
    endloop
  endfacet
  facet normal 0.783141 0.621844 0
    outer loop
      vertex -17.3036 -14.458 3.59999
      vertex -17.2743 -14.4949 9.59
      vertex -17.2743 -14.4949 3.59999
    endloop
  endfacet
  facet normal -0.413803 -0.910366 0
    outer loop
      vertex -16.2332 -13.0879 3.59999
      vertex -16.1903 -13.1074 9.59
      vertex -16.2332 -13.0879 9.59
    endloop
  endfacet
  facet normal -0.413803 -0.910366 -0
    outer loop
      vertex -16.1903 -13.1074 9.59
      vertex -16.2332 -13.0879 3.59999
      vertex -16.1903 -13.1074 3.59999
    endloop
  endfacet
  facet normal -0.870326 -0.492477 0
    outer loop
      vertex -15.7902 -13.4938 3.59999
      vertex -15.8134 -13.4528 9.59
      vertex -15.8134 -13.4528 3.59999
    endloop
  endfacet
  facet normal -0.870326 -0.492477 0
    outer loop
      vertex -15.8134 -13.4528 9.59
      vertex -15.7902 -13.4938 3.59999
      vertex -15.7902 -13.4938 9.59
    endloop
  endfacet
  facet normal -0.595228 -0.803557 0
    outer loop
      vertex -16.0686 -13.1791 3.59999
      vertex -16.0308 -13.2071 9.59
      vertex -16.0686 -13.1791 9.59
    endloop
  endfacet
  facet normal -0.595228 -0.803557 -0
    outer loop
      vertex -16.0308 -13.2071 9.59
      vertex -16.0686 -13.1791 3.59999
      vertex -16.0308 -13.2071 3.59999
    endloop
  endfacet
  facet normal 0.061585 0.998102 -0
    outer loop
      vertex -16.6163 -14.8158 3.59999
      vertex -16.6633 -14.8129 9.59
      vertex -16.6163 -14.8158 9.59
    endloop
  endfacet
  facet normal 0.061585 0.998102 0
    outer loop
      vertex -16.6633 -14.8129 9.59
      vertex -16.6163 -14.8158 3.59999
      vertex -16.6633 -14.8129 3.59999
    endloop
  endfacet
  facet normal -0.507298 -0.86177 0
    outer loop
      vertex -16.1485 -13.1292 3.59999
      vertex -16.1079 -13.1531 9.59
      vertex -16.1485 -13.1292 9.59
    endloop
  endfacet
  facet normal -0.507298 -0.86177 -0
    outer loop
      vertex -16.1079 -13.1531 9.59
      vertex -16.1485 -13.1292 3.59999
      vertex -16.1079 -13.1531 3.59999
    endloop
  endfacet
  facet normal -0.537425 0.843311 0
    outer loop
      vertex -16.0816 -14.6625 3.59999
      vertex -16.1213 -14.6878 9.59
      vertex -16.0816 -14.6625 9.59
    endloop
  endfacet
  facet normal -0.537425 0.843311 0
    outer loop
      vertex -16.1213 -14.6878 9.59
      vertex -16.0816 -14.6625 3.59999
      vertex -16.1213 -14.6878 3.59999
    endloop
  endfacet
  facet normal -0.551758 -0.834004 0
    outer loop
      vertex -16.1079 -13.1531 3.59999
      vertex -16.0686 -13.1791 9.59
      vertex -16.1079 -13.1531 9.59
    endloop
  endfacet
  facet normal -0.551758 -0.834004 -0
    outer loop
      vertex -16.0686 -13.1791 9.59
      vertex -16.1079 -13.1531 3.59999
      vertex -16.0686 -13.1791 3.59999
    endloop
  endfacet
  facet normal 0.916935 0.399037 0
    outer loop
      vertex -17.4005 -14.2967 9.59
      vertex -17.4193 -14.2535 3.59999
      vertex -17.4193 -14.2535 9.59
    endloop
  endfacet
  facet normal 0.916935 0.399037 0
    outer loop
      vertex -17.4193 -14.2535 3.59999
      vertex -17.4005 -14.2967 9.59
      vertex -17.4005 -14.2967 3.59999
    endloop
  endfacet
  facet normal 0.300929 -0.953647 0
    outer loop
      vertex -16.8779 -13.0654 3.59999
      vertex -16.8329 -13.0512 9.59
      vertex -16.8779 -13.0654 9.59
    endloop
  endfacet
  facet normal 0.300929 -0.953647 0
    outer loop
      vertex -16.8329 -13.0512 9.59
      vertex -16.8779 -13.0654 3.59999
      vertex -16.8329 -13.0512 3.59999
    endloop
  endfacet
  facet normal 0.36736 0.930079 -0
    outer loop
      vertex -16.8927 -14.7621 3.59999
      vertex -16.9365 -14.7448 9.59
      vertex -16.8927 -14.7621 9.59
    endloop
  endfacet
  facet normal 0.36736 0.930079 0
    outer loop
      vertex -16.9365 -14.7448 9.59
      vertex -16.8927 -14.7621 3.59999
      vertex -16.9365 -14.7448 3.59999
    endloop
  endfacet
  facet normal 0.870326 0.492477 0
    outer loop
      vertex -17.3563 -14.3799 9.59
      vertex -17.3795 -14.3389 3.59999
      vertex -17.3795 -14.3389 9.59
    endloop
  endfacet
  facet normal 0.870326 0.492477 0
    outer loop
      vertex -17.3795 -14.3389 3.59999
      vertex -17.3563 -14.3799 9.59
      vertex -17.3563 -14.3799 3.59999
    endloop
  endfacet
  facet normal -0.445516 0.895274 0
    outer loop
      vertex -16.1623 -14.711 3.59999
      vertex -16.2045 -14.732 9.59
      vertex -16.1623 -14.711 9.59
    endloop
  endfacet
  facet normal -0.445516 0.895274 0
    outer loop
      vertex -16.2045 -14.732 9.59
      vertex -16.1623 -14.711 3.59999
      vertex -16.2045 -14.732 3.59999
    endloop
  endfacet
  facet normal 0.316228 0.948683 -0
    outer loop
      vertex -16.848 -14.777 3.59999
      vertex -16.8927 -14.7621 9.59
      vertex -16.848 -14.777 9.59
    endloop
  endfacet
  facet normal 0.316228 0.948683 0
    outer loop
      vertex -16.8927 -14.7621 9.59
      vertex -16.848 -14.777 3.59999
      vertex -16.8927 -14.7621 3.59999
    endloop
  endfacet
  facet normal 0.988905 0.148548 0
    outer loop
      vertex -17.4712 -14.0726 9.59
      vertex -17.4782 -14.026 3.59999
      vertex -17.4782 -14.026 9.59
    endloop
  endfacet
  facet normal 0.988905 0.148548 0
    outer loop
      vertex -17.4782 -14.026 3.59999
      vertex -17.4712 -14.0726 9.59
      vertex -17.4712 -14.0726 3.59999
    endloop
  endfacet
  facet normal 0.165431 0.986221 -0
    outer loop
      vertex -16.7101 -14.8076 3.59999
      vertex -16.7566 -14.7998 9.59
      vertex -16.7101 -14.8076 9.59
    endloop
  endfacet
  facet normal 0.165431 0.986221 0
    outer loop
      vertex -16.7566 -14.7998 9.59
      vertex -16.7101 -14.8076 3.59999
      vertex -16.7566 -14.7998 3.59999
    endloop
  endfacet
  facet normal 0.621844 -0.783141 0
    outer loop
      vertex -17.1634 -13.2269 3.59999
      vertex -17.1265 -13.1976 9.59
      vertex -17.1634 -13.2269 9.59
    endloop
  endfacet
  facet normal 0.621844 -0.783141 0
    outer loop
      vertex -17.1265 -13.1976 9.59
      vertex -17.1634 -13.2269 3.59999
      vertex -17.1265 -13.1976 3.59999
    endloop
  endfacet
  facet normal 0.216481 0.976287 -0
    outer loop
      vertex -16.7566 -14.7998 3.59999
      vertex -16.8026 -14.7896 9.59
      vertex -16.7566 -14.7998 9.59
    endloop
  endfacet
  facet normal 0.216481 0.976287 0
    outer loop
      vertex -16.8026 -14.7896 9.59
      vertex -16.7566 -14.7998 3.59999
      vertex -16.8026 -14.7896 3.59999
    endloop
  endfacet
  facet normal 0.267425 0.963579 -0
    outer loop
      vertex -16.8026 -14.7896 3.59999
      vertex -16.848 -14.777 9.59
      vertex -16.8026 -14.7896 9.59
    endloop
  endfacet
  facet normal 0.267425 0.963579 0
    outer loop
      vertex -16.848 -14.777 9.59
      vertex -16.8026 -14.7896 3.59999
      vertex -16.848 -14.777 3.59999
    endloop
  endfacet
  facet normal -0.675628 -0.737242 0
    outer loop
      vertex -15.9944 -13.2371 3.59999
      vertex -15.9597 -13.2689 9.59
      vertex -15.9944 -13.2371 9.59
    endloop
  endfacet
  facet normal -0.675628 -0.737242 -0
    outer loop
      vertex -15.9597 -13.2689 9.59
      vertex -15.9944 -13.2371 3.59999
      vertex -15.9597 -13.2689 3.59999
    endloop
  endfacet
  facet normal -0.622879 0.782319 0
    outer loop
      vertex -16.0064 -14.6058 3.59999
      vertex -16.0432 -14.6351 9.59
      vertex -16.0064 -14.6058 9.59
    endloop
  endfacet
  facet normal -0.622879 0.782319 0
    outer loop
      vertex -16.0432 -14.6351 9.59
      vertex -16.0064 -14.6058 3.59999
      vertex -16.0432 -14.6351 3.59999
    endloop
  endfacet
  facet normal -0.25052 0.968111 0
    outer loop
      vertex -16.3368 -14.7815 3.59999
      vertex -16.3824 -14.7933 9.59
      vertex -16.3368 -14.7815 9.59
    endloop
  endfacet
  facet normal -0.25052 0.968111 0
    outer loop
      vertex -16.3824 -14.7933 9.59
      vertex -16.3368 -14.7815 3.59999
      vertex -16.3824 -14.7933 3.59999
    endloop
  endfacet
  facet normal -0.843311 -0.537425 0
    outer loop
      vertex -15.8134 -13.4528 3.59999
      vertex -15.8387 -13.4131 9.59
      vertex -15.8387 -13.4131 3.59999
    endloop
  endfacet
  facet normal -0.843311 -0.537425 0
    outer loop
      vertex -15.8387 -13.4131 9.59
      vertex -15.8134 -13.4528 3.59999
      vertex -15.8134 -13.4528 9.59
    endloop
  endfacet
  facet normal 0.986221 -0.165431 0
    outer loop
      vertex -17.4761 -13.7911 9.59
      vertex -17.4683 -13.7446 3.59999
      vertex -17.4683 -13.7446 9.59
    endloop
  endfacet
  facet normal 0.986221 -0.165431 0
    outer loop
      vertex -17.4683 -13.7446 3.59999
      vertex -17.4761 -13.7911 9.59
      vertex -17.4761 -13.7911 3.59999
    endloop
  endfacet
  facet normal 0.146472 -0.989215 0
    outer loop
      vertex -16.7411 -13.03 3.59999
      vertex -16.6945 -13.0231 9.59
      vertex -16.7411 -13.03 9.59
    endloop
  endfacet
  facet normal 0.146472 -0.989215 0
    outer loop
      vertex -16.6945 -13.0231 9.59
      vertex -16.7411 -13.03 3.59999
      vertex -16.6945 -13.0231 3.59999
    endloop
  endfacet
  facet normal -0.999003 -0.0446363 0
    outer loop
      vertex -15.685 -13.9006 3.59999
      vertex -15.6871 -13.8536 9.59
      vertex -15.6871 -13.8536 3.59999
    endloop
  endfacet
  facet normal -0.999003 -0.0446363 0
    outer loop
      vertex -15.6871 -13.8536 9.59
      vertex -15.685 -13.9006 3.59999
      vertex -15.685 -13.9006 9.59
    endloop
  endfacet
  facet normal -0.783141 -0.621844 0
    outer loop
      vertex -15.8661 -13.3747 3.59999
      vertex -15.8954 -13.3378 9.59
      vertex -15.8954 -13.3378 3.59999
    endloop
  endfacet
  facet normal -0.783141 -0.621844 0
    outer loop
      vertex -15.8954 -13.3378 9.59
      vertex -15.8661 -13.3747 3.59999
      vertex -15.8661 -13.3747 9.59
    endloop
  endfacet
  facet normal -0.701786 0.712387 0
    outer loop
      vertex -15.9375 -14.5415 3.59999
      vertex -15.9711 -14.5746 9.59
      vertex -15.9375 -14.5415 9.59
    endloop
  endfacet
  facet normal -0.701786 0.712387 0
    outer loop
      vertex -15.9711 -14.5746 9.59
      vertex -15.9375 -14.5415 3.59999
      vertex -15.9711 -14.5746 3.59999
    endloop
  endfacet
  facet normal -0.86177 0.507298 0
    outer loop
      vertex -15.8216 -14.3933 3.59999
      vertex -15.7977 -14.3527 9.59
      vertex -15.7977 -14.3527 3.59999
    endloop
  endfacet
  facet normal -0.86177 0.507298 0
    outer loop
      vertex -15.7977 -14.3527 9.59
      vertex -15.8216 -14.3933 3.59999
      vertex -15.8216 -14.3933 9.59
    endloop
  endfacet
  facet normal -0.267425 -0.963579 0
    outer loop
      vertex -16.3671 -13.0431 3.59999
      vertex -16.3217 -13.0557 9.59
      vertex -16.3671 -13.0431 9.59
    endloop
  endfacet
  facet normal -0.267425 -0.963579 -0
    outer loop
      vertex -16.3217 -13.0557 9.59
      vertex -16.3671 -13.0431 3.59999
      vertex -16.3217 -13.0557 3.59999
    endloop
  endfacet
  facet normal -0.989215 -0.146472 0
    outer loop
      vertex -15.6916 -13.8067 3.59999
      vertex -15.6985 -13.7601 9.59
      vertex -15.6985 -13.7601 3.59999
    endloop
  endfacet
  facet normal -0.989215 -0.146472 0
    outer loop
      vertex -15.6985 -13.7601 9.59
      vertex -15.6916 -13.8067 3.59999
      vertex -15.6916 -13.8067 9.59
    endloop
  endfacet
  facet normal 0.399037 -0.916935 0
    outer loop
      vertex -16.9652 -13.1007 3.59999
      vertex -16.922 -13.0819 9.59
      vertex -16.9652 -13.1007 9.59
    endloop
  endfacet
  facet normal 0.399037 -0.916935 0
    outer loop
      vertex -16.922 -13.0819 9.59
      vertex -16.9652 -13.1007 3.59999
      vertex -16.922 -13.0819 3.59999
    endloop
  endfacet
  facet normal -0.736185 0.676781 0
    outer loop
      vertex -15.9375 -14.5415 3.59999
      vertex -15.9056 -14.5068 9.59
      vertex -15.9056 -14.5068 3.59999
    endloop
  endfacet
  facet normal -0.736185 0.676781 0
    outer loop
      vertex -15.9056 -14.5068 9.59
      vertex -15.9375 -14.5415 3.59999
      vertex -15.9375 -14.5415 9.59
    endloop
  endfacet
  facet normal -0.662253 0.74928 0
    outer loop
      vertex -15.9711 -14.5746 3.59999
      vertex -16.0064 -14.6058 9.59
      vertex -15.9711 -14.5746 9.59
    endloop
  endfacet
  facet normal -0.662253 0.74928 0
    outer loop
      vertex -16.0064 -14.6058 9.59
      vertex -15.9711 -14.5746 3.59999
      vertex -16.0064 -14.6058 3.59999
    endloop
  endfacet
  facet normal -0.772726 0.634739 0
    outer loop
      vertex -15.9056 -14.5068 3.59999
      vertex -15.8757 -14.4704 9.59
      vertex -15.8757 -14.4704 3.59999
    endloop
  endfacet
  facet normal -0.772726 0.634739 0
    outer loop
      vertex -15.8757 -14.4704 9.59
      vertex -15.9056 -14.5068 3.59999
      vertex -15.9056 -14.5068 9.59
    endloop
  endfacet
  facet normal 0.948683 -0.316228 0
    outer loop
      vertex -17.4455 -13.6532 9.59
      vertex -17.4306 -13.6085 3.59999
      vertex -17.4306 -13.6085 9.59
    endloop
  endfacet
  facet normal 0.948683 -0.316228 0
    outer loop
      vertex -17.4306 -13.6085 3.59999
      vertex -17.4455 -13.6532 9.59
      vertex -17.4455 -13.6532 3.59999
    endloop
  endfacet
  facet normal -0.399037 0.916935 0
    outer loop
      vertex -16.2045 -14.732 3.59999
      vertex -16.2477 -14.7508 9.59
      vertex -16.2045 -14.732 9.59
    endloop
  endfacet
  facet normal -0.399037 0.916935 0
    outer loop
      vertex -16.2477 -14.7508 9.59
      vertex -16.2045 -14.732 3.59999
      vertex -16.2477 -14.7508 3.59999
    endloop
  endfacet
  facet normal 0.936591 0.350425 0
    outer loop
      vertex -17.4193 -14.2535 9.59
      vertex -17.4358 -14.2094 3.59999
      vertex -17.4358 -14.2094 9.59
    endloop
  endfacet
  facet normal 0.936591 0.350425 0
    outer loop
      vertex -17.4358 -14.2094 3.59999
      vertex -17.4193 -14.2535 9.59
      vertex -17.4193 -14.2535 3.59999
    endloop
  endfacet
  facet normal 0.999096 0.0425147 0
    outer loop
      vertex -17.4827 -13.9791 9.59
      vertex -17.4847 -13.9321 3.59999
      vertex -17.4847 -13.9321 9.59
    endloop
  endfacet
  facet normal 0.999096 0.0425147 0
    outer loop
      vertex -17.4847 -13.9321 3.59999
      vertex -17.4827 -13.9791 9.59
      vertex -17.4827 -13.9791 3.59999
    endloop
  endfacet
  facet normal 0.979923 0.199378 0
    outer loop
      vertex -17.4618 -14.1188 9.59
      vertex -17.4712 -14.0726 3.59999
      vertex -17.4712 -14.0726 9.59
    endloop
  endfacet
  facet normal 0.979923 0.199378 0
    outer loop
      vertex -17.4712 -14.0726 3.59999
      vertex -17.4618 -14.1188 9.59
      vertex -17.4618 -14.1188 3.59999
    endloop
  endfacet
  facet normal -0.834004 0.551758 0
    outer loop
      vertex -15.8476 -14.4326 3.59999
      vertex -15.8216 -14.3933 9.59
      vertex -15.8216 -14.3933 3.59999
    endloop
  endfacet
  facet normal -0.834004 0.551758 0
    outer loop
      vertex -15.8216 -14.3933 9.59
      vertex -15.8476 -14.4326 3.59999
      vertex -15.8476 -14.4326 9.59
    endloop
  endfacet
  facet normal 0.995428 0.0955102 0
    outer loop
      vertex -17.4782 -14.026 9.59
      vertex -17.4827 -13.9791 3.59999
      vertex -17.4827 -13.9791 9.59
    endloop
  endfacet
  facet normal 0.995428 0.0955102 0
    outer loop
      vertex -17.4827 -13.9791 3.59999
      vertex -17.4782 -14.026 9.59
      vertex -17.4782 -14.026 3.59999
    endloop
  endfacet
  facet normal 0.199378 -0.979923 0
    outer loop
      vertex -16.7873 -13.0394 3.59999
      vertex -16.7411 -13.03 9.59
      vertex -16.7873 -13.0394 9.59
    endloop
  endfacet
  facet normal 0.199378 -0.979923 0
    outer loop
      vertex -16.7411 -13.03 9.59
      vertex -16.7873 -13.0394 3.59999
      vertex -16.7411 -13.03 3.59999
    endloop
  endfacet
  facet normal -0.998102 0.061585 0
    outer loop
      vertex -15.6883 -13.9948 3.59999
      vertex -15.6854 -13.9478 9.59
      vertex -15.6854 -13.9478 3.59999
    endloop
  endfacet
  facet normal -0.998102 0.061585 0
    outer loop
      vertex -15.6854 -13.9478 9.59
      vertex -15.6883 -13.9948 3.59999
      vertex -15.6883 -13.9948 9.59
    endloop
  endfacet
  facet normal -0.316228 -0.948683 0
    outer loop
      vertex -16.3217 -13.0557 3.59999
      vertex -16.277 -13.0706 9.59
      vertex -16.3217 -13.0557 9.59
    endloop
  endfacet
  facet normal -0.316228 -0.948683 -0
    outer loop
      vertex -16.277 -13.0706 9.59
      vertex -16.3217 -13.0557 3.59999
      vertex -16.277 -13.0706 3.59999
    endloop
  endfacet
  facet normal -0.112529 -0.993648 0
    outer loop
      vertex -16.5064 -13.0198 3.59999
      vertex -16.4596 -13.0251 9.59
      vertex -16.5064 -13.0198 9.59
    endloop
  endfacet
  facet normal -0.112529 -0.993648 -0
    outer loop
      vertex -16.4596 -13.0251 9.59
      vertex -16.5064 -13.0198 3.59999
      vertex -16.4596 -13.0251 3.59999
    endloop
  endfacet
  facet normal 0.112529 0.993648 -0
    outer loop
      vertex -16.6633 -14.8129 3.59999
      vertex -16.7101 -14.8076 9.59
      vertex -16.6633 -14.8129 9.59
    endloop
  endfacet
  facet normal 0.112529 0.993648 0
    outer loop
      vertex -16.7101 -14.8076 9.59
      vertex -16.6633 -14.8129 3.59999
      vertex -16.7101 -14.8076 3.59999
    endloop
  endfacet
  facet normal -0.492477 0.870326 0
    outer loop
      vertex -16.1213 -14.6878 3.59999
      vertex -16.1623 -14.711 9.59
      vertex -16.1213 -14.6878 9.59
    endloop
  endfacet
  facet normal -0.492477 0.870326 0
    outer loop
      vertex -16.1623 -14.711 9.59
      vertex -16.1213 -14.6878 3.59999
      vertex -16.1623 -14.711 3.59999
    endloop
  endfacet
  facet normal -0.36736 -0.930079 0
    outer loop
      vertex -16.277 -13.0706 3.59999
      vertex -16.2332 -13.0879 9.59
      vertex -16.277 -13.0706 9.59
    endloop
  endfacet
  facet normal -0.36736 -0.930079 -0
    outer loop
      vertex -16.2332 -13.0879 9.59
      vertex -16.277 -13.0706 3.59999
      vertex -16.2332 -13.0879 3.59999
    endloop
  endfacet
  facet normal -0.953647 -0.300929 0
    outer loop
      vertex -15.7197 -13.6683 3.59999
      vertex -15.7339 -13.6233 9.59
      vertex -15.7339 -13.6233 3.59999
    endloop
  endfacet
  facet normal -0.953647 -0.300929 0
    outer loop
      vertex -15.7339 -13.6233 9.59
      vertex -15.7197 -13.6683 3.59999
      vertex -15.7197 -13.6683 9.59
    endloop
  endfacet
  facet normal -0.999964 0.00847427 0
    outer loop
      vertex -15.6854 -13.9478 3.59999
      vertex -15.685 -13.9006 9.59
      vertex -15.685 -13.9006 3.59999
    endloop
  endfacet
  facet normal -0.999964 0.00847427 0
    outer loop
      vertex -15.685 -13.9006 9.59
      vertex -15.6854 -13.9478 3.59999
      vertex -15.6854 -13.9478 9.59
    endloop
  endfacet
  facet normal -0.930079 0.36736 0
    outer loop
      vertex -15.7564 -14.268 3.59999
      vertex -15.7391 -14.2242 9.59
      vertex -15.7391 -14.2242 3.59999
    endloop
  endfacet
  facet normal -0.930079 0.36736 0
    outer loop
      vertex -15.7391 -14.2242 9.59
      vertex -15.7564 -14.268 3.59999
      vertex -15.7564 -14.268 9.59
    endloop
  endfacet
  facet normal -0.146472 0.989215 0
    outer loop
      vertex -16.4286 -14.8027 3.59999
      vertex -16.4752 -14.8096 9.59
      vertex -16.4286 -14.8027 9.59
    endloop
  endfacet
  facet normal -0.146472 0.989215 0
    outer loop
      vertex -16.4752 -14.8096 9.59
      vertex -16.4286 -14.8027 3.59999
      vertex -16.4752 -14.8096 3.59999
    endloop
  endfacet
  facet normal 0.492477 -0.870326 0
    outer loop
      vertex -17.0484 -13.1449 3.59999
      vertex -17.0074 -13.1217 9.59
      vertex -17.0484 -13.1449 9.59
    endloop
  endfacet
  facet normal 0.492477 -0.870326 0
    outer loop
      vertex -17.0074 -13.1217 9.59
      vertex -17.0484 -13.1449 3.59999
      vertex -17.0074 -13.1217 3.59999
    endloop
  endfacet
  facet normal 0 0 -1
    outer loop
      vertex -15.6854 -13.9478 9.59
      vertex -15.6871 -13.8536 9.59
      vertex -15.685 -13.9006 9.59
    endloop
  endfacet
  facet normal 0 0 -1
    outer loop
      vertex -15.6883 -13.9948 9.59
      vertex -15.6871 -13.8536 9.59
      vertex -15.6854 -13.9478 9.59
    endloop
  endfacet
  facet normal 0 0 -1
    outer loop
      vertex -15.6883 -13.9948 9.59
      vertex -15.6916 -13.8067 9.59
      vertex -15.6871 -13.8536 9.59
    endloop
  endfacet
  facet normal 0 0 -1
    outer loop
      vertex -15.6936 -14.0416 9.59
      vertex -15.6916 -13.8067 9.59
      vertex -15.6883 -13.9948 9.59
    endloop
  endfacet
  facet normal 0 0 -1
    outer loop
      vertex -15.6936 -14.0416 9.59
      vertex -15.6985 -13.7601 9.59
      vertex -15.6916 -13.8067 9.59
    endloop
  endfacet
  facet normal 0 0 -1
    outer loop
      vertex -15.7014 -14.0881 9.59
      vertex -15.6985 -13.7601 9.59
      vertex -15.6936 -14.0416 9.59
    endloop
  endfacet
  facet normal 0 0 -1
    outer loop
      vertex -15.7014 -14.0881 9.59
      vertex -15.7079 -13.7139 9.59
      vertex -15.6985 -13.7601 9.59
    endloop
  endfacet
  facet normal 0 0 -1
    outer loop
      vertex -15.7116 -14.1341 9.59
      vertex -15.7079 -13.7139 9.59
      vertex -15.7014 -14.0881 9.59
    endloop
  endfacet
  facet normal 0 0 -1
    outer loop
      vertex -15.7116 -14.1341 9.59
      vertex -15.7197 -13.6683 9.59
      vertex -15.7079 -13.7139 9.59
    endloop
  endfacet
  facet normal 0 0 -1
    outer loop
      vertex -15.7242 -14.1795 9.59
      vertex -15.7197 -13.6683 9.59
      vertex -15.7116 -14.1341 9.59
    endloop
  endfacet
  facet normal 0 0 -1
    outer loop
      vertex -15.7242 -14.1795 9.59
      vertex -15.7339 -13.6233 9.59
      vertex -15.7197 -13.6683 9.59
    endloop
  endfacet
  facet normal 0 0 -1
    outer loop
      vertex -15.7391 -14.2242 9.59
      vertex -15.7339 -13.6233 9.59
      vertex -15.7242 -14.1795 9.59
    endloop
  endfacet
  facet normal 0 0 -1
    outer loop
      vertex -15.7391 -14.2242 9.59
      vertex -15.7504 -13.5792 9.59
      vertex -15.7339 -13.6233 9.59
    endloop
  endfacet
  facet normal 0 0 -1
    outer loop
      vertex -15.7564 -14.268 9.59
      vertex -15.7504 -13.5792 9.59
      vertex -15.7391 -14.2242 9.59
    endloop
  endfacet
  facet normal 0 0 -1
    outer loop
      vertex -15.7564 -14.268 9.59
      vertex -15.7692 -13.536 9.59
      vertex -15.7504 -13.5792 9.59
    endloop
  endfacet
  facet normal 0 0 -1
    outer loop
      vertex -15.7759 -14.3109 9.59
      vertex -15.7692 -13.536 9.59
      vertex -15.7564 -14.268 9.59
    endloop
  endfacet
  facet normal 0 0 -1
    outer loop
      vertex -15.7759 -14.3109 9.59
      vertex -15.7902 -13.4938 9.59
      vertex -15.7692 -13.536 9.59
    endloop
  endfacet
  facet normal 0 0 -1
    outer loop
      vertex -15.7977 -14.3527 9.59
      vertex -15.7902 -13.4938 9.59
      vertex -15.7759 -14.3109 9.59
    endloop
  endfacet
  facet normal 0 0 -1
    outer loop
      vertex -15.7977 -14.3527 9.59
      vertex -15.8134 -13.4528 9.59
      vertex -15.7902 -13.4938 9.59
    endloop
  endfacet
  facet normal 0 0 -1
    outer loop
      vertex -15.8216 -14.3933 9.59
      vertex -15.8134 -13.4528 9.59
      vertex -15.7977 -14.3527 9.59
    endloop
  endfacet
  facet normal 0 0 -1
    outer loop
      vertex -15.8216 -14.3933 9.59
      vertex -15.8387 -13.4131 9.59
      vertex -15.8134 -13.4528 9.59
    endloop
  endfacet
  facet normal 0 0 -1
    outer loop
      vertex -15.8476 -14.4326 9.59
      vertex -15.8387 -13.4131 9.59
      vertex -15.8216 -14.3933 9.59
    endloop
  endfacet
  facet normal 0 0 -1
    outer loop
      vertex -15.8476 -14.4326 9.59
      vertex -15.8661 -13.3747 9.59
      vertex -15.8387 -13.4131 9.59
    endloop
  endfacet
  facet normal 0 0 -1
    outer loop
      vertex -15.8757 -14.4704 9.59
      vertex -15.8661 -13.3747 9.59
      vertex -15.8476 -14.4326 9.59
    endloop
  endfacet
  facet normal 0 0 -1
    outer loop
      vertex -15.8757 -14.4704 9.59
      vertex -15.8954 -13.3378 9.59
      vertex -15.8661 -13.3747 9.59
    endloop
  endfacet
  facet normal 0 0 -1
    outer loop
      vertex -15.9056 -14.5068 9.59
      vertex -15.8954 -13.3378 9.59
      vertex -15.8757 -14.4704 9.59
    endloop
  endfacet
  facet normal 0 0 -1
    outer loop
      vertex -15.9056 -14.5068 9.59
      vertex -15.9266 -13.3026 9.59
      vertex -15.8954 -13.3378 9.59
    endloop
  endfacet
  facet normal 0 0 -1
    outer loop
      vertex -15.9375 -14.5415 9.59
      vertex -15.9266 -13.3026 9.59
      vertex -15.9056 -14.5068 9.59
    endloop
  endfacet
  facet normal 0 0 -1
    outer loop
      vertex -15.9375 -14.5415 9.59
      vertex -15.9597 -13.2689 9.59
      vertex -15.9266 -13.3026 9.59
    endloop
  endfacet
  facet normal 0 0 -1
    outer loop
      vertex -15.9711 -14.5746 9.59
      vertex -15.9597 -13.2689 9.59
      vertex -15.9375 -14.5415 9.59
    endloop
  endfacet
  facet normal 0 0 -1
    outer loop
      vertex -15.9711 -14.5746 9.59
      vertex -15.9944 -13.2371 9.59
      vertex -15.9597 -13.2689 9.59
    endloop
  endfacet
  facet normal 0 0 -1
    outer loop
      vertex -16.0064 -14.6058 9.59
      vertex -15.9944 -13.2371 9.59
      vertex -15.9711 -14.5746 9.59
    endloop
  endfacet
  facet normal 0 0 -1
    outer loop
      vertex -16.0064 -14.6058 9.59
      vertex -16.0308 -13.2071 9.59
      vertex -15.9944 -13.2371 9.59
    endloop
  endfacet
  facet normal 0 0 -1
    outer loop
      vertex -16.0432 -14.6351 9.59
      vertex -16.0308 -13.2071 9.59
      vertex -16.0064 -14.6058 9.59
    endloop
  endfacet
  facet normal 0 0 -1
    outer loop
      vertex -16.0432 -14.6351 9.59
      vertex -16.0686 -13.1791 9.59
      vertex -16.0308 -13.2071 9.59
    endloop
  endfacet
  facet normal 0 0 -1
    outer loop
      vertex -16.0816 -14.6625 9.59
      vertex -16.0686 -13.1791 9.59
      vertex -16.0432 -14.6351 9.59
    endloop
  endfacet
  facet normal 0 0 -1
    outer loop
      vertex -16.0816 -14.6625 9.59
      vertex -16.1079 -13.1531 9.59
      vertex -16.0686 -13.1791 9.59
    endloop
  endfacet
  facet normal 0 0 -1
    outer loop
      vertex -16.1213 -14.6878 9.59
      vertex -16.1079 -13.1531 9.59
      vertex -16.0816 -14.6625 9.59
    endloop
  endfacet
  facet normal 0 0 -1
    outer loop
      vertex -16.1213 -14.6878 9.59
      vertex -16.1485 -13.1292 9.59
      vertex -16.1079 -13.1531 9.59
    endloop
  endfacet
  facet normal 0 0 -1
    outer loop
      vertex -16.1623 -14.711 9.59
      vertex -16.1485 -13.1292 9.59
      vertex -16.1213 -14.6878 9.59
    endloop
  endfacet
  facet normal 0 0 -1
    outer loop
      vertex -16.1623 -14.711 9.59
      vertex -16.1903 -13.1074 9.59
      vertex -16.1485 -13.1292 9.59
    endloop
  endfacet
  facet normal 0 0 -1
    outer loop
      vertex -16.2045 -14.732 9.59
      vertex -16.1903 -13.1074 9.59
      vertex -16.1623 -14.711 9.59
    endloop
  endfacet
  facet normal 0 0 -1
    outer loop
      vertex -16.2045 -14.732 9.59
      vertex -16.2332 -13.0879 9.59
      vertex -16.1903 -13.1074 9.59
    endloop
  endfacet
  facet normal 0 0 -1
    outer loop
      vertex -16.2477 -14.7508 9.59
      vertex -16.2332 -13.0879 9.59
      vertex -16.2045 -14.732 9.59
    endloop
  endfacet
  facet normal 0 0 -1
    outer loop
      vertex -16.2477 -14.7508 9.59
      vertex -16.277 -13.0706 9.59
      vertex -16.2332 -13.0879 9.59
    endloop
  endfacet
  facet normal 0 0 -1
    outer loop
      vertex -16.2919 -14.7673 9.59
      vertex -16.277 -13.0706 9.59
      vertex -16.2477 -14.7508 9.59
    endloop
  endfacet
  facet normal 0 0 -1
    outer loop
      vertex -16.2919 -14.7673 9.59
      vertex -16.3217 -13.0557 9.59
      vertex -16.277 -13.0706 9.59
    endloop
  endfacet
  facet normal 0 0 -1
    outer loop
      vertex -16.3368 -14.7815 9.59
      vertex -16.3217 -13.0557 9.59
      vertex -16.2919 -14.7673 9.59
    endloop
  endfacet
  facet normal 0 0 -1
    outer loop
      vertex -16.3368 -14.7815 9.59
      vertex -16.3671 -13.0431 9.59
      vertex -16.3217 -13.0557 9.59
    endloop
  endfacet
  facet normal 0 0 -1
    outer loop
      vertex -16.3824 -14.7933 9.59
      vertex -16.3671 -13.0431 9.59
      vertex -16.3368 -14.7815 9.59
    endloop
  endfacet
  facet normal 0 0 -1
    outer loop
      vertex -16.3824 -14.7933 9.59
      vertex -16.4131 -13.0329 9.59
      vertex -16.3671 -13.0431 9.59
    endloop
  endfacet
  facet normal 0 0 -1
    outer loop
      vertex -16.4286 -14.8027 9.59
      vertex -16.4131 -13.0329 9.59
      vertex -16.3824 -14.7933 9.59
    endloop
  endfacet
  facet normal 0 0 -1
    outer loop
      vertex -16.4286 -14.8027 9.59
      vertex -16.4596 -13.0251 9.59
      vertex -16.4131 -13.0329 9.59
    endloop
  endfacet
  facet normal 0 0 -1
    outer loop
      vertex -16.4752 -14.8096 9.59
      vertex -16.4596 -13.0251 9.59
      vertex -16.4286 -14.8027 9.59
    endloop
  endfacet
  facet normal 0 0 -1
    outer loop
      vertex -16.4752 -14.8096 9.59
      vertex -16.5064 -13.0198 9.59
      vertex -16.4596 -13.0251 9.59
    endloop
  endfacet
  facet normal 0 0 -1
    outer loop
      vertex -16.5221 -14.8142 9.59
      vertex -16.5064 -13.0198 9.59
      vertex -16.4752 -14.8096 9.59
    endloop
  endfacet
  facet normal 0 0 -1
    outer loop
      vertex -16.5221 -14.8142 9.59
      vertex -16.5535 -13.0169 9.59
      vertex -16.5064 -13.0198 9.59
    endloop
  endfacet
  facet normal 0 0 -1
    outer loop
      vertex -16.5692 -14.8162 9.59
      vertex -16.5535 -13.0169 9.59
      vertex -16.5221 -14.8142 9.59
    endloop
  endfacet
  facet normal 0 0 -1
    outer loop
      vertex -16.5692 -14.8162 9.59
      vertex -16.6006 -13.0165 9.59
      vertex -16.5535 -13.0169 9.59
    endloop
  endfacet
  facet normal 0 0 -1
    outer loop
      vertex -16.6163 -14.8158 9.59
      vertex -16.6006 -13.0165 9.59
      vertex -16.5692 -14.8162 9.59
    endloop
  endfacet
  facet normal 0 0 -1
    outer loop
      vertex -16.6163 -14.8158 9.59
      vertex -16.6476 -13.0185 9.59
      vertex -16.6006 -13.0165 9.59
    endloop
  endfacet
  facet normal 0 0 -1
    outer loop
      vertex -16.6633 -14.8129 9.59
      vertex -16.6476 -13.0185 9.59
      vertex -16.6163 -14.8158 9.59
    endloop
  endfacet
  facet normal 0 0 -1
    outer loop
      vertex -16.6633 -14.8129 9.59
      vertex -16.6945 -13.0231 9.59
      vertex -16.6476 -13.0185 9.59
    endloop
  endfacet
  facet normal 0 0 -1
    outer loop
      vertex -16.7101 -14.8076 9.59
      vertex -16.6945 -13.0231 9.59
      vertex -16.6633 -14.8129 9.59
    endloop
  endfacet
  facet normal 0 0 -1
    outer loop
      vertex -16.7101 -14.8076 9.59
      vertex -16.7411 -13.03 9.59
      vertex -16.6945 -13.0231 9.59
    endloop
  endfacet
  facet normal 0 0 -1
    outer loop
      vertex -16.7566 -14.7998 9.59
      vertex -16.7411 -13.03 9.59
      vertex -16.7101 -14.8076 9.59
    endloop
  endfacet
  facet normal 0 0 -1
    outer loop
      vertex -16.7566 -14.7998 9.59
      vertex -16.7873 -13.0394 9.59
      vertex -16.7411 -13.03 9.59
    endloop
  endfacet
  facet normal 0 0 -1
    outer loop
      vertex -16.8026 -14.7896 9.59
      vertex -16.7873 -13.0394 9.59
      vertex -16.7566 -14.7998 9.59
    endloop
  endfacet
  facet normal 0 0 -1
    outer loop
      vertex -16.8026 -14.7896 9.59
      vertex -16.8329 -13.0512 9.59
      vertex -16.7873 -13.0394 9.59
    endloop
  endfacet
  facet normal 0 0 -1
    outer loop
      vertex -16.848 -14.777 9.59
      vertex -16.8329 -13.0512 9.59
      vertex -16.8026 -14.7896 9.59
    endloop
  endfacet
  facet normal 0 0 -1
    outer loop
      vertex -16.848 -14.777 9.59
      vertex -16.8779 -13.0654 9.59
      vertex -16.8329 -13.0512 9.59
    endloop
  endfacet
  facet normal 0 0 -1
    outer loop
      vertex -16.8927 -14.7621 9.59
      vertex -16.8779 -13.0654 9.59
      vertex -16.848 -14.777 9.59
    endloop
  endfacet
  facet normal 0 0 -1
    outer loop
      vertex -16.8927 -14.7621 9.59
      vertex -16.922 -13.0819 9.59
      vertex -16.8779 -13.0654 9.59
    endloop
  endfacet
  facet normal 0 0 -1
    outer loop
      vertex -16.9365 -14.7448 9.59
      vertex -16.922 -13.0819 9.59
      vertex -16.8927 -14.7621 9.59
    endloop
  endfacet
  facet normal 0 0 -1
    outer loop
      vertex -16.9365 -14.7448 9.59
      vertex -16.9652 -13.1007 9.59
      vertex -16.922 -13.0819 9.59
    endloop
  endfacet
  facet normal 0 0 -1
    outer loop
      vertex -16.9794 -14.7253 9.59
      vertex -16.9652 -13.1007 9.59
      vertex -16.9365 -14.7448 9.59
    endloop
  endfacet
  facet normal 0 0 -1
    outer loop
      vertex -16.9794 -14.7253 9.59
      vertex -17.0074 -13.1217 9.59
      vertex -16.9652 -13.1007 9.59
    endloop
  endfacet
  facet normal 0 0 -1
    outer loop
      vertex -17.0212 -14.7035 9.59
      vertex -17.0074 -13.1217 9.59
      vertex -16.9794 -14.7253 9.59
    endloop
  endfacet
  facet normal 0 0 -1
    outer loop
      vertex -17.0212 -14.7035 9.59
      vertex -17.0484 -13.1449 9.59
      vertex -17.0074 -13.1217 9.59
    endloop
  endfacet
  facet normal 0 0 -1
    outer loop
      vertex -17.0618 -14.6796 9.59
      vertex -17.0484 -13.1449 9.59
      vertex -17.0212 -14.7035 9.59
    endloop
  endfacet
  facet normal 0 0 -1
    outer loop
      vertex -17.0618 -14.6796 9.59
      vertex -17.0881 -13.1702 9.59
      vertex -17.0484 -13.1449 9.59
    endloop
  endfacet
  facet normal 0 0 -1
    outer loop
      vertex -17.1011 -14.6536 9.59
      vertex -17.0881 -13.1702 9.59
      vertex -17.0618 -14.6796 9.59
    endloop
  endfacet
  facet normal 0 0 -1
    outer loop
      vertex -17.1011 -14.6536 9.59
      vertex -17.1265 -13.1976 9.59
      vertex -17.0881 -13.1702 9.59
    endloop
  endfacet
  facet normal 0 0 -1
    outer loop
      vertex -17.139 -14.6256 9.59
      vertex -17.1265 -13.1976 9.59
      vertex -17.1011 -14.6536 9.59
    endloop
  endfacet
  facet normal 0 0 -1
    outer loop
      vertex -17.139 -14.6256 9.59
      vertex -17.1634 -13.2269 9.59
      vertex -17.1265 -13.1976 9.59
    endloop
  endfacet
  facet normal 0 0 -1
    outer loop
      vertex -17.1753 -14.5956 9.59
      vertex -17.1634 -13.2269 9.59
      vertex -17.139 -14.6256 9.59
    endloop
  endfacet
  facet normal 0 0 -1
    outer loop
      vertex -17.1753 -14.5956 9.59
      vertex -17.1987 -13.2581 9.59
      vertex -17.1634 -13.2269 9.59
    endloop
  endfacet
  facet normal 0 0 -1
    outer loop
      vertex -17.2101 -14.5638 9.59
      vertex -17.1987 -13.2581 9.59
      vertex -17.1753 -14.5956 9.59
    endloop
  endfacet
  facet normal 0 0 -1
    outer loop
      vertex -17.2101 -14.5638 9.59
      vertex -17.2323 -13.2912 9.59
      vertex -17.1987 -13.2581 9.59
    endloop
  endfacet
  facet normal 0 0 -1
    outer loop
      vertex -17.2431 -14.5301 9.59
      vertex -17.2323 -13.2912 9.59
      vertex -17.2101 -14.5638 9.59
    endloop
  endfacet
  facet normal 0 0 -1
    outer loop
      vertex -17.2431 -14.5301 9.59
      vertex -17.2641 -13.3259 9.59
      vertex -17.2323 -13.2912 9.59
    endloop
  endfacet
  facet normal 0 0 -1
    outer loop
      vertex -17.2743 -14.4949 9.59
      vertex -17.2641 -13.3259 9.59
      vertex -17.2431 -14.5301 9.59
    endloop
  endfacet
  facet normal 0 0 -1
    outer loop
      vertex -17.2743 -14.4949 9.59
      vertex -17.2941 -13.3623 9.59
      vertex -17.2641 -13.3259 9.59
    endloop
  endfacet
  facet normal 0 0 -1
    outer loop
      vertex -17.3036 -14.458 9.59
      vertex -17.2941 -13.3623 9.59
      vertex -17.2743 -14.4949 9.59
    endloop
  endfacet
  facet normal 0 0 -1
    outer loop
      vertex -17.3036 -14.458 9.59
      vertex -17.3221 -13.4001 9.59
      vertex -17.2941 -13.3623 9.59
    endloop
  endfacet
  facet normal 0 0 -1
    outer loop
      vertex -17.331 -14.4196 9.59
      vertex -17.3221 -13.4001 9.59
      vertex -17.3036 -14.458 9.59
    endloop
  endfacet
  facet normal 0 0 -1
    outer loop
      vertex -17.331 -14.4196 9.59
      vertex -17.3481 -13.4394 9.59
      vertex -17.3221 -13.4001 9.59
    endloop
  endfacet
  facet normal 0 0 -1
    outer loop
      vertex -17.3563 -14.3799 9.59
      vertex -17.3481 -13.4394 9.59
      vertex -17.331 -14.4196 9.59
    endloop
  endfacet
  facet normal 0 0 -1
    outer loop
      vertex -17.3563 -14.3799 9.59
      vertex -17.372 -13.48 9.59
      vertex -17.3481 -13.4394 9.59
    endloop
  endfacet
  facet normal 0 0 -1
    outer loop
      vertex -17.3795 -14.3389 9.59
      vertex -17.372 -13.48 9.59
      vertex -17.3563 -14.3799 9.59
    endloop
  endfacet
  facet normal 0 0 -1
    outer loop
      vertex -17.3795 -14.3389 9.59
      vertex -17.3938 -13.5218 9.59
      vertex -17.372 -13.48 9.59
    endloop
  endfacet
  facet normal 0 0 -1
    outer loop
      vertex -17.4005 -14.2967 9.59
      vertex -17.3938 -13.5218 9.59
      vertex -17.3795 -14.3389 9.59
    endloop
  endfacet
  facet normal 0 0 -1
    outer loop
      vertex -17.4005 -14.2967 9.59
      vertex -17.4133 -13.5647 9.59
      vertex -17.3938 -13.5218 9.59
    endloop
  endfacet
  facet normal 0 0 -1
    outer loop
      vertex -17.4193 -14.2535 9.59
      vertex -17.4133 -13.5647 9.59
      vertex -17.4005 -14.2967 9.59
    endloop
  endfacet
  facet normal 0 0 -1
    outer loop
      vertex -17.4193 -14.2535 9.59
      vertex -17.4306 -13.6085 9.59
      vertex -17.4133 -13.5647 9.59
    endloop
  endfacet
  facet normal 0 0 -1
    outer loop
      vertex -17.4358 -14.2094 9.59
      vertex -17.4306 -13.6085 9.59
      vertex -17.4193 -14.2535 9.59
    endloop
  endfacet
  facet normal 0 0 -1
    outer loop
      vertex -17.4358 -14.2094 9.59
      vertex -17.4455 -13.6532 9.59
      vertex -17.4306 -13.6085 9.59
    endloop
  endfacet
  facet normal 0 0 -1
    outer loop
      vertex -17.45 -14.1644 9.59
      vertex -17.4455 -13.6532 9.59
      vertex -17.4358 -14.2094 9.59
    endloop
  endfacet
  facet normal 0 0 -1
    outer loop
      vertex -17.45 -14.1644 9.59
      vertex -17.4581 -13.6986 9.59
      vertex -17.4455 -13.6532 9.59
    endloop
  endfacet
  facet normal 0 0 -1
    outer loop
      vertex -17.4618 -14.1188 9.59
      vertex -17.4581 -13.6986 9.59
      vertex -17.45 -14.1644 9.59
    endloop
  endfacet
  facet normal 0 0 -1
    outer loop
      vertex -17.4618 -14.1188 9.59
      vertex -17.4683 -13.7446 9.59
      vertex -17.4581 -13.6986 9.59
    endloop
  endfacet
  facet normal 0 0 -1
    outer loop
      vertex -17.4712 -14.0726 9.59
      vertex -17.4683 -13.7446 9.59
      vertex -17.4618 -14.1188 9.59
    endloop
  endfacet
  facet normal 0 0 -1
    outer loop
      vertex -17.4712 -14.0726 9.59
      vertex -17.4761 -13.7911 9.59
      vertex -17.4683 -13.7446 9.59
    endloop
  endfacet
  facet normal 0 0 -1
    outer loop
      vertex -17.4782 -14.026 9.59
      vertex -17.4761 -13.7911 9.59
      vertex -17.4712 -14.0726 9.59
    endloop
  endfacet
  facet normal 0 0 -1
    outer loop
      vertex -17.4782 -14.026 9.59
      vertex -17.4814 -13.8379 9.59
      vertex -17.4761 -13.7911 9.59
    endloop
  endfacet
  facet normal 0 0 -1
    outer loop
      vertex -17.4827 -13.9791 9.59
      vertex -17.4814 -13.8379 9.59
      vertex -17.4782 -14.026 9.59
    endloop
  endfacet
  facet normal 0 0 -1
    outer loop
      vertex -17.4827 -13.9791 9.59
      vertex -17.4843 -13.8849 9.59
      vertex -17.4814 -13.8379 9.59
    endloop
  endfacet
  facet normal 0 -0 -1
    outer loop
      vertex -17.4843 -13.8849 9.59
      vertex -17.4827 -13.9791 9.59
      vertex -17.4847 -13.9321 9.59
    endloop
  endfacet
  facet normal 0.968111 0.25052 0
    outer loop
      vertex -17.45 -14.1644 9.59
      vertex -17.4618 -14.1188 3.59999
      vertex -17.4618 -14.1188 9.59
    endloop
  endfacet
  facet normal 0.968111 0.25052 0
    outer loop
      vertex -17.4618 -14.1188 3.59999
      vertex -17.45 -14.1644 9.59
      vertex -17.45 -14.1644 3.59999
    endloop
  endfacet
  facet normal 0.953647 0.300929 0
    outer loop
      vertex -17.4358 -14.2094 9.59
      vertex -17.45 -14.1644 3.59999
      vertex -17.45 -14.1644 9.59
    endloop
  endfacet
  facet normal 0.953647 0.300929 0
    outer loop
      vertex -17.45 -14.1644 3.59999
      vertex -17.4358 -14.2094 9.59
      vertex -17.4358 -14.2094 3.59999
    endloop
  endfacet
  facet normal 0.930079 -0.36736 0
    outer loop
      vertex -17.4306 -13.6085 9.59
      vertex -17.4133 -13.5647 3.59999
      vertex -17.4133 -13.5647 9.59
    endloop
  endfacet
  facet normal 0.930079 -0.36736 0
    outer loop
      vertex -17.4133 -13.5647 3.59999
      vertex -17.4306 -13.6085 9.59
      vertex -17.4306 -13.6085 3.59999
    endloop
  endfacet
  facet normal -0.349729 0.936851 0
    outer loop
      vertex -16.2477 -14.7508 3.59999
      vertex -16.2919 -14.7673 9.59
      vertex -16.2477 -14.7508 9.59
    endloop
  endfacet
  facet normal -0.349729 0.936851 0
    outer loop
      vertex -16.2919 -14.7673 9.59
      vertex -16.2477 -14.7508 3.59999
      vertex -16.2919 -14.7673 3.59999
    endloop
  endfacet
  facet normal 0.537425 -0.843311 0
    outer loop
      vertex -17.0881 -13.1702 3.59999
      vertex -17.0484 -13.1449 9.59
      vertex -17.0881 -13.1702 9.59
    endloop
  endfacet
  facet normal 0.537425 -0.843311 0
    outer loop
      vertex -17.0484 -13.1449 9.59
      vertex -17.0881 -13.1702 3.59999
      vertex -17.0484 -13.1449 3.59999
    endloop
  endfacet
  facet normal 0.834004 -0.551758 0
    outer loop
      vertex -17.3481 -13.4394 9.59
      vertex -17.3221 -13.4001 3.59999
      vertex -17.3221 -13.4001 9.59
    endloop
  endfacet
  facet normal 0.834004 -0.551758 0
    outer loop
      vertex -17.3221 -13.4001 3.59999
      vertex -17.3481 -13.4394 9.59
      vertex -17.3481 -13.4394 3.59999
    endloop
  endfacet
  facet normal 0.803557 -0.595228 0
    outer loop
      vertex -17.3221 -13.4001 9.59
      vertex -17.2941 -13.3623 3.59999
      vertex -17.2941 -13.3623 9.59
    endloop
  endfacet
  facet normal 0.803557 -0.595228 0
    outer loop
      vertex -17.2941 -13.3623 3.59999
      vertex -17.3221 -13.4001 9.59
      vertex -17.3221 -13.4001 3.59999
    endloop
  endfacet
  facet normal 0.445516 -0.895274 0
    outer loop
      vertex -17.0074 -13.1217 3.59999
      vertex -16.9652 -13.1007 9.59
      vertex -17.0074 -13.1217 9.59
    endloop
  endfacet
  facet normal 0.445516 -0.895274 0
    outer loop
      vertex -16.9652 -13.1007 9.59
      vertex -17.0074 -13.1217 3.59999
      vertex -16.9652 -13.1007 3.59999
    endloop
  endfacet
  facet normal 0.993648 -0.112529 0
    outer loop
      vertex -17.4814 -13.8379 9.59
      vertex -17.4761 -13.7911 3.59999
      vertex -17.4761 -13.7911 9.59
    endloop
  endfacet
  facet normal 0.993648 -0.112529 0
    outer loop
      vertex -17.4761 -13.7911 3.59999
      vertex -17.4814 -13.8379 9.59
      vertex -17.4814 -13.8379 3.59999
    endloop
  endfacet
  facet normal -0.895274 -0.445516 0
    outer loop
      vertex -15.7692 -13.536 3.59999
      vertex -15.7902 -13.4938 9.59
      vertex -15.7902 -13.4938 3.59999
    endloop
  endfacet
  facet normal -0.895274 -0.445516 0
    outer loop
      vertex -15.7902 -13.4938 9.59
      vertex -15.7692 -13.536 3.59999
      vertex -15.7692 -13.536 9.59
    endloop
  endfacet
  facet normal -0.910366 0.413803 0
    outer loop
      vertex -15.7759 -14.3109 3.59999
      vertex -15.7564 -14.268 9.59
      vertex -15.7564 -14.268 3.59999
    endloop
  endfacet
  facet normal -0.910366 0.413803 0
    outer loop
      vertex -15.7564 -14.268 9.59
      vertex -15.7759 -14.3109 3.59999
      vertex -15.7759 -14.3109 9.59
    endloop
  endfacet
  facet normal -0.979923 -0.199378 0
    outer loop
      vertex -15.6985 -13.7601 3.59999
      vertex -15.7079 -13.7139 9.59
      vertex -15.7079 -13.7139 3.59999
    endloop
  endfacet
  facet normal -0.979923 -0.199378 0
    outer loop
      vertex -15.7079 -13.7139 9.59
      vertex -15.6985 -13.7601 3.59999
      vertex -15.6985 -13.7601 9.59
    endloop
  endfacet
  facet normal 0.25052 -0.968111 0
    outer loop
      vertex -16.8329 -13.0512 3.59999
      vertex -16.7873 -13.0394 9.59
      vertex -16.8329 -13.0512 9.59
    endloop
  endfacet
  facet normal 0.25052 -0.968111 0
    outer loop
      vertex -16.7873 -13.0394 9.59
      vertex -16.8329 -13.0512 3.59999
      vertex -16.7873 -13.0394 3.59999
    endloop
  endfacet
  facet normal -0.976297 0.216436 0
    outer loop
      vertex 21.2176 -7.62247 3.59999
      vertex 21.2278 -7.57646 9.59
      vertex 21.2278 -7.57646 3.59999
    endloop
  endfacet
  facet normal -0.976297 0.216436 0
    outer loop
      vertex 21.2278 -7.57646 9.59
      vertex 21.2176 -7.62247 3.59999
      vertex 21.2176 -7.62247 9.59
    endloop
  endfacet
  facet normal -0.25052 0.968111 0
    outer loop
      vertex 20.5924 -8.26987 3.59999
      vertex 20.5468 -8.28167 9.59
      vertex 20.5924 -8.26987 9.59
    endloop
  endfacet
  facet normal -0.25052 0.968111 0
    outer loop
      vertex 20.5468 -8.28167 9.59
      vertex 20.5924 -8.26987 3.59999
      vertex 20.5468 -8.28167 3.59999
    endloop
  endfacet
  facet normal -0.0957205 0.995408 0
    outer loop
      vertex 20.454 -8.29803 3.59999
      vertex 20.4071 -8.30254 9.59
      vertex 20.454 -8.29803 9.59
    endloop
  endfacet
  facet normal -0.0957205 0.995408 0
    outer loop
      vertex 20.4071 -8.30254 9.59
      vertex 20.454 -8.29803 3.59999
      vertex 20.4071 -8.30254 3.59999
    endloop
  endfacet
  facet normal -0.398858 0.917013 0
    outer loop
      vertex 20.7247 -8.22041 3.59999
      vertex 20.6815 -8.2392 9.59
      vertex 20.7247 -8.22041 9.59
    endloop
  endfacet
  facet normal -0.398858 0.917013 0
    outer loop
      vertex 20.6815 -8.2392 9.59
      vertex 20.7247 -8.22041 3.59999
      vertex 20.6815 -8.2392 3.59999
    endloop
  endfacet
  facet normal -0.948641 0.316355 0
    outer loop
      vertex 21.1901 -7.71255 3.59999
      vertex 21.205 -7.66787 9.59
      vertex 21.205 -7.66787 3.59999
    endloop
  endfacet
  facet normal -0.948641 0.316355 0
    outer loop
      vertex 21.205 -7.66787 9.59
      vertex 21.1901 -7.71255 3.59999
      vertex 21.1901 -7.71255 9.59
    endloop
  endfacet
  facet normal -0.989215 -0.146472 0
    outer loop
      vertex 21.2376 -7.29505 3.59999
      vertex 21.2307 -7.24845 9.59
      vertex 21.2307 -7.24845 3.59999
    endloop
  endfacet
  facet normal -0.989215 -0.146472 0
    outer loop
      vertex 21.2307 -7.24845 9.59
      vertex 21.2376 -7.29505 3.59999
      vertex 21.2376 -7.29505 9.59
    endloop
  endfacet
  facet normal -0.843557 -0.53704 0
    outer loop
      vertex 21.1158 -6.9412 3.59999
      vertex 21.0905 -6.90146 9.59
      vertex 21.0905 -6.90146 3.59999
    endloop
  endfacet
  facet normal -0.843557 -0.53704 0
    outer loop
      vertex 21.0905 -6.90146 9.59
      vertex 21.1158 -6.9412 3.59999
      vertex 21.1158 -6.9412 9.59
    endloop
  endfacet
  facet normal -0.968138 -0.250417 0
    outer loop
      vertex 21.2213 -7.20228 3.59999
      vertex 21.2095 -7.15666 9.59
      vertex 21.2095 -7.15666 3.59999
    endloop
  endfacet
  facet normal -0.968138 -0.250417 0
    outer loop
      vertex 21.2095 -7.15666 9.59
      vertex 21.2213 -7.20228 3.59999
      vertex 21.2213 -7.20228 9.59
    endloop
  endfacet
  facet normal 0.895148 0.44577 0
    outer loop
      vertex 19.5497 -7.82726 9.59
      vertex 19.5287 -7.78509 3.59999
      vertex 19.5287 -7.78509 9.59
    endloop
  endfacet
  facet normal 0.895148 0.44577 0
    outer loop
      vertex 19.5287 -7.78509 3.59999
      vertex 19.5497 -7.82726 9.59
      vertex 19.5497 -7.82726 3.59999
    endloop
  endfacet
  facet normal -0.165018 -0.986291 0
    outer loop
      vertex 20.4696 -6.51349 3.59999
      vertex 20.5161 -6.52127 9.59
      vertex 20.4696 -6.51349 9.59
    endloop
  endfacet
  facet normal -0.165018 -0.986291 -0
    outer loop
      vertex 20.5161 -6.52127 9.59
      vertex 20.4696 -6.51349 3.59999
      vertex 20.5161 -6.52127 3.59999
    endloop
  endfacet
  facet normal 0.999099 0.0424426 0
    outer loop
      vertex 19.4465 -7.46752 9.59
      vertex 19.4445 -7.42044 3.59999
      vertex 19.4445 -7.42044 9.59
    endloop
  endfacet
  facet normal 0.999099 0.0424426 0
    outer loop
      vertex 19.4445 -7.42044 3.59999
      vertex 19.4465 -7.46752 9.59
      vertex 19.4465 -7.46752 3.59999
    endloop
  endfacet
  facet normal -0.492477 0.870326 0
    outer loop
      vertex 20.8079 -8.17619 3.59999
      vertex 20.7669 -8.19939 9.59
      vertex 20.8079 -8.17619 9.59
    endloop
  endfacet
  facet normal -0.492477 0.870326 0
    outer loop
      vertex 20.7669 -8.19939 9.59
      vertex 20.8079 -8.17619 3.59999
      vertex 20.7669 -8.19939 3.59999
    endloop
  endfacet
  facet normal -0.317182 -0.948365 0
    outer loop
      vertex 20.6075 -6.54406 3.59999
      vertex 20.6522 -6.55901 9.59
      vertex 20.6075 -6.54406 9.59
    endloop
  endfacet
  facet normal -0.317182 -0.948365 -0
    outer loop
      vertex 20.6522 -6.55901 9.59
      vertex 20.6075 -6.54406 3.59999
      vertex 20.6522 -6.55901 3.59999
    endloop
  endfacet
  facet normal -0.461754 -0.887008 0
    outer loop
      vertex 20.7389 -6.59582 3.59999
      vertex 20.7807 -6.61758 9.59
      vertex 20.7389 -6.59582 9.59
    endloop
  endfacet
  facet normal -0.461754 -0.887008 -0
    outer loop
      vertex 20.7807 -6.61758 9.59
      vertex 20.7389 -6.59582 3.59999
      vertex 20.7807 -6.61758 3.59999
    endloop
  endfacet
  facet normal -0.813733 -0.581238 0
    outer loop
      vertex 21.0905 -6.90146 3.59999
      vertex 21.0631 -6.8631 9.59
      vertex 21.0631 -6.8631 3.59999
    endloop
  endfacet
  facet normal -0.813733 -0.581238 0
    outer loop
      vertex 21.0631 -6.8631 9.59
      vertex 21.0905 -6.90146 3.59999
      vertex 21.0905 -6.90146 9.59
    endloop
  endfacet
  facet normal 0.804158 -0.594415 0
    outer loop
      vertex 19.6071 -6.88852 9.59
      vertex 19.6351 -6.85064 3.59999
      vertex 19.6351 -6.85064 9.59
    endloop
  endfacet
  facet normal 0.804158 -0.594415 0
    outer loop
      vertex 19.6351 -6.85064 3.59999
      vertex 19.6071 -6.88852 9.59
      vertex 19.6071 -6.88852 3.59999
    endloop
  endfacet
  facet normal 0.948641 -0.316355 0
    outer loop
      vertex 19.4837 -7.1416 9.59
      vertex 19.4986 -7.09692 3.59999
      vertex 19.4986 -7.09692 9.59
    endloop
  endfacet
  facet normal 0.948641 -0.316355 0
    outer loop
      vertex 19.4986 -7.09692 3.59999
      vertex 19.4837 -7.1416 9.59
      vertex 19.4837 -7.1416 3.59999
    endloop
  endfacet
  facet normal 0.910294 -0.413963 0
    outer loop
      vertex 19.5159 -7.05308 9.59
      vertex 19.5354 -7.0102 3.59999
      vertex 19.5354 -7.0102 9.59
    endloop
  endfacet
  facet normal 0.910294 -0.413963 0
    outer loop
      vertex 19.5354 -7.0102 3.59999
      vertex 19.5159 -7.05308 9.59
      vertex 19.5159 -7.05308 3.59999
    endloop
  endfacet
  facet normal 0.870377 0.492386 0
    outer loop
      vertex 19.5729 -7.86827 9.59
      vertex 19.5497 -7.82726 3.59999
      vertex 19.5497 -7.82726 9.59
    endloop
  endfacet
  facet normal 0.870377 0.492386 0
    outer loop
      vertex 19.5497 -7.82726 3.59999
      vertex 19.5729 -7.86827 9.59
      vertex 19.5729 -7.86827 3.59999
    endloop
  endfacet
  facet normal 0.622364 -0.782728 0
    outer loop
      vertex 19.7658 -6.7153 3.59999
      vertex 19.8027 -6.68596 9.59
      vertex 19.7658 -6.7153 9.59
    endloop
  endfacet
  facet normal 0.622364 -0.782728 0
    outer loop
      vertex 19.8027 -6.68596 9.59
      vertex 19.7658 -6.7153 3.59999
      vertex 19.8027 -6.68596 3.59999
    endloop
  endfacet
  facet normal -0.366809 -0.930296 0
    outer loop
      vertex 20.6522 -6.55901 3.59999
      vertex 20.696 -6.57628 9.59
      vertex 20.6522 -6.55901 9.59
    endloop
  endfacet
  facet normal -0.366809 -0.930296 -0
    outer loop
      vertex 20.696 -6.57628 9.59
      vertex 20.6522 -6.55901 3.59999
      vertex 20.696 -6.57628 3.59999
    endloop
  endfacet
  facet normal 0.267228 0.963633 -0
    outer loop
      vertex 20.1266 -8.278 3.59999
      vertex 20.0812 -8.26541 9.59
      vertex 20.1266 -8.278 9.59
    endloop
  endfacet
  facet normal 0.267228 0.963633 0
    outer loop
      vertex 20.0812 -8.26541 9.59
      vertex 20.1266 -8.278 3.59999
      vertex 20.0812 -8.26541 3.59999
    endloop
  endfacet
  facet normal -0.622234 0.782831 0
    outer loop
      vertex 20.9229 -8.09418 3.59999
      vertex 20.886 -8.12351 9.59
      vertex 20.9229 -8.09418 9.59
    endloop
  endfacet
  facet normal -0.622234 0.782831 0
    outer loop
      vertex 20.886 -8.12351 9.59
      vertex 20.9229 -8.09418 3.59999
      vertex 20.886 -8.12351 3.59999
    endloop
  endfacet
  facet normal -0.595639 -0.803252 0
    outer loop
      vertex 20.8606 -6.6675 3.59999
      vertex 20.8984 -6.69553 9.59
      vertex 20.8606 -6.6675 9.59
    endloop
  endfacet
  facet normal -0.595639 -0.803252 -0
    outer loop
      vertex 20.8984 -6.69553 9.59
      vertex 20.8606 -6.6675 3.59999
      vertex 20.8984 -6.69553 3.59999
    endloop
  endfacet
  facet normal 0.317182 0.948365 -0
    outer loop
      vertex 20.0812 -8.26541 3.59999
      vertex 20.0365 -8.25046 9.59
      vertex 20.0812 -8.26541 9.59
    endloop
  endfacet
  facet normal 0.317182 0.948365 0
    outer loop
      vertex 20.0365 -8.25046 9.59
      vertex 20.0812 -8.26541 3.59999
      vertex 20.0365 -8.25046 3.59999
    endloop
  endfacet
  facet normal -0.804158 0.594415 0
    outer loop
      vertex 21.0536 -7.95883 3.59999
      vertex 21.0816 -7.92095 9.59
      vertex 21.0816 -7.92095 3.59999
    endloop
  endfacet
  facet normal -0.804158 0.594415 0
    outer loop
      vertex 21.0816 -7.92095 9.59
      vertex 21.0536 -7.95883 3.59999
      vertex 21.0536 -7.95883 9.59
    endloop
  endfacet
  facet normal 0.165018 0.986291 -0
    outer loop
      vertex 20.2191 -8.29598 3.59999
      vertex 20.1726 -8.2882 9.59
      vertex 20.2191 -8.29598 9.59
    endloop
  endfacet
  facet normal 0.165018 0.986291 0
    outer loop
      vertex 20.1726 -8.2882 9.59
      vertex 20.2191 -8.29598 3.59999
      vertex 20.1726 -8.2882 3.59999
    endloop
  endfacet
  facet normal -0.712492 -0.70168 0
    outer loop
      vertex 21.0026 -6.79094 3.59999
      vertex 20.9695 -6.75733 9.59
      vertex 20.9695 -6.75733 3.59999
    endloop
  endfacet
  facet normal -0.712492 -0.70168 0
    outer loop
      vertex 20.9695 -6.75733 9.59
      vertex 21.0026 -6.79094 3.59999
      vertex 21.0026 -6.79094 9.59
    endloop
  endfacet
  facet normal -0.870377 -0.492386 0
    outer loop
      vertex 21.139 -6.98221 3.59999
      vertex 21.1158 -6.9412 9.59
      vertex 21.1158 -6.9412 3.59999
    endloop
  endfacet
  facet normal -0.870377 -0.492386 0
    outer loop
      vertex 21.1158 -6.9412 9.59
      vertex 21.139 -6.98221 3.59999
      vertex 21.139 -6.98221 9.59
    endloop
  endfacet
  facet normal 0.113157 0.993577 -0
    outer loop
      vertex 20.2659 -8.30131 3.59999
      vertex 20.2191 -8.29598 9.59
      vertex 20.2659 -8.30131 9.59
    endloop
  endfacet
  facet normal 0.113157 0.993577 0
    outer loop
      vertex 20.2191 -8.29598 9.59
      vertex 20.2659 -8.30131 3.59999
      vertex 20.2191 -8.29598 3.59999
    endloop
  endfacet
  facet normal 0.998104 -0.0615459 0
    outer loop
      vertex 19.4449 -7.37333 9.59
      vertex 19.4478 -7.3263 3.59999
      vertex 19.4478 -7.3263 9.59
    endloop
  endfacet
  facet normal 0.998104 -0.0615459 0
    outer loop
      vertex 19.4478 -7.3263 3.59999
      vertex 19.4449 -7.37333 9.59
      vertex 19.4449 -7.37333 3.59999
    endloop
  endfacet
  facet normal -0.86177 0.507298 0
    outer loop
      vertex 21.1076 -7.88166 3.59999
      vertex 21.1315 -7.84106 9.59
      vertex 21.1315 -7.84106 3.59999
    endloop
  endfacet
  facet normal -0.86177 0.507298 0
    outer loop
      vertex 21.1315 -7.84106 9.59
      vertex 21.1076 -7.88166 3.59999
      vertex 21.1076 -7.88166 9.59
    endloop
  endfacet
  facet normal 0.675975 0.736925 -0
    outer loop
      vertex 19.7539 -8.08397 3.59999
      vertex 19.7192 -8.05214 9.59
      vertex 19.7539 -8.08397 9.59
    endloop
  endfacet
  facet normal 0.675975 0.736925 0
    outer loop
      vertex 19.7192 -8.05214 9.59
      vertex 19.7539 -8.08397 3.59999
      vertex 19.7192 -8.05214 3.59999
    endloop
  endfacet
  facet normal 0.963594 -0.26737 0
    outer loop
      vertex 19.4711 -7.18701 9.59
      vertex 19.4837 -7.1416 3.59999
      vertex 19.4837 -7.1416 9.59
    endloop
  endfacet
  facet normal 0.963594 -0.26737 0
    outer loop
      vertex 19.4837 -7.1416 3.59999
      vertex 19.4711 -7.18701 9.59
      vertex 19.4711 -7.18701 3.59999
    endloop
  endfacet
  facet normal 0.594487 0.804106 -0
    outer loop
      vertex 19.8281 -8.14197 3.59999
      vertex 19.7902 -8.11395 9.59
      vertex 19.8281 -8.14197 9.59
    endloop
  endfacet
  facet normal 0.594487 0.804106 0
    outer loop
      vertex 19.7902 -8.11395 9.59
      vertex 19.8281 -8.14197 3.59999
      vertex 19.7902 -8.11395 3.59999
    endloop
  endfacet
  facet normal 0.916969 0.398959 0
    outer loop
      vertex 19.5287 -7.78509 9.59
      vertex 19.5099 -7.74188 3.59999
      vertex 19.5099 -7.74188 9.59
    endloop
  endfacet
  facet normal 0.916969 0.398959 0
    outer loop
      vertex 19.5099 -7.74188 3.59999
      vertex 19.5287 -7.78509 9.59
      vertex 19.5287 -7.78509 3.59999
    endloop
  endfacet
  facet normal -0.551906 -0.833906 0
    outer loop
      vertex 20.8213 -6.64149 3.59999
      vertex 20.8606 -6.6675 9.59
      vertex 20.8213 -6.64149 9.59
    endloop
  endfacet
  facet normal -0.551906 -0.833906 -0
    outer loop
      vertex 20.8606 -6.6675 9.59
      vertex 20.8213 -6.64149 3.59999
      vertex 20.8606 -6.6675 3.59999
    endloop
  endfacet
  facet normal 0.936669 0.350216 0
    outer loop
      vertex 19.5099 -7.74188 9.59
      vertex 19.4934 -7.69775 3.59999
      vertex 19.4934 -7.69775 9.59
    endloop
  endfacet
  facet normal 0.936669 0.350216 0
    outer loop
      vertex 19.4934 -7.69775 3.59999
      vertex 19.5099 -7.74188 9.59
      vertex 19.5099 -7.74188 3.59999
    endloop
  endfacet
  facet normal -0.936669 -0.350216 0
    outer loop
      vertex 21.1953 -7.11172 3.59999
      vertex 21.1788 -7.06759 9.59
      vertex 21.1788 -7.06759 3.59999
    endloop
  endfacet
  facet normal -0.936669 -0.350216 0
    outer loop
      vertex 21.1788 -7.06759 9.59
      vertex 21.1953 -7.11172 3.59999
      vertex 21.1953 -7.11172 9.59
    endloop
  endfacet
  facet normal -0.782895 -0.622154 0
    outer loop
      vertex 21.0631 -6.8631 3.59999
      vertex 21.0338 -6.82623 9.59
      vertex 21.0338 -6.82623 3.59999
    endloop
  endfacet
  facet normal -0.782895 -0.622154 0
    outer loop
      vertex 21.0338 -6.82623 9.59
      vertex 21.0631 -6.8631 3.59999
      vertex 21.0631 -6.8631 9.59
    endloop
  endfacet
  facet normal -0.986204 0.165535 0
    outer loop
      vertex 21.2278 -7.57646 3.59999
      vertex 21.2356 -7.52999 9.59
      vertex 21.2356 -7.52999 3.59999
    endloop
  endfacet
  facet normal -0.986204 0.165535 0
    outer loop
      vertex 21.2356 -7.52999 9.59
      vertex 21.2278 -7.57646 3.59999
      vertex 21.2278 -7.57646 9.59
    endloop
  endfacet
  facet normal -0.999964 0.00849046 0
    outer loop
      vertex 21.2438 -7.43614 3.59999
      vertex 21.2442 -7.38903 9.59
      vertex 21.2442 -7.38903 3.59999
    endloop
  endfacet
  facet normal -0.999964 0.00849046 0
    outer loop
      vertex 21.2442 -7.38903 9.59
      vertex 21.2438 -7.43614 3.59999
      vertex 21.2438 -7.43614 9.59
    endloop
  endfacet
  facet normal -0.675975 -0.736925 0
    outer loop
      vertex 20.9348 -6.7255 3.59999
      vertex 20.9695 -6.75733 9.59
      vertex 20.9348 -6.7255 9.59
    endloop
  endfacet
  facet normal -0.675975 -0.736925 -0
    outer loop
      vertex 20.9695 -6.75733 9.59
      vertex 20.9348 -6.7255 3.59999
      vertex 20.9695 -6.75733 3.59999
    endloop
  endfacet
  facet normal 0.398858 -0.917013 0
    outer loop
      vertex 19.964 -6.58906 3.59999
      vertex 20.0072 -6.57027 9.59
      vertex 19.964 -6.58906 9.59
    endloop
  endfacet
  facet normal 0.398858 -0.917013 0
    outer loop
      vertex 20.0072 -6.57027 9.59
      vertex 19.964 -6.58906 3.59999
      vertex 20.0072 -6.57027 3.59999
    endloop
  endfacet
  facet normal 0.976287 -0.216481 0
    outer loop
      vertex 19.4609 -7.23301 9.59
      vertex 19.4711 -7.18701 3.59999
      vertex 19.4711 -7.18701 9.59
    endloop
  endfacet
  facet normal 0.976287 -0.216481 0
    outer loop
      vertex 19.4711 -7.18701 3.59999
      vertex 19.4609 -7.23301 9.59
      vertex 19.4609 -7.23301 3.59999
    endloop
  endfacet
  facet normal 0.199175 -0.979964 0
    outer loop
      vertex 20.1419 -6.5278 3.59999
      vertex 20.1881 -6.51841 9.59
      vertex 20.1419 -6.5278 9.59
    endloop
  endfacet
  facet normal 0.199175 -0.979964 0
    outer loop
      vertex 20.1881 -6.51841 9.59
      vertex 20.1419 -6.5278 3.59999
      vertex 20.1881 -6.51841 3.59999
    endloop
  endfacet
  facet normal -0.999099 -0.0424516 0
    outer loop
      vertex 21.2442 -7.38903 3.59999
      vertex 21.2422 -7.34196 9.59
      vertex 21.2422 -7.34196 3.59999
    endloop
  endfacet
  facet normal -0.999099 -0.0424516 0
    outer loop
      vertex 21.2422 -7.34196 9.59
      vertex 21.2442 -7.38903 3.59999
      vertex 21.2442 -7.38903 9.59
    endloop
  endfacet
  facet normal -0.910294 0.413963 0
    outer loop
      vertex 21.1533 -7.79927 3.59999
      vertex 21.1728 -7.75639 9.59
      vertex 21.1728 -7.75639 3.59999
    endloop
  endfacet
  facet normal -0.910294 0.413963 0
    outer loop
      vertex 21.1728 -7.75639 9.59
      vertex 21.1533 -7.79927 3.59999
      vertex 21.1533 -7.79927 9.59
    endloop
  endfacet
  facet normal 0.993654 -0.112481 0
    outer loop
      vertex 19.4478 -7.3263 9.59
      vertex 19.4531 -7.27948 3.59999
      vertex 19.4531 -7.27948 9.59
    endloop
  endfacet
  facet normal 0.993654 -0.112481 0
    outer loop
      vertex 19.4531 -7.27948 3.59999
      vertex 19.4478 -7.3263 9.59
      vertex 19.4478 -7.3263 3.59999
    endloop
  endfacet
  facet normal -0.267228 -0.963633 0
    outer loop
      vertex 20.5621 -6.53147 3.59999
      vertex 20.6075 -6.54406 9.59
      vertex 20.5621 -6.53147 9.59
    endloop
  endfacet
  facet normal -0.267228 -0.963633 -0
    outer loop
      vertex 20.6075 -6.54406 9.59
      vertex 20.5621 -6.53147 3.59999
      vertex 20.6075 -6.54406 3.59999
    endloop
  endfacet
  facet normal 0.979897 0.199503 0
    outer loop
      vertex 19.4674 -7.60719 9.59
      vertex 19.458 -7.56102 3.59999
      vertex 19.458 -7.56102 9.59
    endloop
  endfacet
  facet normal 0.979897 0.199503 0
    outer loop
      vertex 19.458 -7.56102 3.59999
      vertex 19.4674 -7.60719 9.59
      vertex 19.4674 -7.60719 3.59999
    endloop
  endfacet
  facet normal 0.580275 -0.814421 0
    outer loop
      vertex 19.8027 -6.68596 3.59999
      vertex 19.8411 -6.6586 9.59
      vertex 19.8027 -6.68596 9.59
    endloop
  endfacet
  facet normal 0.580275 -0.814421 0
    outer loop
      vertex 19.8411 -6.6586 9.59
      vertex 19.8027 -6.68596 3.59999
      vertex 19.8411 -6.6586 3.59999
    endloop
  endfacet
  facet normal 0.953531 0.301294 0
    outer loop
      vertex 19.4934 -7.69775 9.59
      vertex 19.4792 -7.65281 3.59999
      vertex 19.4792 -7.65281 9.59
    endloop
  endfacet
  facet normal 0.953531 0.301294 0
    outer loop
      vertex 19.4792 -7.65281 3.59999
      vertex 19.4934 -7.69775 9.59
      vertex 19.4934 -7.69775 3.59999
    endloop
  endfacet
  facet normal -0.963579 0.267425 0
    outer loop
      vertex 21.205 -7.66787 3.59999
      vertex 21.2176 -7.62247 9.59
      vertex 21.2176 -7.62247 3.59999
    endloop
  endfacet
  facet normal -0.963579 0.267425 0
    outer loop
      vertex 21.2176 -7.62247 9.59
      vertex 21.205 -7.66787 3.59999
      vertex 21.205 -7.66787 9.59
    endloop
  endfacet
  facet normal 0.507456 0.861678 -0
    outer loop
      vertex 19.908 -8.19189 3.59999
      vertex 19.8674 -8.16798 9.59
      vertex 19.908 -8.19189 9.59
    endloop
  endfacet
  facet normal 0.507456 0.861678 0
    outer loop
      vertex 19.8674 -8.16798 9.59
      vertex 19.908 -8.19189 3.59999
      vertex 19.8674 -8.16798 3.59999
    endloop
  endfacet
  facet normal -0.507456 -0.861678 0
    outer loop
      vertex 20.7807 -6.61758 3.59999
      vertex 20.8213 -6.64149 9.59
      vertex 20.7807 -6.61758 9.59
    endloop
  endfacet
  facet normal -0.507456 -0.861678 -0
    outer loop
      vertex 20.8213 -6.64149 9.59
      vertex 20.7807 -6.61758 3.59999
      vertex 20.8213 -6.64149 3.59999
    endloop
  endfacet
  facet normal -0.995227 -0.097592 0
    outer loop
      vertex 21.2422 -7.34196 3.59999
      vertex 21.2376 -7.29505 9.59
      vertex 21.2376 -7.29505 3.59999
    endloop
  endfacet
  facet normal -0.995227 -0.097592 0
    outer loop
      vertex 21.2376 -7.29505 9.59
      vertex 21.2422 -7.34196 3.59999
      vertex 21.2422 -7.34196 9.59
    endloop
  endfacet
  facet normal 0.461754 0.887008 -0
    outer loop
      vertex 19.9498 -8.21365 3.59999
      vertex 19.908 -8.19189 9.59
      vertex 19.9498 -8.21365 9.59
    endloop
  endfacet
  facet normal 0.461754 0.887008 0
    outer loop
      vertex 19.908 -8.19189 9.59
      vertex 19.9498 -8.21365 3.59999
      vertex 19.908 -8.19189 3.59999
    endloop
  endfacet
  facet normal 0.833939 -0.551856 0
    outer loop
      vertex 19.5811 -6.92781 9.59
      vertex 19.6071 -6.88852 3.59999
      vertex 19.6071 -6.88852 9.59
    endloop
  endfacet
  facet normal 0.833939 -0.551856 0
    outer loop
      vertex 19.6071 -6.88852 3.59999
      vertex 19.5811 -6.92781 9.59
      vertex 19.5811 -6.92781 3.59999
    endloop
  endfacet
  facet normal -0.216481 -0.976287 0
    outer loop
      vertex 20.5161 -6.52127 3.59999
      vertex 20.5621 -6.53147 9.59
      vertex 20.5161 -6.52127 9.59
    endloop
  endfacet
  facet normal -0.216481 -0.976287 -0
    outer loop
      vertex 20.5621 -6.53147 9.59
      vertex 20.5161 -6.52127 3.59999
      vertex 20.5621 -6.53147 3.59999
    endloop
  endfacet
  facet normal 0.551906 0.833906 -0
    outer loop
      vertex 19.8674 -8.16798 3.59999
      vertex 19.8281 -8.14197 9.59
      vertex 19.8674 -8.16798 9.59
    endloop
  endfacet
  facet normal 0.551906 0.833906 0
    outer loop
      vertex 19.8281 -8.14197 9.59
      vertex 19.8674 -8.16798 3.59999
      vertex 19.8281 -8.14197 3.59999
    endloop
  endfacet
  facet normal -0.537727 0.843119 0
    outer loop
      vertex 20.8476 -8.15087 3.59999
      vertex 20.8079 -8.17619 9.59
      vertex 20.8476 -8.15087 9.59
    endloop
  endfacet
  facet normal -0.537727 0.843119 0
    outer loop
      vertex 20.8079 -8.17619 9.59
      vertex 20.8476 -8.15087 3.59999
      vertex 20.8079 -8.17619 3.59999
    endloop
  endfacet
  facet normal -0.979897 -0.199503 0
    outer loop
      vertex 21.2307 -7.24845 3.59999
      vertex 21.2213 -7.20228 9.59
      vertex 21.2213 -7.20228 3.59999
    endloop
  endfacet
  facet normal -0.979897 -0.199503 0
    outer loop
      vertex 21.2213 -7.20228 9.59
      vertex 21.2307 -7.24845 3.59999
      vertex 21.2307 -7.24845 9.59
    endloop
  endfacet
  facet normal -0.00868611 -0.999962 0
    outer loop
      vertex 20.3286 -6.50487 3.59999
      vertex 20.3758 -6.50528 9.59
      vertex 20.3286 -6.50487 9.59
    endloop
  endfacet
  facet normal -0.00868611 -0.999962 -0
    outer loop
      vertex 20.3758 -6.50528 9.59
      vertex 20.3286 -6.50487 3.59999
      vertex 20.3758 -6.50528 3.59999
    endloop
  endfacet
  facet normal -0.663664 0.74803 0
    outer loop
      vertex 20.9581 -8.06295 3.59999
      vertex 20.9229 -8.09418 9.59
      vertex 20.9581 -8.06295 9.59
    endloop
  endfacet
  facet normal -0.663664 0.74803 0
    outer loop
      vertex 20.9229 -8.09418 9.59
      vertex 20.9581 -8.06295 3.59999
      vertex 20.9229 -8.09418 3.59999
    endloop
  endfacet
  facet normal -0.0611619 -0.998128 0
    outer loop
      vertex 20.3758 -6.50528 3.59999
      vertex 20.4228 -6.50816 9.59
      vertex 20.3758 -6.50528 9.59
    endloop
  endfacet
  facet normal -0.0611619 -0.998128 -0
    outer loop
      vertex 20.4228 -6.50816 9.59
      vertex 20.3758 -6.50528 3.59999
      vertex 20.4228 -6.50816 3.59999
    endloop
  endfacet
  facet normal -0.886615 0.462508 0
    outer loop
      vertex 21.1315 -7.84106 3.59999
      vertex 21.1533 -7.79927 9.59
      vertex 21.1533 -7.79927 3.59999
    endloop
  endfacet
  facet normal -0.886615 0.462508 0
    outer loop
      vertex 21.1533 -7.79927 9.59
      vertex 21.1315 -7.84106 3.59999
      vertex 21.1315 -7.84106 9.59
    endloop
  endfacet
  facet normal 0.30035 -0.953829 0
    outer loop
      vertex 20.0513 -6.55377 3.59999
      vertex 20.0963 -6.5396 9.59
      vertex 20.0513 -6.55377 9.59
    endloop
  endfacet
  facet normal 0.30035 -0.953829 0
    outer loop
      vertex 20.0963 -6.5396 9.59
      vertex 20.0513 -6.55377 3.59999
      vertex 20.0963 -6.5396 3.59999
    endloop
  endfacet
  facet normal 0.771342 -0.636421 0
    outer loop
      vertex 19.6351 -6.85064 9.59
      vertex 19.6651 -6.81428 3.59999
      vertex 19.6651 -6.81428 9.59
    endloop
  endfacet
  facet normal 0.771342 -0.636421 0
    outer loop
      vertex 19.6651 -6.81428 3.59999
      vertex 19.6351 -6.85064 9.59
      vertex 19.6351 -6.85064 3.59999
    endloop
  endfacet
  facet normal 0.73763 -0.675205 0
    outer loop
      vertex 19.6651 -6.81428 9.59
      vertex 19.6969 -6.77954 3.59999
      vertex 19.6969 -6.77954 9.59
    endloop
  endfacet
  facet normal 0.73763 -0.675205 0
    outer loop
      vertex 19.6969 -6.77954 3.59999
      vertex 19.6651 -6.81428 9.59
      vertex 19.6651 -6.81428 3.59999
    endloop
  endfacet
  facet normal 0.700924 -0.713236 0
    outer loop
      vertex 19.6969 -6.77954 3.59999
      vertex 19.7305 -6.74652 9.59
      vertex 19.6969 -6.77954 9.59
    endloop
  endfacet
  facet normal 0.700924 -0.713236 0
    outer loop
      vertex 19.7305 -6.74652 9.59
      vertex 19.6969 -6.77954 3.59999
      vertex 19.7305 -6.74652 3.59999
    endloop
  endfacet
  facet normal -0.580275 0.814421 0
    outer loop
      vertex 20.886 -8.12351 3.59999
      vertex 20.8476 -8.15087 9.59
      vertex 20.886 -8.12351 9.59
    endloop
  endfacet
  facet normal -0.580275 0.814421 0
    outer loop
      vertex 20.8476 -8.15087 9.59
      vertex 20.886 -8.12351 3.59999
      vertex 20.8476 -8.15087 3.59999
    endloop
  endfacet
  facet normal 0.350425 -0.936591 0
    outer loop
      vertex 20.0072 -6.57027 3.59999
      vertex 20.0513 -6.55377 9.59
      vertex 20.0072 -6.57027 9.59
    endloop
  endfacet
  facet normal 0.350425 -0.936591 0
    outer loop
      vertex 20.0513 -6.55377 9.59
      vertex 20.0072 -6.57027 3.59999
      vertex 20.0513 -6.55377 3.59999
    endloop
  endfacet
  facet normal -0.350425 0.936591 0
    outer loop
      vertex 20.6815 -8.2392 3.59999
      vertex 20.6374 -8.2557 9.59
      vertex 20.6815 -8.2392 9.59
    endloop
  endfacet
  facet normal -0.350425 0.936591 0
    outer loop
      vertex 20.6374 -8.2557 9.59
      vertex 20.6815 -8.2392 3.59999
      vertex 20.6374 -8.2557 3.59999
    endloop
  endfacet
  facet normal -0.895148 -0.44577 0
    outer loop
      vertex 21.16 -7.02438 3.59999
      vertex 21.139 -6.98221 9.59
      vertex 21.139 -6.98221 3.59999
    endloop
  endfacet
  facet normal -0.895148 -0.44577 0
    outer loop
      vertex 21.139 -6.98221 9.59
      vertex 21.16 -7.02438 3.59999
      vertex 21.16 -7.02438 9.59
    endloop
  endfacet
  facet normal 0.712492 0.70168 0
    outer loop
      vertex 19.7192 -8.05214 9.59
      vertex 19.6861 -8.01853 3.59999
      vertex 19.6861 -8.01853 9.59
    endloop
  endfacet
  facet normal 0.712492 0.70168 0
    outer loop
      vertex 19.6861 -8.01853 3.59999
      vertex 19.7192 -8.05214 9.59
      vertex 19.7192 -8.05214 3.59999
    endloop
  endfacet
  facet normal 0.999964 -0.00849046 0
    outer loop
      vertex 19.4445 -7.42044 9.59
      vertex 19.4449 -7.37333 3.59999
      vertex 19.4449 -7.37333 9.59
    endloop
  endfacet
  facet normal 0.999964 -0.00849046 0
    outer loop
      vertex 19.4449 -7.37333 3.59999
      vertex 19.4445 -7.42044 9.59
      vertex 19.4445 -7.42044 3.59999
    endloop
  endfacet
  facet normal -0.993651 0.112505 0
    outer loop
      vertex 21.2356 -7.52999 3.59999
      vertex 21.2409 -7.48318 9.59
      vertex 21.2409 -7.48318 3.59999
    endloop
  endfacet
  facet normal -0.993651 0.112505 0
    outer loop
      vertex 21.2409 -7.48318 9.59
      vertex 21.2356 -7.52999 3.59999
      vertex 21.2356 -7.52999 9.59
    endloop
  endfacet
  facet normal 0.968138 0.250417 0
    outer loop
      vertex 19.4792 -7.65281 9.59
      vertex 19.4674 -7.60719 3.59999
      vertex 19.4674 -7.60719 9.59
    endloop
  endfacet
  facet normal 0.968138 0.250417 0
    outer loop
      vertex 19.4674 -7.60719 3.59999
      vertex 19.4792 -7.65281 9.59
      vertex 19.4792 -7.65281 3.59999
    endloop
  endfacet
  facet normal -0.998105 0.0615328 0
    outer loop
      vertex 21.2409 -7.48318 3.59999
      vertex 21.2438 -7.43614 9.59
      vertex 21.2438 -7.43614 3.59999
    endloop
  endfacet
  facet normal -0.998105 0.0615328 0
    outer loop
      vertex 21.2438 -7.43614 9.59
      vertex 21.2409 -7.48318 3.59999
      vertex 21.2409 -7.48318 9.59
    endloop
  endfacet
  facet normal -0.414506 -0.910047 0
    outer loop
      vertex 20.696 -6.57628 3.59999
      vertex 20.7389 -6.59582 9.59
      vertex 20.696 -6.57628 9.59
    endloop
  endfacet
  facet normal -0.414506 -0.910047 -0
    outer loop
      vertex 20.7389 -6.59582 9.59
      vertex 20.696 -6.57628 3.59999
      vertex 20.7389 -6.59582 3.59999
    endloop
  endfacet
  facet normal 0.147925 -0.988999 0
    outer loop
      vertex 20.1881 -6.51841 3.59999
      vertex 20.2347 -6.51144 9.59
      vertex 20.1881 -6.51841 9.59
    endloop
  endfacet
  facet normal 0.147925 -0.988999 0
    outer loop
      vertex 20.2347 -6.51144 9.59
      vertex 20.1881 -6.51841 3.59999
      vertex 20.2347 -6.51144 3.59999
    endloop
  endfacet
  facet normal -0.953531 -0.301294 0
    outer loop
      vertex 21.2095 -7.15666 3.59999
      vertex 21.1953 -7.11172 9.59
      vertex 21.1953 -7.11172 3.59999
    endloop
  endfacet
  facet normal -0.953531 -0.301294 0
    outer loop
      vertex 21.1953 -7.11172 9.59
      vertex 21.2095 -7.15666 3.59999
      vertex 21.2095 -7.15666 9.59
    endloop
  endfacet
  facet normal 0.414506 0.910047 -0
    outer loop
      vertex 19.9927 -8.23319 3.59999
      vertex 19.9498 -8.21365 9.59
      vertex 19.9927 -8.23319 9.59
    endloop
  endfacet
  facet normal 0.414506 0.910047 0
    outer loop
      vertex 19.9498 -8.21365 9.59
      vertex 19.9927 -8.23319 3.59999
      vertex 19.9498 -8.21365 3.59999
    endloop
  endfacet
  facet normal 0.0957205 -0.995408 0
    outer loop
      vertex 20.2347 -6.51144 3.59999
      vertex 20.2816 -6.50693 9.59
      vertex 20.2347 -6.51144 9.59
    endloop
  endfacet
  facet normal 0.0957205 -0.995408 0
    outer loop
      vertex 20.2816 -6.50693 9.59
      vertex 20.2347 -6.51144 3.59999
      vertex 20.2816 -6.50693 3.59999
    endloop
  endfacet
  facet normal 0.25052 -0.968111 0
    outer loop
      vertex 20.0963 -6.5396 3.59999
      vertex 20.1419 -6.5278 9.59
      vertex 20.0963 -6.5396 9.59
    endloop
  endfacet
  facet normal 0.25052 -0.968111 0
    outer loop
      vertex 20.1419 -6.5278 9.59
      vertex 20.0963 -6.5396 3.59999
      vertex 20.1419 -6.5278 3.59999
    endloop
  endfacet
  facet normal 0.636794 0.771034 -0
    outer loop
      vertex 19.7902 -8.11395 3.59999
      vertex 19.7539 -8.08397 9.59
      vertex 19.7902 -8.11395 9.59
    endloop
  endfacet
  facet normal 0.636794 0.771034 0
    outer loop
      vertex 19.7539 -8.08397 9.59
      vertex 19.7902 -8.11395 3.59999
      vertex 19.7539 -8.08397 3.59999
    endloop
  endfacet
  facet normal -0.199175 0.979964 0
    outer loop
      vertex 20.5468 -8.28167 3.59999
      vertex 20.5006 -8.29106 9.59
      vertex 20.5468 -8.28167 9.59
    endloop
  endfacet
  facet normal -0.199175 0.979964 0
    outer loop
      vertex 20.5006 -8.29106 9.59
      vertex 20.5468 -8.28167 3.59999
      vertex 20.5006 -8.29106 3.59999
    endloop
  endfacet
  facet normal 0.930193 -0.36707 0
    outer loop
      vertex 19.4986 -7.09692 9.59
      vertex 19.5159 -7.05308 3.59999
      vertex 19.5159 -7.05308 9.59
    endloop
  endfacet
  facet normal 0.930193 -0.36707 0
    outer loop
      vertex 19.5159 -7.05308 3.59999
      vertex 19.4986 -7.09692 9.59
      vertex 19.4986 -7.09692 3.59999
    endloop
  endfacet
  facet normal 0.86177 -0.507298 0
    outer loop
      vertex 19.5572 -6.96841 9.59
      vertex 19.5811 -6.92781 3.59999
      vertex 19.5811 -6.92781 9.59
    endloop
  endfacet
  facet normal 0.86177 -0.507298 0
    outer loop
      vertex 19.5811 -6.92781 3.59999
      vertex 19.5572 -6.96841 9.59
      vertex 19.5572 -6.96841 3.59999
    endloop
  endfacet
  facet normal -0.635625 -0.771998 0
    outer loop
      vertex 20.8984 -6.69553 3.59999
      vertex 20.9348 -6.7255 9.59
      vertex 20.8984 -6.69553 9.59
    endloop
  endfacet
  facet normal -0.635625 -0.771998 -0
    outer loop
      vertex 20.9348 -6.7255 9.59
      vertex 20.8984 -6.69553 3.59999
      vertex 20.9348 -6.7255 3.59999
    endloop
  endfacet
  facet normal 0.00868611 0.999962 -0
    outer loop
      vertex 20.3601 -8.3046 3.59999
      vertex 20.3129 -8.30419 9.59
      vertex 20.3601 -8.3046 9.59
    endloop
  endfacet
  facet normal 0.00868611 0.999962 0
    outer loop
      vertex 20.3129 -8.30419 9.59
      vertex 20.3601 -8.3046 3.59999
      vertex 20.3129 -8.30419 3.59999
    endloop
  endfacet
  facet normal -0.0437877 0.999041 0
    outer loop
      vertex 20.4071 -8.30254 3.59999
      vertex 20.3601 -8.3046 9.59
      vertex 20.4071 -8.30254 9.59
    endloop
  endfacet
  facet normal -0.0437877 0.999041 0
    outer loop
      vertex 20.3601 -8.3046 9.59
      vertex 20.4071 -8.30254 3.59999
      vertex 20.3601 -8.3046 3.59999
    endloop
  endfacet
  facet normal -0.699864 0.714276 0
    outer loop
      vertex 20.9918 -8.02993 3.59999
      vertex 20.9581 -8.06295 9.59
      vertex 20.9918 -8.02993 9.59
    endloop
  endfacet
  facet normal -0.699864 0.714276 0
    outer loop
      vertex 20.9581 -8.06295 9.59
      vertex 20.9918 -8.02993 3.59999
      vertex 20.9581 -8.06295 3.59999
    endloop
  endfacet
  facet normal 0.0611619 0.998128 -0
    outer loop
      vertex 20.3129 -8.30419 3.59999
      vertex 20.2659 -8.30131 9.59
      vertex 20.3129 -8.30419 9.59
    endloop
  endfacet
  facet normal 0.0611619 0.998128 0
    outer loop
      vertex 20.2659 -8.30131 9.59
      vertex 20.3129 -8.30419 3.59999
      vertex 20.2659 -8.30131 3.59999
    endloop
  endfacet
  facet normal -0.30035 0.953829 0
    outer loop
      vertex 20.6374 -8.2557 3.59999
      vertex 20.5924 -8.26987 9.59
      vertex 20.6374 -8.2557 9.59
    endloop
  endfacet
  facet normal -0.30035 0.953829 0
    outer loop
      vertex 20.5924 -8.26987 9.59
      vertex 20.6374 -8.2557 3.59999
      vertex 20.5924 -8.26987 3.59999
    endloop
  endfacet
  facet normal 0.995224 0.0976126 0
    outer loop
      vertex 19.4511 -7.51442 9.59
      vertex 19.4465 -7.46752 3.59999
      vertex 19.4465 -7.46752 9.59
    endloop
  endfacet
  facet normal 0.995224 0.0976126 0
    outer loop
      vertex 19.4465 -7.46752 3.59999
      vertex 19.4511 -7.51442 9.59
      vertex 19.4511 -7.51442 3.59999
    endloop
  endfacet
  facet normal 0.216481 0.976287 -0
    outer loop
      vertex 20.1726 -8.2882 3.59999
      vertex 20.1266 -8.278 9.59
      vertex 20.1726 -8.2882 9.59
    endloop
  endfacet
  facet normal 0.216481 0.976287 0
    outer loop
      vertex 20.1266 -8.278 9.59
      vertex 20.1726 -8.2882 3.59999
      vertex 20.1266 -8.278 3.59999
    endloop
  endfacet
  facet normal -0.930193 0.36707 0
    outer loop
      vertex 21.1728 -7.75639 3.59999
      vertex 21.1901 -7.71255 9.59
      vertex 21.1901 -7.71255 3.59999
    endloop
  endfacet
  facet normal -0.930193 0.36707 0
    outer loop
      vertex 21.1901 -7.71255 9.59
      vertex 21.1728 -7.75639 3.59999
      vertex 21.1728 -7.75639 9.59
    endloop
  endfacet
  facet normal 0.782895 0.622154 0
    outer loop
      vertex 19.6549 -7.98324 9.59
      vertex 19.6256 -7.94637 3.59999
      vertex 19.6256 -7.94637 9.59
    endloop
  endfacet
  facet normal 0.782895 0.622154 0
    outer loop
      vertex 19.6256 -7.94637 3.59999
      vertex 19.6549 -7.98324 9.59
      vertex 19.6549 -7.98324 3.59999
    endloop
  endfacet
  facet normal 0.986204 -0.165535 0
    outer loop
      vertex 19.4531 -7.27948 9.59
      vertex 19.4609 -7.23301 3.59999
      vertex 19.4609 -7.23301 9.59
    endloop
  endfacet
  facet normal 0.986204 -0.165535 0
    outer loop
      vertex 19.4609 -7.23301 3.59999
      vertex 19.4531 -7.27948 9.59
      vertex 19.4531 -7.27948 3.59999
    endloop
  endfacet
  facet normal -0.147925 0.988999 0
    outer loop
      vertex 20.5006 -8.29106 3.59999
      vertex 20.454 -8.29803 9.59
      vertex 20.5006 -8.29106 9.59
    endloop
  endfacet
  facet normal -0.147925 0.988999 0
    outer loop
      vertex 20.454 -8.29803 9.59
      vertex 20.5006 -8.29106 3.59999
      vertex 20.454 -8.29803 3.59999
    endloop
  endfacet
  facet normal -0.749187 -0.662359 0
    outer loop
      vertex 21.0338 -6.82623 3.59999
      vertex 21.0026 -6.79094 9.59
      vertex 21.0026 -6.79094 3.59999
    endloop
  endfacet
  facet normal -0.749187 -0.662359 0
    outer loop
      vertex 21.0026 -6.79094 9.59
      vertex 21.0338 -6.82623 3.59999
      vertex 21.0338 -6.82623 9.59
    endloop
  endfacet
  facet normal 0.445856 -0.895105 0
    outer loop
      vertex 19.9218 -6.61008 3.59999
      vertex 19.964 -6.58906 9.59
      vertex 19.9218 -6.61008 9.59
    endloop
  endfacet
  facet normal 0.445856 -0.895105 0
    outer loop
      vertex 19.964 -6.58906 9.59
      vertex 19.9218 -6.61008 3.59999
      vertex 19.964 -6.58906 3.59999
    endloop
  endfacet
  facet normal 0.0437877 -0.999041 0
    outer loop
      vertex 20.2816 -6.50693 3.59999
      vertex 20.3286 -6.50487 9.59
      vertex 20.2816 -6.50693 9.59
    endloop
  endfacet
  facet normal 0.0437877 -0.999041 0
    outer loop
      vertex 20.3286 -6.50487 9.59
      vertex 20.2816 -6.50693 3.59999
      vertex 20.3286 -6.50487 3.59999
    endloop
  endfacet
  facet normal -0.833939 0.551856 0
    outer loop
      vertex 21.0816 -7.92095 3.59999
      vertex 21.1076 -7.88166 9.59
      vertex 21.1076 -7.88166 3.59999
    endloop
  endfacet
  facet normal -0.833939 0.551856 0
    outer loop
      vertex 21.1076 -7.88166 9.59
      vertex 21.0816 -7.92095 3.59999
      vertex 21.0816 -7.92095 9.59
    endloop
  endfacet
  facet normal 0.843557 0.53704 0
    outer loop
      vertex 19.5982 -7.90801 9.59
      vertex 19.5729 -7.86827 3.59999
      vertex 19.5729 -7.86827 9.59
    endloop
  endfacet
  facet normal 0.843557 0.53704 0
    outer loop
      vertex 19.5729 -7.86827 3.59999
      vertex 19.5982 -7.90801 9.59
      vertex 19.5982 -7.90801 3.59999
    endloop
  endfacet
  facet normal -0.916969 -0.398959 0
    outer loop
      vertex 21.1788 -7.06759 3.59999
      vertex 21.16 -7.02438 9.59
      vertex 21.16 -7.02438 3.59999
    endloop
  endfacet
  facet normal -0.916969 -0.398959 0
    outer loop
      vertex 21.16 -7.02438 9.59
      vertex 21.1788 -7.06759 3.59999
      vertex 21.1788 -7.06759 9.59
    endloop
  endfacet
  facet normal 0.366809 0.930296 -0
    outer loop
      vertex 20.0365 -8.25046 3.59999
      vertex 19.9927 -8.23319 9.59
      vertex 20.0365 -8.25046 9.59
    endloop
  endfacet
  facet normal 0.366809 0.930296 0
    outer loop
      vertex 19.9927 -8.23319 9.59
      vertex 20.0365 -8.25046 3.59999
      vertex 19.9927 -8.23319 3.59999
    endloop
  endfacet
  facet normal -0.445856 0.895105 0
    outer loop
      vertex 20.7669 -8.19939 3.59999
      vertex 20.7247 -8.22041 9.59
      vertex 20.7669 -8.19939 9.59
    endloop
  endfacet
  facet normal -0.445856 0.895105 0
    outer loop
      vertex 20.7247 -8.22041 9.59
      vertex 20.7669 -8.19939 3.59999
      vertex 20.7247 -8.22041 3.59999
    endloop
  endfacet
  facet normal 0.537576 -0.843215 0
    outer loop
      vertex 19.8411 -6.6586 3.59999
      vertex 19.8808 -6.63329 9.59
      vertex 19.8411 -6.6586 9.59
    endloop
  endfacet
  facet normal 0.537576 -0.843215 0
    outer loop
      vertex 19.8808 -6.63329 9.59
      vertex 19.8411 -6.6586 3.59999
      vertex 19.8808 -6.63329 3.59999
    endloop
  endfacet
  facet normal 0.886615 -0.462508 0
    outer loop
      vertex 19.5354 -7.0102 9.59
      vertex 19.5572 -6.96841 3.59999
      vertex 19.5572 -6.96841 9.59
    endloop
  endfacet
  facet normal 0.886615 -0.462508 0
    outer loop
      vertex 19.5572 -6.96841 3.59999
      vertex 19.5354 -7.0102 9.59
      vertex 19.5354 -7.0102 3.59999
    endloop
  endfacet
  facet normal -0.113157 -0.993577 0
    outer loop
      vertex 20.4228 -6.50816 3.59999
      vertex 20.4696 -6.51349 9.59
      vertex 20.4228 -6.50816 9.59
    endloop
  endfacet
  facet normal -0.113157 -0.993577 -0
    outer loop
      vertex 20.4696 -6.51349 9.59
      vertex 20.4228 -6.50816 3.59999
      vertex 20.4696 -6.51349 3.59999
    endloop
  endfacet
  facet normal 0.749187 0.662359 0
    outer loop
      vertex 19.6861 -8.01853 9.59
      vertex 19.6549 -7.98324 3.59999
      vertex 19.6549 -7.98324 9.59
    endloop
  endfacet
  facet normal 0.749187 0.662359 0
    outer loop
      vertex 19.6549 -7.98324 3.59999
      vertex 19.6861 -8.01853 9.59
      vertex 19.6861 -8.01853 3.59999
    endloop
  endfacet
  facet normal 0.492638 -0.870235 0
    outer loop
      vertex 19.8808 -6.63329 3.59999
      vertex 19.9218 -6.61008 9.59
      vertex 19.8808 -6.63329 9.59
    endloop
  endfacet
  facet normal 0.492638 -0.870235 0
    outer loop
      vertex 19.9218 -6.61008 9.59
      vertex 19.8808 -6.63329 3.59999
      vertex 19.9218 -6.61008 3.59999
    endloop
  endfacet
  facet normal 0.662491 -0.749069 0
    outer loop
      vertex 19.7305 -6.74652 3.59999
      vertex 19.7658 -6.7153 9.59
      vertex 19.7305 -6.74652 9.59
    endloop
  endfacet
  facet normal 0.662491 -0.749069 0
    outer loop
      vertex 19.7658 -6.7153 9.59
      vertex 19.7305 -6.74652 3.59999
      vertex 19.7658 -6.7153 3.59999
    endloop
  endfacet
  facet normal -0.73763 0.675205 0
    outer loop
      vertex 20.9918 -8.02993 3.59999
      vertex 21.0236 -7.99519 9.59
      vertex 21.0236 -7.99519 3.59999
    endloop
  endfacet
  facet normal -0.73763 0.675205 0
    outer loop
      vertex 21.0236 -7.99519 9.59
      vertex 20.9918 -8.02993 3.59999
      vertex 20.9918 -8.02993 9.59
    endloop
  endfacet
  facet normal -0.771342 0.636421 0
    outer loop
      vertex 21.0236 -7.99519 3.59999
      vertex 21.0536 -7.95883 9.59
      vertex 21.0536 -7.95883 3.59999
    endloop
  endfacet
  facet normal -0.771342 0.636421 0
    outer loop
      vertex 21.0536 -7.95883 9.59
      vertex 21.0236 -7.99519 3.59999
      vertex 21.0236 -7.99519 9.59
    endloop
  endfacet
  facet normal 0.813733 0.581238 0
    outer loop
      vertex 19.6256 -7.94637 9.59
      vertex 19.5982 -7.90801 3.59999
      vertex 19.5982 -7.90801 9.59
    endloop
  endfacet
  facet normal 0.813733 0.581238 0
    outer loop
      vertex 19.5982 -7.90801 3.59999
      vertex 19.6256 -7.94637 9.59
      vertex 19.6256 -7.94637 3.59999
    endloop
  endfacet
  facet normal 0.989215 0.146472 0
    outer loop
      vertex 19.458 -7.56102 9.59
      vertex 19.4511 -7.51442 3.59999
      vertex 19.4511 -7.51442 9.59
    endloop
  endfacet
  facet normal 0.989215 0.146472 0
    outer loop
      vertex 19.4511 -7.51442 3.59999
      vertex 19.458 -7.56102 9.59
      vertex 19.458 -7.56102 3.59999
    endloop
  endfacet
  facet normal 0 0 -1
    outer loop
      vertex 21.2438 -7.43614 9.59
      vertex 21.2422 -7.34196 9.59
      vertex 21.2442 -7.38903 9.59
    endloop
  endfacet
  facet normal 0 0 -1
    outer loop
      vertex 21.2409 -7.48318 9.59
      vertex 21.2422 -7.34196 9.59
      vertex 21.2438 -7.43614 9.59
    endloop
  endfacet
  facet normal 0 0 -1
    outer loop
      vertex 21.2409 -7.48318 9.59
      vertex 21.2376 -7.29505 9.59
      vertex 21.2422 -7.34196 9.59
    endloop
  endfacet
  facet normal 0 0 -1
    outer loop
      vertex 21.2356 -7.52999 9.59
      vertex 21.2376 -7.29505 9.59
      vertex 21.2409 -7.48318 9.59
    endloop
  endfacet
  facet normal 0 0 -1
    outer loop
      vertex 21.2356 -7.52999 9.59
      vertex 21.2307 -7.24845 9.59
      vertex 21.2376 -7.29505 9.59
    endloop
  endfacet
  facet normal 0 0 -1
    outer loop
      vertex 21.2278 -7.57646 9.59
      vertex 21.2307 -7.24845 9.59
      vertex 21.2356 -7.52999 9.59
    endloop
  endfacet
  facet normal 0 0 -1
    outer loop
      vertex 21.2278 -7.57646 9.59
      vertex 21.2213 -7.20228 9.59
      vertex 21.2307 -7.24845 9.59
    endloop
  endfacet
  facet normal 0 0 -1
    outer loop
      vertex 21.2176 -7.62247 9.59
      vertex 21.2213 -7.20228 9.59
      vertex 21.2278 -7.57646 9.59
    endloop
  endfacet
  facet normal 0 0 -1
    outer loop
      vertex 21.2176 -7.62247 9.59
      vertex 21.2095 -7.15666 9.59
      vertex 21.2213 -7.20228 9.59
    endloop
  endfacet
  facet normal 0 0 -1
    outer loop
      vertex 21.205 -7.66787 9.59
      vertex 21.2095 -7.15666 9.59
      vertex 21.2176 -7.62247 9.59
    endloop
  endfacet
  facet normal 0 0 -1
    outer loop
      vertex 21.205 -7.66787 9.59
      vertex 21.1953 -7.11172 9.59
      vertex 21.2095 -7.15666 9.59
    endloop
  endfacet
  facet normal 0 0 -1
    outer loop
      vertex 21.1901 -7.71255 9.59
      vertex 21.1953 -7.11172 9.59
      vertex 21.205 -7.66787 9.59
    endloop
  endfacet
  facet normal 0 0 -1
    outer loop
      vertex 21.1901 -7.71255 9.59
      vertex 21.1788 -7.06759 9.59
      vertex 21.1953 -7.11172 9.59
    endloop
  endfacet
  facet normal 0 0 -1
    outer loop
      vertex 21.1728 -7.75639 9.59
      vertex 21.1788 -7.06759 9.59
      vertex 21.1901 -7.71255 9.59
    endloop
  endfacet
  facet normal 0 0 -1
    outer loop
      vertex 21.1728 -7.75639 9.59
      vertex 21.16 -7.02438 9.59
      vertex 21.1788 -7.06759 9.59
    endloop
  endfacet
  facet normal 0 0 -1
    outer loop
      vertex 21.1533 -7.79927 9.59
      vertex 21.16 -7.02438 9.59
      vertex 21.1728 -7.75639 9.59
    endloop
  endfacet
  facet normal 0 0 -1
    outer loop
      vertex 21.1533 -7.79927 9.59
      vertex 21.139 -6.98221 9.59
      vertex 21.16 -7.02438 9.59
    endloop
  endfacet
  facet normal 0 0 -1
    outer loop
      vertex 21.1315 -7.84106 9.59
      vertex 21.139 -6.98221 9.59
      vertex 21.1533 -7.79927 9.59
    endloop
  endfacet
  facet normal 0 0 -1
    outer loop
      vertex 21.1315 -7.84106 9.59
      vertex 21.1158 -6.9412 9.59
      vertex 21.139 -6.98221 9.59
    endloop
  endfacet
  facet normal 0 0 -1
    outer loop
      vertex 21.1076 -7.88166 9.59
      vertex 21.1158 -6.9412 9.59
      vertex 21.1315 -7.84106 9.59
    endloop
  endfacet
  facet normal 0 0 -1
    outer loop
      vertex 21.1076 -7.88166 9.59
      vertex 21.0905 -6.90146 9.59
      vertex 21.1158 -6.9412 9.59
    endloop
  endfacet
  facet normal 0 0 -1
    outer loop
      vertex 21.0816 -7.92095 9.59
      vertex 21.0905 -6.90146 9.59
      vertex 21.1076 -7.88166 9.59
    endloop
  endfacet
  facet normal 0 0 -1
    outer loop
      vertex 21.0816 -7.92095 9.59
      vertex 21.0631 -6.8631 9.59
      vertex 21.0905 -6.90146 9.59
    endloop
  endfacet
  facet normal 0 0 -1
    outer loop
      vertex 21.0536 -7.95883 9.59
      vertex 21.0631 -6.8631 9.59
      vertex 21.0816 -7.92095 9.59
    endloop
  endfacet
  facet normal 0 0 -1
    outer loop
      vertex 21.0536 -7.95883 9.59
      vertex 21.0338 -6.82623 9.59
      vertex 21.0631 -6.8631 9.59
    endloop
  endfacet
  facet normal 0 0 -1
    outer loop
      vertex 21.0236 -7.99519 9.59
      vertex 21.0338 -6.82623 9.59
      vertex 21.0536 -7.95883 9.59
    endloop
  endfacet
  facet normal 0 0 -1
    outer loop
      vertex 21.0236 -7.99519 9.59
      vertex 21.0026 -6.79094 9.59
      vertex 21.0338 -6.82623 9.59
    endloop
  endfacet
  facet normal 0 0 -1
    outer loop
      vertex 20.9918 -8.02993 9.59
      vertex 21.0026 -6.79094 9.59
      vertex 21.0236 -7.99519 9.59
    endloop
  endfacet
  facet normal 0 0 -1
    outer loop
      vertex 20.9918 -8.02993 9.59
      vertex 20.9695 -6.75733 9.59
      vertex 21.0026 -6.79094 9.59
    endloop
  endfacet
  facet normal 0 0 -1
    outer loop
      vertex 20.9581 -8.06295 9.59
      vertex 20.9695 -6.75733 9.59
      vertex 20.9918 -8.02993 9.59
    endloop
  endfacet
  facet normal 0 0 -1
    outer loop
      vertex 20.9581 -8.06295 9.59
      vertex 20.9348 -6.7255 9.59
      vertex 20.9695 -6.75733 9.59
    endloop
  endfacet
  facet normal 0 0 -1
    outer loop
      vertex 20.9229 -8.09418 9.59
      vertex 20.9348 -6.7255 9.59
      vertex 20.9581 -8.06295 9.59
    endloop
  endfacet
  facet normal 0 0 -1
    outer loop
      vertex 20.9229 -8.09418 9.59
      vertex 20.8984 -6.69553 9.59
      vertex 20.9348 -6.7255 9.59
    endloop
  endfacet
  facet normal 0 0 -1
    outer loop
      vertex 20.886 -8.12351 9.59
      vertex 20.8984 -6.69553 9.59
      vertex 20.9229 -8.09418 9.59
    endloop
  endfacet
  facet normal 0 0 -1
    outer loop
      vertex 20.886 -8.12351 9.59
      vertex 20.8606 -6.6675 9.59
      vertex 20.8984 -6.69553 9.59
    endloop
  endfacet
  facet normal 0 0 -1
    outer loop
      vertex 20.8476 -8.15087 9.59
      vertex 20.8606 -6.6675 9.59
      vertex 20.886 -8.12351 9.59
    endloop
  endfacet
  facet normal 0 0 -1
    outer loop
      vertex 20.8476 -8.15087 9.59
      vertex 20.8213 -6.64149 9.59
      vertex 20.8606 -6.6675 9.59
    endloop
  endfacet
  facet normal 0 0 -1
    outer loop
      vertex 20.8079 -8.17619 9.59
      vertex 20.8213 -6.64149 9.59
      vertex 20.8476 -8.15087 9.59
    endloop
  endfacet
  facet normal 0 0 -1
    outer loop
      vertex 20.8079 -8.17619 9.59
      vertex 20.7807 -6.61758 9.59
      vertex 20.8213 -6.64149 9.59
    endloop
  endfacet
  facet normal 0 0 -1
    outer loop
      vertex 20.7669 -8.19939 9.59
      vertex 20.7807 -6.61758 9.59
      vertex 20.8079 -8.17619 9.59
    endloop
  endfacet
  facet normal 0 0 -1
    outer loop
      vertex 20.7669 -8.19939 9.59
      vertex 20.7389 -6.59582 9.59
      vertex 20.7807 -6.61758 9.59
    endloop
  endfacet
  facet normal 0 0 -1
    outer loop
      vertex 20.7247 -8.22041 9.59
      vertex 20.7389 -6.59582 9.59
      vertex 20.7669 -8.19939 9.59
    endloop
  endfacet
  facet normal 0 0 -1
    outer loop
      vertex 20.7247 -8.22041 9.59
      vertex 20.696 -6.57628 9.59
      vertex 20.7389 -6.59582 9.59
    endloop
  endfacet
  facet normal 0 0 -1
    outer loop
      vertex 20.6815 -8.2392 9.59
      vertex 20.696 -6.57628 9.59
      vertex 20.7247 -8.22041 9.59
    endloop
  endfacet
  facet normal 0 0 -1
    outer loop
      vertex 20.6815 -8.2392 9.59
      vertex 20.6522 -6.55901 9.59
      vertex 20.696 -6.57628 9.59
    endloop
  endfacet
  facet normal 0 0 -1
    outer loop
      vertex 20.6374 -8.2557 9.59
      vertex 20.6522 -6.55901 9.59
      vertex 20.6815 -8.2392 9.59
    endloop
  endfacet
  facet normal 0 0 -1
    outer loop
      vertex 20.6374 -8.2557 9.59
      vertex 20.6075 -6.54406 9.59
      vertex 20.6522 -6.55901 9.59
    endloop
  endfacet
  facet normal 0 0 -1
    outer loop
      vertex 20.5924 -8.26987 9.59
      vertex 20.6075 -6.54406 9.59
      vertex 20.6374 -8.2557 9.59
    endloop
  endfacet
  facet normal 0 0 -1
    outer loop
      vertex 20.5924 -8.26987 9.59
      vertex 20.5621 -6.53147 9.59
      vertex 20.6075 -6.54406 9.59
    endloop
  endfacet
  facet normal 0 0 -1
    outer loop
      vertex 20.5468 -8.28167 9.59
      vertex 20.5621 -6.53147 9.59
      vertex 20.5924 -8.26987 9.59
    endloop
  endfacet
  facet normal 0 0 -1
    outer loop
      vertex 20.5468 -8.28167 9.59
      vertex 20.5161 -6.52127 9.59
      vertex 20.5621 -6.53147 9.59
    endloop
  endfacet
  facet normal 0 0 -1
    outer loop
      vertex 20.5006 -8.29106 9.59
      vertex 20.5161 -6.52127 9.59
      vertex 20.5468 -8.28167 9.59
    endloop
  endfacet
  facet normal 0 0 -1
    outer loop
      vertex 20.5006 -8.29106 9.59
      vertex 20.4696 -6.51349 9.59
      vertex 20.5161 -6.52127 9.59
    endloop
  endfacet
  facet normal 0 0 -1
    outer loop
      vertex 20.454 -8.29803 9.59
      vertex 20.4696 -6.51349 9.59
      vertex 20.5006 -8.29106 9.59
    endloop
  endfacet
  facet normal 0 0 -1
    outer loop
      vertex 20.454 -8.29803 9.59
      vertex 20.4228 -6.50816 9.59
      vertex 20.4696 -6.51349 9.59
    endloop
  endfacet
  facet normal 0 0 -1
    outer loop
      vertex 20.4071 -8.30254 9.59
      vertex 20.4228 -6.50816 9.59
      vertex 20.454 -8.29803 9.59
    endloop
  endfacet
  facet normal 0 0 -1
    outer loop
      vertex 20.4071 -8.30254 9.59
      vertex 20.3758 -6.50528 9.59
      vertex 20.4228 -6.50816 9.59
    endloop
  endfacet
  facet normal 0 0 -1
    outer loop
      vertex 20.3601 -8.3046 9.59
      vertex 20.3758 -6.50528 9.59
      vertex 20.4071 -8.30254 9.59
    endloop
  endfacet
  facet normal 0 0 -1
    outer loop
      vertex 20.3601 -8.3046 9.59
      vertex 20.3286 -6.50487 9.59
      vertex 20.3758 -6.50528 9.59
    endloop
  endfacet
  facet normal 0 0 -1
    outer loop
      vertex 20.3129 -8.30419 9.59
      vertex 20.3286 -6.50487 9.59
      vertex 20.3601 -8.3046 9.59
    endloop
  endfacet
  facet normal 0 0 -1
    outer loop
      vertex 20.3129 -8.30419 9.59
      vertex 20.2816 -6.50693 9.59
      vertex 20.3286 -6.50487 9.59
    endloop
  endfacet
  facet normal 0 0 -1
    outer loop
      vertex 20.2659 -8.30131 9.59
      vertex 20.2816 -6.50693 9.59
      vertex 20.3129 -8.30419 9.59
    endloop
  endfacet
  facet normal 0 0 -1
    outer loop
      vertex 20.2659 -8.30131 9.59
      vertex 20.2347 -6.51144 9.59
      vertex 20.2816 -6.50693 9.59
    endloop
  endfacet
  facet normal 0 0 -1
    outer loop
      vertex 20.2191 -8.29598 9.59
      vertex 20.2347 -6.51144 9.59
      vertex 20.2659 -8.30131 9.59
    endloop
  endfacet
  facet normal 0 0 -1
    outer loop
      vertex 20.2191 -8.29598 9.59
      vertex 20.1881 -6.51841 9.59
      vertex 20.2347 -6.51144 9.59
    endloop
  endfacet
  facet normal 0 0 -1
    outer loop
      vertex 20.1726 -8.2882 9.59
      vertex 20.1881 -6.51841 9.59
      vertex 20.2191 -8.29598 9.59
    endloop
  endfacet
  facet normal 0 0 -1
    outer loop
      vertex 20.1726 -8.2882 9.59
      vertex 20.1419 -6.5278 9.59
      vertex 20.1881 -6.51841 9.59
    endloop
  endfacet
  facet normal 0 0 -1
    outer loop
      vertex 20.1266 -8.278 9.59
      vertex 20.1419 -6.5278 9.59
      vertex 20.1726 -8.2882 9.59
    endloop
  endfacet
  facet normal 0 0 -1
    outer loop
      vertex 20.1266 -8.278 9.59
      vertex 20.0963 -6.5396 9.59
      vertex 20.1419 -6.5278 9.59
    endloop
  endfacet
  facet normal 0 0 -1
    outer loop
      vertex 20.0812 -8.26541 9.59
      vertex 20.0963 -6.5396 9.59
      vertex 20.1266 -8.278 9.59
    endloop
  endfacet
  facet normal 0 0 -1
    outer loop
      vertex 20.0812 -8.26541 9.59
      vertex 20.0513 -6.55377 9.59
      vertex 20.0963 -6.5396 9.59
    endloop
  endfacet
  facet normal 0 0 -1
    outer loop
      vertex 20.0365 -8.25046 9.59
      vertex 20.0513 -6.55377 9.59
      vertex 20.0812 -8.26541 9.59
    endloop
  endfacet
  facet normal 0 0 -1
    outer loop
      vertex 20.0365 -8.25046 9.59
      vertex 20.0072 -6.57027 9.59
      vertex 20.0513 -6.55377 9.59
    endloop
  endfacet
  facet normal 0 0 -1
    outer loop
      vertex 19.9927 -8.23319 9.59
      vertex 20.0072 -6.57027 9.59
      vertex 20.0365 -8.25046 9.59
    endloop
  endfacet
  facet normal 0 0 -1
    outer loop
      vertex 19.9927 -8.23319 9.59
      vertex 19.964 -6.58906 9.59
      vertex 20.0072 -6.57027 9.59
    endloop
  endfacet
  facet normal 0 0 -1
    outer loop
      vertex 19.9498 -8.21365 9.59
      vertex 19.964 -6.58906 9.59
      vertex 19.9927 -8.23319 9.59
    endloop
  endfacet
  facet normal 0 0 -1
    outer loop
      vertex 19.9498 -8.21365 9.59
      vertex 19.9218 -6.61008 9.59
      vertex 19.964 -6.58906 9.59
    endloop
  endfacet
  facet normal 0 0 -1
    outer loop
      vertex 19.908 -8.19189 9.59
      vertex 19.9218 -6.61008 9.59
      vertex 19.9498 -8.21365 9.59
    endloop
  endfacet
  facet normal 0 0 -1
    outer loop
      vertex 19.908 -8.19189 9.59
      vertex 19.8808 -6.63329 9.59
      vertex 19.9218 -6.61008 9.59
    endloop
  endfacet
  facet normal 0 0 -1
    outer loop
      vertex 19.8674 -8.16798 9.59
      vertex 19.8808 -6.63329 9.59
      vertex 19.908 -8.19189 9.59
    endloop
  endfacet
  facet normal 0 0 -1
    outer loop
      vertex 19.8674 -8.16798 9.59
      vertex 19.8411 -6.6586 9.59
      vertex 19.8808 -6.63329 9.59
    endloop
  endfacet
  facet normal 0 0 -1
    outer loop
      vertex 19.8281 -8.14197 9.59
      vertex 19.8411 -6.6586 9.59
      vertex 19.8674 -8.16798 9.59
    endloop
  endfacet
  facet normal 0 0 -1
    outer loop
      vertex 19.8281 -8.14197 9.59
      vertex 19.8027 -6.68596 9.59
      vertex 19.8411 -6.6586 9.59
    endloop
  endfacet
  facet normal 0 0 -1
    outer loop
      vertex 19.7902 -8.11395 9.59
      vertex 19.8027 -6.68596 9.59
      vertex 19.8281 -8.14197 9.59
    endloop
  endfacet
  facet normal 0 0 -1
    outer loop
      vertex 19.7902 -8.11395 9.59
      vertex 19.7658 -6.7153 9.59
      vertex 19.8027 -6.68596 9.59
    endloop
  endfacet
  facet normal 0 0 -1
    outer loop
      vertex 19.7539 -8.08397 9.59
      vertex 19.7658 -6.7153 9.59
      vertex 19.7902 -8.11395 9.59
    endloop
  endfacet
  facet normal 0 0 -1
    outer loop
      vertex 19.7539 -8.08397 9.59
      vertex 19.7305 -6.74652 9.59
      vertex 19.7658 -6.7153 9.59
    endloop
  endfacet
  facet normal 0 0 -1
    outer loop
      vertex 19.7192 -8.05214 9.59
      vertex 19.7305 -6.74652 9.59
      vertex 19.7539 -8.08397 9.59
    endloop
  endfacet
  facet normal 0 0 -1
    outer loop
      vertex 19.7192 -8.05214 9.59
      vertex 19.6969 -6.77954 9.59
      vertex 19.7305 -6.74652 9.59
    endloop
  endfacet
  facet normal 0 0 -1
    outer loop
      vertex 19.6861 -8.01853 9.59
      vertex 19.6969 -6.77954 9.59
      vertex 19.7192 -8.05214 9.59
    endloop
  endfacet
  facet normal 0 0 -1
    outer loop
      vertex 19.6861 -8.01853 9.59
      vertex 19.6651 -6.81428 9.59
      vertex 19.6969 -6.77954 9.59
    endloop
  endfacet
  facet normal 0 0 -1
    outer loop
      vertex 19.6549 -7.98324 9.59
      vertex 19.6651 -6.81428 9.59
      vertex 19.6861 -8.01853 9.59
    endloop
  endfacet
  facet normal 0 0 -1
    outer loop
      vertex 19.6549 -7.98324 9.59
      vertex 19.6351 -6.85064 9.59
      vertex 19.6651 -6.81428 9.59
    endloop
  endfacet
  facet normal 0 0 -1
    outer loop
      vertex 19.6256 -7.94637 9.59
      vertex 19.6351 -6.85064 9.59
      vertex 19.6549 -7.98324 9.59
    endloop
  endfacet
  facet normal 0 0 -1
    outer loop
      vertex 19.6256 -7.94637 9.59
      vertex 19.6071 -6.88852 9.59
      vertex 19.6351 -6.85064 9.59
    endloop
  endfacet
  facet normal 0 0 -1
    outer loop
      vertex 19.5982 -7.90801 9.59
      vertex 19.6071 -6.88852 9.59
      vertex 19.6256 -7.94637 9.59
    endloop
  endfacet
  facet normal 0 0 -1
    outer loop
      vertex 19.5982 -7.90801 9.59
      vertex 19.5811 -6.92781 9.59
      vertex 19.6071 -6.88852 9.59
    endloop
  endfacet
  facet normal 0 0 -1
    outer loop
      vertex 19.5729 -7.86827 9.59
      vertex 19.5811 -6.92781 9.59
      vertex 19.5982 -7.90801 9.59
    endloop
  endfacet
  facet normal 0 0 -1
    outer loop
      vertex 19.5729 -7.86827 9.59
      vertex 19.5572 -6.96841 9.59
      vertex 19.5811 -6.92781 9.59
    endloop
  endfacet
  facet normal 0 0 -1
    outer loop
      vertex 19.5497 -7.82726 9.59
      vertex 19.5572 -6.96841 9.59
      vertex 19.5729 -7.86827 9.59
    endloop
  endfacet
  facet normal 0 0 -1
    outer loop
      vertex 19.5497 -7.82726 9.59
      vertex 19.5354 -7.0102 9.59
      vertex 19.5572 -6.96841 9.59
    endloop
  endfacet
  facet normal 0 0 -1
    outer loop
      vertex 19.5287 -7.78509 9.59
      vertex 19.5354 -7.0102 9.59
      vertex 19.5497 -7.82726 9.59
    endloop
  endfacet
  facet normal 0 0 -1
    outer loop
      vertex 19.5287 -7.78509 9.59
      vertex 19.5159 -7.05308 9.59
      vertex 19.5354 -7.0102 9.59
    endloop
  endfacet
  facet normal 0 0 -1
    outer loop
      vertex 19.5099 -7.74188 9.59
      vertex 19.5159 -7.05308 9.59
      vertex 19.5287 -7.78509 9.59
    endloop
  endfacet
  facet normal 0 0 -1
    outer loop
      vertex 19.5099 -7.74188 9.59
      vertex 19.4986 -7.09692 9.59
      vertex 19.5159 -7.05308 9.59
    endloop
  endfacet
  facet normal 0 0 -1
    outer loop
      vertex 19.4934 -7.69775 9.59
      vertex 19.4986 -7.09692 9.59
      vertex 19.5099 -7.74188 9.59
    endloop
  endfacet
  facet normal 0 0 -1
    outer loop
      vertex 19.4934 -7.69775 9.59
      vertex 19.4837 -7.1416 9.59
      vertex 19.4986 -7.09692 9.59
    endloop
  endfacet
  facet normal 0 0 -1
    outer loop
      vertex 19.4792 -7.65281 9.59
      vertex 19.4837 -7.1416 9.59
      vertex 19.4934 -7.69775 9.59
    endloop
  endfacet
  facet normal 0 0 -1
    outer loop
      vertex 19.4792 -7.65281 9.59
      vertex 19.4711 -7.18701 9.59
      vertex 19.4837 -7.1416 9.59
    endloop
  endfacet
  facet normal 0 0 -1
    outer loop
      vertex 19.4674 -7.60719 9.59
      vertex 19.4711 -7.18701 9.59
      vertex 19.4792 -7.65281 9.59
    endloop
  endfacet
  facet normal 0 0 -1
    outer loop
      vertex 19.4674 -7.60719 9.59
      vertex 19.4609 -7.23301 9.59
      vertex 19.4711 -7.18701 9.59
    endloop
  endfacet
  facet normal 0 0 -1
    outer loop
      vertex 19.458 -7.56102 9.59
      vertex 19.4609 -7.23301 9.59
      vertex 19.4674 -7.60719 9.59
    endloop
  endfacet
  facet normal 0 0 -1
    outer loop
      vertex 19.458 -7.56102 9.59
      vertex 19.4531 -7.27948 9.59
      vertex 19.4609 -7.23301 9.59
    endloop
  endfacet
  facet normal 0 0 -1
    outer loop
      vertex 19.4511 -7.51442 9.59
      vertex 19.4531 -7.27948 9.59
      vertex 19.458 -7.56102 9.59
    endloop
  endfacet
  facet normal 0 0 -1
    outer loop
      vertex 19.4511 -7.51442 9.59
      vertex 19.4478 -7.3263 9.59
      vertex 19.4531 -7.27948 9.59
    endloop
  endfacet
  facet normal 0 0 -1
    outer loop
      vertex 19.4465 -7.46752 9.59
      vertex 19.4478 -7.3263 9.59
      vertex 19.4511 -7.51442 9.59
    endloop
  endfacet
  facet normal 0 0 -1
    outer loop
      vertex 19.4465 -7.46752 9.59
      vertex 19.4449 -7.37333 9.59
      vertex 19.4478 -7.3263 9.59
    endloop
  endfacet
  facet normal 0 -0 -1
    outer loop
      vertex 19.4449 -7.37333 9.59
      vertex 19.4465 -7.46752 9.59
      vertex 19.4445 -7.42044 9.59
    endloop
  endfacet
  facet normal -0.706986 0.0184889 0.706986
    outer loop
      vertex -20.7216 1.08597 16.1
      vertex -24.25 0 12.6
      vertex -20.75 0 16.1
    endloop
  endfacet
  facet normal -0.706986 -0.0184889 0.706986
    outer loop
      vertex -20.75 0 16.1
      vertex -24.25 0 12.6
      vertex -20.7216 -1.08597 16.1
    endloop
  endfacet
  facet normal 0.0923151 0.701178 0.706985
    outer loop
      vertex 3.79354 23.9514 12.6
      vertex 2.16897 20.6363 16.1
      vertex 3.24601 20.4945 16.1
    endloop
  endfacet
  facet normal -0.566405 -0.824127 0
    outer loop
      vertex -14.2538 -19.6187 12.6
      vertex -13.2075 -20.3378 8.94532
      vertex -13.2075 -20.3378 12.6
    endloop
  endfacet
  facet normal -0.566831 -0.823834 -0.000179666
    outer loop
      vertex -14.2538 -19.6187 12.6
      vertex -13.2646 -20.2985 8.88629
      vertex -13.2075 -20.3378 8.94532
    endloop
  endfacet
  facet normal -0.566663 -0.82395 -0.00011364
    outer loop
      vertex -14.2538 -19.6187 12.6
      vertex -13.3274 -20.2553 8.81421
      vertex -13.2646 -20.2985 8.88629
    endloop
  endfacet
  facet normal -0.560538 -0.828126 0.0020873
    outer loop
      vertex -14.2538 -19.6187 12.6
      vertex -13.3369 -20.2489 8.80218
      vertex -13.3274 -20.2553 8.81421
    endloop
  endfacet
  facet normal -0.566985 -0.823728 -0.000198685
    outer loop
      vertex -14.2538 -19.6187 12.6
      vertex -13.387 -20.2144 8.73826
      vertex -13.3369 -20.2489 8.80218
    endloop
  endfacet
  facet normal -0.566943 -0.823757 -0.000185005
    outer loop
      vertex -14.2538 -19.6187 12.6
      vertex -13.4342 -20.1819 8.67136
      vertex -13.387 -20.2144 8.73826
    endloop
  endfacet
  facet normal -0.562262 -0.826958 0.00125065
    outer loop
      vertex -14.2538 -19.6187 12.6
      vertex -13.4432 -20.1758 8.65864
      vertex -13.4342 -20.1819 8.67136
    endloop
  endfacet
  facet normal -0.56596 -0.824433 0.000133015
    outer loop
      vertex -14.2538 -19.6187 12.6
      vertex -13.4875 -20.1454 8.58891
      vertex -13.4432 -20.1758 8.65864
    endloop
  endfacet
  facet normal -0.572844 -0.819663 -0.0018084
    outer loop
      vertex -14.2538 -19.6187 12.6
      vertex -13.4959 -20.1395 8.57557
      vertex -13.4875 -20.1454 8.58891
    endloop
  endfacet
  facet normal -0.566589 -0.824001 -6.91279e-05
    outer loop
      vertex -14.2538 -19.6187 12.6
      vertex -13.5449 -20.1058 8.48928
      vertex -13.4959 -20.1395 8.57557
    endloop
  endfacet
  facet normal -0.565401 -0.824816 0.00023229
    outer loop
      vertex -14.2538 -19.6187 12.6
      vertex -13.5522 -20.1008 8.47486
      vertex -13.5449 -20.1058 8.48928
    endloop
  endfacet
  facet normal -0.565097 -0.825024 0.000308284
    outer loop
      vertex -14.2538 -19.6187 12.6
      vertex -13.5902 -20.0748 8.4
      vertex -13.5522 -20.1008 8.47486
    endloop
  endfacet
  facet normal -0.566564 -0.824018 -3.27113e-05
    outer loop
      vertex -14.2538 -19.6187 12.6
      vertex -13.6315 -20.0464 8.30798
      vertex -13.5902 -20.0748 8.4
    endloop
  endfacet
  facet normal -0.567152 -0.823613 -0.000158355
    outer loop
      vertex -14.2538 -19.6187 12.6
      vertex -13.6627 -20.0249 8.22889
      vertex -13.6315 -20.0464 8.30798
    endloop
  endfacet
  facet normal -0.56475 -0.825262 0.000319677
    outer loop
      vertex -14.2538 -19.6187 12.6
      vertex -13.6687 -20.0208 8.21347
      vertex -13.6627 -20.0249 8.22889
    endloop
  endfacet
  facet normal -0.572957 -0.819584 -0.00129537
    outer loop
      vertex -14.2538 -19.6187 12.6
      vertex -13.6741 -20.017 8.19768
      vertex -13.6687 -20.0208 8.21347
    endloop
  endfacet
  facet normal -0.564823 -0.825212 0.000284843
    outer loop
      vertex -14.2538 -19.6187 12.6
      vertex -13.7019 -19.998 8.11674
      vertex -13.6741 -20.017 8.19768
    endloop
  endfacet
  facet normal -0.566915 -0.823776 -9.41744e-05
    outer loop
      vertex -14.2538 -19.6187 12.6
      vertex -13.7308 -19.9781 8.01803
      vertex -13.7019 -19.998 8.11674
    endloop
  endfacet
  facet normal -0.561687 -0.82735 0.000782925
    outer loop
      vertex -14.2538 -19.6187 12.6
      vertex -13.7348 -19.9754 8.00155
      vertex -13.7308 -19.9781 8.01803
    endloop
  endfacet
  facet normal -0.568469 -0.822704 -0.000342949
    outer loop
      vertex -14.2538 -19.6187 12.6
      vertex -13.7553 -19.9612 7.91764
      vertex -13.7348 -19.9754 8.00155
    endloop
  endfacet
  facet normal -0.564862 -0.825185 0.000222561
    outer loop
      vertex -14.2538 -19.6187 12.6
      vertex -13.7755 -19.9474 7.81582
      vertex -13.7553 -19.9612 7.91764
    endloop
  endfacet
  facet normal -0.56711 -0.823642 -0.000108138
    outer loop
      vertex -14.2538 -19.6187 12.6
      vertex -13.7887 -19.9383 7.72985
      vertex -13.7755 -19.9474 7.81582
    endloop
  endfacet
  facet normal -0.56811 -0.822952 -0.00024897
    outer loop
      vertex -14.2538 -19.6187 12.6
      vertex -13.7913 -19.9365 7.71287
      vertex -13.7887 -19.9383 7.72985
    endloop
  endfacet
  facet normal -0.565445 -0.824786 0.000122508
    outer loop
      vertex -14.2538 -19.6187 12.6
      vertex -13.8008 -19.93 7.6262
      vertex -13.7913 -19.9365 7.71287
    endloop
  endfacet
  facet normal -0.576722 -0.816939 -0.00139567
    outer loop
      vertex -14.2538 -19.6187 12.6
      vertex -13.8026 -19.9287 7.60906
      vertex -13.8008 -19.93 7.6262
    endloop
  endfacet
  facet normal -0.554363 -0.832274 0.00157815
    outer loop
      vertex -14.2538 -19.6187 12.6
      vertex -13.8037 -19.928 7.59182
      vertex -13.8026 -19.9287 7.60906
    endloop
  endfacet
  facet normal -0.565649 -0.824646 9.27186e-05
    outer loop
      vertex -14.2538 -19.6187 12.6
      vertex -13.8094 -19.9241 7.50467
      vertex -13.8037 -19.928 7.59182
    endloop
  endfacet
  facet normal -0.56732 -0.823497 -0.000121896
    outer loop
      vertex -14.2538 -19.6187 12.6
      vertex -13.8117 -19.9225 7.4
      vertex -13.8094 -19.9241 7.50467
    endloop
  endfacet
  facet normal -0.566347 -0.824167 0
    outer loop
      vertex -14.2538 -19.6187 3.59999
      vertex -13.8117 -19.9225 7.4
      vertex -14.2538 -19.6187 12.6
    endloop
  endfacet
  facet normal -0.5671 -0.823649 0.000129054
    outer loop
      vertex -13.8117 -19.9225 7.4
      vertex -14.2538 -19.6187 3.59999
      vertex -13.8094 -19.9241 7.29533
    endloop
  endfacet
  facet normal -0.565778 -0.824558 -0.000105082
    outer loop
      vertex -13.8094 -19.9241 7.29533
      vertex -14.2538 -19.6187 3.59999
      vertex -13.8037 -19.928 7.20818
    endloop
  endfacet
  facet normal -0.344122 0.926715 -0.150931
    outer loop
      vertex -13.7913 -19.9365 7.08713
      vertex -13.7755 -19.9474 6.98418
      vertex -13.7887 -19.9383 7.07015
    endloop
  endfacet
  facet normal -0.564992 -0.825097 -0.000369815
    outer loop
      vertex -14.2538 -19.6187 3.59999
      vertex -13.6741 -20.017 6.60232
      vertex -13.7019 -19.998 6.68326
    endloop
  endfacet
  facet normal -0.564925 -0.825142 -0.000419286
    outer loop
      vertex -14.2538 -19.6187 3.59999
      vertex -13.6627 -20.0249 6.57111
      vertex -13.6687 -20.0208 6.58653
    endloop
  endfacet
  facet normal -0.565238 -0.824928 -0.000413316
    outer loop
      vertex -14.2538 -19.6187 3.59999
      vertex -13.5522 -20.1008 6.32514
      vertex -13.5902 -20.0748 6.4
    endloop
  endfacet
  facet normal -0.562721 -0.826645 -0.00172446
    outer loop
      vertex -14.2538 -19.6187 3.59999
      vertex -13.4342 -20.1819 6.12863
      vertex -13.4432 -20.1758 6.14136
    endloop
  endfacet
  facet normal -0.566917 -0.823775 0.000276666
    outer loop
      vertex -14.2538 -19.6187 3.59999
      vertex -13.3369 -20.2489 5.99782
      vertex -13.387 -20.2144 6.06174
    endloop
  endfacet
  facet normal -0.556606 -0.830775 -0.00178214
    outer loop
      vertex -13.8037 -19.928 7.20818
      vertex -14.2538 -19.6187 3.59999
      vertex -13.8026 -19.9287 7.19094
    endloop
  endfacet
  facet normal -0.575144 -0.81805 0.00164563
    outer loop
      vertex -14.2538 -19.6187 3.59999
      vertex -13.8008 -19.93 7.1738
      vertex -13.8026 -19.9287 7.19094
    endloop
  endfacet
  facet normal -0.565583 -0.824691 -0.000144747
    outer loop
      vertex -14.2538 -19.6187 3.59999
      vertex -13.7913 -19.9365 7.08713
      vertex -13.8008 -19.93 7.1738
    endloop
  endfacet
  facet normal -0.567146 -0.823617 0.000160456
    outer loop
      vertex -14.2538 -19.6187 3.59999
      vertex -13.7755 -19.9474 6.98418
      vertex -13.7913 -19.9365 7.08713
    endloop
  endfacet
  facet normal -0.565047 -0.825059 -0.000276286
    outer loop
      vertex -14.2538 -19.6187 3.59999
      vertex -13.7553 -19.9612 6.88236
      vertex -13.7755 -19.9474 6.98418
    endloop
  endfacet
  facet normal -0.568219 -0.822877 0.000433241
    outer loop
      vertex -14.2538 -19.6187 3.59999
      vertex -13.7348 -19.9754 6.79845
      vertex -13.7553 -19.9612 6.88236
    endloop
  endfacet
  facet normal -0.562265 -0.826956 -0.00098784
    outer loop
      vertex -14.2538 -19.6187 3.59999
      vertex -13.7308 -19.9781 6.78197
      vertex -13.7348 -19.9754 6.79845
    endloop
  endfacet
  facet normal -0.566854 -0.823818 0.000120717
    outer loop
      vertex -14.2538 -19.6187 3.59999
      vertex -13.7019 -19.998 6.68326
      vertex -13.7308 -19.9781 6.78197
    endloop
  endfacet
  facet normal -0.572198 -0.820114 0.00168251
    outer loop
      vertex -13.6741 -20.017 6.60232
      vertex -14.2538 -19.6187 3.59999
      vertex -13.6687 -20.0208 6.58653
    endloop
  endfacet
  facet normal -0.567067 -0.823672 0.000207972
    outer loop
      vertex -13.6627 -20.0249 6.57111
      vertex -14.2538 -19.6187 3.59999
      vertex -13.6315 -20.0464 6.49202
    endloop
  endfacet
  facet normal -0.566548 -0.824029 4.34154e-05
    outer loop
      vertex -14.2538 -19.6187 3.59999
      vertex -13.5902 -20.0748 6.4
      vertex -13.6315 -20.0464 6.49202
    endloop
  endfacet
  facet normal -0.565508 -0.824743 -0.000311367
    outer loop
      vertex -13.5522 -20.1008 6.32514
      vertex -14.2538 -19.6187 3.59999
      vertex -13.5449 -20.1058 6.31072
    endloop
  endfacet
  facet normal -0.56656 -0.824021 9.35746e-05
    outer loop
      vertex -14.2538 -19.6187 3.59999
      vertex -13.4959 -20.1395 6.22443
      vertex -13.5449 -20.1058 6.31072
    endloop
  endfacet
  facet normal -0.572136 -0.820155 0.00247125
    outer loop
      vertex -14.2538 -19.6187 3.59999
      vertex -13.4875 -20.1454 6.21109
      vertex -13.4959 -20.1395 6.22443
    endloop
  endfacet
  facet normal -0.566012 -0.824397 -0.00018179
    outer loop
      vertex -14.2538 -19.6187 3.59999
      vertex -13.4432 -20.1758 6.14136
      vertex -13.4875 -20.1454 6.21109
    endloop
  endfacet
  facet normal -0.566876 -0.823803 0.000255217
    outer loop
      vertex -13.4342 -20.1819 6.12863
      vertex -14.2538 -19.6187 3.59999
      vertex -13.387 -20.2144 6.06174
    endloop
  endfacet
  facet normal -0.56125 -0.827641 -0.00290669
    outer loop
      vertex -13.3369 -20.2489 5.99782
      vertex -14.2538 -19.6187 3.59999
      vertex -13.3274 -20.2553 5.98579
    endloop
  endfacet
  facet normal -0.566627 -0.823974 0.000159771
    outer loop
      vertex -14.2538 -19.6187 3.59999
      vertex -13.2646 -20.2985 5.91371
      vertex -13.3274 -20.2553 5.98579
    endloop
  endfacet
  facet normal -0.566778 -0.82387 0.000255068
    outer loop
      vertex -14.2538 -19.6187 3.59999
      vertex -13.2075 -20.3378 5.85468
      vertex -13.2646 -20.2985 5.91371
    endloop
  endfacet
  facet normal -0.566405 -0.824127 -0
    outer loop
      vertex -13.2075 -20.3378 5.85468
      vertex -14.2538 -19.6187 3.59999
      vertex -13.2075 -20.3378 3.59999
    endloop
  endfacet
  facet normal -0.705048 -0.0554832 0.706985
    outer loop
      vertex -20.7216 -1.08597 16.1
      vertex -24.2168 -1.26915 12.6
      vertex -24.1172 -2.53481 12.6
    endloop
  endfacet
  facet normal -0.56107 0.430551 0.706984
    outer loop
      vertex -18.8458 15.261 12.6
      vertex -19.6187 14.2538 12.6
      vertex -16.1258 13.0584 16.1
    endloop
  endfacet
  facet normal -0.5378 -0.459288 0.706984
    outer loop
      vertex -16.1258 -13.0584 16.1
      vertex -18.8458 -15.261 12.6
      vertex -15.4203 -13.8845 16.1
    endloop
  endfacet
  facet normal -0.621519 -0.337471 0.706985
    outer loop
      vertex -18.4884 -9.4203 16.1
      vertex -21.6069 -11.0093 12.6
      vertex -21.0011 -12.125 12.6
    endloop
  endfacet
  facet normal -0.701165 -0.0923575 0.706992
    outer loop
      vertex -20.6363 -2.16897 16.1
      vertex -24.1172 -2.53481 12.6
      vertex -23.9514 -3.79354 12.6
    endloop
  endfacet
  facet normal 0.902581 -0.430521 0
    outer loop
      vertex 21.6069 -11.0093 12.6
      vertex 22.1535 -9.86336 3.59999
      vertex 22.1535 -9.86336 12.6
    endloop
  endfacet
  facet normal 0.902581 -0.430521 0
    outer loop
      vertex 22.1535 -9.86336 3.59999
      vertex 21.6069 -11.0093 12.6
      vertex 21.6069 -11.0093 3.59999
    endloop
  endfacet
  facet normal -0.85266 -0.522466 0
    outer loop
      vertex -20.3378 -13.2075 3.59999
      vertex -21.0011 -12.125 12.6
      vertex -21.0011 -12.125 3.59999
    endloop
  endfacet
  facet normal -0.85266 -0.522466 0
    outer loop
      vertex -21.0011 -12.125 12.6
      vertex -20.3378 -13.2075 3.59999
      vertex -20.3378 -13.2075 12.6
    endloop
  endfacet
  facet normal 0.270622 0.653404 0.706984
    outer loop
      vertex 8.69042 22.6393 12.6
      vertex 8.43979 18.9561 16.1
      vertex 9.86336 22.1535 12.6
    endloop
  endfacet
  facet normal -0.0554832 -0.705048 0.706985
    outer loop
      vertex -1.08597 -20.7216 16.1
      vertex -2.53481 -24.1172 12.6
      vertex -1.26915 -24.2168 12.6
    endloop
  endfacet
  facet normal -0.1651 0.687691 0.706982
    outer loop
      vertex -4.31417 20.2966 16.1
      vertex -6.27636 23.4237 12.6
      vertex -5.37049 20.043 16.1
    endloop
  endfacet
  facet normal -0.678097 0.200901 0.706981
    outer loop
      vertex -19.7344 6.4121 16.1
      vertex -23.4237 6.27636 12.6
      vertex -20.043 5.37049 16.1
    endloop
  endfacet
  facet normal -0.382651 -0.923893 0
    outer loop
      vertex -9.86336 -22.1535 3.59999
      vertex -8.69042 -22.6393 12.6
      vertex -9.86336 -22.1535 12.6
    endloop
  endfacet
  facet normal -0.382651 -0.923893 -0
    outer loop
      vertex -8.69042 -22.6393 12.6
      vertex -9.86336 -22.1535 3.59999
      vertex -8.69042 -22.6393 3.59999
    endloop
  endfacet
  facet normal 0.638332 0.304477 0.706984
    outer loop
      vertex 21.6069 11.0093 12.6
      vertex 18.9561 8.43979 16.1
      vertex 22.1535 9.86336 12.6
    endloop
  endfacet
  facet normal 0.0555306 -0.705037 0.706993
    outer loop
      vertex 2.16897 -20.6363 16.1
      vertex 1.08597 -20.7216 16.1
      vertex 2.53481 -24.1172 12.6
    endloop
  endfacet
  facet normal -0.459301 -0.537792 0.706981
    outer loop
      vertex -13.8845 -15.4203 16.1
      vertex -16.2264 -18.0213 12.6
      vertex -15.261 -18.8458 12.6
    endloop
  endfacet
  facet normal 0.1651 0.687691 0.706982
    outer loop
      vertex 6.27636 23.4237 12.6
      vertex 4.31417 20.2966 16.1
      vertex 5.37049 20.043 16.1
    endloop
  endfacet
  facet normal 0.793335 -0.608785 0
    outer loop
      vertex 18.8458 -15.261 12.6
      vertex 19.6187 -14.2538 3.59999
      vertex 19.6187 -14.2538 12.6
    endloop
  endfacet
  facet normal 0.793335 -0.608785 0
    outer loop
      vertex 19.6187 -14.2538 3.59999
      vertex 18.8458 -15.261 12.6
      vertex 18.8458 -15.261 3.59999
    endloop
  endfacet
  facet normal 0.678101 -0.200873 0.706986
    outer loop
      vertex 23.4237 -6.27636 12.6
      vertex 19.7344 -6.4121 16.1
      vertex 23.0631 -7.49366 12.6
    endloop
  endfacet
  facet normal -0.638332 0.304477 0.706984
    outer loop
      vertex -21.6069 11.0093 12.6
      vertex -22.1535 9.86336 12.6
      vertex -18.9561 8.43979 16.1
    endloop
  endfacet
  facet normal 0.477174 0.878809 -0
    outer loop
      vertex 12.125 21.0011 3.59999
      vertex 11.0093 21.6069 12.6
      vertex 12.125 21.0011 12.6
    endloop
  endfacet
  facet normal 0.477174 0.878809 0
    outer loop
      vertex 11.0093 21.6069 12.6
      vertex 12.125 21.0011 3.59999
      vertex 11.0093 21.6069 3.59999
    endloop
  endfacet
  facet normal -0.128837 -0.695394 0.706985
    outer loop
      vertex -3.24601 -20.4945 16.1
      vertex -4.31417 -20.2966 16.1
      vertex -3.79354 -23.9514 12.6
    endloop
  endfacet
  facet normal -0.0184889 -0.706986 0.706986
    outer loop
      vertex 0 -20.75 16.1
      vertex -1.08597 -20.7216 16.1
      vertex 0 -24.25 12.6
    endloop
  endfacet
  facet normal 0.33381 0.94264 -0
    outer loop
      vertex 8.69042 22.6393 3.59999
      vertex 7.49366 23.0631 12.6
      vertex 8.69042 22.6393 12.6
    endloop
  endfacet
  facet normal 0.33381 0.94264 0
    outer loop
      vertex 7.49366 23.0631 12.6
      vertex 8.69042 22.6393 3.59999
      vertex 7.49366 23.0631 3.59999
    endloop
  endfacet
  facet normal 0.991436 -0.130592 0
    outer loop
      vertex 23.9514 -3.79354 12.6
      vertex 24.1172 -2.53481 3.59999
      vertex 24.1172 -2.53481 12.6
    endloop
  endfacet
  facet normal 0.991436 -0.130592 0
    outer loop
      vertex 24.1172 -2.53481 3.59999
      vertex 23.9514 -3.79354 12.6
      vertex 23.9514 -3.79354 3.59999
    endloop
  endfacet
  facet normal 0.666671 0.236062 0.706982
    outer loop
      vertex 22.6393 8.69042 12.6
      vertex 19.3718 7.43613 16.1
      vertex 19.7344 6.4121 16.1
    endloop
  endfacet
  facet normal 0.649435 -0.760417 0
    outer loop
      vertex 15.261 -18.8458 3.59999
      vertex 16.2264 -18.0213 12.6
      vertex 15.261 -18.8458 12.6
    endloop
  endfacet
  facet normal 0.649435 -0.760417 0
    outer loop
      vertex 16.2264 -18.0213 12.6
      vertex 15.261 -18.8458 3.59999
      vertex 16.2264 -18.0213 3.59999
    endloop
  endfacet
  facet normal -0.999658 -0.0261503 0
    outer loop
      vertex -24.2168 -1.26915 3.59999
      vertex -24.25 0 12.6
      vertex -24.25 0 3.59999
    endloop
  endfacet
  facet normal -0.999658 -0.0261503 0
    outer loop
      vertex -24.25 0 12.6
      vertex -24.2168 -1.26915 3.59999
      vertex -24.2168 -1.26915 12.6
    endloop
  endfacet
  facet normal 0.430521 0.902581 -0
    outer loop
      vertex 11.0093 21.6069 3.59999
      vertex 9.86336 22.1535 12.6
      vertex 11.0093 21.6069 12.6
    endloop
  endfacet
  facet normal 0.430521 0.902581 0
    outer loop
      vertex 9.86336 22.1535 12.6
      vertex 11.0093 21.6069 3.59999
      vertex 9.86336 22.1535 3.59999
    endloop
  endfacet
  facet normal -0.430551 -0.56107 0.706984
    outer loop
      vertex -13.0584 -16.1258 16.1
      vertex -15.261 -18.8458 12.6
      vertex -14.2538 -19.6187 12.6
    endloop
  endfacet
  facet normal 0.400574 0.58284 0.706992
    outer loop
      vertex 13.2075 20.3378 12.6
      vertex 12.1965 16.7871 16.1
      vertex 14.2538 19.6187 12.6
    endloop
  endfacet
  facet normal -0.582829 -0.400598 0.706988
    outer loop
      vertex -17.4024 -11.3013 16.1
      vertex -20.3378 -13.2075 12.6
      vertex -16.7871 -12.1965 16.1
    endloop
  endfacet
  facet normal -0.430505 0.561095 0.706992
    outer loop
      vertex -12.1965 16.7871 16.1
      vertex -14.2538 19.6187 12.6
      vertex -13.0584 16.1258 16.1
    endloop
  endfacet
  facet normal 0.621512 -0.33748 0.706987
    outer loop
      vertex 18.4884 -9.4203 16.1
      vertex 17.97 -10.375 16.1
      vertex 21.0011 -12.125 12.6
    endloop
  endfacet
  facet normal -0.369502 -0.603024 0.706987
    outer loop
      vertex -10.375 -17.97 16.1
      vertex -13.2075 -20.3378 12.6
      vertex -12.125 -21.0011 12.6
    endloop
  endfacet
  facet normal -0.687686 0.165112 0.706984
    outer loop
      vertex -23.4237 6.27636 12.6
      vertex -23.7201 5.04186 12.6
      vertex -20.2966 4.31417 16.1
    endloop
  endfacet
  facet normal -0.688395 0.725336 0
    outer loop
      vertex -16.2264 18.0213 3.59999
      vertex -17.1473 17.1473 12.6
      vertex -16.2264 18.0213 12.6
    endloop
  endfacet
  facet normal -0.688395 0.725336 0
    outer loop
      vertex -17.1473 17.1473 12.6
      vertex -16.2264 18.0213 3.59999
      vertex -17.1473 17.1473 3.59999
    endloop
  endfacet
  facet normal -0.128837 0.695394 0.706985
    outer loop
      vertex -3.79354 23.9514 12.6
      vertex -4.31417 20.2966 16.1
      vertex -3.24601 20.4945 16.1
    endloop
  endfacet
  facet normal 0.304477 0.638332 0.706984
    outer loop
      vertex 9.86336 22.1535 12.6
      vertex 8.43979 18.9561 16.1
      vertex 11.0093 21.6069 12.6
    endloop
  endfacet
  facet normal 0.687686 0.165112 0.706984
    outer loop
      vertex 23.4237 6.27636 12.6
      vertex 20.2966 4.31417 16.1
      vertex 23.7201 5.04186 12.6
    endloop
  endfacet
  facet normal -0.695394 -0.128837 0.706985
    outer loop
      vertex -20.4945 -3.24601 16.1
      vertex -23.9514 -3.79354 12.6
      vertex -20.2966 -4.31417 16.1
    endloop
  endfacet
  facet normal 0.486832 -0.513003 0.706981
    outer loop
      vertex 14.6725 -14.6725 16.1
      vertex 13.8845 -15.4203 16.1
      vertex 16.2264 -18.0213 12.6
    endloop
  endfacet
  facet normal 0.477174 -0.878809 0
    outer loop
      vertex 11.0093 -21.6069 3.59999
      vertex 12.125 -21.0011 12.6
      vertex 11.0093 -21.6069 12.6
    endloop
  endfacet
  facet normal 0.477174 -0.878809 0
    outer loop
      vertex 12.125 -21.0011 12.6
      vertex 11.0093 -21.6069 3.59999
      vertex 12.125 -21.0011 3.59999
    endloop
  endfacet
  facet normal 0.5378 0.459288 0.706984
    outer loop
      vertex 18.8458 15.261 12.6
      vertex 15.4203 13.8845 16.1
      vertex 16.1258 13.0584 16.1
    endloop
  endfacet
  facet normal 0.695394 0.128849 0.706983
    outer loop
      vertex 23.7201 5.04186 12.6
      vertex 20.2966 4.31417 16.1
      vertex 23.9514 3.79354 12.6
    endloop
  endfacet
  facet normal 0.999658 -0.0261503 0
    outer loop
      vertex 24.2168 -1.26915 12.6
      vertex 24.25 0 3.59999
      vertex 24.25 0 12.6
    endloop
  endfacet
  facet normal 0.999658 -0.0261503 0
    outer loop
      vertex 24.25 0 3.59999
      vertex 24.2168 -1.26915 12.6
      vertex 24.2168 -1.26915 3.59999
    endloop
  endfacet
  facet normal -0.701165 0.0923575 0.706992
    outer loop
      vertex -23.9514 3.79354 12.6
      vertex -24.1172 2.53481 12.6
      vertex -20.6363 2.16897 16.1
    endloop
  endfacet
  facet normal -0.996918 0.0784516 0
    outer loop
      vertex -24.2168 1.26915 3.59999
      vertex -24.1172 2.53481 12.6
      vertex -24.1172 2.53481 3.59999
    endloop
  endfacet
  facet normal -0.996918 0.0784516 0
    outer loop
      vertex -24.1172 2.53481 12.6
      vertex -24.2168 1.26915 3.59999
      vertex -24.2168 1.26915 12.6
    endloop
  endfacet
  facet normal 0.666661 -0.23608 0.706986
    outer loop
      vertex 23.0631 -7.49366 12.6
      vertex 19.7344 -6.4121 16.1
      vertex 22.6393 -8.69042 12.6
    endloop
  endfacet
  facet normal 0.459301 0.537792 0.706981
    outer loop
      vertex 15.261 18.8458 12.6
      vertex 13.8845 15.4203 16.1
      vertex 16.2264 18.0213 12.6
    endloop
  endfacet
  facet normal -0.958832 -0.283975 0
    outer loop
      vertex -23.4237 -6.27636 3.59999
      vertex -23.3914 -6.38542 7.4
      vertex -23.4237 -6.27636 12.6
    endloop
  endfacet
  facet normal -0.956112 -0.293 -0.000282158
    outer loop
      vertex -23.4237 -6.27636 3.59999
      vertex -23.3907 -6.38762 7.31254
      vertex -23.3914 -6.38542 7.4
    endloop
  endfacet
  facet normal -0.966038 -0.2584 0.000843004
    outer loop
      vertex -23.4237 -6.27636 3.59999
      vertex -23.3906 -6.38805 7.29533
      vertex -23.3907 -6.38762 7.31254
    endloop
  endfacet
  facet normal -0.959683 -0.281084 0.000100446
    outer loop
      vertex -23.4237 -6.27636 3.59999
      vertex -23.3883 -6.39594 7.19094
      vertex -23.3906 -6.38805 7.29533
    endloop
  endfacet
  facet normal -0.958661 -0.284552 -2.51081e-05
    outer loop
      vertex -23.4237 -6.27636 3.59999
      vertex -23.3844 -6.40907 7.08713
      vertex -23.3883 -6.39594 7.19094
    endloop
  endfacet
  facet normal -0.959355 -0.282201 7.22135e-05
    outer loop
      vertex -23.4237 -6.27636 3.59999
      vertex -23.3799 -6.42439 7.00107
      vertex -23.3844 -6.40907 7.08713
    endloop
  endfacet
  facet normal -0.958249 -0.285933 -0.000104495
    outer loop
      vertex -23.4237 -6.27636 3.59999
      vertex -23.379 -6.4274 6.98418
      vertex -23.3799 -6.42439 7.00107
    endloop
  endfacet
  facet normal -0.955391 -0.295345 -0.000562305
    outer loop
      vertex -23.4237 -6.27636 3.59999
      vertex -23.3778 -6.43125 6.96748
      vertex -23.379 -6.4274 6.98418
    endloop
  endfacet
  facet normal -0.958977 -0.283484 3.21118e-05
    outer loop
      vertex -23.4237 -6.27636 3.59999
      vertex -23.372 -6.45088 6.88236
      vertex -23.3778 -6.43125 6.96748
    endloop
  endfacet
  facet normal -0.958532 -0.284985 -5.4697e-05
    outer loop
      vertex -23.4237 -6.27636 3.59999
      vertex -23.3635 -6.47945 6.78197
      vertex -23.372 -6.45088 6.88236
    endloop
  endfacet
  facet normal -0.959098 -0.283073 7.80411e-05
    outer loop
      vertex -23.4237 -6.27636 3.59999
      vertex -23.3536 -6.51302 6.68326
      vertex -23.3635 -6.47945 6.78197
    endloop
  endfacet
  facet normal -0.959119 -0.283005 8.37819e-05
    outer loop
      vertex -23.4237 -6.27636 3.59999
      vertex -23.3441 -6.54524 6.60228
      vertex -23.3536 -6.51302 6.68326
    endloop
  endfacet
  facet normal -0.957468 -0.288538 -0.000455486
    outer loop
      vertex -23.4237 -6.27636 3.59999
      vertex -23.3422 -6.55152 6.58653
      vertex -23.3441 -6.54524 6.60228
    endloop
  endfacet
  facet normal -0.958367 -0.285539 -0.000154644
    outer loop
      vertex -23.4237 -6.27636 3.59999
      vertex -23.3401 -6.55856 6.57114
      vertex -23.3422 -6.55152 6.58653
    endloop
  endfacet
  facet normal -0.959061 -0.2832 8.69825e-05
    outer loop
      vertex -23.4237 -6.27636 3.59999
      vertex -23.3294 -6.59482 6.49202
      vertex -23.3401 -6.55856 6.57114
    endloop
  endfacet
  facet normal -0.958893 -0.283768 1.89676e-05
    outer loop
      vertex -23.4237 -6.27636 3.59999
      vertex -23.3152 -6.64281 6.4
      vertex -23.3294 -6.59482 6.49202
    endloop
  endfacet
  facet normal -0.9587 -0.28442 -7.3867e-05
    outer loop
      vertex -23.4237 -6.27636 3.59999
      vertex -23.2996 -6.69537 6.31072
      vertex -23.3152 -6.64281 6.4
    endloop
  endfacet
  facet normal -0.95864 -0.284621 -0.00010768
    outer loop
      vertex -23.4237 -6.27636 3.59999
      vertex -23.2854 -6.74317 6.23832
      vertex -23.2996 -6.69537 6.31072
    endloop
  endfacet
  facet normal -0.959182 -0.28279 0.00024463
    outer loop
      vertex -23.4237 -6.27636 3.59999
      vertex -23.2827 -6.75234 6.22443
      vertex -23.2854 -6.74317 6.23832
    endloop
  endfacet
  facet normal -0.958946 -0.283589 8.71237e-05
    outer loop
      vertex -23.4237 -6.27636 3.59999
      vertex -23.2646 -6.81357 6.14136
      vertex -23.2827 -6.75234 6.22443
    endloop
  endfacet
  facet normal -0.958791 -0.284113 -3.34053e-05
    outer loop
      vertex -23.4237 -6.27636 3.59999
      vertex -23.2615 -6.82403 6.1286
      vertex -23.2646 -6.81357 6.14136
    endloop
  endfacet
  facet normal -0.958635 -0.284638 -0.000157073
    outer loop
      vertex -23.4237 -6.27636 3.59999
      vertex -23.2452 -6.87889 6.06174
      vertex -23.2615 -6.82403 6.1286
    endloop
  endfacet
  facet normal -0.958979 -0.283479 0.000151669
    outer loop
      vertex -23.4237 -6.27636 3.59999
      vertex -23.228 -6.93711 5.99787
      vertex -23.2452 -6.87889 6.06174
    endloop
  endfacet
  facet normal -0.958169 -0.286201 -0.000664493
    outer loop
      vertex -23.4237 -6.27636 3.59999
      vertex -23.2247 -6.94813 5.98579
      vertex -23.228 -6.93711 5.99787
    endloop
  endfacet
  facet normal -0.958852 -0.283908 3.79594e-05
    outer loop
      vertex -23.4237 -6.27636 3.59999
      vertex -23.2031 -7.02109 5.91371
      vertex -23.2247 -6.94813 5.98579
    endloop
  endfacet
  facet normal -0.958554 -0.284911 -0.00031326
    outer loop
      vertex -23.4237 -6.27636 3.59999
      vertex -23.1995 -7.03319 5.90295
      vertex -23.2031 -7.02109 5.91371
    endloop
  endfacet
  facet normal -0.958725 -0.284335 -0.000107374
    outer loop
      vertex -23.4237 -6.27636 3.59999
      vertex -23.1804 -7.09757 5.84571
      vertex -23.1995 -7.03319 5.90295
    endloop
  endfacet
  facet normal -0.958912 -0.283703 0.000144049
    outer loop
      vertex -23.4237 -6.27636 3.59999
      vertex -23.1568 -7.17737 5.78197
      vertex -23.1804 -7.09757 5.84571
    endloop
  endfacet
  facet normal -0.959558 -0.28151 0.00112861
    outer loop
      vertex -23.4237 -6.27636 3.59999
      vertex -23.153 -7.19036 5.77267
      vertex -23.1568 -7.17737 5.78197
    endloop
  endfacet
  facet normal -0.958846 -0.283926 2.34712e-05
    outer loop
      vertex -23.4237 -6.27636 3.59999
      vertex -23.1323 -7.26027 5.72266
      vertex -23.153 -7.19036 5.77267
    endloop
  endfacet
  facet normal -0.958705 -0.284403 -0.000216775
    outer loop
      vertex -23.4237 -6.27636 3.59999
      vertex -23.1108 -7.33271 5.67645
      vertex -23.1323 -7.26027 5.72266
    endloop
  endfacet
  facet normal -0.959491 -0.281735 0.00125871
    outer loop
      vertex -23.4237 -6.27636 3.59999
      vertex -23.1069 -7.34603 5.66795
      vertex -23.1108 -7.33271 5.67645
    endloop
  endfacet
  facet normal -0.958203 -0.286088 -0.00119019
    outer loop
      vertex -23.4237 -6.27636 3.59999
      vertex -23.1028 -7.35973 5.6602
      vertex -23.1069 -7.34603 5.66795
    endloop
  endfacet
  facet normal -0.958885 -0.283794 0.00012271
    outer loop
      vertex -23.4237 -6.27636 3.59999
      vertex -23.0807 -7.43442 5.61799
      vertex -23.1028 -7.35973 5.6602
    endloop
  endfacet
  facet normal -0.958816 -0.284029 -2.44088e-05
    outer loop
      vertex -23.0631 -7.49366 3.59999
      vertex -23.0807 -7.43442 5.61799
      vertex -23.4237 -6.27636 3.59999
    endloop
  endfacet
  facet normal -0.958589 -0.284793 0
    outer loop
      vertex -23.0807 -7.43442 5.61799
      vertex -23.0631 -7.49366 3.59999
      vertex -23.0631 -7.49366 5.58857
    endloop
  endfacet
  facet normal -0.95565 -0.294505 0.000240616
    outer loop
      vertex -23.3907 -6.38762 7.48746
      vertex -23.4237 -6.27636 12.6
      vertex -23.3914 -6.38542 7.4
    endloop
  endfacet
  facet normal -0.967261 -0.253783 -0.000720535
    outer loop
      vertex -23.3906 -6.38805 7.50467
      vertex -23.4237 -6.27636 12.6
      vertex -23.3907 -6.38762 7.48746
    endloop
  endfacet
  facet normal -0.959759 -0.280824 -7.90585e-05
    outer loop
      vertex -23.3883 -6.39594 7.60906
      vertex -23.4237 -6.27636 12.6
      vertex -23.3906 -6.38805 7.50467
    endloop
  endfacet
  facet normal -0.958648 -0.284595 1.91866e-05
    outer loop
      vertex -23.3844 -6.40907 7.71287
      vertex -23.4237 -6.27636 12.6
      vertex -23.3883 -6.39594 7.60906
    endloop
  endfacet
  facet normal -0.959383 -0.282108 -5.42664e-05
    outer loop
      vertex -23.3799 -6.42439 7.79893
      vertex -23.4237 -6.27636 12.6
      vertex -23.3844 -6.40907 7.71287
    endloop
  endfacet
  facet normal -0.95821 -0.286067 7.85156e-05
    outer loop
      vertex -23.379 -6.4274 7.81582
      vertex -23.4237 -6.27636 12.6
      vertex -23.3799 -6.42439 7.79893
    endloop
  endfacet
  facet normal -0.955213 -0.295918 0.0004175
    outer loop
      vertex -23.3778 -6.43125 7.83252
      vertex -23.4237 -6.27636 12.6
      vertex -23.379 -6.4274 7.81582
    endloop
  endfacet
  facet normal -0.958987 -0.283451 -2.38467e-05
    outer loop
      vertex -23.372 -6.45088 7.91764
      vertex -23.4237 -6.27636 12.6
      vertex -23.3778 -6.43125 7.83252
    endloop
  endfacet
  facet normal -0.958518 -0.285032 4.02363e-05
    outer loop
      vertex -23.3635 -6.47945 8.01803
      vertex -23.4237 -6.27636 12.6
      vertex -23.372 -6.45088 7.91764
    endloop
  endfacet
  facet normal -0.959115 -0.283016 -5.69466e-05
    outer loop
      vertex -23.3536 -6.51302 8.11674
      vertex -23.4237 -6.27636 12.6
      vertex -23.3635 -6.47945 8.01803
    endloop
  endfacet
  facet normal -0.959134 -0.282951 -6.06856e-05
    outer loop
      vertex -23.3441 -6.54524 8.19771
      vertex -23.4237 -6.27636 12.6
      vertex -23.3536 -6.51302 8.11674
    endloop
  endfacet
  facet normal -0.957382 -0.288826 0.000329818
    outer loop
      vertex -23.3422 -6.55152 8.21347
      vertex -23.4237 -6.27636 12.6
      vertex -23.3441 -6.54524 8.19771
    endloop
  endfacet
  facet normal -0.958341 -0.285626 0.000111237
    outer loop
      vertex -23.3401 -6.55856 8.22886
      vertex -23.4237 -6.27636 12.6
      vertex -23.3422 -6.55152 8.21347
    endloop
  endfacet
  facet normal -0.959075 -0.283151 -6.25646e-05
    outer loop
      vertex -23.3294 -6.59482 8.30798
      vertex -23.4237 -6.27636 12.6
      vertex -23.3401 -6.55856 8.22886
    endloop
  endfacet
  facet normal -0.958896 -0.283758 -1.35513e-05
    outer loop
      vertex -23.3152 -6.64281 8.4
      vertex -23.4237 -6.27636 12.6
      vertex -23.3294 -6.59482 8.30798
    endloop
  endfacet
  facet normal -0.95869 -0.284454 5.24224e-05
    outer loop
      vertex -23.2996 -6.69537 8.48928
      vertex -23.4237 -6.27636 12.6
      vertex -23.3152 -6.64281 8.4
    endloop
  endfacet
  facet normal -0.958627 -0.284665 7.59113e-05
    outer loop
      vertex -23.2854 -6.74317 8.56168
      vertex -23.4237 -6.27636 12.6
      vertex -23.2996 -6.69537 8.48928
    endloop
  endfacet
  facet normal -0.959211 -0.28269 -0.000172465
    outer loop
      vertex -23.2827 -6.75234 8.57557
      vertex -23.4237 -6.27636 12.6
      vertex -23.2854 -6.74317 8.56168
    endloop
  endfacet
  facet normal -0.958956 -0.283556 -6.10071e-05
    outer loop
      vertex -23.2646 -6.81357 8.65864
      vertex -23.4237 -6.27636 12.6
      vertex -23.2827 -6.75234 8.57557
    endloop
  endfacet
  facet normal -0.958787 -0.284125 2.32312e-05
    outer loop
      vertex -23.2615 -6.82403 8.6714
      vertex -23.4237 -6.27636 12.6
      vertex -23.2646 -6.81357 8.65864
    endloop
  endfacet
  facet normal -0.958619 -0.284692 0.000109226
    outer loop
      vertex -23.2452 -6.87889 8.73826
      vertex -23.4237 -6.27636 12.6
      vertex -23.2615 -6.82403 8.6714
    endloop
  endfacet
  facet normal -0.958993 -0.283431 -0.000104722
    outer loop
      vertex -23.228 -6.93711 8.80213
      vertex -23.4237 -6.27636 12.6
      vertex -23.2452 -6.87889 8.73826
    endloop
  endfacet
  facet normal -0.958108 -0.286408 0.000458748
    outer loop
      vertex -23.2247 -6.94813 8.81421
      vertex -23.4237 -6.27636 12.6
      vertex -23.228 -6.93711 8.80213
    endloop
  endfacet
  facet normal -0.958855 -0.283897 -2.60159e-05
    outer loop
      vertex -23.2031 -7.02109 8.88629
      vertex -23.4237 -6.27636 12.6
      vertex -23.2247 -6.94813 8.81421
    endloop
  endfacet
  facet normal -0.95853 -0.284993 0.000213034
    outer loop
      vertex -23.1995 -7.03319 8.89705
      vertex -23.4237 -6.27636 12.6
      vertex -23.2031 -7.02109 8.88629
    endloop
  endfacet
  facet normal -0.958717 -0.284363 7.30208e-05
    outer loop
      vertex -23.1804 -7.09757 8.95429
      vertex -23.4237 -6.27636 12.6
      vertex -23.1995 -7.03319 8.89705
    endloop
  endfacet
  facet normal -0.958922 -0.283669 -9.71684e-05
    outer loop
      vertex -23.1568 -7.17737 9.01803
      vertex -23.4237 -6.27636 12.6
      vertex -23.1804 -7.09757 8.95429
    endloop
  endfacet
  facet normal -0.95963 -0.281264 -0.00075487
    outer loop
      vertex -23.153 -7.19036 9.02733
      vertex -23.4237 -6.27636 12.6
      vertex -23.1568 -7.17737 9.01803
    endloop
  endfacet
  facet normal -0.958848 -0.283921 -1.56966e-05
    outer loop
      vertex -23.1323 -7.26027 9.07734
      vertex -23.4237 -6.27636 12.6
      vertex -23.153 -7.19036 9.02733
    endloop
  endfacet
  facet normal -0.958692 -0.284446 0.00014365
    outer loop
      vertex -23.1108 -7.33271 9.12355
      vertex -23.4237 -6.27636 12.6
      vertex -23.1323 -7.26027 9.07734
    endloop
  endfacet
  facet normal -0.959565 -0.281486 -0.000834211
    outer loop
      vertex -23.1069 -7.34603 9.13205
      vertex -23.4237 -6.27636 12.6
      vertex -23.1108 -7.33271 9.12355
    endloop
  endfacet
  facet normal -0.95814 -0.286301 0.000781043
    outer loop
      vertex -23.1028 -7.35973 9.1398
      vertex -23.4237 -6.27636 12.6
      vertex -23.1069 -7.34603 9.13205
    endloop
  endfacet
  facet normal -0.958892 -0.283772 -8.05268e-05
    outer loop
      vertex -23.0807 -7.43442 9.18201
      vertex -23.4237 -6.27636 12.6
      vertex -23.1028 -7.35973 9.1398
    endloop
  endfacet
  facet normal -0.958623 -0.284678 0.000253426
    outer loop
      vertex -23.0631 -7.49366 9.21143
      vertex -23.4237 -6.27636 12.6
      vertex -23.0807 -7.43442 9.18201
    endloop
  endfacet
  facet normal -0.958816 -0.284029 0
    outer loop
      vertex -23.4237 -6.27636 12.6
      vertex -23.0631 -7.49366 9.21143
      vertex -23.0631 -7.49366 12.6
    endloop
  endfacet
  facet normal -0.537792 -0.459301 0.706981
    outer loop
      vertex -15.4203 -13.8845 16.1
      vertex -18.8458 -15.261 12.6
      vertex -18.0213 -16.2264 12.6
    endloop
  endfacet
  facet normal -0.5378 0.459288 0.706984
    outer loop
      vertex -15.4203 13.8845 16.1
      vertex -18.8458 15.261 12.6
      vertex -16.1258 13.0584 16.1
    endloop
  endfacet
  facet normal 0.666661 0.23608 0.706986
    outer loop
      vertex 22.6393 8.69042 12.6
      vertex 19.7344 6.4121 16.1
      vertex 23.0631 7.49366 12.6
    endloop
  endfacet
  facet normal 0.486859 -0.512985 0.706976
    outer loop
      vertex 17.1473 -17.1473 12.6
      vertex 14.6725 -14.6725 16.1
      vertex 16.2264 -18.0213 12.6
    endloop
  endfacet
  facet normal 0.512985 0.486859 0.706976
    outer loop
      vertex 17.1473 17.1473 12.6
      vertex 14.6725 14.6725 16.1
      vertex 18.0213 16.2264 12.6
    endloop
  endfacet
  facet normal -0.701178 0.0923151 0.706985
    outer loop
      vertex -20.4945 3.24601 16.1
      vertex -23.9514 3.79354 12.6
      vertex -20.6363 2.16897 16.1
    endloop
  endfacet
  facet normal 0.200901 -0.678097 0.706981
    outer loop
      vertex 6.4121 -19.7344 16.1
      vertex 5.37049 -20.043 16.1
      vertex 6.27636 -23.4237 12.6
    endloop
  endfacet
  facet normal 0.60302 -0.369507 0.706988
    outer loop
      vertex 17.97 -10.375 16.1
      vertex 17.4024 -11.3013 16.1
      vertex 20.3378 -13.2075 12.6
    endloop
  endfacet
  facet normal -0.561095 -0.430505 0.706992
    outer loop
      vertex -16.7871 -12.1965 16.1
      vertex -19.6187 -14.2538 12.6
      vertex -16.1258 -13.0584 16.1
    endloop
  endfacet
  facet normal 0.270622 -0.653404 0.706984
    outer loop
      vertex 9.86336 -22.1535 12.6
      vertex 8.43979 -18.9561 16.1
      vertex 8.69042 -22.6393 12.6
    endloop
  endfacet
  facet normal -0.958816 0.284029 0
    outer loop
      vertex -23.4237 6.27636 3.59999
      vertex -23.0631 7.49366 12.6
      vertex -23.0631 7.49366 3.59999
    endloop
  endfacet
  facet normal -0.958816 0.284029 0
    outer loop
      vertex -23.0631 7.49366 12.6
      vertex -23.4237 6.27636 3.59999
      vertex -23.4237 6.27636 12.6
    endloop
  endfacet
  facet normal 0.165112 -0.687686 0.706984
    outer loop
      vertex 6.27636 -23.4237 12.6
      vertex 4.31417 -20.2966 16.1
      vertex 5.04186 -23.7201 12.6
    endloop
  endfacet
  facet normal -0.638329 -0.304481 0.706985
    outer loop
      vertex -18.9561 -8.43979 16.1
      vertex -21.6069 -11.0093 12.6
      vertex -18.4884 -9.4203 16.1
    endloop
  endfacet
  facet normal 0.678097 0.200901 0.706981
    outer loop
      vertex 23.4237 6.27636 12.6
      vertex 19.7344 6.4121 16.1
      vertex 20.043 5.37049 16.1
    endloop
  endfacet
  facet normal -0.561095 0.430505 0.706992
    outer loop
      vertex -16.1258 13.0584 16.1
      vertex -19.6187 14.2538 12.6
      vertex -16.7871 12.1965 16.1
    endloop
  endfacet
  facet normal -0.678101 -0.200873 0.706986
    outer loop
      vertex -19.7344 -6.4121 16.1
      vertex -23.4237 -6.27636 12.6
      vertex -23.0631 -7.49366 12.6
    endloop
  endfacet
  facet normal -0.537792 0.459301 0.706981
    outer loop
      vertex -18.0213 16.2264 12.6
      vertex -18.8458 15.261 12.6
      vertex -15.4203 13.8845 16.1
    endloop
  endfacet
  facet normal -0.603024 -0.369502 0.706987
    outer loop
      vertex -17.97 -10.375 16.1
      vertex -21.0011 -12.125 12.6
      vertex -20.3378 -13.2075 12.6
    endloop
  endfacet
  facet normal -0.512985 0.486859 0.706976
    outer loop
      vertex -17.1473 17.1473 12.6
      vertex -18.0213 16.2264 12.6
      vertex -14.6725 14.6725 16.1
    endloop
  endfacet
  facet normal 0.706986 -0.0184889 0.706986
    outer loop
      vertex 20.75 0 16.1
      vertex 20.7216 -1.08597 16.1
      vertex 24.25 0 12.6
    endloop
  endfacet
  facet normal -0.513003 -0.486832 0.706981
    outer loop
      vertex -15.4203 -13.8845 16.1
      vertex -18.0213 -16.2264 12.6
      vertex -14.6725 -14.6725 16.1
    endloop
  endfacet
  facet normal 0.653403 -0.270629 0.706983
    outer loop
      vertex 19.3718 -7.43613 16.1
      vertex 18.9561 -8.43979 16.1
      vertex 22.6393 -8.69042 12.6
    endloop
  endfacet
  facet normal -0.705048 0.0554832 0.706985
    outer loop
      vertex -24.1172 2.53481 12.6
      vertex -24.2168 1.26915 12.6
      vertex -20.7216 1.08597 16.1
    endloop
  endfacet
  facet normal 0.337471 -0.621519 0.706985
    outer loop
      vertex 12.125 -21.0011 12.6
      vertex 9.4203 -18.4884 16.1
      vertex 11.0093 -21.6069 12.6
    endloop
  endfacet
  facet normal -0.706987 -0.0184942 0.706985
    outer loop
      vertex -20.7216 -1.08597 16.1
      vertex -24.25 0 12.6
      vertex -24.2168 -1.26915 12.6
    endloop
  endfacet
  facet normal 0.653404 -0.270622 0.706984
    outer loop
      vertex 22.6393 -8.69042 12.6
      vertex 18.9561 -8.43979 16.1
      vertex 22.1535 -9.86336 12.6
    endloop
  endfacet
  facet normal 0.688395 -0.725336 0
    outer loop
      vertex 16.2264 -18.0213 3.59999
      vertex 17.1473 -17.1473 12.6
      vertex 16.2264 -18.0213 12.6
    endloop
  endfacet
  facet normal 0.688395 -0.725336 0
    outer loop
      vertex 17.1473 -17.1473 12.6
      vertex 16.2264 -18.0213 3.59999
      vertex 17.1473 -17.1473 3.59999
    endloop
  endfacet
  facet normal 0.678101 0.200873 0.706986
    outer loop
      vertex 23.0631 7.49366 12.6
      vertex 19.7344 6.4121 16.1
      vertex 23.4237 6.27636 12.6
    endloop
  endfacet
  facet normal -0.512985 -0.486859 0.706976
    outer loop
      vertex -14.6725 -14.6725 16.1
      vertex -18.0213 -16.2264 12.6
      vertex -17.1473 -17.1473 12.6
    endloop
  endfacet
  facet normal 0.200873 -0.678101 0.706986
    outer loop
      vertex 6.4121 -19.7344 16.1
      vertex 6.27636 -23.4237 12.6
      vertex 7.49366 -23.0631 12.6
    endloop
  endfacet
  facet normal -0.621512 -0.33748 0.706987
    outer loop
      vertex -18.4884 -9.4203 16.1
      vertex -21.0011 -12.125 12.6
      vertex -17.97 -10.375 16.1
    endloop
  endfacet
  facet normal 0.705048 0.0554832 0.706985
    outer loop
      vertex 24.1172 2.53481 12.6
      vertex 20.7216 1.08597 16.1
      vertex 24.2168 1.26915 12.6
    endloop
  endfacet
  facet normal 0.513003 0.486832 0.706981
    outer loop
      vertex 18.0213 16.2264 12.6
      vertex 14.6725 14.6725 16.1
      vertex 15.4203 13.8845 16.1
    endloop
  endfacet
  facet normal 0.33748 0.621512 0.706987
    outer loop
      vertex 12.125 21.0011 12.6
      vertex 9.4203 18.4884 16.1
      vertex 10.375 17.97 16.1
    endloop
  endfacet
  facet normal 0.983264 0.182188 0
    outer loop
      vertex 23.9514 3.79354 12.6
      vertex 23.7201 5.04186 3.59999
      vertex 23.7201 5.04186 12.6
    endloop
  endfacet
  facet normal 0.983264 0.182188 0
    outer loop
      vertex 23.7201 5.04186 3.59999
      vertex 23.9514 3.79354 12.6
      vertex 23.9514 3.79354 3.59999
    endloop
  endfacet
  facet normal 0.996918 -0.0784516 0
    outer loop
      vertex 24.1172 -2.53481 12.6
      vertex 24.2168 -1.26915 3.59999
      vertex 24.2168 -1.26915 12.6
    endloop
  endfacet
  facet normal 0.996918 -0.0784516 0
    outer loop
      vertex 24.2168 -1.26915 3.59999
      vertex 24.1172 -2.53481 12.6
      vertex 24.1172 -2.53481 3.59999
    endloop
  endfacet
  facet normal 0.182189 -0.983264 0
    outer loop
      vertex 4.5 -23.8205 11.15
      vertex 3.79354 -23.9514 12.6
      vertex 3.79354 -23.9514 11.15
    endloop
  endfacet
  facet normal 0.182188 -0.983264 -4.83466e-07
    outer loop
      vertex 3.79354 -23.9514 12.6
      vertex 4.5 -23.8205 11.15
      vertex 5.04186 -23.7201 12.6
    endloop
  endfacet
  facet normal 0.182223 -0.983257 -1.41924e-05
    outer loop
      vertex 4.60468 -23.8011 11.1473
      vertex 5.04186 -23.7201 12.6
      vertex 4.5 -23.8205 11.15
    endloop
  endfacet
  facet normal 0.181828 -0.98333 0.000108972
    outer loop
      vertex 4.70906 -23.7818 11.139
      vertex 5.04186 -23.7201 12.6
      vertex 4.60468 -23.8011 11.1473
    endloop
  endfacet
  facet normal 0.18277 -0.983156 -0.000113068
    outer loop
      vertex 4.81287 -23.7625 11.1254
      vertex 5.04186 -23.7201 12.6
      vertex 4.70906 -23.7818 11.139
    endloop
  endfacet
  facet normal 0.182404 -0.983224 -5.43221e-05
    outer loop
      vertex 4.91582 -23.7434 11.1063
      vertex 5.04186 -23.7201 12.6
      vertex 4.81287 -23.7625 11.1254
    endloop
  endfacet
  facet normal 0.181575 -0.983377 1.80877e-05
    outer loop
      vertex 5.01764 -23.7246 11.0819
      vertex 5.04186 -23.7201 12.6
      vertex 4.91582 -23.7434 11.1063
    endloop
  endfacet
  facet normal 0.182671 -0.983174 0
    outer loop
      vertex 5.04186 -23.7201 12.6
      vertex 5.01764 -23.7246 11.0819
      vertex 5.04186 -23.7201 11.0747
    endloop
  endfacet
  facet normal 0.991436 0.130592 0
    outer loop
      vertex 24.1172 2.53481 12.6
      vertex 23.9514 3.79354 3.59999
      vertex 23.9514 3.79354 12.6
    endloop
  endfacet
  facet normal 0.991436 0.130592 0
    outer loop
      vertex 23.9514 3.79354 3.59999
      vertex 24.1172 2.53481 12.6
      vertex 24.1172 2.53481 3.59999
    endloop
  endfacet
  facet normal -0.991436 0.130592 0
    outer loop
      vertex -24.1172 2.53481 3.59999
      vertex -23.9514 3.79354 12.6
      vertex -23.9514 3.79354 3.59999
    endloop
  endfacet
  facet normal -0.991436 0.130592 0
    outer loop
      vertex -23.9514 3.79354 12.6
      vertex -24.1172 2.53481 3.59999
      vertex -24.1172 2.53481 12.6
    endloop
  endfacet
  facet normal -0.58284 -0.400574 0.706992
    outer loop
      vertex -16.7871 -12.1965 16.1
      vertex -20.3378 -13.2075 12.6
      vertex -19.6187 -14.2538 12.6
    endloop
  endfacet
  facet normal 0.522466 -0.85266 0
    outer loop
      vertex 12.125 -21.0011 3.59999
      vertex 13.2075 -20.3378 12.6
      vertex 12.125 -21.0011 12.6
    endloop
  endfacet
  facet normal 0.522466 -0.85266 0
    outer loop
      vertex 13.2075 -20.3378 12.6
      vertex 12.125 -21.0011 3.59999
      vertex 13.2075 -20.3378 3.59999
    endloop
  endfacet
  facet normal 0.706986 0.0184889 0.706986
    outer loop
      vertex 24.25 0 12.6
      vertex 20.7216 1.08597 16.1
      vertex 20.75 0 16.1
    endloop
  endfacet
  facet normal 0.369507 0.60302 0.706988
    outer loop
      vertex 13.2075 20.3378 12.6
      vertex 10.375 17.97 16.1
      vertex 11.3013 17.4024 16.1
    endloop
  endfacet
  facet normal 0.369502 -0.603024 0.706987
    outer loop
      vertex 13.2075 -20.3378 12.6
      vertex 10.375 -17.97 16.1
      vertex 12.125 -21.0011 12.6
    endloop
  endfacet
  facet normal 0.337471 0.621519 0.706985
    outer loop
      vertex 11.0093 21.6069 12.6
      vertex 9.4203 18.4884 16.1
      vertex 12.125 21.0011 12.6
    endloop
  endfacet
  facet normal -0.85266 0.522466 0
    outer loop
      vertex -21.0011 12.125 3.59999
      vertex -20.3378 13.2075 12.6
      vertex -20.3378 13.2075 3.59999
    endloop
  endfacet
  facet normal -0.85266 0.522466 0
    outer loop
      vertex -20.3378 13.2075 12.6
      vertex -21.0011 12.125 3.59999
      vertex -21.0011 12.125 12.6
    endloop
  endfacet
  facet normal 0.706987 -0.0184942 0.706985
    outer loop
      vertex 24.25 0 12.6
      vertex 20.7216 -1.08597 16.1
      vertex 24.2168 -1.26915 12.6
    endloop
  endfacet
  facet normal 0.512985 -0.486859 0.706976
    outer loop
      vertex 18.0213 -16.2264 12.6
      vertex 14.6725 -14.6725 16.1
      vertex 17.1473 -17.1473 12.6
    endloop
  endfacet
  facet normal 0.236062 -0.666671 0.706982
    outer loop
      vertex 7.43613 -19.3718 16.1
      vertex 6.4121 -19.7344 16.1
      vertex 8.69042 -22.6393 12.6
    endloop
  endfacet
  facet normal 0.430551 -0.56107 0.706984
    outer loop
      vertex 15.261 -18.8458 12.6
      vertex 13.0584 -16.1258 16.1
      vertex 14.2538 -19.6187 12.6
    endloop
  endfacet
  facet normal -0.270629 0.653403 0.706983
    outer loop
      vertex -7.43613 19.3718 16.1
      vertex -8.69042 22.6393 12.6
      vertex -8.43979 18.9561 16.1
    endloop
  endfacet
  facet normal 0.582829 -0.400598 0.706988
    outer loop
      vertex 17.4024 -11.3013 16.1
      vertex 16.7871 -12.1965 16.1
      vertex 20.3378 -13.2075 12.6
    endloop
  endfacet
  facet normal 0.695394 -0.128837 0.706985
    outer loop
      vertex 20.4945 -3.24601 16.1
      vertex 20.2966 -4.31417 16.1
      vertex 23.9514 -3.79354 12.6
    endloop
  endfacet
  facet normal 0.58284 -0.400574 0.706992
    outer loop
      vertex 20.3378 -13.2075 12.6
      vertex 16.7871 -12.1965 16.1
      vertex 19.6187 -14.2538 12.6
    endloop
  endfacet
  facet normal -0.337471 0.621519 0.706985
    outer loop
      vertex -11.0093 21.6069 12.6
      vertex -12.125 21.0011 12.6
      vertex -9.4203 18.4884 16.1
    endloop
  endfacet
  facet normal -0.369507 0.60302 0.706988
    outer loop
      vertex -10.375 17.97 16.1
      vertex -13.2075 20.3378 12.6
      vertex -11.3013 17.4024 16.1
    endloop
  endfacet
  facet normal 0.0784516 0.996918 -0
    outer loop
      vertex 2.53481 24.1172 3.59999
      vertex 1.26915 24.2168 12.6
      vertex 2.53481 24.1172 12.6
    endloop
  endfacet
  facet normal 0.0784516 0.996918 0
    outer loop
      vertex 1.26915 24.2168 12.6
      vertex 2.53481 24.1172 3.59999
      vertex 1.26915 24.2168 3.59999
    endloop
  endfacet
  facet normal -0.0261503 -0.999658 0
    outer loop
      vertex -1.26915 -24.2168 11.15
      vertex 0 -24.25 12.6
      vertex -1.26915 -24.2168 12.6
    endloop
  endfacet
  facet normal -0.0261503 -0.999658 -0
    outer loop
      vertex 0 -24.25 12.6
      vertex -1.26915 -24.2168 11.15
      vertex 0 -24.25 11.15
    endloop
  endfacet
  facet normal 0.85266 -0.522466 0
    outer loop
      vertex 20.3378 -13.2075 12.6
      vertex 21.0011 -12.125 3.59999
      vertex 21.0011 -12.125 12.6
    endloop
  endfacet
  facet normal 0.85266 -0.522466 0
    outer loop
      vertex 21.0011 -12.125 3.59999
      vertex 20.3378 -13.2075 12.6
      vertex 20.3378 -13.2075 3.59999
    endloop
  endfacet
  facet normal 0.0784516 -0.996918 0
    outer loop
      vertex 1.26915 -24.2168 11.15
      vertex 2.53481 -24.1172 12.6
      vertex 1.26915 -24.2168 12.6
    endloop
  endfacet
  facet normal 0.0784516 -0.996918 0
    outer loop
      vertex 2.53481 -24.1172 12.6
      vertex 1.26915 -24.2168 11.15
      vertex 2.53481 -24.1172 11.15
    endloop
  endfacet
  facet normal -0.923893 0.382651 0
    outer loop
      vertex -22.6393 8.69042 3.59999
      vertex -22.1535 9.86336 12.6
      vertex -22.1535 9.86336 3.59999
    endloop
  endfacet
  facet normal -0.923893 0.382651 0
    outer loop
      vertex -22.1535 9.86336 12.6
      vertex -22.6393 8.69042 3.59999
      vertex -22.6393 8.69042 12.6
    endloop
  endfacet
  facet normal 0.486859 0.512985 0.706976
    outer loop
      vertex 16.2264 18.0213 12.6
      vertex 14.6725 14.6725 16.1
      vertex 17.1473 17.1473 12.6
    endloop
  endfacet
  facet normal -0.666661 -0.23608 0.706986
    outer loop
      vertex -19.7344 -6.4121 16.1
      vertex -23.0631 -7.49366 12.6
      vertex -22.6393 -8.69042 12.6
    endloop
  endfacet
  facet normal 0.701165 -0.0923575 0.706992
    outer loop
      vertex 24.1172 -2.53481 12.6
      vertex 20.6363 -2.16897 16.1
      vertex 23.9514 -3.79354 12.6
    endloop
  endfacet
  facet normal 0.459288 -0.5378 0.706984
    outer loop
      vertex 13.8845 -15.4203 16.1
      vertex 13.0584 -16.1258 16.1
      vertex 15.261 -18.8458 12.6
    endloop
  endfacet
  facet normal -0.603024 0.369502 0.706987
    outer loop
      vertex -20.3378 13.2075 12.6
      vertex -21.0011 12.125 12.6
      vertex -17.97 10.375 16.1
    endloop
  endfacet
  facet normal -0.58284 0.400574 0.706992
    outer loop
      vertex -19.6187 14.2538 12.6
      vertex -20.3378 13.2075 12.6
      vertex -16.7871 12.1965 16.1
    endloop
  endfacet
  facet normal -0.130592 -0.991436 0
    outer loop
      vertex -3.79354 -23.9514 11.15
      vertex -2.53481 -24.1172 12.6
      vertex -3.79354 -23.9514 12.6
    endloop
  endfacet
  facet normal -0.130592 -0.991436 -0
    outer loop
      vertex -2.53481 -24.1172 12.6
      vertex -3.79354 -23.9514 11.15
      vertex -2.53481 -24.1172 11.15
    endloop
  endfacet
  facet normal 0.701178 0.0923151 0.706985
    outer loop
      vertex 23.9514 3.79354 12.6
      vertex 20.4945 3.24601 16.1
      vertex 20.6363 2.16897 16.1
    endloop
  endfacet
  facet normal -0.486859 0.512985 0.706976
    outer loop
      vertex -16.2264 18.0213 12.6
      vertex -17.1473 17.1473 12.6
      vertex -14.6725 14.6725 16.1
    endloop
  endfacet
  facet normal 0.0261503 0.999658 -0
    outer loop
      vertex 1.26915 24.2168 3.59999
      vertex 0 24.25 12.6
      vertex 1.26915 24.2168 12.6
    endloop
  endfacet
  facet normal 0.0261503 0.999658 0
    outer loop
      vertex 0 24.25 12.6
      vertex 1.26915 24.2168 3.59999
      vertex 0 24.25 3.59999
    endloop
  endfacet
  facet normal -0.621519 0.337471 0.706985
    outer loop
      vertex -21.0011 12.125 12.6
      vertex -21.6069 11.0093 12.6
      vertex -18.4884 9.4203 16.1
    endloop
  endfacet
  facet normal -0.688395 -0.725336 0
    outer loop
      vertex -17.1473 -17.1473 3.59999
      vertex -16.2264 -18.0213 12.6
      vertex -17.1473 -17.1473 12.6
    endloop
  endfacet
  facet normal -0.688395 -0.725336 -0
    outer loop
      vertex -16.2264 -18.0213 12.6
      vertex -17.1473 -17.1473 3.59999
      vertex -16.2264 -18.0213 3.59999
    endloop
  endfacet
  facet normal -0.653403 -0.270629 0.706983
    outer loop
      vertex -19.3718 -7.43613 16.1
      vertex -22.6393 -8.69042 12.6
      vertex -18.9561 -8.43979 16.1
    endloop
  endfacet
  facet normal -0.33748 -0.621512 0.706987
    outer loop
      vertex -10.375 -17.97 16.1
      vertex -12.125 -21.0011 12.6
      vertex -9.4203 -18.4884 16.1
    endloop
  endfacet
  facet normal -0.760417 -0.649435 0
    outer loop
      vertex -18.0213 -16.2264 3.59999
      vertex -18.8458 -15.261 12.6
      vertex -18.8458 -15.261 3.59999
    endloop
  endfacet
  facet normal -0.760417 -0.649435 0
    outer loop
      vertex -18.8458 -15.261 12.6
      vertex -18.0213 -16.2264 3.59999
      vertex -18.0213 -16.2264 12.6
    endloop
  endfacet
  facet normal -0.701178 -0.0923151 0.706985
    outer loop
      vertex -20.6363 -2.16897 16.1
      vertex -23.9514 -3.79354 12.6
      vertex -20.4945 -3.24601 16.1
    endloop
  endfacet
  facet normal -0.706987 0.0184942 0.706985
    outer loop
      vertex -24.2168 1.26915 12.6
      vertex -24.25 0 12.6
      vertex -20.7216 1.08597 16.1
    endloop
  endfacet
  facet normal 0.701178 -0.0923151 0.706985
    outer loop
      vertex 20.6363 -2.16897 16.1
      vertex 20.4945 -3.24601 16.1
      vertex 23.9514 -3.79354 12.6
    endloop
  endfacet
  facet normal 0.701165 0.0923575 0.706992
    outer loop
      vertex 23.9514 3.79354 12.6
      vertex 20.6363 2.16897 16.1
      vertex 24.1172 2.53481 12.6
    endloop
  endfacet
  facet normal -0.687691 -0.1651 0.706982
    outer loop
      vertex -20.2966 -4.31417 16.1
      vertex -23.4237 -6.27636 12.6
      vertex -20.043 -5.37049 16.1
    endloop
  endfacet
  facet normal 0.0184889 0.706986 0.706986
    outer loop
      vertex 0 24.25 12.6
      vertex 0 20.75 16.1
      vertex 1.08597 20.7216 16.1
    endloop
  endfacet
  facet normal -0.233462 -0.972366 9.10888e-06
    outer loop
      vertex -5.31348 -23.6549 10.9771
      vertex -5.04186 -23.7201 12.6
      vertex -6.27636 -23.4237 12.6
    endloop
  endfacet
  facet normal -0.233605 -0.972332 -0
    outer loop
      vertex -5.04186 -23.7201 12.6
      vertex -5.11803 -23.7018 11.0521
      vertex -5.04186 -23.7201 11.0747
    endloop
  endfacet
  facet normal -0.23346 -0.972366 -7.53878e-06
    outer loop
      vertex -5.04186 -23.7201 12.6
      vertex -5.21674 -23.6781 11.0172
      vertex -5.11803 -23.7018 11.0521
    endloop
  endfacet
  facet normal -0.23319 -0.972431 -3.90284e-05
    outer loop
      vertex -5.04186 -23.7201 12.6
      vertex -5.31348 -23.6549 10.9771
      vertex -5.21674 -23.6781 11.0172
    endloop
  endfacet
  facet normal -0.233566 -0.972341 -5.57787e-05
    outer loop
      vertex -6.27636 -23.4237 12.6
      vertex -5.40797 -23.6322 10.932
      vertex -5.31348 -23.6549 10.9771
    endloop
  endfacet
  facet normal -0.233493 -0.972359 -1.56298e-05
    outer loop
      vertex -6.27636 -23.4237 12.6
      vertex -5.5 -23.6101 10.8821
      vertex -5.40797 -23.6322 10.932
    endloop
  endfacet
  facet normal -0.233173 -0.972435 0.000137428
    outer loop
      vertex -6.27636 -23.4237 12.6
      vertex -5.58928 -23.5887 10.8273
      vertex -5.5 -23.6101 10.8821
    endloop
  endfacet
  facet normal -0.234162 -0.972198 -0.000268076
    outer loop
      vertex -6.27636 -23.4237 12.6
      vertex -5.67557 -23.5679 10.768
      vertex -5.58928 -23.5887 10.8273
    endloop
  endfacet
  facet normal -0.233051 -0.972465 0.000117301
    outer loop
      vertex -6.27636 -23.4237 12.6
      vertex -5.75864 -23.548 10.7043
      vertex -5.67557 -23.5679 10.768
    endloop
  endfacet
  facet normal -0.233306 -0.972403 4.34326e-05
    outer loop
      vertex -6.27636 -23.4237 12.6
      vertex -5.83826 -23.5289 10.6363
      vertex -5.75864 -23.548 10.7043
    endloop
  endfacet
  facet normal -0.234089 -0.972215 -0.000141129
    outer loop
      vertex -6.27636 -23.4237 12.6
      vertex -5.91422 -23.5106 10.5642
      vertex -5.83826 -23.5289 10.6363
    endloop
  endfacet
  facet normal -0.233428 -0.972374 -1.67918e-05
    outer loop
      vertex -6.27636 -23.4237 12.6
      vertex -5.98628 -23.4933 10.4883
      vertex -5.91422 -23.5106 10.5642
    endloop
  endfacet
  facet normal -0.233104 -0.972452 3.02812e-05
    outer loop
      vertex -6.27636 -23.4237 12.6
      vertex -6.05429 -23.477 10.4086
      vertex -5.98628 -23.4933 10.4883
    endloop
  endfacet
  facet normal -0.233405 -0.97238 -2.02334e-06
    outer loop
      vertex -6.27636 -23.4237 12.6
      vertex -6.11803 -23.4617 10.3256
      vertex -6.05429 -23.477 10.4086
    endloop
  endfacet
  facet normal -0.232889 -0.972503 3.59652e-05
    outer loop
      vertex -6.27636 -23.4237 12.6
      vertex -6.17734 -23.4475 10.2393
      vertex -6.11803 -23.4617 10.3256
    endloop
  endfacet
  facet normal -0.23445 -0.972128 -3.33011e-05
    outer loop
      vertex -6.27636 -23.4237 12.6
      vertex -6.23206 -23.4343 10.15
      vertex -6.17734 -23.4475 10.2393
    endloop
  endfacet
  facet normal -0.232709 -0.972546 0
    outer loop
      vertex -6.23206 -23.4343 10.15
      vertex -6.27636 -23.4237 12.6
      vertex -6.27636 -23.4237 10.0684
    endloop
  endfacet
  facet normal 0.369502 0.603024 0.706987
    outer loop
      vertex 12.125 21.0011 12.6
      vertex 10.375 17.97 16.1
      vertex 13.2075 20.3378 12.6
    endloop
  endfacet
  facet normal 0.430521 -0.902581 0
    outer loop
      vertex 9.86336 -22.1535 3.59999
      vertex 11.0093 -21.6069 12.6
      vertex 9.86336 -22.1535 12.6
    endloop
  endfacet
  facet normal 0.430521 -0.902581 0
    outer loop
      vertex 11.0093 -21.6069 12.6
      vertex 9.86336 -22.1535 3.59999
      vertex 11.0093 -21.6069 3.59999
    endloop
  endfacet
  facet normal -0.56107 -0.430551 0.706984
    outer loop
      vertex -16.1258 -13.0584 16.1
      vertex -19.6187 -14.2538 12.6
      vertex -18.8458 -15.261 12.6
    endloop
  endfacet
  facet normal 0.0555306 0.705037 0.706993
    outer loop
      vertex 2.53481 24.1172 12.6
      vertex 1.08597 20.7216 16.1
      vertex 2.16897 20.6363 16.1
    endloop
  endfacet
  facet normal -0.666671 0.236062 0.706982
    outer loop
      vertex -19.3718 7.43613 16.1
      vertex -22.6393 8.69042 12.6
      vertex -19.7344 6.4121 16.1
    endloop
  endfacet
  facet normal -0.638329 0.304481 0.706985
    outer loop
      vertex -18.4884 9.4203 16.1
      vertex -21.6069 11.0093 12.6
      vertex -18.9561 8.43979 16.1
    endloop
  endfacet
  facet normal -0.200901 -0.678097 0.706981
    outer loop
      vertex -5.37049 -20.043 16.1
      vertex -6.4121 -19.7344 16.1
      vertex -6.27636 -23.4237 12.6
    endloop
  endfacet
  facet normal 0.958816 0.284029 0
    outer loop
      vertex 23.4237 6.27636 12.6
      vertex 23.0631 7.49366 3.59999
      vertex 23.0631 7.49366 12.6
    endloop
  endfacet
  facet normal 0.958816 0.284029 0
    outer loop
      vertex 23.0631 7.49366 3.59999
      vertex 23.4237 6.27636 12.6
      vertex 23.4237 6.27636 3.59999
    endloop
  endfacet
  facet normal -0.582829 0.400598 0.706988
    outer loop
      vertex -16.7871 12.1965 16.1
      vertex -20.3378 13.2075 12.6
      vertex -17.4024 11.3013 16.1
    endloop
  endfacet
  facet normal 0.878809 -0.477174 0
    outer loop
      vertex 21.0011 -12.125 12.6
      vertex 21.6069 -11.0093 3.59999
      vertex 21.6069 -11.0093 12.6
    endloop
  endfacet
  facet normal 0.878809 -0.477174 0
    outer loop
      vertex 21.6069 -11.0093 3.59999
      vertex 21.0011 -12.125 12.6
      vertex 21.0011 -12.125 3.59999
    endloop
  endfacet
  facet normal -0.0184942 0.706987 0.706985
    outer loop
      vertex 0 24.25 12.6
      vertex -1.26915 24.2168 12.6
      vertex -1.08597 20.7216 16.1
    endloop
  endfacet
  facet normal -0.0554832 0.705048 0.706985
    outer loop
      vertex -1.26915 24.2168 12.6
      vertex -2.53481 24.1172 12.6
      vertex -1.08597 20.7216 16.1
    endloop
  endfacet
  facet normal 0.760417 -0.649435 0
    outer loop
      vertex 18.0213 -16.2264 12.6
      vertex 18.8458 -15.261 3.59999
      vertex 18.8458 -15.261 12.6
    endloop
  endfacet
  facet normal 0.760417 -0.649435 0
    outer loop
      vertex 18.8458 -15.261 3.59999
      vertex 18.0213 -16.2264 12.6
      vertex 18.0213 -16.2264 3.59999
    endloop
  endfacet
  facet normal -0.522466 0.85266 0
    outer loop
      vertex -12.125 21.0011 3.59999
      vertex -13.2075 20.3378 12.6
      vertex -12.125 21.0011 12.6
    endloop
  endfacet
  facet normal -0.522466 0.85266 0
    outer loop
      vertex -13.2075 20.3378 12.6
      vertex -12.125 21.0011 3.59999
      vertex -13.2075 20.3378 3.59999
    endloop
  endfacet
  facet normal 0.430505 -0.561095 0.706992
    outer loop
      vertex 13.0584 -16.1258 16.1
      vertex 12.1965 -16.7871 16.1
      vertex 14.2538 -19.6187 12.6
    endloop
  endfacet
  facet normal 0.513003 -0.486832 0.706981
    outer loop
      vertex 15.4203 -13.8845 16.1
      vertex 14.6725 -14.6725 16.1
      vertex 18.0213 -16.2264 12.6
    endloop
  endfacet
  facet normal 0.200873 0.678101 0.706986
    outer loop
      vertex 7.49366 23.0631 12.6
      vertex 6.27636 23.4237 12.6
      vertex 6.4121 19.7344 16.1
    endloop
  endfacet
  facet normal -0.60302 -0.369507 0.706988
    outer loop
      vertex -17.97 -10.375 16.1
      vertex -20.3378 -13.2075 12.6
      vertex -17.4024 -11.3013 16.1
    endloop
  endfacet
  facet normal 0.23608 0.666661 0.706986
    outer loop
      vertex 7.49366 23.0631 12.6
      vertex 6.4121 19.7344 16.1
      vertex 8.69042 22.6393 12.6
    endloop
  endfacet
  facet normal 0.369507 -0.60302 0.706988
    outer loop
      vertex 11.3013 -17.4024 16.1
      vertex 10.375 -17.97 16.1
      vertex 13.2075 -20.3378 12.6
    endloop
  endfacet
  facet normal 0.400574 -0.58284 0.706992
    outer loop
      vertex 14.2538 -19.6187 12.6
      vertex 12.1965 -16.7871 16.1
      vertex 13.2075 -20.3378 12.6
    endloop
  endfacet
  facet normal 0.400598 -0.582829 0.706988
    outer loop
      vertex 12.1965 -16.7871 16.1
      vertex 11.3013 -17.4024 16.1
      vertex 13.2075 -20.3378 12.6
    endloop
  endfacet
  facet normal 0.923893 -0.382651 0
    outer loop
      vertex 22.1535 -9.86336 12.6
      vertex 22.6393 -8.69042 3.59999
      vertex 22.6393 -8.69042 12.6
    endloop
  endfacet
  facet normal 0.923893 -0.382651 0
    outer loop
      vertex 22.6393 -8.69042 3.59999
      vertex 22.1535 -9.86336 12.6
      vertex 22.1535 -9.86336 3.59999
    endloop
  endfacet
  facet normal 0.56107 -0.430551 0.706984
    outer loop
      vertex 19.6187 -14.2538 12.6
      vertex 16.1258 -13.0584 16.1
      vertex 18.8458 -15.261 12.6
    endloop
  endfacet
  facet normal 0.0184889 -0.706986 0.706986
    outer loop
      vertex 0 -20.75 16.1
      vertex 0 -24.25 12.6
      vertex 1.08597 -20.7216 16.1
    endloop
  endfacet
  facet normal 0.270629 -0.653403 0.706983
    outer loop
      vertex 8.43979 -18.9561 16.1
      vertex 7.43613 -19.3718 16.1
      vertex 8.69042 -22.6393 12.6
    endloop
  endfacet
  facet normal -0.678097 -0.200901 0.706981
    outer loop
      vertex -20.043 -5.37049 16.1
      vertex -23.4237 -6.27636 12.6
      vertex -19.7344 -6.4121 16.1
    endloop
  endfacet
  facet normal 0.459301 -0.537792 0.706981
    outer loop
      vertex 16.2264 -18.0213 12.6
      vertex 13.8845 -15.4203 16.1
      vertex 15.261 -18.8458 12.6
    endloop
  endfacet
  facet normal 0.33748 -0.621512 0.706987
    outer loop
      vertex 10.375 -17.97 16.1
      vertex 9.4203 -18.4884 16.1
      vertex 12.125 -21.0011 12.6
    endloop
  endfacet
  facet normal 0.638329 -0.304481 0.706985
    outer loop
      vertex 18.9561 -8.43979 16.1
      vertex 18.4884 -9.4203 16.1
      vertex 21.6069 -11.0093 12.6
    endloop
  endfacet
  facet normal 0.621512 0.33748 0.706987
    outer loop
      vertex 21.0011 12.125 12.6
      vertex 17.97 10.375 16.1
      vertex 18.4884 9.4203 16.1
    endloop
  endfacet
  facet normal -0.430521 -0.902581 0
    outer loop
      vertex -11.0093 -21.6069 8.94532
      vertex -9.86336 -22.1535 12.6
      vertex -11.0093 -21.6069 12.6
    endloop
  endfacet
  facet normal -0.429751 -0.902947 -0.00029609
    outer loop
      vertex -10.958 -21.6313 8.89698
      vertex -9.86336 -22.1535 12.6
      vertex -11.0093 -21.6069 8.94532
    endloop
  endfacet
  facet normal -0.4361 -0.899896 0.00201102
    outer loop
      vertex -10.9467 -21.6368 8.88629
      vertex -9.86336 -22.1535 12.6
      vertex -10.958 -21.6313 8.89698
    endloop
  endfacet
  facet normal -0.430343 -0.902666 -5.38395e-05
    outer loop
      vertex -10.8888 -21.6644 8.82561
      vertex -9.86336 -22.1535 12.6
      vertex -10.9467 -21.6368 8.88629
    endloop
  endfacet
  facet normal -0.43056 -0.902562 1.87582e-05
    outer loop
      vertex -10.8779 -21.6696 8.81421
      vertex -9.86336 -22.1535 12.6
      vertex -10.8888 -21.6644 8.82561
    endloop
  endfacet
  facet normal -0.42981 -0.902919 -0.000227923
    outer loop
      vertex -10.8676 -21.6745 8.80218
      vertex -9.86336 -22.1535 12.6
      vertex -10.8779 -21.6696 8.81421
    endloop
  endfacet
  facet normal -0.430655 -0.902517 4.62956e-05
    outer loop
      vertex -10.8127 -21.7007 8.73826
      vertex -9.86336 -22.1535 12.6
      vertex -10.8676 -21.6745 8.80218
    endloop
  endfacet
  facet normal -0.429768 -0.902939 -0.000221272
    outer loop
      vertex -10.7511 -21.73 8.65864
      vertex -9.86336 -22.1535 12.6
      vertex -10.8127 -21.7007 8.73826
    endloop
  endfacet
  facet normal -0.431836 -0.901952 0.000350437
    outer loop
      vertex -10.7027 -21.7532 8.58891
      vertex -9.86336 -22.1535 12.6
      vertex -10.7511 -21.73 8.65864
    endloop
  endfacet
  facet normal -0.428317 -0.903628 -0.000553245
    outer loop
      vertex -10.6934 -21.7576 8.57557
      vertex -9.86336 -22.1535 12.6
      vertex -10.7027 -21.7532 8.58891
    endloop
  endfacet
  facet normal -0.430382 -0.902647 -3.08376e-05
    outer loop
      vertex -10.6848 -21.7617 8.56169
      vertex -9.86336 -22.1535 12.6
      vertex -10.6934 -21.7576 8.57557
    endloop
  endfacet
  facet normal -0.430367 -0.902654 -3.44461e-05
    outer loop
      vertex -10.6397 -21.7832 8.48928
      vertex -9.86336 -22.1535 12.6
      vertex -10.6848 -21.7617 8.56169
    endloop
  endfacet
  facet normal -0.430398 -0.902639 -2.72189e-05
    outer loop
      vertex -10.5902 -21.8068 8.4
      vertex -9.86336 -22.1535 12.6
      vertex -10.6397 -21.7832 8.48928
    endloop
  endfacet
  facet normal -0.430431 -0.902623 -2.02398e-05
    outer loop
      vertex -10.5449 -21.8284 8.30798
      vertex -9.86336 -22.1535 12.6
      vertex -10.5902 -21.8068 8.4
    endloop
  endfacet
  facet normal -0.431036 -0.902335 9.77577e-05
    outer loop
      vertex -10.5041 -21.8479 8.21347
      vertex -9.86336 -22.1535 12.6
      vertex -10.5449 -21.8284 8.30798
    endloop
  endfacet
  facet normal -0.430298 -0.902687 -3.4596e-05
    outer loop
      vertex -10.4678 -21.8652 8.11674
      vertex -9.86336 -22.1535 12.6
      vertex -10.5041 -21.8479 8.21347
    endloop
  endfacet
  facet normal -0.429323 -0.903151 -0.00019594
    outer loop
      vertex -10.4362 -21.8802 8.01803
      vertex -9.86336 -22.1535 12.6
      vertex -10.4678 -21.8652 8.11674
    endloop
  endfacet
  facet normal -0.431831 -0.901955 0.000188941
    outer loop
      vertex -10.4093 -21.8931 7.91764
      vertex -9.86336 -22.1535 12.6
      vertex -10.4362 -21.8802 8.01803
    endloop
  endfacet
  facet normal -0.422024 -0.906584 -0.00121185
    outer loop
      vertex -10.4056 -21.8948 7.90089
      vertex -9.86336 -22.1535 12.6
      vertex -10.4093 -21.8931 7.91764
    endloop
  endfacet
  facet normal -0.429917 -0.902868 -9.66095e-05
    outer loop
      vertex -10.3871 -21.9036 7.81582
      vertex -9.86336 -22.1535 12.6
      vertex -10.4056 -21.8948 7.90089
    endloop
  endfacet
  facet normal -0.433035 -0.901377 0.000322692
    outer loop
      vertex -10.3699 -21.9119 7.71287
      vertex -9.86336 -22.1535 12.6
      vertex -10.3871 -21.9036 7.81582
    endloop
  endfacet
  facet normal -0.428205 -0.903681 -0.000291859
    outer loop
      vertex -10.3595 -21.9168 7.6262
      vertex -9.86336 -22.1535 12.6
      vertex -10.3699 -21.9119 7.71287
    endloop
  endfacet
  facet normal -0.439608 -0.898189 0.00110695
    outer loop
      vertex -10.3575 -21.9178 7.60906
      vertex -9.86336 -22.1535 12.6
      vertex -10.3595 -21.9168 7.6262
    endloop
  endfacet
  facet normal -0.429288 -0.903168 -0.000149888
    outer loop
      vertex -10.3501 -21.9213 7.50467
      vertex -9.86336 -22.1535 12.6
      vertex -10.3575 -21.9178 7.60906
    endloop
  endfacet
  facet normal -0.431 -0.902352 5.0838e-05
    outer loop
      vertex -10.3476 -21.9225 7.4
      vertex -9.86336 -22.1535 12.6
      vertex -10.3501 -21.9213 7.50467
    endloop
  endfacet
  facet normal -0.4309 -0.9024 -5.37973e-05
    outer loop
      vertex -9.86336 -22.1535 3.59999
      vertex -10.3476 -21.9225 7.4
      vertex -10.3501 -21.9213 7.29533
    endloop
  endfacet
  facet normal -0.429517 -0.903059 0.000169736
    outer loop
      vertex -9.86336 -22.1535 3.59999
      vertex -10.3501 -21.9213 7.29533
      vertex -10.3575 -21.9178 7.19094
    endloop
  endfacet
  facet normal -0.42312 -0.906072 0.00150586
    outer loop
      vertex -9.86336 -22.1535 3.59999
      vertex -10.4056 -21.8948 6.89911
      vertex -10.4093 -21.8931 6.88236
    endloop
  endfacet
  facet normal -0.431685 -0.902024 -0.000478896
    outer loop
      vertex -9.86336 -22.1535 3.59999
      vertex -10.7027 -21.7532 6.21109
      vertex -10.7511 -21.73 6.14136
    endloop
  endfacet
  facet normal -0.429895 -0.902879 0.000317271
    outer loop
      vertex -9.86336 -22.1535 3.59999
      vertex -10.8676 -21.6745 5.99782
      vertex -10.8779 -21.6696 5.98579
    endloop
  endfacet
  facet normal -0.430361 -0.902657 7.56924e-05
    outer loop
      vertex -9.86336 -22.1535 3.59999
      vertex -10.8888 -21.6644 5.97439
      vertex -10.9467 -21.6368 5.91371
    endloop
  endfacet
  facet normal -0.430521 -0.902581 0
    outer loop
      vertex -9.86336 -22.1535 3.59999
      vertex -11.0093 -21.6069 5.85468
      vertex -11.0093 -21.6069 3.59999
    endloop
  endfacet
  facet normal -0.429847 -0.902902 0.000420382
    outer loop
      vertex -11.0093 -21.6069 5.85468
      vertex -9.86336 -22.1535 3.59999
      vertex -10.958 -21.6313 5.90302
    endloop
  endfacet
  facet normal -0.435453 -0.900207 -0.0028553
    outer loop
      vertex -10.958 -21.6313 5.90302
      vertex -9.86336 -22.1535 3.59999
      vertex -10.9467 -21.6368 5.91371
    endloop
  endfacet
  facet normal -0.430554 -0.902565 -2.63772e-05
    outer loop
      vertex -10.8888 -21.6644 5.97439
      vertex -9.86336 -22.1535 3.59999
      vertex -10.8779 -21.6696 5.98579
    endloop
  endfacet
  facet normal -0.430638 -0.902525 -6.44661e-05
    outer loop
      vertex -10.8676 -21.6745 5.99782
      vertex -9.86336 -22.1535 3.59999
      vertex -10.8127 -21.7007 6.06174
    endloop
  endfacet
  facet normal -0.429857 -0.902897 0.000305236
    outer loop
      vertex -10.8127 -21.7007 6.06174
      vertex -9.86336 -22.1535 3.59999
      vertex -10.7511 -21.73 6.14136
    endloop
  endfacet
  facet normal -0.428554 -0.903516 0.000756172
    outer loop
      vertex -10.7027 -21.7532 6.21109
      vertex -9.86336 -22.1535 3.59999
      vertex -10.6934 -21.7576 6.22443
    endloop
  endfacet
  facet normal -0.430396 -0.90264 4.17282e-05
    outer loop
      vertex -10.6934 -21.7576 6.22443
      vertex -9.86336 -22.1535 3.59999
      vertex -10.6848 -21.7617 6.23831
    endloop
  endfacet
  facet normal -0.430383 -0.902646 4.66323e-05
    outer loop
      vertex -10.6848 -21.7617 6.23831
      vertex -9.86336 -22.1535 3.59999
      vertex -10.6397 -21.7832 6.31072
    endloop
  endfacet
  facet normal -0.430412 -0.902633 3.64881e-05
    outer loop
      vertex -10.6397 -21.7832 6.31072
      vertex -9.86336 -22.1535 3.59999
      vertex -10.5902 -21.8068 6.4
    endloop
  endfacet
  facet normal -0.430442 -0.902618 2.68655e-05
    outer loop
      vertex -10.5902 -21.8068 6.4
      vertex -9.86336 -22.1535 3.59999
      vertex -10.5449 -21.8284 6.49202
    endloop
  endfacet
  facet normal -0.430979 -0.902362 -0.000128374
    outer loop
      vertex -10.5449 -21.8284 6.49202
      vertex -9.86336 -22.1535 3.59999
      vertex -10.5041 -21.8479 6.58653
    endloop
  endfacet
  facet normal -0.430321 -0.902676 4.49139e-05
    outer loop
      vertex -10.5041 -21.8479 6.58653
      vertex -9.86336 -22.1535 3.59999
      vertex -10.4678 -21.8652 6.68326
    endloop
  endfacet
  facet normal -0.429464 -0.903084 0.0002511
    outer loop
      vertex -10.4678 -21.8652 6.68326
      vertex -9.86336 -22.1535 3.59999
      vertex -10.4362 -21.8802 6.78197
    endloop
  endfacet
  facet normal -0.43168 -0.902027 -0.000238683
    outer loop
      vertex -10.4362 -21.8802 6.78197
      vertex -9.86336 -22.1535 3.59999
      vertex -10.4093 -21.8931 6.88236
    endloop
  endfacet
  facet normal -0.430556 -0.902564 0
    outer loop
      vertex -10.3476 -21.9225 7.4
      vertex -9.86336 -22.1535 3.59999
      vertex -9.86336 -22.1535 12.6
    endloop
  endfacet
  facet normal -0.438237 -0.898858 -0.00130595
    outer loop
      vertex -10.3595 -21.9168 7.1738
      vertex -9.86336 -22.1535 3.59999
      vertex -10.3575 -21.9178 7.19094
    endloop
  endfacet
  facet normal -0.428566 -0.90351 0.000344801
    outer loop
      vertex -10.3699 -21.9119 7.08713
      vertex -9.86336 -22.1535 3.59999
      vertex -10.3595 -21.9168 7.1738
    endloop
  endfacet
  facet normal -0.432698 -0.901539 -0.000392063
    outer loop
      vertex -10.3871 -21.9036 6.98418
      vertex -9.86336 -22.1535 3.59999
      vertex -10.3699 -21.9119 7.08713
    endloop
  endfacet
  facet normal -0.430004 -0.902827 0.000119953
    outer loop
      vertex -10.4056 -21.8948 6.89911
      vertex -9.86336 -22.1535 3.59999
      vertex -10.3871 -21.9036 6.98418
    endloop
  endfacet
  facet normal -0.666671 -0.236062 0.706982
    outer loop
      vertex -19.7344 -6.4121 16.1
      vertex -22.6393 -8.69042 12.6
      vertex -19.3718 -7.43613 16.1
    endloop
  endfacet
  facet normal 0.561095 -0.430505 0.706992
    outer loop
      vertex 16.7871 -12.1965 16.1
      vertex 16.1258 -13.0584 16.1
      vertex 19.6187 -14.2538 12.6
    endloop
  endfacet
  facet normal -0.608785 -0.793335 0
    outer loop
      vertex -15.261 -18.8458 3.59999
      vertex -14.2538 -19.6187 12.6
      vertex -15.261 -18.8458 12.6
    endloop
  endfacet
  facet normal -0.608785 -0.793335 -0
    outer loop
      vertex -14.2538 -19.6187 12.6
      vertex -15.261 -18.8458 3.59999
      vertex -14.2538 -19.6187 3.59999
    endloop
  endfacet
  facet normal -0.165112 0.687686 0.706984
    outer loop
      vertex -5.04186 23.7201 12.6
      vertex -6.27636 23.4237 12.6
      vertex -4.31417 20.2966 16.1
    endloop
  endfacet
  facet normal -0.972366 0.233462 0
    outer loop
      vertex -23.7201 5.04186 3.59999
      vertex -23.4237 6.27636 12.6
      vertex -23.4237 6.27636 3.59999
    endloop
  endfacet
  facet normal -0.972366 0.233462 0
    outer loop
      vertex -23.4237 6.27636 12.6
      vertex -23.7201 5.04186 3.59999
      vertex -23.7201 5.04186 12.6
    endloop
  endfacet
  facet normal 0.284029 0.958816 -0
    outer loop
      vertex 7.49366 23.0631 3.59999
      vertex 6.27636 23.4237 12.6
      vertex 7.49366 23.0631 12.6
    endloop
  endfacet
  facet normal 0.284029 0.958816 0
    outer loop
      vertex 6.27636 23.4237 12.6
      vertex 7.49366 23.0631 3.59999
      vertex 6.27636 23.4237 3.59999
    endloop
  endfacet
  facet normal -0.430521 0.902581 0
    outer loop
      vertex -9.86336 22.1535 3.59999
      vertex -11.0093 21.6069 12.6
      vertex -9.86336 22.1535 12.6
    endloop
  endfacet
  facet normal -0.430521 0.902581 0
    outer loop
      vertex -11.0093 21.6069 12.6
      vertex -9.86336 22.1535 3.59999
      vertex -11.0093 21.6069 3.59999
    endloop
  endfacet
  facet normal 0.653404 0.270622 0.706984
    outer loop
      vertex 22.1535 9.86336 12.6
      vertex 18.9561 8.43979 16.1
      vertex 22.6393 8.69042 12.6
    endloop
  endfacet
  facet normal -0.0923151 0.701178 0.706985
    outer loop
      vertex -2.16897 20.6363 16.1
      vertex -3.79354 23.9514 12.6
      vertex -3.24601 20.4945 16.1
    endloop
  endfacet
  facet normal -0.666661 0.23608 0.706986
    outer loop
      vertex -22.6393 8.69042 12.6
      vertex -23.0631 7.49366 12.6
      vertex -19.7344 6.4121 16.1
    endloop
  endfacet
  facet normal -0.678101 0.200873 0.706986
    outer loop
      vertex -23.0631 7.49366 12.6
      vertex -23.4237 6.27636 12.6
      vertex -19.7344 6.4121 16.1
    endloop
  endfacet
  facet normal 0.58284 0.400574 0.706992
    outer loop
      vertex 19.6187 14.2538 12.6
      vertex 16.7871 12.1965 16.1
      vertex 20.3378 13.2075 12.6
    endloop
  endfacet
  facet normal 0.705048 -0.0554832 0.706985
    outer loop
      vertex 24.2168 -1.26915 12.6
      vertex 20.7216 -1.08597 16.1
      vertex 24.1172 -2.53481 12.6
    endloop
  endfacet
  facet normal 0.725336 -0.688395 0
    outer loop
      vertex 17.1473 -17.1473 12.6
      vertex 18.0213 -16.2264 3.59999
      vertex 18.0213 -16.2264 12.6
    endloop
  endfacet
  facet normal 0.725336 -0.688395 0
    outer loop
      vertex 18.0213 -16.2264 3.59999
      vertex 17.1473 -17.1473 12.6
      vertex 17.1473 -17.1473 3.59999
    endloop
  endfacet
  facet normal -0.400598 -0.582829 0.706988
    outer loop
      vertex -12.1965 -16.7871 16.1
      vertex -13.2075 -20.3378 12.6
      vertex -11.3013 -17.4024 16.1
    endloop
  endfacet
  facet normal -0.0555306 -0.705037 0.706993
    outer loop
      vertex -2.16897 -20.6363 16.1
      vertex -2.53481 -24.1172 12.6
      vertex -1.08597 -20.7216 16.1
    endloop
  endfacet
  facet normal -0.236062 -0.666671 0.706982
    outer loop
      vertex -7.43613 -19.3718 16.1
      vertex -8.69042 -22.6393 12.6
      vertex -6.4121 -19.7344 16.1
    endloop
  endfacet
  facet normal -0.200901 0.678097 0.706981
    outer loop
      vertex -6.27636 23.4237 12.6
      vertex -6.4121 19.7344 16.1
      vertex -5.37049 20.043 16.1
    endloop
  endfacet
  facet normal -0.33381 -0.94264 0
    outer loop
      vertex -8.69042 -22.6393 3.59999
      vertex -7.49366 -23.0631 12.6
      vertex -8.69042 -22.6393 12.6
    endloop
  endfacet
  facet normal -0.33381 -0.94264 -0
    outer loop
      vertex -7.49366 -23.0631 12.6
      vertex -8.69042 -22.6393 3.59999
      vertex -7.49366 -23.0631 3.59999
    endloop
  endfacet
  facet normal 0.983264 -0.182188 0
    outer loop
      vertex 23.7201 -5.04186 12.6
      vertex 23.9514 -3.79354 3.59999
      vertex 23.9514 -3.79354 12.6
    endloop
  endfacet
  facet normal 0.983264 -0.182188 0
    outer loop
      vertex 23.9514 -3.79354 3.59999
      vertex 23.7201 -5.04186 12.6
      vertex 23.7201 -5.04186 3.59999
    endloop
  endfacet
  facet normal 0.688395 0.725336 -0
    outer loop
      vertex 17.1473 17.1473 3.59999
      vertex 16.2264 18.0213 12.6
      vertex 17.1473 17.1473 12.6
    endloop
  endfacet
  facet normal 0.688395 0.725336 0
    outer loop
      vertex 16.2264 18.0213 12.6
      vertex 17.1473 17.1473 3.59999
      vertex 16.2264 18.0213 3.59999
    endloop
  endfacet
  facet normal 0.130592 0.991436 -0
    outer loop
      vertex 3.79354 23.9514 3.59999
      vertex 2.53481 24.1172 12.6
      vertex 3.79354 23.9514 12.6
    endloop
  endfacet
  facet normal 0.130592 0.991436 0
    outer loop
      vertex 2.53481 24.1172 12.6
      vertex 3.79354 23.9514 3.59999
      vertex 2.53481 24.1172 3.59999
    endloop
  endfacet
  facet normal -0.270629 -0.653403 0.706983
    outer loop
      vertex -8.43979 -18.9561 16.1
      vertex -8.69042 -22.6393 12.6
      vertex -7.43613 -19.3718 16.1
    endloop
  endfacet
  facet normal 0.603024 -0.369502 0.706987
    outer loop
      vertex 21.0011 -12.125 12.6
      vertex 17.97 -10.375 16.1
      vertex 20.3378 -13.2075 12.6
    endloop
  endfacet
  facet normal 0.0261503 -0.999658 0
    outer loop
      vertex 0 -24.25 11.15
      vertex 1.26915 -24.2168 12.6
      vertex 0 -24.25 12.6
    endloop
  endfacet
  facet normal 0.0261503 -0.999658 0
    outer loop
      vertex 1.26915 -24.2168 12.6
      vertex 0 -24.25 11.15
      vertex 1.26915 -24.2168 11.15
    endloop
  endfacet
  facet normal 0.582829 0.400598 0.706988
    outer loop
      vertex 20.3378 13.2075 12.6
      vertex 16.7871 12.1965 16.1
      vertex 17.4024 11.3013 16.1
    endloop
  endfacet
  facet normal -0.0923575 -0.701165 0.706992
    outer loop
      vertex -2.16897 -20.6363 16.1
      vertex -3.79354 -23.9514 12.6
      vertex -2.53481 -24.1172 12.6
    endloop
  endfacet
  facet normal -0.23608 0.666661 0.706986
    outer loop
      vertex -7.49366 23.0631 12.6
      vertex -8.69042 22.6393 12.6
      vertex -6.4121 19.7344 16.1
    endloop
  endfacet
  facet normal -0.687691 0.1651 0.706982
    outer loop
      vertex -20.043 5.37049 16.1
      vertex -23.4237 6.27636 12.6
      vertex -20.2966 4.31417 16.1
    endloop
  endfacet
  facet normal -0.128849 0.695394 0.706983
    outer loop
      vertex -3.79354 23.9514 12.6
      vertex -5.04186 23.7201 12.6
      vertex -4.31417 20.2966 16.1
    endloop
  endfacet
  facet normal 0.695394 0.128837 0.706985
    outer loop
      vertex 23.9514 3.79354 12.6
      vertex 20.2966 4.31417 16.1
      vertex 20.4945 3.24601 16.1
    endloop
  endfacet
  facet normal 0.0184942 0.706987 0.706985
    outer loop
      vertex 1.26915 24.2168 12.6
      vertex 0 24.25 12.6
      vertex 1.08597 20.7216 16.1
    endloop
  endfacet
  facet normal 0.824127 -0.566405 0
    outer loop
      vertex 19.6187 -14.2538 12.6
      vertex 20.3378 -13.2075 3.59999
      vertex 20.3378 -13.2075 12.6
    endloop
  endfacet
  facet normal 0.824127 -0.566405 0
    outer loop
      vertex 20.3378 -13.2075 3.59999
      vertex 19.6187 -14.2538 12.6
      vertex 19.6187 -14.2538 3.59999
    endloop
  endfacet
  facet normal 0.94264 -0.33381 0
    outer loop
      vertex 22.6393 -8.69042 12.6
      vertex 23.0631 -7.49366 3.59999
      vertex 23.0631 -7.49366 12.6
    endloop
  endfacet
  facet normal 0.94264 -0.33381 0
    outer loop
      vertex 23.0631 -7.49366 3.59999
      vertex 22.6393 -8.69042 12.6
      vertex 22.6393 -8.69042 3.59999
    endloop
  endfacet
  facet normal 0.128849 0.695394 0.706983
    outer loop
      vertex 5.04186 23.7201 12.6
      vertex 3.79354 23.9514 12.6
      vertex 4.31417 20.2966 16.1
    endloop
  endfacet
  facet normal 0.165112 0.687686 0.706984
    outer loop
      vertex 5.04186 23.7201 12.6
      vertex 4.31417 20.2966 16.1
      vertex 6.27636 23.4237 12.6
    endloop
  endfacet
  facet normal 0.486832 0.513003 0.706981
    outer loop
      vertex 16.2264 18.0213 12.6
      vertex 13.8845 15.4203 16.1
      vertex 14.6725 14.6725 16.1
    endloop
  endfacet
  facet normal 0.233462 0.972366 -0
    outer loop
      vertex 6.27636 23.4237 3.59999
      vertex 5.04186 23.7201 12.6
      vertex 6.27636 23.4237 12.6
    endloop
  endfacet
  facet normal 0.233462 0.972366 0
    outer loop
      vertex 5.04186 23.7201 12.6
      vertex 6.27636 23.4237 3.59999
      vertex 5.04186 23.7201 3.59999
    endloop
  endfacet
  facet normal 0.33381 -0.94264 0
    outer loop
      vertex 7.49366 -23.0631 3.59999
      vertex 8.69042 -22.6393 12.6
      vertex 7.49366 -23.0631 12.6
    endloop
  endfacet
  facet normal 0.33381 -0.94264 0
    outer loop
      vertex 8.69042 -22.6393 12.6
      vertex 7.49366 -23.0631 3.59999
      vertex 8.69042 -22.6393 3.59999
    endloop
  endfacet
  facet normal -0.400574 0.58284 0.706992
    outer loop
      vertex -13.2075 20.3378 12.6
      vertex -14.2538 19.6187 12.6
      vertex -12.1965 16.7871 16.1
    endloop
  endfacet
  facet normal 0.902581 0.430521 0
    outer loop
      vertex 22.1535 9.86336 12.6
      vertex 21.6069 11.0093 3.59999
      vertex 21.6069 11.0093 12.6
    endloop
  endfacet
  facet normal 0.902581 0.430521 0
    outer loop
      vertex 21.6069 11.0093 3.59999
      vertex 22.1535 9.86336 12.6
      vertex 22.1535 9.86336 3.59999
    endloop
  endfacet
  facet normal 0.182188 0.983264 -0
    outer loop
      vertex 5.04186 23.7201 3.59999
      vertex 3.79354 23.9514 12.6
      vertex 5.04186 23.7201 12.6
    endloop
  endfacet
  facet normal 0.182188 0.983264 0
    outer loop
      vertex 3.79354 23.9514 12.6
      vertex 5.04186 23.7201 3.59999
      vertex 3.79354 23.9514 3.59999
    endloop
  endfacet
  facet normal -0.513003 0.486832 0.706981
    outer loop
      vertex -14.6725 14.6725 16.1
      vertex -18.0213 16.2264 12.6
      vertex -15.4203 13.8845 16.1
    endloop
  endfacet
  facet normal -0.236062 0.666671 0.706982
    outer loop
      vertex -6.4121 19.7344 16.1
      vertex -8.69042 22.6393 12.6
      vertex -7.43613 19.3718 16.1
    endloop
  endfacet
  facet normal -0.0184942 -0.706987 0.706985
    outer loop
      vertex -1.08597 -20.7216 16.1
      vertex -1.26915 -24.2168 12.6
      vertex 0 -24.25 12.6
    endloop
  endfacet
  facet normal -0.621512 0.33748 0.706987
    outer loop
      vertex -17.97 10.375 16.1
      vertex -21.0011 12.125 12.6
      vertex -18.4884 9.4203 16.1
    endloop
  endfacet
  facet normal -0.486832 0.513003 0.706981
    outer loop
      vertex -13.8845 15.4203 16.1
      vertex -16.2264 18.0213 12.6
      vertex -14.6725 14.6725 16.1
    endloop
  endfacet
  facet normal 0.128849 -0.695394 0.706983
    outer loop
      vertex 4.31417 -20.2966 16.1
      vertex 3.79354 -23.9514 12.6
      vertex 5.04186 -23.7201 12.6
    endloop
  endfacet
  facet normal 0.705037 -0.0555306 0.706993
    outer loop
      vertex 20.7216 -1.08597 16.1
      vertex 20.6363 -2.16897 16.1
      vertex 24.1172 -2.53481 12.6
    endloop
  endfacet
  facet normal -0.653403 0.270629 0.706983
    outer loop
      vertex -18.9561 8.43979 16.1
      vertex -22.6393 8.69042 12.6
      vertex -19.3718 7.43613 16.1
    endloop
  endfacet
  facet normal -0.653404 0.270622 0.706984
    outer loop
      vertex -22.1535 9.86336 12.6
      vertex -22.6393 8.69042 12.6
      vertex -18.9561 8.43979 16.1
    endloop
  endfacet
  facet normal -0.705037 -0.0555306 0.706993
    outer loop
      vertex -20.7216 -1.08597 16.1
      vertex -24.1172 -2.53481 12.6
      vertex -20.6363 -2.16897 16.1
    endloop
  endfacet
  facet normal -0.459301 0.537792 0.706981
    outer loop
      vertex -15.261 18.8458 12.6
      vertex -16.2264 18.0213 12.6
      vertex -13.8845 15.4203 16.1
    endloop
  endfacet
  facet normal -0.695394 0.128837 0.706985
    outer loop
      vertex -20.2966 4.31417 16.1
      vertex -23.9514 3.79354 12.6
      vertex -20.4945 3.24601 16.1
    endloop
  endfacet
  facet normal -0.695394 0.128849 0.706983
    outer loop
      vertex -23.7201 5.04186 12.6
      vertex -23.9514 3.79354 12.6
      vertex -20.2966 4.31417 16.1
    endloop
  endfacet
  facet normal -0.705037 0.0555306 0.706993
    outer loop
      vertex -20.6363 2.16897 16.1
      vertex -24.1172 2.53481 12.6
      vertex -20.7216 1.08597 16.1
    endloop
  endfacet
  facet normal -0.1651 -0.687691 0.706982
    outer loop
      vertex -5.37049 -20.043 16.1
      vertex -6.27636 -23.4237 12.6
      vertex -4.31417 -20.2966 16.1
    endloop
  endfacet
  facet normal -0.999658 0.0261503 0
    outer loop
      vertex -24.25 0 3.59999
      vertex -24.2168 1.26915 12.6
      vertex -24.2168 1.26915 3.59999
    endloop
  endfacet
  facet normal -0.999658 0.0261503 0
    outer loop
      vertex -24.2168 1.26915 12.6
      vertex -24.25 0 3.59999
      vertex -24.25 0 12.6
    endloop
  endfacet
  facet normal -0.638332 -0.304477 0.706984
    outer loop
      vertex -18.9561 -8.43979 16.1
      vertex -22.1535 -9.86336 12.6
      vertex -21.6069 -11.0093 12.6
    endloop
  endfacet
  facet normal -0.653404 -0.270622 0.706984
    outer loop
      vertex -18.9561 -8.43979 16.1
      vertex -22.6393 -8.69042 12.6
      vertex -22.1535 -9.86336 12.6
    endloop
  endfacet
  facet normal -0.793335 0.608785 0
    outer loop
      vertex -19.6187 14.2538 3.59999
      vertex -18.8458 15.261 12.6
      vertex -18.8458 15.261 3.59999
    endloop
  endfacet
  facet normal -0.793335 0.608785 0
    outer loop
      vertex -18.8458 15.261 12.6
      vertex -19.6187 14.2538 3.59999
      vertex -19.6187 14.2538 12.6
    endloop
  endfacet
  facet normal -0.687686 -0.165112 0.706984
    outer loop
      vertex -20.2966 -4.31417 16.1
      vertex -23.7201 -5.04186 12.6
      vertex -23.4237 -6.27636 12.6
    endloop
  endfacet
  facet normal -0.695394 -0.128849 0.706983
    outer loop
      vertex -20.2966 -4.31417 16.1
      vertex -23.9514 -3.79354 12.6
      vertex -23.7201 -5.04186 12.6
    endloop
  endfacet
  facet normal 0.638329 0.304481 0.706985
    outer loop
      vertex 21.6069 11.0093 12.6
      vertex 18.4884 9.4203 16.1
      vertex 18.9561 8.43979 16.1
    endloop
  endfacet
  facet normal 0.130592 -0.991436 0
    outer loop
      vertex 2.53481 -24.1172 11.15
      vertex 3.79354 -23.9514 12.6
      vertex 2.53481 -24.1172 12.6
    endloop
  endfacet
  facet normal 0.130592 -0.991436 0
    outer loop
      vertex 3.79354 -23.9514 12.6
      vertex 2.53481 -24.1172 11.15
      vertex 3.79354 -23.9514 11.15
    endloop
  endfacet
  facet normal -0.165112 -0.687686 0.706984
    outer loop
      vertex -4.31417 -20.2966 16.1
      vertex -6.27636 -23.4237 12.6
      vertex -5.04186 -23.7201 12.6
    endloop
  endfacet
  facet normal 0.695394 -0.128849 0.706983
    outer loop
      vertex 23.9514 -3.79354 12.6
      vertex 20.2966 -4.31417 16.1
      vertex 23.7201 -5.04186 12.6
    endloop
  endfacet
  facet normal 0.0554832 -0.705048 0.706985
    outer loop
      vertex 2.53481 -24.1172 12.6
      vertex 1.08597 -20.7216 16.1
      vertex 1.26915 -24.2168 12.6
    endloop
  endfacet
  facet normal 0.0184942 -0.706987 0.706985
    outer loop
      vertex 1.08597 -20.7216 16.1
      vertex 0 -24.25 12.6
      vertex 1.26915 -24.2168 12.6
    endloop
  endfacet
  facet normal 0.608785 -0.793335 0
    outer loop
      vertex 14.2538 -19.6187 3.59999
      vertex 15.261 -18.8458 12.6
      vertex 14.2538 -19.6187 12.6
    endloop
  endfacet
  facet normal 0.608785 -0.793335 0
    outer loop
      vertex 15.261 -18.8458 12.6
      vertex 14.2538 -19.6187 3.59999
      vertex 15.261 -18.8458 3.59999
    endloop
  endfacet
  facet normal 0.621519 -0.337471 0.706985
    outer loop
      vertex 21.6069 -11.0093 12.6
      vertex 18.4884 -9.4203 16.1
      vertex 21.0011 -12.125 12.6
    endloop
  endfacet
  facet normal 0.284029 -0.958816 0
    outer loop
      vertex 6.27636 -23.4237 10.0684
      vertex 7.49366 -23.0631 12.6
      vertex 6.27636 -23.4237 12.6
    endloop
  endfacet
  facet normal 0.286204 -0.958168 -0.00113786
    outer loop
      vertex 6.28201 -23.422 10.058
      vertex 7.49366 -23.0631 12.6
      vertex 6.27636 -23.4237 10.0684
    endloop
  endfacet
  facet normal 0.283491 -0.958975 0.000268989
    outer loop
      vertex 6.32709 -23.4087 9.96348
      vertex 7.49366 -23.0631 12.6
      vertex 6.28201 -23.422 10.058
    endloop
  endfacet
  facet normal 0.28436 -0.958718 -0.000149144
    outer loop
      vertex 6.36716 -23.3968 9.86674
      vertex 7.49366 -23.0631 12.6
      vertex 6.32709 -23.4087 9.96348
    endloop
  endfacet
  facet normal 0.283408 -0.958999 0.000277715
    outer loop
      vertex 6.40211 -23.3865 9.76803
      vertex 7.49366 -23.0631 12.6
      vertex 6.36716 -23.3968 9.86674
    endloop
  endfacet
  facet normal 0.285213 -0.958464 -0.00047912
    outer loop
      vertex 6.43185 -23.3776 9.66764
      vertex 7.49366 -23.0631 12.6
      vertex 6.40211 -23.3865 9.76803
    endloop
  endfacet
  facet normal 0.283394 -0.959003 0.000237301
    outer loop
      vertex 6.4563 -23.3704 9.56582
      vertex 7.49366 -23.0631 12.6
      vertex 6.43185 -23.3776 9.66764
    endloop
  endfacet
  facet normal 0.283234 -0.959051 0.00029702
    outer loop
      vertex 6.47537 -23.3648 9.46287
      vertex 7.49366 -23.0631 12.6
      vertex 6.4563 -23.3704 9.56582
    endloop
  endfacet
  facet normal 0.285002 -0.958527 -0.000327372
    outer loop
      vertex 6.48904 -23.3607 9.35906
      vertex 7.49366 -23.0631 12.6
      vertex 6.47537 -23.3648 9.46287
    endloop
  endfacet
  facet normal 0.283334 -0.959021 0.000234926
    outer loop
      vertex 6.49725 -23.3583 9.25467
      vertex 7.49366 -23.0631 12.6
      vertex 6.48904 -23.3607 9.35906
    endloop
  endfacet
  facet normal 0.283677 -0.95892 0.000123965
    outer loop
      vertex 6.5 -23.3575 9.15
      vertex 7.49366 -23.0631 12.6
      vertex 6.49725 -23.3583 9.25467
    endloop
  endfacet
  facet normal 0.284073 -0.958803 0
    outer loop
      vertex 7.49366 -23.0631 3.59999
      vertex 6.5 -23.3575 9.15
      vertex 6.5 -23.3575 3.59999
    endloop
  endfacet
  facet normal 0.284073 -0.958803 0
    outer loop
      vertex 6.5 -23.3575 9.15
      vertex 7.49366 -23.0631 3.59999
      vertex 7.49366 -23.0631 12.6
    endloop
  endfacet
  facet normal 0.687691 0.1651 0.706982
    outer loop
      vertex 23.4237 6.27636 12.6
      vertex 20.043 5.37049 16.1
      vertex 20.2966 4.31417 16.1
    endloop
  endfacet
  facet normal 0.678097 -0.200901 0.706981
    outer loop
      vertex 20.043 -5.37049 16.1
      vertex 19.7344 -6.4121 16.1
      vertex 23.4237 -6.27636 12.6
    endloop
  endfacet
  facet normal -0.130592 0.991436 0
    outer loop
      vertex -2.53481 24.1172 3.59999
      vertex -3.79354 23.9514 12.6
      vertex -2.53481 24.1172 12.6
    endloop
  endfacet
  facet normal -0.130592 0.991436 0
    outer loop
      vertex -3.79354 23.9514 12.6
      vertex -2.53481 24.1172 3.59999
      vertex -3.79354 23.9514 3.59999
    endloop
  endfacet
  facet normal 0.537792 0.459301 0.706981
    outer loop
      vertex 18.0213 16.2264 12.6
      vertex 15.4203 13.8845 16.1
      vertex 18.8458 15.261 12.6
    endloop
  endfacet
  facet normal 0.760417 0.649435 0
    outer loop
      vertex 18.8458 15.261 12.6
      vertex 18.0213 16.2264 3.59999
      vertex 18.0213 16.2264 12.6
    endloop
  endfacet
  facet normal 0.760417 0.649435 0
    outer loop
      vertex 18.0213 16.2264 3.59999
      vertex 18.8458 15.261 12.6
      vertex 18.8458 15.261 3.59999
    endloop
  endfacet
  facet normal 0.972366 -0.233462 0
    outer loop
      vertex 23.4237 -6.27636 12.6
      vertex 23.7201 -5.04186 3.59999
      vertex 23.7201 -5.04186 12.6
    endloop
  endfacet
  facet normal 0.972366 -0.233462 0
    outer loop
      vertex 23.7201 -5.04186 3.59999
      vertex 23.4237 -6.27636 12.6
      vertex 23.4237 -6.27636 3.59999
    endloop
  endfacet
  facet normal 0.649435 0.760417 -0
    outer loop
      vertex 16.2264 18.0213 3.59999
      vertex 15.261 18.8458 12.6
      vertex 16.2264 18.0213 12.6
    endloop
  endfacet
  facet normal 0.649435 0.760417 0
    outer loop
      vertex 15.261 18.8458 12.6
      vertex 16.2264 18.0213 3.59999
      vertex 15.261 18.8458 3.59999
    endloop
  endfacet
  facet normal 0.666671 -0.236062 0.706982
    outer loop
      vertex 19.7344 -6.4121 16.1
      vertex 19.3718 -7.43613 16.1
      vertex 22.6393 -8.69042 12.6
    endloop
  endfacet
  facet normal -0.304481 0.638329 0.706985
    outer loop
      vertex -8.43979 18.9561 16.1
      vertex -11.0093 21.6069 12.6
      vertex -9.4203 18.4884 16.1
    endloop
  endfacet
  facet normal -0.60302 0.369507 0.706988
    outer loop
      vertex -17.4024 11.3013 16.1
      vertex -20.3378 13.2075 12.6
      vertex -17.97 10.375 16.1
    endloop
  endfacet
  facet normal 0.996918 0.0784516 0
    outer loop
      vertex 24.2168 1.26915 12.6
      vertex 24.1172 2.53481 3.59999
      vertex 24.1172 2.53481 12.6
    endloop
  endfacet
  facet normal 0.996918 0.0784516 0
    outer loop
      vertex 24.1172 2.53481 3.59999
      vertex 24.2168 1.26915 12.6
      vertex 24.2168 1.26915 3.59999
    endloop
  endfacet
  facet normal 0.608785 0.793335 -0
    outer loop
      vertex 15.261 18.8458 3.59999
      vertex 14.2538 19.6187 12.6
      vertex 15.261 18.8458 12.6
    endloop
  endfacet
  facet normal 0.608785 0.793335 0
    outer loop
      vertex 14.2538 19.6187 12.6
      vertex 15.261 18.8458 3.59999
      vertex 14.2538 19.6187 3.59999
    endloop
  endfacet
  facet normal 0.85266 0.522466 0
    outer loop
      vertex 21.0011 12.125 12.6
      vertex 20.3378 13.2075 3.59999
      vertex 20.3378 13.2075 12.6
    endloop
  endfacet
  facet normal 0.85266 0.522466 0
    outer loop
      vertex 20.3378 13.2075 3.59999
      vertex 21.0011 12.125 12.6
      vertex 21.0011 12.125 3.59999
    endloop
  endfacet
  facet normal 0.5378 -0.459288 0.706984
    outer loop
      vertex 16.1258 -13.0584 16.1
      vertex 15.4203 -13.8845 16.1
      vertex 18.8458 -15.261 12.6
    endloop
  endfacet
  facet normal 0.537792 -0.459301 0.706981
    outer loop
      vertex 18.8458 -15.261 12.6
      vertex 15.4203 -13.8845 16.1
      vertex 18.0213 -16.2264 12.6
    endloop
  endfacet
  facet normal 0.687686 -0.165112 0.706984
    outer loop
      vertex 23.7201 -5.04186 12.6
      vertex 20.2966 -4.31417 16.1
      vertex 23.4237 -6.27636 12.6
    endloop
  endfacet
  facet normal 0.382651 -0.923893 0
    outer loop
      vertex 8.69042 -22.6393 3.59999
      vertex 9.86336 -22.1535 12.6
      vertex 8.69042 -22.6393 12.6
    endloop
  endfacet
  facet normal 0.382651 -0.923893 0
    outer loop
      vertex 9.86336 -22.1535 12.6
      vertex 8.69042 -22.6393 3.59999
      vertex 9.86336 -22.1535 3.59999
    endloop
  endfacet
  facet normal 0.566405 -0.824127 0
    outer loop
      vertex 13.2075 -20.3378 3.59999
      vertex 14.2538 -19.6187 12.6
      vertex 13.2075 -20.3378 12.6
    endloop
  endfacet
  facet normal 0.566405 -0.824127 0
    outer loop
      vertex 14.2538 -19.6187 12.6
      vertex 13.2075 -20.3378 3.59999
      vertex 14.2538 -19.6187 3.59999
    endloop
  endfacet
  facet normal 0.304481 -0.638329 0.706985
    outer loop
      vertex 9.4203 -18.4884 16.1
      vertex 8.43979 -18.9561 16.1
      vertex 11.0093 -21.6069 12.6
    endloop
  endfacet
  facet normal 0.304477 -0.638332 0.706984
    outer loop
      vertex 11.0093 -21.6069 12.6
      vertex 8.43979 -18.9561 16.1
      vertex 9.86336 -22.1535 12.6
    endloop
  endfacet
  facet normal 0.638332 -0.304477 0.706984
    outer loop
      vertex 22.1535 -9.86336 12.6
      vertex 18.9561 -8.43979 16.1
      vertex 21.6069 -11.0093 12.6
    endloop
  endfacet
  facet normal 0.128837 0.695394 0.706985
    outer loop
      vertex 3.79354 23.9514 12.6
      vertex 3.24601 20.4945 16.1
      vertex 4.31417 20.2966 16.1
    endloop
  endfacet
  facet normal 0.94264 0.33381 0
    outer loop
      vertex 23.0631 7.49366 12.6
      vertex 22.6393 8.69042 3.59999
      vertex 22.6393 8.69042 12.6
    endloop
  endfacet
  facet normal 0.94264 0.33381 0
    outer loop
      vertex 22.6393 8.69042 3.59999
      vertex 23.0631 7.49366 12.6
      vertex 23.0631 7.49366 3.59999
    endloop
  endfacet
  facet normal -0.793335 -0.608785 0
    outer loop
      vertex -18.8458 -15.261 3.59999
      vertex -19.6187 -14.2538 12.6
      vertex -19.6187 -14.2538 3.59999
    endloop
  endfacet
  facet normal -0.793335 -0.608785 0
    outer loop
      vertex -19.6187 -14.2538 12.6
      vertex -18.8458 -15.261 3.59999
      vertex -18.8458 -15.261 12.6
    endloop
  endfacet
  facet normal 0.0554832 0.705048 0.706985
    outer loop
      vertex 1.26915 24.2168 12.6
      vertex 1.08597 20.7216 16.1
      vertex 2.53481 24.1172 12.6
    endloop
  endfacet
  facet normal 0.382651 0.923893 -0
    outer loop
      vertex 9.86336 22.1535 3.59999
      vertex 8.69042 22.6393 12.6
      vertex 9.86336 22.1535 12.6
    endloop
  endfacet
  facet normal 0.382651 0.923893 0
    outer loop
      vertex 8.69042 22.6393 12.6
      vertex 9.86336 22.1535 3.59999
      vertex 8.69042 22.6393 3.59999
    endloop
  endfacet
  facet normal -0.0923575 0.701165 0.706992
    outer loop
      vertex -2.53481 24.1172 12.6
      vertex -3.79354 23.9514 12.6
      vertex -2.16897 20.6363 16.1
    endloop
  endfacet
  facet normal -0.33748 0.621512 0.706987
    outer loop
      vertex -9.4203 18.4884 16.1
      vertex -12.125 21.0011 12.6
      vertex -10.375 17.97 16.1
    endloop
  endfacet
  facet normal 0.430551 0.56107 0.706984
    outer loop
      vertex 14.2538 19.6187 12.6
      vertex 13.0584 16.1258 16.1
      vertex 15.261 18.8458 12.6
    endloop
  endfacet
  facet normal -0.270622 0.653404 0.706984
    outer loop
      vertex -8.69042 22.6393 12.6
      vertex -9.86336 22.1535 12.6
      vertex -8.43979 18.9561 16.1
    endloop
  endfacet
  facet normal 0.561095 0.430505 0.706992
    outer loop
      vertex 19.6187 14.2538 12.6
      vertex 16.1258 13.0584 16.1
      vertex 16.7871 12.1965 16.1
    endloop
  endfacet
  facet normal -0.369502 0.603024 0.706987
    outer loop
      vertex -12.125 21.0011 12.6
      vertex -13.2075 20.3378 12.6
      vertex -10.375 17.97 16.1
    endloop
  endfacet
  facet normal -0.0555306 0.705037 0.706993
    outer loop
      vertex -1.08597 20.7216 16.1
      vertex -2.53481 24.1172 12.6
      vertex -2.16897 20.6363 16.1
    endloop
  endfacet
  facet normal 0.0923575 0.701165 0.706992
    outer loop
      vertex 2.53481 24.1172 12.6
      vertex 2.16897 20.6363 16.1
      vertex 3.79354 23.9514 12.6
    endloop
  endfacet
  facet normal 0.56107 0.430551 0.706984
    outer loop
      vertex 18.8458 15.261 12.6
      vertex 16.1258 13.0584 16.1
      vertex 19.6187 14.2538 12.6
    endloop
  endfacet
  facet normal -0.459288 0.5378 0.706984
    outer loop
      vertex -13.0584 16.1258 16.1
      vertex -15.261 18.8458 12.6
      vertex -13.8845 15.4203 16.1
    endloop
  endfacet
  facet normal -0.725336 -0.688395 0
    outer loop
      vertex -17.1473 -17.1473 3.59999
      vertex -18.0213 -16.2264 12.6
      vertex -18.0213 -16.2264 3.59999
    endloop
  endfacet
  facet normal -0.725336 -0.688395 0
    outer loop
      vertex -18.0213 -16.2264 12.6
      vertex -17.1473 -17.1473 3.59999
      vertex -17.1473 -17.1473 12.6
    endloop
  endfacet
  facet normal -0.128849 -0.695394 0.706983
    outer loop
      vertex -4.31417 -20.2966 16.1
      vertex -5.04186 -23.7201 12.6
      vertex -3.79354 -23.9514 12.6
    endloop
  endfacet
  facet normal -0.0784516 -0.996918 0
    outer loop
      vertex -2.53481 -24.1172 11.15
      vertex -1.26915 -24.2168 12.6
      vertex -2.53481 -24.1172 12.6
    endloop
  endfacet
  facet normal -0.0784516 -0.996918 -0
    outer loop
      vertex -1.26915 -24.2168 12.6
      vertex -2.53481 -24.1172 11.15
      vertex -1.26915 -24.2168 11.15
    endloop
  endfacet
  facet normal -0.94264 0.33381 0
    outer loop
      vertex -23.0631 7.49366 3.59999
      vertex -22.6393 8.69042 12.6
      vertex -22.6393 8.69042 3.59999
    endloop
  endfacet
  facet normal -0.94264 0.33381 0
    outer loop
      vertex -22.6393 8.69042 12.6
      vertex -23.0631 7.49366 3.59999
      vertex -23.0631 7.49366 12.6
    endloop
  endfacet
  facet normal -0.649435 -0.760417 0
    outer loop
      vertex -16.2264 -18.0213 3.59999
      vertex -15.261 -18.8458 12.6
      vertex -16.2264 -18.0213 12.6
    endloop
  endfacet
  facet normal -0.649435 -0.760417 -0
    outer loop
      vertex -15.261 -18.8458 12.6
      vertex -16.2264 -18.0213 3.59999
      vertex -15.261 -18.8458 3.59999
    endloop
  endfacet
  facet normal 0.566405 0.824127 -0
    outer loop
      vertex 14.2538 19.6187 3.59999
      vertex 13.2075 20.3378 12.6
      vertex 14.2538 19.6187 12.6
    endloop
  endfacet
  facet normal 0.566405 0.824127 0
    outer loop
      vertex 13.2075 20.3378 12.6
      vertex 14.2538 19.6187 3.59999
      vertex 13.2075 20.3378 3.59999
    endloop
  endfacet
  facet normal 0.522466 0.85266 -0
    outer loop
      vertex 13.2075 20.3378 3.59999
      vertex 12.125 21.0011 12.6
      vertex 13.2075 20.3378 12.6
    endloop
  endfacet
  facet normal 0.522466 0.85266 0
    outer loop
      vertex 12.125 21.0011 12.6
      vertex 13.2075 20.3378 3.59999
      vertex 12.125 21.0011 3.59999
    endloop
  endfacet
  facet normal 0.824127 0.566405 0
    outer loop
      vertex 20.3378 13.2075 12.6
      vertex 19.6187 14.2538 3.59999
      vertex 19.6187 14.2538 12.6
    endloop
  endfacet
  facet normal 0.824127 0.566405 0
    outer loop
      vertex 19.6187 14.2538 3.59999
      vertex 20.3378 13.2075 12.6
      vertex 20.3378 13.2075 3.59999
    endloop
  endfacet
  facet normal -0.649435 0.760417 0
    outer loop
      vertex -15.261 18.8458 3.59999
      vertex -16.2264 18.0213 12.6
      vertex -15.261 18.8458 12.6
    endloop
  endfacet
  facet normal -0.649435 0.760417 0
    outer loop
      vertex -16.2264 18.0213 12.6
      vertex -15.261 18.8458 3.59999
      vertex -16.2264 18.0213 3.59999
    endloop
  endfacet
  facet normal -0.0923151 -0.701178 0.706985
    outer loop
      vertex -3.24601 -20.4945 16.1
      vertex -3.79354 -23.9514 12.6
      vertex -2.16897 -20.6363 16.1
    endloop
  endfacet
  facet normal 0.705037 0.0555306 0.706993
    outer loop
      vertex 24.1172 2.53481 12.6
      vertex 20.6363 2.16897 16.1
      vertex 20.7216 1.08597 16.1
    endloop
  endfacet
  facet normal 0.430505 0.561095 0.706992
    outer loop
      vertex 14.2538 19.6187 12.6
      vertex 12.1965 16.7871 16.1
      vertex 13.0584 16.1258 16.1
    endloop
  endfacet
  facet normal 0.23608 -0.666661 0.706986
    outer loop
      vertex 8.69042 -22.6393 12.6
      vertex 6.4121 -19.7344 16.1
      vertex 7.49366 -23.0631 12.6
    endloop
  endfacet
  facet normal 0.0923151 -0.701178 0.706985
    outer loop
      vertex 3.24601 -20.4945 16.1
      vertex 2.16897 -20.6363 16.1
      vertex 3.79354 -23.9514 12.6
    endloop
  endfacet
  facet normal -0.983264 0.182188 0
    outer loop
      vertex -23.9514 3.79354 3.59999
      vertex -23.7201 5.04186 12.6
      vertex -23.7201 5.04186 3.59999
    endloop
  endfacet
  facet normal -0.983264 0.182188 0
    outer loop
      vertex -23.7201 5.04186 12.6
      vertex -23.9514 3.79354 3.59999
      vertex -23.9514 3.79354 12.6
    endloop
  endfacet
  facet normal 0.621519 0.337471 0.706985
    outer loop
      vertex 21.0011 12.125 12.6
      vertex 18.4884 9.4203 16.1
      vertex 21.6069 11.0093 12.6
    endloop
  endfacet
  facet normal 0.0923575 -0.701165 0.706992
    outer loop
      vertex 3.79354 -23.9514 12.6
      vertex 2.16897 -20.6363 16.1
      vertex 2.53481 -24.1172 12.6
    endloop
  endfacet
  facet normal 0.459288 0.5378 0.706984
    outer loop
      vertex 15.261 18.8458 12.6
      vertex 13.0584 16.1258 16.1
      vertex 13.8845 15.4203 16.1
    endloop
  endfacet
  facet normal 0.236062 0.666671 0.706982
    outer loop
      vertex 8.69042 22.6393 12.6
      vertex 6.4121 19.7344 16.1
      vertex 7.43613 19.3718 16.1
    endloop
  endfacet
  facet normal -0.400598 0.582829 0.706988
    outer loop
      vertex -11.3013 17.4024 16.1
      vertex -13.2075 20.3378 12.6
      vertex -12.1965 16.7871 16.1
    endloop
  endfacet
  facet normal 0.725336 0.688395 0
    outer loop
      vertex 18.0213 16.2264 12.6
      vertex 17.1473 17.1473 3.59999
      vertex 17.1473 17.1473 12.6
    endloop
  endfacet
  facet normal 0.725336 0.688395 0
    outer loop
      vertex 17.1473 17.1473 3.59999
      vertex 18.0213 16.2264 12.6
      vertex 18.0213 16.2264 3.59999
    endloop
  endfacet
  facet normal 0.200901 0.678097 0.706981
    outer loop
      vertex 6.27636 23.4237 12.6
      vertex 5.37049 20.043 16.1
      vertex 6.4121 19.7344 16.1
    endloop
  endfacet
  facet normal 0.603024 0.369502 0.706987
    outer loop
      vertex 20.3378 13.2075 12.6
      vertex 17.97 10.375 16.1
      vertex 21.0011 12.125 12.6
    endloop
  endfacet
  facet normal -0.284029 0.958816 0
    outer loop
      vertex -6.27636 23.4237 3.59999
      vertex -7.49366 23.0631 12.6
      vertex -6.27636 23.4237 12.6
    endloop
  endfacet
  facet normal -0.284029 0.958816 0
    outer loop
      vertex -7.49366 23.0631 12.6
      vertex -6.27636 23.4237 3.59999
      vertex -7.49366 23.0631 3.59999
    endloop
  endfacet
  facet normal 0.972366 0.233462 0
    outer loop
      vertex 23.7201 5.04186 12.6
      vertex 23.4237 6.27636 3.59999
      vertex 23.4237 6.27636 12.6
    endloop
  endfacet
  facet normal 0.972366 0.233462 0
    outer loop
      vertex 23.4237 6.27636 3.59999
      vertex 23.7201 5.04186 12.6
      vertex 23.7201 5.04186 3.59999
    endloop
  endfacet
  facet normal 0.958816 -0.284029 0
    outer loop
      vertex 23.0631 -7.49366 12.6
      vertex 23.4237 -6.27636 3.59999
      vertex 23.4237 -6.27636 12.6
    endloop
  endfacet
  facet normal 0.958816 -0.284029 0
    outer loop
      vertex 23.4237 -6.27636 3.59999
      vertex 23.0631 -7.49366 12.6
      vertex 23.0631 -7.49366 3.59999
    endloop
  endfacet
  facet normal 0.304481 0.638329 0.706985
    outer loop
      vertex 11.0093 21.6069 12.6
      vertex 8.43979 18.9561 16.1
      vertex 9.4203 18.4884 16.1
    endloop
  endfacet
  facet normal 0.270629 0.653403 0.706983
    outer loop
      vertex 8.69042 22.6393 12.6
      vertex 7.43613 19.3718 16.1
      vertex 8.43979 18.9561 16.1
    endloop
  endfacet
  facet normal 0.233605 -0.972332 0
    outer loop
      vertex 5.11803 -23.7018 11.0521
      vertex 5.04186 -23.7201 12.6
      vertex 5.04186 -23.7201 11.0747
    endloop
  endfacet
  facet normal 0.23346 -0.972366 -7.53878e-06
    outer loop
      vertex 5.21674 -23.6781 11.0172
      vertex 5.04186 -23.7201 12.6
      vertex 5.11803 -23.7018 11.0521
    endloop
  endfacet
  facet normal 0.23319 -0.972431 -3.90284e-05
    outer loop
      vertex 5.31348 -23.6549 10.9771
      vertex 5.04186 -23.7201 12.6
      vertex 5.21674 -23.6781 11.0172
    endloop
  endfacet
  facet normal 0.233462 -0.972366 9.10888e-06
    outer loop
      vertex 5.04186 -23.7201 12.6
      vertex 5.31348 -23.6549 10.9771
      vertex 6.27636 -23.4237 12.6
    endloop
  endfacet
  facet normal 0.233566 -0.972341 -5.57787e-05
    outer loop
      vertex 5.40797 -23.6322 10.932
      vertex 6.27636 -23.4237 12.6
      vertex 5.31348 -23.6549 10.9771
    endloop
  endfacet
  facet normal 0.233493 -0.972359 -1.56298e-05
    outer loop
      vertex 5.5 -23.6101 10.8821
      vertex 6.27636 -23.4237 12.6
      vertex 5.40797 -23.6322 10.932
    endloop
  endfacet
  facet normal 0.233173 -0.972435 0.000137428
    outer loop
      vertex 5.58928 -23.5887 10.8273
      vertex 6.27636 -23.4237 12.6
      vertex 5.5 -23.6101 10.8821
    endloop
  endfacet
  facet normal 0.234162 -0.972198 -0.000268076
    outer loop
      vertex 5.67557 -23.5679 10.768
      vertex 6.27636 -23.4237 12.6
      vertex 5.58928 -23.5887 10.8273
    endloop
  endfacet
  facet normal 0.233051 -0.972465 0.000117301
    outer loop
      vertex 5.75864 -23.548 10.7043
      vertex 6.27636 -23.4237 12.6
      vertex 5.67557 -23.5679 10.768
    endloop
  endfacet
  facet normal 0.233306 -0.972403 4.34326e-05
    outer loop
      vertex 5.83826 -23.5289 10.6363
      vertex 6.27636 -23.4237 12.6
      vertex 5.75864 -23.548 10.7043
    endloop
  endfacet
  facet normal 0.234089 -0.972215 -0.000141129
    outer loop
      vertex 5.91422 -23.5106 10.5642
      vertex 6.27636 -23.4237 12.6
      vertex 5.83826 -23.5289 10.6363
    endloop
  endfacet
  facet normal 0.233428 -0.972374 -1.67918e-05
    outer loop
      vertex 5.98628 -23.4933 10.4883
      vertex 6.27636 -23.4237 12.6
      vertex 5.91422 -23.5106 10.5642
    endloop
  endfacet
  facet normal 0.233104 -0.972452 3.02812e-05
    outer loop
      vertex 6.05429 -23.477 10.4086
      vertex 6.27636 -23.4237 12.6
      vertex 5.98628 -23.4933 10.4883
    endloop
  endfacet
  facet normal 0.233405 -0.97238 -2.02334e-06
    outer loop
      vertex 6.11803 -23.4617 10.3256
      vertex 6.27636 -23.4237 12.6
      vertex 6.05429 -23.477 10.4086
    endloop
  endfacet
  facet normal 0.232889 -0.972503 3.59652e-05
    outer loop
      vertex 6.17734 -23.4475 10.2393
      vertex 6.27636 -23.4237 12.6
      vertex 6.11803 -23.4617 10.3256
    endloop
  endfacet
  facet normal 0.23445 -0.972128 -3.33011e-05
    outer loop
      vertex 6.23206 -23.4343 10.15
      vertex 6.27636 -23.4237 12.6
      vertex 6.17734 -23.4475 10.2393
    endloop
  endfacet
  facet normal 0.232709 -0.972546 0
    outer loop
      vertex 6.27636 -23.4237 12.6
      vertex 6.23206 -23.4343 10.15
      vertex 6.27636 -23.4237 10.0684
    endloop
  endfacet
  facet normal -0.430551 0.56107 0.706984
    outer loop
      vertex -14.2538 19.6187 12.6
      vertex -15.261 18.8458 12.6
      vertex -13.0584 16.1258 16.1
    endloop
  endfacet
  facet normal 0.400598 0.582829 0.706988
    outer loop
      vertex 13.2075 20.3378 12.6
      vertex 11.3013 17.4024 16.1
      vertex 12.1965 16.7871 16.1
    endloop
  endfacet
  facet normal 0.128837 -0.695394 0.706985
    outer loop
      vertex 4.31417 -20.2966 16.1
      vertex 3.24601 -20.4945 16.1
      vertex 3.79354 -23.9514 12.6
    endloop
  endfacet
  facet normal -0.200873 0.678101 0.706986
    outer loop
      vertex -6.27636 23.4237 12.6
      vertex -7.49366 23.0631 12.6
      vertex -6.4121 19.7344 16.1
    endloop
  endfacet
  facet normal -0.304477 0.638332 0.706984
    outer loop
      vertex -9.86336 22.1535 12.6
      vertex -11.0093 21.6069 12.6
      vertex -8.43979 18.9561 16.1
    endloop
  endfacet
  facet normal -0.0261503 0.999658 0
    outer loop
      vertex 0 24.25 3.59999
      vertex -1.26915 24.2168 12.6
      vertex 0 24.25 12.6
    endloop
  endfacet
  facet normal -0.0261503 0.999658 0
    outer loop
      vertex -1.26915 24.2168 12.6
      vertex 0 24.25 3.59999
      vertex -1.26915 24.2168 3.59999
    endloop
  endfacet
  facet normal -0.369507 -0.60302 0.706988
    outer loop
      vertex -11.3013 -17.4024 16.1
      vertex -13.2075 -20.3378 12.6
      vertex -10.375 -17.97 16.1
    endloop
  endfacet
  facet normal 0.706987 0.0184942 0.706985
    outer loop
      vertex 24.2168 1.26915 12.6
      vertex 20.7216 1.08597 16.1
      vertex 24.25 0 12.6
    endloop
  endfacet
  facet normal 0.60302 0.369507 0.706988
    outer loop
      vertex 20.3378 13.2075 12.6
      vertex 17.4024 11.3013 16.1
      vertex 17.97 10.375 16.1
    endloop
  endfacet
  facet normal 0.687691 -0.1651 0.706982
    outer loop
      vertex 20.2966 -4.31417 16.1
      vertex 20.043 -5.37049 16.1
      vertex 23.4237 -6.27636 12.6
    endloop
  endfacet
  facet normal 0.793335 0.608785 0
    outer loop
      vertex 19.6187 14.2538 12.6
      vertex 18.8458 15.261 3.59999
      vertex 18.8458 15.261 12.6
    endloop
  endfacet
  facet normal 0.793335 0.608785 0
    outer loop
      vertex 18.8458 15.261 3.59999
      vertex 19.6187 14.2538 12.6
      vertex 19.6187 14.2538 3.59999
    endloop
  endfacet
  facet normal -0.0184889 0.706986 0.706986
    outer loop
      vertex 0 24.25 12.6
      vertex -1.08597 20.7216 16.1
      vertex 0 20.75 16.1
    endloop
  endfacet
  facet normal 0.878809 0.477174 0
    outer loop
      vertex 21.6069 11.0093 12.6
      vertex 21.0011 12.125 3.59999
      vertex 21.0011 12.125 12.6
    endloop
  endfacet
  facet normal 0.878809 0.477174 0
    outer loop
      vertex 21.0011 12.125 3.59999
      vertex 21.6069 11.0093 12.6
      vertex 21.6069 11.0093 3.59999
    endloop
  endfacet
  facet normal 0.999658 0.0261503 0
    outer loop
      vertex 24.25 0 12.6
      vertex 24.2168 1.26915 3.59999
      vertex 24.2168 1.26915 12.6
    endloop
  endfacet
  facet normal 0.999658 0.0261503 0
    outer loop
      vertex 24.2168 1.26915 3.59999
      vertex 24.25 0 12.6
      vertex 24.25 0 3.59999
    endloop
  endfacet
  facet normal 0.1651 -0.687691 0.706982
    outer loop
      vertex 5.37049 -20.043 16.1
      vertex 4.31417 -20.2966 16.1
      vertex 6.27636 -23.4237 12.6
    endloop
  endfacet
  facet normal -0.284029 -0.958816 0
    outer loop
      vertex -7.49366 -23.0631 12.6
      vertex -6.27636 -23.4237 10.0684
      vertex -6.27636 -23.4237 12.6
    endloop
  endfacet
  facet normal -0.286204 -0.958168 -0.00113786
    outer loop
      vertex -7.49366 -23.0631 12.6
      vertex -6.28201 -23.422 10.058
      vertex -6.27636 -23.4237 10.0684
    endloop
  endfacet
  facet normal -0.283491 -0.958975 0.000268989
    outer loop
      vertex -7.49366 -23.0631 12.6
      vertex -6.32709 -23.4087 9.96348
      vertex -6.28201 -23.422 10.058
    endloop
  endfacet
  facet normal -0.28436 -0.958718 -0.000149144
    outer loop
      vertex -7.49366 -23.0631 12.6
      vertex -6.36716 -23.3968 9.86674
      vertex -6.32709 -23.4087 9.96348
    endloop
  endfacet
  facet normal -0.283408 -0.958999 0.000277715
    outer loop
      vertex -7.49366 -23.0631 12.6
      vertex -6.40211 -23.3865 9.76803
      vertex -6.36716 -23.3968 9.86674
    endloop
  endfacet
  facet normal -0.285213 -0.958464 -0.00047912
    outer loop
      vertex -7.49366 -23.0631 12.6
      vertex -6.43185 -23.3776 9.66764
      vertex -6.40211 -23.3865 9.76803
    endloop
  endfacet
  facet normal -0.283394 -0.959003 0.000237301
    outer loop
      vertex -7.49366 -23.0631 12.6
      vertex -6.4563 -23.3704 9.56582
      vertex -6.43185 -23.3776 9.66764
    endloop
  endfacet
  facet normal -0.283234 -0.959051 0.00029702
    outer loop
      vertex -7.49366 -23.0631 12.6
      vertex -6.47537 -23.3648 9.46287
      vertex -6.4563 -23.3704 9.56582
    endloop
  endfacet
  facet normal -0.285002 -0.958527 -0.000327372
    outer loop
      vertex -7.49366 -23.0631 12.6
      vertex -6.48904 -23.3607 9.35906
      vertex -6.47537 -23.3648 9.46287
    endloop
  endfacet
  facet normal -0.283334 -0.959021 0.000234926
    outer loop
      vertex -7.49366 -23.0631 12.6
      vertex -6.49725 -23.3583 9.25467
      vertex -6.48904 -23.3607 9.35906
    endloop
  endfacet
  facet normal -0.283677 -0.95892 0.000123965
    outer loop
      vertex -7.49366 -23.0631 12.6
      vertex -6.5 -23.3575 9.15
      vertex -6.49725 -23.3583 9.25467
    endloop
  endfacet
  facet normal -0.284073 -0.958803 0
    outer loop
      vertex -7.49366 -23.0631 3.59999
      vertex -6.5 -23.3575 9.15
      vertex -7.49366 -23.0631 12.6
    endloop
  endfacet
  facet normal -0.284073 -0.958803 -0
    outer loop
      vertex -6.5 -23.3575 9.15
      vertex -7.49366 -23.0631 3.59999
      vertex -6.5 -23.3575 3.59999
    endloop
  endfacet
  facet normal -0.902581 -0.430521 0
    outer loop
      vertex -21.6069 -11.0093 3.59999
      vertex -22.1535 -9.86336 6.33398
      vertex -22.1535 -9.86336 3.59999
    endloop
  endfacet
  facet normal -0.902585 -0.430512 -4.12399e-06
    outer loop
      vertex -22.1535 -9.86336 6.33398
      vertex -21.6069 -11.0093 3.59999
      vertex -22.136 -9.90005 6.4
    endloop
  endfacet
  facet normal -0.902613 -0.430453 -3.32397e-05
    outer loop
      vertex -22.136 -9.90005 6.4
      vertex -21.6069 -11.0093 3.59999
      vertex -22.1144 -9.94535 6.49202
    endloop
  endfacet
  facet normal -0.902576 -0.43053 1.75334e-06
    outer loop
      vertex -22.1144 -9.94535 6.49202
      vertex -21.6069 -11.0093 3.59999
      vertex -22.0949 -9.98623 6.58653
    endloop
  endfacet
  facet normal -0.902496 -0.430699 7.25734e-05
    outer loop
      vertex -22.0949 -9.98623 6.58653
      vertex -21.6069 -11.0093 3.59999
      vertex -22.0804 -10.0166 6.6675
    endloop
  endfacet
  facet normal -0.901377 -0.433035 0.00100144
    outer loop
      vertex -22.0804 -10.0166 6.6675
      vertex -21.6069 -11.0093 3.59999
      vertex -22.0775 -10.0226 6.68326
    endloop
  endfacet
  facet normal -0.903703 -0.428158 -0.000914265
    outer loop
      vertex -22.0775 -10.0226 6.68326
      vertex -21.6069 -11.0093 3.59999
      vertex -22.0751 -10.0277 6.69936
    endloop
  endfacet
  facet normal -0.902502 -0.430685 6.7329e-05
    outer loop
      vertex -22.0751 -10.0277 6.69936
      vertex -21.6069 -11.0093 3.59999
      vertex -22.0624 -10.0543 6.78197
    endloop
  endfacet
  facet normal -0.902538 -0.430609 3.95293e-05
    outer loop
      vertex -22.0624 -10.0543 6.78197
      vertex -21.6069 -11.0093 3.59999
      vertex -22.0603 -10.0587 6.79839
    endloop
  endfacet
  facet normal -0.902824 -0.430011 -0.000178916
    outer loop
      vertex -22.0603 -10.0587 6.79839
      vertex -21.6069 -11.0093 3.59999
      vertex -22.0496 -10.0812 6.88236
    endloop
  endfacet
  facet normal -0.901955 -0.43183 0.000452863
    outer loop
      vertex -22.0496 -10.0812 6.88236
      vertex -21.6069 -11.0093 3.59999
      vertex -22.0407 -10.0997 6.96745
    endloop
  endfacet
  facet normal -0.905351 -0.42466 -0.00192145
    outer loop
      vertex -22.0407 -10.0997 6.96745
      vertex -21.6069 -11.0093 3.59999
      vertex -22.039 -10.1034 6.98418
    endloop
  endfacet
  facet normal -0.902205 -0.431307 0.000259354
    outer loop
      vertex -22.039 -10.1034 6.98418
      vertex -21.6069 -11.0093 3.59999
      vertex -22.0307 -10.1207 7.08713
    endloop
  endfacet
  facet normal -0.902735 -0.430197 -8.79017e-05
    outer loop
      vertex -22.0307 -10.1207 7.08713
      vertex -21.6069 -11.0093 3.59999
      vertex -22.0258 -10.131 7.17384
    endloop
  endfacet
  facet normal -0.654301 0.752478 0.0752791
    outer loop
      vertex -22.0248 -10.1331 7.19094
      vertex -22.0213 -10.1405 7.29533
      vertex -22.0242 -10.1343 7.20815
    endloop
  endfacet
  facet normal -0.902486 -0.430719 5.90993e-05
    outer loop
      vertex -22.0213 -10.1405 7.29533
      vertex -21.6069 -11.0093 3.59999
      vertex -22.0201 -10.143 7.4
    endloop
  endfacet
  facet normal -0.902909 -0.429831 -0.000197044
    outer loop
      vertex -22.0248 -10.1331 7.19094
      vertex -21.6069 -11.0093 3.59999
      vertex -22.0213 -10.1405 7.29533
    endloop
  endfacet
  facet normal -0.902684 -0.430303 -5.57064e-05
    outer loop
      vertex -22.0258 -10.131 7.17384
      vertex -21.6069 -11.0093 3.59999
      vertex -22.0248 -10.1331 7.19094
    endloop
  endfacet
  facet normal -0.902585 -0.430511 3.19217e-06
    outer loop
      vertex -21.6069 -11.0093 12.6
      vertex -22.1535 -9.86336 8.46602
      vertex -22.136 -9.90005 8.4
    endloop
  endfacet
  facet normal -0.902619 -0.430441 2.60288e-05
    outer loop
      vertex -21.6069 -11.0093 12.6
      vertex -22.136 -9.90005 8.4
      vertex -22.1144 -9.94535 8.30798
    endloop
  endfacet
  facet normal -0.902576 -0.430531 -1.38978e-06
    outer loop
      vertex -21.6069 -11.0093 12.6
      vertex -22.1144 -9.94535 8.30798
      vertex -22.0949 -9.98623 8.21347
    endloop
  endfacet
  facet normal -0.902481 -0.43073 -5.82908e-05
    outer loop
      vertex -21.6069 -11.0093 12.6
      vertex -22.0949 -9.98623 8.21347
      vertex -22.0804 -10.0166 8.1325
    endloop
  endfacet
  facet normal -0.901174 -0.433458 -0.000803096
    outer loop
      vertex -21.6069 -11.0093 12.6
      vertex -22.0804 -10.0166 8.1325
      vertex -22.0775 -10.0226 8.11674
    endloop
  endfacet
  facet normal -0.903909 -0.427724 0.000745978
    outer loop
      vertex -21.6069 -11.0093 12.6
      vertex -22.0775 -10.0226 8.11674
      vertex -22.0751 -10.0277 8.10064
    endloop
  endfacet
  facet normal -0.902487 -0.430716 -5.48398e-05
    outer loop
      vertex -21.6069 -11.0093 12.6
      vertex -22.0751 -10.0277 8.10064
      vertex -22.0624 -10.0543 8.01803
    endloop
  endfacet
  facet normal -0.902529 -0.43063 -3.27352e-05
    outer loop
      vertex -21.6069 -11.0093 12.6
      vertex -22.0624 -10.0543 8.01803
      vertex -22.0603 -10.0587 8.00161
    endloop
  endfacet
  facet normal -0.902868 -0.429917 0.000148175
    outer loop
      vertex -21.6069 -11.0093 12.6
      vertex -22.0603 -10.0587 8.00161
      vertex -22.0496 -10.0812 7.91764
    endloop
  endfacet
  facet normal -0.901828 -0.432095 -0.00038198
    outer loop
      vertex -21.6069 -11.0093 12.6
      vertex -22.0496 -10.0812 7.91764
      vertex -22.0407 -10.0997 7.83255
    endloop
  endfacet
  facet normal -0.905878 -0.423537 0.00161947
    outer loop
      vertex -21.6069 -11.0093 12.6
      vertex -22.0407 -10.0997 7.83255
      vertex -22.039 -10.1034 7.81582
    endloop
  endfacet
  facet normal -0.902123 -0.431479 -0.000223649
    outer loop
      vertex -21.6069 -11.0093 12.6
      vertex -22.039 -10.1034 7.81582
      vertex -22.0307 -10.1207 7.71287
    endloop
  endfacet
  facet normal -0.902768 -0.430128 7.79544e-05
    outer loop
      vertex -21.6069 -11.0093 12.6
      vertex -22.0307 -10.1207 7.71287
      vertex -22.0258 -10.131 7.62616
    endloop
  endfacet
  facet normal -0.902705 -0.430261 4.92758e-05
    outer loop
      vertex -21.6069 -11.0093 12.6
      vertex -22.0258 -10.131 7.62616
      vertex -22.0248 -10.1331 7.60906
    endloop
  endfacet
  facet normal -0.90029 -0.43529 -0.00103581
    outer loop
      vertex -21.6069 -11.0093 12.6
      vertex -22.0248 -10.1331 7.60906
      vertex -22.0242 -10.1343 7.59185
    endloop
  endfacet
  facet normal -0.903536 -0.428512 0.000418883
    outer loop
      vertex -21.6069 -11.0093 12.6
      vertex -22.0242 -10.1343 7.59185
      vertex -22.0213 -10.1405 7.50467
    endloop
  endfacet
  facet normal -0.902711 -0.430247 -7.29503e-05
    outer loop
      vertex -21.6069 -11.0093 3.59999
      vertex -22.0213 -10.1405 7.50467
      vertex -22.0201 -10.143 7.4
    endloop
  endfacet
  facet normal -0.902584 -0.430514 -0
    outer loop
      vertex -21.6069 -11.0093 12.6
      vertex -22.0213 -10.1405 7.50467
      vertex -21.6069 -11.0093 3.59999
    endloop
  endfacet
  facet normal -0.902581 -0.430521 0
    outer loop
      vertex -22.1535 -9.86336 8.46602
      vertex -21.6069 -11.0093 12.6
      vertex -22.1535 -9.86336 12.6
    endloop
  endfacet
  facet normal -0.479736 -0.877413 0
    outer loop
      vertex -12.1111 -21.0087 9.39958
      vertex -12.125 -21.0011 12.6
      vertex -12.125 -21.0011 9.4
    endloop
  endfacet
  facet normal -0.477116 -0.87884 1.47692e-05
    outer loop
      vertex -12.033 -21.0511 9.39726
      vertex -12.125 -21.0011 12.6
      vertex -12.1111 -21.0087 9.39958
    endloop
  endfacet
  facet normal -0.476791 -0.879017 2.688e-05
    outer loop
      vertex -11.9552 -21.0933 9.39029
      vertex -12.125 -21.0011 12.6
      vertex -12.033 -21.0511 9.39726
    endloop
  endfacet
  facet normal -0.477091 -0.878854 6.28824e-06
    outer loop
      vertex -11.9412 -21.1009 9.38904
      vertex -12.125 -21.0011 12.6
      vertex -11.9552 -21.0933 9.39029
    endloop
  endfacet
  facet normal -0.477777 -0.878481 -4.454e-05
    outer loop
      vertex -11.85 -21.1505 9.37538
      vertex -12.125 -21.0011 12.6
      vertex -11.9412 -21.1009 9.38904
    endloop
  endfacet
  facet normal -0.477174 -0.878809 2.21259e-05
    outer loop
      vertex -12.125 -21.0011 12.6
      vertex -11.85 -21.1505 9.37538
      vertex -11.0093 -21.6069 12.6
    endloop
  endfacet
  facet normal -0.474972 -0.880001 -0.000720536
    outer loop
      vertex -11.8361 -21.158 9.37246
      vertex -11.0093 -21.6069 12.6
      vertex -11.85 -21.1505 9.37538
    endloop
  endfacet
  facet normal -0.476783 -0.879021 -0.000120438
    outer loop
      vertex -11.7594 -21.1996 9.35629
      vertex -11.0093 -21.6069 12.6
      vertex -11.8361 -21.158 9.37246
    endloop
  endfacet
  facet normal -0.477146 -0.878824 -1.17819e-05
    outer loop
      vertex -11.6837 -21.2407 9.3356
      vertex -11.0093 -21.6069 12.6
      vertex -11.7594 -21.1996 9.35629
    endloop
  endfacet
  facet normal -0.477496 -0.878634 8.1995e-05
    outer loop
      vertex -11.6699 -21.2482 9.33185
      vertex -11.0093 -21.6069 12.6
      vertex -11.6837 -21.2407 9.3356
    endloop
  endfacet
  facet normal -0.477242 -0.878772 1.54122e-05
    outer loop
      vertex -11.5817 -21.2961 9.30211
      vertex -11.0093 -21.6069 12.6
      vertex -11.6699 -21.2482 9.33185
    endloop
  endfacet
  facet normal -0.477566 -0.878596 8.83395e-05
    outer loop
      vertex -11.5083 -21.336 9.27255
      vertex -11.0093 -21.6069 12.6
      vertex -11.5817 -21.2961 9.30211
    endloop
  endfacet
  facet normal -0.473532 -0.880776 -0.000694152
    outer loop
      vertex -11.4949 -21.3432 9.26716
      vertex -11.0093 -21.6069 12.6
      vertex -11.5083 -21.336 9.27255
    endloop
  endfacet
  facet normal -0.481376 -0.876514 0.000786055
    outer loop
      vertex -11.4818 -21.3504 9.26097
      vertex -11.0093 -21.6069 12.6
      vertex -11.4949 -21.3432 9.26716
    endloop
  endfacet
  facet normal -0.476814 -0.879004 -5.09723e-05
    outer loop
      vertex -11.4099 -21.3894 9.22709
      vertex -11.0093 -21.6069 12.6
      vertex -11.4818 -21.3504 9.26097
    endloop
  endfacet
  facet normal -0.477017 -0.878894 -1.96676e-05
    outer loop
      vertex -11.3397 -21.4275 9.189
      vertex -11.0093 -21.6069 12.6
      vertex -11.4099 -21.3894 9.22709
    endloop
  endfacet
  facet normal -0.476953 -0.878929 -2.77089e-05
    outer loop
      vertex -11.3268 -21.4345 9.18201
      vertex -11.0093 -21.6069 12.6
      vertex -11.3397 -21.4275 9.189
    endloop
  endfacet
  facet normal -0.476961 -0.878925 -2.67846e-05
    outer loop
      vertex -11.2459 -21.4784 9.13205
      vertex -11.0093 -21.6069 12.6
      vertex -11.3268 -21.4345 9.18201
    endloop
  endfacet
  facet normal -0.477807 -0.878465 4.79619e-05
    outer loop
      vertex -11.1674 -21.5211 9.07734
      vertex -11.0093 -21.6069 12.6
      vertex -11.2459 -21.4784 9.13205
    endloop
  endfacet
  facet normal -0.476199 -0.879338 -4.54687e-05
    outer loop
      vertex -11.0915 -21.5622 9.01803
      vertex -11.0093 -21.6069 12.6
      vertex -11.1674 -21.5211 9.07734
    endloop
  endfacet
  facet normal -0.477771 -0.878484 1.26545e-06
    outer loop
      vertex -11.0801 -21.5684 9.00808
      vertex -11.0093 -21.6069 12.6
      vertex -11.0915 -21.5622 9.01803
    endloop
  endfacet
  facet normal -0.477752 -0.878495 7.80639e-07
    outer loop
      vertex -11.0185 -21.6019 8.95429
      vertex -11.0093 -21.6069 12.6
      vertex -11.0801 -21.5684 9.00808
    endloop
  endfacet
  facet normal -0.477513 -0.878625 -0
    outer loop
      vertex -11.0093 -21.6069 12.6
      vertex -11.0185 -21.6019 8.95429
      vertex -11.0093 -21.6069 8.94532
    endloop
  endfacet
  facet normal -0.477771 -0.878485 -2.05154e-06
    outer loop
      vertex -11.0093 -21.6069 3.59999
      vertex -11.0801 -21.5684 5.79192
      vertex -11.0915 -21.5622 5.78197
    endloop
  endfacet
  facet normal -0.481191 -0.876615 -0.00129514
    outer loop
      vertex -11.0093 -21.6069 3.59999
      vertex -11.4818 -21.3504 5.53903
      vertex -11.4949 -21.3432 5.53284
    endloop
  endfacet
  facet normal -0.477548 -0.878606 -0.000146447
    outer loop
      vertex -11.0093 -21.6069 3.59999
      vertex -11.5083 -21.336 5.52745
      vertex -11.5817 -21.2961 5.49789
    endloop
  endfacet
  facet normal -0.477147 -0.878823 1.98321e-05
    outer loop
      vertex -11.0093 -21.6069 3.59999
      vertex -11.6837 -21.2407 5.4644
      vertex -11.7594 -21.1996 5.4437
    endloop
  endfacet
  facet normal -0.474772 -0.880109 -0.000507437
    outer loop
      vertex -12.125 -21.0011 3.59999
      vertex -11.8361 -21.158 5.42754
      vertex -11.85 -21.1505 5.42462
    endloop
  endfacet
  facet normal -0.479736 -0.877413 0
    outer loop
      vertex -12.125 -21.0011 3.59999
      vertex -12.1111 -21.0087 5.40041
      vertex -12.125 -21.0011 5.4
    endloop
  endfacet
  facet normal -0.477116 -0.87884 -2.62564e-05
    outer loop
      vertex -12.125 -21.0011 3.59999
      vertex -12.033 -21.0511 5.40274
      vertex -12.1111 -21.0087 5.40041
    endloop
  endfacet
  facet normal -0.476789 -0.879018 -4.78502e-05
    outer loop
      vertex -12.125 -21.0011 3.59999
      vertex -11.9552 -21.0933 5.4097
      vertex -12.033 -21.0511 5.40274
    endloop
  endfacet
  facet normal -0.477091 -0.878854 -1.11947e-05
    outer loop
      vertex -12.125 -21.0011 3.59999
      vertex -11.9412 -21.1009 5.41096
      vertex -11.9552 -21.0933 5.4097
    endloop
  endfacet
  facet normal -0.477781 -0.878479 7.95034e-05
    outer loop
      vertex -12.125 -21.0011 3.59999
      vertex -11.85 -21.1505 5.42462
      vertex -11.9412 -21.1009 5.41096
    endloop
  endfacet
  facet normal -0.476746 -0.879041 -0.00010373
    outer loop
      vertex -11.8361 -21.158 5.42754
      vertex -12.125 -21.0011 3.59999
      vertex -11.7594 -21.1996 5.4437
    endloop
  endfacet
  facet normal -0.477174 -0.878809 5.99394e-06
    outer loop
      vertex -11.0093 -21.6069 3.59999
      vertex -11.7594 -21.1996 5.4437
      vertex -12.125 -21.0011 3.59999
    endloop
  endfacet
  facet normal -0.477484 -0.87864 -0.000138056
    outer loop
      vertex -11.6837 -21.2407 5.4644
      vertex -11.0093 -21.6069 3.59999
      vertex -11.6699 -21.2482 5.46815
    endloop
  endfacet
  facet normal -0.477239 -0.878774 -2.57316e-05
    outer loop
      vertex -11.6699 -21.2482 5.46815
      vertex -11.0093 -21.6069 3.59999
      vertex -11.5817 -21.2961 5.49789
    endloop
  endfacet
  facet normal -0.473674 -0.880699 0.00115069
    outer loop
      vertex -11.5083 -21.336 5.52745
      vertex -11.0093 -21.6069 3.59999
      vertex -11.4949 -21.3432 5.53284
    endloop
  endfacet
  facet normal -0.476826 -0.878998 8.39832e-05
    outer loop
      vertex -11.4818 -21.3504 5.53903
      vertex -11.0093 -21.6069 3.59999
      vertex -11.4099 -21.3894 5.57291
    endloop
  endfacet
  facet normal -0.477022 -0.878891 3.22387e-05
    outer loop
      vertex -11.4099 -21.3894 5.57291
      vertex -11.0093 -21.6069 3.59999
      vertex -11.3397 -21.4275 5.611
    endloop
  endfacet
  facet normal -0.476961 -0.878925 4.54216e-05
    outer loop
      vertex -11.3397 -21.4275 5.611
      vertex -11.0093 -21.6069 3.59999
      vertex -11.3268 -21.4345 5.61799
    endloop
  endfacet
  facet normal -0.476969 -0.87892 4.37207e-05
    outer loop
      vertex -11.3268 -21.4345 5.61799
      vertex -11.0093 -21.6069 3.59999
      vertex -11.2459 -21.4784 5.66795
    endloop
  endfacet
  facet normal -0.477791 -0.878474 -7.80345e-05
    outer loop
      vertex -11.2459 -21.4784 5.66795
      vertex -11.0093 -21.6069 3.59999
      vertex -11.1674 -21.5211 5.72266
    endloop
  endfacet
  facet normal -0.476216 -0.879328 7.38071e-05
    outer loop
      vertex -11.1674 -21.5211 5.72266
      vertex -11.0093 -21.6069 3.59999
      vertex -11.0915 -21.5622 5.78197
    endloop
  endfacet
  facet normal -0.477752 -0.878495 -1.26556e-06
    outer loop
      vertex -11.0801 -21.5684 5.79192
      vertex -11.0093 -21.6069 3.59999
      vertex -11.0185 -21.6019 5.84571
    endloop
  endfacet
  facet normal -0.477513 -0.878625 0
    outer loop
      vertex -11.0185 -21.6019 5.84571
      vertex -11.0093 -21.6069 3.59999
      vertex -11.0093 -21.6069 5.85468
    endloop
  endfacet
  facet normal 0.653403 0.270629 0.706983
    outer loop
      vertex 22.6393 8.69042 12.6
      vertex 18.9561 8.43979 16.1
      vertex 19.3718 7.43613 16.1
    endloop
  endfacet
  facet normal -0 0 1
    outer loop
      vertex 17.3898 0.0144265 16.1
      vertex 20.75 0 16.1
      vertex 20.7216 1.08597 16.1
    endloop
  endfacet
  facet normal 0 0 1
    outer loop
      vertex 17.3663 0.91013 16.1
      vertex 20.7216 1.08597 16.1
      vertex 20.6363 2.16897 16.1
    endloop
  endfacet
  facet normal 0 0 1
    outer loop
      vertex 20.75 0 16.1
      vertex 17.3898 0.0144265 16.1
      vertex 17.3902 0 16.1
    endloop
  endfacet
  facet normal 0 0 1
    outer loop
      vertex 17.2949 1.81777 16.1
      vertex 20.6363 2.16897 16.1
      vertex 20.4945 3.24601 16.1
    endloop
  endfacet
  facet normal 0 0 1
    outer loop
      vertex 17.3898 -0.0144265 16.1
      vertex 20.75 0 16.1
      vertex 17.3902 0 16.1
    endloop
  endfacet
  facet normal 0 0 1
    outer loop
      vertex 17.1734 2.73461 16.1
      vertex 20.4945 3.24601 16.1
      vertex 20.2966 4.31417 16.1
    endloop
  endfacet
  facet normal 0 0 1
    outer loop
      vertex 20.75 0 16.1
      vertex 17.3898 -0.0144265 16.1
      vertex 20.7216 -1.08597 16.1
    endloop
  endfacet
  facet normal 0 0 1
    outer loop
      vertex 17.0101 3.61562 16.1
      vertex 20.2966 4.31417 16.1
      vertex 20.043 5.37049 16.1
    endloop
  endfacet
  facet normal -0 0 1
    outer loop
      vertex 17.3663 -0.91013 16.1
      vertex 20.7216 -1.08597 16.1
      vertex 17.3898 -0.0144265 16.1
    endloop
  endfacet
  facet normal 0 0 1
    outer loop
      vertex 16.7935 4.51474 16.1
      vertex 20.043 5.37049 16.1
      vertex 19.7344 6.4121 16.1
    endloop
  endfacet
  facet normal 0 0 1
    outer loop
      vertex 20.7216 -1.08597 16.1
      vertex 17.3663 -0.91013 16.1
      vertex 20.6363 -2.16897 16.1
    endloop
  endfacet
  facet normal 0 0 1
    outer loop
      vertex 16.539 5.37385 16.1
      vertex 19.7344 6.4121 16.1
      vertex 19.3718 7.43613 16.1
    endloop
  endfacet
  facet normal -0 0 1
    outer loop
      vertex 17.296 -1.80338 16.1
      vertex 20.6363 -2.16897 16.1
      vertex 17.3663 -0.91013 16.1
    endloop
  endfacet
  facet normal 0 0 1
    outer loop
      vertex 16.2351 6.23207 16.1
      vertex 19.3718 7.43613 16.1
      vertex 18.9561 8.43979 16.1
    endloop
  endfacet
  facet normal -0 0 1
    outer loop
      vertex 17.2949 -1.81777 16.1
      vertex 20.6363 -2.16897 16.1
      vertex 17.296 -1.80338 16.1
    endloop
  endfacet
  facet normal 0 0 1
    outer loop
      vertex 15.8805 7.08624 16.1
      vertex 18.9561 8.43979 16.1
      vertex 18.4884 9.4203 16.1
    endloop
  endfacet
  facet normal 0 0 1
    outer loop
      vertex 20.6363 -2.16897 16.1
      vertex 17.2949 -1.81777 16.1
      vertex 20.4945 -3.24601 16.1
    endloop
  endfacet
  facet normal 0 0 1
    outer loop
      vertex 15.4879 7.90765 16.1
      vertex 18.4884 9.4203 16.1
      vertex 17.97 10.375 16.1
    endloop
  endfacet
  facet normal -0 0 1
    outer loop
      vertex 17.1761 -2.72042 16.1
      vertex 20.4945 -3.24601 16.1
      vertex 17.1779 -2.70611 16.1
    endloop
  endfacet
  facet normal 0 0 1
    outer loop
      vertex 15.0528 8.70738 16.1
      vertex 17.97 10.375 16.1
      vertex 17.4024 11.3013 16.1
    endloop
  endfacet
  facet normal -0 0 1
    outer loop
      vertex 17.1734 -2.73461 16.1
      vertex 20.4945 -3.24601 16.1
      vertex 17.1761 -2.72042 16.1
    endloop
  endfacet
  facet normal 0 0 1
    outer loop
      vertex 20.4945 -3.24601 16.1
      vertex 17.1734 -2.73461 16.1
      vertex 20.2966 -4.31417 16.1
    endloop
  endfacet
  facet normal -0 0 1
    outer loop
      vertex 17.1779 -2.70611 16.1
      vertex 20.4945 -3.24601 16.1
      vertex 17.2949 -1.81777 16.1
    endloop
  endfacet
  facet normal 0 0 1
    outer loop
      vertex 20.7216 1.08597 16.1
      vertex 17.3663 0.91013 16.1
      vertex 17.3898 0.0144265 16.1
    endloop
  endfacet
  facet normal 0 0 1
    outer loop
      vertex 20.6363 2.16897 16.1
      vertex 17.296 1.80338 16.1
      vertex 17.3663 0.91013 16.1
    endloop
  endfacet
  facet normal 0 0 1
    outer loop
      vertex 20.6363 2.16897 16.1
      vertex 17.2949 1.81777 16.1
      vertex 17.296 1.80338 16.1
    endloop
  endfacet
  facet normal 0 0 1
    outer loop
      vertex 20.4945 3.24601 16.1
      vertex 17.1779 2.70611 16.1
      vertex 17.2949 1.81777 16.1
    endloop
  endfacet
  facet normal 0 0 1
    outer loop
      vertex 20.4945 3.24601 16.1
      vertex 17.1761 2.72042 16.1
      vertex 17.1779 2.70611 16.1
    endloop
  endfacet
  facet normal 0 0 1
    outer loop
      vertex 20.4945 3.24601 16.1
      vertex 17.1734 2.73461 16.1
      vertex 17.1761 2.72042 16.1
    endloop
  endfacet
  facet normal 0 0 1
    outer loop
      vertex 20.2966 4.31417 16.1
      vertex 17.0101 3.61562 16.1
      vertex 17.1734 2.73461 16.1
    endloop
  endfacet
  facet normal 0 0 1
    outer loop
      vertex 20.043 5.37049 16.1
      vertex 16.801 4.48687 16.1
      vertex 17.0101 3.61562 16.1
    endloop
  endfacet
  facet normal 0 0 1
    outer loop
      vertex 20.043 5.37049 16.1
      vertex 16.7976 4.5009 16.1
      vertex 16.801 4.48687 16.1
    endloop
  endfacet
  facet normal 0 0 1
    outer loop
      vertex 20.043 5.37049 16.1
      vertex 16.7935 4.51474 16.1
      vertex 16.7976 4.5009 16.1
    endloop
  endfacet
  facet normal 0 0 1
    outer loop
      vertex 14.5764 9.48325 16.1
      vertex 17.4024 11.3013 16.1
      vertex 16.7871 12.1965 16.1
    endloop
  endfacet
  facet normal 0 0 1
    outer loop
      vertex 19.7344 6.4121 16.1
      vertex 16.539 5.37385 16.1
      vertex 16.7935 4.51474 16.1
    endloop
  endfacet
  facet normal 0 0 1
    outer loop
      vertex 19.3718 7.43613 16.1
      vertex 16.2399 6.21847 16.1
      vertex 16.539 5.37385 16.1
    endloop
  endfacet
  facet normal 0 0 1
    outer loop
      vertex 19.3718 7.43613 16.1
      vertex 16.2351 6.23207 16.1
      vertex 16.2399 6.21847 16.1
    endloop
  endfacet
  facet normal 0 0 1
    outer loop
      vertex 14.0689 10.2217 16.1
      vertex 16.7871 12.1965 16.1
      vertex 16.1258 13.0584 16.1
    endloop
  endfacet
  facet normal 0 0 1
    outer loop
      vertex 18.9561 8.43979 16.1
      vertex 15.8922 7.05988 16.1
      vertex 16.2351 6.23207 16.1
    endloop
  endfacet
  facet normal 0 0 1
    outer loop
      vertex 18.9561 8.43979 16.1
      vertex 15.8867 7.07321 16.1
      vertex 15.8922 7.05988 16.1
    endloop
  endfacet
  facet normal 0 0 1
    outer loop
      vertex 18.9561 8.43979 16.1
      vertex 15.8805 7.08624 16.1
      vertex 15.8867 7.07321 16.1
    endloop
  endfacet
  facet normal 0 0 1
    outer loop
      vertex 18.4884 9.4203 16.1
      vertex 15.4947 7.89496 16.1
      vertex 15.8805 7.08624 16.1
    endloop
  endfacet
  facet normal 0 0 1
    outer loop
      vertex 18.4884 9.4203 16.1
      vertex 15.4879 7.90765 16.1
      vertex 15.4947 7.89496 16.1
    endloop
  endfacet
  facet normal 0 0 1
    outer loop
      vertex 13.5053 10.955 16.1
      vertex 16.1258 13.0584 16.1
      vertex 15.4203 13.8845 16.1
    endloop
  endfacet
  facet normal 0 0 1
    outer loop
      vertex 17.97 10.375 16.1
      vertex 15.0603 8.69508 16.1
      vertex 15.4879 7.90765 16.1
    endloop
  endfacet
  facet normal 0 0 1
    outer loop
      vertex 17.97 10.375 16.1
      vertex 15.0528 8.70738 16.1
      vertex 15.0603 8.69508 16.1
    endloop
  endfacet
  facet normal 0 0 1
    outer loop
      vertex 12.9234 11.6363 16.1
      vertex 15.4203 13.8845 16.1
      vertex 14.6725 14.6725 16.1
    endloop
  endfacet
  facet normal 0 0 1
    outer loop
      vertex 17.4024 11.3013 16.1
      vertex 14.5846 9.47136 16.1
      vertex 15.0528 8.70738 16.1
    endloop
  endfacet
  facet normal 0 0 1
    outer loop
      vertex 17.4024 11.3013 16.1
      vertex 14.5764 9.48325 16.1
      vertex 14.5846 9.47136 16.1
    endloop
  endfacet
  facet normal 0 0 1
    outer loop
      vertex 16.7871 12.1965 16.1
      vertex 14.0689 10.2217 16.1
      vertex 14.5764 9.48325 16.1
    endloop
  endfacet
  facet normal 0 0 1
    outer loop
      vertex 12.2862 12.3066 16.1
      vertex 14.6725 14.6725 16.1
      vertex 13.8845 15.4203 16.1
    endloop
  endfacet
  facet normal 0 0 1
    outer loop
      vertex 16.1258 13.0584 16.1
      vertex 13.5235 10.9325 16.1
      vertex 14.0689 10.2217 16.1
    endloop
  endfacet
  facet normal 0 0 1
    outer loop
      vertex 16.1258 13.0584 16.1
      vertex 13.5147 10.944 16.1
      vertex 13.5235 10.9325 16.1
    endloop
  endfacet
  facet normal 0 0 1
    outer loop
      vertex 16.1258 13.0584 16.1
      vertex 13.5053 10.955 16.1
      vertex 13.5147 10.944 16.1
    endloop
  endfacet
  facet normal 0 0 1
    outer loop
      vertex 11.6363 12.9234 16.1
      vertex 13.8845 15.4203 16.1
      vertex 13.0584 16.1258 16.1
    endloop
  endfacet
  facet normal 0 0 1
    outer loop
      vertex 15.4203 13.8845 16.1
      vertex 12.9234 11.6363 16.1
      vertex 13.5053 10.955 16.1
    endloop
  endfacet
  facet normal 0 0 1
    outer loop
      vertex 14.6725 14.6725 16.1
      vertex 12.3066 12.2862 16.1
      vertex 12.9234 11.6363 16.1
    endloop
  endfacet
  facet normal 0 0 1
    outer loop
      vertex 14.6725 14.6725 16.1
      vertex 12.2967 12.2967 16.1
      vertex 12.3066 12.2862 16.1
    endloop
  endfacet
  facet normal 0 0 1
    outer loop
      vertex 14.6725 14.6725 16.1
      vertex 12.2862 12.3066 16.1
      vertex 12.2967 12.2967 16.1
    endloop
  endfacet
  facet normal 0 0 1
    outer loop
      vertex 10.9325 13.5235 16.1
      vertex 13.0584 16.1258 16.1
      vertex 12.1965 16.7871 16.1
    endloop
  endfacet
  facet normal 0 0 1
    outer loop
      vertex 13.8845 15.4203 16.1
      vertex 11.6363 12.9234 16.1
      vertex 12.2862 12.3066 16.1
    endloop
  endfacet
  facet normal 0 0 1
    outer loop
      vertex 10.2217 14.0689 16.1
      vertex 12.1965 16.7871 16.1
      vertex 11.3013 17.4024 16.1
    endloop
  endfacet
  facet normal 0 0 1
    outer loop
      vertex 13.0584 16.1258 16.1
      vertex 10.955 13.5053 16.1
      vertex 11.6363 12.9234 16.1
    endloop
  endfacet
  facet normal 0 0 1
    outer loop
      vertex 13.0584 16.1258 16.1
      vertex 10.944 13.5147 16.1
      vertex 10.955 13.5053 16.1
    endloop
  endfacet
  facet normal 0 0 1
    outer loop
      vertex 13.0584 16.1258 16.1
      vertex 10.9325 13.5235 16.1
      vertex 10.944 13.5147 16.1
    endloop
  endfacet
  facet normal 0 0 1
    outer loop
      vertex 9.47136 14.5846 16.1
      vertex 11.3013 17.4024 16.1
      vertex 10.375 17.97 16.1
    endloop
  endfacet
  facet normal 0 0 1
    outer loop
      vertex 12.1965 16.7871 16.1
      vertex 10.2217 14.0689 16.1
      vertex 10.9325 13.5235 16.1
    endloop
  endfacet
  facet normal 0 0 1
    outer loop
      vertex 11.3013 17.4024 16.1
      vertex 9.48325 14.5764 16.1
      vertex 10.2217 14.0689 16.1
    endloop
  endfacet
  facet normal 0 0 1
    outer loop
      vertex 11.3013 17.4024 16.1
      vertex 9.47136 14.5846 16.1
      vertex 9.48325 14.5764 16.1
    endloop
  endfacet
  facet normal 0 0 1
    outer loop
      vertex 8.69508 15.0603 16.1
      vertex 10.375 17.97 16.1
      vertex 9.4203 18.4884 16.1
    endloop
  endfacet
  facet normal 0 0 1
    outer loop
      vertex 10.375 17.97 16.1
      vertex 8.70738 15.0528 16.1
      vertex 9.47136 14.5846 16.1
    endloop
  endfacet
  facet normal 0 0 1
    outer loop
      vertex 10.375 17.97 16.1
      vertex 8.69508 15.0603 16.1
      vertex 8.70738 15.0528 16.1
    endloop
  endfacet
  facet normal 0 0 1
    outer loop
      vertex 7.89496 15.4947 16.1
      vertex 9.4203 18.4884 16.1
      vertex 8.43979 18.9561 16.1
    endloop
  endfacet
  facet normal 0 0 1
    outer loop
      vertex 9.4203 18.4884 16.1
      vertex 7.90765 15.4879 16.1
      vertex 8.69508 15.0603 16.1
    endloop
  endfacet
  facet normal 0 0 1
    outer loop
      vertex 9.4203 18.4884 16.1
      vertex 7.89496 15.4947 16.1
      vertex 7.90765 15.4879 16.1
    endloop
  endfacet
  facet normal 0 0 1
    outer loop
      vertex 7.05988 15.8922 16.1
      vertex 8.43979 18.9561 16.1
      vertex 7.43613 19.3718 16.1
    endloop
  endfacet
  facet normal 0 0 1
    outer loop
      vertex 8.43979 18.9561 16.1
      vertex 7.08624 15.8805 16.1
      vertex 7.89496 15.4947 16.1
    endloop
  endfacet
  facet normal 0 0 1
    outer loop
      vertex 8.43979 18.9561 16.1
      vertex 7.07321 15.8867 16.1
      vertex 7.08624 15.8805 16.1
    endloop
  endfacet
  facet normal 0 0 1
    outer loop
      vertex 8.43979 18.9561 16.1
      vertex 7.05988 15.8922 16.1
      vertex 7.07321 15.8867 16.1
    endloop
  endfacet
  facet normal 0 0 1
    outer loop
      vertex 6.21847 16.2399 16.1
      vertex 7.43613 19.3718 16.1
      vertex 6.4121 19.7344 16.1
    endloop
  endfacet
  facet normal 0 0 1
    outer loop
      vertex 7.43613 19.3718 16.1
      vertex 6.23207 16.2351 16.1
      vertex 7.05988 15.8922 16.1
    endloop
  endfacet
  facet normal 0 0 1
    outer loop
      vertex 7.43613 19.3718 16.1
      vertex 6.21847 16.2399 16.1
      vertex 6.23207 16.2351 16.1
    endloop
  endfacet
  facet normal 0 0 1
    outer loop
      vertex 6.4121 19.7344 16.1
      vertex 5.37385 16.539 16.1
      vertex 6.21847 16.2399 16.1
    endloop
  endfacet
  facet normal 0 0 1
    outer loop
      vertex 5.37049 20.043 16.1
      vertex 5.37385 16.539 16.1
      vertex 6.4121 19.7344 16.1
    endloop
  endfacet
  facet normal 0 0 1
    outer loop
      vertex 5.37049 20.043 16.1
      vertex 4.51474 16.7935 16.1
      vertex 5.37385 16.539 16.1
    endloop
  endfacet
  facet normal 0 0 1
    outer loop
      vertex 5.37049 20.043 16.1
      vertex 4.5009 16.7976 16.1
      vertex 4.51474 16.7935 16.1
    endloop
  endfacet
  facet normal 0 0 1
    outer loop
      vertex 5.37049 20.043 16.1
      vertex 4.48687 16.801 16.1
      vertex 4.5009 16.7976 16.1
    endloop
  endfacet
  facet normal 0 0 1
    outer loop
      vertex 4.31417 20.2966 16.1
      vertex 4.48687 16.801 16.1
      vertex 5.37049 20.043 16.1
    endloop
  endfacet
  facet normal 0 0 1
    outer loop
      vertex 4.31417 20.2966 16.1
      vertex 3.61562 17.0101 16.1
      vertex 4.48687 16.801 16.1
    endloop
  endfacet
  facet normal 0 0 1
    outer loop
      vertex 3.24601 20.4945 16.1
      vertex 3.61562 17.0101 16.1
      vertex 4.31417 20.2966 16.1
    endloop
  endfacet
  facet normal 0 0 1
    outer loop
      vertex 3.24601 20.4945 16.1
      vertex 2.73461 17.1734 16.1
      vertex 3.61562 17.0101 16.1
    endloop
  endfacet
  facet normal 0 0 1
    outer loop
      vertex 3.24601 20.4945 16.1
      vertex 2.72042 17.1761 16.1
      vertex 2.73461 17.1734 16.1
    endloop
  endfacet
  facet normal 0 0 1
    outer loop
      vertex 3.24601 20.4945 16.1
      vertex 2.70611 17.1779 16.1
      vertex 2.72042 17.1761 16.1
    endloop
  endfacet
  facet normal 0 0 1
    outer loop
      vertex 2.16897 20.6363 16.1
      vertex 2.70611 17.1779 16.1
      vertex 3.24601 20.4945 16.1
    endloop
  endfacet
  facet normal 0 0 1
    outer loop
      vertex 2.16897 20.6363 16.1
      vertex 1.81777 17.2949 16.1
      vertex 2.70611 17.1779 16.1
    endloop
  endfacet
  facet normal 0 0 1
    outer loop
      vertex 2.16897 20.6363 16.1
      vertex 1.80338 17.296 16.1
      vertex 1.81777 17.2949 16.1
    endloop
  endfacet
  facet normal 0 0 1
    outer loop
      vertex 1.08597 20.7216 16.1
      vertex 1.80338 17.296 16.1
      vertex 2.16897 20.6363 16.1
    endloop
  endfacet
  facet normal 0 0 1
    outer loop
      vertex 1.08597 20.7216 16.1
      vertex 0.91013 17.3663 16.1
      vertex 1.80338 17.296 16.1
    endloop
  endfacet
  facet normal 0 0 1
    outer loop
      vertex 1.08597 20.7216 16.1
      vertex 0.0144265 17.3898 16.1
      vertex 0.91013 17.3663 16.1
    endloop
  endfacet
  facet normal 0 0 1
    outer loop
      vertex 0 20.75 16.1
      vertex 0.0144265 17.3898 16.1
      vertex 1.08597 20.7216 16.1
    endloop
  endfacet
  facet normal 0 0 1
    outer loop
      vertex 0 20.75 16.1
      vertex 0 17.3902 16.1
      vertex 0.0144265 17.3898 16.1
    endloop
  endfacet
  facet normal 0 0 1
    outer loop
      vertex 0 20.75 16.1
      vertex -0.0144265 17.3898 16.1
      vertex 0 17.3902 16.1
    endloop
  endfacet
  facet normal 0 0 1
    outer loop
      vertex 0 20.75 16.1
      vertex -0.91013 17.3663 16.1
      vertex -0.0144265 17.3898 16.1
    endloop
  endfacet
  facet normal -0 0 1
    outer loop
      vertex -1.08597 20.7216 16.1
      vertex -0.91013 17.3663 16.1
      vertex 0 20.75 16.1
    endloop
  endfacet
  facet normal 0 0 1
    outer loop
      vertex -1.08597 20.7216 16.1
      vertex -1.80338 17.296 16.1
      vertex -0.91013 17.3663 16.1
    endloop
  endfacet
  facet normal -0 0 1
    outer loop
      vertex -2.16897 20.6363 16.1
      vertex -1.80338 17.296 16.1
      vertex -1.08597 20.7216 16.1
    endloop
  endfacet
  facet normal 0 0 1
    outer loop
      vertex -1.80338 17.296 16.1
      vertex -2.16897 20.6363 16.1
      vertex -1.81777 17.2949 16.1
    endloop
  endfacet
  facet normal 0 0 1
    outer loop
      vertex -2.16897 20.6363 16.1
      vertex -2.70611 17.1779 16.1
      vertex -1.81777 17.2949 16.1
    endloop
  endfacet
  facet normal -0 0 1
    outer loop
      vertex -3.24601 20.4945 16.1
      vertex -2.70611 17.1779 16.1
      vertex -2.16897 20.6363 16.1
    endloop
  endfacet
  facet normal 0 0 1
    outer loop
      vertex -2.70611 17.1779 16.1
      vertex -3.24601 20.4945 16.1
      vertex -2.72042 17.1761 16.1
    endloop
  endfacet
  facet normal 0 0 1
    outer loop
      vertex -2.72042 17.1761 16.1
      vertex -3.24601 20.4945 16.1
      vertex -2.73461 17.1734 16.1
    endloop
  endfacet
  facet normal 0 0 1
    outer loop
      vertex -3.24601 20.4945 16.1
      vertex -3.61562 17.0101 16.1
      vertex -2.73461 17.1734 16.1
    endloop
  endfacet
  facet normal -0 0 1
    outer loop
      vertex -4.31417 20.2966 16.1
      vertex -3.61562 17.0101 16.1
      vertex -3.24601 20.4945 16.1
    endloop
  endfacet
  facet normal 0 0 1
    outer loop
      vertex -4.31417 20.2966 16.1
      vertex -4.48687 16.801 16.1
      vertex -3.61562 17.0101 16.1
    endloop
  endfacet
  facet normal -0 0 1
    outer loop
      vertex -5.37049 20.043 16.1
      vertex -4.48687 16.801 16.1
      vertex -4.31417 20.2966 16.1
    endloop
  endfacet
  facet normal 0 0 1
    outer loop
      vertex -4.48687 16.801 16.1
      vertex -5.37049 20.043 16.1
      vertex -4.5009 16.7976 16.1
    endloop
  endfacet
  facet normal 0 0 1
    outer loop
      vertex -4.5009 16.7976 16.1
      vertex -5.37049 20.043 16.1
      vertex -4.51474 16.7935 16.1
    endloop
  endfacet
  facet normal 0 0 1
    outer loop
      vertex -5.37049 20.043 16.1
      vertex -5.37385 16.539 16.1
      vertex -4.51474 16.7935 16.1
    endloop
  endfacet
  facet normal -0 0 1
    outer loop
      vertex -6.4121 19.7344 16.1
      vertex -5.37385 16.539 16.1
      vertex -5.37049 20.043 16.1
    endloop
  endfacet
  facet normal 0 0 1
    outer loop
      vertex -5.37385 16.539 16.1
      vertex -6.4121 19.7344 16.1
      vertex -6.21847 16.2399 16.1
    endloop
  endfacet
  facet normal -0 0 1
    outer loop
      vertex -7.43613 19.3718 16.1
      vertex -6.21847 16.2399 16.1
      vertex -6.4121 19.7344 16.1
    endloop
  endfacet
  facet normal 0 0 1
    outer loop
      vertex -6.21847 16.2399 16.1
      vertex -7.43613 19.3718 16.1
      vertex -6.23207 16.2351 16.1
    endloop
  endfacet
  facet normal 0 0 1
    outer loop
      vertex -6.23207 16.2351 16.1
      vertex -7.43613 19.3718 16.1
      vertex -7.05988 15.8922 16.1
    endloop
  endfacet
  facet normal -0 0 1
    outer loop
      vertex -8.43979 18.9561 16.1
      vertex -7.05988 15.8922 16.1
      vertex -7.43613 19.3718 16.1
    endloop
  endfacet
  facet normal 0 0 1
    outer loop
      vertex -7.05988 15.8922 16.1
      vertex -8.43979 18.9561 16.1
      vertex -7.07321 15.8867 16.1
    endloop
  endfacet
  facet normal 0 0 1
    outer loop
      vertex -7.07321 15.8867 16.1
      vertex -8.43979 18.9561 16.1
      vertex -7.08624 15.8805 16.1
    endloop
  endfacet
  facet normal 0 0 1
    outer loop
      vertex -7.08624 15.8805 16.1
      vertex -8.43979 18.9561 16.1
      vertex -7.89496 15.4947 16.1
    endloop
  endfacet
  facet normal -0 0 1
    outer loop
      vertex -9.4203 18.4884 16.1
      vertex -7.89496 15.4947 16.1
      vertex -8.43979 18.9561 16.1
    endloop
  endfacet
  facet normal 0 0 1
    outer loop
      vertex -7.89496 15.4947 16.1
      vertex -9.4203 18.4884 16.1
      vertex -7.90765 15.4879 16.1
    endloop
  endfacet
  facet normal 0 0 1
    outer loop
      vertex -7.90765 15.4879 16.1
      vertex -9.4203 18.4884 16.1
      vertex -8.69508 15.0603 16.1
    endloop
  endfacet
  facet normal -0 0 1
    outer loop
      vertex -10.375 17.97 16.1
      vertex -8.69508 15.0603 16.1
      vertex -9.4203 18.4884 16.1
    endloop
  endfacet
  facet normal 0 0 1
    outer loop
      vertex -8.69508 15.0603 16.1
      vertex -10.375 17.97 16.1
      vertex -8.70738 15.0528 16.1
    endloop
  endfacet
  facet normal 0 0 1
    outer loop
      vertex -8.70738 15.0528 16.1
      vertex -10.375 17.97 16.1
      vertex -9.47136 14.5846 16.1
    endloop
  endfacet
  facet normal -0 0 1
    outer loop
      vertex -11.3013 17.4024 16.1
      vertex -9.47136 14.5846 16.1
      vertex -10.375 17.97 16.1
    endloop
  endfacet
  facet normal 0 0 1
    outer loop
      vertex -9.47136 14.5846 16.1
      vertex -11.3013 17.4024 16.1
      vertex -9.48325 14.5764 16.1
    endloop
  endfacet
  facet normal 0 0 1
    outer loop
      vertex -9.48325 14.5764 16.1
      vertex -11.3013 17.4024 16.1
      vertex -10.2217 14.0689 16.1
    endloop
  endfacet
  facet normal -0 0 1
    outer loop
      vertex -12.1965 16.7871 16.1
      vertex -10.2217 14.0689 16.1
      vertex -11.3013 17.4024 16.1
    endloop
  endfacet
  facet normal 0 0 1
    outer loop
      vertex -10.2217 14.0689 16.1
      vertex -12.1965 16.7871 16.1
      vertex -10.9325 13.5235 16.1
    endloop
  endfacet
  facet normal -0 0 1
    outer loop
      vertex -13.0584 16.1258 16.1
      vertex -10.9325 13.5235 16.1
      vertex -12.1965 16.7871 16.1
    endloop
  endfacet
  facet normal 0 0 1
    outer loop
      vertex -10.9325 13.5235 16.1
      vertex -13.0584 16.1258 16.1
      vertex -10.944 13.5147 16.1
    endloop
  endfacet
  facet normal 0 0 1
    outer loop
      vertex -10.944 13.5147 16.1
      vertex -13.0584 16.1258 16.1
      vertex -10.955 13.5053 16.1
    endloop
  endfacet
  facet normal 0 0 1
    outer loop
      vertex -10.955 13.5053 16.1
      vertex -13.0584 16.1258 16.1
      vertex -11.6363 12.9234 16.1
    endloop
  endfacet
  facet normal -0 0 1
    outer loop
      vertex -13.8845 15.4203 16.1
      vertex -11.6363 12.9234 16.1
      vertex -13.0584 16.1258 16.1
    endloop
  endfacet
  facet normal 0 0 1
    outer loop
      vertex -11.6363 12.9234 16.1
      vertex -13.8845 15.4203 16.1
      vertex -12.2862 12.3066 16.1
    endloop
  endfacet
  facet normal -0 0 1
    outer loop
      vertex -14.6725 14.6725 16.1
      vertex -12.2862 12.3066 16.1
      vertex -13.8845 15.4203 16.1
    endloop
  endfacet
  facet normal 0 0 1
    outer loop
      vertex -12.2862 12.3066 16.1
      vertex -14.6725 14.6725 16.1
      vertex -12.2967 12.2967 16.1
    endloop
  endfacet
  facet normal 0 0 1
    outer loop
      vertex -12.2967 12.2967 16.1
      vertex -14.6725 14.6725 16.1
      vertex -12.3066 12.2862 16.1
    endloop
  endfacet
  facet normal 0 0 1
    outer loop
      vertex -12.3066 12.2862 16.1
      vertex -14.6725 14.6725 16.1
      vertex -12.9234 11.6363 16.1
    endloop
  endfacet
  facet normal -0 0 1
    outer loop
      vertex -15.4203 13.8845 16.1
      vertex -12.9234 11.6363 16.1
      vertex -14.6725 14.6725 16.1
    endloop
  endfacet
  facet normal 0 0 1
    outer loop
      vertex -12.9234 11.6363 16.1
      vertex -15.4203 13.8845 16.1
      vertex -13.5053 10.955 16.1
    endloop
  endfacet
  facet normal -0 0 1
    outer loop
      vertex -16.1258 13.0584 16.1
      vertex -13.5053 10.955 16.1
      vertex -15.4203 13.8845 16.1
    endloop
  endfacet
  facet normal 0 0 1
    outer loop
      vertex -13.5053 10.955 16.1
      vertex -16.1258 13.0584 16.1
      vertex -13.5147 10.944 16.1
    endloop
  endfacet
  facet normal 0 0 1
    outer loop
      vertex -13.5147 10.944 16.1
      vertex -16.1258 13.0584 16.1
      vertex -13.5235 10.9325 16.1
    endloop
  endfacet
  facet normal 0 0 1
    outer loop
      vertex -13.5235 10.9325 16.1
      vertex -16.1258 13.0584 16.1
      vertex -14.0689 10.2217 16.1
    endloop
  endfacet
  facet normal -0 0 1
    outer loop
      vertex -16.7871 12.1965 16.1
      vertex -14.0689 10.2217 16.1
      vertex -16.1258 13.0584 16.1
    endloop
  endfacet
  facet normal 0 0 1
    outer loop
      vertex -14.0689 10.2217 16.1
      vertex -16.7871 12.1965 16.1
      vertex -14.5764 9.48325 16.1
    endloop
  endfacet
  facet normal -0 0 1
    outer loop
      vertex -17.4024 11.3013 16.1
      vertex -14.5764 9.48325 16.1
      vertex -16.7871 12.1965 16.1
    endloop
  endfacet
  facet normal 0 0 1
    outer loop
      vertex -14.5764 9.48325 16.1
      vertex -17.4024 11.3013 16.1
      vertex -14.5846 9.47136 16.1
    endloop
  endfacet
  facet normal 0 0 1
    outer loop
      vertex -14.5846 9.47136 16.1
      vertex -17.4024 11.3013 16.1
      vertex -15.0528 8.70738 16.1
    endloop
  endfacet
  facet normal -0 0 1
    outer loop
      vertex -17.97 10.375 16.1
      vertex -15.0528 8.70738 16.1
      vertex -17.4024 11.3013 16.1
    endloop
  endfacet
  facet normal 0 0 1
    outer loop
      vertex -15.0528 8.70738 16.1
      vertex -17.97 10.375 16.1
      vertex -15.0603 8.69508 16.1
    endloop
  endfacet
  facet normal 0 0 1
    outer loop
      vertex -15.0603 8.69508 16.1
      vertex -17.97 10.375 16.1
      vertex -15.4879 7.90765 16.1
    endloop
  endfacet
  facet normal -0 0 1
    outer loop
      vertex -18.4884 9.4203 16.1
      vertex -15.4879 7.90765 16.1
      vertex -17.97 10.375 16.1
    endloop
  endfacet
  facet normal 0 0 1
    outer loop
      vertex -15.4879 7.90765 16.1
      vertex -18.4884 9.4203 16.1
      vertex -15.4947 7.89496 16.1
    endloop
  endfacet
  facet normal 0 0 1
    outer loop
      vertex -15.4947 7.89496 16.1
      vertex -18.4884 9.4203 16.1
      vertex -15.8805 7.08624 16.1
    endloop
  endfacet
  facet normal -0 0 1
    outer loop
      vertex -18.9561 8.43979 16.1
      vertex -15.8805 7.08624 16.1
      vertex -18.4884 9.4203 16.1
    endloop
  endfacet
  facet normal 0 0 1
    outer loop
      vertex -15.8805 7.08624 16.1
      vertex -18.9561 8.43979 16.1
      vertex -15.8867 7.07321 16.1
    endloop
  endfacet
  facet normal 0 0 1
    outer loop
      vertex -15.8867 7.07321 16.1
      vertex -18.9561 8.43979 16.1
      vertex -15.8922 7.05988 16.1
    endloop
  endfacet
  facet normal 0 0 1
    outer loop
      vertex -15.8922 7.05988 16.1
      vertex -18.9561 8.43979 16.1
      vertex -16.2351 6.23207 16.1
    endloop
  endfacet
  facet normal -0 0 1
    outer loop
      vertex -19.3718 7.43613 16.1
      vertex -16.2351 6.23207 16.1
      vertex -18.9561 8.43979 16.1
    endloop
  endfacet
  facet normal 0 0 1
    outer loop
      vertex -16.2351 6.23207 16.1
      vertex -19.3718 7.43613 16.1
      vertex -16.2399 6.21847 16.1
    endloop
  endfacet
  facet normal 0 0 1
    outer loop
      vertex -16.2399 6.21847 16.1
      vertex -19.3718 7.43613 16.1
      vertex -16.539 5.37385 16.1
    endloop
  endfacet
  facet normal -0 0 1
    outer loop
      vertex -19.7344 6.4121 16.1
      vertex -16.539 5.37385 16.1
      vertex -19.3718 7.43613 16.1
    endloop
  endfacet
  facet normal 0 0 1
    outer loop
      vertex -16.539 5.37385 16.1
      vertex -19.7344 6.4121 16.1
      vertex -16.7935 4.51474 16.1
    endloop
  endfacet
  facet normal -0 0 1
    outer loop
      vertex -20.043 5.37049 16.1
      vertex -16.7935 4.51474 16.1
      vertex -19.7344 6.4121 16.1
    endloop
  endfacet
  facet normal 0 0 1
    outer loop
      vertex -16.7935 4.51474 16.1
      vertex -20.043 5.37049 16.1
      vertex -16.7976 4.5009 16.1
    endloop
  endfacet
  facet normal 0 0 1
    outer loop
      vertex -16.7976 4.5009 16.1
      vertex -20.043 5.37049 16.1
      vertex -16.801 4.48687 16.1
    endloop
  endfacet
  facet normal 0 0 1
    outer loop
      vertex -20.7216 1.08597 16.1
      vertex -17.3898 0.0144265 16.1
      vertex -17.3663 0.91013 16.1
    endloop
  endfacet
  facet normal -0 0 1
    outer loop
      vertex -20.2966 4.31417 16.1
      vertex -17.0101 3.61562 16.1
      vertex -20.043 5.37049 16.1
    endloop
  endfacet
  facet normal 0 0 1
    outer loop
      vertex -16.801 4.48687 16.1
      vertex -20.043 5.37049 16.1
      vertex -17.0101 3.61562 16.1
    endloop
  endfacet
  facet normal -0 0 1
    outer loop
      vertex 17.0101 -3.61562 16.1
      vertex 20.2966 -4.31417 16.1
      vertex 17.1734 -2.73461 16.1
    endloop
  endfacet
  facet normal 0 0 1
    outer loop
      vertex 20.2966 -4.31417 16.1
      vertex 17.0101 -3.61562 16.1
      vertex 20.043 -5.37049 16.1
    endloop
  endfacet
  facet normal -0 0 1
    outer loop
      vertex 16.801 -4.48687 16.1
      vertex 20.043 -5.37049 16.1
      vertex 17.0101 -3.61562 16.1
    endloop
  endfacet
  facet normal -0 0 1
    outer loop
      vertex 16.7976 -4.5009 16.1
      vertex 20.043 -5.37049 16.1
      vertex 16.801 -4.48687 16.1
    endloop
  endfacet
  facet normal -0 0 1
    outer loop
      vertex 16.7935 -4.51474 16.1
      vertex 20.043 -5.37049 16.1
      vertex 16.7976 -4.5009 16.1
    endloop
  endfacet
  facet normal 0 0 1
    outer loop
      vertex 20.043 -5.37049 16.1
      vertex 16.7935 -4.51474 16.1
      vertex 19.7344 -6.4121 16.1
    endloop
  endfacet
  facet normal -0 0 1
    outer loop
      vertex 16.539 -5.37385 16.1
      vertex 19.7344 -6.4121 16.1
      vertex 16.7935 -4.51474 16.1
    endloop
  endfacet
  facet normal 0 0 1
    outer loop
      vertex 19.7344 -6.4121 16.1
      vertex 16.539 -5.37385 16.1
      vertex 19.3718 -7.43613 16.1
    endloop
  endfacet
  facet normal -0 0 1
    outer loop
      vertex 16.2399 -6.21847 16.1
      vertex 19.3718 -7.43613 16.1
      vertex 16.539 -5.37385 16.1
    endloop
  endfacet
  facet normal -0 0 1
    outer loop
      vertex 16.2351 -6.23207 16.1
      vertex 19.3718 -7.43613 16.1
      vertex 16.2399 -6.21847 16.1
    endloop
  endfacet
  facet normal 0 0 1
    outer loop
      vertex 19.3718 -7.43613 16.1
      vertex 16.2351 -6.23207 16.1
      vertex 18.9561 -8.43979 16.1
    endloop
  endfacet
  facet normal -0 0 1
    outer loop
      vertex 15.8922 -7.05988 16.1
      vertex 18.9561 -8.43979 16.1
      vertex 16.2351 -6.23207 16.1
    endloop
  endfacet
  facet normal -0 0 1
    outer loop
      vertex 15.8867 -7.07321 16.1
      vertex 18.9561 -8.43979 16.1
      vertex 15.8922 -7.05988 16.1
    endloop
  endfacet
  facet normal -0 0 1
    outer loop
      vertex 15.8805 -7.08624 16.1
      vertex 18.9561 -8.43979 16.1
      vertex 15.8867 -7.07321 16.1
    endloop
  endfacet
  facet normal 0 0 1
    outer loop
      vertex 18.9561 -8.43979 16.1
      vertex 15.8805 -7.08624 16.1
      vertex 18.4884 -9.4203 16.1
    endloop
  endfacet
  facet normal -0 0 1
    outer loop
      vertex 15.4947 -7.89496 16.1
      vertex 18.4884 -9.4203 16.1
      vertex 15.8805 -7.08624 16.1
    endloop
  endfacet
  facet normal -0 0 1
    outer loop
      vertex 15.4879 -7.90765 16.1
      vertex 18.4884 -9.4203 16.1
      vertex 15.4947 -7.89496 16.1
    endloop
  endfacet
  facet normal 0 0 1
    outer loop
      vertex 18.4884 -9.4203 16.1
      vertex 15.4879 -7.90765 16.1
      vertex 17.97 -10.375 16.1
    endloop
  endfacet
  facet normal -0 0 1
    outer loop
      vertex 15.0603 -8.69508 16.1
      vertex 17.97 -10.375 16.1
      vertex 15.4879 -7.90765 16.1
    endloop
  endfacet
  facet normal -0 0 1
    outer loop
      vertex 15.0528 -8.70738 16.1
      vertex 17.97 -10.375 16.1
      vertex 15.0603 -8.69508 16.1
    endloop
  endfacet
  facet normal 0 0 1
    outer loop
      vertex 17.97 -10.375 16.1
      vertex 15.0528 -8.70738 16.1
      vertex 17.4024 -11.3013 16.1
    endloop
  endfacet
  facet normal -0 0 1
    outer loop
      vertex 14.5846 -9.47136 16.1
      vertex 17.4024 -11.3013 16.1
      vertex 15.0528 -8.70738 16.1
    endloop
  endfacet
  facet normal -0 0 1
    outer loop
      vertex 14.5764 -9.48325 16.1
      vertex 17.4024 -11.3013 16.1
      vertex 14.5846 -9.47136 16.1
    endloop
  endfacet
  facet normal 0 0 1
    outer loop
      vertex 17.4024 -11.3013 16.1
      vertex 14.5764 -9.48325 16.1
      vertex 16.7871 -12.1965 16.1
    endloop
  endfacet
  facet normal -0 0 1
    outer loop
      vertex 14.0689 -10.2217 16.1
      vertex 16.7871 -12.1965 16.1
      vertex 14.5764 -9.48325 16.1
    endloop
  endfacet
  facet normal 0 0 1
    outer loop
      vertex 16.7871 -12.1965 16.1
      vertex 14.0689 -10.2217 16.1
      vertex 16.1258 -13.0584 16.1
    endloop
  endfacet
  facet normal -0 0 1
    outer loop
      vertex 13.5235 -10.9325 16.1
      vertex 16.1258 -13.0584 16.1
      vertex 14.0689 -10.2217 16.1
    endloop
  endfacet
  facet normal -0 0 1
    outer loop
      vertex 13.5147 -10.944 16.1
      vertex 16.1258 -13.0584 16.1
      vertex 13.5235 -10.9325 16.1
    endloop
  endfacet
  facet normal -0 0 1
    outer loop
      vertex 13.5053 -10.955 16.1
      vertex 16.1258 -13.0584 16.1
      vertex 13.5147 -10.944 16.1
    endloop
  endfacet
  facet normal 0 0 1
    outer loop
      vertex 16.1258 -13.0584 16.1
      vertex 13.5053 -10.955 16.1
      vertex 15.4203 -13.8845 16.1
    endloop
  endfacet
  facet normal -0 0 1
    outer loop
      vertex 12.9234 -11.6363 16.1
      vertex 15.4203 -13.8845 16.1
      vertex 13.5053 -10.955 16.1
    endloop
  endfacet
  facet normal 0 0 1
    outer loop
      vertex 15.4203 -13.8845 16.1
      vertex 12.9234 -11.6363 16.1
      vertex 14.6725 -14.6725 16.1
    endloop
  endfacet
  facet normal -0 0 1
    outer loop
      vertex 12.3066 -12.2862 16.1
      vertex 14.6725 -14.6725 16.1
      vertex 12.9234 -11.6363 16.1
    endloop
  endfacet
  facet normal -0 0 1
    outer loop
      vertex 12.2967 -12.2967 16.1
      vertex 14.6725 -14.6725 16.1
      vertex 12.3066 -12.2862 16.1
    endloop
  endfacet
  facet normal -0 0 1
    outer loop
      vertex 12.2862 -12.3066 16.1
      vertex 14.6725 -14.6725 16.1
      vertex 12.2967 -12.2967 16.1
    endloop
  endfacet
  facet normal 0 0 1
    outer loop
      vertex 14.6725 -14.6725 16.1
      vertex 12.2862 -12.3066 16.1
      vertex 13.8845 -15.4203 16.1
    endloop
  endfacet
  facet normal -0 0 1
    outer loop
      vertex 11.6363 -12.9234 16.1
      vertex 13.8845 -15.4203 16.1
      vertex 12.2862 -12.3066 16.1
    endloop
  endfacet
  facet normal 0 0 1
    outer loop
      vertex 13.8845 -15.4203 16.1
      vertex 11.6363 -12.9234 16.1
      vertex 13.0584 -16.1258 16.1
    endloop
  endfacet
  facet normal -0 0 1
    outer loop
      vertex 10.955 -13.5053 16.1
      vertex 13.0584 -16.1258 16.1
      vertex 11.6363 -12.9234 16.1
    endloop
  endfacet
  facet normal -0 0 1
    outer loop
      vertex 10.944 -13.5147 16.1
      vertex 13.0584 -16.1258 16.1
      vertex 10.955 -13.5053 16.1
    endloop
  endfacet
  facet normal -0 0 1
    outer loop
      vertex 10.9325 -13.5235 16.1
      vertex 13.0584 -16.1258 16.1
      vertex 10.944 -13.5147 16.1
    endloop
  endfacet
  facet normal 0 0 1
    outer loop
      vertex 13.0584 -16.1258 16.1
      vertex 10.9325 -13.5235 16.1
      vertex 12.1965 -16.7871 16.1
    endloop
  endfacet
  facet normal -0 0 1
    outer loop
      vertex 10.2217 -14.0689 16.1
      vertex 12.1965 -16.7871 16.1
      vertex 10.9325 -13.5235 16.1
    endloop
  endfacet
  facet normal 0 0 1
    outer loop
      vertex 12.1965 -16.7871 16.1
      vertex 10.2217 -14.0689 16.1
      vertex 11.3013 -17.4024 16.1
    endloop
  endfacet
  facet normal -0 0 1
    outer loop
      vertex 9.48325 -14.5764 16.1
      vertex 11.3013 -17.4024 16.1
      vertex 10.2217 -14.0689 16.1
    endloop
  endfacet
  facet normal -0 0 1
    outer loop
      vertex 9.47136 -14.5846 16.1
      vertex 11.3013 -17.4024 16.1
      vertex 9.48325 -14.5764 16.1
    endloop
  endfacet
  facet normal 0 0 1
    outer loop
      vertex 11.3013 -17.4024 16.1
      vertex 9.47136 -14.5846 16.1
      vertex 10.375 -17.97 16.1
    endloop
  endfacet
  facet normal -0 0 1
    outer loop
      vertex 8.70738 -15.0528 16.1
      vertex 10.375 -17.97 16.1
      vertex 9.47136 -14.5846 16.1
    endloop
  endfacet
  facet normal -0 0 1
    outer loop
      vertex 8.69508 -15.0603 16.1
      vertex 10.375 -17.97 16.1
      vertex 8.70738 -15.0528 16.1
    endloop
  endfacet
  facet normal 0 0 1
    outer loop
      vertex 10.375 -17.97 16.1
      vertex 8.69508 -15.0603 16.1
      vertex 9.4203 -18.4884 16.1
    endloop
  endfacet
  facet normal -0 0 1
    outer loop
      vertex 7.90765 -15.4879 16.1
      vertex 9.4203 -18.4884 16.1
      vertex 8.69508 -15.0603 16.1
    endloop
  endfacet
  facet normal -0 0 1
    outer loop
      vertex 7.89496 -15.4947 16.1
      vertex 9.4203 -18.4884 16.1
      vertex 7.90765 -15.4879 16.1
    endloop
  endfacet
  facet normal 0 0 1
    outer loop
      vertex 9.4203 -18.4884 16.1
      vertex 7.89496 -15.4947 16.1
      vertex 8.43979 -18.9561 16.1
    endloop
  endfacet
  facet normal -0 0 1
    outer loop
      vertex 7.08624 -15.8805 16.1
      vertex 8.43979 -18.9561 16.1
      vertex 7.89496 -15.4947 16.1
    endloop
  endfacet
  facet normal -0 0 1
    outer loop
      vertex 7.07321 -15.8867 16.1
      vertex 8.43979 -18.9561 16.1
      vertex 7.08624 -15.8805 16.1
    endloop
  endfacet
  facet normal -0 0 1
    outer loop
      vertex 7.05988 -15.8922 16.1
      vertex 8.43979 -18.9561 16.1
      vertex 7.07321 -15.8867 16.1
    endloop
  endfacet
  facet normal 0 0 1
    outer loop
      vertex 8.43979 -18.9561 16.1
      vertex 7.05988 -15.8922 16.1
      vertex 7.43613 -19.3718 16.1
    endloop
  endfacet
  facet normal -0 0 1
    outer loop
      vertex 6.23207 -16.2351 16.1
      vertex 7.43613 -19.3718 16.1
      vertex 7.05988 -15.8922 16.1
    endloop
  endfacet
  facet normal -0 0 1
    outer loop
      vertex 6.21847 -16.2399 16.1
      vertex 7.43613 -19.3718 16.1
      vertex 6.23207 -16.2351 16.1
    endloop
  endfacet
  facet normal 0 0 1
    outer loop
      vertex 7.43613 -19.3718 16.1
      vertex 6.21847 -16.2399 16.1
      vertex 6.4121 -19.7344 16.1
    endloop
  endfacet
  facet normal -0 0 1
    outer loop
      vertex 5.37385 -16.539 16.1
      vertex 6.4121 -19.7344 16.1
      vertex 6.21847 -16.2399 16.1
    endloop
  endfacet
  facet normal 0 0 1
    outer loop
      vertex 5.37385 -16.539 16.1
      vertex 5.37049 -20.043 16.1
      vertex 6.4121 -19.7344 16.1
    endloop
  endfacet
  facet normal -0 0 1
    outer loop
      vertex 4.51474 -16.7935 16.1
      vertex 5.37049 -20.043 16.1
      vertex 5.37385 -16.539 16.1
    endloop
  endfacet
  facet normal -0 0 1
    outer loop
      vertex 4.5009 -16.7976 16.1
      vertex 5.37049 -20.043 16.1
      vertex 4.51474 -16.7935 16.1
    endloop
  endfacet
  facet normal -0 0 1
    outer loop
      vertex 4.48687 -16.801 16.1
      vertex 5.37049 -20.043 16.1
      vertex 4.5009 -16.7976 16.1
    endloop
  endfacet
  facet normal 0 0 1
    outer loop
      vertex 4.48687 -16.801 16.1
      vertex 4.31417 -20.2966 16.1
      vertex 5.37049 -20.043 16.1
    endloop
  endfacet
  facet normal -0 0 1
    outer loop
      vertex 3.61562 -17.0101 16.1
      vertex 4.31417 -20.2966 16.1
      vertex 4.48687 -16.801 16.1
    endloop
  endfacet
  facet normal 0 0 1
    outer loop
      vertex 3.61562 -17.0101 16.1
      vertex 3.24601 -20.4945 16.1
      vertex 4.31417 -20.2966 16.1
    endloop
  endfacet
  facet normal -0 0 1
    outer loop
      vertex 2.73461 -17.1734 16.1
      vertex 3.24601 -20.4945 16.1
      vertex 3.61562 -17.0101 16.1
    endloop
  endfacet
  facet normal -0 0 1
    outer loop
      vertex 2.72042 -17.1761 16.1
      vertex 3.24601 -20.4945 16.1
      vertex 2.73461 -17.1734 16.1
    endloop
  endfacet
  facet normal -0 0 1
    outer loop
      vertex 2.70611 -17.1779 16.1
      vertex 3.24601 -20.4945 16.1
      vertex 2.72042 -17.1761 16.1
    endloop
  endfacet
  facet normal 0 0 1
    outer loop
      vertex 2.70611 -17.1779 16.1
      vertex 2.16897 -20.6363 16.1
      vertex 3.24601 -20.4945 16.1
    endloop
  endfacet
  facet normal -0 0 1
    outer loop
      vertex 1.81777 -17.2949 16.1
      vertex 2.16897 -20.6363 16.1
      vertex 2.70611 -17.1779 16.1
    endloop
  endfacet
  facet normal -0 0 1
    outer loop
      vertex 1.80338 -17.296 16.1
      vertex 2.16897 -20.6363 16.1
      vertex 1.81777 -17.2949 16.1
    endloop
  endfacet
  facet normal 0 0 1
    outer loop
      vertex 1.80338 -17.296 16.1
      vertex 1.08597 -20.7216 16.1
      vertex 2.16897 -20.6363 16.1
    endloop
  endfacet
  facet normal -0 0 1
    outer loop
      vertex 0.91013 -17.3663 16.1
      vertex 1.08597 -20.7216 16.1
      vertex 1.80338 -17.296 16.1
    endloop
  endfacet
  facet normal -0 0 1
    outer loop
      vertex 0.0144265 -17.3898 16.1
      vertex 1.08597 -20.7216 16.1
      vertex 0.91013 -17.3663 16.1
    endloop
  endfacet
  facet normal 0 0 1
    outer loop
      vertex 0 -20.75 16.1
      vertex 0.0144265 -17.3898 16.1
      vertex 0 -17.3902 16.1
    endloop
  endfacet
  facet normal 0 0 1
    outer loop
      vertex 0.0144265 -17.3898 16.1
      vertex 0 -20.75 16.1
      vertex 1.08597 -20.7216 16.1
    endloop
  endfacet
  facet normal 0 0 1
    outer loop
      vertex -0.0144265 -17.3898 16.1
      vertex 0 -20.75 16.1
      vertex 0 -17.3902 16.1
    endloop
  endfacet
  facet normal 0 0 1
    outer loop
      vertex -0.91013 -17.3663 16.1
      vertex 0 -20.75 16.1
      vertex -0.0144265 -17.3898 16.1
    endloop
  endfacet
  facet normal 0 0 1
    outer loop
      vertex -0.91013 -17.3663 16.1
      vertex -1.08597 -20.7216 16.1
      vertex 0 -20.75 16.1
    endloop
  endfacet
  facet normal 0 0 1
    outer loop
      vertex -1.80338 -17.296 16.1
      vertex -1.08597 -20.7216 16.1
      vertex -0.91013 -17.3663 16.1
    endloop
  endfacet
  facet normal 0 0 1
    outer loop
      vertex -2.16897 -20.6363 16.1
      vertex -1.80338 -17.296 16.1
      vertex -1.81777 -17.2949 16.1
    endloop
  endfacet
  facet normal 0 0 1
    outer loop
      vertex -1.80338 -17.296 16.1
      vertex -2.16897 -20.6363 16.1
      vertex -1.08597 -20.7216 16.1
    endloop
  endfacet
  facet normal 0 0 1
    outer loop
      vertex -2.70611 -17.1779 16.1
      vertex -2.16897 -20.6363 16.1
      vertex -1.81777 -17.2949 16.1
    endloop
  endfacet
  facet normal 0 0 1
    outer loop
      vertex -3.24601 -20.4945 16.1
      vertex -2.70611 -17.1779 16.1
      vertex -2.72042 -17.1761 16.1
    endloop
  endfacet
  facet normal 0 0 1
    outer loop
      vertex -3.24601 -20.4945 16.1
      vertex -2.72042 -17.1761 16.1
      vertex -2.73461 -17.1734 16.1
    endloop
  endfacet
  facet normal 0 0 1
    outer loop
      vertex -2.70611 -17.1779 16.1
      vertex -3.24601 -20.4945 16.1
      vertex -2.16897 -20.6363 16.1
    endloop
  endfacet
  facet normal 0 0 1
    outer loop
      vertex -3.61562 -17.0101 16.1
      vertex -3.24601 -20.4945 16.1
      vertex -2.73461 -17.1734 16.1
    endloop
  endfacet
  facet normal 0 0 1
    outer loop
      vertex -3.61562 -17.0101 16.1
      vertex -4.31417 -20.2966 16.1
      vertex -3.24601 -20.4945 16.1
    endloop
  endfacet
  facet normal 0 0 1
    outer loop
      vertex -4.48687 -16.801 16.1
      vertex -4.31417 -20.2966 16.1
      vertex -3.61562 -17.0101 16.1
    endloop
  endfacet
  facet normal 0 0 1
    outer loop
      vertex -5.37049 -20.043 16.1
      vertex -4.48687 -16.801 16.1
      vertex -4.5009 -16.7976 16.1
    endloop
  endfacet
  facet normal 0 0 1
    outer loop
      vertex -5.37049 -20.043 16.1
      vertex -4.5009 -16.7976 16.1
      vertex -4.51474 -16.7935 16.1
    endloop
  endfacet
  facet normal 0 0 1
    outer loop
      vertex -4.48687 -16.801 16.1
      vertex -5.37049 -20.043 16.1
      vertex -4.31417 -20.2966 16.1
    endloop
  endfacet
  facet normal 0 0 1
    outer loop
      vertex -5.37385 -16.539 16.1
      vertex -5.37049 -20.043 16.1
      vertex -4.51474 -16.7935 16.1
    endloop
  endfacet
  facet normal 0 0 1
    outer loop
      vertex -6.4121 -19.7344 16.1
      vertex -5.37385 -16.539 16.1
      vertex -6.21847 -16.2399 16.1
    endloop
  endfacet
  facet normal 0 0 1
    outer loop
      vertex -7.43613 -19.3718 16.1
      vertex -6.21847 -16.2399 16.1
      vertex -6.23207 -16.2351 16.1
    endloop
  endfacet
  facet normal 0 0 1
    outer loop
      vertex -5.37385 -16.539 16.1
      vertex -6.4121 -19.7344 16.1
      vertex -5.37049 -20.043 16.1
    endloop
  endfacet
  facet normal 0 0 1
    outer loop
      vertex -7.43613 -19.3718 16.1
      vertex -6.23207 -16.2351 16.1
      vertex -7.05988 -15.8922 16.1
    endloop
  endfacet
  facet normal 0 0 1
    outer loop
      vertex -8.43979 -18.9561 16.1
      vertex -7.05988 -15.8922 16.1
      vertex -7.07321 -15.8867 16.1
    endloop
  endfacet
  facet normal 0 0 1
    outer loop
      vertex -8.43979 -18.9561 16.1
      vertex -7.07321 -15.8867 16.1
      vertex -7.08624 -15.8805 16.1
    endloop
  endfacet
  facet normal 0 0 1
    outer loop
      vertex -6.21847 -16.2399 16.1
      vertex -7.43613 -19.3718 16.1
      vertex -6.4121 -19.7344 16.1
    endloop
  endfacet
  facet normal 0 0 1
    outer loop
      vertex -8.43979 -18.9561 16.1
      vertex -7.08624 -15.8805 16.1
      vertex -7.89496 -15.4947 16.1
    endloop
  endfacet
  facet normal 0 0 1
    outer loop
      vertex -9.4203 -18.4884 16.1
      vertex -7.89496 -15.4947 16.1
      vertex -7.90765 -15.4879 16.1
    endloop
  endfacet
  facet normal 0 0 1
    outer loop
      vertex -7.05988 -15.8922 16.1
      vertex -8.43979 -18.9561 16.1
      vertex -7.43613 -19.3718 16.1
    endloop
  endfacet
  facet normal 0 0 1
    outer loop
      vertex -9.4203 -18.4884 16.1
      vertex -7.90765 -15.4879 16.1
      vertex -8.69508 -15.0603 16.1
    endloop
  endfacet
  facet normal 0 0 1
    outer loop
      vertex -10.375 -17.97 16.1
      vertex -8.69508 -15.0603 16.1
      vertex -8.70738 -15.0528 16.1
    endloop
  endfacet
  facet normal 0 0 1
    outer loop
      vertex -7.89496 -15.4947 16.1
      vertex -9.4203 -18.4884 16.1
      vertex -8.43979 -18.9561 16.1
    endloop
  endfacet
  facet normal 0 0 1
    outer loop
      vertex -10.375 -17.97 16.1
      vertex -8.70738 -15.0528 16.1
      vertex -9.47136 -14.5846 16.1
    endloop
  endfacet
  facet normal 0 0 1
    outer loop
      vertex -11.3013 -17.4024 16.1
      vertex -9.47136 -14.5846 16.1
      vertex -9.48325 -14.5764 16.1
    endloop
  endfacet
  facet normal 0 0 1
    outer loop
      vertex -11.3013 -17.4024 16.1
      vertex -9.48325 -14.5764 16.1
      vertex -10.2217 -14.0689 16.1
    endloop
  endfacet
  facet normal 0 0 1
    outer loop
      vertex -8.69508 -15.0603 16.1
      vertex -10.375 -17.97 16.1
      vertex -9.4203 -18.4884 16.1
    endloop
  endfacet
  facet normal 0 0 1
    outer loop
      vertex -12.1965 -16.7871 16.1
      vertex -10.2217 -14.0689 16.1
      vertex -10.9325 -13.5235 16.1
    endloop
  endfacet
  facet normal 0 0 1
    outer loop
      vertex -13.0584 -16.1258 16.1
      vertex -10.9325 -13.5235 16.1
      vertex -10.944 -13.5147 16.1
    endloop
  endfacet
  facet normal 0 0 1
    outer loop
      vertex -13.0584 -16.1258 16.1
      vertex -10.944 -13.5147 16.1
      vertex -10.955 -13.5053 16.1
    endloop
  endfacet
  facet normal 0 0 1
    outer loop
      vertex -9.47136 -14.5846 16.1
      vertex -11.3013 -17.4024 16.1
      vertex -10.375 -17.97 16.1
    endloop
  endfacet
  facet normal 0 0 1
    outer loop
      vertex -13.0584 -16.1258 16.1
      vertex -10.955 -13.5053 16.1
      vertex -11.6363 -12.9234 16.1
    endloop
  endfacet
  facet normal 0 0 1
    outer loop
      vertex -10.2217 -14.0689 16.1
      vertex -12.1965 -16.7871 16.1
      vertex -11.3013 -17.4024 16.1
    endloop
  endfacet
  facet normal 0 0 1
    outer loop
      vertex -13.8845 -15.4203 16.1
      vertex -11.6363 -12.9234 16.1
      vertex -12.2862 -12.3066 16.1
    endloop
  endfacet
  facet normal 0 0 1
    outer loop
      vertex -14.6725 -14.6725 16.1
      vertex -12.2862 -12.3066 16.1
      vertex -12.2967 -12.2967 16.1
    endloop
  endfacet
  facet normal 0 0 1
    outer loop
      vertex -14.6725 -14.6725 16.1
      vertex -12.2967 -12.2967 16.1
      vertex -12.3066 -12.2862 16.1
    endloop
  endfacet
  facet normal 0 0 1
    outer loop
      vertex -14.6725 -14.6725 16.1
      vertex -12.3066 -12.2862 16.1
      vertex -12.9234 -11.6363 16.1
    endloop
  endfacet
  facet normal 0 0 1
    outer loop
      vertex -10.9325 -13.5235 16.1
      vertex -13.0584 -16.1258 16.1
      vertex -12.1965 -16.7871 16.1
    endloop
  endfacet
  facet normal 0 0 1
    outer loop
      vertex -15.4203 -13.8845 16.1
      vertex -12.9234 -11.6363 16.1
      vertex -13.5053 -10.955 16.1
    endloop
  endfacet
  facet normal 0 0 1
    outer loop
      vertex -16.1258 -13.0584 16.1
      vertex -13.5053 -10.955 16.1
      vertex -13.5147 -10.944 16.1
    endloop
  endfacet
  facet normal 0 0 1
    outer loop
      vertex -16.1258 -13.0584 16.1
      vertex -13.5147 -10.944 16.1
      vertex -13.5235 -10.9325 16.1
    endloop
  endfacet
  facet normal 0 0 1
    outer loop
      vertex -11.6363 -12.9234 16.1
      vertex -13.8845 -15.4203 16.1
      vertex -13.0584 -16.1258 16.1
    endloop
  endfacet
  facet normal 0 0 1
    outer loop
      vertex -16.1258 -13.0584 16.1
      vertex -13.5235 -10.9325 16.1
      vertex -14.0689 -10.2217 16.1
    endloop
  endfacet
  facet normal 0 0 1
    outer loop
      vertex -16.7871 -12.1965 16.1
      vertex -14.0689 -10.2217 16.1
      vertex -14.5764 -9.48325 16.1
    endloop
  endfacet
  facet normal 0 0 1
    outer loop
      vertex -17.4024 -11.3013 16.1
      vertex -14.5764 -9.48325 16.1
      vertex -14.5846 -9.47136 16.1
    endloop
  endfacet
  facet normal 0 0 1
    outer loop
      vertex -12.2862 -12.3066 16.1
      vertex -14.6725 -14.6725 16.1
      vertex -13.8845 -15.4203 16.1
    endloop
  endfacet
  facet normal 0 0 1
    outer loop
      vertex -17.4024 -11.3013 16.1
      vertex -14.5846 -9.47136 16.1
      vertex -15.0528 -8.70738 16.1
    endloop
  endfacet
  facet normal 0 0 1
    outer loop
      vertex -17.97 -10.375 16.1
      vertex -15.0528 -8.70738 16.1
      vertex -15.0603 -8.69508 16.1
    endloop
  endfacet
  facet normal 0 0 1
    outer loop
      vertex -12.9234 -11.6363 16.1
      vertex -15.4203 -13.8845 16.1
      vertex -14.6725 -14.6725 16.1
    endloop
  endfacet
  facet normal 0 0 1
    outer loop
      vertex -17.97 -10.375 16.1
      vertex -15.0603 -8.69508 16.1
      vertex -15.4879 -7.90765 16.1
    endloop
  endfacet
  facet normal 0 0 1
    outer loop
      vertex -18.4884 -9.4203 16.1
      vertex -15.4879 -7.90765 16.1
      vertex -15.4947 -7.89496 16.1
    endloop
  endfacet
  facet normal 0 0 1
    outer loop
      vertex -18.4884 -9.4203 16.1
      vertex -15.4947 -7.89496 16.1
      vertex -15.8805 -7.08624 16.1
    endloop
  endfacet
  facet normal 0 0 1
    outer loop
      vertex -18.9561 -8.43979 16.1
      vertex -15.8805 -7.08624 16.1
      vertex -15.8867 -7.07321 16.1
    endloop
  endfacet
  facet normal 0 0 1
    outer loop
      vertex -18.9561 -8.43979 16.1
      vertex -15.8867 -7.07321 16.1
      vertex -15.8922 -7.05988 16.1
    endloop
  endfacet
  facet normal 0 0 1
    outer loop
      vertex -13.5053 -10.955 16.1
      vertex -16.1258 -13.0584 16.1
      vertex -15.4203 -13.8845 16.1
    endloop
  endfacet
  facet normal 0 0 1
    outer loop
      vertex -18.9561 -8.43979 16.1
      vertex -15.8922 -7.05988 16.1
      vertex -16.2351 -6.23207 16.1
    endloop
  endfacet
  facet normal 0 0 1
    outer loop
      vertex -19.3718 -7.43613 16.1
      vertex -16.2351 -6.23207 16.1
      vertex -16.2399 -6.21847 16.1
    endloop
  endfacet
  facet normal 0 0 1
    outer loop
      vertex -19.3718 -7.43613 16.1
      vertex -16.2399 -6.21847 16.1
      vertex -16.539 -5.37385 16.1
    endloop
  endfacet
  facet normal 0 0 1
    outer loop
      vertex -14.0689 -10.2217 16.1
      vertex -16.7871 -12.1965 16.1
      vertex -16.1258 -13.0584 16.1
    endloop
  endfacet
  facet normal 0 0 1
    outer loop
      vertex -19.7344 -6.4121 16.1
      vertex -16.539 -5.37385 16.1
      vertex -16.7935 -4.51474 16.1
    endloop
  endfacet
  facet normal 0 0 1
    outer loop
      vertex -20.043 -5.37049 16.1
      vertex -16.7935 -4.51474 16.1
      vertex -16.7976 -4.5009 16.1
    endloop
  endfacet
  facet normal 0 0 1
    outer loop
      vertex -20.043 -5.37049 16.1
      vertex -16.7976 -4.5009 16.1
      vertex -16.801 -4.48687 16.1
    endloop
  endfacet
  facet normal 0 0 1
    outer loop
      vertex -20.043 -5.37049 16.1
      vertex -16.801 -4.48687 16.1
      vertex -17.0101 -3.61562 16.1
    endloop
  endfacet
  facet normal 0 0 1
    outer loop
      vertex -20.2966 -4.31417 16.1
      vertex -17.0101 -3.61562 16.1
      vertex -17.1734 -2.73461 16.1
    endloop
  endfacet
  facet normal 0 0 1
    outer loop
      vertex -20.4945 -3.24601 16.1
      vertex -17.1734 -2.73461 16.1
      vertex -17.1761 -2.72042 16.1
    endloop
  endfacet
  facet normal 0 0 1
    outer loop
      vertex -20.4945 -3.24601 16.1
      vertex -17.1761 -2.72042 16.1
      vertex -17.1779 -2.70611 16.1
    endloop
  endfacet
  facet normal 0 0 1
    outer loop
      vertex -20.4945 -3.24601 16.1
      vertex -17.1779 -2.70611 16.1
      vertex -17.2949 -1.81777 16.1
    endloop
  endfacet
  facet normal 0 0 1
    outer loop
      vertex -20.6363 -2.16897 16.1
      vertex -17.2949 -1.81777 16.1
      vertex -17.296 -1.80338 16.1
    endloop
  endfacet
  facet normal 0 0 1
    outer loop
      vertex -20.6363 -2.16897 16.1
      vertex -17.296 -1.80338 16.1
      vertex -17.3663 -0.91013 16.1
    endloop
  endfacet
  facet normal -0 0 1
    outer loop
      vertex -20.75 0 16.1
      vertex -17.3898 -0.0144265 16.1
      vertex -17.3902 0 16.1
    endloop
  endfacet
  facet normal 0 0 1
    outer loop
      vertex -14.5764 -9.48325 16.1
      vertex -17.4024 -11.3013 16.1
      vertex -16.7871 -12.1965 16.1
    endloop
  endfacet
  facet normal 0 0 1
    outer loop
      vertex -17.3898 -0.0144265 16.1
      vertex -20.7216 -1.08597 16.1
      vertex -17.3663 -0.91013 16.1
    endloop
  endfacet
  facet normal 0 0 1
    outer loop
      vertex -17.0101 3.61562 16.1
      vertex -20.2966 4.31417 16.1
      vertex -17.1734 2.73461 16.1
    endloop
  endfacet
  facet normal -0 0 1
    outer loop
      vertex -20.4945 3.24601 16.1
      vertex -17.1734 2.73461 16.1
      vertex -20.2966 4.31417 16.1
    endloop
  endfacet
  facet normal 0 0 1
    outer loop
      vertex -15.0528 -8.70738 16.1
      vertex -17.97 -10.375 16.1
      vertex -17.4024 -11.3013 16.1
    endloop
  endfacet
  facet normal 0 0 1
    outer loop
      vertex -17.1734 2.73461 16.1
      vertex -20.4945 3.24601 16.1
      vertex -17.1761 2.72042 16.1
    endloop
  endfacet
  facet normal 0 0 1
    outer loop
      vertex -15.4879 -7.90765 16.1
      vertex -18.4884 -9.4203 16.1
      vertex -17.97 -10.375 16.1
    endloop
  endfacet
  facet normal 0 0 1
    outer loop
      vertex -17.1761 2.72042 16.1
      vertex -20.4945 3.24601 16.1
      vertex -17.1779 2.70611 16.1
    endloop
  endfacet
  facet normal 0 0 1
    outer loop
      vertex -15.8805 -7.08624 16.1
      vertex -18.9561 -8.43979 16.1
      vertex -18.4884 -9.4203 16.1
    endloop
  endfacet
  facet normal 0 0 1
    outer loop
      vertex -17.1779 2.70611 16.1
      vertex -20.4945 3.24601 16.1
      vertex -17.2949 1.81777 16.1
    endloop
  endfacet
  facet normal 0 0 1
    outer loop
      vertex -16.2351 -6.23207 16.1
      vertex -19.3718 -7.43613 16.1
      vertex -18.9561 -8.43979 16.1
    endloop
  endfacet
  facet normal -0 0 1
    outer loop
      vertex -20.6363 2.16897 16.1
      vertex -17.2949 1.81777 16.1
      vertex -20.4945 3.24601 16.1
    endloop
  endfacet
  facet normal 0 0 1
    outer loop
      vertex -16.539 -5.37385 16.1
      vertex -19.7344 -6.4121 16.1
      vertex -19.3718 -7.43613 16.1
    endloop
  endfacet
  facet normal 0 0 1
    outer loop
      vertex -17.2949 1.81777 16.1
      vertex -20.6363 2.16897 16.1
      vertex -17.296 1.80338 16.1
    endloop
  endfacet
  facet normal 0 0 1
    outer loop
      vertex -16.7935 -4.51474 16.1
      vertex -20.043 -5.37049 16.1
      vertex -19.7344 -6.4121 16.1
    endloop
  endfacet
  facet normal 0 0 1
    outer loop
      vertex -17.296 1.80338 16.1
      vertex -20.6363 2.16897 16.1
      vertex -17.3663 0.91013 16.1
    endloop
  endfacet
  facet normal 0 0 1
    outer loop
      vertex -17.0101 -3.61562 16.1
      vertex -20.2966 -4.31417 16.1
      vertex -20.043 -5.37049 16.1
    endloop
  endfacet
  facet normal -0 0 1
    outer loop
      vertex -20.7216 1.08597 16.1
      vertex -17.3663 0.91013 16.1
      vertex -20.6363 2.16897 16.1
    endloop
  endfacet
  facet normal 0 0 1
    outer loop
      vertex -17.1734 -2.73461 16.1
      vertex -20.4945 -3.24601 16.1
      vertex -20.2966 -4.31417 16.1
    endloop
  endfacet
  facet normal 0 0 1
    outer loop
      vertex -20.75 0 16.1
      vertex -17.3898 0.0144265 16.1
      vertex -20.7216 1.08597 16.1
    endloop
  endfacet
  facet normal 0 0 1
    outer loop
      vertex -17.2949 -1.81777 16.1
      vertex -20.6363 -2.16897 16.1
      vertex -20.4945 -3.24601 16.1
    endloop
  endfacet
  facet normal 0 0 1
    outer loop
      vertex -17.3898 0.0144265 16.1
      vertex -20.75 0 16.1
      vertex -17.3902 0 16.1
    endloop
  endfacet
  facet normal 0 0 1
    outer loop
      vertex -17.3663 -0.91013 16.1
      vertex -20.7216 -1.08597 16.1
      vertex -20.6363 -2.16897 16.1
    endloop
  endfacet
  facet normal 0 0 1
    outer loop
      vertex -17.3898 -0.0144265 16.1
      vertex -20.75 0 16.1
      vertex -20.7216 -1.08597 16.1
    endloop
  endfacet
  facet normal -0.270622 -0.653404 0.706984
    outer loop
      vertex -8.43979 -18.9561 16.1
      vertex -9.86336 -22.1535 12.6
      vertex -8.69042 -22.6393 12.6
    endloop
  endfacet
  facet normal -0.760417 0.649435 0
    outer loop
      vertex -18.8458 15.261 3.59999
      vertex -18.0213 16.2264 12.6
      vertex -18.0213 16.2264 3.59999
    endloop
  endfacet
  facet normal -0.760417 0.649435 0
    outer loop
      vertex -18.0213 16.2264 12.6
      vertex -18.8458 15.261 3.59999
      vertex -18.8458 15.261 12.6
    endloop
  endfacet
  facet normal -0.182188 -0.983264 -4.83466e-07
    outer loop
      vertex -5.04186 -23.7201 12.6
      vertex -4.5 -23.8205 11.15
      vertex -3.79354 -23.9514 12.6
    endloop
  endfacet
  facet normal -0.182223 -0.983257 -1.41924e-05
    outer loop
      vertex -5.04186 -23.7201 12.6
      vertex -4.60468 -23.8011 11.1473
      vertex -4.5 -23.8205 11.15
    endloop
  endfacet
  facet normal -0.181828 -0.98333 0.000108972
    outer loop
      vertex -5.04186 -23.7201 12.6
      vertex -4.70906 -23.7818 11.139
      vertex -4.60468 -23.8011 11.1473
    endloop
  endfacet
  facet normal -0.18277 -0.983156 -0.000113068
    outer loop
      vertex -5.04186 -23.7201 12.6
      vertex -4.81287 -23.7625 11.1254
      vertex -4.70906 -23.7818 11.139
    endloop
  endfacet
  facet normal -0.182404 -0.983224 -5.43221e-05
    outer loop
      vertex -5.04186 -23.7201 12.6
      vertex -4.91582 -23.7434 11.1063
      vertex -4.81287 -23.7625 11.1254
    endloop
  endfacet
  facet normal -0.181575 -0.983377 1.80877e-05
    outer loop
      vertex -5.04186 -23.7201 12.6
      vertex -5.01764 -23.7246 11.0819
      vertex -4.91582 -23.7434 11.1063
    endloop
  endfacet
  facet normal -0.182671 -0.983174 0
    outer loop
      vertex -5.01764 -23.7246 11.0819
      vertex -5.04186 -23.7201 12.6
      vertex -5.04186 -23.7201 11.0747
    endloop
  endfacet
  facet normal -0.182189 -0.983264 -0
    outer loop
      vertex -3.79354 -23.9514 12.6
      vertex -4.5 -23.8205 11.15
      vertex -3.79354 -23.9514 11.15
    endloop
  endfacet
  facet normal -0.304481 -0.638329 0.706985
    outer loop
      vertex -9.4203 -18.4884 16.1
      vertex -11.0093 -21.6069 12.6
      vertex -8.43979 -18.9561 16.1
    endloop
  endfacet
  facet normal 0.923893 0.382651 0
    outer loop
      vertex 22.6393 8.69042 12.6
      vertex 22.1535 9.86336 3.59999
      vertex 22.1535 9.86336 12.6
    endloop
  endfacet
  facet normal 0.923893 0.382651 0
    outer loop
      vertex 22.1535 9.86336 3.59999
      vertex 22.6393 8.69042 12.6
      vertex 22.6393 8.69042 3.59999
    endloop
  endfacet
  facet normal -0.233462 0.972366 0
    outer loop
      vertex -5.04186 23.7201 3.59999
      vertex -6.27636 23.4237 12.6
      vertex -5.04186 23.7201 12.6
    endloop
  endfacet
  facet normal -0.233462 0.972366 0
    outer loop
      vertex -6.27636 23.4237 12.6
      vertex -5.04186 23.7201 3.59999
      vertex -6.27636 23.4237 3.59999
    endloop
  endfacet
  facet normal -0.200873 -0.678101 0.706986
    outer loop
      vertex -6.4121 -19.7344 16.1
      vertex -7.49366 -23.0631 12.6
      vertex -6.27636 -23.4237 12.6
    endloop
  endfacet
  facet normal -0.23608 -0.666661 0.706986
    outer loop
      vertex -6.4121 -19.7344 16.1
      vertex -8.69042 -22.6393 12.6
      vertex -7.49366 -23.0631 12.6
    endloop
  endfacet
  facet normal -0.522466 -0.85266 1.12413e-05
    outer loop
      vertex -12.3919 -20.8376 9.37538
      vertex -12.125 -21.0011 12.6
      vertex -13.2075 -20.3378 12.6
    endloop
  endfacet
  facet normal -0.523745 -0.851875 -0
    outer loop
      vertex -12.125 -21.0011 12.6
      vertex -12.1385 -20.9928 9.39958
      vertex -12.125 -21.0011 9.4
    endloop
  endfacet
  facet normal -0.522087 -0.852892 -9.6344e-06
    outer loop
      vertex -12.125 -21.0011 12.6
      vertex -12.2143 -20.9464 9.39726
      vertex -12.1385 -20.9928 9.39958
    endloop
  endfacet
  facet normal -0.521952 -0.852975 -1.48184e-05
    outer loop
      vertex -12.125 -21.0011 12.6
      vertex -12.2898 -20.9002 9.39029
      vertex -12.2143 -20.9464 9.39726
    endloop
  endfacet
  facet normal -0.528331 -0.849038 0.000436479
    outer loop
      vertex -12.125 -21.0011 12.6
      vertex -12.3033 -20.8918 9.38904
      vertex -12.2898 -20.9002 9.39029
    endloop
  endfacet
  facet normal -0.521833 -0.853048 -6.08509e-05
    outer loop
      vertex -12.125 -21.0011 12.6
      vertex -12.3919 -20.8376 9.37538
      vertex -12.3033 -20.8918 9.38904
    endloop
  endfacet
  facet normal -0.522472 -0.852656 9.02066e-06
    outer loop
      vertex -13.2075 -20.3378 12.6
      vertex -12.4797 -20.7838 9.35629
      vertex -12.3919 -20.8376 9.37538
    endloop
  endfacet
  facet normal -0.522558 -0.852603 -1.75453e-05
    outer loop
      vertex -13.2075 -20.3378 12.6
      vertex -12.5665 -20.7306 9.33185
      vertex -12.4797 -20.7838 9.35629
    endloop
  endfacet
  facet normal -0.522274 -0.852778 5.93076e-05
    outer loop
      vertex -13.2075 -20.3378 12.6
      vertex -12.639 -20.6862 9.30669
      vertex -12.5665 -20.7306 9.33185
    endloop
  endfacet
  facet normal -0.525715 -0.85066 -0.000758872
    outer loop
      vertex -13.2075 -20.3378 12.6
      vertex -12.6521 -20.6781 9.30211
      vertex -12.639 -20.6862 9.30669
    endloop
  endfacet
  facet normal -0.52399 -0.851724 -0.00035844
    outer loop
      vertex -13.2075 -20.3378 12.6
      vertex -12.6651 -20.6701 9.29673
      vertex -12.6521 -20.6781 9.30211
    endloop
  endfacet
  facet normal -0.522236 -0.852801 3.77466e-05
    outer loop
      vertex -13.2075 -20.3378 12.6
      vertex -12.7363 -20.6265 9.26716
      vertex -12.6651 -20.6701 9.29673
    endloop
  endfacet
  facet normal -0.522803 -0.852454 -7.24399e-05
    outer loop
      vertex -13.2075 -20.3378 12.6
      vertex -12.8188 -20.5759 9.22709
      vertex -12.7363 -20.6265 9.26716
    endloop
  endfacet
  facet normal -0.522549 -0.852609 -3.2174e-05
    outer loop
      vertex -13.2075 -20.3378 12.6
      vertex -12.8994 -20.5265 9.18201
      vertex -12.8188 -20.5759 9.22709
    endloop
  endfacet
  facet normal -0.522451 -0.852669 -2.00165e-05
    outer loop
      vertex -13.2075 -20.3378 12.6
      vertex -12.9779 -20.4784 9.13205
      vertex -12.8994 -20.5265 9.18201
    endloop
  endfacet
  facet normal -0.521745 -0.853102 4.42547e-05
    outer loop
      vertex -13.2075 -20.3378 12.6
      vertex -13.0541 -20.4318 9.07734
      vertex -12.9779 -20.4784 9.13205
    endloop
  endfacet
  facet normal -0.525239 -0.850955 -0.000165206
    outer loop
      vertex -13.2075 -20.3378 12.6
      vertex -13.0656 -20.4247 9.0681
      vertex -13.0541 -20.4318 9.07734
    endloop
  endfacet
  facet normal -0.521959 -0.85297 1.61602e-05
    outer loop
      vertex -13.2075 -20.3378 12.6
      vertex -13.1277 -20.3867 9.01803
      vertex -13.0656 -20.4247 9.0681
    endloop
  endfacet
  facet normal -0.523675 -0.851918 -3.6438e-05
    outer loop
      vertex -13.2075 -20.3378 12.6
      vertex -13.1874 -20.35 8.96426
      vertex -13.1277 -20.3867 9.01803
    endloop
  endfacet
  facet normal -0.516773 -0.856123 1.58318e-05
    outer loop
      vertex -13.2075 -20.3378 12.6
      vertex -13.1985 -20.3433 8.95429
      vertex -13.1874 -20.35 8.96426
    endloop
  endfacet
  facet normal -0.52145 -0.853282 0
    outer loop
      vertex -13.1985 -20.3433 8.95429
      vertex -13.2075 -20.3378 12.6
      vertex -13.2075 -20.3378 8.94532
    endloop
  endfacet
  facet normal -0.521965 -0.852967 -2.62317e-05
    outer loop
      vertex -13.2075 -20.3378 3.59999
      vertex -13.0656 -20.4247 5.7319
      vertex -13.1277 -20.3867 5.78197
    endloop
  endfacet
  facet normal -0.525587 -0.850739 0.00126682
    outer loop
      vertex -13.2075 -20.3378 3.59999
      vertex -12.639 -20.6862 5.49331
      vertex -12.6521 -20.6781 5.49789
    endloop
  endfacet
  facet normal -0.52145 -0.853282 0
    outer loop
      vertex -13.2075 -20.3378 3.59999
      vertex -13.1985 -20.3433 5.84571
      vertex -13.2075 -20.3378 5.85468
    endloop
  endfacet
  facet normal -0.516779 -0.856119 -2.56658e-05
    outer loop
      vertex -13.2075 -20.3378 3.59999
      vertex -13.1874 -20.35 5.83573
      vertex -13.1985 -20.3433 5.84571
    endloop
  endfacet
  facet normal -0.523661 -0.851927 5.90727e-05
    outer loop
      vertex -13.2075 -20.3378 3.59999
      vertex -13.1277 -20.3867 5.78197
      vertex -13.1874 -20.35 5.83573
    endloop
  endfacet
  facet normal -0.525179 -0.850992 0.000268199
    outer loop
      vertex -13.0656 -20.4247 5.7319
      vertex -13.2075 -20.3378 3.59999
      vertex -13.0541 -20.4318 5.72266
    endloop
  endfacet
  facet normal -0.521759 -0.853093 -7.2002e-05
    outer loop
      vertex -13.2075 -20.3378 3.59999
      vertex -12.9779 -20.4784 5.66795
      vertex -13.0541 -20.4318 5.72266
    endloop
  endfacet
  facet normal -0.522445 -0.852673 3.26733e-05
    outer loop
      vertex -13.2075 -20.3378 3.59999
      vertex -12.8994 -20.5265 5.61799
      vertex -12.9779 -20.4784 5.66795
    endloop
  endfacet
  facet normal -0.522541 -0.852614 5.27391e-05
    outer loop
      vertex -13.2075 -20.3378 3.59999
      vertex -12.8188 -20.5759 5.57291
      vertex -12.8994 -20.5265 5.61799
    endloop
  endfacet
  facet normal -0.522786 -0.852464 0.000119356
    outer loop
      vertex -13.2075 -20.3378 3.59999
      vertex -12.7363 -20.6265 5.53284
      vertex -12.8188 -20.5759 5.57291
    endloop
  endfacet
  facet normal -0.522244 -0.852796 -6.25731e-05
    outer loop
      vertex -13.2075 -20.3378 3.59999
      vertex -12.6651 -20.6701 5.50327
      vertex -12.7363 -20.6265 5.53284
    endloop
  endfacet
  facet normal -0.523919 -0.851768 0.000594312
    outer loop
      vertex -13.2075 -20.3378 3.59999
      vertex -12.6521 -20.6781 5.49789
      vertex -12.6651 -20.6701 5.50327
    endloop
  endfacet
  facet normal -0.522284 -0.852772 -9.90227e-05
    outer loop
      vertex -12.639 -20.6862 5.49331
      vertex -13.2075 -20.3378 3.59999
      vertex -12.5665 -20.7306 5.46815
    endloop
  endfacet
  facet normal -0.522556 -0.852605 2.95343e-05
    outer loop
      vertex -13.2075 -20.3378 3.59999
      vertex -12.4797 -20.7838 5.4437
      vertex -12.5665 -20.7306 5.46815
    endloop
  endfacet
  facet normal -0.522466 -0.85266 -1.93361e-05
    outer loop
      vertex -12.125 -21.0011 3.59999
      vertex -12.4797 -20.7838 5.4437
      vertex -13.2075 -20.3378 3.59999
    endloop
  endfacet
  facet normal -0.522474 -0.852655 -2.15486e-05
    outer loop
      vertex -12.4797 -20.7838 5.4437
      vertex -12.125 -21.0011 3.59999
      vertex -12.3919 -20.8376 5.42462
    endloop
  endfacet
  facet normal -0.521827 -0.853051 0.000108618
    outer loop
      vertex -12.3919 -20.8376 5.42462
      vertex -12.125 -21.0011 3.59999
      vertex -12.3033 -20.8918 5.41096
    endloop
  endfacet
  facet normal -0.528354 -0.849024 -0.000777051
    outer loop
      vertex -12.3033 -20.8918 5.41096
      vertex -12.125 -21.0011 3.59999
      vertex -12.2898 -20.9002 5.4097
    endloop
  endfacet
  facet normal -0.521951 -0.852976 2.63789e-05
    outer loop
      vertex -12.2898 -20.9002 5.4097
      vertex -12.125 -21.0011 3.59999
      vertex -12.2143 -20.9464 5.40274
    endloop
  endfacet
  facet normal -0.522087 -0.852892 1.71278e-05
    outer loop
      vertex -12.2143 -20.9464 5.40274
      vertex -12.125 -21.0011 3.59999
      vertex -12.1385 -20.9928 5.40041
    endloop
  endfacet
  facet normal -0.523745 -0.851875 0
    outer loop
      vertex -12.1385 -20.9928 5.40041
      vertex -12.125 -21.0011 3.59999
      vertex -12.125 -21.0011 5.4
    endloop
  endfacet
  facet normal -0.878809 0.477174 0
    outer loop
      vertex -21.6069 11.0093 3.59999
      vertex -21.0011 12.125 12.6
      vertex -21.0011 12.125 3.59999
    endloop
  endfacet
  facet normal -0.878809 0.477174 0
    outer loop
      vertex -21.0011 12.125 12.6
      vertex -21.6069 11.0093 3.59999
      vertex -21.6069 11.0093 12.6
    endloop
  endfacet
  facet normal -0.304477 -0.638332 0.706984
    outer loop
      vertex -8.43979 -18.9561 16.1
      vertex -11.0093 -21.6069 12.6
      vertex -9.86336 -22.1535 12.6
    endloop
  endfacet
  facet normal -0.943249 -0.332087 0
    outer loop
      vertex -23.0631 -7.49366 3.59999
      vertex -23.0522 -7.52462 5.57291
      vertex -23.0631 -7.49366 5.58857
    endloop
  endfacet
  facet normal -0.94262 -0.333867 -3.14135e-05
    outer loop
      vertex -23.0631 -7.49366 3.59999
      vertex -23.0199 -7.61581 5.53284
      vertex -23.0522 -7.52462 5.57291
    endloop
  endfacet
  facet normal -0.942622 -0.333861 -3.09702e-05
    outer loop
      vertex -23.0631 -7.49366 3.59999
      vertex -22.992 -7.69458 5.50325
      vertex -23.0199 -7.61581 5.53284
    endloop
  endfacet
  facet normal -0.941779 -0.336232 -0.000312777
    outer loop
      vertex -23.0631 -7.49366 3.59999
      vertex -22.9869 -7.70886 5.49789
      vertex -22.992 -7.69458 5.50325
    endloop
  endfacet
  facet normal -0.943464 -0.331475 0.000294335
    outer loop
      vertex -23.0631 -7.49366 3.59999
      vertex -22.9818 -7.72338 5.49332
      vertex -22.9869 -7.70886 5.49789
    endloop
  endfacet
  facet normal -0.942544 -0.334083 -6.1601e-05
    outer loop
      vertex -23.0631 -7.49366 3.59999
      vertex -22.9534 -7.8035 5.46815
      vertex -22.9818 -7.72338 5.49332
    endloop
  endfacet
  facet normal -0.942597 -0.333932 -3.35498e-05
    outer loop
      vertex -23.0631 -7.49366 3.59999
      vertex -22.9194 -7.89947 5.4437
      vertex -22.9534 -7.8035 5.46815
    endloop
  endfacet
  facet normal -0.942556 -0.334048 -6.23109e-05
    outer loop
      vertex -23.0631 -7.49366 3.59999
      vertex -22.885 -7.99653 5.42462
      vertex -22.9194 -7.89947 5.4437
    endloop
  endfacet
  facet normal -0.942799 -0.333363 0.000150317
    outer loop
      vertex -23.0631 -7.49366 3.59999
      vertex -22.8504 -8.09439 5.41096
      vertex -22.885 -7.99653 5.42462
    endloop
  endfacet
  facet normal -0.943139 -0.332399 0.000510046
    outer loop
      vertex -23.0631 -7.49366 3.59999
      vertex -22.8451 -8.10943 5.4097
      vertex -22.8504 -8.09439 5.41096
    endloop
  endfacet
  facet normal -0.942363 -0.334593 -0.000329899
    outer loop
      vertex -23.0631 -7.49366 3.59999
      vertex -22.8155 -8.19279 5.40274
      vertex -22.8451 -8.10943 5.4097
    endloop
  endfacet
  facet normal -0.94264 -0.33381 1.15706e-05
    outer loop
      vertex -22.6393 -8.69042 3.59999
      vertex -22.8155 -8.19279 5.40274
      vertex -23.0631 -7.49366 3.59999
    endloop
  endfacet
  facet normal -0.942669 -0.333728 -1.40795e-05
    outer loop
      vertex -22.8155 -8.19279 5.40274
      vertex -22.6393 -8.69042 3.59999
      vertex -22.7859 -8.2764 5.40042
    endloop
  endfacet
  facet normal -0.943295 -0.331956 -0.000472337
    outer loop
      vertex -22.7859 -8.2764 5.40042
      vertex -22.6393 -8.69042 3.59999
      vertex -22.7806 -8.29146 5.4
    endloop
  endfacet
  facet normal -0.942763 -0.333462 -9.68983e-05
    outer loop
      vertex -22.7806 -8.29146 5.4
      vertex -22.6393 -8.69042 3.59999
      vertex -22.7457 -8.39013 5.40274
    endloop
  endfacet
  facet normal -0.942478 -0.334269 5.42926e-05
    outer loop
      vertex -22.7457 -8.39013 5.40274
      vertex -22.6393 -8.69042 3.59999
      vertex -22.7108 -8.48853 5.41096
    endloop
  endfacet
  facet normal -0.942575 -0.333994 1.98344e-05
    outer loop
      vertex -22.7108 -8.48853 5.41096
      vertex -22.6393 -8.69042 3.59999
      vertex -22.6814 -8.5715 5.42254
    endloop
  endfacet
  facet normal -0.944141 -0.329542 -0.000306843
    outer loop
      vertex -22.6814 -8.5715 5.42254
      vertex -22.6393 -8.69042 3.59999
      vertex -22.6762 -8.5864 5.42462
    endloop
  endfacet
  facet normal -0.94254 -0.334092 -1.50383e-05
    outer loop
      vertex -22.6762 -8.5864 5.42462
      vertex -22.6393 -8.69042 3.59999
      vertex -22.6418 -8.68345 5.4437
    endloop
  endfacet
  facet normal -0.941283 -0.337619 0
    outer loop
      vertex -22.6418 -8.68345 5.4437
      vertex -22.6393 -8.69042 3.59999
      vertex -22.6393 -8.69042 5.44548
    endloop
  endfacet
  facet normal -0.943249 -0.332087 0
    outer loop
      vertex -23.0522 -7.52462 9.22709
      vertex -23.0631 -7.49366 12.6
      vertex -23.0631 -7.49366 9.21143
    endloop
  endfacet
  facet normal -0.942618 -0.333872 1.84271e-05
    outer loop
      vertex -23.0199 -7.61581 9.26716
      vertex -23.0631 -7.49366 12.6
      vertex -23.0522 -7.52462 9.22709
    endloop
  endfacet
  facet normal -0.942621 -0.333865 1.81375e-05
    outer loop
      vertex -22.992 -7.69458 9.29675
      vertex -23.0631 -7.49366 12.6
      vertex -23.0199 -7.61581 9.26716
    endloop
  endfacet
  facet normal -0.941764 -0.336275 0.000183171
    outer loop
      vertex -22.9869 -7.70886 9.30211
      vertex -23.0631 -7.49366 12.6
      vertex -22.992 -7.69458 9.29675
    endloop
  endfacet
  facet normal -0.943476 -0.33144 -0.000171911
    outer loop
      vertex -22.9818 -7.72338 9.30667
      vertex -23.0631 -7.49366 12.6
      vertex -22.9869 -7.70886 9.30211
    endloop
  endfacet
  facet normal -0.942541 -0.33409 3.59755e-05
    outer loop
      vertex -22.9534 -7.8035 9.33185
      vertex -23.0631 -7.49366 12.6
      vertex -22.9818 -7.72338 9.30667
    endloop
  endfacet
  facet normal -0.942596 -0.333935 1.95171e-05
    outer loop
      vertex -22.9194 -7.89947 9.35629
      vertex -23.0631 -7.49366 12.6
      vertex -22.9534 -7.8035 9.33185
    endloop
  endfacet
  facet normal -0.942554 -0.334053 3.60622e-05
    outer loop
      vertex -22.885 -7.99653 9.37538
      vertex -23.0631 -7.49366 12.6
      vertex -22.9194 -7.89947 9.35629
    endloop
  endfacet
  facet normal -0.942801 -0.333355 -8.64465e-05
    outer loop
      vertex -22.8504 -8.09439 9.38904
      vertex -23.0631 -7.49366 12.6
      vertex -22.885 -7.99653 9.37538
    endloop
  endfacet
  facet normal -0.943145 -0.332383 -0.000291098
    outer loop
      vertex -22.8451 -8.10943 9.3903
      vertex -23.0631 -7.49366 12.6
      vertex -22.8504 -8.09439 9.38904
    endloop
  endfacet
  facet normal -0.942359 -0.334603 0.000188273
    outer loop
      vertex -22.8155 -8.19279 9.39726
      vertex -23.0631 -7.49366 12.6
      vertex -22.8451 -8.10943 9.3903
    endloop
  endfacet
  facet normal -0.942669 -0.333728 7.8984e-06
    outer loop
      vertex -22.6393 -8.69042 12.6
      vertex -22.8155 -8.19279 9.39726
      vertex -22.7859 -8.2764 9.39958
    endloop
  endfacet
  facet normal -0.943293 -0.331962 0.00026497
    outer loop
      vertex -22.6393 -8.69042 12.6
      vertex -22.7859 -8.2764 9.39958
      vertex -22.7806 -8.29146 9.4
    endloop
  endfacet
  facet normal -0.942764 -0.333461 5.46519e-05
    outer loop
      vertex -22.6393 -8.69042 12.6
      vertex -22.7806 -8.29146 9.4
      vertex -22.7457 -8.39013 9.39726
    endloop
  endfacet
  facet normal -0.942477 -0.33427 -3.07445e-05
    outer loop
      vertex -22.6393 -8.69042 12.6
      vertex -22.7457 -8.39013 9.39726
      vertex -22.7108 -8.48853 9.38904
    endloop
  endfacet
  facet normal -0.942575 -0.333995 -1.12617e-05
    outer loop
      vertex -22.6393 -8.69042 12.6
      vertex -22.7108 -8.48853 9.38904
      vertex -22.6814 -8.5715 9.37746
    endloop
  endfacet
  facet normal -0.944147 -0.329525 0.000174223
    outer loop
      vertex -22.6393 -8.69042 12.6
      vertex -22.6814 -8.5715 9.37746
      vertex -22.6762 -8.5864 9.37538
    endloop
  endfacet
  facet normal -0.942541 -0.334091 8.55046e-06
    outer loop
      vertex -22.6393 -8.69042 12.6
      vertex -22.6762 -8.5864 9.37538
      vertex -22.6418 -8.68345 9.35629
    endloop
  endfacet
  facet normal -0.941283 -0.337619 -0
    outer loop
      vertex -22.6393 -8.69042 12.6
      vertex -22.6418 -8.68345 9.35629
      vertex -22.6393 -8.69042 9.35452
    endloop
  endfacet
  facet normal -0.94264 -0.33381 -6.5128e-06
    outer loop
      vertex -22.8155 -8.19279 9.39726
      vertex -22.6393 -8.69042 12.6
      vertex -23.0631 -7.49366 12.6
    endloop
  endfacet
  facet normal -0.878809 -0.477174 0
    outer loop
      vertex -21.0011 -12.125 3.59999
      vertex -21.6069 -11.0093 12.6
      vertex -21.6069 -11.0093 3.59999
    endloop
  endfacet
  facet normal -0.878809 -0.477174 0
    outer loop
      vertex -21.6069 -11.0093 12.6
      vertex -21.0011 -12.125 3.59999
      vertex -21.0011 -12.125 12.6
    endloop
  endfacet
  facet normal -0.824127 0.566405 0
    outer loop
      vertex -20.3378 13.2075 3.59999
      vertex -19.6187 14.2538 12.6
      vertex -19.6187 14.2538 3.59999
    endloop
  endfacet
  facet normal -0.824127 0.566405 0
    outer loop
      vertex -19.6187 14.2538 12.6
      vertex -20.3378 13.2075 3.59999
      vertex -20.3378 13.2075 12.6
    endloop
  endfacet
  facet normal -0.337471 -0.621519 0.706985
    outer loop
      vertex -9.4203 -18.4884 16.1
      vertex -12.125 -21.0011 12.6
      vertex -11.0093 -21.6069 12.6
    endloop
  endfacet
  facet normal -0.33381 0.94264 0
    outer loop
      vertex -7.49366 23.0631 3.59999
      vertex -8.69042 22.6393 12.6
      vertex -7.49366 23.0631 12.6
    endloop
  endfacet
  facet normal -0.33381 0.94264 0
    outer loop
      vertex -8.69042 22.6393 12.6
      vertex -7.49366 23.0631 3.59999
      vertex -8.69042 22.6393 3.59999
    endloop
  endfacet
  facet normal -0.459288 -0.5378 0.706984
    outer loop
      vertex -13.8845 -15.4203 16.1
      vertex -15.261 -18.8458 12.6
      vertex -13.0584 -16.1258 16.1
    endloop
  endfacet
  facet normal -0.902581 0.430521 0
    outer loop
      vertex -22.1535 9.86336 3.59999
      vertex -21.6069 11.0093 12.6
      vertex -21.6069 11.0093 3.59999
    endloop
  endfacet
  facet normal -0.902581 0.430521 0
    outer loop
      vertex -21.6069 11.0093 12.6
      vertex -22.1535 9.86336 3.59999
      vertex -22.1535 9.86336 12.6
    endloop
  endfacet
  facet normal -0.824127 -0.566405 0
    outer loop
      vertex -19.6187 -14.2538 3.59999
      vertex -20.3378 -13.2075 12.6
      vertex -20.3378 -13.2075 3.59999
    endloop
  endfacet
  facet normal -0.824127 -0.566405 0
    outer loop
      vertex -20.3378 -13.2075 12.6
      vertex -19.6187 -14.2538 3.59999
      vertex -19.6187 -14.2538 12.6
    endloop
  endfacet
  facet normal -0.400574 -0.58284 0.706992
    outer loop
      vertex -12.1965 -16.7871 16.1
      vertex -14.2538 -19.6187 12.6
      vertex -13.2075 -20.3378 12.6
    endloop
  endfacet
  facet normal -0.430505 -0.561095 0.706992
    outer loop
      vertex -13.0584 -16.1258 16.1
      vertex -14.2538 -19.6187 12.6
      vertex -12.1965 -16.7871 16.1
    endloop
  endfacet
  facet normal -0.991436 -0.130592 0
    outer loop
      vertex -23.9514 -3.79354 3.59999
      vertex -24.1172 -2.53481 12.6
      vertex -24.1172 -2.53481 3.59999
    endloop
  endfacet
  facet normal -0.991436 -0.130592 0
    outer loop
      vertex -24.1172 -2.53481 12.6
      vertex -23.9514 -3.79354 3.59999
      vertex -23.9514 -3.79354 12.6
    endloop
  endfacet
  facet normal -0.566405 0.824127 0
    outer loop
      vertex -13.2075 20.3378 3.59999
      vertex -14.2538 19.6187 12.6
      vertex -13.2075 20.3378 12.6
    endloop
  endfacet
  facet normal -0.566405 0.824127 0
    outer loop
      vertex -14.2538 19.6187 12.6
      vertex -13.2075 20.3378 3.59999
      vertex -14.2538 19.6187 3.59999
    endloop
  endfacet
  facet normal -0.983264 -0.182188 0
    outer loop
      vertex -23.7201 -5.04186 3.59999
      vertex -23.9514 -3.79354 12.6
      vertex -23.9514 -3.79354 3.59999
    endloop
  endfacet
  facet normal -0.983264 -0.182188 0
    outer loop
      vertex -23.9514 -3.79354 12.6
      vertex -23.7201 -5.04186 3.59999
      vertex -23.7201 -5.04186 12.6
    endloop
  endfacet
  facet normal -0.608785 0.793335 0
    outer loop
      vertex -14.2538 19.6187 3.59999
      vertex -15.261 18.8458 12.6
      vertex -14.2538 19.6187 12.6
    endloop
  endfacet
  facet normal -0.608785 0.793335 0
    outer loop
      vertex -15.261 18.8458 12.6
      vertex -14.2538 19.6187 3.59999
      vertex -15.261 18.8458 3.59999
    endloop
  endfacet
  facet normal -0.477174 0.878809 0
    outer loop
      vertex -11.0093 21.6069 3.59999
      vertex -12.125 21.0011 12.6
      vertex -11.0093 21.6069 12.6
    endloop
  endfacet
  facet normal -0.477174 0.878809 0
    outer loop
      vertex -12.125 21.0011 12.6
      vertex -11.0093 21.6069 3.59999
      vertex -12.125 21.0011 3.59999
    endloop
  endfacet
  facet normal -0.486832 -0.513003 0.706981
    outer loop
      vertex -14.6725 -14.6725 16.1
      vertex -16.2264 -18.0213 12.6
      vertex -13.8845 -15.4203 16.1
    endloop
  endfacet
  facet normal -0.486859 -0.512985 0.706976
    outer loop
      vertex -14.6725 -14.6725 16.1
      vertex -17.1473 -17.1473 12.6
      vertex -16.2264 -18.0213 12.6
    endloop
  endfacet
  facet normal -0.924138 -0.382059 0
    outer loop
      vertex -22.6393 -8.69042 3.59999
      vertex -22.6032 -8.77774 5.46815
      vertex -22.6393 -8.69042 5.44548
    endloop
  endfacet
  facet normal -0.923717 -0.383076 -5.56686e-05
    outer loop
      vertex -22.6393 -8.69042 3.59999
      vertex -22.5647 -8.87058 5.49789
      vertex -22.6032 -8.77774 5.46815
    endloop
  endfacet
  facet normal -0.923954 -0.382505 7.8607e-06
    outer loop
      vertex -22.6393 -8.69042 3.59999
      vertex -22.5589 -8.88459 5.50325
      vertex -22.5647 -8.87058 5.49789
    endloop
  endfacet
  facet normal -0.923893 -0.382651 -9.68833e-06
    outer loop
      vertex -22.1535 -9.86336 3.59999
      vertex -22.5589 -8.88459 5.50325
      vertex -22.6393 -8.69042 3.59999
    endloop
  endfacet
  facet normal -0.923888 -0.382663 -2.96051e-06
    outer loop
      vertex -22.5589 -8.88459 5.50325
      vertex -22.1535 -9.86336 3.59999
      vertex -22.5269 -8.96185 5.53284
    endloop
  endfacet
  facet normal -0.923992 -0.382412 -0.000139652
    outer loop
      vertex -22.5269 -8.96185 5.53284
      vertex -22.1535 -9.86336 3.59999
      vertex -22.4956 -9.03749 5.56672
    endloop
  endfacet
  facet normal -0.922369 -0.386305 0.00177731
    outer loop
      vertex -22.4956 -9.03749 5.56672
      vertex -22.1535 -9.86336 3.59999
      vertex -22.4898 -9.05131 5.57291
    endloop
  endfacet
  facet normal -0.92397 -0.382466 -7.5937e-05
    outer loop
      vertex -22.4898 -9.05131 5.57291
      vertex -22.1535 -9.86336 3.59999
      vertex -22.4842 -9.06484 5.57988
    endloop
  endfacet
  facet normal -0.923876 -0.382692 3.08663e-05
    outer loop
      vertex -22.4842 -9.06484 5.57988
      vertex -22.1535 -9.86336 3.59999
      vertex -22.4536 -9.13871 5.61799
    endloop
  endfacet
  facet normal -0.924099 -0.382154 -0.000195205
    outer loop
      vertex -22.4536 -9.13871 5.61799
      vertex -22.1535 -9.86336 3.59999
      vertex -22.4239 -9.21055 5.66016
    endloop
  endfacet
  facet normal -0.923637 -0.383268 0.00021834
    outer loop
      vertex -22.4239 -9.21055 5.66016
      vertex -22.1535 -9.86336 3.59999
      vertex -22.4184 -9.2238 5.66795
    endloop
  endfacet
  facet normal -0.923886 -0.382668 7.13992e-07
    outer loop
      vertex -22.4184 -9.2238 5.66795
      vertex -22.1535 -9.86336 3.59999
      vertex -22.3842 -9.30637 5.72266
    endloop
  endfacet
  facet normal -0.92371 -0.383093 0.000131508
    outer loop
      vertex -22.3842 -9.30637 5.72266
      vertex -22.1535 -9.86336 3.59999
      vertex -22.3511 -9.38616 5.78197
    endloop
  endfacet
  facet normal -0.923973 -0.382459 -3.1014e-05
    outer loop
      vertex -22.3511 -9.38616 5.78197
      vertex -22.1535 -9.86336 3.59999
      vertex -22.3193 -9.46299 5.84571
    endloop
  endfacet
  facet normal -0.923863 -0.382724 2.44166e-05
    outer loop
      vertex -22.3193 -9.46299 5.84571
      vertex -22.1535 -9.86336 3.59999
      vertex -22.2888 -9.53661 5.91371
    endloop
  endfacet
  facet normal -0.923862 -0.382725 2.45926e-05
    outer loop
      vertex -22.2888 -9.53661 5.91371
      vertex -22.1535 -9.86336 3.59999
      vertex -22.2597 -9.60685 5.98579
    endloop
  endfacet
  facet normal -0.923937 -0.382546 1.98741e-06
    outer loop
      vertex -22.2597 -9.60685 5.98579
      vertex -22.1535 -9.86336 3.59999
      vertex -22.2321 -9.67351 6.06174
    endloop
  endfacet
  facet normal -0.923836 -0.382789 2.39679e-05
    outer loop
      vertex -22.2321 -9.67351 6.06174
      vertex -22.1535 -9.86336 3.59999
      vertex -22.2102 -9.72636 6.12866
    endloop
  endfacet
  facet normal -0.925544 -0.378641 -0.000239083
    outer loop
      vertex -22.2102 -9.72636 6.12866
      vertex -22.1535 -9.86336 3.59999
      vertex -22.2061 -9.73639 6.14136
    endloop
  endfacet
  facet normal -0.923805 -0.382863 7.83133e-06
    outer loop
      vertex -22.2061 -9.73639 6.14136
      vertex -22.1535 -9.86336 3.59999
      vertex -22.2022 -9.7458 6.15462
    endloop
  endfacet
  facet normal -0.924003 -0.382384 -1.79503e-05
    outer loop
      vertex -22.2022 -9.7458 6.15462
      vertex -22.1535 -9.86336 3.59999
      vertex -22.1817 -9.79534 6.22443
    endloop
  endfacet
  facet normal -0.923391 -0.383862 2.69262e-05
    outer loop
      vertex -22.1817 -9.79534 6.22443
      vertex -22.1535 -9.86336 3.59999
      vertex -22.1589 -9.85018 6.31072
    endloop
  endfacet
  facet normal -0.925346 -0.379125 0
    outer loop
      vertex -22.1589 -9.85018 6.31072
      vertex -22.1535 -9.86336 3.59999
      vertex -22.1535 -9.86336 6.33398
    endloop
  endfacet
  facet normal -0.924138 -0.382059 0
    outer loop
      vertex -22.6032 -8.77774 9.33185
      vertex -22.6393 -8.69042 12.6
      vertex -22.6393 -8.69042 9.35452
    endloop
  endfacet
  facet normal -0.923738 -0.383026 -0.000127187
    outer loop
      vertex -22.1535 -9.86336 12.6
      vertex -22.6032 -8.77774 9.33185
      vertex -22.5647 -8.87058 9.30211
    endloop
  endfacet
  facet normal -0.923946 -0.382523 4.99946e-05
    outer loop
      vertex -22.1535 -9.86336 12.6
      vertex -22.5647 -8.87058 9.30211
      vertex -22.5589 -8.88459 9.29675
    endloop
  endfacet
  facet normal -0.923888 -0.382662 1.83366e-06
    outer loop
      vertex -22.1535 -9.86336 12.6
      vertex -22.5589 -8.88459 9.29675
      vertex -22.5269 -8.96185 9.26716
    endloop
  endfacet
  facet normal -0.924 -0.382392 8.73298e-05
    outer loop
      vertex -22.1535 -9.86336 12.6
      vertex -22.5269 -8.96185 9.26716
      vertex -22.4956 -9.03749 9.23328
    endloop
  endfacet
  facet normal -0.922264 -0.386559 -0.00111128
    outer loop
      vertex -22.1535 -9.86336 12.6
      vertex -22.4956 -9.03749 9.23328
      vertex -22.4898 -9.05131 9.22709
    endloop
  endfacet
  facet normal -0.923975 -0.382453 4.78885e-05
    outer loop
      vertex -22.1535 -9.86336 12.6
      vertex -22.4898 -9.05131 9.22709
      vertex -22.4842 -9.06484 9.22011
    endloop
  endfacet
  facet normal -0.923874 -0.382697 -1.94706e-05
    outer loop
      vertex -22.1535 -9.86336 12.6
      vertex -22.4842 -9.06484 9.22011
      vertex -22.4536 -9.13871 9.18201
    endloop
  endfacet
  facet normal -0.924113 -0.382119 0.000124098
    outer loop
      vertex -22.1535 -9.86336 12.6
      vertex -22.4536 -9.13871 9.18201
      vertex -22.4239 -9.21055 9.13983
    endloop
  endfacet
  facet normal -0.923621 -0.383308 -0.000138835
    outer loop
      vertex -22.1535 -9.86336 12.6
      vertex -22.4239 -9.21055 9.13983
      vertex -22.4184 -9.2238 9.13205
    endloop
  endfacet
  facet normal -0.923886 -0.382668 -4.57143e-07
    outer loop
      vertex -22.1535 -9.86336 12.6
      vertex -22.4184 -9.2238 9.13205
      vertex -22.3842 -9.30637 9.07734
    endloop
  endfacet
  facet normal -0.923697 -0.383123 -8.47392e-05
    outer loop
      vertex -22.1535 -9.86336 12.6
      vertex -22.3842 -9.30637 9.07734
      vertex -22.3511 -9.38616 9.01803
    endloop
  endfacet
  facet normal -0.923976 -0.382451 2.00988e-05
    outer loop
      vertex -22.1535 -9.86336 12.6
      vertex -22.3511 -9.38616 9.01803
      vertex -22.3193 -9.46299 8.95429
    endloop
  endfacet
  facet normal -0.92386 -0.382731 -1.59038e-05
    outer loop
      vertex -22.1535 -9.86336 12.6
      vertex -22.3193 -9.46299 8.95429
      vertex -22.2888 -9.53661 8.88629
    endloop
  endfacet
  facet normal -0.923859 -0.382733 -1.60894e-05
    outer loop
      vertex -22.1535 -9.86336 12.6
      vertex -22.2888 -9.53661 8.88629
      vertex -22.2597 -9.60685 8.81421
    endloop
  endfacet
  facet normal -0.923936 -0.382546 -1.30514e-06
    outer loop
      vertex -22.1535 -9.86336 12.6
      vertex -22.2597 -9.60685 8.81421
      vertex -22.2321 -9.67351 8.73826
    endloop
  endfacet
  facet normal -0.923832 -0.382798 -1.5788e-05
    outer loop
      vertex -22.1535 -9.86336 12.6
      vertex -22.2321 -9.67351 8.73826
      vertex -22.2102 -9.72636 8.67134
    endloop
  endfacet
  facet normal -0.92558 -0.378552 0.000157494
    outer loop
      vertex -22.1535 -9.86336 12.6
      vertex -22.2102 -9.72636 8.67134
      vertex -22.2061 -9.73639 8.65864
    endloop
  endfacet
  facet normal -0.923804 -0.382866 -5.17039e-06
    outer loop
      vertex -22.1535 -9.86336 12.6
      vertex -22.2061 -9.73639 8.65864
      vertex -22.2022 -9.7458 8.64538
    endloop
  endfacet
  facet normal -0.924006 -0.382377 1.18512e-05
    outer loop
      vertex -22.1535 -9.86336 12.6
      vertex -22.2022 -9.7458 8.64538
      vertex -22.1817 -9.79534 8.57557
    endloop
  endfacet
  facet normal -0.923385 -0.383874 -1.78018e-05
    outer loop
      vertex -22.1535 -9.86336 12.6
      vertex -22.1817 -9.79534 8.57557
      vertex -22.1589 -9.85018 8.48928
    endloop
  endfacet
  facet normal -0.925346 -0.379125 -0
    outer loop
      vertex -22.1535 -9.86336 12.6
      vertex -22.1589 -9.85018 8.48928
      vertex -22.1535 -9.86336 8.46602
    endloop
  endfacet
  facet normal -0.923893 -0.382651 1.85393e-05
    outer loop
      vertex -22.6032 -8.77774 9.33185
      vertex -22.1535 -9.86336 12.6
      vertex -22.6393 -8.69042 12.6
    endloop
  endfacet
  facet normal -0.382651 0.923893 0
    outer loop
      vertex -8.69042 22.6393 3.59999
      vertex -9.86336 22.1535 12.6
      vertex -8.69042 22.6393 12.6
    endloop
  endfacet
  facet normal -0.382651 0.923893 0
    outer loop
      vertex -9.86336 22.1535 12.6
      vertex -8.69042 22.6393 3.59999
      vertex -9.86336 22.1535 3.59999
    endloop
  endfacet
  facet normal -0.182188 0.983264 0
    outer loop
      vertex -3.79354 23.9514 3.59999
      vertex -5.04186 23.7201 12.6
      vertex -3.79354 23.9514 12.6
    endloop
  endfacet
  facet normal -0.182188 0.983264 0
    outer loop
      vertex -5.04186 23.7201 12.6
      vertex -3.79354 23.9514 3.59999
      vertex -5.04186 23.7201 3.59999
    endloop
  endfacet
  facet normal -0.972366 -0.233462 0
    outer loop
      vertex -23.4237 -6.27636 3.59999
      vertex -23.7201 -5.04186 12.6
      vertex -23.7201 -5.04186 3.59999
    endloop
  endfacet
  facet normal -0.972366 -0.233462 0
    outer loop
      vertex -23.7201 -5.04186 12.6
      vertex -23.4237 -6.27636 3.59999
      vertex -23.4237 -6.27636 12.6
    endloop
  endfacet
  facet normal -0.725336 0.688395 0
    outer loop
      vertex -18.0213 16.2264 3.59999
      vertex -17.1473 17.1473 12.6
      vertex -17.1473 17.1473 3.59999
    endloop
  endfacet
  facet normal -0.725336 0.688395 0
    outer loop
      vertex -17.1473 17.1473 12.6
      vertex -18.0213 16.2264 3.59999
      vertex -18.0213 16.2264 12.6
    endloop
  endfacet
  facet normal 0 0 -1
    outer loop
      vertex -7.49366 -23.0631 3.59999
      vertex -6.5 -18.65 3.59999
      vertex -6.5 -23.3575 3.59999
    endloop
  endfacet
  facet normal 0 0 -1
    outer loop
      vertex -8.69042 -22.6393 3.59999
      vertex -6.5 -18.65 3.59999
      vertex -7.49366 -23.0631 3.59999
    endloop
  endfacet
  facet normal -0 0 -1
    outer loop
      vertex -6.5 -18.65 3.59999
      vertex -8.69042 -22.6393 3.59999
      vertex -7.04193 -18.3449 3.59999
    endloop
  endfacet
  facet normal -0 0 -1
    outer loop
      vertex -7.04193 -18.3449 3.59999
      vertex -8.69042 -22.6393 3.59999
      vertex -7.99237 -17.9512 3.59999
    endloop
  endfacet
  facet normal 0 0 -1
    outer loop
      vertex -9.86336 -22.1535 3.59999
      vertex -7.99237 -17.9512 3.59999
      vertex -8.69042 -22.6393 3.59999
    endloop
  endfacet
  facet normal -0 0 -1
    outer loop
      vertex -7.99237 -17.9512 3.59999
      vertex -9.86336 -22.1535 3.59999
      vertex -8.92091 -17.5083 3.59999
    endloop
  endfacet
  facet normal 0 0 -1
    outer loop
      vertex -11.0093 -21.6069 3.59999
      vertex -8.92091 -17.5083 3.59999
      vertex -9.86336 -22.1535 3.59999
    endloop
  endfacet
  facet normal -0 0 -1
    outer loop
      vertex -8.92091 -17.5083 3.59999
      vertex -11.0093 -21.6069 3.59999
      vertex -9.825 -17.0174 3.59999
    endloop
  endfacet
  facet normal 0 0 -1
    outer loop
      vertex -12.125 -21.0011 3.59999
      vertex -9.825 -17.0174 3.59999
      vertex -11.0093 -21.6069 3.59999
    endloop
  endfacet
  facet normal -0 0 -1
    outer loop
      vertex -9.825 -17.0174 3.59999
      vertex -12.125 -21.0011 3.59999
      vertex -10.7022 -16.4799 3.59999
    endloop
  endfacet
  facet normal 0 0 -1
    outer loop
      vertex -13.2075 -20.3378 3.59999
      vertex -10.7022 -16.4799 3.59999
      vertex -12.125 -21.0011 3.59999
    endloop
  endfacet
  facet normal -0 0 -1
    outer loop
      vertex -10.7022 -16.4799 3.59999
      vertex -13.2075 -20.3378 3.59999
      vertex -11.55 -15.8972 3.59999
    endloop
  endfacet
  facet normal 0 0 -1
    outer loop
      vertex -14.2538 -19.6187 3.59999
      vertex -11.55 -15.8972 3.59999
      vertex -13.2075 -20.3378 3.59999
    endloop
  endfacet
  facet normal -0 0 -1
    outer loop
      vertex -11.55 -15.8972 3.59999
      vertex -14.2538 -19.6187 3.59999
      vertex -12.3661 -15.2709 3.59999
    endloop
  endfacet
  facet normal 0 0 -1
    outer loop
      vertex -15.261 -18.8458 3.59999
      vertex -12.3661 -15.2709 3.59999
      vertex -14.2538 -19.6187 3.59999
    endloop
  endfacet
  facet normal -0 0 -1
    outer loop
      vertex -12.3661 -15.2709 3.59999
      vertex -15.261 -18.8458 3.59999
      vertex -13.1484 -14.6028 3.59999
    endloop
  endfacet
  facet normal 0 0 -1
    outer loop
      vertex -16.2264 -18.0213 3.59999
      vertex -13.1484 -14.6028 3.59999
      vertex -15.261 -18.8458 3.59999
    endloop
  endfacet
  facet normal 0 -0 -1
    outer loop
      vertex -16.0064 -14.6058 3.59999
      vertex -13.1484 -14.6028 3.59999
      vertex -16.2264 -18.0213 3.59999
    endloop
  endfacet
  facet normal 0 -0 -1
    outer loop
      vertex -15.7759 -14.3109 3.59999
      vertex -13.8946 -13.8946 3.59999
      vertex -15.7977 -14.3527 3.59999
    endloop
  endfacet
  facet normal -0 0 -1
    outer loop
      vertex -13.8946 -13.8946 3.59999
      vertex -15.6883 -13.9948 3.59999
      vertex -14.6028 -13.1484 3.59999
    endloop
  endfacet
  facet normal 0 0 -1
    outer loop
      vertex -15.6871 -13.8536 3.59999
      vertex -14.6028 -13.1484 3.59999
      vertex -15.685 -13.9006 3.59999
    endloop
  endfacet
  facet normal 0 -0 -1
    outer loop
      vertex -15.685 -13.9006 3.59999
      vertex -14.6028 -13.1484 3.59999
      vertex -15.6854 -13.9478 3.59999
    endloop
  endfacet
  facet normal 0 -0 -1
    outer loop
      vertex -15.6854 -13.9478 3.59999
      vertex -14.6028 -13.1484 3.59999
      vertex -15.6883 -13.9948 3.59999
    endloop
  endfacet
  facet normal 0 -0 -1
    outer loop
      vertex -15.6883 -13.9948 3.59999
      vertex -13.8946 -13.8946 3.59999
      vertex -15.6936 -14.0416 3.59999
    endloop
  endfacet
  facet normal 0 -0 -1
    outer loop
      vertex -15.6936 -14.0416 3.59999
      vertex -13.8946 -13.8946 3.59999
      vertex -15.7014 -14.0881 3.59999
    endloop
  endfacet
  facet normal 0 -0 -1
    outer loop
      vertex -15.7014 -14.0881 3.59999
      vertex -13.8946 -13.8946 3.59999
      vertex -15.7116 -14.1341 3.59999
    endloop
  endfacet
  facet normal 0 -0 -1
    outer loop
      vertex -15.7116 -14.1341 3.59999
      vertex -13.8946 -13.8946 3.59999
      vertex -15.7242 -14.1795 3.59999
    endloop
  endfacet
  facet normal 0 -0 -1
    outer loop
      vertex -15.7242 -14.1795 3.59999
      vertex -13.8946 -13.8946 3.59999
      vertex -15.7391 -14.2242 3.59999
    endloop
  endfacet
  facet normal 0 -0 -1
    outer loop
      vertex -15.7391 -14.2242 3.59999
      vertex -13.8946 -13.8946 3.59999
      vertex -15.7564 -14.268 3.59999
    endloop
  endfacet
  facet normal 0 -0 -1
    outer loop
      vertex -15.7564 -14.268 3.59999
      vertex -13.8946 -13.8946 3.59999
      vertex -15.7759 -14.3109 3.59999
    endloop
  endfacet
  facet normal 0 0 -1
    outer loop
      vertex -13.8946 -13.8946 3.59999
      vertex -15.8216 -14.3933 3.59999
      vertex -15.7977 -14.3527 3.59999
    endloop
  endfacet
  facet normal 0 0 -1
    outer loop
      vertex -13.8946 -13.8946 3.59999
      vertex -15.8476 -14.4326 3.59999
      vertex -15.8216 -14.3933 3.59999
    endloop
  endfacet
  facet normal 0 0 -1
    outer loop
      vertex -13.1484 -14.6028 3.59999
      vertex -15.8476 -14.4326 3.59999
      vertex -13.8946 -13.8946 3.59999
    endloop
  endfacet
  facet normal 0 -0 -1
    outer loop
      vertex -15.8476 -14.4326 3.59999
      vertex -13.1484 -14.6028 3.59999
      vertex -15.8757 -14.4704 3.59999
    endloop
  endfacet
  facet normal 0 -0 -1
    outer loop
      vertex -15.8757 -14.4704 3.59999
      vertex -13.1484 -14.6028 3.59999
      vertex -15.9056 -14.5068 3.59999
    endloop
  endfacet
  facet normal 0 -0 -1
    outer loop
      vertex -15.9375 -14.5415 3.59999
      vertex -13.1484 -14.6028 3.59999
      vertex -15.9711 -14.5746 3.59999
    endloop
  endfacet
  facet normal 0 -0 -1
    outer loop
      vertex -15.9056 -14.5068 3.59999
      vertex -13.1484 -14.6028 3.59999
      vertex -15.9375 -14.5415 3.59999
    endloop
  endfacet
  facet normal -0 0 -1
    outer loop
      vertex -13.1484 -14.6028 3.59999
      vertex -16.0064 -14.6058 3.59999
      vertex -15.9711 -14.5746 3.59999
    endloop
  endfacet
  facet normal 0 0 -1
    outer loop
      vertex -16.0064 -14.6058 3.59999
      vertex -16.2264 -18.0213 3.59999
      vertex -16.0432 -14.6351 3.59999
    endloop
  endfacet
  facet normal 0 0 -1
    outer loop
      vertex -16.0432 -14.6351 3.59999
      vertex -16.2264 -18.0213 3.59999
      vertex -16.0816 -14.6625 3.59999
    endloop
  endfacet
  facet normal 0 0 -1
    outer loop
      vertex -16.0816 -14.6625 3.59999
      vertex -16.2264 -18.0213 3.59999
      vertex -16.1213 -14.6878 3.59999
    endloop
  endfacet
  facet normal 0 0 -1
    outer loop
      vertex -16.1213 -14.6878 3.59999
      vertex -16.2264 -18.0213 3.59999
      vertex -16.1623 -14.711 3.59999
    endloop
  endfacet
  facet normal 0 0 -1
    outer loop
      vertex -16.1623 -14.711 3.59999
      vertex -16.2264 -18.0213 3.59999
      vertex -16.2045 -14.732 3.59999
    endloop
  endfacet
  facet normal 0 0 -1
    outer loop
      vertex -16.2264 -18.0213 3.59999
      vertex -16.2477 -14.7508 3.59999
      vertex -16.2045 -14.732 3.59999
    endloop
  endfacet
  facet normal 0 0 -1
    outer loop
      vertex -17.1473 -17.1473 3.59999
      vertex -16.2477 -14.7508 3.59999
      vertex -16.2264 -18.0213 3.59999
    endloop
  endfacet
  facet normal 0 0 -1
    outer loop
      vertex -16.2477 -14.7508 3.59999
      vertex -17.1473 -17.1473 3.59999
      vertex -16.2919 -14.7673 3.59999
    endloop
  endfacet
  facet normal 0 0 -1
    outer loop
      vertex -16.2919 -14.7673 3.59999
      vertex -17.1473 -17.1473 3.59999
      vertex -16.3368 -14.7815 3.59999
    endloop
  endfacet
  facet normal 0 0 -1
    outer loop
      vertex -16.3368 -14.7815 3.59999
      vertex -17.1473 -17.1473 3.59999
      vertex -16.3824 -14.7933 3.59999
    endloop
  endfacet
  facet normal 0 0 -1
    outer loop
      vertex -16.3824 -14.7933 3.59999
      vertex -17.1473 -17.1473 3.59999
      vertex -16.4286 -14.8027 3.59999
    endloop
  endfacet
  facet normal 0 0 -1
    outer loop
      vertex -16.4286 -14.8027 3.59999
      vertex -17.1473 -17.1473 3.59999
      vertex -16.4752 -14.8096 3.59999
    endloop
  endfacet
  facet normal 0 0 -1
    outer loop
      vertex -16.4752 -14.8096 3.59999
      vertex -17.1473 -17.1473 3.59999
      vertex -16.5221 -14.8142 3.59999
    endloop
  endfacet
  facet normal 0 0 -1
    outer loop
      vertex -16.5221 -14.8142 3.59999
      vertex -17.1473 -17.1473 3.59999
      vertex -16.5692 -14.8162 3.59999
    endloop
  endfacet
  facet normal -0 0 -1
    outer loop
      vertex -16.5692 -14.8162 3.59999
      vertex -17.1473 -17.1473 3.59999
      vertex -16.6163 -14.8158 3.59999
    endloop
  endfacet
  facet normal -0 0 -1
    outer loop
      vertex -16.6163 -14.8158 3.59999
      vertex -17.1473 -17.1473 3.59999
      vertex -16.6633 -14.8129 3.59999
    endloop
  endfacet
  facet normal -0 0 -1
    outer loop
      vertex -16.6633 -14.8129 3.59999
      vertex -17.1473 -17.1473 3.59999
      vertex -16.7101 -14.8076 3.59999
    endloop
  endfacet
  facet normal 0 0 -1
    outer loop
      vertex -18.0213 -16.2264 3.59999
      vertex -16.7101 -14.8076 3.59999
      vertex -17.1473 -17.1473 3.59999
    endloop
  endfacet
  facet normal -0 0 -1
    outer loop
      vertex -16.7101 -14.8076 3.59999
      vertex -18.0213 -16.2264 3.59999
      vertex -16.7566 -14.7998 3.59999
    endloop
  endfacet
  facet normal -0 0 -1
    outer loop
      vertex -16.7566 -14.7998 3.59999
      vertex -18.0213 -16.2264 3.59999
      vertex -16.8026 -14.7896 3.59999
    endloop
  endfacet
  facet normal -0 0 -1
    outer loop
      vertex -16.8026 -14.7896 3.59999
      vertex -18.0213 -16.2264 3.59999
      vertex -16.848 -14.777 3.59999
    endloop
  endfacet
  facet normal -0 0 -1
    outer loop
      vertex -16.848 -14.777 3.59999
      vertex -18.0213 -16.2264 3.59999
      vertex -16.8927 -14.7621 3.59999
    endloop
  endfacet
  facet normal -0 0 -1
    outer loop
      vertex -16.8927 -14.7621 3.59999
      vertex -18.0213 -16.2264 3.59999
      vertex -16.9365 -14.7448 3.59999
    endloop
  endfacet
  facet normal -0 0 -1
    outer loop
      vertex -16.9365 -14.7448 3.59999
      vertex -18.0213 -16.2264 3.59999
      vertex -16.9794 -14.7253 3.59999
    endloop
  endfacet
  facet normal -0 0 -1
    outer loop
      vertex -16.9794 -14.7253 3.59999
      vertex -18.0213 -16.2264 3.59999
      vertex -17.0212 -14.7035 3.59999
    endloop
  endfacet
  facet normal -0 0 -1
    outer loop
      vertex -17.0212 -14.7035 3.59999
      vertex -18.0213 -16.2264 3.59999
      vertex -17.0618 -14.6796 3.59999
    endloop
  endfacet
  facet normal -0 0 -1
    outer loop
      vertex -17.0618 -14.6796 3.59999
      vertex -18.0213 -16.2264 3.59999
      vertex -17.1011 -14.6536 3.59999
    endloop
  endfacet
  facet normal -0 0 -1
    outer loop
      vertex -17.1011 -14.6536 3.59999
      vertex -18.0213 -16.2264 3.59999
      vertex -17.139 -14.6256 3.59999
    endloop
  endfacet
  facet normal -0 0 -1
    outer loop
      vertex -17.139 -14.6256 3.59999
      vertex -18.0213 -16.2264 3.59999
      vertex -17.1753 -14.5956 3.59999
    endloop
  endfacet
  facet normal -0 0 -1
    outer loop
      vertex -17.1753 -14.5956 3.59999
      vertex -18.0213 -16.2264 3.59999
      vertex -17.2101 -14.5638 3.59999
    endloop
  endfacet
  facet normal 0 0 -1
    outer loop
      vertex -18.8458 -15.261 3.59999
      vertex -17.2101 -14.5638 3.59999
      vertex -18.0213 -16.2264 3.59999
    endloop
  endfacet
  facet normal -0 0 -1
    outer loop
      vertex -17.2101 -14.5638 3.59999
      vertex -18.8458 -15.261 3.59999
      vertex -17.2431 -14.5301 3.59999
    endloop
  endfacet
  facet normal -0 0 -1
    outer loop
      vertex -17.2431 -14.5301 3.59999
      vertex -18.8458 -15.261 3.59999
      vertex -17.2743 -14.4949 3.59999
    endloop
  endfacet
  facet normal -0 0 -1
    outer loop
      vertex -17.2743 -14.4949 3.59999
      vertex -18.8458 -15.261 3.59999
      vertex -17.3036 -14.458 3.59999
    endloop
  endfacet
  facet normal -0 0 -1
    outer loop
      vertex -17.3036 -14.458 3.59999
      vertex -18.8458 -15.261 3.59999
      vertex -17.331 -14.4196 3.59999
    endloop
  endfacet
  facet normal -0 0 -1
    outer loop
      vertex -17.331 -14.4196 3.59999
      vertex -18.8458 -15.261 3.59999
      vertex -17.3563 -14.3799 3.59999
    endloop
  endfacet
  facet normal -0 0 -1
    outer loop
      vertex -17.3563 -14.3799 3.59999
      vertex -18.8458 -15.261 3.59999
      vertex -17.3795 -14.3389 3.59999
    endloop
  endfacet
  facet normal -0 0 -1
    outer loop
      vertex -17.3795 -14.3389 3.59999
      vertex -18.8458 -15.261 3.59999
      vertex -17.4005 -14.2967 3.59999
    endloop
  endfacet
  facet normal -0 0 -1
    outer loop
      vertex -17.4005 -14.2967 3.59999
      vertex -18.8458 -15.261 3.59999
      vertex -17.4193 -14.2535 3.59999
    endloop
  endfacet
  facet normal -0 0 -1
    outer loop
      vertex -17.4193 -14.2535 3.59999
      vertex -18.8458 -15.261 3.59999
      vertex -17.4358 -14.2094 3.59999
    endloop
  endfacet
  facet normal -0 0 -1
    outer loop
      vertex -17.4358 -14.2094 3.59999
      vertex -18.8458 -15.261 3.59999
      vertex -17.45 -14.1644 3.59999
    endloop
  endfacet
  facet normal -0 0 -1
    outer loop
      vertex -17.45 -14.1644 3.59999
      vertex -18.8458 -15.261 3.59999
      vertex -17.4618 -14.1188 3.59999
    endloop
  endfacet
  facet normal 0 0 -1
    outer loop
      vertex -17.4306 -13.6085 3.59999
      vertex -17.9512 -7.99237 3.59999
      vertex -17.5083 -8.92091 3.59999
    endloop
  endfacet
  facet normal 0 0 -1
    outer loop
      vertex -19.6187 -14.2538 3.59999
      vertex -17.4847 -13.9321 3.59999
      vertex -17.4827 -13.9791 3.59999
    endloop
  endfacet
  facet normal -0 0 -1
    outer loop
      vertex -17.4618 -14.1188 3.59999
      vertex -18.8458 -15.261 3.59999
      vertex -17.4712 -14.0726 3.59999
    endloop
  endfacet
  facet normal 0 0 -1
    outer loop
      vertex -19.6187 -14.2538 3.59999
      vertex -17.4712 -14.0726 3.59999
      vertex -18.8458 -15.261 3.59999
    endloop
  endfacet
  facet normal -0 0 -1
    outer loop
      vertex -17.4712 -14.0726 3.59999
      vertex -19.6187 -14.2538 3.59999
      vertex -17.4782 -14.026 3.59999
    endloop
  endfacet
  facet normal -0 0 -1
    outer loop
      vertex -17.4782 -14.026 3.59999
      vertex -19.6187 -14.2538 3.59999
      vertex -17.4827 -13.9791 3.59999
    endloop
  endfacet
  facet normal -0 0 -1
    outer loop
      vertex -17.4843 -13.8849 3.59999
      vertex -19.6187 -14.2538 3.59999
      vertex -20.3378 -13.2075 3.59999
    endloop
  endfacet
  facet normal 0 0 -1
    outer loop
      vertex -17.4843 -13.8849 3.59999
      vertex -20.3378 -13.2075 3.59999
      vertex -21.0011 -12.125 3.59999
    endloop
  endfacet
  facet normal 0 0 -1
    outer loop
      vertex -17.4843 -13.8849 3.59999
      vertex -21.0011 -12.125 3.59999
      vertex -17.9512 -7.99237 3.59999
    endloop
  endfacet
  facet normal 0 0 -1
    outer loop
      vertex -21.6069 -11.0093 3.59999
      vertex -17.9512 -7.99237 3.59999
      vertex -21.0011 -12.125 3.59999
    endloop
  endfacet
  facet normal 0 0 -1
    outer loop
      vertex -22.1535 -9.86336 3.59999
      vertex -17.9512 -7.99237 3.59999
      vertex -21.6069 -11.0093 3.59999
    endloop
  endfacet
  facet normal -0 0 -1
    outer loop
      vertex -17.9512 -7.99237 3.59999
      vertex -22.1535 -9.86336 3.59999
      vertex -18.3449 -7.04193 3.59999
    endloop
  endfacet
  facet normal 0 0 -1
    outer loop
      vertex -22.6393 -8.69042 3.59999
      vertex -18.3449 -7.04193 3.59999
      vertex -22.1535 -9.86336 3.59999
    endloop
  endfacet
  facet normal -0 0 -1
    outer loop
      vertex -18.3449 -7.04193 3.59999
      vertex -22.6393 -8.69042 3.59999
      vertex -18.6883 -6.07218 3.59999
    endloop
  endfacet
  facet normal 0 0 -1
    outer loop
      vertex -23.0631 -7.49366 3.59999
      vertex -18.6883 -6.07218 3.59999
      vertex -22.6393 -8.69042 3.59999
    endloop
  endfacet
  facet normal -0 0 -1
    outer loop
      vertex -18.6883 -6.07218 3.59999
      vertex -23.0631 -7.49366 3.59999
      vertex -18.9804 -5.08579 3.59999
    endloop
  endfacet
  facet normal 0 0 -1
    outer loop
      vertex -6.18023 -18.65 3.59999
      vertex -6.5 -18.65 3.59999
      vertex -7.04193 -18.3449 3.59999
    endloop
  endfacet
  facet normal 0 0 -1
    outer loop
      vertex -15.6916 -13.8067 3.59999
      vertex -14.6028 -13.1484 3.59999
      vertex -15.6871 -13.8536 3.59999
    endloop
  endfacet
  facet normal 0 0 -1
    outer loop
      vertex -15.6985 -13.7601 3.59999
      vertex -14.6028 -13.1484 3.59999
      vertex -15.6916 -13.8067 3.59999
    endloop
  endfacet
  facet normal 0 0 -1
    outer loop
      vertex -15.7079 -13.7139 3.59999
      vertex -14.6028 -13.1484 3.59999
      vertex -15.6985 -13.7601 3.59999
    endloop
  endfacet
  facet normal 0 0 -1
    outer loop
      vertex -15.7197 -13.6683 3.59999
      vertex -14.6028 -13.1484 3.59999
      vertex -15.7079 -13.7139 3.59999
    endloop
  endfacet
  facet normal 0 0 -1
    outer loop
      vertex -15.7339 -13.6233 3.59999
      vertex -14.6028 -13.1484 3.59999
      vertex -15.7197 -13.6683 3.59999
    endloop
  endfacet
  facet normal 0 0 -1
    outer loop
      vertex -15.7504 -13.5792 3.59999
      vertex -14.6028 -13.1484 3.59999
      vertex -15.7339 -13.6233 3.59999
    endloop
  endfacet
  facet normal 0 0 -1
    outer loop
      vertex -15.7692 -13.536 3.59999
      vertex -14.6028 -13.1484 3.59999
      vertex -15.7504 -13.5792 3.59999
    endloop
  endfacet
  facet normal 0 0 -1
    outer loop
      vertex -15.7902 -13.4938 3.59999
      vertex -14.6028 -13.1484 3.59999
      vertex -15.7692 -13.536 3.59999
    endloop
  endfacet
  facet normal 0 0 -1
    outer loop
      vertex -15.8134 -13.4528 3.59999
      vertex -14.6028 -13.1484 3.59999
      vertex -15.7902 -13.4938 3.59999
    endloop
  endfacet
  facet normal 0 0 -1
    outer loop
      vertex -15.8387 -13.4131 3.59999
      vertex -14.6028 -13.1484 3.59999
      vertex -15.8134 -13.4528 3.59999
    endloop
  endfacet
  facet normal -0 0 -1
    outer loop
      vertex -14.6028 -13.1484 3.59999
      vertex -15.8387 -13.4131 3.59999
      vertex -15.2709 -12.3661 3.59999
    endloop
  endfacet
  facet normal 0 0 -1
    outer loop
      vertex -15.8661 -13.3747 3.59999
      vertex -15.2709 -12.3661 3.59999
      vertex -15.8387 -13.4131 3.59999
    endloop
  endfacet
  facet normal 0 0 -1
    outer loop
      vertex -15.8954 -13.3378 3.59999
      vertex -15.2709 -12.3661 3.59999
      vertex -15.8661 -13.3747 3.59999
    endloop
  endfacet
  facet normal 0 0 -1
    outer loop
      vertex -15.9266 -13.3026 3.59999
      vertex -15.2709 -12.3661 3.59999
      vertex -15.8954 -13.3378 3.59999
    endloop
  endfacet
  facet normal 0 0 -1
    outer loop
      vertex -15.9597 -13.2689 3.59999
      vertex -15.2709 -12.3661 3.59999
      vertex -15.9266 -13.3026 3.59999
    endloop
  endfacet
  facet normal 0 0 -1
    outer loop
      vertex -15.9944 -13.2371 3.59999
      vertex -15.2709 -12.3661 3.59999
      vertex -15.9597 -13.2689 3.59999
    endloop
  endfacet
  facet normal 0 0 -1
    outer loop
      vertex -16.0308 -13.2071 3.59999
      vertex -15.2709 -12.3661 3.59999
      vertex -15.9944 -13.2371 3.59999
    endloop
  endfacet
  facet normal 0 0 -1
    outer loop
      vertex -16.0686 -13.1791 3.59999
      vertex -15.2709 -12.3661 3.59999
      vertex -16.0308 -13.2071 3.59999
    endloop
  endfacet
  facet normal 0 0 -1
    outer loop
      vertex -16.1079 -13.1531 3.59999
      vertex -15.2709 -12.3661 3.59999
      vertex -16.0686 -13.1791 3.59999
    endloop
  endfacet
  facet normal 0 0 -1
    outer loop
      vertex -16.1485 -13.1292 3.59999
      vertex -15.2709 -12.3661 3.59999
      vertex -16.1079 -13.1531 3.59999
    endloop
  endfacet
  facet normal 0 0 -1
    outer loop
      vertex -16.1903 -13.1074 3.59999
      vertex -15.2709 -12.3661 3.59999
      vertex -16.1485 -13.1292 3.59999
    endloop
  endfacet
  facet normal 0 0 -1
    outer loop
      vertex -16.2332 -13.0879 3.59999
      vertex -15.2709 -12.3661 3.59999
      vertex -16.1903 -13.1074 3.59999
    endloop
  endfacet
  facet normal 0 0 -1
    outer loop
      vertex -16.277 -13.0706 3.59999
      vertex -15.2709 -12.3661 3.59999
      vertex -16.2332 -13.0879 3.59999
    endloop
  endfacet
  facet normal -0 0 -1
    outer loop
      vertex -15.2709 -12.3661 3.59999
      vertex -16.277 -13.0706 3.59999
      vertex -15.8972 -11.55 3.59999
    endloop
  endfacet
  facet normal 0 0 -1
    outer loop
      vertex -16.3217 -13.0557 3.59999
      vertex -15.8972 -11.55 3.59999
      vertex -16.277 -13.0706 3.59999
    endloop
  endfacet
  facet normal 0 0 -1
    outer loop
      vertex -16.3671 -13.0431 3.59999
      vertex -15.8972 -11.55 3.59999
      vertex -16.3217 -13.0557 3.59999
    endloop
  endfacet
  facet normal 0 0 -1
    outer loop
      vertex -16.4131 -13.0329 3.59999
      vertex -15.8972 -11.55 3.59999
      vertex -16.3671 -13.0431 3.59999
    endloop
  endfacet
  facet normal 0 0 -1
    outer loop
      vertex -16.4596 -13.0251 3.59999
      vertex -15.8972 -11.55 3.59999
      vertex -16.4131 -13.0329 3.59999
    endloop
  endfacet
  facet normal 0 0 -1
    outer loop
      vertex -16.5064 -13.0198 3.59999
      vertex -15.8972 -11.55 3.59999
      vertex -16.4596 -13.0251 3.59999
    endloop
  endfacet
  facet normal 0 0 -1
    outer loop
      vertex -16.5535 -13.0169 3.59999
      vertex -15.8972 -11.55 3.59999
      vertex -16.5064 -13.0198 3.59999
    endloop
  endfacet
  facet normal 0 0 -1
    outer loop
      vertex -16.6006 -13.0165 3.59999
      vertex -15.8972 -11.55 3.59999
      vertex -16.5535 -13.0169 3.59999
    endloop
  endfacet
  facet normal 0 0 -1
    outer loop
      vertex -16.6476 -13.0185 3.59999
      vertex -15.8972 -11.55 3.59999
      vertex -16.6006 -13.0165 3.59999
    endloop
  endfacet
  facet normal 0 0 -1
    outer loop
      vertex -16.6945 -13.0231 3.59999
      vertex -15.8972 -11.55 3.59999
      vertex -16.6476 -13.0185 3.59999
    endloop
  endfacet
  facet normal 0 0 -1
    outer loop
      vertex -16.7411 -13.03 3.59999
      vertex -15.8972 -11.55 3.59999
      vertex -16.6945 -13.0231 3.59999
    endloop
  endfacet
  facet normal 0 0 -1
    outer loop
      vertex -16.7873 -13.0394 3.59999
      vertex -15.8972 -11.55 3.59999
      vertex -16.7411 -13.03 3.59999
    endloop
  endfacet
  facet normal 0 0 -1
    outer loop
      vertex -16.8329 -13.0512 3.59999
      vertex -15.8972 -11.55 3.59999
      vertex -16.7873 -13.0394 3.59999
    endloop
  endfacet
  facet normal -0 0 -1
    outer loop
      vertex -15.8972 -11.55 3.59999
      vertex -16.8329 -13.0512 3.59999
      vertex -16.4799 -10.7022 3.59999
    endloop
  endfacet
  facet normal 0 0 -1
    outer loop
      vertex -16.8779 -13.0654 3.59999
      vertex -16.4799 -10.7022 3.59999
      vertex -16.8329 -13.0512 3.59999
    endloop
  endfacet
  facet normal 0 0 -1
    outer loop
      vertex -16.922 -13.0819 3.59999
      vertex -16.4799 -10.7022 3.59999
      vertex -16.8779 -13.0654 3.59999
    endloop
  endfacet
  facet normal 0 0 -1
    outer loop
      vertex -16.9652 -13.1007 3.59999
      vertex -16.4799 -10.7022 3.59999
      vertex -16.922 -13.0819 3.59999
    endloop
  endfacet
  facet normal 0 0 -1
    outer loop
      vertex -17.0074 -13.1217 3.59999
      vertex -16.4799 -10.7022 3.59999
      vertex -16.9652 -13.1007 3.59999
    endloop
  endfacet
  facet normal 0 0 -1
    outer loop
      vertex -17.0484 -13.1449 3.59999
      vertex -16.4799 -10.7022 3.59999
      vertex -17.0074 -13.1217 3.59999
    endloop
  endfacet
  facet normal 0 0 -1
    outer loop
      vertex -17.0881 -13.1702 3.59999
      vertex -16.4799 -10.7022 3.59999
      vertex -17.0484 -13.1449 3.59999
    endloop
  endfacet
  facet normal 0 0 -1
    outer loop
      vertex -17.1265 -13.1976 3.59999
      vertex -16.4799 -10.7022 3.59999
      vertex -17.0881 -13.1702 3.59999
    endloop
  endfacet
  facet normal 0 0 -1
    outer loop
      vertex -17.1634 -13.2269 3.59999
      vertex -16.4799 -10.7022 3.59999
      vertex -17.1265 -13.1976 3.59999
    endloop
  endfacet
  facet normal -0 0 -1
    outer loop
      vertex -16.4799 -10.7022 3.59999
      vertex -17.1634 -13.2269 3.59999
      vertex -17.0174 -9.825 3.59999
    endloop
  endfacet
  facet normal 0 0 -1
    outer loop
      vertex -17.1987 -13.2581 3.59999
      vertex -17.0174 -9.825 3.59999
      vertex -17.1634 -13.2269 3.59999
    endloop
  endfacet
  facet normal 0 0 -1
    outer loop
      vertex -17.2323 -13.2912 3.59999
      vertex -17.0174 -9.825 3.59999
      vertex -17.1987 -13.2581 3.59999
    endloop
  endfacet
  facet normal 0 0 -1
    outer loop
      vertex -17.2641 -13.3259 3.59999
      vertex -17.0174 -9.825 3.59999
      vertex -17.2323 -13.2912 3.59999
    endloop
  endfacet
  facet normal 0 0 -1
    outer loop
      vertex -17.2941 -13.3623 3.59999
      vertex -17.0174 -9.825 3.59999
      vertex -17.2641 -13.3259 3.59999
    endloop
  endfacet
  facet normal 0 0 -1
    outer loop
      vertex -17.3221 -13.4001 3.59999
      vertex -17.0174 -9.825 3.59999
      vertex -17.2941 -13.3623 3.59999
    endloop
  endfacet
  facet normal 0 0 -1
    outer loop
      vertex -17.3481 -13.4394 3.59999
      vertex -17.0174 -9.825 3.59999
      vertex -17.3221 -13.4001 3.59999
    endloop
  endfacet
  facet normal 0 0 -1
    outer loop
      vertex -17.5083 -8.92091 3.59999
      vertex -17.3481 -13.4394 3.59999
      vertex -17.372 -13.48 3.59999
    endloop
  endfacet
  facet normal 0 0 -1
    outer loop
      vertex -17.5083 -8.92091 3.59999
      vertex -17.372 -13.48 3.59999
      vertex -17.3938 -13.5218 3.59999
    endloop
  endfacet
  facet normal 0 0 -1
    outer loop
      vertex -17.5083 -8.92091 3.59999
      vertex -17.3938 -13.5218 3.59999
      vertex -17.4133 -13.5647 3.59999
    endloop
  endfacet
  facet normal 0 0 -1
    outer loop
      vertex -17.5083 -8.92091 3.59999
      vertex -17.4133 -13.5647 3.59999
      vertex -17.4306 -13.6085 3.59999
    endloop
  endfacet
  facet normal 0 0 -1
    outer loop
      vertex -17.9512 -7.99237 3.59999
      vertex -17.4306 -13.6085 3.59999
      vertex -17.4455 -13.6532 3.59999
    endloop
  endfacet
  facet normal 0 0 -1
    outer loop
      vertex -17.9512 -7.99237 3.59999
      vertex -17.4455 -13.6532 3.59999
      vertex -17.4581 -13.6986 3.59999
    endloop
  endfacet
  facet normal 0 0 -1
    outer loop
      vertex -17.9512 -7.99237 3.59999
      vertex -17.4581 -13.6986 3.59999
      vertex -17.4683 -13.7446 3.59999
    endloop
  endfacet
  facet normal 0 0 -1
    outer loop
      vertex -17.9512 -7.99237 3.59999
      vertex -17.4683 -13.7446 3.59999
      vertex -17.4761 -13.7911 3.59999
    endloop
  endfacet
  facet normal 0 0 -1
    outer loop
      vertex -17.3481 -13.4394 3.59999
      vertex -17.5083 -8.92091 3.59999
      vertex -17.0174 -9.825 3.59999
    endloop
  endfacet
  facet normal 0 0 -1
    outer loop
      vertex -17.9512 -7.99237 3.59999
      vertex -17.4761 -13.7911 3.59999
      vertex -17.4814 -13.8379 3.59999
    endloop
  endfacet
  facet normal 0 0 -1
    outer loop
      vertex -17.9512 -7.99237 3.59999
      vertex -17.4814 -13.8379 3.59999
      vertex -17.4843 -13.8849 3.59999
    endloop
  endfacet
  facet normal 0 0 -1
    outer loop
      vertex -19.6187 -14.2538 3.59999
      vertex -17.4843 -13.8849 3.59999
      vertex -17.4847 -13.9321 3.59999
    endloop
  endfacet
  facet normal 0 0 -1
    outer loop
      vertex 3.07394 19.4081 3.59999
      vertex 0.898767 21.6029 3.59999
      vertex 0.9 21.65 3.59999
    endloop
  endfacet
  facet normal 0 0 -1
    outer loop
      vertex 2.05398 19.5424 3.59999
      vertex 0.895069 21.5559 3.59999
      vertex 0.898767 21.6029 3.59999
    endloop
  endfacet
  facet normal 0 0 -1
    outer loop
      vertex 2.05398 19.5424 3.59999
      vertex 0.888919 21.5092 3.59999
      vertex 0.895069 21.5559 3.59999
    endloop
  endfacet
  facet normal 0 0 -1
    outer loop
      vertex 2.05398 19.5424 3.59999
      vertex 0.880332 21.4629 3.59999
      vertex 0.888919 21.5092 3.59999
    endloop
  endfacet
  facet normal 0 0 -1
    outer loop
      vertex 2.05398 19.5424 3.59999
      vertex 0.869332 21.4171 3.59999
      vertex 0.880332 21.4629 3.59999
    endloop
  endfacet
  facet normal 0 0 -1
    outer loop
      vertex 2.05398 19.5424 3.59999
      vertex 0.85595 21.3719 3.59999
      vertex 0.869332 21.4171 3.59999
    endloop
  endfacet
  facet normal 0 0 -1
    outer loop
      vertex 2.05398 19.5424 3.59999
      vertex 0.840222 21.3275 3.59999
      vertex 0.85595 21.3719 3.59999
    endloop
  endfacet
  facet normal 0 0 -1
    outer loop
      vertex 2.05398 19.5424 3.59999
      vertex 0.82219 21.2839 3.59999
      vertex 0.840222 21.3275 3.59999
    endloop
  endfacet
  facet normal 0 0 -1
    outer loop
      vertex 2.05398 19.5424 3.59999
      vertex 0.801906 21.2414 3.59999
      vertex 0.82219 21.2839 3.59999
    endloop
  endfacet
  facet normal 0 0 -1
    outer loop
      vertex 2.05398 19.5424 3.59999
      vertex 0.779423 21.2 3.59999
      vertex 0.801906 21.2414 3.59999
    endloop
  endfacet
  facet normal 0 0 -1
    outer loop
      vertex 2.05398 19.5424 3.59999
      vertex 0.754803 21.1598 3.59999
      vertex 0.779423 21.2 3.59999
    endloop
  endfacet
  facet normal 0 0 -1
    outer loop
      vertex 2.05398 19.5424 3.59999
      vertex 0.728115 21.121 3.59999
      vertex 0.754803 21.1598 3.59999
    endloop
  endfacet
  facet normal 0 0 -1
    outer loop
      vertex 1.0284 19.6231 3.59999
      vertex 0.69943 21.0836 3.59999
      vertex 0.728115 21.121 3.59999
    endloop
  endfacet
  facet normal 0 0 -1
    outer loop
      vertex 1.0284 19.6231 3.59999
      vertex 0.66883 21.0478 3.59999
      vertex 0.69943 21.0836 3.59999
    endloop
  endfacet
  facet normal 0 0 -1
    outer loop
      vertex 1.0284 19.6231 3.59999
      vertex 0.636395 21.0136 3.59999
      vertex 0.66883 21.0478 3.59999
    endloop
  endfacet
  facet normal 0 0 -1
    outer loop
      vertex 1.0284 19.6231 3.59999
      vertex 0.602217 20.9812 3.59999
      vertex 0.636395 21.0136 3.59999
    endloop
  endfacet
  facet normal 0 0 -1
    outer loop
      vertex 1.0284 19.6231 3.59999
      vertex 0.566388 20.9506 3.59999
      vertex 0.602217 20.9812 3.59999
    endloop
  endfacet
  facet normal 0 0 -1
    outer loop
      vertex 1.0284 19.6231 3.59999
      vertex 0.529006 20.9219 3.59999
      vertex 0.566388 20.9506 3.59999
    endloop
  endfacet
  facet normal 0 0 -1
    outer loop
      vertex 1.0284 19.6231 3.59999
      vertex 0.490174 20.8952 3.59999
      vertex 0.529006 20.9219 3.59999
    endloop
  endfacet
  facet normal 0 0 -1
    outer loop
      vertex 1.0284 19.6231 3.59999
      vertex 0.45 20.8706 3.59999
      vertex 0.490174 20.8952 3.59999
    endloop
  endfacet
  facet normal 0 0 -1
    outer loop
      vertex 1.0284 19.6231 3.59999
      vertex 0.408591 20.8481 3.59999
      vertex 0.45 20.8706 3.59999
    endloop
  endfacet
  facet normal 0 0 -1
    outer loop
      vertex 1.0284 19.6231 3.59999
      vertex 0.366062 20.8278 3.59999
      vertex 0.408591 20.8481 3.59999
    endloop
  endfacet
  facet normal 0 0 -1
    outer loop
      vertex 1.0284 19.6231 3.59999
      vertex 0.322531 20.8098 3.59999
      vertex 0.366062 20.8278 3.59999
    endloop
  endfacet
  facet normal 0 0 -1
    outer loop
      vertex 1.0284 19.6231 3.59999
      vertex 0.278115 20.794 3.59999
      vertex 0.322531 20.8098 3.59999
    endloop
  endfacet
  facet normal 0 0 -1
    outer loop
      vertex 0 19.65 3.59999
      vertex 0.278115 20.794 3.59999
      vertex 1.0284 19.6231 3.59999
    endloop
  endfacet
  facet normal 0 0 -1
    outer loop
      vertex 0.278115 20.794 3.59999
      vertex 0 19.65 3.59999
      vertex 0.232937 20.7807 3.59999
    endloop
  endfacet
  facet normal 0 0 -1
    outer loop
      vertex 0.232937 20.7807 3.59999
      vertex 0 19.65 3.59999
      vertex 0.18712 20.7697 3.59999
    endloop
  endfacet
  facet normal 0 0 -1
    outer loop
      vertex 0.18712 20.7697 3.59999
      vertex 0 19.65 3.59999
      vertex 0.140791 20.7611 3.59999
    endloop
  endfacet
  facet normal 0 0 -1
    outer loop
      vertex 0.140791 20.7611 3.59999
      vertex 0 19.65 3.59999
      vertex 0.0940752 20.7549 3.59999
    endloop
  endfacet
  facet normal 0 0 -1
    outer loop
      vertex 0.0940752 20.7549 3.59999
      vertex 0 19.65 3.59999
      vertex 0.047102 20.7512 3.59999
    endloop
  endfacet
  facet normal 0 0 -1
    outer loop
      vertex 0 19.65 3.59999
      vertex 0 20.75 3.59999
      vertex 0.047102 20.7512 3.59999
    endloop
  endfacet
  facet normal 0 0 -1
    outer loop
      vertex 0 19.65 3.59999
      vertex -0.047102 20.7512 3.59999
      vertex 0 20.75 3.59999
    endloop
  endfacet
  facet normal 0 0 -1
    outer loop
      vertex 0 19.65 3.59999
      vertex -0.0940752 20.7549 3.59999
      vertex -0.047102 20.7512 3.59999
    endloop
  endfacet
  facet normal 0 0 -1
    outer loop
      vertex 0 19.65 3.59999
      vertex -0.140791 20.7611 3.59999
      vertex -0.0940752 20.7549 3.59999
    endloop
  endfacet
  facet normal 0 0 -1
    outer loop
      vertex 0 19.65 3.59999
      vertex -0.18712 20.7697 3.59999
      vertex -0.140791 20.7611 3.59999
    endloop
  endfacet
  facet normal 0 0 -1
    outer loop
      vertex 0 19.65 3.59999
      vertex -0.232937 20.7807 3.59999
      vertex -0.18712 20.7697 3.59999
    endloop
  endfacet
  facet normal 0 0 -1
    outer loop
      vertex 0 19.65 3.59999
      vertex -0.278115 20.794 3.59999
      vertex -0.232937 20.7807 3.59999
    endloop
  endfacet
  facet normal 0 0 -1
    outer loop
      vertex -1.0284 19.6231 3.59999
      vertex -0.278115 20.794 3.59999
      vertex 0 19.65 3.59999
    endloop
  endfacet
  facet normal -0 0 -1
    outer loop
      vertex -0.278115 20.794 3.59999
      vertex -1.0284 19.6231 3.59999
      vertex -0.322531 20.8098 3.59999
    endloop
  endfacet
  facet normal -0 0 -1
    outer loop
      vertex -0.322531 20.8098 3.59999
      vertex -1.0284 19.6231 3.59999
      vertex -0.366062 20.8278 3.59999
    endloop
  endfacet
  facet normal -0 0 -1
    outer loop
      vertex -0.366062 20.8278 3.59999
      vertex -1.0284 19.6231 3.59999
      vertex -0.408591 20.8481 3.59999
    endloop
  endfacet
  facet normal -0 0 -1
    outer loop
      vertex -0.408591 20.8481 3.59999
      vertex -1.0284 19.6231 3.59999
      vertex -0.45 20.8706 3.59999
    endloop
  endfacet
  facet normal -0 0 -1
    outer loop
      vertex -0.45 20.8706 3.59999
      vertex -1.0284 19.6231 3.59999
      vertex -0.490174 20.8952 3.59999
    endloop
  endfacet
  facet normal -0 0 -1
    outer loop
      vertex -0.490174 20.8952 3.59999
      vertex -1.0284 19.6231 3.59999
      vertex -0.529006 20.9219 3.59999
    endloop
  endfacet
  facet normal -0 0 -1
    outer loop
      vertex -0.529006 20.9219 3.59999
      vertex -1.0284 19.6231 3.59999
      vertex -0.566388 20.9506 3.59999
    endloop
  endfacet
  facet normal -0 0 -1
    outer loop
      vertex -0.566388 20.9506 3.59999
      vertex -1.0284 19.6231 3.59999
      vertex -0.602217 20.9812 3.59999
    endloop
  endfacet
  facet normal -0 0 -1
    outer loop
      vertex -0.602217 20.9812 3.59999
      vertex -1.0284 19.6231 3.59999
      vertex -0.636395 21.0136 3.59999
    endloop
  endfacet
  facet normal -0 0 -1
    outer loop
      vertex -0.636395 21.0136 3.59999
      vertex -1.0284 19.6231 3.59999
      vertex -0.66883 21.0478 3.59999
    endloop
  endfacet
  facet normal -0 0 -1
    outer loop
      vertex -0.66883 21.0478 3.59999
      vertex -1.0284 19.6231 3.59999
      vertex -0.69943 21.0836 3.59999
    endloop
  endfacet
  facet normal -0 0 -1
    outer loop
      vertex -0.69943 21.0836 3.59999
      vertex -1.0284 19.6231 3.59999
      vertex -0.728115 21.121 3.59999
    endloop
  endfacet
  facet normal 0 0 -1
    outer loop
      vertex -2.05398 19.5424 3.59999
      vertex -0.728115 21.121 3.59999
      vertex -1.0284 19.6231 3.59999
    endloop
  endfacet
  facet normal -0 0 -1
    outer loop
      vertex -0.728115 21.121 3.59999
      vertex -2.05398 19.5424 3.59999
      vertex -0.754803 21.1598 3.59999
    endloop
  endfacet
  facet normal 0 0 -1
    outer loop
      vertex -3.07394 19.4081 3.59999
      vertex -0.895069 21.5559 3.59999
      vertex -2.05398 19.5424 3.59999
    endloop
  endfacet
  facet normal -0 0 -1
    outer loop
      vertex -0.888919 21.5092 3.59999
      vertex -2.05398 19.5424 3.59999
      vertex -0.895069 21.5559 3.59999
    endloop
  endfacet
  facet normal -0 0 -1
    outer loop
      vertex -0.880332 21.4629 3.59999
      vertex -2.05398 19.5424 3.59999
      vertex -0.888919 21.5092 3.59999
    endloop
  endfacet
  facet normal -0 0 -1
    outer loop
      vertex -0.869332 21.4171 3.59999
      vertex -2.05398 19.5424 3.59999
      vertex -0.880332 21.4629 3.59999
    endloop
  endfacet
  facet normal -0 0 -1
    outer loop
      vertex -0.85595 21.3719 3.59999
      vertex -2.05398 19.5424 3.59999
      vertex -0.869332 21.4171 3.59999
    endloop
  endfacet
  facet normal -0 0 -1
    outer loop
      vertex -0.840222 21.3275 3.59999
      vertex -2.05398 19.5424 3.59999
      vertex -0.85595 21.3719 3.59999
    endloop
  endfacet
  facet normal -0 0 -1
    outer loop
      vertex -0.82219 21.2839 3.59999
      vertex -2.05398 19.5424 3.59999
      vertex -0.840222 21.3275 3.59999
    endloop
  endfacet
  facet normal -0 0 -1
    outer loop
      vertex -0.801906 21.2414 3.59999
      vertex -2.05398 19.5424 3.59999
      vertex -0.82219 21.2839 3.59999
    endloop
  endfacet
  facet normal -0 0 -1
    outer loop
      vertex -0.779423 21.2 3.59999
      vertex -2.05398 19.5424 3.59999
      vertex -0.801906 21.2414 3.59999
    endloop
  endfacet
  facet normal -0 0 -1
    outer loop
      vertex -0.754803 21.1598 3.59999
      vertex -2.05398 19.5424 3.59999
      vertex -0.779423 21.2 3.59999
    endloop
  endfacet
  facet normal 0 0 -1
    outer loop
      vertex 18.6883 -6.07218 3.59999
      vertex 19.6651 -6.81428 3.59999
      vertex 19.6351 -6.85064 3.59999
    endloop
  endfacet
  facet normal 0 0 -1
    outer loop
      vertex 19.6651 -6.81428 3.59999
      vertex 19.6231 -1.0284 3.59999
      vertex 19.65 0 3.59999
    endloop
  endfacet
  facet normal 0 0 -1
    outer loop
      vertex 18.6883 -6.07218 3.59999
      vertex 19.6351 -6.85064 3.59999
      vertex 19.6071 -6.88852 3.59999
    endloop
  endfacet
  facet normal 0 0 -1
    outer loop
      vertex 18.6883 -6.07218 3.59999
      vertex 19.6071 -6.88852 3.59999
      vertex 19.5811 -6.92781 3.59999
    endloop
  endfacet
  facet normal 0 0 -1
    outer loop
      vertex 18.6883 -6.07218 3.59999
      vertex 19.5811 -6.92781 3.59999
      vertex 19.5572 -6.96841 3.59999
    endloop
  endfacet
  facet normal 0 0 -1
    outer loop
      vertex 19.6651 -6.81428 3.59999
      vertex 19.5424 -2.05398 3.59999
      vertex 19.6231 -1.0284 3.59999
    endloop
  endfacet
  facet normal 0 0 -1
    outer loop
      vertex 18.6883 -6.07218 3.59999
      vertex 19.5572 -6.96841 3.59999
      vertex 19.5354 -7.0102 3.59999
    endloop
  endfacet
  facet normal 0 0 -1
    outer loop
      vertex 18.3449 -7.04193 3.59999
      vertex 19.5354 -7.0102 3.59999
      vertex 19.5159 -7.05308 3.59999
    endloop
  endfacet
  facet normal 0 0 -1
    outer loop
      vertex 18.3449 -7.04193 3.59999
      vertex 19.5159 -7.05308 3.59999
      vertex 19.4986 -7.09692 3.59999
    endloop
  endfacet
  facet normal 0 0 -1
    outer loop
      vertex 18.3449 -7.04193 3.59999
      vertex 19.4986 -7.09692 3.59999
      vertex 19.4837 -7.1416 3.59999
    endloop
  endfacet
  facet normal 0 0 -1
    outer loop
      vertex 18.3449 -7.04193 3.59999
      vertex 19.4837 -7.1416 3.59999
      vertex 19.4711 -7.18701 3.59999
    endloop
  endfacet
  facet normal 0 0 -1
    outer loop
      vertex 18.3449 -7.04193 3.59999
      vertex 19.4711 -7.18701 3.59999
      vertex 19.4609 -7.23301 3.59999
    endloop
  endfacet
  facet normal 0 0 -1
    outer loop
      vertex 18.3449 -7.04193 3.59999
      vertex 19.4609 -7.23301 3.59999
      vertex 19.4531 -7.27948 3.59999
    endloop
  endfacet
  facet normal 0 0 -1
    outer loop
      vertex 18.3449 -7.04193 3.59999
      vertex 19.4531 -7.27948 3.59999
      vertex 19.4478 -7.3263 3.59999
    endloop
  endfacet
  facet normal 0 0 -1
    outer loop
      vertex 18.3449 -7.04193 3.59999
      vertex 19.4478 -7.3263 3.59999
      vertex 19.4449 -7.37333 3.59999
    endloop
  endfacet
  facet normal 0 0 -1
    outer loop
      vertex 19.6651 -6.81428 3.59999
      vertex 19.4081 -3.07394 3.59999
      vertex 19.5424 -2.05398 3.59999
    endloop
  endfacet
  facet normal 0 0 -1
    outer loop
      vertex 18.3449 -7.04193 3.59999
      vertex 19.4449 -7.37333 3.59999
      vertex 19.4445 -7.42044 3.59999
    endloop
  endfacet
  facet normal 0 0 -1
    outer loop
      vertex 19.65 0 3.59999
      vertex 24.25 0 3.59999
      vertex 24.2168 -1.26915 3.59999
    endloop
  endfacet
  facet normal 0 0 -1
    outer loop
      vertex 19.65 0 3.59999
      vertex 24.2168 -1.26915 3.59999
      vertex 24.1172 -2.53481 3.59999
    endloop
  endfacet
  facet normal 0 0 -1
    outer loop
      vertex 24.25 0 3.59999
      vertex 19.65 0 3.59999
      vertex 24.2168 1.26915 3.59999
    endloop
  endfacet
  facet normal 0 0 -1
    outer loop
      vertex 19.65 0 3.59999
      vertex 24.1172 -2.53481 3.59999
      vertex 23.9514 -3.79354 3.59999
    endloop
  endfacet
  facet normal 0 0 -1
    outer loop
      vertex 19.6231 1.0284 3.59999
      vertex 24.2168 1.26915 3.59999
      vertex 19.65 0 3.59999
    endloop
  endfacet
  facet normal 0 0 -1
    outer loop
      vertex 20.5621 -6.53147 3.59999
      vertex 23.9514 -3.79354 3.59999
      vertex 23.7201 -5.04186 3.59999
    endloop
  endfacet
  facet normal -0 0 -1
    outer loop
      vertex 24.2168 1.26915 3.59999
      vertex 19.6231 1.0284 3.59999
      vertex 24.1172 2.53481 3.59999
    endloop
  endfacet
  facet normal 0 0 -1
    outer loop
      vertex 20.8984 -6.69553 3.59999
      vertex 23.7201 -5.04186 3.59999
      vertex 23.4237 -6.27636 3.59999
    endloop
  endfacet
  facet normal 0 0 -1
    outer loop
      vertex 19.5424 2.05398 3.59999
      vertex 24.1172 2.53481 3.59999
      vertex 19.6231 1.0284 3.59999
    endloop
  endfacet
  facet normal 0 0 -1
    outer loop
      vertex 21.1788 -7.06759 3.59999
      vertex 23.4237 -6.27636 3.59999
      vertex 23.0631 -7.49366 3.59999
    endloop
  endfacet
  facet normal -0 0 -1
    outer loop
      vertex 24.1172 2.53481 3.59999
      vertex 19.5424 2.05398 3.59999
      vertex 23.9514 3.79354 3.59999
    endloop
  endfacet
  facet normal 0 0 -1
    outer loop
      vertex 21.2176 -7.62247 3.59999
      vertex 23.0631 -7.49366 3.59999
      vertex 22.6393 -8.69042 3.59999
    endloop
  endfacet
  facet normal 0 0 -1
    outer loop
      vertex 19.4081 3.07394 3.59999
      vertex 23.9514 3.79354 3.59999
      vertex 19.5424 2.05398 3.59999
    endloop
  endfacet
  facet normal 0 0 -1
    outer loop
      vertex 20.9229 -8.09418 3.59999
      vertex 22.6393 -8.69042 3.59999
      vertex 22.1535 -9.86336 3.59999
    endloop
  endfacet
  facet normal 0 0 -1
    outer loop
      vertex 23.0631 -7.49366 3.59999
      vertex 21.2095 -7.15666 3.59999
      vertex 21.1953 -7.11172 3.59999
    endloop
  endfacet
  facet normal 0 0 -1
    outer loop
      vertex 20.454 -8.29803 3.59999
      vertex 22.1535 -9.86336 3.59999
      vertex 21.6069 -11.0093 3.59999
    endloop
  endfacet
  facet normal 0 0 -1
    outer loop
      vertex 23.0631 -7.49366 3.59999
      vertex 21.2422 -7.34196 3.59999
      vertex 21.2376 -7.29505 3.59999
    endloop
  endfacet
  facet normal 0 0 -1
    outer loop
      vertex 23.0631 -7.49366 3.59999
      vertex 21.2442 -7.38903 3.59999
      vertex 21.2422 -7.34196 3.59999
    endloop
  endfacet
  facet normal 0 0 -1
    outer loop
      vertex 23.0631 -7.49366 3.59999
      vertex 21.2438 -7.43614 3.59999
      vertex 21.2442 -7.38903 3.59999
    endloop
  endfacet
  facet normal 0 0 -1
    outer loop
      vertex 23.0631 -7.49366 3.59999
      vertex 21.2409 -7.48318 3.59999
      vertex 21.2438 -7.43614 3.59999
    endloop
  endfacet
  facet normal -0 0 -1
    outer loop
      vertex 23.0631 -7.49366 3.59999
      vertex 21.2356 -7.52999 3.59999
      vertex 21.2409 -7.48318 3.59999
    endloop
  endfacet
  facet normal 0 0 -1
    outer loop
      vertex 23.0631 -7.49366 3.59999
      vertex 21.2278 -7.57646 3.59999
      vertex 21.2356 -7.52999 3.59999
    endloop
  endfacet
  facet normal 0 0 -1
    outer loop
      vertex 23.0631 -7.49366 3.59999
      vertex 21.2176 -7.62247 3.59999
      vertex 21.2278 -7.57646 3.59999
    endloop
  endfacet
  facet normal 0 0 -1
    outer loop
      vertex 22.6393 -8.69042 3.59999
      vertex 21.205 -7.66787 3.59999
      vertex 21.2176 -7.62247 3.59999
    endloop
  endfacet
  facet normal 0 0 -1
    outer loop
      vertex 22.6393 -8.69042 3.59999
      vertex 21.1901 -7.71255 3.59999
      vertex 21.205 -7.66787 3.59999
    endloop
  endfacet
  facet normal 0 0 -1
    outer loop
      vertex 22.6393 -8.69042 3.59999
      vertex 21.1728 -7.75639 3.59999
      vertex 21.1901 -7.71255 3.59999
    endloop
  endfacet
  facet normal 0 0 -1
    outer loop
      vertex 22.6393 -8.69042 3.59999
      vertex 21.1533 -7.79927 3.59999
      vertex 21.1728 -7.75639 3.59999
    endloop
  endfacet
  facet normal 0 0 -1
    outer loop
      vertex 22.6393 -8.69042 3.59999
      vertex 21.1315 -7.84106 3.59999
      vertex 21.1533 -7.79927 3.59999
    endloop
  endfacet
  facet normal 0 0 -1
    outer loop
      vertex 22.6393 -8.69042 3.59999
      vertex 21.1076 -7.88166 3.59999
      vertex 21.1315 -7.84106 3.59999
    endloop
  endfacet
  facet normal 0 0 -1
    outer loop
      vertex 22.6393 -8.69042 3.59999
      vertex 21.0816 -7.92095 3.59999
      vertex 21.1076 -7.88166 3.59999
    endloop
  endfacet
  facet normal 0 0 -1
    outer loop
      vertex 22.6393 -8.69042 3.59999
      vertex 21.0536 -7.95883 3.59999
      vertex 21.0816 -7.92095 3.59999
    endloop
  endfacet
  facet normal 0 0 -1
    outer loop
      vertex 22.6393 -8.69042 3.59999
      vertex 21.0236 -7.99519 3.59999
      vertex 21.0536 -7.95883 3.59999
    endloop
  endfacet
  facet normal 0 0 -1
    outer loop
      vertex 20.0812 -8.26541 3.59999
      vertex 21.6069 -11.0093 3.59999
      vertex 21.0011 -12.125 3.59999
    endloop
  endfacet
  facet normal 0 0 -1
    outer loop
      vertex 22.6393 -8.69042 3.59999
      vertex 20.9918 -8.02993 3.59999
      vertex 21.0236 -7.99519 3.59999
    endloop
  endfacet
  facet normal 0 0 -1
    outer loop
      vertex 22.6393 -8.69042 3.59999
      vertex 20.9581 -8.06295 3.59999
      vertex 20.9918 -8.02993 3.59999
    endloop
  endfacet
  facet normal 0 0 -1
    outer loop
      vertex 22.6393 -8.69042 3.59999
      vertex 20.9229 -8.09418 3.59999
      vertex 20.9581 -8.06295 3.59999
    endloop
  endfacet
  facet normal 0 0 -1
    outer loop
      vertex 22.1535 -9.86336 3.59999
      vertex 20.886 -8.12351 3.59999
      vertex 20.9229 -8.09418 3.59999
    endloop
  endfacet
  facet normal 0 0 -1
    outer loop
      vertex 22.1535 -9.86336 3.59999
      vertex 20.8476 -8.15087 3.59999
      vertex 20.886 -8.12351 3.59999
    endloop
  endfacet
  facet normal 0 0 -1
    outer loop
      vertex 22.1535 -9.86336 3.59999
      vertex 20.8079 -8.17619 3.59999
      vertex 20.8476 -8.15087 3.59999
    endloop
  endfacet
  facet normal 0 0 -1
    outer loop
      vertex 22.1535 -9.86336 3.59999
      vertex 20.7669 -8.19939 3.59999
      vertex 20.8079 -8.17619 3.59999
    endloop
  endfacet
  facet normal 0 0 -1
    outer loop
      vertex 22.1535 -9.86336 3.59999
      vertex 20.7247 -8.22041 3.59999
      vertex 20.7669 -8.19939 3.59999
    endloop
  endfacet
  facet normal 0 0 -1
    outer loop
      vertex 22.1535 -9.86336 3.59999
      vertex 20.6815 -8.2392 3.59999
      vertex 20.7247 -8.22041 3.59999
    endloop
  endfacet
  facet normal 0 0 -1
    outer loop
      vertex 22.1535 -9.86336 3.59999
      vertex 20.6374 -8.2557 3.59999
      vertex 20.6815 -8.2392 3.59999
    endloop
  endfacet
  facet normal 0 0 -1
    outer loop
      vertex 22.1535 -9.86336 3.59999
      vertex 20.5924 -8.26987 3.59999
      vertex 20.6374 -8.2557 3.59999
    endloop
  endfacet
  facet normal 0 0 -1
    outer loop
      vertex 22.1535 -9.86336 3.59999
      vertex 20.5468 -8.28167 3.59999
      vertex 20.5924 -8.26987 3.59999
    endloop
  endfacet
  facet normal 0 0 -1
    outer loop
      vertex 22.1535 -9.86336 3.59999
      vertex 20.5006 -8.29106 3.59999
      vertex 20.5468 -8.28167 3.59999
    endloop
  endfacet
  facet normal 0 0 -1
    outer loop
      vertex 22.1535 -9.86336 3.59999
      vertex 20.454 -8.29803 3.59999
      vertex 20.5006 -8.29106 3.59999
    endloop
  endfacet
  facet normal 0 0 -1
    outer loop
      vertex 21.6069 -11.0093 3.59999
      vertex 20.4071 -8.30254 3.59999
      vertex 20.454 -8.29803 3.59999
    endloop
  endfacet
  facet normal 0 0 -1
    outer loop
      vertex 21.6069 -11.0093 3.59999
      vertex 20.3601 -8.3046 3.59999
      vertex 20.4071 -8.30254 3.59999
    endloop
  endfacet
  facet normal 0 0 -1
    outer loop
      vertex 17.0174 -9.825 3.59999
      vertex 21.0011 -12.125 3.59999
      vertex 20.3378 -13.2075 3.59999
    endloop
  endfacet
  facet normal 0 0 -1
    outer loop
      vertex 21.6069 -11.0093 3.59999
      vertex 20.3129 -8.30419 3.59999
      vertex 20.3601 -8.3046 3.59999
    endloop
  endfacet
  facet normal 0 0 -1
    outer loop
      vertex 21.6069 -11.0093 3.59999
      vertex 20.2659 -8.30131 3.59999
      vertex 20.3129 -8.30419 3.59999
    endloop
  endfacet
  facet normal 0 0 -1
    outer loop
      vertex 21.6069 -11.0093 3.59999
      vertex 20.2191 -8.29598 3.59999
      vertex 20.2659 -8.30131 3.59999
    endloop
  endfacet
  facet normal 0 0 -1
    outer loop
      vertex 21.6069 -11.0093 3.59999
      vertex 20.1726 -8.2882 3.59999
      vertex 20.2191 -8.29598 3.59999
    endloop
  endfacet
  facet normal 0 0 -1
    outer loop
      vertex 21.6069 -11.0093 3.59999
      vertex 20.1266 -8.278 3.59999
      vertex 20.1726 -8.2882 3.59999
    endloop
  endfacet
  facet normal 0 0 -1
    outer loop
      vertex 21.6069 -11.0093 3.59999
      vertex 20.0812 -8.26541 3.59999
      vertex 20.1266 -8.278 3.59999
    endloop
  endfacet
  facet normal 0 0 -1
    outer loop
      vertex 21.0011 -12.125 3.59999
      vertex 17.0174 -9.825 3.59999
      vertex 20.0812 -8.26541 3.59999
    endloop
  endfacet
  facet normal -0 0 -1
    outer loop
      vertex 20.0812 -8.26541 3.59999
      vertex 17.0174 -9.825 3.59999
      vertex 20.0365 -8.25046 3.59999
    endloop
  endfacet
  facet normal 0 -0 -1
    outer loop
      vertex 17.5083 -8.92091 3.59999
      vertex 20.0365 -8.25046 3.59999
      vertex 17.0174 -9.825 3.59999
    endloop
  endfacet
  facet normal -0 0 -1
    outer loop
      vertex 20.0365 -8.25046 3.59999
      vertex 17.5083 -8.92091 3.59999
      vertex 19.9927 -8.23319 3.59999
    endloop
  endfacet
  facet normal -0 0 -1
    outer loop
      vertex 19.9927 -8.23319 3.59999
      vertex 17.5083 -8.92091 3.59999
      vertex 19.9498 -8.21365 3.59999
    endloop
  endfacet
  facet normal -0 0 -1
    outer loop
      vertex 19.9498 -8.21365 3.59999
      vertex 17.5083 -8.92091 3.59999
      vertex 19.908 -8.19189 3.59999
    endloop
  endfacet
  facet normal -0 0 -1
    outer loop
      vertex 19.908 -8.19189 3.59999
      vertex 17.5083 -8.92091 3.59999
      vertex 19.8674 -8.16798 3.59999
    endloop
  endfacet
  facet normal -0 0 -1
    outer loop
      vertex 19.8674 -8.16798 3.59999
      vertex 17.5083 -8.92091 3.59999
      vertex 19.8281 -8.14197 3.59999
    endloop
  endfacet
  facet normal -0 0 -1
    outer loop
      vertex 19.8281 -8.14197 3.59999
      vertex 17.5083 -8.92091 3.59999
      vertex 19.7902 -8.11395 3.59999
    endloop
  endfacet
  facet normal -0 0 -1
    outer loop
      vertex 19.7902 -8.11395 3.59999
      vertex 17.5083 -8.92091 3.59999
      vertex 19.7539 -8.08397 3.59999
    endloop
  endfacet
  facet normal -0 0 -1
    outer loop
      vertex 19.7539 -8.08397 3.59999
      vertex 17.5083 -8.92091 3.59999
      vertex 19.7192 -8.05214 3.59999
    endloop
  endfacet
  facet normal 0 -0 -1
    outer loop
      vertex 17.9512 -7.99237 3.59999
      vertex 19.7192 -8.05214 3.59999
      vertex 17.5083 -8.92091 3.59999
    endloop
  endfacet
  facet normal 0 0 -1
    outer loop
      vertex 16.4799 -10.7022 3.59999
      vertex 20.3378 -13.2075 3.59999
      vertex 19.6187 -14.2538 3.59999
    endloop
  endfacet
  facet normal 0 0 -1
    outer loop
      vertex 19.7192 -8.05214 3.59999
      vertex 17.9512 -7.99237 3.59999
      vertex 19.6861 -8.01853 3.59999
    endloop
  endfacet
  facet normal 0 0 -1
    outer loop
      vertex 19.6861 -8.01853 3.59999
      vertex 17.9512 -7.99237 3.59999
      vertex 19.6549 -7.98324 3.59999
    endloop
  endfacet
  facet normal -0 0 -1
    outer loop
      vertex 19.6549 -7.98324 3.59999
      vertex 17.9512 -7.99237 3.59999
      vertex 19.6256 -7.94637 3.59999
    endloop
  endfacet
  facet normal -0 0 -1
    outer loop
      vertex 19.6256 -7.94637 3.59999
      vertex 17.9512 -7.99237 3.59999
      vertex 19.5982 -7.90801 3.59999
    endloop
  endfacet
  facet normal -0 0 -1
    outer loop
      vertex 19.5982 -7.90801 3.59999
      vertex 17.9512 -7.99237 3.59999
      vertex 19.5729 -7.86827 3.59999
    endloop
  endfacet
  facet normal -0 0 -1
    outer loop
      vertex 19.5729 -7.86827 3.59999
      vertex 17.9512 -7.99237 3.59999
      vertex 19.5497 -7.82726 3.59999
    endloop
  endfacet
  facet normal -0 0 -1
    outer loop
      vertex 19.5287 -7.78509 3.59999
      vertex 17.9512 -7.99237 3.59999
      vertex 19.5099 -7.74188 3.59999
    endloop
  endfacet
  facet normal -0 0 -1
    outer loop
      vertex 19.5099 -7.74188 3.59999
      vertex 17.9512 -7.99237 3.59999
      vertex 19.4934 -7.69775 3.59999
    endloop
  endfacet
  facet normal -0 0 -1
    outer loop
      vertex 19.4934 -7.69775 3.59999
      vertex 17.9512 -7.99237 3.59999
      vertex 19.4792 -7.65281 3.59999
    endloop
  endfacet
  facet normal -0 0 -1
    outer loop
      vertex 19.4792 -7.65281 3.59999
      vertex 17.9512 -7.99237 3.59999
      vertex 19.4674 -7.60719 3.59999
    endloop
  endfacet
  facet normal -0 0 -1
    outer loop
      vertex 19.4674 -7.60719 3.59999
      vertex 17.9512 -7.99237 3.59999
      vertex 19.458 -7.56102 3.59999
    endloop
  endfacet
  facet normal 0 -0 -1
    outer loop
      vertex 18.3449 -7.04193 3.59999
      vertex 19.458 -7.56102 3.59999
      vertex 17.9512 -7.99237 3.59999
    endloop
  endfacet
  facet normal 0 0 -1
    outer loop
      vertex 19.6651 -6.81428 3.59999
      vertex 19.2206 -4.08546 3.59999
      vertex 19.4081 -3.07394 3.59999
    endloop
  endfacet
  facet normal 0 0 -1
    outer loop
      vertex 19.458 -7.56102 3.59999
      vertex 18.3449 -7.04193 3.59999
      vertex 19.4511 -7.51442 3.59999
    endloop
  endfacet
  facet normal 0 0 -1
    outer loop
      vertex 19.6651 -6.81428 3.59999
      vertex 18.9804 -5.08579 3.59999
      vertex 19.2206 -4.08546 3.59999
    endloop
  endfacet
  facet normal 0 0 -1
    outer loop
      vertex 15.8972 -11.55 3.59999
      vertex 19.6187 -14.2538 3.59999
      vertex 18.8458 -15.261 3.59999
    endloop
  endfacet
  facet normal 0 0 -1
    outer loop
      vertex 19.6651 -6.81428 3.59999
      vertex 18.6883 -6.07218 3.59999
      vertex 18.9804 -5.08579 3.59999
    endloop
  endfacet
  facet normal -0 0 -1
    outer loop
      vertex 19.5354 -7.0102 3.59999
      vertex 18.3449 -7.04193 3.59999
      vertex 18.6883 -6.07218 3.59999
    endloop
  endfacet
  facet normal 0 0 -1
    outer loop
      vertex 15.2709 -12.3661 3.59999
      vertex 18.8458 -15.261 3.59999
      vertex 18.0213 -16.2264 3.59999
    endloop
  endfacet
  facet normal 0 0 -1
    outer loop
      vertex 19.4465 -7.46752 3.59999
      vertex 18.3449 -7.04193 3.59999
      vertex 19.4445 -7.42044 3.59999
    endloop
  endfacet
  facet normal 0 0 -1
    outer loop
      vertex 19.4511 -7.51442 3.59999
      vertex 18.3449 -7.04193 3.59999
      vertex 19.4465 -7.46752 3.59999
    endloop
  endfacet
  facet normal 0 0 -1
    outer loop
      vertex 14.6028 -13.1484 3.59999
      vertex 18.0213 -16.2264 3.59999
      vertex 17.1473 -17.1473 3.59999
    endloop
  endfacet
  facet normal -0 0 -1
    outer loop
      vertex 19.5497 -7.82726 3.59999
      vertex 17.9512 -7.99237 3.59999
      vertex 19.5287 -7.78509 3.59999
    endloop
  endfacet
  facet normal 0 0 -1
    outer loop
      vertex 20.3378 -13.2075 3.59999
      vertex 16.4799 -10.7022 3.59999
      vertex 17.0174 -9.825 3.59999
    endloop
  endfacet
  facet normal 0 0 -1
    outer loop
      vertex 13.8946 -13.8946 3.59999
      vertex 17.1473 -17.1473 3.59999
      vertex 16.2264 -18.0213 3.59999
    endloop
  endfacet
  facet normal 0 0 -1
    outer loop
      vertex 19.6187 -14.2538 3.59999
      vertex 15.8972 -11.55 3.59999
      vertex 16.4799 -10.7022 3.59999
    endloop
  endfacet
  facet normal 0 0 -1
    outer loop
      vertex 18.8458 -15.261 3.59999
      vertex 15.2709 -12.3661 3.59999
      vertex 15.8972 -11.55 3.59999
    endloop
  endfacet
  facet normal 0 0 -1
    outer loop
      vertex 13.1484 -14.6028 3.59999
      vertex 16.2264 -18.0213 3.59999
      vertex 15.261 -18.8458 3.59999
    endloop
  endfacet
  facet normal 0 0 -1
    outer loop
      vertex 18.0213 -16.2264 3.59999
      vertex 14.6028 -13.1484 3.59999
      vertex 15.2709 -12.3661 3.59999
    endloop
  endfacet
  facet normal 0 0 -1
    outer loop
      vertex 12.3661 -15.2709 3.59999
      vertex 15.261 -18.8458 3.59999
      vertex 14.2538 -19.6187 3.59999
    endloop
  endfacet
  facet normal 0 0 -1
    outer loop
      vertex 17.1473 -17.1473 3.59999
      vertex 13.8946 -13.8946 3.59999
      vertex 14.6028 -13.1484 3.59999
    endloop
  endfacet
  facet normal 0 0 -1
    outer loop
      vertex 11.55 -15.8972 3.59999
      vertex 14.2538 -19.6187 3.59999
      vertex 13.2075 -20.3378 3.59999
    endloop
  endfacet
  facet normal 0 0 -1
    outer loop
      vertex 16.2264 -18.0213 3.59999
      vertex 13.1484 -14.6028 3.59999
      vertex 13.8946 -13.8946 3.59999
    endloop
  endfacet
  facet normal 0 0 -1
    outer loop
      vertex 15.261 -18.8458 3.59999
      vertex 12.3661 -15.2709 3.59999
      vertex 13.1484 -14.6028 3.59999
    endloop
  endfacet
  facet normal 0 0 -1
    outer loop
      vertex 10.7022 -16.4799 3.59999
      vertex 13.2075 -20.3378 3.59999
      vertex 12.125 -21.0011 3.59999
    endloop
  endfacet
  facet normal 0 0 -1
    outer loop
      vertex 14.2538 -19.6187 3.59999
      vertex 11.55 -15.8972 3.59999
      vertex 12.3661 -15.2709 3.59999
    endloop
  endfacet
  facet normal 0 0 -1
    outer loop
      vertex 9.825 -17.0174 3.59999
      vertex 12.125 -21.0011 3.59999
      vertex 11.0093 -21.6069 3.59999
    endloop
  endfacet
  facet normal 0 0 -1
    outer loop
      vertex 13.2075 -20.3378 3.59999
      vertex 10.7022 -16.4799 3.59999
      vertex 11.55 -15.8972 3.59999
    endloop
  endfacet
  facet normal 0 0 -1
    outer loop
      vertex 8.92091 -17.5083 3.59999
      vertex 11.0093 -21.6069 3.59999
      vertex 9.86336 -22.1535 3.59999
    endloop
  endfacet
  facet normal 0 0 -1
    outer loop
      vertex 12.125 -21.0011 3.59999
      vertex 9.825 -17.0174 3.59999
      vertex 10.7022 -16.4799 3.59999
    endloop
  endfacet
  facet normal 0 0 -1
    outer loop
      vertex 11.0093 -21.6069 3.59999
      vertex 8.92091 -17.5083 3.59999
      vertex 9.825 -17.0174 3.59999
    endloop
  endfacet
  facet normal 0 0 -1
    outer loop
      vertex 7.99237 -17.9512 3.59999
      vertex 9.86336 -22.1535 3.59999
      vertex 8.69042 -22.6393 3.59999
    endloop
  endfacet
  facet normal 0 0 -1
    outer loop
      vertex 9.86336 -22.1535 3.59999
      vertex 7.99237 -17.9512 3.59999
      vertex 8.92091 -17.5083 3.59999
    endloop
  endfacet
  facet normal 0 0 -1
    outer loop
      vertex 6.5 -18.65 3.59999
      vertex 8.69042 -22.6393 3.59999
      vertex 7.49366 -23.0631 3.59999
    endloop
  endfacet
  facet normal 0 0 -1
    outer loop
      vertex 8.69042 -22.6393 3.59999
      vertex 7.04193 -18.3449 3.59999
      vertex 7.99237 -17.9512 3.59999
    endloop
  endfacet
  facet normal 0 0 -1
    outer loop
      vertex 6.5 -18.65 3.59999
      vertex 7.49366 -23.0631 3.59999
      vertex 6.5 -23.3575 3.59999
    endloop
  endfacet
  facet normal 0 0 -1
    outer loop
      vertex 8.69042 -22.6393 3.59999
      vertex 6.5 -18.65 3.59999
      vertex 7.04193 -18.3449 3.59999
    endloop
  endfacet
  facet normal 0 0 -1
    outer loop
      vertex 7.04193 -18.3449 3.59999
      vertex 6.5 -18.65 3.59999
      vertex 6.18023 -18.65 3.59999
    endloop
  endfacet
  facet normal 0 0 -1
    outer loop
      vertex 23.0631 -7.49366 3.59999
      vertex 21.2376 -7.29505 3.59999
      vertex 21.2307 -7.24845 3.59999
    endloop
  endfacet
  facet normal 0 0 -1
    outer loop
      vertex 23.0631 -7.49366 3.59999
      vertex 21.2307 -7.24845 3.59999
      vertex 21.2213 -7.20228 3.59999
    endloop
  endfacet
  facet normal 0 0 -1
    outer loop
      vertex 23.0631 -7.49366 3.59999
      vertex 21.2213 -7.20228 3.59999
      vertex 21.2095 -7.15666 3.59999
    endloop
  endfacet
  facet normal 0 0 -1
    outer loop
      vertex 23.0631 -7.49366 3.59999
      vertex 21.1953 -7.11172 3.59999
      vertex 21.1788 -7.06759 3.59999
    endloop
  endfacet
  facet normal 0 0 -1
    outer loop
      vertex 23.4237 -6.27636 3.59999
      vertex 21.1788 -7.06759 3.59999
      vertex 21.16 -7.02438 3.59999
    endloop
  endfacet
  facet normal 0 0 -1
    outer loop
      vertex 23.4237 -6.27636 3.59999
      vertex 21.16 -7.02438 3.59999
      vertex 21.139 -6.98221 3.59999
    endloop
  endfacet
  facet normal 0 0 -1
    outer loop
      vertex 19.2206 4.08546 3.59999
      vertex 23.7201 5.04186 3.59999
      vertex 19.4081 3.07394 3.59999
    endloop
  endfacet
  facet normal -0 0 -1
    outer loop
      vertex 23.9514 3.79354 3.59999
      vertex 19.4081 3.07394 3.59999
      vertex 23.7201 5.04186 3.59999
    endloop
  endfacet
  facet normal 0 0 -1
    outer loop
      vertex 23.4237 -6.27636 3.59999
      vertex 21.139 -6.98221 3.59999
      vertex 21.1158 -6.9412 3.59999
    endloop
  endfacet
  facet normal 0 0 -1
    outer loop
      vertex 23.4237 -6.27636 3.59999
      vertex 21.1158 -6.9412 3.59999
      vertex 21.0905 -6.90146 3.59999
    endloop
  endfacet
  facet normal 0 0 -1
    outer loop
      vertex 23.4237 -6.27636 3.59999
      vertex 21.0905 -6.90146 3.59999
      vertex 21.0631 -6.8631 3.59999
    endloop
  endfacet
  facet normal 0 0 -1
    outer loop
      vertex 23.4237 -6.27636 3.59999
      vertex 21.0631 -6.8631 3.59999
      vertex 21.0338 -6.82623 3.59999
    endloop
  endfacet
  facet normal 0 0 -1
    outer loop
      vertex 23.4237 -6.27636 3.59999
      vertex 21.0338 -6.82623 3.59999
      vertex 21.0026 -6.79094 3.59999
    endloop
  endfacet
  facet normal 0 0 -1
    outer loop
      vertex 23.4237 -6.27636 3.59999
      vertex 21.0026 -6.79094 3.59999
      vertex 20.9695 -6.75733 3.59999
    endloop
  endfacet
  facet normal 0 0 -1
    outer loop
      vertex 18.9804 5.08579 3.59999
      vertex 23.4237 6.27636 3.59999
      vertex 19.2206 4.08546 3.59999
    endloop
  endfacet
  facet normal 0 0 -1
    outer loop
      vertex 23.4237 -6.27636 3.59999
      vertex 20.9695 -6.75733 3.59999
      vertex 20.9348 -6.7255 3.59999
    endloop
  endfacet
  facet normal 0 0 -1
    outer loop
      vertex 23.4237 -6.27636 3.59999
      vertex 20.9348 -6.7255 3.59999
      vertex 20.8984 -6.69553 3.59999
    endloop
  endfacet
  facet normal 0 0 -1
    outer loop
      vertex 23.7201 -5.04186 3.59999
      vertex 20.8984 -6.69553 3.59999
      vertex 20.8606 -6.6675 3.59999
    endloop
  endfacet
  facet normal 0 0 -1
    outer loop
      vertex 23.7201 -5.04186 3.59999
      vertex 20.8606 -6.6675 3.59999
      vertex 20.8213 -6.64149 3.59999
    endloop
  endfacet
  facet normal 0 0 -1
    outer loop
      vertex 23.7201 -5.04186 3.59999
      vertex 20.8213 -6.64149 3.59999
      vertex 20.7807 -6.61758 3.59999
    endloop
  endfacet
  facet normal 0 0 -1
    outer loop
      vertex 23.7201 -5.04186 3.59999
      vertex 20.7807 -6.61758 3.59999
      vertex 20.7389 -6.59582 3.59999
    endloop
  endfacet
  facet normal 0 0 -1
    outer loop
      vertex 23.7201 -5.04186 3.59999
      vertex 20.7389 -6.59582 3.59999
      vertex 20.696 -6.57628 3.59999
    endloop
  endfacet
  facet normal 0 0 -1
    outer loop
      vertex 23.7201 -5.04186 3.59999
      vertex 20.696 -6.57628 3.59999
      vertex 20.6522 -6.55901 3.59999
    endloop
  endfacet
  facet normal 0 0 -1
    outer loop
      vertex 23.7201 -5.04186 3.59999
      vertex 20.6522 -6.55901 3.59999
      vertex 20.6075 -6.54406 3.59999
    endloop
  endfacet
  facet normal 0 0 -1
    outer loop
      vertex 20.5621 -6.53147 3.59999
      vertex 23.7201 -5.04186 3.59999
      vertex 20.6075 -6.54406 3.59999
    endloop
  endfacet
  facet normal 0 0 -1
    outer loop
      vertex 23.9514 -3.79354 3.59999
      vertex 20.5621 -6.53147 3.59999
      vertex 20.5161 -6.52127 3.59999
    endloop
  endfacet
  facet normal 0 0 -1
    outer loop
      vertex 23.9514 -3.79354 3.59999
      vertex 20.5161 -6.52127 3.59999
      vertex 20.4696 -6.51349 3.59999
    endloop
  endfacet
  facet normal 0 0 -1
    outer loop
      vertex 20.4228 -6.50816 3.59999
      vertex 23.9514 -3.79354 3.59999
      vertex 20.4696 -6.51349 3.59999
    endloop
  endfacet
  facet normal -0 0 -1
    outer loop
      vertex 23.9514 -3.79354 3.59999
      vertex 20.4228 -6.50816 3.59999
      vertex 19.65 0 3.59999
    endloop
  endfacet
  facet normal 0 0 -1
    outer loop
      vertex 19.65 0 3.59999
      vertex 20.4228 -6.50816 3.59999
      vertex 20.3758 -6.50528 3.59999
    endloop
  endfacet
  facet normal -0 0 -1
    outer loop
      vertex 23.4237 6.27636 3.59999
      vertex 18.9804 5.08579 3.59999
      vertex 23.0631 7.49366 3.59999
    endloop
  endfacet
  facet normal 0 0 -1
    outer loop
      vertex 19.65 0 3.59999
      vertex 20.3758 -6.50528 3.59999
      vertex 20.3286 -6.50487 3.59999
    endloop
  endfacet
  facet normal 0 0 -1
    outer loop
      vertex 19.65 0 3.59999
      vertex 20.3286 -6.50487 3.59999
      vertex 20.2816 -6.50693 3.59999
    endloop
  endfacet
  facet normal 0 0 -1
    outer loop
      vertex 19.65 0 3.59999
      vertex 20.2816 -6.50693 3.59999
      vertex 20.2347 -6.51144 3.59999
    endloop
  endfacet
  facet normal 0 0 -1
    outer loop
      vertex 19.65 0 3.59999
      vertex 20.2347 -6.51144 3.59999
      vertex 20.1881 -6.51841 3.59999
    endloop
  endfacet
  facet normal 0 0 -1
    outer loop
      vertex 19.65 0 3.59999
      vertex 20.1881 -6.51841 3.59999
      vertex 20.1419 -6.5278 3.59999
    endloop
  endfacet
  facet normal 0 0 -1
    outer loop
      vertex 19.65 0 3.59999
      vertex 20.1419 -6.5278 3.59999
      vertex 20.0963 -6.5396 3.59999
    endloop
  endfacet
  facet normal 0 0 -1
    outer loop
      vertex 19.65 0 3.59999
      vertex 20.0963 -6.5396 3.59999
      vertex 20.0513 -6.55377 3.59999
    endloop
  endfacet
  facet normal 0 0 -1
    outer loop
      vertex 19.65 0 3.59999
      vertex 20.0513 -6.55377 3.59999
      vertex 20.0072 -6.57027 3.59999
    endloop
  endfacet
  facet normal 0 0 -1
    outer loop
      vertex 19.65 0 3.59999
      vertex 20.0072 -6.57027 3.59999
      vertex 19.964 -6.58906 3.59999
    endloop
  endfacet
  facet normal 0 0 -1
    outer loop
      vertex 19.65 0 3.59999
      vertex 19.964 -6.58906 3.59999
      vertex 19.9218 -6.61008 3.59999
    endloop
  endfacet
  facet normal 0 0 -1
    outer loop
      vertex 19.65 0 3.59999
      vertex 19.9218 -6.61008 3.59999
      vertex 19.8808 -6.63329 3.59999
    endloop
  endfacet
  facet normal 0 0 -1
    outer loop
      vertex 19.65 0 3.59999
      vertex 19.8808 -6.63329 3.59999
      vertex 19.8411 -6.6586 3.59999
    endloop
  endfacet
  facet normal 0 0 -1
    outer loop
      vertex 19.65 0 3.59999
      vertex 19.8411 -6.6586 3.59999
      vertex 19.8027 -6.68596 3.59999
    endloop
  endfacet
  facet normal 0 0 -1
    outer loop
      vertex 19.65 0 3.59999
      vertex 19.8027 -6.68596 3.59999
      vertex 19.7658 -6.7153 3.59999
    endloop
  endfacet
  facet normal 0 0 -1
    outer loop
      vertex 19.65 0 3.59999
      vertex 19.7658 -6.7153 3.59999
      vertex 19.7305 -6.74652 3.59999
    endloop
  endfacet
  facet normal 0 0 -1
    outer loop
      vertex 19.65 0 3.59999
      vertex 19.7305 -6.74652 3.59999
      vertex 19.6969 -6.77954 3.59999
    endloop
  endfacet
  facet normal 0 0 -1
    outer loop
      vertex 19.65 0 3.59999
      vertex 19.6969 -6.77954 3.59999
      vertex 19.6651 -6.81428 3.59999
    endloop
  endfacet
  facet normal -0 0 -1
    outer loop
      vertex 23.7201 5.04186 3.59999
      vertex 19.2206 4.08546 3.59999
      vertex 23.4237 6.27636 3.59999
    endloop
  endfacet
  facet normal 0 0 -1
    outer loop
      vertex 18.6883 6.07218 3.59999
      vertex 23.0631 7.49366 3.59999
      vertex 18.9804 5.08579 3.59999
    endloop
  endfacet
  facet normal -0 0 -1
    outer loop
      vertex 23.0631 7.49366 3.59999
      vertex 18.6883 6.07218 3.59999
      vertex 22.6393 8.69042 3.59999
    endloop
  endfacet
  facet normal 0 0 -1
    outer loop
      vertex 18.3449 7.04193 3.59999
      vertex 22.6393 8.69042 3.59999
      vertex 18.6883 6.07218 3.59999
    endloop
  endfacet
  facet normal -0 0 -1
    outer loop
      vertex 22.6393 8.69042 3.59999
      vertex 18.3449 7.04193 3.59999
      vertex 22.1535 9.86336 3.59999
    endloop
  endfacet
  facet normal 0 0 -1
    outer loop
      vertex 17.9512 7.99237 3.59999
      vertex 22.1535 9.86336 3.59999
      vertex 18.3449 7.04193 3.59999
    endloop
  endfacet
  facet normal -0 0 -1
    outer loop
      vertex 22.1535 9.86336 3.59999
      vertex 17.9512 7.99237 3.59999
      vertex 21.6069 11.0093 3.59999
    endloop
  endfacet
  facet normal 0 0 -1
    outer loop
      vertex 17.5083 8.92091 3.59999
      vertex 21.6069 11.0093 3.59999
      vertex 17.9512 7.99237 3.59999
    endloop
  endfacet
  facet normal -0 0 -1
    outer loop
      vertex 21.6069 11.0093 3.59999
      vertex 17.5083 8.92091 3.59999
      vertex 21.0011 12.125 3.59999
    endloop
  endfacet
  facet normal 0 0 -1
    outer loop
      vertex 17.0174 9.825 3.59999
      vertex 21.0011 12.125 3.59999
      vertex 17.5083 8.92091 3.59999
    endloop
  endfacet
  facet normal -0 0 -1
    outer loop
      vertex 21.0011 12.125 3.59999
      vertex 17.0174 9.825 3.59999
      vertex 20.3378 13.2075 3.59999
    endloop
  endfacet
  facet normal 0 0 -1
    outer loop
      vertex 16.4799 10.7022 3.59999
      vertex 20.3378 13.2075 3.59999
      vertex 17.0174 9.825 3.59999
    endloop
  endfacet
  facet normal -0 0 -1
    outer loop
      vertex 20.3378 13.2075 3.59999
      vertex 16.4799 10.7022 3.59999
      vertex 19.6187 14.2538 3.59999
    endloop
  endfacet
  facet normal 0 0 -1
    outer loop
      vertex 15.8972 11.55 3.59999
      vertex 19.6187 14.2538 3.59999
      vertex 16.4799 10.7022 3.59999
    endloop
  endfacet
  facet normal -0 0 -1
    outer loop
      vertex 19.6187 14.2538 3.59999
      vertex 15.8972 11.55 3.59999
      vertex 18.8458 15.261 3.59999
    endloop
  endfacet
  facet normal 0 0 -1
    outer loop
      vertex 15.2709 12.3661 3.59999
      vertex 18.8458 15.261 3.59999
      vertex 15.8972 11.55 3.59999
    endloop
  endfacet
  facet normal -0 0 -1
    outer loop
      vertex 18.8458 15.261 3.59999
      vertex 15.2709 12.3661 3.59999
      vertex 18.0213 16.2264 3.59999
    endloop
  endfacet
  facet normal 0 0 -1
    outer loop
      vertex 14.6028 13.1484 3.59999
      vertex 18.0213 16.2264 3.59999
      vertex 15.2709 12.3661 3.59999
    endloop
  endfacet
  facet normal -0 0 -1
    outer loop
      vertex 18.0213 16.2264 3.59999
      vertex 14.6028 13.1484 3.59999
      vertex 17.1473 17.1473 3.59999
    endloop
  endfacet
  facet normal 0 0 -1
    outer loop
      vertex 13.8946 13.8946 3.59999
      vertex 17.1473 17.1473 3.59999
      vertex 14.6028 13.1484 3.59999
    endloop
  endfacet
  facet normal -0 0 -1
    outer loop
      vertex 17.1473 17.1473 3.59999
      vertex 13.8946 13.8946 3.59999
      vertex 16.2264 18.0213 3.59999
    endloop
  endfacet
  facet normal 0 0 -1
    outer loop
      vertex 13.1484 14.6028 3.59999
      vertex 16.2264 18.0213 3.59999
      vertex 13.8946 13.8946 3.59999
    endloop
  endfacet
  facet normal -0 0 -1
    outer loop
      vertex 16.2264 18.0213 3.59999
      vertex 13.1484 14.6028 3.59999
      vertex 15.261 18.8458 3.59999
    endloop
  endfacet
  facet normal 0 0 -1
    outer loop
      vertex 12.3661 15.2709 3.59999
      vertex 15.261 18.8458 3.59999
      vertex 13.1484 14.6028 3.59999
    endloop
  endfacet
  facet normal -0 0 -1
    outer loop
      vertex 15.261 18.8458 3.59999
      vertex 12.3661 15.2709 3.59999
      vertex 14.2538 19.6187 3.59999
    endloop
  endfacet
  facet normal 0 0 -1
    outer loop
      vertex 11.55 15.8972 3.59999
      vertex 14.2538 19.6187 3.59999
      vertex 12.3661 15.2709 3.59999
    endloop
  endfacet
  facet normal -0 0 -1
    outer loop
      vertex 14.2538 19.6187 3.59999
      vertex 11.55 15.8972 3.59999
      vertex 13.2075 20.3378 3.59999
    endloop
  endfacet
  facet normal 0 0 -1
    outer loop
      vertex 10.7022 16.4799 3.59999
      vertex 13.2075 20.3378 3.59999
      vertex 11.55 15.8972 3.59999
    endloop
  endfacet
  facet normal -0 0 -1
    outer loop
      vertex 13.2075 20.3378 3.59999
      vertex 10.7022 16.4799 3.59999
      vertex 12.125 21.0011 3.59999
    endloop
  endfacet
  facet normal 0 0 -1
    outer loop
      vertex 9.825 17.0174 3.59999
      vertex 12.125 21.0011 3.59999
      vertex 10.7022 16.4799 3.59999
    endloop
  endfacet
  facet normal -0 0 -1
    outer loop
      vertex 12.125 21.0011 3.59999
      vertex 9.825 17.0174 3.59999
      vertex 11.0093 21.6069 3.59999
    endloop
  endfacet
  facet normal 0 0 -1
    outer loop
      vertex 8.92091 17.5083 3.59999
      vertex 11.0093 21.6069 3.59999
      vertex 9.825 17.0174 3.59999
    endloop
  endfacet
  facet normal -0 0 -1
    outer loop
      vertex 11.0093 21.6069 3.59999
      vertex 8.92091 17.5083 3.59999
      vertex 9.86336 22.1535 3.59999
    endloop
  endfacet
  facet normal 0 0 -1
    outer loop
      vertex 7.99237 17.9512 3.59999
      vertex 9.86336 22.1535 3.59999
      vertex 8.92091 17.5083 3.59999
    endloop
  endfacet
  facet normal -0 0 -1
    outer loop
      vertex 9.86336 22.1535 3.59999
      vertex 7.99237 17.9512 3.59999
      vertex 8.69042 22.6393 3.59999
    endloop
  endfacet
  facet normal 0 0 -1
    outer loop
      vertex 7.04193 18.3449 3.59999
      vertex 8.69042 22.6393 3.59999
      vertex 7.99237 17.9512 3.59999
    endloop
  endfacet
  facet normal -0 0 -1
    outer loop
      vertex 8.69042 22.6393 3.59999
      vertex 7.04193 18.3449 3.59999
      vertex 7.49366 23.0631 3.59999
    endloop
  endfacet
  facet normal 0 0 -1
    outer loop
      vertex 6.07218 18.6883 3.59999
      vertex 7.49366 23.0631 3.59999
      vertex 7.04193 18.3449 3.59999
    endloop
  endfacet
  facet normal -0 0 -1
    outer loop
      vertex 7.49366 23.0631 3.59999
      vertex 6.07218 18.6883 3.59999
      vertex 6.27636 23.4237 3.59999
    endloop
  endfacet
  facet normal 0 0 -1
    outer loop
      vertex 5.08579 18.9804 3.59999
      vertex 6.27636 23.4237 3.59999
      vertex 6.07218 18.6883 3.59999
    endloop
  endfacet
  facet normal 0 0 -1
    outer loop
      vertex 5.08579 18.9804 3.59999
      vertex 5.04186 23.7201 3.59999
      vertex 6.27636 23.4237 3.59999
    endloop
  endfacet
  facet normal 0 0 -1
    outer loop
      vertex 4.08546 19.2206 3.59999
      vertex 5.04186 23.7201 3.59999
      vertex 5.08579 18.9804 3.59999
    endloop
  endfacet
  facet normal 0 0 -1
    outer loop
      vertex 4.08546 19.2206 3.59999
      vertex 3.79354 23.9514 3.59999
      vertex 5.04186 23.7201 3.59999
    endloop
  endfacet
  facet normal 0 0 -1
    outer loop
      vertex 3.07394 19.4081 3.59999
      vertex 3.79354 23.9514 3.59999
      vertex 4.08546 19.2206 3.59999
    endloop
  endfacet
  facet normal 0 0 -1
    outer loop
      vertex 0.898767 21.6971 3.59999
      vertex 3.79354 23.9514 3.59999
      vertex 3.07394 19.4081 3.59999
    endloop
  endfacet
  facet normal 0 0 -1
    outer loop
      vertex 0.898767 21.6029 3.59999
      vertex 3.07394 19.4081 3.59999
      vertex 2.05398 19.5424 3.59999
    endloop
  endfacet
  facet normal 0 0 -1
    outer loop
      vertex 0.898767 21.6971 3.59999
      vertex 3.07394 19.4081 3.59999
      vertex 0.9 21.65 3.59999
    endloop
  endfacet
  facet normal 0 0 -1
    outer loop
      vertex 0.728115 21.121 3.59999
      vertex 2.05398 19.5424 3.59999
      vertex 1.0284 19.6231 3.59999
    endloop
  endfacet
  facet normal 0 0 -1
    outer loop
      vertex 0.895069 21.7441 3.59999
      vertex 3.79354 23.9514 3.59999
      vertex 0.898767 21.6971 3.59999
    endloop
  endfacet
  facet normal 0 0 -1
    outer loop
      vertex 0.888919 21.7908 3.59999
      vertex 3.79354 23.9514 3.59999
      vertex 0.895069 21.7441 3.59999
    endloop
  endfacet
  facet normal -0 0 -1
    outer loop
      vertex 3.79354 23.9514 3.59999
      vertex 0.888919 21.7908 3.59999
      vertex 2.53481 24.1172 3.59999
    endloop
  endfacet
  facet normal 0 0 -1
    outer loop
      vertex 0.880332 21.8371 3.59999
      vertex 2.53481 24.1172 3.59999
      vertex 0.888919 21.7908 3.59999
    endloop
  endfacet
  facet normal 0 0 -1
    outer loop
      vertex 0.869332 21.8829 3.59999
      vertex 2.53481 24.1172 3.59999
      vertex 0.880332 21.8371 3.59999
    endloop
  endfacet
  facet normal 0 0 -1
    outer loop
      vertex 0.85595 21.9281 3.59999
      vertex 2.53481 24.1172 3.59999
      vertex 0.869332 21.8829 3.59999
    endloop
  endfacet
  facet normal 0 0 -1
    outer loop
      vertex 0.840222 21.9725 3.59999
      vertex 2.53481 24.1172 3.59999
      vertex 0.85595 21.9281 3.59999
    endloop
  endfacet
  facet normal 0 0 -1
    outer loop
      vertex 0.82219 22.0161 3.59999
      vertex 2.53481 24.1172 3.59999
      vertex 0.840222 21.9725 3.59999
    endloop
  endfacet
  facet normal 0 0 -1
    outer loop
      vertex 0.801906 22.0586 3.59999
      vertex 2.53481 24.1172 3.59999
      vertex 0.82219 22.0161 3.59999
    endloop
  endfacet
  facet normal 0 0 -1
    outer loop
      vertex 0.779423 22.1 3.59999
      vertex 2.53481 24.1172 3.59999
      vertex 0.801906 22.0586 3.59999
    endloop
  endfacet
  facet normal 0 0 -1
    outer loop
      vertex 0.754803 22.1402 3.59999
      vertex 2.53481 24.1172 3.59999
      vertex 0.779423 22.1 3.59999
    endloop
  endfacet
  facet normal 0 0 -1
    outer loop
      vertex 0.728115 22.179 3.59999
      vertex 2.53481 24.1172 3.59999
      vertex 0.754803 22.1402 3.59999
    endloop
  endfacet
  facet normal -0 0 -1
    outer loop
      vertex 2.53481 24.1172 3.59999
      vertex 0.728115 22.179 3.59999
      vertex 1.26915 24.2168 3.59999
    endloop
  endfacet
  facet normal 0 0 -1
    outer loop
      vertex 0.69943 22.2164 3.59999
      vertex 1.26915 24.2168 3.59999
      vertex 0.728115 22.179 3.59999
    endloop
  endfacet
  facet normal 0 0 -1
    outer loop
      vertex 0.66883 22.2522 3.59999
      vertex 1.26915 24.2168 3.59999
      vertex 0.69943 22.2164 3.59999
    endloop
  endfacet
  facet normal 0 0 -1
    outer loop
      vertex 0.636395 22.2864 3.59999
      vertex 1.26915 24.2168 3.59999
      vertex 0.66883 22.2522 3.59999
    endloop
  endfacet
  facet normal 0 0 -1
    outer loop
      vertex 0.602217 22.3188 3.59999
      vertex 1.26915 24.2168 3.59999
      vertex 0.636395 22.2864 3.59999
    endloop
  endfacet
  facet normal 0 0 -1
    outer loop
      vertex 0.566388 22.3494 3.59999
      vertex 1.26915 24.2168 3.59999
      vertex 0.602217 22.3188 3.59999
    endloop
  endfacet
  facet normal 0 0 -1
    outer loop
      vertex 0.529006 22.3781 3.59999
      vertex 1.26915 24.2168 3.59999
      vertex 0.566388 22.3494 3.59999
    endloop
  endfacet
  facet normal 0 0 -1
    outer loop
      vertex 0.490174 22.4048 3.59999
      vertex 1.26915 24.2168 3.59999
      vertex 0.529006 22.3781 3.59999
    endloop
  endfacet
  facet normal 0 0 -1
    outer loop
      vertex 0.45 22.4294 3.59999
      vertex 1.26915 24.2168 3.59999
      vertex 0.490174 22.4048 3.59999
    endloop
  endfacet
  facet normal 0 0 -1
    outer loop
      vertex 0.408591 22.4519 3.59999
      vertex 1.26915 24.2168 3.59999
      vertex 0.45 22.4294 3.59999
    endloop
  endfacet
  facet normal 0 0 -1
    outer loop
      vertex 0.366062 22.4722 3.59999
      vertex 1.26915 24.2168 3.59999
      vertex 0.408591 22.4519 3.59999
    endloop
  endfacet
  facet normal 0 0 -1
    outer loop
      vertex 0.322531 22.4902 3.59999
      vertex 1.26915 24.2168 3.59999
      vertex 0.366062 22.4722 3.59999
    endloop
  endfacet
  facet normal 0 0 -1
    outer loop
      vertex 0.278115 22.506 3.59999
      vertex 1.26915 24.2168 3.59999
      vertex 0.322531 22.4902 3.59999
    endloop
  endfacet
  facet normal 0 0 -1
    outer loop
      vertex 0 24.25 3.59999
      vertex 0.278115 22.506 3.59999
      vertex 0.232937 22.5193 3.59999
    endloop
  endfacet
  facet normal 0 0 -1
    outer loop
      vertex 0 24.25 3.59999
      vertex 0.232937 22.5193 3.59999
      vertex 0.18712 22.5303 3.59999
    endloop
  endfacet
  facet normal 0 0 -1
    outer loop
      vertex 0 24.25 3.59999
      vertex 0.18712 22.5303 3.59999
      vertex 0.140791 22.5389 3.59999
    endloop
  endfacet
  facet normal 0 0 -1
    outer loop
      vertex 0 24.25 3.59999
      vertex 0.140791 22.5389 3.59999
      vertex 0.0940752 22.5451 3.59999
    endloop
  endfacet
  facet normal 0 0 -1
    outer loop
      vertex 0 24.25 3.59999
      vertex 0.0940752 22.5451 3.59999
      vertex 0.047102 22.5488 3.59999
    endloop
  endfacet
  facet normal 0 0 -1
    outer loop
      vertex 0 24.25 3.59999
      vertex 0.047102 22.5488 3.59999
      vertex 0 22.55 3.59999
    endloop
  endfacet
  facet normal 0 0 -1
    outer loop
      vertex 0.278115 22.506 3.59999
      vertex 0 24.25 3.59999
      vertex 1.26915 24.2168 3.59999
    endloop
  endfacet
  facet normal 0 0 -1
    outer loop
      vertex -0.047102 22.5488 3.59999
      vertex 0 24.25 3.59999
      vertex 0 22.55 3.59999
    endloop
  endfacet
  facet normal 0 0 -1
    outer loop
      vertex -0.0940752 22.5451 3.59999
      vertex 0 24.25 3.59999
      vertex -0.047102 22.5488 3.59999
    endloop
  endfacet
  facet normal 0 0 -1
    outer loop
      vertex -0.140791 22.5389 3.59999
      vertex 0 24.25 3.59999
      vertex -0.0940752 22.5451 3.59999
    endloop
  endfacet
  facet normal 0 0 -1
    outer loop
      vertex -0.18712 22.5303 3.59999
      vertex 0 24.25 3.59999
      vertex -0.140791 22.5389 3.59999
    endloop
  endfacet
  facet normal 0 0 -1
    outer loop
      vertex -0.232937 22.5193 3.59999
      vertex 0 24.25 3.59999
      vertex -0.18712 22.5303 3.59999
    endloop
  endfacet
  facet normal 0 0 -1
    outer loop
      vertex -0.278115 22.506 3.59999
      vertex 0 24.25 3.59999
      vertex -0.232937 22.5193 3.59999
    endloop
  endfacet
  facet normal 0 0 -1
    outer loop
      vertex -1.26915 24.2168 3.59999
      vertex -0.278115 22.506 3.59999
      vertex -0.322531 22.4902 3.59999
    endloop
  endfacet
  facet normal 0 0 -1
    outer loop
      vertex -1.26915 24.2168 3.59999
      vertex -0.322531 22.4902 3.59999
      vertex -0.366062 22.4722 3.59999
    endloop
  endfacet
  facet normal 0 0 -1
    outer loop
      vertex -1.26915 24.2168 3.59999
      vertex -0.366062 22.4722 3.59999
      vertex -0.408591 22.4519 3.59999
    endloop
  endfacet
  facet normal 0 0 -1
    outer loop
      vertex -1.26915 24.2168 3.59999
      vertex -0.408591 22.4519 3.59999
      vertex -0.45 22.4294 3.59999
    endloop
  endfacet
  facet normal 0 0 -1
    outer loop
      vertex -1.26915 24.2168 3.59999
      vertex -0.45 22.4294 3.59999
      vertex -0.490174 22.4048 3.59999
    endloop
  endfacet
  facet normal 0 0 -1
    outer loop
      vertex -1.26915 24.2168 3.59999
      vertex -0.490174 22.4048 3.59999
      vertex -0.529006 22.3781 3.59999
    endloop
  endfacet
  facet normal 0 0 -1
    outer loop
      vertex -1.26915 24.2168 3.59999
      vertex -0.529006 22.3781 3.59999
      vertex -0.566388 22.3494 3.59999
    endloop
  endfacet
  facet normal 0 0 -1
    outer loop
      vertex -1.26915 24.2168 3.59999
      vertex -0.566388 22.3494 3.59999
      vertex -0.602217 22.3188 3.59999
    endloop
  endfacet
  facet normal 0 0 -1
    outer loop
      vertex -1.26915 24.2168 3.59999
      vertex -0.602217 22.3188 3.59999
      vertex -0.636395 22.2864 3.59999
    endloop
  endfacet
  facet normal 0 0 -1
    outer loop
      vertex -1.26915 24.2168 3.59999
      vertex -0.636395 22.2864 3.59999
      vertex -0.66883 22.2522 3.59999
    endloop
  endfacet
  facet normal 0 0 -1
    outer loop
      vertex -1.26915 24.2168 3.59999
      vertex -0.66883 22.2522 3.59999
      vertex -0.69943 22.2164 3.59999
    endloop
  endfacet
  facet normal 0 0 -1
    outer loop
      vertex -1.26915 24.2168 3.59999
      vertex -0.69943 22.2164 3.59999
      vertex -0.728115 22.179 3.59999
    endloop
  endfacet
  facet normal 0 0 -1
    outer loop
      vertex -2.53481 24.1172 3.59999
      vertex -0.728115 22.179 3.59999
      vertex -0.754803 22.1402 3.59999
    endloop
  endfacet
  facet normal 0 0 -1
    outer loop
      vertex -2.53481 24.1172 3.59999
      vertex -0.754803 22.1402 3.59999
      vertex -0.779423 22.1 3.59999
    endloop
  endfacet
  facet normal 0 0 -1
    outer loop
      vertex -2.53481 24.1172 3.59999
      vertex -0.779423 22.1 3.59999
      vertex -0.801906 22.0586 3.59999
    endloop
  endfacet
  facet normal 0 0 -1
    outer loop
      vertex -2.53481 24.1172 3.59999
      vertex -0.801906 22.0586 3.59999
      vertex -0.82219 22.0161 3.59999
    endloop
  endfacet
  facet normal 0 0 -1
    outer loop
      vertex -2.53481 24.1172 3.59999
      vertex -0.82219 22.0161 3.59999
      vertex -0.840222 21.9725 3.59999
    endloop
  endfacet
  facet normal -0 0 -1
    outer loop
      vertex -0.895069 21.5559 3.59999
      vertex -3.07394 19.4081 3.59999
      vertex -0.898767 21.6029 3.59999
    endloop
  endfacet
  facet normal 0 0 -1
    outer loop
      vertex -0.278115 22.506 3.59999
      vertex -1.26915 24.2168 3.59999
      vertex 0 24.25 3.59999
    endloop
  endfacet
  facet normal 0 0 -1
    outer loop
      vertex -2.53481 24.1172 3.59999
      vertex -0.840222 21.9725 3.59999
      vertex -0.85595 21.9281 3.59999
    endloop
  endfacet
  facet normal 0 0 -1
    outer loop
      vertex -2.53481 24.1172 3.59999
      vertex -0.85595 21.9281 3.59999
      vertex -0.869332 21.8829 3.59999
    endloop
  endfacet
  facet normal 0 0 -1
    outer loop
      vertex -2.53481 24.1172 3.59999
      vertex -0.869332 21.8829 3.59999
      vertex -0.880332 21.8371 3.59999
    endloop
  endfacet
  facet normal 0 0 -1
    outer loop
      vertex -2.53481 24.1172 3.59999
      vertex -0.880332 21.8371 3.59999
      vertex -0.888919 21.7908 3.59999
    endloop
  endfacet
  facet normal 0 0 -1
    outer loop
      vertex -3.79354 23.9514 3.59999
      vertex -0.888919 21.7908 3.59999
      vertex -0.895069 21.7441 3.59999
    endloop
  endfacet
  facet normal 0 0 -1
    outer loop
      vertex -3.79354 23.9514 3.59999
      vertex -0.895069 21.7441 3.59999
      vertex -0.898767 21.6971 3.59999
    endloop
  endfacet
  facet normal -0 0 -1
    outer loop
      vertex -0.898767 21.6029 3.59999
      vertex -3.07394 19.4081 3.59999
      vertex -0.9 21.65 3.59999
    endloop
  endfacet
  facet normal -0 0 -1
    outer loop
      vertex -0.9 21.65 3.59999
      vertex -3.07394 19.4081 3.59999
      vertex -0.898767 21.6971 3.59999
    endloop
  endfacet
  facet normal 0 0 -1
    outer loop
      vertex -0.728115 22.179 3.59999
      vertex -2.53481 24.1172 3.59999
      vertex -1.26915 24.2168 3.59999
    endloop
  endfacet
  facet normal 0 0 -1
    outer loop
      vertex -3.79354 23.9514 3.59999
      vertex -0.898767 21.6971 3.59999
      vertex -3.07394 19.4081 3.59999
    endloop
  endfacet
  facet normal 0 0 -1
    outer loop
      vertex -0.888919 21.7908 3.59999
      vertex -3.79354 23.9514 3.59999
      vertex -2.53481 24.1172 3.59999
    endloop
  endfacet
  facet normal 0 0 -1
    outer loop
      vertex -4.08546 19.2206 3.59999
      vertex -3.79354 23.9514 3.59999
      vertex -3.07394 19.4081 3.59999
    endloop
  endfacet
  facet normal 0 0 -1
    outer loop
      vertex -4.08546 19.2206 3.59999
      vertex -5.04186 23.7201 3.59999
      vertex -3.79354 23.9514 3.59999
    endloop
  endfacet
  facet normal 0 0 -1
    outer loop
      vertex -5.08579 18.9804 3.59999
      vertex -5.04186 23.7201 3.59999
      vertex -4.08546 19.2206 3.59999
    endloop
  endfacet
  facet normal 0 0 -1
    outer loop
      vertex -6.27636 23.4237 3.59999
      vertex -5.08579 18.9804 3.59999
      vertex -6.07218 18.6883 3.59999
    endloop
  endfacet
  facet normal 0 0 -1
    outer loop
      vertex -5.08579 18.9804 3.59999
      vertex -6.27636 23.4237 3.59999
      vertex -5.04186 23.7201 3.59999
    endloop
  endfacet
  facet normal 0 0 -1
    outer loop
      vertex -7.49366 23.0631 3.59999
      vertex -6.07218 18.6883 3.59999
      vertex -7.04193 18.3449 3.59999
    endloop
  endfacet
  facet normal 0 0 -1
    outer loop
      vertex -6.07218 18.6883 3.59999
      vertex -7.49366 23.0631 3.59999
      vertex -6.27636 23.4237 3.59999
    endloop
  endfacet
  facet normal 0 0 -1
    outer loop
      vertex -8.69042 22.6393 3.59999
      vertex -7.04193 18.3449 3.59999
      vertex -7.99237 17.9512 3.59999
    endloop
  endfacet
  facet normal 0 0 -1
    outer loop
      vertex -7.04193 18.3449 3.59999
      vertex -8.69042 22.6393 3.59999
      vertex -7.49366 23.0631 3.59999
    endloop
  endfacet
  facet normal 0 0 -1
    outer loop
      vertex -9.86336 22.1535 3.59999
      vertex -7.99237 17.9512 3.59999
      vertex -8.92091 17.5083 3.59999
    endloop
  endfacet
  facet normal 0 0 -1
    outer loop
      vertex -11.0093 21.6069 3.59999
      vertex -8.92091 17.5083 3.59999
      vertex -9.825 17.0174 3.59999
    endloop
  endfacet
  facet normal 0 0 -1
    outer loop
      vertex -7.99237 17.9512 3.59999
      vertex -9.86336 22.1535 3.59999
      vertex -8.69042 22.6393 3.59999
    endloop
  endfacet
  facet normal 0 0 -1
    outer loop
      vertex -12.125 21.0011 3.59999
      vertex -9.825 17.0174 3.59999
      vertex -10.7022 16.4799 3.59999
    endloop
  endfacet
  facet normal 0 0 -1
    outer loop
      vertex -8.92091 17.5083 3.59999
      vertex -11.0093 21.6069 3.59999
      vertex -9.86336 22.1535 3.59999
    endloop
  endfacet
  facet normal 0 0 -1
    outer loop
      vertex -13.2075 20.3378 3.59999
      vertex -10.7022 16.4799 3.59999
      vertex -11.55 15.8972 3.59999
    endloop
  endfacet
  facet normal 0 0 -1
    outer loop
      vertex -9.825 17.0174 3.59999
      vertex -12.125 21.0011 3.59999
      vertex -11.0093 21.6069 3.59999
    endloop
  endfacet
  facet normal 0 0 -1
    outer loop
      vertex -14.2538 19.6187 3.59999
      vertex -11.55 15.8972 3.59999
      vertex -12.3661 15.2709 3.59999
    endloop
  endfacet
  facet normal 0 0 -1
    outer loop
      vertex -15.261 18.8458 3.59999
      vertex -12.3661 15.2709 3.59999
      vertex -13.1484 14.6028 3.59999
    endloop
  endfacet
  facet normal 0 0 -1
    outer loop
      vertex -10.7022 16.4799 3.59999
      vertex -13.2075 20.3378 3.59999
      vertex -12.125 21.0011 3.59999
    endloop
  endfacet
  facet normal 0 0 -1
    outer loop
      vertex -16.2264 18.0213 3.59999
      vertex -13.1484 14.6028 3.59999
      vertex -13.8946 13.8946 3.59999
    endloop
  endfacet
  facet normal 0 0 -1
    outer loop
      vertex -11.55 15.8972 3.59999
      vertex -14.2538 19.6187 3.59999
      vertex -13.2075 20.3378 3.59999
    endloop
  endfacet
  facet normal 0 0 -1
    outer loop
      vertex -17.1473 17.1473 3.59999
      vertex -13.8946 13.8946 3.59999
      vertex -14.6028 13.1484 3.59999
    endloop
  endfacet
  facet normal 0 0 -1
    outer loop
      vertex -12.3661 15.2709 3.59999
      vertex -15.261 18.8458 3.59999
      vertex -14.2538 19.6187 3.59999
    endloop
  endfacet
  facet normal 0 0 -1
    outer loop
      vertex -18.0213 16.2264 3.59999
      vertex -14.6028 13.1484 3.59999
      vertex -15.2709 12.3661 3.59999
    endloop
  endfacet
  facet normal 0 0 -1
    outer loop
      vertex -18.8458 15.261 3.59999
      vertex -15.2709 12.3661 3.59999
      vertex -15.8972 11.55 3.59999
    endloop
  endfacet
  facet normal 0 0 -1
    outer loop
      vertex -13.1484 14.6028 3.59999
      vertex -16.2264 18.0213 3.59999
      vertex -15.261 18.8458 3.59999
    endloop
  endfacet
  facet normal 0 0 -1
    outer loop
      vertex -19.6187 14.2538 3.59999
      vertex -15.8972 11.55 3.59999
      vertex -16.4799 10.7022 3.59999
    endloop
  endfacet
  facet normal 0 0 -1
    outer loop
      vertex -20.3378 13.2075 3.59999
      vertex -16.4799 10.7022 3.59999
      vertex -17.0174 9.825 3.59999
    endloop
  endfacet
  facet normal 0 0 -1
    outer loop
      vertex -13.8946 13.8946 3.59999
      vertex -17.1473 17.1473 3.59999
      vertex -16.2264 18.0213 3.59999
    endloop
  endfacet
  facet normal 0 0 -1
    outer loop
      vertex -21.0011 12.125 3.59999
      vertex -17.0174 9.825 3.59999
      vertex -17.5083 8.92091 3.59999
    endloop
  endfacet
  facet normal 0 0 -1
    outer loop
      vertex -21.6069 11.0093 3.59999
      vertex -17.5083 8.92091 3.59999
      vertex -17.9512 7.99237 3.59999
    endloop
  endfacet
  facet normal 0 0 -1
    outer loop
      vertex -14.6028 13.1484 3.59999
      vertex -18.0213 16.2264 3.59999
      vertex -17.1473 17.1473 3.59999
    endloop
  endfacet
  facet normal 0 0 -1
    outer loop
      vertex -22.1535 9.86336 3.59999
      vertex -17.9512 7.99237 3.59999
      vertex -18.3449 7.04193 3.59999
    endloop
  endfacet
  facet normal 0 0 -1
    outer loop
      vertex -22.6393 8.69042 3.59999
      vertex -18.3449 7.04193 3.59999
      vertex -18.6883 6.07218 3.59999
    endloop
  endfacet
  facet normal 0 0 -1
    outer loop
      vertex -15.2709 12.3661 3.59999
      vertex -18.8458 15.261 3.59999
      vertex -18.0213 16.2264 3.59999
    endloop
  endfacet
  facet normal 0 0 -1
    outer loop
      vertex -23.0631 7.49366 3.59999
      vertex -18.6883 6.07218 3.59999
      vertex -18.9804 5.08579 3.59999
    endloop
  endfacet
  facet normal 0 0 -1
    outer loop
      vertex -23.4237 6.27636 3.59999
      vertex -18.9804 5.08579 3.59999
      vertex -19.2206 4.08546 3.59999
    endloop
  endfacet
  facet normal 0 0 -1
    outer loop
      vertex -23.7201 5.04186 3.59999
      vertex -19.2206 4.08546 3.59999
      vertex -19.4081 3.07394 3.59999
    endloop
  endfacet
  facet normal 0 0 -1
    outer loop
      vertex -23.9514 3.79354 3.59999
      vertex -19.4081 3.07394 3.59999
      vertex -19.5424 2.05398 3.59999
    endloop
  endfacet
  facet normal 0 0 -1
    outer loop
      vertex -15.8972 11.55 3.59999
      vertex -19.6187 14.2538 3.59999
      vertex -18.8458 15.261 3.59999
    endloop
  endfacet
  facet normal 0 0 -1
    outer loop
      vertex -24.1172 2.53481 3.59999
      vertex -19.5424 2.05398 3.59999
      vertex -19.6231 1.0284 3.59999
    endloop
  endfacet
  facet normal 0 0 -1
    outer loop
      vertex -24.2168 1.26915 3.59999
      vertex -19.6231 1.0284 3.59999
      vertex -19.65 0 3.59999
    endloop
  endfacet
  facet normal 0 0 -1
    outer loop
      vertex -23.4237 -6.27636 3.59999
      vertex -18.9804 -5.08579 3.59999
      vertex -23.0631 -7.49366 3.59999
    endloop
  endfacet
  facet normal 0 0 -1
    outer loop
      vertex -16.4799 10.7022 3.59999
      vertex -20.3378 13.2075 3.59999
      vertex -19.6187 14.2538 3.59999
    endloop
  endfacet
  facet normal -0 0 -1
    outer loop
      vertex -18.9804 -5.08579 3.59999
      vertex -23.4237 -6.27636 3.59999
      vertex -19.2206 -4.08546 3.59999
    endloop
  endfacet
  facet normal 0 0 -1
    outer loop
      vertex -17.0174 9.825 3.59999
      vertex -21.0011 12.125 3.59999
      vertex -20.3378 13.2075 3.59999
    endloop
  endfacet
  facet normal 0 0 -1
    outer loop
      vertex -23.7201 -5.04186 3.59999
      vertex -19.2206 -4.08546 3.59999
      vertex -23.4237 -6.27636 3.59999
    endloop
  endfacet
  facet normal 0 0 -1
    outer loop
      vertex -17.5083 8.92091 3.59999
      vertex -21.6069 11.0093 3.59999
      vertex -21.0011 12.125 3.59999
    endloop
  endfacet
  facet normal -0 0 -1
    outer loop
      vertex -19.2206 -4.08546 3.59999
      vertex -23.7201 -5.04186 3.59999
      vertex -19.4081 -3.07394 3.59999
    endloop
  endfacet
  facet normal 0 0 -1
    outer loop
      vertex -17.9512 7.99237 3.59999
      vertex -22.1535 9.86336 3.59999
      vertex -21.6069 11.0093 3.59999
    endloop
  endfacet
  facet normal 0 0 -1
    outer loop
      vertex -23.9514 -3.79354 3.59999
      vertex -19.4081 -3.07394 3.59999
      vertex -23.7201 -5.04186 3.59999
    endloop
  endfacet
  facet normal 0 0 -1
    outer loop
      vertex -18.3449 7.04193 3.59999
      vertex -22.6393 8.69042 3.59999
      vertex -22.1535 9.86336 3.59999
    endloop
  endfacet
  facet normal -0 0 -1
    outer loop
      vertex -19.4081 -3.07394 3.59999
      vertex -23.9514 -3.79354 3.59999
      vertex -19.5424 -2.05398 3.59999
    endloop
  endfacet
  facet normal 0 0 -1
    outer loop
      vertex -18.6883 6.07218 3.59999
      vertex -23.0631 7.49366 3.59999
      vertex -22.6393 8.69042 3.59999
    endloop
  endfacet
  facet normal 0 0 -1
    outer loop
      vertex -24.1172 -2.53481 3.59999
      vertex -19.5424 -2.05398 3.59999
      vertex -23.9514 -3.79354 3.59999
    endloop
  endfacet
  facet normal 0 0 -1
    outer loop
      vertex -18.9804 5.08579 3.59999
      vertex -23.4237 6.27636 3.59999
      vertex -23.0631 7.49366 3.59999
    endloop
  endfacet
  facet normal -0 0 -1
    outer loop
      vertex -19.5424 -2.05398 3.59999
      vertex -24.1172 -2.53481 3.59999
      vertex -19.6231 -1.0284 3.59999
    endloop
  endfacet
  facet normal 0 0 -1
    outer loop
      vertex -19.2206 4.08546 3.59999
      vertex -23.7201 5.04186 3.59999
      vertex -23.4237 6.27636 3.59999
    endloop
  endfacet
  facet normal 0 0 -1
    outer loop
      vertex -24.2168 -1.26915 3.59999
      vertex -19.6231 -1.0284 3.59999
      vertex -24.1172 -2.53481 3.59999
    endloop
  endfacet
  facet normal 0 0 -1
    outer loop
      vertex -19.4081 3.07394 3.59999
      vertex -23.9514 3.79354 3.59999
      vertex -23.7201 5.04186 3.59999
    endloop
  endfacet
  facet normal -0 0 -1
    outer loop
      vertex -19.6231 -1.0284 3.59999
      vertex -24.2168 -1.26915 3.59999
      vertex -19.65 0 3.59999
    endloop
  endfacet
  facet normal 0 0 -1
    outer loop
      vertex -19.5424 2.05398 3.59999
      vertex -24.1172 2.53481 3.59999
      vertex -23.9514 3.79354 3.59999
    endloop
  endfacet
  facet normal 0 0 -1
    outer loop
      vertex -24.25 0 3.59999
      vertex -19.65 0 3.59999
      vertex -24.2168 -1.26915 3.59999
    endloop
  endfacet
  facet normal 0 0 -1
    outer loop
      vertex -19.6231 1.0284 3.59999
      vertex -24.2168 1.26915 3.59999
      vertex -24.1172 2.53481 3.59999
    endloop
  endfacet
  facet normal 0 0 -1
    outer loop
      vertex -19.65 0 3.59999
      vertex -24.25 0 3.59999
      vertex -24.2168 1.26915 3.59999
    endloop
  endfacet
  facet normal -0.0784516 0.996918 0
    outer loop
      vertex -1.26915 24.2168 3.59999
      vertex -2.53481 24.1172 12.6
      vertex -1.26915 24.2168 12.6
    endloop
  endfacet
  facet normal -0.0784516 0.996918 0
    outer loop
      vertex -2.53481 24.1172 12.6
      vertex -1.26915 24.2168 3.59999
      vertex -2.53481 24.1172 3.59999
    endloop
  endfacet
  facet normal -0.996918 -0.0784516 0
    outer loop
      vertex -24.1172 -2.53481 3.59999
      vertex -24.2168 -1.26915 12.6
      vertex -24.2168 -1.26915 3.59999
    endloop
  endfacet
  facet normal -0.996918 -0.0784516 0
    outer loop
      vertex -24.2168 -1.26915 12.6
      vertex -24.1172 -2.53481 3.59999
      vertex -24.1172 -2.53481 12.6
    endloop
  endfacet
  facet normal -0.958841 -0.283942 0
    outer loop
      vertex 18.9804 5.08579 3.59999
      vertex 18.6883 6.07218 14.5
      vertex 18.6883 6.07218 3.59999
    endloop
  endfacet
  facet normal -0.958841 -0.283942 0
    outer loop
      vertex 18.6883 6.07218 14.5
      vertex 18.9804 5.08579 3.59999
      vertex 18.9804 5.08579 14.5
    endloop
  endfacet
  facet normal -0.996918 -0.0784447 0
    outer loop
      vertex 19.6231 1.0284 3.59999
      vertex 19.5424 2.05398 14.5
      vertex 19.5424 2.05398 3.59999
    endloop
  endfacet
  facet normal -0.996918 -0.0784447 0
    outer loop
      vertex 19.5424 2.05398 14.5
      vertex 19.6231 1.0284 3.59999
      vertex 19.6231 1.0284 14.5
    endloop
  endfacet
  facet normal -0.999658 -0.0261482 0
    outer loop
      vertex 19.65 0 3.59999
      vertex 19.6231 1.0284 14.5
      vertex 19.6231 1.0284 3.59999
    endloop
  endfacet
  facet normal -0.999658 -0.0261482 0
    outer loop
      vertex 19.6231 1.0284 14.5
      vertex 19.65 0 3.59999
      vertex 19.65 0 14.5
    endloop
  endfacet
  facet normal -0.725334 -0.688397 0
    outer loop
      vertex 14.6028 13.1484 3.59999
      vertex 13.8946 13.8946 14.5
      vertex 13.8946 13.8946 3.59999
    endloop
  endfacet
  facet normal -0.725334 -0.688397 0
    outer loop
      vertex 13.8946 13.8946 14.5
      vertex 14.6028 13.1484 3.59999
      vertex 14.6028 13.1484 14.5
    endloop
  endfacet
  facet normal 0.942242 0.334934 0
    outer loop
      vertex -18.6883 -6.07218 14.5
      vertex -18.6656 -6.13604 9.30211
      vertex -18.6883 -6.07218 9.27812
    endloop
  endfacet
  facet normal 0.942979 0.332853 2.879e-05
    outer loop
      vertex -18.6883 -6.07218 14.5
      vertex -18.6372 -6.2165 9.32739
      vertex -18.6656 -6.13604 9.30211
    endloop
  endfacet
  facet normal 0.941003 0.338397 -0.000145415
    outer loop
      vertex -18.6883 -6.07218 14.5
      vertex -18.6321 -6.23068 9.33185
      vertex -18.6372 -6.2165 9.32739
    endloop
  endfacet
  facet normal 0.942605 0.333911 9.57099e-06
    outer loop
      vertex -18.6883 -6.07218 14.5
      vertex -18.5981 -6.32666 9.35629
      vertex -18.6321 -6.23068 9.33185
    endloop
  endfacet
  facet normal 0.942844 0.333235 4.72231e-05
    outer loop
      vertex -18.6883 -6.07218 14.5
      vertex -18.5638 -6.42371 9.37538
      vertex -18.5981 -6.32666 9.35629
    endloop
  endfacet
  facet normal 0.942514 0.334167 -2.47119e-05
    outer loop
      vertex -18.6883 -6.07218 14.5
      vertex -18.5291 -6.52158 9.38904
      vertex -18.5638 -6.42371 9.37538
    endloop
  endfacet
  facet normal 0.942644 0.3338 1.15826e-05
    outer loop
      vertex -18.6883 -6.07218 14.5
      vertex -18.4995 -6.60517 9.39602
      vertex -18.5291 -6.52158 9.38904
    endloop
  endfacet
  facet normal 0.943522 0.331309 0.000304151
    outer loop
      vertex -18.6883 -6.07218 14.5
      vertex -18.4943 -6.61998 9.39726
      vertex -18.4995 -6.60517 9.39602
    endloop
  endfacet
  facet normal 0.941816 0.336129 -0.000278083
    outer loop
      vertex -18.6883 -6.07218 14.5
      vertex -18.489 -6.63483 9.39767
      vertex -18.4943 -6.61998 9.39726
    endloop
  endfacet
  facet normal 0.942643 0.333801 1.08905e-05
    outer loop
      vertex -18.3449 -7.04193 14.5
      vertex -18.489 -6.63483 9.39767
      vertex -18.6883 -6.07218 14.5
    endloop
  endfacet
  facet normal 0.942578 0.333985 2.74074e-05
    outer loop
      vertex -18.489 -6.63483 9.39767
      vertex -18.3449 -7.04193 14.5
      vertex -18.4593 -6.71865 9.4
    endloop
  endfacet
  facet normal 0.942764 0.33346 -1.00541e-05
    outer loop
      vertex -18.4593 -6.71865 9.4
      vertex -18.3449 -7.04193 14.5
      vertex -18.4244 -6.81732 9.39726
    endloop
  endfacet
  facet normal 0.942477 0.33427 3.0089e-05
    outer loop
      vertex -18.4244 -6.81732 9.39726
      vertex -18.3449 -7.04193 14.5
      vertex -18.3895 -6.91572 9.38904
    endloop
  endfacet
  facet normal 0.943248 0.332089 -3.05081e-05
    outer loop
      vertex -18.3895 -6.91572 9.38904
      vertex -18.3449 -7.04193 14.5
      vertex -18.3843 -6.93049 9.38698
    endloop
  endfacet
  facet normal 0.942726 0.333567 5.7298e-06
    outer loop
      vertex -18.3843 -6.93049 9.38698
      vertex -18.3449 -7.04193 14.5
      vertex -18.3549 -7.01358 9.37538
    endloop
  endfacet
  facet normal 0.943052 0.332646 0
    outer loop
      vertex -18.3549 -7.01358 9.37538
      vertex -18.3449 -7.04193 14.5
      vertex -18.3449 -7.04193 9.3698
    endloop
  endfacet
  facet normal 0.942242 0.334934 0
    outer loop
      vertex -18.6656 -6.13604 5.49789
      vertex -18.6883 -6.07218 3.59999
      vertex -18.6883 -6.07218 5.52187
    endloop
  endfacet
  facet normal 0.942974 0.332867 -7.83248e-05
    outer loop
      vertex -18.6372 -6.2165 5.47261
      vertex -18.6883 -6.07218 3.59999
      vertex -18.6656 -6.13604 5.49789
    endloop
  endfacet
  facet normal 0.941028 0.338327 0.000395615
    outer loop
      vertex -18.6321 -6.23068 5.46815
      vertex -18.6883 -6.07218 3.59999
      vertex -18.6372 -6.2165 5.47261
    endloop
  endfacet
  facet normal 0.942603 0.333915 -2.61198e-05
    outer loop
      vertex -18.5981 -6.32666 5.4437
      vertex -18.6883 -6.07218 3.59999
      vertex -18.6321 -6.23068 5.46815
    endloop
  endfacet
  facet normal 0.942839 0.333249 -0.000129513
    outer loop
      vertex -18.5638 -6.42371 5.42462
      vertex -18.6883 -6.07218 3.59999
      vertex -18.5981 -6.32666 5.4437
    endloop
  endfacet
  facet normal 0.942516 0.334161 6.82351e-05
    outer loop
      vertex -18.5291 -6.52158 5.41096
      vertex -18.6883 -6.07218 3.59999
      vertex -18.5638 -6.42371 5.42462
    endloop
  endfacet
  facet normal 0.942643 0.333802 -3.22601e-05
    outer loop
      vertex -18.4995 -6.60517 5.40398
      vertex -18.6883 -6.07218 3.59999
      vertex -18.5291 -6.52158 5.41096
    endloop
  endfacet
  facet normal 0.943508 0.33135 -0.000847082
    outer loop
      vertex -18.4943 -6.61998 5.40274
      vertex -18.6883 -6.07218 3.59999
      vertex -18.4995 -6.60517 5.40398
    endloop
  endfacet
  facet normal 0.941808 0.336151 -0.000628336
    outer loop
      vertex -18.3449 -7.04193 3.59999
      vertex -18.4943 -6.61998 5.40274
      vertex -18.489 -6.63483 5.40233
    endloop
  endfacet
  facet normal 0.942578 0.333986 -7.79058e-05
    outer loop
      vertex -18.3449 -7.04193 3.59999
      vertex -18.489 -6.63483 5.40233
      vertex -18.4593 -6.71865 5.4
    endloop
  endfacet
  facet normal 0.942764 0.33346 2.8395e-05
    outer loop
      vertex -18.3449 -7.04193 3.59999
      vertex -18.4593 -6.71865 5.4
      vertex -18.4244 -6.81732 5.40274
    endloop
  endfacet
  facet normal 0.942479 0.334266 -8.46005e-05
    outer loop
      vertex -18.3449 -7.04193 3.59999
      vertex -18.4244 -6.81732 5.40274
      vertex -18.3895 -6.91572 5.41096
    endloop
  endfacet
  facet normal 0.943246 0.332096 8.55654e-05
    outer loop
      vertex -18.3449 -7.04193 3.59999
      vertex -18.3895 -6.91572 5.41096
      vertex -18.3843 -6.93049 5.41302
    endloop
  endfacet
  facet normal 0.942727 0.333566 -1.60702e-05
    outer loop
      vertex -18.3449 -7.04193 3.59999
      vertex -18.3843 -6.93049 5.41302
      vertex -18.3549 -7.01358 5.42462
    endloop
  endfacet
  facet normal 0.943052 0.332646 -0
    outer loop
      vertex -18.3449 -7.04193 3.59999
      vertex -18.3549 -7.01358 5.42462
      vertex -18.3449 -7.04193 5.4302
    endloop
  endfacet
  facet normal 0.942643 0.333801 -9.15566e-06
    outer loop
      vertex -18.4943 -6.61998 5.40274
      vertex -18.3449 -7.04193 3.59999
      vertex -18.6883 -6.07218 3.59999
    endloop
  endfacet
  facet normal 0.333801 -0.942643 0
    outer loop
      vertex -7.04193 18.3449 3.59999
      vertex -6.07218 18.6883 14.5
      vertex -7.04193 18.3449 14.5
    endloop
  endfacet
  facet normal 0.333801 -0.942643 0
    outer loop
      vertex -6.07218 18.6883 14.5
      vertex -7.04193 18.3449 3.59999
      vertex -6.07218 18.6883 3.59999
    endloop
  endfacet
  facet normal -0.477173 -0.878809 0
    outer loop
      vertex 8.92091 17.5083 3.59999
      vertex 9.825 17.0174 14.5
      vertex 8.92091 17.5083 14.5
    endloop
  endfacet
  facet normal -0.477173 -0.878809 -0
    outer loop
      vertex 9.825 17.0174 14.5
      vertex 8.92091 17.5083 3.59999
      vertex 9.825 17.0174 3.59999
    endloop
  endfacet
  facet normal -0.878809 0.477173 0
    outer loop
      vertex 17.0174 -9.825 3.59999
      vertex 17.5083 -8.92091 14.5
      vertex 17.5083 -8.92091 3.59999
    endloop
  endfacet
  facet normal -0.878809 0.477173 0
    outer loop
      vertex 17.5083 -8.92091 14.5
      vertex 17.0174 -9.825 3.59999
      vertex 17.0174 -9.825 14.5
    endloop
  endfacet
  facet normal -0.430518 -0.902582 0
    outer loop
      vertex 7.99237 17.9512 3.59999
      vertex 8.92091 17.5083 14.5
      vertex 7.99237 17.9512 14.5
    endloop
  endfacet
  facet normal -0.430518 -0.902582 -0
    outer loop
      vertex 8.92091 17.5083 14.5
      vertex 7.99237 17.9512 3.59999
      vertex 8.92091 17.5083 3.59999
    endloop
  endfacet
  facet normal -0.824116 0.566422 0
    outer loop
      vertex 15.8972 -11.55 3.59999
      vertex 16.4799 -10.7022 14.5
      vertex 16.4799 -10.7022 3.59999
    endloop
  endfacet
  facet normal -0.824116 0.566422 0
    outer loop
      vertex 16.4799 -10.7022 14.5
      vertex 15.8972 -11.55 3.59999
      vertex 15.8972 -11.55 14.5
    endloop
  endfacet
  facet normal -0.688397 0.725334 0
    outer loop
      vertex 13.8946 -13.8946 3.59999
      vertex 13.1484 -14.6028 14.5
      vertex 13.8946 -13.8946 14.5
    endloop
  endfacet
  facet normal -0.688397 0.725334 0
    outer loop
      vertex 13.1484 -14.6028 14.5
      vertex 13.8946 -13.8946 3.59999
      vertex 13.1484 -14.6028 3.59999
    endloop
  endfacet
  facet normal 0.130545 -0.991442 0
    outer loop
      vertex -3.07394 19.4081 3.59999
      vertex -2.05398 19.5424 14.5
      vertex -3.07394 19.4081 14.5
    endloop
  endfacet
  facet normal 0.130545 -0.991442 0
    outer loop
      vertex -2.05398 19.5424 14.5
      vertex -3.07394 19.4081 3.59999
      vertex -2.05398 19.5424 3.59999
    endloop
  endfacet
  facet normal -0.958841 0.283942 0
    outer loop
      vertex 18.6883 -6.07218 3.59999
      vertex 18.9804 -5.08579 14.5
      vertex 18.9804 -5.08579 3.59999
    endloop
  endfacet
  facet normal -0.958841 0.283942 0
    outer loop
      vertex 18.9804 -5.08579 14.5
      vertex 18.6883 -6.07218 3.59999
      vertex 18.6883 -6.07218 14.5
    endloop
  endfacet
  facet normal 0.996918 -0.0784447 0
    outer loop
      vertex -19.6231 1.0284 14.5
      vertex -19.5424 2.05398 3.59999
      vertex -19.5424 2.05398 14.5
    endloop
  endfacet
  facet normal 0.996918 -0.0784447 0
    outer loop
      vertex -19.5424 2.05398 3.59999
      vertex -19.6231 1.0284 14.5
      vertex -19.6231 1.0284 3.59999
    endloop
  endfacet
  facet normal 0.999658 0.0261482 0
    outer loop
      vertex -19.6231 -1.0284 14.5
      vertex -19.65 0 3.59999
      vertex -19.65 0 14.5
    endloop
  endfacet
  facet normal 0.999658 0.0261482 0
    outer loop
      vertex -19.65 0 3.59999
      vertex -19.6231 -1.0284 14.5
      vertex -19.6231 -1.0284 3.59999
    endloop
  endfacet
  facet normal -0.760429 0.649421 0
    outer loop
      vertex 14.6028 -13.1484 3.59999
      vertex 15.2709 -12.3661 14.5
      vertex 15.2709 -12.3661 3.59999
    endloop
  endfacet
  facet normal -0.760429 0.649421 0
    outer loop
      vertex 15.2709 -12.3661 14.5
      vertex 14.6028 -13.1484 3.59999
      vertex 14.6028 -13.1484 14.5
    endloop
  endfacet
  facet normal -0.878809 -0.477173 0
    outer loop
      vertex 17.5083 8.92091 3.59999
      vertex 17.0174 9.825 14.5
      vertex 17.0174 9.825 3.59999
    endloop
  endfacet
  facet normal -0.878809 -0.477173 0
    outer loop
      vertex 17.0174 9.825 14.5
      vertex 17.5083 8.92091 3.59999
      vertex 17.5083 8.92091 14.5
    endloop
  endfacet
  facet normal -0.999658 0.0261482 0
    outer loop
      vertex 19.6231 -1.0284 3.59999
      vertex 19.65 0 14.5
      vertex 19.65 0 3.59999
    endloop
  endfacet
  facet normal -0.999658 0.0261482 0
    outer loop
      vertex 19.65 0 14.5
      vertex 19.6231 -1.0284 3.59999
      vertex 19.6231 -1.0284 14.5
    endloop
  endfacet
  facet normal 0.18226 0.98325 -0
    outer loop
      vertex -3.07394 -19.4081 11.15
      vertex -4.08546 -19.2206 14.5
      vertex -3.07394 -19.4081 14.5
    endloop
  endfacet
  facet normal 0.18226 0.98325 0
    outer loop
      vertex -4.08546 -19.2206 14.5
      vertex -3.07394 -19.4081 11.15
      vertex -4.08546 -19.2206 11.15
    endloop
  endfacet
  facet normal -0.98325 0.18226 0
    outer loop
      vertex 19.2206 -4.08546 3.59999
      vertex 19.4081 -3.07394 14.5
      vertex 19.4081 -3.07394 3.59999
    endloop
  endfacet
  facet normal -0.98325 0.18226 0
    outer loop
      vertex 19.4081 -3.07394 14.5
      vertex 19.2206 -4.08546 3.59999
      vertex 19.2206 -4.08546 14.5
    endloop
  endfacet
  facet normal -0.0261482 -0.999658 0
    outer loop
      vertex 0 19.65 3.59999
      vertex 1.0284 19.6231 14.5
      vertex 0 19.65 14.5
    endloop
  endfacet
  facet normal -0.0261482 -0.999658 -0
    outer loop
      vertex 1.0284 19.6231 14.5
      vertex 0 19.65 3.59999
      vertex 1.0284 19.6231 3.59999
    endloop
  endfacet
  facet normal -0.923874 -0.382696 0
    outer loop
      vertex 18.3449 7.04193 3.59999
      vertex 17.9512 7.99237 14.5
      vertex 17.9512 7.99237 3.59999
    endloop
  endfacet
  facet normal -0.923874 -0.382696 0
    outer loop
      vertex 17.9512 7.99237 14.5
      vertex 18.3449 7.04193 3.59999
      vertex 18.3449 7.04193 14.5
    endloop
  endfacet
  facet normal -0.0261482 0.999658 0
    outer loop
      vertex 1.0284 -19.6231 11.15
      vertex 0 -19.65 14.5
      vertex 1.0284 -19.6231 14.5
    endloop
  endfacet
  facet normal -0.0261482 0.999658 0
    outer loop
      vertex 0 -19.65 14.5
      vertex 1.0284 -19.6231 11.15
      vertex 0 -19.65 11.15
    endloop
  endfacet
  facet normal 0.0784447 -0.996918 0
    outer loop
      vertex -2.05398 19.5424 3.59999
      vertex -1.0284 19.6231 14.5
      vertex -2.05398 19.5424 14.5
    endloop
  endfacet
  facet normal 0.0784447 -0.996918 0
    outer loop
      vertex -1.0284 19.6231 14.5
      vertex -2.05398 19.5424 3.59999
      vertex -1.0284 19.6231 3.59999
    endloop
  endfacet
  facet normal 0.566422 -0.824116 0
    outer loop
      vertex -11.55 15.8972 3.59999
      vertex -10.7022 16.4799 14.5
      vertex -11.55 15.8972 14.5
    endloop
  endfacet
  facet normal 0.566422 -0.824116 0
    outer loop
      vertex -10.7022 16.4799 14.5
      vertex -11.55 15.8972 3.59999
      vertex -10.7022 16.4799 3.59999
    endloop
  endfacet
  facet normal -0.382696 -0.923874 0
    outer loop
      vertex 7.04193 18.3449 3.59999
      vertex 7.99237 17.9512 14.5
      vertex 7.04193 18.3449 14.5
    endloop
  endfacet
  facet normal -0.382696 -0.923874 -0
    outer loop
      vertex 7.99237 17.9512 14.5
      vertex 7.04193 18.3449 3.59999
      vertex 7.99237 17.9512 3.59999
    endloop
  endfacet
  facet normal -0.566422 -0.824116 0
    outer loop
      vertex 10.7022 16.4799 3.59999
      vertex 11.55 15.8972 14.5
      vertex 10.7022 16.4799 14.5
    endloop
  endfacet
  facet normal -0.566422 -0.824116 -0
    outer loop
      vertex 11.55 15.8972 14.5
      vertex 10.7022 16.4799 3.59999
      vertex 11.55 15.8972 3.59999
    endloop
  endfacet
  facet normal 0.333801 0.942643 -0
    outer loop
      vertex -6.07218 -18.6883 10.3853
      vertex -7.04193 -18.3449 14.5
      vertex -6.07218 -18.6883 14.5
    endloop
  endfacet
  facet normal 0.334695 0.942326 0.000237098
    outer loop
      vertex -6.11803 -18.672 10.3256
      vertex -7.04193 -18.3449 14.5
      vertex -6.07218 -18.6883 10.3853
    endloop
  endfacet
  facet normal 0.333762 0.942657 4.60506e-06
    outer loop
      vertex -6.17734 -18.651 10.2393
      vertex -7.04193 -18.3449 14.5
      vertex -6.11803 -18.672 10.3256
    endloop
  endfacet
  facet normal 0.328676 0.944442 -0.00115563
    outer loop
      vertex -6.18023 -18.65 10.2346
      vertex -7.04193 -18.3449 14.5
      vertex -6.17734 -18.651 10.2393
    endloop
  endfacet
  facet normal 0.333764 0.942657 0
    outer loop
      vertex -7.04193 -18.3449 3.59999
      vertex -6.18023 -18.65 10.2346
      vertex -6.18023 -18.65 3.59999
    endloop
  endfacet
  facet normal 0.333764 0.942657 0
    outer loop
      vertex -6.18023 -18.65 10.2346
      vertex -7.04193 -18.3449 3.59999
      vertex -7.04193 -18.3449 14.5
    endloop
  endfacet
  facet normal -0.972361 -0.233484 0
    outer loop
      vertex 19.2206 4.08546 3.59999
      vertex 18.9804 5.08579 14.5
      vertex 18.9804 5.08579 3.59999
    endloop
  endfacet
  facet normal -0.972361 -0.233484 0
    outer loop
      vertex 18.9804 5.08579 14.5
      vertex 19.2206 4.08546 3.59999
      vertex 19.2206 4.08546 14.5
    endloop
  endfacet
  facet normal -0.333801 -0.942643 0
    outer loop
      vertex 6.07218 18.6883 3.59999
      vertex 7.04193 18.3449 14.5
      vertex 6.07218 18.6883 14.5
    endloop
  endfacet
  facet normal -0.333801 -0.942643 -0
    outer loop
      vertex 7.04193 18.3449 14.5
      vertex 6.07218 18.6883 3.59999
      vertex 7.04193 18.3449 3.59999
    endloop
  endfacet
  facet normal 0.852661 0.522464 0
    outer loop
      vertex -16.4799 -10.7022 14.5
      vertex -17.0174 -9.825 3.59999
      vertex -17.0174 -9.825 14.5
    endloop
  endfacet
  facet normal 0.852661 0.522464 0
    outer loop
      vertex -17.0174 -9.825 3.59999
      vertex -16.4799 -10.7022 14.5
      vertex -16.4799 -10.7022 3.59999
    endloop
  endfacet
  facet normal 0.878809 -0.477173 0
    outer loop
      vertex -17.5083 8.92091 14.5
      vertex -17.0174 9.825 3.59999
      vertex -17.0174 9.825 14.5
    endloop
  endfacet
  facet normal 0.878809 -0.477173 0
    outer loop
      vertex -17.0174 9.825 3.59999
      vertex -17.5083 8.92091 14.5
      vertex -17.5083 8.92091 3.59999
    endloop
  endfacet
  facet normal -0.522464 -0.852661 0
    outer loop
      vertex 9.825 17.0174 3.59999
      vertex 10.7022 16.4799 14.5
      vertex 9.825 17.0174 14.5
    endloop
  endfacet
  facet normal -0.522464 -0.852661 -0
    outer loop
      vertex 10.7022 16.4799 14.5
      vertex 9.825 17.0174 3.59999
      vertex 10.7022 16.4799 3.59999
    endloop
  endfacet
  facet normal -0.824116 -0.566422 0
    outer loop
      vertex 16.4799 10.7022 3.59999
      vertex 15.8972 11.55 14.5
      vertex 15.8972 11.55 3.59999
    endloop
  endfacet
  facet normal -0.824116 -0.566422 0
    outer loop
      vertex 15.8972 11.55 14.5
      vertex 16.4799 10.7022 3.59999
      vertex 16.4799 10.7022 14.5
    endloop
  endfacet
  facet normal 0.130545 0.991442 -0
    outer loop
      vertex -2.05398 -19.5424 11.15
      vertex -3.07394 -19.4081 14.5
      vertex -2.05398 -19.5424 14.5
    endloop
  endfacet
  facet normal 0.130545 0.991442 0
    outer loop
      vertex -3.07394 -19.4081 14.5
      vertex -2.05398 -19.5424 11.15
      vertex -3.07394 -19.4081 11.15
    endloop
  endfacet
  facet normal 0.430518 -0.902582 0
    outer loop
      vertex -8.92091 17.5083 3.59999
      vertex -7.99237 17.9512 14.5
      vertex -8.92091 17.5083 14.5
    endloop
  endfacet
  facet normal 0.430518 -0.902582 0
    outer loop
      vertex -7.99237 17.9512 14.5
      vertex -8.92091 17.5083 3.59999
      vertex -7.99237 17.9512 3.59999
    endloop
  endfacet
  facet normal 0.958841 -0.283942 0
    outer loop
      vertex -18.9804 5.08579 14.5
      vertex -18.6883 6.07218 3.59999
      vertex -18.6883 6.07218 14.5
    endloop
  endfacet
  facet normal 0.958841 -0.283942 0
    outer loop
      vertex -18.6883 6.07218 3.59999
      vertex -18.9804 5.08579 14.5
      vertex -18.9804 5.08579 3.59999
    endloop
  endfacet
  facet normal -0.991442 0.130545 0
    outer loop
      vertex 19.4081 -3.07394 3.59999
      vertex 19.5424 -2.05398 14.5
      vertex 19.5424 -2.05398 3.59999
    endloop
  endfacet
  facet normal -0.991442 0.130545 0
    outer loop
      vertex 19.5424 -2.05398 14.5
      vertex 19.4081 -3.07394 3.59999
      vertex 19.4081 -3.07394 14.5
    endloop
  endfacet
  facet normal -0.649421 -0.760429 0
    outer loop
      vertex 12.3661 15.2709 3.59999
      vertex 13.1484 14.6028 14.5
      vertex 12.3661 15.2709 14.5
    endloop
  endfacet
  facet normal -0.649421 -0.760429 -0
    outer loop
      vertex 13.1484 14.6028 14.5
      vertex 12.3661 15.2709 3.59999
      vertex 13.1484 14.6028 3.59999
    endloop
  endfacet
  facet normal 0.852661 -0.522464 0
    outer loop
      vertex -17.0174 9.825 14.5
      vertex -16.4799 10.7022 3.59999
      vertex -16.4799 10.7022 14.5
    endloop
  endfacet
  facet normal 0.852661 -0.522464 0
    outer loop
      vertex -16.4799 10.7022 3.59999
      vertex -17.0174 9.825 14.5
      vertex -17.0174 9.825 3.59999
    endloop
  endfacet
  facet normal 0.382696 0.923874 -0
    outer loop
      vertex -7.04193 -18.3449 3.59999
      vertex -7.99237 -17.9512 14.5
      vertex -7.04193 -18.3449 14.5
    endloop
  endfacet
  facet normal 0.382696 0.923874 0
    outer loop
      vertex -7.99237 -17.9512 14.5
      vertex -7.04193 -18.3449 3.59999
      vertex -7.99237 -17.9512 3.59999
    endloop
  endfacet
  facet normal 0.608813 0.793314 -0
    outer loop
      vertex -11.55 -15.8972 3.59999
      vertex -12.3661 -15.2709 14.5
      vertex -11.55 -15.8972 14.5
    endloop
  endfacet
  facet normal 0.608813 0.793314 0
    outer loop
      vertex -12.3661 -15.2709 14.5
      vertex -11.55 -15.8972 3.59999
      vertex -12.3661 -15.2709 3.59999
    endloop
  endfacet
  facet normal -0.972361 0.233484 0
    outer loop
      vertex 18.9804 -5.08579 3.59999
      vertex 19.2206 -4.08546 14.5
      vertex 19.2206 -4.08546 3.59999
    endloop
  endfacet
  facet normal -0.972361 0.233484 0
    outer loop
      vertex 19.2206 -4.08546 14.5
      vertex 18.9804 -5.08579 3.59999
      vertex 18.9804 -5.08579 14.5
    endloop
  endfacet
  facet normal 0.942643 -0.333801 0
    outer loop
      vertex -18.6883 6.07218 14.5
      vertex -18.3449 7.04193 3.59999
      vertex -18.3449 7.04193 14.5
    endloop
  endfacet
  facet normal 0.942643 -0.333801 0
    outer loop
      vertex -18.3449 7.04193 3.59999
      vertex -18.6883 6.07218 14.5
      vertex -18.6883 6.07218 3.59999
    endloop
  endfacet
  facet normal -0.333801 0.942643 0
    outer loop
      vertex 7.04193 -18.3449 14.5
      vertex 6.07218 -18.6883 10.3853
      vertex 6.07218 -18.6883 14.5
    endloop
  endfacet
  facet normal -0.334695 0.942326 0.000237098
    outer loop
      vertex 7.04193 -18.3449 14.5
      vertex 6.11803 -18.672 10.3256
      vertex 6.07218 -18.6883 10.3853
    endloop
  endfacet
  facet normal -0.333762 0.942657 4.60506e-06
    outer loop
      vertex 7.04193 -18.3449 14.5
      vertex 6.17734 -18.651 10.2393
      vertex 6.11803 -18.672 10.3256
    endloop
  endfacet
  facet normal -0.328676 0.944442 -0.00115563
    outer loop
      vertex 7.04193 -18.3449 14.5
      vertex 6.18023 -18.65 10.2346
      vertex 6.17734 -18.651 10.2393
    endloop
  endfacet
  facet normal -0.333764 0.942657 0
    outer loop
      vertex 7.04193 -18.3449 3.59999
      vertex 6.18023 -18.65 10.2346
      vertex 7.04193 -18.3449 14.5
    endloop
  endfacet
  facet normal -0.333764 0.942657 0
    outer loop
      vertex 6.18023 -18.65 10.2346
      vertex 7.04193 -18.3449 3.59999
      vertex 6.18023 -18.65 3.59999
    endloop
  endfacet
  facet normal 0.999658 -0.0261482 0
    outer loop
      vertex -19.65 0 14.5
      vertex -19.6231 1.0284 3.59999
      vertex -19.6231 1.0284 14.5
    endloop
  endfacet
  facet normal 0.999658 -0.0261482 0
    outer loop
      vertex -19.6231 1.0284 3.59999
      vertex -19.65 0 14.5
      vertex -19.65 0 3.59999
    endloop
  endfacet
  facet normal -0.0784447 0.996918 0
    outer loop
      vertex 2.05398 -19.5424 11.15
      vertex 1.0284 -19.6231 14.5
      vertex 2.05398 -19.5424 14.5
    endloop
  endfacet
  facet normal -0.0784447 0.996918 0
    outer loop
      vertex 1.0284 -19.6231 14.5
      vertex 2.05398 -19.5424 11.15
      vertex 1.0284 -19.6231 11.15
    endloop
  endfacet
  facet normal 0.649421 -0.760429 0
    outer loop
      vertex -13.1484 14.6028 3.59999
      vertex -12.3661 15.2709 14.5
      vertex -13.1484 14.6028 14.5
    endloop
  endfacet
  facet normal 0.649421 -0.760429 0
    outer loop
      vertex -12.3661 15.2709 14.5
      vertex -13.1484 14.6028 3.59999
      vertex -12.3661 15.2709 3.59999
    endloop
  endfacet
  facet normal -0.942643 -0.333801 0
    outer loop
      vertex 18.6883 6.07218 3.59999
      vertex 18.3449 7.04193 14.5
      vertex 18.3449 7.04193 3.59999
    endloop
  endfacet
  facet normal -0.942643 -0.333801 0
    outer loop
      vertex 18.3449 7.04193 14.5
      vertex 18.6883 6.07218 3.59999
      vertex 18.6883 6.07218 14.5
    endloop
  endfacet
  facet normal 0.725334 0.688397 0
    outer loop
      vertex -13.8946 -13.8946 14.5
      vertex -14.6028 -13.1484 3.59999
      vertex -14.6028 -13.1484 14.5
    endloop
  endfacet
  facet normal 0.725334 0.688397 0
    outer loop
      vertex -14.6028 -13.1484 3.59999
      vertex -13.8946 -13.8946 14.5
      vertex -13.8946 -13.8946 3.59999
    endloop
  endfacet
  facet normal -0.18226 -0.98325 0
    outer loop
      vertex 3.07394 19.4081 3.59999
      vertex 4.08546 19.2206 14.5
      vertex 3.07394 19.4081 14.5
    endloop
  endfacet
  facet normal -0.18226 -0.98325 -0
    outer loop
      vertex 4.08546 19.2206 14.5
      vertex 3.07394 19.4081 3.59999
      vertex 4.08546 19.2206 3.59999
    endloop
  endfacet
  facet normal -0.902582 0.430518 0
    outer loop
      vertex 17.5083 -8.92091 3.59999
      vertex 17.9512 -7.99237 14.5
      vertex 17.9512 -7.99237 3.59999
    endloop
  endfacet
  facet normal -0.902582 0.430518 0
    outer loop
      vertex 17.9512 -7.99237 14.5
      vertex 17.5083 -8.92091 3.59999
      vertex 17.5083 -8.92091 14.5
    endloop
  endfacet
  facet normal -0.760429 -0.649421 0
    outer loop
      vertex 15.2709 12.3661 3.59999
      vertex 14.6028 13.1484 14.5
      vertex 14.6028 13.1484 3.59999
    endloop
  endfacet
  facet normal -0.760429 -0.649421 0
    outer loop
      vertex 14.6028 13.1484 14.5
      vertex 15.2709 12.3661 3.59999
      vertex 15.2709 12.3661 14.5
    endloop
  endfacet
  facet normal 0.793314 -0.608813 0
    outer loop
      vertex -15.8972 11.55 14.5
      vertex -15.2709 12.3661 3.59999
      vertex -15.2709 12.3661 14.5
    endloop
  endfacet
  facet normal 0.793314 -0.608813 0
    outer loop
      vertex -15.2709 12.3661 3.59999
      vertex -15.8972 11.55 14.5
      vertex -15.8972 11.55 3.59999
    endloop
  endfacet
  facet normal -0.923874 0.382696 0
    outer loop
      vertex 17.9512 -7.99237 3.59999
      vertex 18.3449 -7.04193 14.5
      vertex 18.3449 -7.04193 3.59999
    endloop
  endfacet
  facet normal -0.923874 0.382696 0
    outer loop
      vertex 18.3449 -7.04193 14.5
      vertex 17.9512 -7.99237 3.59999
      vertex 17.9512 -7.99237 14.5
    endloop
  endfacet
  facet normal 0.824116 0.566422 0
    outer loop
      vertex -15.8972 -11.55 14.5
      vertex -16.4799 -10.7022 3.59999
      vertex -16.4799 -10.7022 14.5
    endloop
  endfacet
  facet normal 0.824116 0.566422 0
    outer loop
      vertex -16.4799 -10.7022 3.59999
      vertex -15.8972 -11.55 14.5
      vertex -15.8972 -11.55 3.59999
    endloop
  endfacet
  facet normal 0.688397 -0.725334 0
    outer loop
      vertex -13.8946 13.8946 3.59999
      vertex -13.1484 14.6028 14.5
      vertex -13.8946 13.8946 14.5
    endloop
  endfacet
  facet normal 0.688397 -0.725334 0
    outer loop
      vertex -13.1484 14.6028 14.5
      vertex -13.8946 13.8946 3.59999
      vertex -13.1484 14.6028 3.59999
    endloop
  endfacet
  facet normal -0.130545 0.991442 0
    outer loop
      vertex 3.07394 -19.4081 11.15
      vertex 2.05398 -19.5424 14.5
      vertex 3.07394 -19.4081 14.5
    endloop
  endfacet
  facet normal -0.130545 0.991442 0
    outer loop
      vertex 2.05398 -19.5424 14.5
      vertex 3.07394 -19.4081 11.15
      vertex 2.05398 -19.5424 11.15
    endloop
  endfacet
  facet normal -0.430518 0.902582 0
    outer loop
      vertex 8.92091 -17.5083 3.59999
      vertex 7.99237 -17.9512 14.5
      vertex 8.92091 -17.5083 14.5
    endloop
  endfacet
  facet normal -0.430518 0.902582 0
    outer loop
      vertex 7.99237 -17.9512 14.5
      vertex 8.92091 -17.5083 3.59999
      vertex 7.99237 -17.9512 3.59999
    endloop
  endfacet
  facet normal 0.725334 -0.688397 0
    outer loop
      vertex -14.6028 13.1484 14.5
      vertex -13.8946 13.8946 3.59999
      vertex -13.8946 13.8946 14.5
    endloop
  endfacet
  facet normal 0.725334 -0.688397 0
    outer loop
      vertex -13.8946 13.8946 3.59999
      vertex -14.6028 13.1484 14.5
      vertex -14.6028 13.1484 3.59999
    endloop
  endfacet
  facet normal -0.902582 -0.430518 0
    outer loop
      vertex 17.9512 7.99237 3.59999
      vertex 17.5083 8.92091 14.5
      vertex 17.5083 8.92091 3.59999
    endloop
  endfacet
  facet normal -0.902582 -0.430518 0
    outer loop
      vertex 17.5083 8.92091 14.5
      vertex 17.9512 7.99237 3.59999
      vertex 17.9512 7.99237 14.5
    endloop
  endfacet
  facet normal 0.996918 0.0784447 0
    outer loop
      vertex -19.5424 -2.05398 14.5
      vertex -19.6231 -1.0284 3.59999
      vertex -19.6231 -1.0284 14.5
    endloop
  endfacet
  facet normal 0.996918 0.0784447 0
    outer loop
      vertex -19.6231 -1.0284 3.59999
      vertex -19.5424 -2.05398 14.5
      vertex -19.5424 -2.05398 3.59999
    endloop
  endfacet
  facet normal -0.608813 0.793314 0
    outer loop
      vertex 12.3661 -15.2709 3.59999
      vertex 11.55 -15.8972 14.5
      vertex 12.3661 -15.2709 14.5
    endloop
  endfacet
  facet normal -0.608813 0.793314 0
    outer loop
      vertex 11.55 -15.8972 14.5
      vertex 12.3661 -15.2709 3.59999
      vertex 11.55 -15.8972 3.59999
    endloop
  endfacet
  facet normal -0.996918 0.0784447 0
    outer loop
      vertex 19.5424 -2.05398 3.59999
      vertex 19.6231 -1.0284 14.5
      vertex 19.6231 -1.0284 3.59999
    endloop
  endfacet
  facet normal -0.996918 0.0784447 0
    outer loop
      vertex 19.6231 -1.0284 14.5
      vertex 19.5424 -2.05398 3.59999
      vertex 19.5424 -2.05398 14.5
    endloop
  endfacet
  facet normal 0.991442 0.130545 0
    outer loop
      vertex -19.4081 -3.07394 14.5
      vertex -19.5424 -2.05398 3.59999
      vertex -19.5424 -2.05398 14.5
    endloop
  endfacet
  facet normal 0.991442 0.130545 0
    outer loop
      vertex -19.5424 -2.05398 3.59999
      vertex -19.4081 -3.07394 14.5
      vertex -19.4081 -3.07394 3.59999
    endloop
  endfacet
  facet normal 0.0261482 -0.999658 0
    outer loop
      vertex -1.0284 19.6231 3.59999
      vertex 0 19.65 14.5
      vertex -1.0284 19.6231 14.5
    endloop
  endfacet
  facet normal 0.0261482 -0.999658 0
    outer loop
      vertex 0 19.65 14.5
      vertex -1.0284 19.6231 3.59999
      vertex 0 19.65 3.59999
    endloop
  endfacet
  facet normal -0.566422 0.824116 0
    outer loop
      vertex 11.55 -15.8972 3.59999
      vertex 10.7022 -16.4799 14.5
      vertex 11.55 -15.8972 14.5
    endloop
  endfacet
  facet normal -0.566422 0.824116 0
    outer loop
      vertex 10.7022 -16.4799 14.5
      vertex 11.55 -15.8972 3.59999
      vertex 10.7022 -16.4799 3.59999
    endloop
  endfacet
  facet normal 0.18226 -0.98325 0
    outer loop
      vertex -4.08546 19.2206 3.59999
      vertex -3.07394 19.4081 14.5
      vertex -4.08546 19.2206 14.5
    endloop
  endfacet
  facet normal 0.18226 -0.98325 0
    outer loop
      vertex -3.07394 19.4081 14.5
      vertex -4.08546 19.2206 3.59999
      vertex -3.07394 19.4081 3.59999
    endloop
  endfacet
  facet normal -0.382696 0.923874 0
    outer loop
      vertex 7.99237 -17.9512 3.59999
      vertex 7.04193 -18.3449 14.5
      vertex 7.99237 -17.9512 14.5
    endloop
  endfacet
  facet normal -0.382696 0.923874 0
    outer loop
      vertex 7.04193 -18.3449 14.5
      vertex 7.99237 -17.9512 3.59999
      vertex 7.04193 -18.3449 3.59999
    endloop
  endfacet
  facet normal -0.0784447 -0.996918 0
    outer loop
      vertex 1.0284 19.6231 3.59999
      vertex 2.05398 19.5424 14.5
      vertex 1.0284 19.6231 14.5
    endloop
  endfacet
  facet normal -0.0784447 -0.996918 -0
    outer loop
      vertex 2.05398 19.5424 14.5
      vertex 1.0284 19.6231 3.59999
      vertex 2.05398 19.5424 3.59999
    endloop
  endfacet
  facet normal -0.942643 0.333801 0
    outer loop
      vertex 18.3449 -7.04193 3.59999
      vertex 18.6883 -6.07218 14.5
      vertex 18.6883 -6.07218 3.59999
    endloop
  endfacet
  facet normal -0.942643 0.333801 0
    outer loop
      vertex 18.6883 -6.07218 14.5
      vertex 18.3449 -7.04193 3.59999
      vertex 18.3449 -7.04193 14.5
    endloop
  endfacet
  facet normal -0.233484 0.972361 -1.15116e-05
    outer loop
      vertex 5.08579 -18.9804 14.5
      vertex 4.5 -19.1211 11.15
      vertex 4.08546 -19.2206 14.5
    endloop
  endfacet
  facet normal -0.234045 0.972226 9.22713e-05
    outer loop
      vertex 5.08579 -18.9804 14.5
      vertex 4.60468 -19.0959 11.1473
      vertex 4.5 -19.1211 11.15
    endloop
  endfacet
  facet normal -0.232928 0.972494 -7.73164e-05
    outer loop
      vertex 5.08579 -18.9804 14.5
      vertex 4.70906 -19.0709 11.139
      vertex 4.60468 -19.0959 11.1473
    endloop
  endfacet
  facet normal -0.23325 0.972417 -3.90803e-05
    outer loop
      vertex 5.08579 -18.9804 14.5
      vertex 4.81287 -19.046 11.1254
      vertex 4.70906 -19.0709 11.139
    endloop
  endfacet
  facet normal -0.234187 0.972192 4.10681e-05
    outer loop
      vertex 5.08579 -18.9804 14.5
      vertex 4.91582 -19.0212 11.1063
      vertex 4.81287 -19.046 11.1254
    endloop
  endfacet
  facet normal -0.233045 0.972466 -1.9433e-05
    outer loop
      vertex 5.08579 -18.9804 14.5
      vertex 5.01764 -18.9968 11.0819
      vertex 4.91582 -19.0212 11.1063
    endloop
  endfacet
  facet normal -0.233966 0.972245 0
    outer loop
      vertex 5.01764 -18.9968 11.0819
      vertex 5.08579 -18.9804 14.5
      vertex 5.08579 -18.9804 11.0617
    endloop
  endfacet
  facet normal -0.233396 0.972382 0
    outer loop
      vertex 4.08546 -19.2206 14.5
      vertex 4.5 -19.1211 11.15
      vertex 4.08546 -19.2206 11.15
    endloop
  endfacet
  facet normal -0.283942 0.958841 0
    outer loop
      vertex 6.07218 -18.6883 14.5
      vertex 5.08579 -18.9804 11.0617
      vertex 5.08579 -18.9804 14.5
    endloop
  endfacet
  facet normal -0.282751 0.959193 -0.000371488
    outer loop
      vertex 6.07218 -18.6883 14.5
      vertex 5.11803 -18.9709 11.0521
      vertex 5.08579 -18.9804 11.0617
    endloop
  endfacet
  facet normal -0.283694 0.958915 -8.79403e-05
    outer loop
      vertex 6.07218 -18.6883 14.5
      vertex 5.21674 -18.9417 11.0172
      vertex 5.11803 -18.9709 11.0521
    endloop
  endfacet
  facet normal -0.284382 0.958711 9.61011e-05
    outer loop
      vertex 6.07218 -18.6883 14.5
      vertex 5.31348 -18.913 10.9771
      vertex 5.21674 -18.9417 11.0172
    endloop
  endfacet
  facet normal -0.284103 0.958794 3.05506e-05
    outer loop
      vertex 6.07218 -18.6883 14.5
      vertex 5.40797 -18.885 10.932
      vertex 5.31348 -18.913 10.9771
    endloop
  endfacet
  facet normal -0.284353 0.95872 8.12363e-05
    outer loop
      vertex 6.07218 -18.6883 14.5
      vertex 5.5 -18.8577 10.8821
      vertex 5.40797 -18.885 10.932
    endloop
  endfacet
  facet normal -0.28359 0.958946 -5.00091e-05
    outer loop
      vertex 6.07218 -18.6883 14.5
      vertex 5.58928 -18.8313 10.8273
      vertex 5.5 -18.8577 10.8821
    endloop
  endfacet
  facet normal -0.284381 0.958711 6.31736e-05
    outer loop
      vertex 6.07218 -18.6883 14.5
      vertex 5.67557 -18.8057 10.768
      vertex 5.58928 -18.8313 10.8273
    endloop
  endfacet
  facet normal -0.283938 0.958843 1.19769e-05
    outer loop
      vertex 6.07218 -18.6883 14.5
      vertex 5.75864 -18.7811 10.7043
      vertex 5.67557 -18.8057 10.768
    endloop
  endfacet
  facet normal -0.283127 0.959082 -6.09064e-05
    outer loop
      vertex 6.07218 -18.6883 14.5
      vertex 5.83826 -18.7576 10.6363
      vertex 5.75864 -18.7811 10.7043
    endloop
  endfacet
  facet normal -0.284013 0.95882 -2.55807e-06
    outer loop
      vertex 6.07218 -18.6883 14.5
      vertex 5.91422 -18.7351 10.5642
      vertex 5.83826 -18.7576 10.6363
    endloop
  endfacet
  facet normal -0.284661 0.958628 2.57361e-05
    outer loop
      vertex 6.07218 -18.6883 14.5
      vertex 5.98628 -18.7137 10.4883
      vertex 5.91422 -18.7351 10.5642
    endloop
  endfacet
  facet normal -0.283429 0.958993 -2.96254e-06
    outer loop
      vertex 6.07218 -18.6883 14.5
      vertex 6.05429 -18.6936 10.4086
      vertex 5.98628 -18.7137 10.4883
    endloop
  endfacet
  facet normal -0.284052 0.958809 0
    outer loop
      vertex 6.05429 -18.6936 10.4086
      vertex 6.07218 -18.6883 14.5
      vertex 6.07218 -18.6883 10.3853
    endloop
  endfacet
  facet normal -0.688397 -0.725334 0
    outer loop
      vertex 13.1484 14.6028 3.59999
      vertex 13.8946 13.8946 14.5
      vertex 13.1484 14.6028 14.5
    endloop
  endfacet
  facet normal -0.688397 -0.725334 -0
    outer loop
      vertex 13.8946 13.8946 14.5
      vertex 13.1484 14.6028 3.59999
      vertex 13.8946 13.8946 3.59999
    endloop
  endfacet
  facet normal -0.852661 -0.522464 0
    outer loop
      vertex 17.0174 9.825 3.59999
      vertex 16.4799 10.7022 14.5
      vertex 16.4799 10.7022 3.59999
    endloop
  endfacet
  facet normal -0.852661 -0.522464 0
    outer loop
      vertex 16.4799 10.7022 14.5
      vertex 17.0174 9.825 3.59999
      vertex 17.0174 9.825 14.5
    endloop
  endfacet
  facet normal -0.283942 -0.958841 0
    outer loop
      vertex 5.08579 18.9804 3.59999
      vertex 6.07218 18.6883 14.5
      vertex 5.08579 18.9804 14.5
    endloop
  endfacet
  facet normal -0.283942 -0.958841 -0
    outer loop
      vertex 6.07218 18.6883 14.5
      vertex 5.08579 18.9804 3.59999
      vertex 6.07218 18.6883 3.59999
    endloop
  endfacet
  facet normal -0.18226 0.98325 0
    outer loop
      vertex 4.08546 -19.2206 11.15
      vertex 3.07394 -19.4081 14.5
      vertex 4.08546 -19.2206 14.5
    endloop
  endfacet
  facet normal -0.18226 0.98325 0
    outer loop
      vertex 3.07394 -19.4081 14.5
      vertex 4.08546 -19.2206 11.15
      vertex 3.07394 -19.4081 11.15
    endloop
  endfacet
  facet normal 0.430518 0.902582 0
    outer loop
      vertex -7.99237 -17.9512 14.5
      vertex -8.92091 -17.5083 9.11465
      vertex -8.92091 -17.5083 14.5
    endloop
  endfacet
  facet normal 0.430678 0.902506 -3.37197e-05
    outer loop
      vertex -7.99237 -17.9512 14.5
      vertex -8.8658 -17.5346 9.07734
      vertex -8.92091 -17.5083 9.11465
    endloop
  endfacet
  facet normal 0.429956 0.90285 0.000108921
    outer loop
      vertex -7.99237 -17.9512 14.5
      vertex -8.78767 -17.5718 9.01803
      vertex -8.8658 -17.5346 9.07734
    endloop
  endfacet
  facet normal 0.43073 0.902481 -2.89513e-05
    outer loop
      vertex -7.99237 -17.9512 14.5
      vertex -8.72335 -17.6025 8.96352
      vertex -8.78767 -17.5718 9.01803
    endloop
  endfacet
  facet normal 0.430863 0.902417 -5.05193e-05
    outer loop
      vertex -7.99237 -17.9512 14.5
      vertex -8.71246 -17.6077 8.95429
      vertex -8.72335 -17.6025 8.96352
    endloop
  endfacet
  facet normal 0.432393 0.901685 -0.000294423
    outer loop
      vertex -7.99237 -17.9512 14.5
      vertex -8.70204 -17.6127 8.94446
      vertex -8.71246 -17.6077 8.95429
    endloop
  endfacet
  facet normal 0.430351 0.902662 2.58577e-05
    outer loop
      vertex -7.99237 -17.9512 14.5
      vertex -8.64037 -17.6421 8.88629
      vertex -8.70204 -17.6127 8.94446
    endloop
  endfacet
  facet normal 0.429998 0.90283 7.58292e-05
    outer loop
      vertex -7.99237 -17.9512 14.5
      vertex -8.6305 -17.6468 8.87594
      vertex -8.64037 -17.6421 8.88629
    endloop
  endfacet
  facet normal 0.430636 0.902526 -1.29975e-05
    outer loop
      vertex -7.99237 -17.9512 14.5
      vertex -8.57161 -17.6749 8.81421
      vertex -8.6305 -17.6468 8.87594
    endloop
  endfacet
  facet normal 0.430445 0.902617 1.09731e-05
    outer loop
      vertex -7.99237 -17.9512 14.5
      vertex -8.51562 -17.7016 8.74905
      vertex -8.57161 -17.6749 8.81421
    endloop
  endfacet
  facet normal 0.428966 0.903321 0.000176076
    outer loop
      vertex -7.99237 -17.9512 14.5
      vertex -8.50635 -17.706 8.73826
      vertex -8.51562 -17.7016 8.74905
    endloop
  endfacet
  facet normal 0.430867 0.902416 -3.20394e-05
    outer loop
      vertex -7.99237 -17.9512 14.5
      vertex -8.44478 -17.7354 8.65864
      vertex -8.50635 -17.706 8.73826
    endloop
  endfacet
  facet normal 0.431927 0.901909 -0.000132886
    outer loop
      vertex -7.99237 -17.9512 14.5
      vertex -8.43664 -17.7393 8.64692
      vertex -8.44478 -17.7354 8.65864
    endloop
  endfacet
  facet normal 0.429926 0.902864 5.36132e-05
    outer loop
      vertex -7.99237 -17.9512 14.5
      vertex -8.38707 -17.7629 8.57557
      vertex -8.43664 -17.7393 8.64692
    endloop
  endfacet
  facet normal 0.430133 0.902765 3.66425e-05
    outer loop
      vertex -7.99237 -17.9512 14.5
      vertex -8.34089 -17.7849 8.50134
      vertex -8.38707 -17.7629 8.57557
    endloop
  endfacet
  facet normal 0.432125 0.901814 -0.000105446
    outer loop
      vertex -7.99237 -17.9512 14.5
      vertex -8.33338 -17.7885 8.48928
      vertex -8.34089 -17.7849 8.50134
    endloop
  endfacet
  facet normal 0.430189 0.902739 2.94213e-05
    outer loop
      vertex -7.99237 -17.9512 14.5
      vertex -8.28385 -17.8121 8.4
      vertex -8.33338 -17.7885 8.48928
    endloop
  endfacet
  facet normal 0.430847 0.902425 -9.19157e-06
    outer loop
      vertex -7.99237 -17.9512 14.5
      vertex -8.23861 -17.8337 8.30798
      vertex -8.28385 -17.8121 8.4
    endloop
  endfacet
  facet normal 0.431095 0.902307 -2.12688e-05
    outer loop
      vertex -7.99237 -17.9512 14.5
      vertex -8.1978 -17.8532 8.21347
      vertex -8.23861 -17.8337 8.30798
    endloop
  endfacet
  facet normal 0.430428 0.902625 5.46424e-06
    outer loop
      vertex -7.99237 -17.9512 14.5
      vertex -8.16152 -17.8705 8.11674
      vertex -8.1978 -17.8532 8.21347
    endloop
  endfacet
  facet normal 0.4307 0.902495 -3.37203e-06
    outer loop
      vertex -7.99237 -17.9512 14.5
      vertex -8.12988 -17.8856 8.01803
      vertex -8.16152 -17.8705 8.11674
    endloop
  endfacet
  facet normal 0.429377 0.903125 3.10688e-05
    outer loop
      vertex -7.99237 -17.9512 14.5
      vertex -8.10295 -17.8984 7.91764
      vertex -8.12988 -17.8856 8.01803
    endloop
  endfacet
  facet normal 0.430002 0.902828 1.81882e-05
    outer loop
      vertex -7.99237 -17.9512 14.5
      vertex -8.08384 -17.9075 7.82971
      vertex -8.10295 -17.8984 7.91764
    endloop
  endfacet
  facet normal 0.444032 0.896011 -0.000218869
    outer loop
      vertex -7.99237 -17.9512 14.5
      vertex -8.08082 -17.909 7.81582
      vertex -8.08384 -17.9075 7.82971
    endloop
  endfacet
  facet normal 0.428854 0.903374 2.84623e-05
    outer loop
      vertex -7.99237 -17.9512 14.5
      vertex -8.06354 -17.9172 7.71287
      vertex -8.08082 -17.909 7.81582
    endloop
  endfacet
  facet normal 0.430025 0.902817 1.3388e-05
    outer loop
      vertex -7.99237 -17.9512 14.5
      vertex -8.06186 -17.918 7.69874
      vertex -8.06354 -17.9172 7.71287
    endloop
  endfacet
  facet normal 0.430629 0.902529 5.81965e-06
    outer loop
      vertex -7.99237 -17.9512 14.5
      vertex -8.05117 -17.9231 7.60906
      vertex -8.06186 -17.918 7.69874
    endloop
  endfacet
  facet normal 0.435094 0.900385 -4.10302e-05
    outer loop
      vertex -7.99237 -17.9512 14.5
      vertex -8.04373 -17.9267 7.50467
      vertex -8.05117 -17.9231 7.60906
    endloop
  endfacet
  facet normal 0.434379 0.90073 -3.45638e-05
    outer loop
      vertex -7.99237 -17.9512 14.5
      vertex -8.04125 -17.9279 7.4
      vertex -8.04373 -17.9267 7.50467
    endloop
  endfacet
  facet normal 0.63544 0.771492 -0.0318716
    outer loop
      vertex -8.05117 -17.9231 7.19094
      vertex -8.06354 -17.9172 7.08713
      vertex -8.06186 -17.918 7.10126
    endloop
  endfacet
  facet normal 0.430624 0.902531 2.73285e-05
    outer loop
      vertex -7.99237 -17.9512 3.59999
      vertex -8.6305 -17.6468 5.92406
      vertex -8.57161 -17.6749 5.98579
    endloop
  endfacet
  facet normal 0.430292 0.90269 -0
    outer loop
      vertex -7.99237 -17.9512 3.59999
      vertex -8.04125 -17.9279 7.4
      vertex -7.99237 -17.9512 14.5
    endloop
  endfacet
  facet normal 0.433712 0.901052 5.40372e-05
    outer loop
      vertex -7.99237 -17.9512 3.59999
      vertex -8.04373 -17.9267 7.29533
      vertex -8.04125 -17.9279 7.4
    endloop
  endfacet
  facet normal 0.434746 0.900553 7.17048e-05
    outer loop
      vertex -7.99237 -17.9512 3.59999
      vertex -8.05117 -17.9231 7.19094
      vertex -8.04373 -17.9267 7.29533
    endloop
  endfacet
  facet normal 0.430583 0.902551 -1.20938e-05
    outer loop
      vertex -7.99237 -17.9512 3.59999
      vertex -8.06354 -17.9172 7.08713
      vertex -8.05117 -17.9231 7.19094
    endloop
  endfacet
  facet normal 0.428971 0.903318 -5.24738e-05
    outer loop
      vertex -7.99237 -17.9512 3.59999
      vertex -8.08082 -17.909 6.98418
      vertex -8.06354 -17.9172 7.08713
    endloop
  endfacet
  facet normal 0.443328 0.896359 0.000409549
    outer loop
      vertex -7.99237 -17.9512 3.59999
      vertex -8.08384 -17.9075 6.97029
      vertex -8.08082 -17.909 6.98418
    endloop
  endfacet
  facet normal 0.430061 0.9028 -3.40188e-05
    outer loop
      vertex -7.99237 -17.9512 3.59999
      vertex -8.10295 -17.8984 6.88236
      vertex -8.08384 -17.9075 6.97029
    endloop
  endfacet
  facet normal 0.429461 0.903085 -5.88167e-05
    outer loop
      vertex -7.99237 -17.9512 3.59999
      vertex -8.12988 -17.8856 6.78197
      vertex -8.10295 -17.8984 6.88236
    endloop
  endfacet
  facet normal 0.430692 0.902499 6.45367e-06
    outer loop
      vertex -7.99237 -17.9512 3.59999
      vertex -8.16152 -17.8705 6.68326
      vertex -8.12988 -17.8856 6.78197
    endloop
  endfacet
  facet normal 0.430439 0.90262 -1.05662e-05
    outer loop
      vertex -7.99237 -17.9512 3.59999
      vertex -8.1978 -17.8532 6.58653
      vertex -8.16152 -17.8705 6.68326
    endloop
  endfacet
  facet normal 0.431056 0.902325 4.15414e-05
    outer loop
      vertex -7.99237 -17.9512 3.59999
      vertex -8.23861 -17.8337 6.49202
      vertex -8.1978 -17.8532 6.58653
    endloop
  endfacet
  facet normal 0.430832 0.902432 1.81316e-05
    outer loop
      vertex -7.99237 -17.9512 3.59999
      vertex -8.28385 -17.8121 6.4
      vertex -8.23861 -17.8337 6.49202
    endloop
  endfacet
  facet normal 0.430232 0.902718 -5.86164e-05
    outer loop
      vertex -7.99237 -17.9512 3.59999
      vertex -8.33338 -17.7885 6.31072
      vertex -8.28385 -17.8121 6.4
    endloop
  endfacet
  facet normal 0.431985 0.901881 0.000212256
    outer loop
      vertex -7.99237 -17.9512 3.59999
      vertex -8.34089 -17.7849 6.29866
      vertex -8.33338 -17.7885 6.31072
    endloop
  endfacet
  facet normal 0.430182 0.902742 -7.37453e-05
    outer loop
      vertex -7.99237 -17.9512 3.59999
      vertex -8.38707 -17.7629 6.22443
      vertex -8.34089 -17.7849 6.29866
    endloop
  endfacet
  facet normal 0.429991 0.902833 -0.000109027
    outer loop
      vertex -7.99237 -17.9512 3.59999
      vertex -8.43664 -17.7393 6.15308
      vertex -8.38707 -17.7629 6.22443
    endloop
  endfacet
  facet normal 0.431766 0.901986 0.000270259
    outer loop
      vertex -7.99237 -17.9512 3.59999
      vertex -8.44478 -17.7354 6.14136
      vertex -8.43664 -17.7393 6.15308
    endloop
  endfacet
  facet normal 0.430831 0.902433 6.58589e-05
    outer loop
      vertex -7.99237 -17.9512 3.59999
      vertex -8.50635 -17.706 6.06174
      vertex -8.44478 -17.7354 6.14136
    endloop
  endfacet
  facet normal 0.429146 0.903235 -0.000365927
    outer loop
      vertex -7.99237 -17.9512 3.59999
      vertex -8.51562 -17.7016 6.05095
      vertex -8.50635 -17.706 6.06174
    endloop
  endfacet
  facet normal 0.430456 0.902612 -2.28071e-05
    outer loop
      vertex -7.99237 -17.9512 3.59999
      vertex -8.57161 -17.6749 5.98579
      vertex -8.51562 -17.7016 6.05095
    endloop
  endfacet
  facet normal 0.43007 0.902796 -0.000159424
    outer loop
      vertex -8.6305 -17.6468 5.92406
      vertex -7.99237 -17.9512 3.59999
      vertex -8.64037 -17.6421 5.91371
    endloop
  endfacet
  facet normal 0.430374 0.902651 -5.50304e-05
    outer loop
      vertex -7.99237 -17.9512 3.59999
      vertex -8.70204 -17.6127 5.85554
      vertex -8.64037 -17.6421 5.91371
    endloop
  endfacet
  facet normal 0.432138 0.901807 0.000626672
    outer loop
      vertex -7.99237 -17.9512 3.59999
      vertex -8.71246 -17.6077 5.84571
      vertex -8.70204 -17.6127 5.85554
    endloop
  endfacet
  facet normal 0.430823 0.902436 0.000108894
    outer loop
      vertex -7.99237 -17.9512 3.59999
      vertex -8.72335 -17.6025 5.83648
      vertex -8.71246 -17.6077 5.84571
    endloop
  endfacet
  facet normal 0.430707 0.902492 6.24042e-05
    outer loop
      vertex -7.99237 -17.9512 3.59999
      vertex -8.78767 -17.5718 5.78197
      vertex -8.72335 -17.6025 5.83648
    endloop
  endfacet
  facet normal 0.430036 0.902812 -0.00023794
    outer loop
      vertex -7.99237 -17.9512 3.59999
      vertex -8.8658 -17.5346 5.72266
      vertex -8.78767 -17.5718 5.78197
    endloop
  endfacet
  facet normal 0.430655 0.902517 7.47209e-05
    outer loop
      vertex -7.99237 -17.9512 3.59999
      vertex -8.92091 -17.5083 5.68535
      vertex -8.8658 -17.5346 5.72266
    endloop
  endfacet
  facet normal 0.430518 0.902582 0
    outer loop
      vertex -8.92091 -17.5083 5.68535
      vertex -7.99237 -17.9512 3.59999
      vertex -8.92091 -17.5083 3.59999
    endloop
  endfacet
  facet normal -0.130545 -0.991442 0
    outer loop
      vertex 2.05398 19.5424 3.59999
      vertex 3.07394 19.4081 14.5
      vertex 2.05398 19.5424 14.5
    endloop
  endfacet
  facet normal -0.130545 -0.991442 -0
    outer loop
      vertex 3.07394 19.4081 14.5
      vertex 2.05398 19.5424 3.59999
      vertex 3.07394 19.4081 3.59999
    endloop
  endfacet
  facet normal -0.98325 -0.18226 0
    outer loop
      vertex 19.4081 3.07394 3.59999
      vertex 19.2206 4.08546 14.5
      vertex 19.2206 4.08546 3.59999
    endloop
  endfacet
  facet normal -0.98325 -0.18226 0
    outer loop
      vertex 19.2206 4.08546 14.5
      vertex 19.4081 3.07394 3.59999
      vertex 19.4081 3.07394 14.5
    endloop
  endfacet
  facet normal -0.477173 0.878809 0
    outer loop
      vertex 9.825 -17.0174 3.59999
      vertex 8.92091 -17.5083 14.5
      vertex 9.825 -17.0174 14.5
    endloop
  endfacet
  facet normal -0.477173 0.878809 0
    outer loop
      vertex 8.92091 -17.5083 14.5
      vertex 9.825 -17.0174 3.59999
      vertex 8.92091 -17.5083 3.59999
    endloop
  endfacet
  facet normal 0.991442 -0.130545 0
    outer loop
      vertex -19.5424 2.05398 14.5
      vertex -19.4081 3.07394 3.59999
      vertex -19.4081 3.07394 14.5
    endloop
  endfacet
  facet normal 0.991442 -0.130545 0
    outer loop
      vertex -19.4081 3.07394 3.59999
      vertex -19.5424 2.05398 14.5
      vertex -19.5424 2.05398 3.59999
    endloop
  endfacet
  facet normal -0.991442 -0.130545 0
    outer loop
      vertex 19.5424 2.05398 3.59999
      vertex 19.4081 3.07394 14.5
      vertex 19.4081 3.07394 3.59999
    endloop
  endfacet
  facet normal -0.991442 -0.130545 0
    outer loop
      vertex 19.4081 3.07394 14.5
      vertex 19.5424 2.05398 3.59999
      vertex 19.5424 2.05398 14.5
    endloop
  endfacet
  facet normal -0.793314 -0.608813 0
    outer loop
      vertex 15.8972 11.55 3.59999
      vertex 15.2709 12.3661 14.5
      vertex 15.2709 12.3661 3.59999
    endloop
  endfacet
  facet normal -0.793314 -0.608813 0
    outer loop
      vertex 15.2709 12.3661 14.5
      vertex 15.8972 11.55 3.59999
      vertex 15.8972 11.55 14.5
    endloop
  endfacet
  facet normal 0.923874 -0.382696 0
    outer loop
      vertex -18.3449 7.04193 14.5
      vertex -17.9512 7.99237 3.59999
      vertex -17.9512 7.99237 14.5
    endloop
  endfacet
  facet normal 0.923874 -0.382696 0
    outer loop
      vertex -17.9512 7.99237 3.59999
      vertex -18.3449 7.04193 14.5
      vertex -18.3449 7.04193 3.59999
    endloop
  endfacet
  facet normal -0.608813 -0.793314 0
    outer loop
      vertex 11.55 15.8972 3.59999
      vertex 12.3661 15.2709 14.5
      vertex 11.55 15.8972 14.5
    endloop
  endfacet
  facet normal -0.608813 -0.793314 -0
    outer loop
      vertex 12.3661 15.2709 14.5
      vertex 11.55 15.8972 3.59999
      vertex 12.3661 15.2709 3.59999
    endloop
  endfacet
  facet normal 0.98325 0.18226 0
    outer loop
      vertex -19.2206 -4.08546 14.5
      vertex -19.4081 -3.07394 3.59999
      vertex -19.4081 -3.07394 14.5
    endloop
  endfacet
  facet normal 0.98325 0.18226 0
    outer loop
      vertex -19.4081 -3.07394 3.59999
      vertex -19.2206 -4.08546 14.5
      vertex -19.2206 -4.08546 3.59999
    endloop
  endfacet
  facet normal -0.793314 0.608813 0
    outer loop
      vertex 15.2709 -12.3661 3.59999
      vertex 15.8972 -11.55 14.5
      vertex 15.8972 -11.55 3.59999
    endloop
  endfacet
  facet normal -0.793314 0.608813 0
    outer loop
      vertex 15.8972 -11.55 14.5
      vertex 15.2709 -12.3661 3.59999
      vertex 15.2709 -12.3661 14.5
    endloop
  endfacet
  facet normal 0.760429 0.649421 0
    outer loop
      vertex -14.6028 -13.1484 14.5
      vertex -15.2709 -12.3661 3.59999
      vertex -15.2709 -12.3661 14.5
    endloop
  endfacet
  facet normal 0.760429 0.649421 0
    outer loop
      vertex -15.2709 -12.3661 3.59999
      vertex -14.6028 -13.1484 14.5
      vertex -14.6028 -13.1484 3.59999
    endloop
  endfacet
  facet normal 0.0261482 0.999658 -0
    outer loop
      vertex 0 -19.65 11.15
      vertex -1.0284 -19.6231 14.5
      vertex 0 -19.65 14.5
    endloop
  endfacet
  facet normal 0.0261482 0.999658 0
    outer loop
      vertex -1.0284 -19.6231 14.5
      vertex 0 -19.65 11.15
      vertex -1.0284 -19.6231 11.15
    endloop
  endfacet
  facet normal 0.522464 -0.852661 0
    outer loop
      vertex -10.7022 16.4799 3.59999
      vertex -9.825 17.0174 14.5
      vertex -10.7022 16.4799 14.5
    endloop
  endfacet
  facet normal 0.522464 -0.852661 0
    outer loop
      vertex -9.825 17.0174 14.5
      vertex -10.7022 16.4799 3.59999
      vertex -9.825 17.0174 3.59999
    endloop
  endfacet
  facet normal -0.852661 0.522464 0
    outer loop
      vertex 16.4799 -10.7022 3.59999
      vertex 17.0174 -9.825 14.5
      vertex 17.0174 -9.825 3.59999
    endloop
  endfacet
  facet normal -0.852661 0.522464 0
    outer loop
      vertex 17.0174 -9.825 14.5
      vertex 16.4799 -10.7022 3.59999
      vertex 16.4799 -10.7022 14.5
    endloop
  endfacet
  facet normal 0.688397 0.725334 -0
    outer loop
      vertex -13.1484 -14.6028 3.59999
      vertex -13.8946 -13.8946 14.5
      vertex -13.1484 -14.6028 14.5
    endloop
  endfacet
  facet normal 0.688397 0.725334 0
    outer loop
      vertex -13.8946 -13.8946 14.5
      vertex -13.1484 -14.6028 3.59999
      vertex -13.8946 -13.8946 3.59999
    endloop
  endfacet
  facet normal 0.760429 -0.649421 0
    outer loop
      vertex -15.2709 12.3661 14.5
      vertex -14.6028 13.1484 3.59999
      vertex -14.6028 13.1484 14.5
    endloop
  endfacet
  facet normal 0.760429 -0.649421 0
    outer loop
      vertex -14.6028 13.1484 3.59999
      vertex -15.2709 12.3661 14.5
      vertex -15.2709 12.3661 3.59999
    endloop
  endfacet
  facet normal -0.522464 0.852661 0
    outer loop
      vertex 10.7022 -16.4799 3.59999
      vertex 9.825 -17.0174 14.5
      vertex 10.7022 -16.4799 14.5
    endloop
  endfacet
  facet normal -0.522464 0.852661 0
    outer loop
      vertex 9.825 -17.0174 14.5
      vertex 10.7022 -16.4799 3.59999
      vertex 9.825 -17.0174 3.59999
    endloop
  endfacet
  facet normal -0.649421 0.760429 0
    outer loop
      vertex 13.1484 -14.6028 3.59999
      vertex 12.3661 -15.2709 14.5
      vertex 13.1484 -14.6028 14.5
    endloop
  endfacet
  facet normal -0.649421 0.760429 0
    outer loop
      vertex 12.3661 -15.2709 14.5
      vertex 13.1484 -14.6028 3.59999
      vertex 12.3661 -15.2709 3.59999
    endloop
  endfacet
  facet normal 0.824116 -0.566422 0
    outer loop
      vertex -16.4799 10.7022 14.5
      vertex -15.8972 11.55 3.59999
      vertex -15.8972 11.55 14.5
    endloop
  endfacet
  facet normal 0.824116 -0.566422 0
    outer loop
      vertex -15.8972 11.55 3.59999
      vertex -16.4799 10.7022 14.5
      vertex -16.4799 10.7022 3.59999
    endloop
  endfacet
  facet normal 0.382696 -0.923874 0
    outer loop
      vertex -7.99237 17.9512 3.59999
      vertex -7.04193 18.3449 14.5
      vertex -7.99237 17.9512 14.5
    endloop
  endfacet
  facet normal 0.382696 -0.923874 0
    outer loop
      vertex -7.04193 18.3449 14.5
      vertex -7.99237 17.9512 3.59999
      vertex -7.04193 18.3449 3.59999
    endloop
  endfacet
  facet normal 0.283942 0.958841 -0
    outer loop
      vertex -5.08579 -18.9804 11.0617
      vertex -6.07218 -18.6883 14.5
      vertex -5.08579 -18.9804 14.5
    endloop
  endfacet
  facet normal 0.282751 0.959193 -0.000371488
    outer loop
      vertex -5.11803 -18.9709 11.0521
      vertex -6.07218 -18.6883 14.5
      vertex -5.08579 -18.9804 11.0617
    endloop
  endfacet
  facet normal 0.283694 0.958915 -8.79403e-05
    outer loop
      vertex -5.21674 -18.9417 11.0172
      vertex -6.07218 -18.6883 14.5
      vertex -5.11803 -18.9709 11.0521
    endloop
  endfacet
  facet normal 0.284382 0.958711 9.61011e-05
    outer loop
      vertex -5.31348 -18.913 10.9771
      vertex -6.07218 -18.6883 14.5
      vertex -5.21674 -18.9417 11.0172
    endloop
  endfacet
  facet normal 0.284103 0.958794 3.05506e-05
    outer loop
      vertex -5.40797 -18.885 10.932
      vertex -6.07218 -18.6883 14.5
      vertex -5.31348 -18.913 10.9771
    endloop
  endfacet
  facet normal 0.284353 0.95872 8.12363e-05
    outer loop
      vertex -5.5 -18.8577 10.8821
      vertex -6.07218 -18.6883 14.5
      vertex -5.40797 -18.885 10.932
    endloop
  endfacet
  facet normal 0.28359 0.958946 -5.00091e-05
    outer loop
      vertex -5.58928 -18.8313 10.8273
      vertex -6.07218 -18.6883 14.5
      vertex -5.5 -18.8577 10.8821
    endloop
  endfacet
  facet normal 0.284381 0.958711 6.31736e-05
    outer loop
      vertex -5.67557 -18.8057 10.768
      vertex -6.07218 -18.6883 14.5
      vertex -5.58928 -18.8313 10.8273
    endloop
  endfacet
  facet normal 0.283938 0.958843 1.19769e-05
    outer loop
      vertex -5.75864 -18.7811 10.7043
      vertex -6.07218 -18.6883 14.5
      vertex -5.67557 -18.8057 10.768
    endloop
  endfacet
  facet normal 0.283127 0.959082 -6.09064e-05
    outer loop
      vertex -5.83826 -18.7576 10.6363
      vertex -6.07218 -18.6883 14.5
      vertex -5.75864 -18.7811 10.7043
    endloop
  endfacet
  facet normal 0.284013 0.95882 -2.55807e-06
    outer loop
      vertex -5.91422 -18.7351 10.5642
      vertex -6.07218 -18.6883 14.5
      vertex -5.83826 -18.7576 10.6363
    endloop
  endfacet
  facet normal 0.284661 0.958628 2.57361e-05
    outer loop
      vertex -5.98628 -18.7137 10.4883
      vertex -6.07218 -18.6883 14.5
      vertex -5.91422 -18.7351 10.5642
    endloop
  endfacet
  facet normal 0.283429 0.958993 -2.96254e-06
    outer loop
      vertex -6.05429 -18.6936 10.4086
      vertex -6.07218 -18.6883 14.5
      vertex -5.98628 -18.7137 10.4883
    endloop
  endfacet
  facet normal 0.284052 0.958809 0
    outer loop
      vertex -6.07218 -18.6883 14.5
      vertex -6.05429 -18.6936 10.4086
      vertex -6.07218 -18.6883 10.3853
    endloop
  endfacet
  facet normal 0.233396 0.972382 0
    outer loop
      vertex -4.5 -19.1211 11.15
      vertex -4.08546 -19.2206 14.5
      vertex -4.08546 -19.2206 11.15
    endloop
  endfacet
  facet normal 0.233484 0.972361 -1.15116e-05
    outer loop
      vertex -4.08546 -19.2206 14.5
      vertex -4.5 -19.1211 11.15
      vertex -5.08579 -18.9804 14.5
    endloop
  endfacet
  facet normal 0.234045 0.972226 9.22713e-05
    outer loop
      vertex -4.60468 -19.0959 11.1473
      vertex -5.08579 -18.9804 14.5
      vertex -4.5 -19.1211 11.15
    endloop
  endfacet
  facet normal 0.232928 0.972494 -7.73164e-05
    outer loop
      vertex -4.70906 -19.0709 11.139
      vertex -5.08579 -18.9804 14.5
      vertex -4.60468 -19.0959 11.1473
    endloop
  endfacet
  facet normal 0.23325 0.972417 -3.90803e-05
    outer loop
      vertex -4.81287 -19.046 11.1254
      vertex -5.08579 -18.9804 14.5
      vertex -4.70906 -19.0709 11.139
    endloop
  endfacet
  facet normal 0.234187 0.972192 4.10681e-05
    outer loop
      vertex -4.91582 -19.0212 11.1063
      vertex -5.08579 -18.9804 14.5
      vertex -4.81287 -19.046 11.1254
    endloop
  endfacet
  facet normal 0.233045 0.972466 -1.9433e-05
    outer loop
      vertex -5.01764 -18.9968 11.0819
      vertex -5.08579 -18.9804 14.5
      vertex -4.91582 -19.0212 11.1063
    endloop
  endfacet
  facet normal 0.233966 0.972245 0
    outer loop
      vertex -5.08579 -18.9804 14.5
      vertex -5.01764 -18.9968 11.0819
      vertex -5.08579 -18.9804 11.0617
    endloop
  endfacet
  facet normal 0.477173 -0.878809 0
    outer loop
      vertex -9.825 17.0174 3.59999
      vertex -8.92091 17.5083 14.5
      vertex -9.825 17.0174 14.5
    endloop
  endfacet
  facet normal 0.477173 -0.878809 0
    outer loop
      vertex -8.92091 17.5083 14.5
      vertex -9.825 17.0174 3.59999
      vertex -8.92091 17.5083 3.59999
    endloop
  endfacet
  facet normal 0.793314 0.608813 0
    outer loop
      vertex -15.2709 -12.3661 14.5
      vertex -15.8972 -11.55 3.59999
      vertex -15.8972 -11.55 14.5
    endloop
  endfacet
  facet normal 0.793314 0.608813 0
    outer loop
      vertex -15.8972 -11.55 3.59999
      vertex -15.2709 -12.3661 14.5
      vertex -15.2709 -12.3661 3.59999
    endloop
  endfacet
  facet normal 0.0784447 0.996918 -0
    outer loop
      vertex -1.0284 -19.6231 11.15
      vertex -2.05398 -19.5424 14.5
      vertex -1.0284 -19.6231 14.5
    endloop
  endfacet
  facet normal 0.0784447 0.996918 0
    outer loop
      vertex -2.05398 -19.5424 14.5
      vertex -1.0284 -19.6231 11.15
      vertex -2.05398 -19.5424 11.15
    endloop
  endfacet
  facet normal 0.608813 -0.793314 0
    outer loop
      vertex -12.3661 15.2709 3.59999
      vertex -11.55 15.8972 14.5
      vertex -12.3661 15.2709 14.5
    endloop
  endfacet
  facet normal 0.608813 -0.793314 0
    outer loop
      vertex -11.55 15.8972 14.5
      vertex -12.3661 15.2709 3.59999
      vertex -11.55 15.8972 3.59999
    endloop
  endfacet
  facet normal 0.98325 -0.18226 0
    outer loop
      vertex -19.4081 3.07394 14.5
      vertex -19.2206 4.08546 3.59999
      vertex -19.2206 4.08546 14.5
    endloop
  endfacet
  facet normal 0.98325 -0.18226 0
    outer loop
      vertex -19.2206 4.08546 3.59999
      vertex -19.4081 3.07394 14.5
      vertex -19.4081 3.07394 3.59999
    endloop
  endfacet
  facet normal 0.902582 -0.430518 0
    outer loop
      vertex -17.9512 7.99237 14.5
      vertex -17.5083 8.92091 3.59999
      vertex -17.5083 8.92091 14.5
    endloop
  endfacet
  facet normal 0.902582 -0.430518 0
    outer loop
      vertex -17.5083 8.92091 3.59999
      vertex -17.9512 7.99237 14.5
      vertex -17.9512 7.99237 3.59999
    endloop
  endfacet
  facet normal -0.233484 -0.972361 0
    outer loop
      vertex 4.08546 19.2206 3.59999
      vertex 5.08579 18.9804 14.5
      vertex 4.08546 19.2206 14.5
    endloop
  endfacet
  facet normal -0.233484 -0.972361 -0
    outer loop
      vertex 5.08579 18.9804 14.5
      vertex 4.08546 19.2206 3.59999
      vertex 5.08579 18.9804 3.59999
    endloop
  endfacet
  facet normal 0.233484 -0.972361 0
    outer loop
      vertex -5.08579 18.9804 3.59999
      vertex -4.08546 19.2206 14.5
      vertex -5.08579 18.9804 14.5
    endloop
  endfacet
  facet normal 0.233484 -0.972361 0
    outer loop
      vertex -4.08546 19.2206 14.5
      vertex -5.08579 18.9804 3.59999
      vertex -4.08546 19.2206 3.59999
    endloop
  endfacet
  facet normal 0.283942 -0.958841 0
    outer loop
      vertex -6.07218 18.6883 3.59999
      vertex -5.08579 18.9804 14.5
      vertex -6.07218 18.6883 14.5
    endloop
  endfacet
  facet normal 0.283942 -0.958841 0
    outer loop
      vertex -5.08579 18.9804 14.5
      vertex -6.07218 18.6883 3.59999
      vertex -5.08579 18.9804 3.59999
    endloop
  endfacet
  facet normal -0.725334 0.688397 0
    outer loop
      vertex 13.8946 -13.8946 3.59999
      vertex 14.6028 -13.1484 14.5
      vertex 14.6028 -13.1484 3.59999
    endloop
  endfacet
  facet normal -0.725334 0.688397 0
    outer loop
      vertex 14.6028 -13.1484 14.5
      vertex 13.8946 -13.8946 3.59999
      vertex 13.8946 -13.8946 14.5
    endloop
  endfacet
  facet normal 0.972361 -0.233484 0
    outer loop
      vertex -19.2206 4.08546 14.5
      vertex -18.9804 5.08579 3.59999
      vertex -18.9804 5.08579 14.5
    endloop
  endfacet
  facet normal 0.972361 -0.233484 0
    outer loop
      vertex -18.9804 5.08579 3.59999
      vertex -19.2206 4.08546 14.5
      vertex -19.2206 4.08546 3.59999
    endloop
  endfacet
  facet normal 0.878809 0.477173 0
    outer loop
      vertex -17.0174 -9.825 14.5
      vertex -17.5083 -8.92091 3.59999
      vertex -17.5083 -8.92091 14.5
    endloop
  endfacet
  facet normal 0.878809 0.477173 0
    outer loop
      vertex -17.5083 -8.92091 3.59999
      vertex -17.0174 -9.825 14.5
      vertex -17.0174 -9.825 3.59999
    endloop
  endfacet
  facet normal 0.972364 0.233472 0
    outer loop
      vertex -19.0473 -4.80722 7.50467
      vertex -19.2206 -4.08546 3.59999
      vertex -19.2206 -4.08546 14.5
    endloop
  endfacet
  facet normal 0.973661 0.227998 -0.00108035
    outer loop
      vertex -19.2206 -4.08546 3.59999
      vertex -19.0479 -4.8049 7.41415
      vertex -19.048 -4.80454 7.4
    endloop
  endfacet
  facet normal 0.973018 0.230729 -0.000536004
    outer loop
      vertex -19.2206 -4.08546 3.59999
      vertex -19.0473 -4.80722 7.50467
      vertex -19.0479 -4.8049 7.41415
    endloop
  endfacet
  facet normal 0.97272 0.231982 0.00016254
    outer loop
      vertex -19.2206 -4.08546 14.5
      vertex -19.0454 -4.81526 7.60906
      vertex -19.0473 -4.80722 7.50467
    endloop
  endfacet
  facet normal 0.97246 0.233068 4.09158e-05
    outer loop
      vertex -19.2206 -4.08546 14.5
      vertex -19.0422 -4.82863 7.71287
      vertex -19.0454 -4.81526 7.60906
    endloop
  endfacet
  facet normal 0.972901 0.231221 0.000254801
    outer loop
      vertex -19.2206 -4.08546 14.5
      vertex -19.0416 -4.83117 7.72684
      vertex -19.0422 -4.82863 7.71287
    endloop
  endfacet
  facet normal 0.972159 0.234322 -0.000106301
    outer loop
      vertex -19.2206 -4.08546 14.5
      vertex -19.0377 -4.84731 7.81582
      vertex -19.0416 -4.83117 7.72684
    endloop
  endfacet
  facet normal 0.972082 0.234641 -0.000144732
    outer loop
      vertex -19.2206 -4.08546 14.5
      vertex -19.0327 -4.86797 7.90376
      vertex -19.0377 -4.84731 7.81582
    endloop
  endfacet
  facet normal 0.975973 0.217884 0.00195397
    outer loop
      vertex -19.2206 -4.08546 14.5
      vertex -19.032 -4.87123 7.91764
      vertex -19.0327 -4.86797 7.90376
    endloop
  endfacet
  facet normal 0.9723 0.233736 -4.3612e-05
    outer loop
      vertex -19.2206 -4.08546 14.5
      vertex -19.025 -4.90033 8.01803
      vertex -19.032 -4.87123 7.91764
    endloop
  endfacet
  facet normal 0.972434 0.233177 3.07063e-05
    outer loop
      vertex -19.2206 -4.08546 14.5
      vertex -19.0168 -4.93454 8.11674
      vertex -19.025 -4.90033 8.01803
    endloop
  endfacet
  facet normal 0.972263 0.233891 -6.97586e-05
    outer loop
      vertex -19.2206 -4.08546 14.5
      vertex -19.0155 -4.93994 8.13005
      vertex -19.0168 -4.93454 8.11674
    endloop
  endfacet
  facet normal 0.971976 0.235078 -0.000238166
    outer loop
      vertex -19.2206 -4.08546 14.5
      vertex -19.0073 -4.97376 8.21347
      vertex -19.0155 -4.93994 8.13005
    endloop
  endfacet
  facet normal 0.972459 0.233072 6.16906e-05
    outer loop
      vertex -19.2206 -4.08546 14.5
      vertex -18.9982 -5.01175 8.29486
      vertex -19.0073 -4.97376 8.21347
    endloop
  endfacet
  facet normal 0.971524 0.236941 -0.000549385
    outer loop
      vertex -19.2206 -4.08546 14.5
      vertex -18.9967 -5.01787 8.30798
      vertex -18.9982 -5.01175 8.29486
    endloop
  endfacet
  facet normal 0.972507 0.232872 9.88874e-05
    outer loop
      vertex -19.2206 -4.08546 14.5
      vertex -18.985 -5.06677 8.4
      vertex -18.9967 -5.01787 8.30798
    endloop
  endfacet
  facet normal 0.972361 0.233484 -0
    outer loop
      vertex -18.9804 -5.08579 8.43172
      vertex -19.2206 -4.08546 14.5
      vertex -18.9804 -5.08579 14.5
    endloop
  endfacet
  facet normal 0.97206 0.234731 -0.000217428
    outer loop
      vertex -19.2206 -4.08546 14.5
      vertex -18.9804 -5.08579 8.43172
      vertex -18.985 -5.06677 8.4
    endloop
  endfacet
  facet normal 0.971386 0.237504 0.000821839
    outer loop
      vertex -19.0479 -4.8049 7.38584
      vertex -19.2206 -4.08546 3.59999
      vertex -19.048 -4.80454 7.4
    endloop
  endfacet
  facet normal 0.971888 0.235445 0.000407695
    outer loop
      vertex -19.0473 -4.80722 7.29533
      vertex -19.2206 -4.08546 3.59999
      vertex -19.0479 -4.8049 7.38584
    endloop
  endfacet
  facet normal 0.9726 0.232486 -0.000203565
    outer loop
      vertex -19.0454 -4.81526 7.19094
      vertex -19.2206 -4.08546 3.59999
      vertex -19.0473 -4.80722 7.29533
    endloop
  endfacet
  facet normal 0.972435 0.233175 -5.54997e-05
    outer loop
      vertex -19.0422 -4.82863 7.08713
      vertex -19.2206 -4.08546 3.59999
      vertex -19.0454 -4.81526 7.19094
    endloop
  endfacet
  facet normal 0.972764 0.231798 -0.000365758
    outer loop
      vertex -19.0416 -4.83117 7.07316
      vertex -19.2206 -4.08546 3.59999
      vertex -19.0422 -4.82863 7.08713
    endloop
  endfacet
  facet normal 0.972217 0.234081 0.000152563
    outer loop
      vertex -19.0377 -4.84731 6.98418
      vertex -19.2206 -4.08546 3.59999
      vertex -19.0416 -4.83117 7.07316
    endloop
  endfacet
  facet normal 0.972152 0.234351 0.000216819
    outer loop
      vertex -19.0327 -4.86797 6.89624
      vertex -19.2206 -4.08546 3.59999
      vertex -19.0377 -4.84731 6.98418
    endloop
  endfacet
  facet normal 0.975082 0.221824 -0.00292416
    outer loop
      vertex -19.032 -4.87123 6.88236
      vertex -19.2206 -4.08546 3.59999
      vertex -19.0327 -4.86797 6.89624
    endloop
  endfacet
  facet normal 0.972319 0.233658 6.76273e-05
    outer loop
      vertex -19.025 -4.90033 6.78197
      vertex -19.2206 -4.08546 3.59999
      vertex -19.032 -4.87123 6.88236
    endloop
  endfacet
  facet normal 0.972422 0.233227 -4.90189e-05
    outer loop
      vertex -19.0168 -4.93454 6.68326
      vertex -19.2206 -4.08546 3.59999
      vertex -19.025 -4.90033 6.78197
    endloop
  endfacet
  facet normal 0.972288 0.233788 0.000114236
    outer loop
      vertex -19.0155 -4.93994 6.66995
      vertex -19.2206 -4.08546 3.59999
      vertex -19.0168 -4.93454 6.68326
    endloop
  endfacet
  facet normal 0.972062 0.234724 0.000389998
    outer loop
      vertex -19.0073 -4.97376 6.58653
      vertex -19.2206 -4.08546 3.59999
      vertex -19.0155 -4.93994 6.66995
    endloop
  endfacet
  facet normal 0.972439 0.233156 -0.000103323
    outer loop
      vertex -18.9982 -5.01175 6.50514
      vertex -19.2206 -4.08546 3.59999
      vertex -19.0073 -4.97376 6.58653
    endloop
  endfacet
  facet normal 0.971706 0.236191 0.000920238
    outer loop
      vertex -18.9967 -5.01787 6.49202
      vertex -19.2206 -4.08546 3.59999
      vertex -18.9982 -5.01175 6.50514
    endloop
  endfacet
  facet normal 0.972477 0.232997 -0.000169111
    outer loop
      vertex -18.985 -5.06677 6.4
      vertex -19.2206 -4.08546 3.59999
      vertex -18.9967 -5.01787 6.49202
    endloop
  endfacet
  facet normal 0.972122 0.234476 0.000379179
    outer loop
      vertex -18.9804 -5.08579 6.36828
      vertex -19.2206 -4.08546 3.59999
      vertex -18.985 -5.06677 6.4
    endloop
  endfacet
  facet normal 0.972361 0.233484 0
    outer loop
      vertex -19.2206 -4.08546 3.59999
      vertex -18.9804 -5.08579 6.36828
      vertex -18.9804 -5.08579 3.59999
    endloop
  endfacet
  facet normal 0.959095 0.283086 0
    outer loop
      vertex -18.9804 -5.08579 14.5
      vertex -18.9704 -5.11967 8.48928
      vertex -18.9804 -5.08579 8.43172
    endloop
  endfacet
  facet normal 0.957935 0.286985 -2.39105e-05
    outer loop
      vertex -18.9804 -5.08579 14.5
      vertex -18.968 -5.12768 8.50141
      vertex -18.9704 -5.11967 8.48928
    endloop
  endfacet
  facet normal 0.95885 0.283914 -5.7171e-07
    outer loop
      vertex -18.9804 -5.08579 14.5
      vertex -18.9535 -5.17665 8.57557
      vertex -18.968 -5.12768 8.50141
    endloop
  endfacet
  facet normal 0.958976 0.283489 6.52869e-06
    outer loop
      vertex -18.9804 -5.08579 14.5
      vertex -18.9354 -5.23788 8.65864
      vertex -18.9535 -5.17665 8.57557
    endloop
  endfacet
  facet normal 0.958808 0.284054 -9.49497e-06
    outer loop
      vertex -18.9804 -5.08579 14.5
      vertex -18.9188 -5.29391 8.72694
      vertex -18.9354 -5.23788 8.65864
    endloop
  endfacet
  facet normal 0.957517 0.288377 -0.000179095
    outer loop
      vertex -18.9804 -5.08579 14.5
      vertex -18.916 -5.3032 8.73826
      vertex -18.9188 -5.29391 8.72694
    endloop
  endfacet
  facet normal 0.959344 0.28224 7.28901e-05
    outer loop
      vertex -18.9804 -5.08579 14.5
      vertex -18.9131 -5.31306 8.74907
      vertex -18.916 -5.3032 8.73826
    endloop
  endfacet
  facet normal 0.958775 0.284166 -9.89736e-06
    outer loop
      vertex -18.9804 -5.08579 14.5
      vertex -18.8955 -5.37244 8.81421
      vertex -18.9131 -5.31306 8.74907
    endloop
  endfacet
  facet normal 0.95886 0.283879 5.86549e-06
    outer loop
      vertex -18.9804 -5.08579 14.5
      vertex -18.8739 -5.4454 8.88629
      vertex -18.8955 -5.37244 8.81421
    endloop
  endfacet
  facet normal 0.958772 0.284176 -1.48355e-05
    outer loop
      vertex -18.9804 -5.08579 14.5
      vertex -18.8545 -5.51085 8.94448
      vertex -18.8739 -5.4454 8.88629
    endloop
  endfacet
  facet normal 0.960299 0.278972 0.000417957
    outer loop
      vertex -18.9804 -5.08579 14.5
      vertex -18.8513 -5.52188 8.95429
      vertex -18.8545 -5.51085 8.94448
    endloop
  endfacet
  facet normal 0.958631 0.284652 -6.75707e-05
    outer loop
      vertex -18.9804 -5.08579 14.5
      vertex -18.8276 -5.60168 9.01803
      vertex -18.8513 -5.52188 8.95429
    endloop
  endfacet
  facet normal 0.959068 0.283175 8.3667e-05
    outer loop
      vertex -18.9804 -5.08579 14.5
      vertex -18.8067 -5.67248 9.06869
      vertex -18.8276 -5.60168 9.01803
    endloop
  endfacet
  facet normal 0.958445 0.285276 -0.000163279
    outer loop
      vertex -18.9804 -5.08579 14.5
      vertex -18.8031 -5.68457 9.07734
      vertex -18.8067 -5.67248 9.06869
    endloop
  endfacet
  facet normal 0.959046 0.283249 8.02126e-05
    outer loop
      vertex -18.9804 -5.08579 14.5
      vertex -18.7994 -5.6971 9.08533
      vertex -18.8031 -5.68457 9.07734
    endloop
  endfacet
  facet normal 0.958804 0.284068 -2.02685e-05
    outer loop
      vertex -18.9804 -5.08579 14.5
      vertex -18.7777 -5.77034 9.13205
      vertex -18.7994 -5.6971 9.08533
    endloop
  endfacet
  facet normal 0.958885 0.283794 1.76462e-05
    outer loop
      vertex -18.9804 -5.08579 14.5
      vertex -18.7554 -5.84569 9.17464
      vertex -18.7777 -5.77034 9.13205
    endloop
  endfacet
  facet normal 0.958127 0.286343 -0.000378051
    outer loop
      vertex -18.9804 -5.08579 14.5
      vertex -18.7515 -5.85873 9.18201
      vertex -18.7554 -5.84569 9.17464
    endloop
  endfacet
  facet normal 0.958803 0.284072 -1.8994e-05
    outer loop
      vertex -18.9804 -5.08579 14.5
      vertex -18.7246 -5.94952 9.22709
      vertex -18.7515 -5.85873 9.18201
    endloop
  endfacet
  facet normal 0.958884 0.283798 2.99071e-05
    outer loop
      vertex -18.9804 -5.08579 14.5
      vertex -18.6971 -6.04244 9.26716
      vertex -18.7246 -5.94952 9.22709
    endloop
  endfacet
  facet normal 0.958826 0.283993 -8.90975e-06
    outer loop
      vertex -18.9804 -5.08579 14.5
      vertex -18.6929 -6.05662 9.27239
      vertex -18.6971 -6.04244 9.26716
    endloop
  endfacet
  facet normal 0.958841 0.283942 -0
    outer loop
      vertex -18.6883 -6.07218 9.27812
      vertex -18.9804 -5.08579 14.5
      vertex -18.6883 -6.07218 14.5
    endloop
  endfacet
  facet normal 0.958964 0.283529 8.47685e-05
    outer loop
      vertex -18.9804 -5.08579 14.5
      vertex -18.6883 -6.07218 9.27812
      vertex -18.6929 -6.05662 9.27239
    endloop
  endfacet
  facet normal 0.959095 0.283086 0
    outer loop
      vertex -18.9704 -5.11967 6.31072
      vertex -18.9804 -5.08579 3.59999
      vertex -18.9804 -5.08579 6.36828
    endloop
  endfacet
  facet normal 0.957947 0.286946 5.24786e-05
    outer loop
      vertex -18.968 -5.12768 6.29859
      vertex -18.9804 -5.08579 3.59999
      vertex -18.9704 -5.11967 6.31072
    endloop
  endfacet
  facet normal 0.95885 0.283913 1.25477e-06
    outer loop
      vertex -18.9535 -5.17665 6.22443
      vertex -18.9804 -5.08579 3.59999
      vertex -18.968 -5.12768 6.29859
    endloop
  endfacet
  facet normal 0.958973 0.283498 -1.43696e-05
    outer loop
      vertex -18.9354 -5.23788 6.14136
      vertex -18.9804 -5.08579 3.59999
      vertex -18.9535 -5.17665 6.22443
    endloop
  endfacet
  facet normal 0.958812 0.284042 2.09861e-05
    outer loop
      vertex -18.9188 -5.29391 6.07306
      vertex -18.9804 -5.08579 3.59999
      vertex -18.9354 -5.23788 6.14136
    endloop
  endfacet
  facet normal 0.95759 0.288135 0.000395878
    outer loop
      vertex -18.916 -5.3032 6.06174
      vertex -18.9804 -5.08579 3.59999
      vertex -18.9188 -5.29391 6.07306
    endloop
  endfacet
  facet normal 0.959317 0.28233 -0.000161957
    outer loop
      vertex -18.9131 -5.31306 6.05092
      vertex -18.9804 -5.08579 3.59999
      vertex -18.916 -5.3032 6.06174
    endloop
  endfacet
  facet normal 0.958779 0.284154 2.19934e-05
    outer loop
      vertex -18.8955 -5.37244 5.98579
      vertex -18.9804 -5.08579 3.59999
      vertex -18.9131 -5.31306 6.05092
    endloop
  endfacet
  facet normal 0.958858 0.283885 -1.31177e-05
    outer loop
      vertex -18.8739 -5.4454 5.91371
      vertex -18.9804 -5.08579 3.59999
      vertex -18.8955 -5.37244 5.98579
    endloop
  endfacet
  facet normal 0.958777 0.284161 3.34262e-05
    outer loop
      vertex -18.8545 -5.51085 5.85552
      vertex -18.9804 -5.08579 3.59999
      vertex -18.8739 -5.4454 5.91371
    endloop
  endfacet
  facet normal 0.960174 0.279401 -0.000941553
    outer loop
      vertex -18.8513 -5.52188 5.84571
      vertex -18.9804 -5.08579 3.59999
      vertex -18.8545 -5.51085 5.85552
    endloop
  endfacet
  facet normal 0.95865 0.284589 0.000153533
    outer loop
      vertex -18.8276 -5.60168 5.78197
      vertex -18.9804 -5.08579 3.59999
      vertex -18.8513 -5.52188 5.84571
    endloop
  endfacet
  facet normal 0.959047 0.283246 -0.00019189
    outer loop
      vertex -18.8067 -5.67248 5.73131
      vertex -18.9804 -5.08579 3.59999
      vertex -18.8276 -5.60168 5.78197
    endloop
  endfacet
  facet normal 0.958487 0.285137 0.000374506
    outer loop
      vertex -18.8031 -5.68457 5.72266
      vertex -18.9804 -5.08579 3.59999
      vertex -18.8067 -5.67248 5.73131
    endloop
  endfacet
  facet normal 0.959028 0.283311 -0.000185899
    outer loop
      vertex -18.7994 -5.6971 5.71467
      vertex -18.9804 -5.08579 3.59999
      vertex -18.8031 -5.68457 5.72266
    endloop
  endfacet
  facet normal 0.958809 0.284052 4.69736e-05
    outer loop
      vertex -18.7777 -5.77034 5.66795
      vertex -18.9804 -5.08579 3.59999
      vertex -18.7994 -5.6971 5.71467
    endloop
  endfacet
  facet normal 0.958882 0.283807 -4.13669e-05
    outer loop
      vertex -18.7554 -5.84569 5.62536
      vertex -18.9804 -5.08579 3.59999
      vertex -18.7777 -5.77034 5.66795
    endloop
  endfacet
  facet normal 0.958206 0.286079 0.000886327
    outer loop
      vertex -18.7515 -5.85873 5.61799
      vertex -18.9804 -5.08579 3.59999
      vertex -18.7554 -5.84569 5.62536
    endloop
  endfacet
  facet normal 0.958806 0.284061 4.50914e-05
    outer loop
      vertex -18.7246 -5.94952 5.57291
      vertex -18.9804 -5.08579 3.59999
      vertex -18.7515 -5.85873 5.61799
    endloop
  endfacet
  facet normal 0.958879 0.283815 -7.19863e-05
    outer loop
      vertex -18.6971 -6.04244 5.53284
      vertex -18.9804 -5.08579 3.59999
      vertex -18.7246 -5.94952 5.57291
    endloop
  endfacet
  facet normal 0.958825 0.283998 -4.36273e-06
    outer loop
      vertex -18.6883 -6.07218 3.59999
      vertex -18.6971 -6.04244 5.53284
      vertex -18.6929 -6.05662 5.52761
    endloop
  endfacet
  facet normal 0.958972 0.283501 -0
    outer loop
      vertex -18.6883 -6.07218 3.59999
      vertex -18.6929 -6.05662 5.52761
      vertex -18.6883 -6.07218 5.52187
    endloop
  endfacet
  facet normal 0.958841 0.283942 -3.43093e-06
    outer loop
      vertex -18.6971 -6.04244 5.53284
      vertex -18.6883 -6.07218 3.59999
      vertex -18.9804 -5.08579 3.59999
    endloop
  endfacet
  facet normal 0.649421 0.760429 -0
    outer loop
      vertex -12.3661 -15.2709 3.59999
      vertex -13.1484 -14.6028 14.5
      vertex -12.3661 -15.2709 14.5
    endloop
  endfacet
  facet normal 0.649421 0.760429 0
    outer loop
      vertex -13.1484 -14.6028 14.5
      vertex -12.3661 -15.2709 3.59999
      vertex -13.1484 -14.6028 3.59999
    endloop
  endfacet
  facet normal 0.477173 0.878809 -1.07855e-06
    outer loop
      vertex -9.64121 -17.1172 9.38904
      vertex -9.825 -17.0174 14.5
      vertex -8.92091 -17.5083 14.5
    endloop
  endfacet
  facet normal 0.47707 0.878866 0
    outer loop
      vertex -9.825 -17.0174 14.5
      vertex -9.74689 -17.0598 9.39767
      vertex -9.825 -17.0174 9.4
    endloop
  endfacet
  facet normal 0.479472 0.877557 4.76499e-05
    outer loop
      vertex -9.825 -17.0174 14.5
      vertex -9.73298 -17.0674 9.39726
      vertex -9.74689 -17.0598 9.39767
    endloop
  endfacet
  facet normal 0.475913 0.879493 -3.54986e-05
    outer loop
      vertex -9.825 -17.0174 14.5
      vertex -9.71912 -17.0749 9.39602
      vertex -9.73298 -17.0674 9.39726
    endloop
  endfacet
  facet normal 0.477144 0.878825 -2.43779e-06
    outer loop
      vertex -9.825 -17.0174 14.5
      vertex -9.64121 -17.1172 9.38904
      vertex -9.71912 -17.0749 9.39602
    endloop
  endfacet
  facet normal 0.476794 0.879015 6.81706e-05
    outer loop
      vertex -8.92091 -17.5083 14.5
      vertex -9.54995 -17.1667 9.37538
      vertex -9.64121 -17.1172 9.38904
    endloop
  endfacet
  facet normal 0.477375 0.8787 -2.42609e-05
    outer loop
      vertex -8.92091 -17.5083 14.5
      vertex -9.47301 -17.2085 9.35916
      vertex -9.54995 -17.1667 9.37538
    endloop
  endfacet
  facet normal 0.478727 0.877964 -0.000212324
    outer loop
      vertex -8.92091 -17.5083 14.5
      vertex -9.45944 -17.2159 9.35629
      vertex -9.47301 -17.2085 9.35916
    endloop
  endfacet
  facet normal 0.478091 0.87831 -0.000126086
    outer loop
      vertex -8.92091 -17.5083 14.5
      vertex -9.44603 -17.2232 9.35263
      vertex -9.45944 -17.2159 9.35629
    endloop
  endfacet
  facet normal 0.476994 0.878907 1.88911e-05
    outer loop
      vertex -8.92091 -17.5083 14.5
      vertex -9.36993 -17.2645 9.33185
      vertex -9.44603 -17.2232 9.35263
    endloop
  endfacet
  facet normal 0.477 0.878903 1.82147e-05
    outer loop
      vertex -8.92091 -17.5083 14.5
      vertex -9.28167 -17.3124 9.30211
      vertex -9.36993 -17.2645 9.33185
    endloop
  endfacet
  facet normal 0.476393 0.879232 7.26959e-05
    outer loop
      vertex -8.92091 -17.5083 14.5
      vertex -9.26875 -17.3194 9.2969
      vertex -9.28167 -17.3124 9.30211
    endloop
  endfacet
  facet normal 0.477185 0.878803 4.18919e-06
    outer loop
      vertex -8.92091 -17.5083 14.5
      vertex -9.1949 -17.3595 9.26716
      vertex -9.26875 -17.3194 9.2969
    endloop
  endfacet
  facet normal 0.47697 0.87892 1.87617e-05
    outer loop
      vertex -8.92091 -17.5083 14.5
      vertex -9.12248 -17.3988 9.23304
      vertex -9.1949 -17.3595 9.26716
    endloop
  endfacet
  facet normal 0.479687 0.87744 -0.000115962
    outer loop
      vertex -8.92091 -17.5083 14.5
      vertex -9.10986 -17.4057 9.22709
      vertex -9.12248 -17.3988 9.23304
    endloop
  endfacet
  facet normal 0.477742 0.8785 -2.56422e-05
    outer loop
      vertex -8.92091 -17.5083 14.5
      vertex -9.09754 -17.4124 9.22041
      vertex -9.10986 -17.4057 9.22709
    endloop
  endfacet
  facet normal 0.476974 0.878917 7.60686e-06
    outer loop
      vertex -8.92091 -17.5083 14.5
      vertex -9.02678 -17.4508 9.18201
      vertex -9.09754 -17.4124 9.22041
    endloop
  endfacet
  facet normal 0.476952 0.878929 8.18759e-06
    outer loop
      vertex -8.92091 -17.5083 14.5
      vertex -8.94588 -17.4947 9.13205
      vertex -9.02678 -17.4508 9.18201
    endloop
  endfacet
  facet normal 0.47831 0.878191 0
    outer loop
      vertex -8.94588 -17.4947 9.13205
      vertex -8.92091 -17.5083 14.5
      vertex -8.92091 -17.5083 9.11465
    endloop
  endfacet
  facet normal 0.477187 0.878802 -1.0955e-05
    outer loop
      vertex -8.92091 -17.5083 3.59999
      vertex -9.26875 -17.3194 5.50309
      vertex -9.1949 -17.3595 5.53284
    endloop
  endfacet
  facet normal 0.47831 0.878191 -0
    outer loop
      vertex -8.92091 -17.5083 3.59999
      vertex -8.94588 -17.4947 5.66795
      vertex -8.92091 -17.5083 5.68535
    endloop
  endfacet
  facet normal 0.476958 0.878926 -2.11563e-05
    outer loop
      vertex -8.92091 -17.5083 3.59999
      vertex -9.02678 -17.4508 5.61799
      vertex -8.94588 -17.4947 5.66795
    endloop
  endfacet
  facet normal 0.47698 0.878914 -1.97018e-05
    outer loop
      vertex -8.92091 -17.5083 3.59999
      vertex -9.09754 -17.4124 5.57959
      vertex -9.02678 -17.4508 5.61799
    endloop
  endfacet
  facet normal 0.477725 0.87851 6.64159e-05
    outer loop
      vertex -8.92091 -17.5083 3.59999
      vertex -9.10986 -17.4057 5.57291
      vertex -9.09754 -17.4124 5.57959
    endloop
  endfacet
  facet normal 0.479619 0.877477 0.000301557
    outer loop
      vertex -8.92091 -17.5083 3.59999
      vertex -9.12248 -17.3988 5.56696
      vertex -9.10986 -17.4057 5.57291
    endloop
  endfacet
  facet normal 0.476981 0.878914 -4.87881e-05
    outer loop
      vertex -8.92091 -17.5083 3.59999
      vertex -9.1949 -17.3595 5.53284
      vertex -9.12248 -17.3988 5.56696
    endloop
  endfacet
  facet normal 0.47643 0.879212 -0.000190119
    outer loop
      vertex -9.26875 -17.3194 5.50309
      vertex -8.92091 -17.5083 3.59999
      vertex -9.28167 -17.3124 5.49789
    endloop
  endfacet
  facet normal 0.477008 0.878899 -4.79791e-05
    outer loop
      vertex -8.92091 -17.5083 3.59999
      vertex -9.36993 -17.2645 5.46815
      vertex -9.28167 -17.3124 5.49789
    endloop
  endfacet
  facet normal 0.477 0.878903 -5.02056e-05
    outer loop
      vertex -8.92091 -17.5083 3.59999
      vertex -9.44603 -17.2232 5.44737
      vertex -9.36993 -17.2645 5.46815
    endloop
  endfacet
  facet normal 0.478047 0.878334 0.000335043
    outer loop
      vertex -8.92091 -17.5083 3.59999
      vertex -9.45944 -17.2159 5.4437
      vertex -9.44603 -17.2232 5.44737
    endloop
  endfacet
  facet normal 0.478669 0.877995 0.000570381
    outer loop
      vertex -8.92091 -17.5083 3.59999
      vertex -9.47301 -17.2085 5.44084
      vertex -9.45944 -17.2159 5.4437
    endloop
  endfacet
  facet normal 0.477369 0.878703 6.5166e-05
    outer loop
      vertex -8.92091 -17.5083 3.59999
      vertex -9.54995 -17.1667 5.42462
      vertex -9.47301 -17.2085 5.44084
    endloop
  endfacet
  facet normal 0.477173 0.878809 -2.20593e-05
    outer loop
      vertex -9.825 -17.0174 3.59999
      vertex -9.54995 -17.1667 5.42462
      vertex -8.92091 -17.5083 3.59999
    endloop
  endfacet
  facet normal 0.476779 0.879023 5.47801e-05
    outer loop
      vertex -9.54995 -17.1667 5.42462
      vertex -9.825 -17.0174 3.59999
      vertex -9.64121 -17.1172 5.41096
    endloop
  endfacet
  facet normal 0.477144 0.878825 6.92073e-06
    outer loop
      vertex -9.64121 -17.1172 5.41096
      vertex -9.825 -17.0174 3.59999
      vertex -9.71912 -17.0749 5.40398
    endloop
  endfacet
  facet normal 0.475908 0.879495 0.000100778
    outer loop
      vertex -9.71912 -17.0749 5.40398
      vertex -9.825 -17.0174 3.59999
      vertex -9.73298 -17.0674 5.40274
    endloop
  endfacet
  facet normal 0.479474 0.877556 -0.000135006
    outer loop
      vertex -9.73298 -17.0674 5.40274
      vertex -9.825 -17.0174 3.59999
      vertex -9.74689 -17.0598 5.40233
    endloop
  endfacet
  facet normal 0.47707 0.878866 0
    outer loop
      vertex -9.74689 -17.0598 5.40233
      vertex -9.825 -17.0174 3.59999
      vertex -9.825 -17.0174 5.4
    endloop
  endfacet
  facet normal 0.923874 0.382696 0
    outer loop
      vertex -17.9512 -7.99237 14.5
      vertex -18.3449 -7.04193 9.3698
      vertex -18.3449 -7.04193 14.5
    endloop
  endfacet
  facet normal 0.923496 0.383608 0.000198133
    outer loop
      vertex -18.3449 -7.04193 9.3698
      vertex -17.9512 -7.99237 14.5
      vertex -18.3169 -7.10933 9.35629
    endloop
  endfacet
  facet normal 0.923875 0.382695 1.44372e-05
    outer loop
      vertex -18.3169 -7.10933 9.35629
      vertex -17.9512 -7.99237 14.5
      vertex -18.2779 -7.20348 9.33185
    endloop
  endfacet
  facet normal 0.924081 0.382196 -7.47583e-05
    outer loop
      vertex -18.2779 -7.20348 9.33185
      vertex -17.9512 -7.99237 14.5
      vertex -18.2395 -7.29633 9.30211
    endloop
  endfacet
  facet normal 0.923817 0.382834 2.51917e-05
    outer loop
      vertex -18.2395 -7.29633 9.30211
      vertex -17.9512 -7.99237 14.5
      vertex -18.2073 -7.37403 9.27236
    endloop
  endfacet
  facet normal 0.92436 0.38152 -0.000156727
    outer loop
      vertex -18.2073 -7.37403 9.27236
      vertex -17.9512 -7.99237 14.5
      vertex -18.2017 -7.3876 9.26716
    endloop
  endfacet
  facet normal 0.923994 0.382407 -3.67613e-05
    outer loop
      vertex -18.2017 -7.3876 9.26716
      vertex -17.9512 -7.99237 14.5
      vertex -18.1962 -7.40089 9.26121
    endloop
  endfacet
  facet normal 0.923678 0.38317 6.41564e-05
    outer loop
      vertex -18.1962 -7.40089 9.26121
      vertex -17.9512 -7.99237 14.5
      vertex -18.1646 -7.47706 9.22709
    endloop
  endfacet
  facet normal 0.924144 0.382044 -6.46853e-05
    outer loop
      vertex -18.1646 -7.47706 9.22709
      vertex -17.9512 -7.99237 14.5
      vertex -18.1338 -7.55157 9.18866
    endloop
  endfacet
  facet normal 0.922397 0.386242 0.000343742
    outer loop
      vertex -18.1338 -7.55157 9.18866
      vertex -17.9512 -7.99237 14.5
      vertex -18.1284 -7.56446 9.18201
    endloop
  endfacet
  facet normal 0.923634 0.383275 6.37468e-05
    outer loop
      vertex -18.1284 -7.56446 9.18201
      vertex -17.9512 -7.99237 14.5
      vertex -18.1232 -7.57699 9.17466
    endloop
  endfacet
  facet normal 0.92412 0.382103 -4.32667e-05
    outer loop
      vertex -18.1232 -7.57699 9.17466
      vertex -17.9512 -7.99237 14.5
      vertex -18.0932 -7.64955 9.13205
    endloop
  endfacet
  facet normal 0.92387 0.382707 1.84801e-06
    outer loop
      vertex -18.0932 -7.64955 9.13205
      vertex -17.9512 -7.99237 14.5
      vertex -18.059 -7.73211 9.07734
    endloop
  endfacet
  facet normal 0.923699 0.38312 2.5075e-05
    outer loop
      vertex -18.059 -7.73211 9.07734
      vertex -17.9512 -7.99237 14.5
      vertex -18.0259 -7.81191 9.01803
    endloop
  endfacet
  facet normal 0.923964 0.382479 3.71612e-07
    outer loop
      vertex -18.0259 -7.81191 9.01803
      vertex -17.9512 -7.99237 14.5
      vertex -17.9941 -7.88873 8.95429
    endloop
  endfacet
  facet normal 0.923875 0.382695 5.10004e-06
    outer loop
      vertex -17.9941 -7.88873 8.95429
      vertex -17.9512 -7.99237 14.5
      vertex -17.9636 -7.96236 8.88629
    endloop
  endfacet
  facet normal 0.924212 0.38188 0
    outer loop
      vertex -17.9636 -7.96236 8.88629
      vertex -17.9512 -7.99237 14.5
      vertex -17.9512 -7.99237 8.85549
    endloop
  endfacet
  facet normal 0.923482 0.383642 0
    outer loop
      vertex -18.3169 -7.10933 5.4437
      vertex -18.3449 -7.04193 3.59999
      vertex -18.3449 -7.04193 5.4302
    endloop
  endfacet
  facet normal 0.923877 0.382689 -4.08373e-05
    outer loop
      vertex -18.2779 -7.20348 5.46815
      vertex -18.3449 -7.04193 3.59999
      vertex -18.3169 -7.10933 5.4437
    endloop
  endfacet
  facet normal 0.924068 0.382228 0.000191078
    outer loop
      vertex -17.9512 -7.99237 3.59999
      vertex -18.2779 -7.20348 5.46815
      vertex -18.2395 -7.29633 5.49789
    endloop
  endfacet
  facet normal 0.923823 0.382821 -6.36009e-05
    outer loop
      vertex -17.9512 -7.99237 3.59999
      vertex -18.2395 -7.29633 5.49789
      vertex -18.2073 -7.37403 5.52764
    endloop
  endfacet
  facet normal 0.924328 0.381599 0.000395647
    outer loop
      vertex -17.9512 -7.99237 3.59999
      vertex -18.2073 -7.37403 5.52764
      vertex -18.2017 -7.3876 5.53284
    endloop
  endfacet
  facet normal 0.923985 0.382428 9.18118e-05
    outer loop
      vertex -17.9512 -7.99237 3.59999
      vertex -18.2017 -7.3876 5.53284
      vertex -18.1962 -7.40089 5.53879
    endloop
  endfacet
  facet normal 0.923693 0.383133 -0.00016023
    outer loop
      vertex -17.9512 -7.99237 3.59999
      vertex -18.1962 -7.40089 5.53879
      vertex -18.1646 -7.47706 5.57291
    endloop
  endfacet
  facet normal 0.924127 0.382086 0.000160032
    outer loop
      vertex -17.9512 -7.99237 3.59999
      vertex -18.1646 -7.47706 5.57291
      vertex -18.1338 -7.55157 5.61134
    endloop
  endfacet
  facet normal 0.92249 0.386019 -0.000850513
    outer loop
      vertex -17.9512 -7.99237 3.59999
      vertex -18.1338 -7.55157 5.61134
      vertex -18.1284 -7.56446 5.61799
    endloop
  endfacet
  facet normal 0.923654 0.383228 -0.000156462
    outer loop
      vertex -17.9512 -7.99237 3.59999
      vertex -18.1284 -7.56446 5.61799
      vertex -18.1232 -7.57699 5.62534
    endloop
  endfacet
  facet normal 0.924106 0.382135 0.000106184
    outer loop
      vertex -17.9512 -7.99237 3.59999
      vertex -18.1232 -7.57699 5.62534
      vertex -18.0932 -7.64955 5.66795
    endloop
  endfacet
  facet normal 0.923871 0.382705 -4.50511e-06
    outer loop
      vertex -17.9512 -7.99237 3.59999
      vertex -18.0932 -7.64955 5.66795
      vertex -18.059 -7.73211 5.72266
    endloop
  endfacet
  facet normal 0.923708 0.383097 -6.08025e-05
    outer loop
      vertex -17.9512 -7.99237 3.59999
      vertex -18.059 -7.73211 5.72266
      vertex -18.0259 -7.81191 5.78197
    endloop
  endfacet
  facet normal 0.923964 0.382479 -8.97542e-07
    outer loop
      vertex -17.9512 -7.99237 3.59999
      vertex -18.0259 -7.81191 5.78197
      vertex -17.9941 -7.88873 5.84571
    endloop
  endfacet
  facet normal 0.923877 0.382689 -1.2288e-05
    outer loop
      vertex -17.9512 -7.99237 3.59999
      vertex -17.9941 -7.88873 5.84571
      vertex -17.9636 -7.96236 5.91371
    endloop
  endfacet
  facet normal 0.924212 0.38188 -0
    outer loop
      vertex -17.9512 -7.99237 3.59999
      vertex -17.9636 -7.96236 5.91371
      vertex -17.9512 -7.99237 5.94451
    endloop
  endfacet
  facet normal 0.923874 0.382696 -4.01925e-05
    outer loop
      vertex -18.2779 -7.20348 5.46815
      vertex -17.9512 -7.99237 3.59999
      vertex -18.3449 -7.04193 3.59999
    endloop
  endfacet
  facet normal 0.566422 0.824116 -0
    outer loop
      vertex -10.7022 -16.4799 9.11465
      vertex -11.55 -15.8972 14.5
      vertex -10.7022 -16.4799 14.5
    endloop
  endfacet
  facet normal 0.566704 0.823921 6.55565e-05
    outer loop
      vertex -10.7525 -16.4453 9.07734
      vertex -11.55 -15.8972 14.5
      vertex -10.7022 -16.4799 9.11465
    endloop
  endfacet
  facet normal 0.566771 0.823876 7.99332e-05
    outer loop
      vertex -10.8134 -16.4034 9.02668
      vertex -11.55 -15.8972 14.5
      vertex -10.7525 -16.4453 9.07734
    endloop
  endfacet
  facet normal 0.564086 0.825716 -0.000451642
    outer loop
      vertex -10.8238 -16.3963 9.01803
      vertex -11.55 -15.8972 14.5
      vertex -10.8134 -16.4034 9.02668
    endloop
  endfacet
  facet normal 0.567759 0.823195 0.000264539
    outer loop
      vertex -10.8338 -16.3894 9.00876
      vertex -11.55 -15.8972 14.5
      vertex -10.8238 -16.3963 9.01803
    endloop
  endfacet
  facet normal 0.566034 0.824382 -6.67997e-05
    outer loop
      vertex -10.8925 -16.3491 8.95429
      vertex -11.55 -15.8972 14.5
      vertex -10.8338 -16.3894 9.00876
    endloop
  endfacet
  facet normal 0.56699 0.823725 0.000100005
    outer loop
      vertex -10.9583 -16.3038 8.88629
      vertex -11.55 -15.8972 14.5
      vertex -10.8925 -16.3491 8.95429
    endloop
  endfacet
  facet normal 0.565912 0.824465 -6.7198e-05
    outer loop
      vertex -11.0211 -16.2607 8.81421
      vertex -11.55 -15.8972 14.5
      vertex -10.9583 -16.3038 8.88629
    endloop
  endfacet
  facet normal 0.567188 0.823588 0.00010752
    outer loop
      vertex -11.0722 -16.2255 8.74905
      vertex -11.55 -15.8972 14.5
      vertex -11.0211 -16.2607 8.81421
    endloop
  endfacet
  facet normal 0.563894 0.825847 -0.000295106
    outer loop
      vertex -11.0807 -16.2197 8.73826
      vertex -11.55 -15.8972 14.5
      vertex -11.0722 -16.2255 8.74905
    endloop
  endfacet
  facet normal 0.566511 0.824054 1.84381e-05
    outer loop
      vertex -11.0887 -16.2142 8.72696
      vertex -11.55 -15.8972 14.5
      vertex -11.0807 -16.2197 8.73826
    endloop
  endfacet
  facet normal 0.56612 0.824323 -2.75948e-05
    outer loop
      vertex -11.1369 -16.1811 8.65864
      vertex -11.55 -15.8972 14.5
      vertex -11.0887 -16.2142 8.72696
    endloop
  endfacet
  facet normal 0.567363 0.823467 0.000101932
    outer loop
      vertex -11.1443 -16.176 8.64692
      vertex -11.55 -15.8972 14.5
      vertex -11.1369 -16.1811 8.65864
    endloop
  endfacet
  facet normal 0.566025 0.824388 -3.46752e-05
    outer loop
      vertex -11.1896 -16.1449 8.57557
      vertex -11.55 -15.8972 14.5
      vertex -11.1443 -16.176 8.64692
    endloop
  endfacet
  facet normal 0.566646 0.823961 2.0971e-05
    outer loop
      vertex -11.2386 -16.1112 8.48928
      vertex -11.55 -15.8972 14.5
      vertex -11.1896 -16.1449 8.57557
    endloop
  endfacet
  facet normal 0.566351 0.824164 -1.53124e-06
    outer loop
      vertex -11.2776 -16.0844 8.41242
      vertex -11.55 -15.8972 14.5
      vertex -11.2386 -16.1112 8.48928
    endloop
  endfacet
  facet normal 0.56961 0.821915 0.000213442
    outer loop
      vertex -11.2838 -16.0801 8.4
      vertex -11.55 -15.8972 14.5
      vertex -11.2776 -16.0844 8.41242
    endloop
  endfacet
  facet normal 0.566585 0.824003 1.88096e-05
    outer loop
      vertex -11.3251 -16.0517 8.30798
      vertex -11.55 -15.8972 14.5
      vertex -11.2838 -16.0801 8.4
    endloop
  endfacet
  facet normal 0.55904 0.829141 -0.000383422
    outer loop
      vertex -11.3303 -16.0482 8.2949
      vertex -11.55 -15.8972 14.5
      vertex -11.3251 -16.0517 8.30798
    endloop
  endfacet
  facet normal 0.567019 0.823705 3.13812e-05
    outer loop
      vertex -11.3624 -16.0261 8.21347
      vertex -11.55 -15.8972 14.5
      vertex -11.3303 -16.0482 8.2949
    endloop
  endfacet
  facet normal 0.565384 0.824828 -4.04298e-05
    outer loop
      vertex -11.391 -16.0065 8.13004
      vertex -11.55 -15.8972 14.5
      vertex -11.3624 -16.0261 8.21347
    endloop
  endfacet
  facet normal 0.578642 0.815582 0.000449133
    outer loop
      vertex -11.3955 -16.0033 8.11674
      vertex -11.55 -15.8972 14.5
      vertex -11.391 -16.0065 8.13004
    endloop
  endfacet
  facet normal 0.565264 0.82491 -2.96961e-05
    outer loop
      vertex -11.4244 -15.9835 8.01803
      vertex -11.55 -15.8972 14.5
      vertex -11.3955 -16.0033 8.11674
    endloop
  endfacet
  facet normal 0.565446 0.824785 -2.45301e-05
    outer loop
      vertex -11.4457 -15.9689 7.93136
      vertex -11.55 -15.8972 14.5
      vertex -11.4244 -15.9835 8.01803
    endloop
  endfacet
  facet normal 0.571467 0.820625 0.000116484
    outer loop
      vertex -11.449 -15.9666 7.91764
      vertex -11.55 -15.8972 14.5
      vertex -11.4457 -15.9689 7.93136
    endloop
  endfacet
  facet normal 0.566835 0.823831 1.16172e-05
    outer loop
      vertex -11.4692 -15.9527 7.81582
      vertex -11.55 -15.8972 14.5
      vertex -11.449 -15.9666 7.91764
    endloop
  endfacet
  facet normal 0.563541 0.826088 -4.69403e-05
    outer loop
      vertex -11.4714 -15.9512 7.80179
      vertex -11.55 -15.8972 14.5
      vertex -11.4692 -15.9527 7.81582
    endloop
  endfacet
  facet normal 0.568416 0.822741 3.7243e-05
    outer loop
      vertex -11.485 -15.9418 7.71287
      vertex -11.55 -15.8972 14.5
      vertex -11.4714 -15.9512 7.80179
    endloop
  endfacet
  facet normal 0.555628 0.831431 -0.000142328
    outer loop
      vertex -11.4865 -15.9408 7.69874
      vertex -11.55 -15.8972 14.5
      vertex -11.485 -15.9418 7.71287
    endloop
  endfacet
  facet normal 0.564512 0.825425 -2.08789e-05
    outer loop
      vertex -11.4963 -15.9341 7.60906
      vertex -11.55 -15.8972 14.5
      vertex -11.4865 -15.9408 7.69874
    endloop
  endfacet
  facet normal 0.570199 0.821507 4.44153e-05
    outer loop
      vertex -11.5022 -15.93 7.51886
      vertex -11.55 -15.8972 14.5
      vertex -11.4963 -15.9341 7.60906
    endloop
  endfacet
  facet normal 0.555795 0.83132 -0.000100313
    outer loop
      vertex -11.5031 -15.9294 7.50467
      vertex -11.55 -15.8972 14.5
      vertex -11.5022 -15.93 7.51886
    endloop
  endfacet
  facet normal 0.550967 0.834527 -0.000147445
    outer loop
      vertex -11.5054 -15.9279 7.4
      vertex -11.55 -15.8972 14.5
      vertex -11.5031 -15.9294 7.50467
    endloop
  endfacet
  facet normal -0.847195 -0.530358 -0.031308
    outer loop
      vertex -11.4963 -15.9341 7.19094
      vertex -11.5031 -15.9294 7.29533
      vertex -11.5022 -15.93 7.28114
    endloop
  endfacet
  facet normal -0.296554 -0.953406 0.0554306
    outer loop
      vertex -11.4692 -15.9527 6.98418
      vertex -11.485 -15.9418 7.08713
      vertex -11.4714 -15.9512 6.99821
    endloop
  endfacet
  facet normal 0.565459 0.824776 7.81798e-05
    outer loop
      vertex -11.55 -15.8972 3.59999
      vertex -11.391 -16.0065 6.66996
      vertex -11.3624 -16.0261 6.58653
    endloop
  endfacet
  facet normal 0.56725 0.823545 -0.000207213
    outer loop
      vertex -11.55 -15.8972 3.59999
      vertex -11.1443 -16.176 6.15308
      vertex -11.1369 -16.1811 6.14136
    endloop
  endfacet
  facet normal 0.567567 0.823327 -0.000570384
    outer loop
      vertex -11.55 -15.8972 3.59999
      vertex -10.8338 -16.3894 5.79124
      vertex -10.8238 -16.3963 5.78197
    endloop
  endfacet
  facet normal 0.566717 0.823912 -0.000174619
    outer loop
      vertex -11.55 -15.8972 3.59999
      vertex -10.8134 -16.4034 5.77332
      vertex -10.7525 -16.4453 5.72266
    endloop
  endfacet
  facet normal 0.566422 0.824116 0
    outer loop
      vertex -11.55 -15.8972 3.59999
      vertex -10.7022 -16.4799 5.68535
      vertex -10.7022 -16.4799 3.59999
    endloop
  endfacet
  facet normal 0.566664 0.823949 -0.000145266
    outer loop
      vertex -10.7022 -16.4799 5.68535
      vertex -11.55 -15.8972 3.59999
      vertex -10.7525 -16.4453 5.72266
    endloop
  endfacet
  facet normal 0.564389 0.825509 0.000986363
    outer loop
      vertex -10.8134 -16.4034 5.77332
      vertex -11.55 -15.8972 3.59999
      vertex -10.8238 -16.3963 5.78197
    endloop
  endfacet
  facet normal 0.566083 0.824348 0.000143983
    outer loop
      vertex -10.8338 -16.3894 5.79124
      vertex -11.55 -15.8972 3.59999
      vertex -10.8925 -16.3491 5.84571
    endloop
  endfacet
  facet normal 0.566911 0.823779 -0.000212837
    outer loop
      vertex -10.8925 -16.3491 5.84571
      vertex -11.55 -15.8972 3.59999
      vertex -10.9583 -16.3038 5.91371
    endloop
  endfacet
  facet normal 0.56597 0.824426 0.000141285
    outer loop
      vertex -10.9583 -16.3038 5.91371
      vertex -11.55 -15.8972 3.59999
      vertex -11.0211 -16.2607 5.98579
    endloop
  endfacet
  facet normal 0.567088 0.823657 -0.000223483
    outer loop
      vertex -11.0211 -16.2607 5.98579
      vertex -11.55 -15.8972 3.59999
      vertex -11.0722 -16.2255 6.05095
    endloop
  endfacet
  facet normal 0.564169 0.825659 0.000613479
    outer loop
      vertex -11.0722 -16.2255 6.05095
      vertex -11.55 -15.8972 3.59999
      vertex -11.0807 -16.2197 6.06174
    endloop
  endfacet
  facet normal 0.566492 0.824067 -3.79186e-05
    outer loop
      vertex -11.0807 -16.2197 6.06174
      vertex -11.55 -15.8972 3.59999
      vertex -11.0887 -16.2142 6.07303
    endloop
  endfacet
  facet normal 0.566148 0.824304 5.67142e-05
    outer loop
      vertex -11.0887 -16.2142 6.07303
      vertex -11.55 -15.8972 3.59999
      vertex -11.1369 -16.1811 6.14136
    endloop
  endfacet
  facet normal 0.566064 0.824362 7.05203e-05
    outer loop
      vertex -11.1443 -16.176 6.15308
      vertex -11.55 -15.8972 3.59999
      vertex -11.1896 -16.1449 6.22443
    endloop
  endfacet
  facet normal 0.566621 0.823978 -4.2206e-05
    outer loop
      vertex -11.1896 -16.1449 6.22443
      vertex -11.55 -15.8972 3.59999
      vertex -11.2386 -16.1112 6.31072
    endloop
  endfacet
  facet normal 0.566354 0.824162 3.05121e-06
    outer loop
      vertex -11.2386 -16.1112 6.31072
      vertex -11.55 -15.8972 3.59999
      vertex -11.2776 -16.0844 6.38758
    endloop
  endfacet
  facet normal 0.569324 0.822113 -0.000424855
    outer loop
      vertex -11.2776 -16.0844 6.38758
      vertex -11.55 -15.8972 3.59999
      vertex -11.2838 -16.0801 6.4
    endloop
  endfacet
  facet normal 0.566557 0.824022 -3.71038e-05
    outer loop
      vertex -11.2838 -16.0801 6.4
      vertex -11.55 -15.8972 3.59999
      vertex -11.3251 -16.0517 6.49202
    endloop
  endfacet
  facet normal 0.559672 0.828714 0.000748966
    outer loop
      vertex -11.3251 -16.0517 6.49202
      vertex -11.55 -15.8972 3.59999
      vertex -11.3303 -16.0482 6.5051
    endloop
  endfacet
  facet normal 0.566968 0.82374 -6.12927e-05
    outer loop
      vertex -11.3303 -16.0482 6.5051
      vertex -11.55 -15.8972 3.59999
      vertex -11.3624 -16.0261 6.58653
    endloop
  endfacet
  facet normal 0.577818 0.816165 -0.000868448
    outer loop
      vertex -11.391 -16.0065 6.66996
      vertex -11.55 -15.8972 3.59999
      vertex -11.3955 -16.0033 6.68326
    endloop
  endfacet
  facet normal 0.565328 0.824867 5.68316e-05
    outer loop
      vertex -11.3955 -16.0033 6.68326
      vertex -11.55 -15.8972 3.59999
      vertex -11.4244 -15.9835 6.78197
    endloop
  endfacet
  facet normal 0.565506 0.824744 4.64471e-05
    outer loop
      vertex -11.4244 -15.9835 6.78197
      vertex -11.55 -15.8972 3.59999
      vertex -11.4457 -15.9689 6.86864
    endloop
  endfacet
  facet normal 0.566999 0.823718 0
    outer loop
      vertex -11.5054 -15.9279 7.4
      vertex -11.55 -15.8972 3.59999
      vertex -11.55 -15.8972 14.5
    endloop
  endfacet
  facet normal 0.553604 0.83278 0.000230425
    outer loop
      vertex -11.5031 -15.9294 7.29533
      vertex -11.55 -15.8972 3.59999
      vertex -11.5054 -15.9279 7.4
    endloop
  endfacet
  facet normal 0.568162 0.822917 -4.02904e-05
    outer loop
      vertex -11.4963 -15.9341 7.19094
      vertex -11.55 -15.8972 3.59999
      vertex -11.5031 -15.9294 7.29533
    endloop
  endfacet
  facet normal 0.564617 0.825353 3.77532e-05
    outer loop
      vertex -11.4865 -15.9408 7.10126
      vertex -11.55 -15.8972 3.59999
      vertex -11.4963 -15.9341 7.19094
    endloop
  endfacet
  facet normal 0.556373 0.830932 0.000256746
    outer loop
      vertex -11.485 -15.9418 7.08713
      vertex -11.55 -15.8972 3.59999
      vertex -11.4865 -15.9408 7.10126
    endloop
  endfacet
  facet normal 0.56763 0.823284 -5.08985e-05
    outer loop
      vertex -11.4692 -15.9527 6.98418
      vertex -11.55 -15.8972 3.59999
      vertex -11.485 -15.9418 7.08713
    endloop
  endfacet
  facet normal 0.566801 0.823855 -2.17292e-05
    outer loop
      vertex -11.449 -15.9666 6.88236
      vertex -11.55 -15.8972 3.59999
      vertex -11.4692 -15.9527 6.98418
    endloop
  endfacet
  facet normal 0.571176 0.820828 -0.000220365
    outer loop
      vertex -11.4457 -15.9689 6.86864
      vertex -11.55 -15.8972 3.59999
      vertex -11.449 -15.9666 6.88236
    endloop
  endfacet
  facet normal 0.522187 0.852831 0
    outer loop
      vertex -9.90078 -16.971 9.39767
      vertex -9.825 -17.0174 14.5
      vertex -9.825 -17.0174 9.4
    endloop
  endfacet
  facet normal 0.523746 0.851874 -3.18477e-05
    outer loop
      vertex -9.91428 -16.9627 9.39726
      vertex -9.825 -17.0174 14.5
      vertex -9.90078 -16.971 9.39767
    endloop
  endfacet
  facet normal 0.52516 0.851003 -6.59355e-05
    outer loop
      vertex -9.92773 -16.9544 9.39602
      vertex -9.825 -17.0174 14.5
      vertex -9.91428 -16.9627 9.39726
    endloop
  endfacet
  facet normal 0.522421 0.852688 9.99108e-06
    outer loop
      vertex -10.0033 -16.9081 9.38904
      vertex -9.825 -17.0174 14.5
      vertex -9.92773 -16.9544 9.39602
    endloop
  endfacet
  facet normal 0.522464 0.852661 7.9326e-06
    outer loop
      vertex -9.825 -17.0174 14.5
      vertex -10.0033 -16.9081 9.38904
      vertex -10.7022 -16.4799 14.5
    endloop
  endfacet
  facet normal 0.521851 0.853036 -0.000107262
    outer loop
      vertex -10.0919 -16.8539 9.37538
      vertex -10.7022 -16.4799 14.5
      vertex -10.0033 -16.9081 9.38904
    endloop
  endfacet
  facet normal 0.522472 0.852657 -5.65245e-06
    outer loop
      vertex -10.1797 -16.8001 9.35629
      vertex -10.7022 -16.4799 14.5
      vertex -10.0919 -16.8539 9.37538
    endloop
  endfacet
  facet normal 0.523254 0.852177 0.00010371
    outer loop
      vertex -10.2665 -16.7468 9.33185
      vertex -10.7022 -16.4799 14.5
      vertex -10.1797 -16.8001 9.35629
    endloop
  endfacet
  facet normal 0.520427 0.853906 -0.00022399
    outer loop
      vertex -10.2793 -16.739 9.32741
      vertex -10.7022 -16.4799 14.5
      vertex -10.2665 -16.7468 9.33185
    endloop
  endfacet
  facet normal 0.522398 0.852702 -2.51012e-06
    outer loop
      vertex -10.3521 -16.6944 9.30211
      vertex -10.7022 -16.4799 14.5
      vertex -10.2793 -16.739 9.32741
    endloop
  endfacet
  facet normal 0.523019 0.852321 5.50632e-05
    outer loop
      vertex -10.4238 -16.6504 9.27236
      vertex -10.7022 -16.4799 14.5
      vertex -10.3521 -16.6944 9.30211
    endloop
  endfacet
  facet normal 0.519573 0.854426 -0.000197126
    outer loop
      vertex -10.4363 -16.6428 9.26716
      vertex -10.7022 -16.4799 14.5
      vertex -10.4238 -16.6504 9.27236
    endloop
  endfacet
  facet normal 0.522818 0.852444 2.94641e-05
    outer loop
      vertex -10.5188 -16.5922 9.22709
      vertex -10.7022 -16.4799 14.5
      vertex -10.4363 -16.6428 9.26716
    endloop
  endfacet
  facet normal 0.522555 0.852605 1.68843e-05
    outer loop
      vertex -10.5994 -16.5428 9.18201
      vertex -10.7022 -16.4799 14.5
      vertex -10.5188 -16.5922 9.22709
    endloop
  endfacet
  facet normal 0.522454 0.852668 1.41843e-05
    outer loop
      vertex -10.6779 -16.4947 9.13205
      vertex -10.7022 -16.4799 14.5
      vertex -10.5994 -16.5428 9.18201
    endloop
  endfacet
  facet normal 0.52017 0.854063 0
    outer loop
      vertex -10.7022 -16.4799 14.5
      vertex -10.6779 -16.4947 9.13205
      vertex -10.7022 -16.4799 9.11465
    endloop
  endfacet
  facet normal 0.520519 0.85385 0.000590002
    outer loop
      vertex -10.7022 -16.4799 3.59999
      vertex -10.2793 -16.739 5.47259
      vertex -10.2665 -16.7468 5.46815
    endloop
  endfacet
  facet normal 0.522187 0.852831 -0
    outer loop
      vertex -9.825 -17.0174 3.59999
      vertex -9.90078 -16.971 5.40233
      vertex -9.825 -17.0174 5.4
    endloop
  endfacet
  facet normal 0.523747 0.851874 9.02336e-05
    outer loop
      vertex -9.825 -17.0174 3.59999
      vertex -9.91428 -16.9627 5.40274
      vertex -9.90078 -16.971 5.40233
    endloop
  endfacet
  facet normal 0.525169 0.850998 0.000187185
    outer loop
      vertex -9.825 -17.0174 3.59999
      vertex -9.92773 -16.9544 5.40398
      vertex -9.91428 -16.9627 5.40274
    endloop
  endfacet
  facet normal 0.52242 0.852688 -2.83642e-05
    outer loop
      vertex -9.825 -17.0174 3.59999
      vertex -10.0033 -16.9081 5.41096
      vertex -9.92773 -16.9544 5.40398
    endloop
  endfacet
  facet normal 0.521827 0.853051 -0.000108618
    outer loop
      vertex -9.825 -17.0174 3.59999
      vertex -10.0919 -16.8539 5.42462
      vertex -10.0033 -16.9081 5.41096
    endloop
  endfacet
  facet normal 0.522464 0.852661 1.94711e-05
    outer loop
      vertex -10.7022 -16.4799 3.59999
      vertex -10.0919 -16.8539 5.42462
      vertex -9.825 -17.0174 3.59999
    endloop
  endfacet
  facet normal 0.522473 0.852656 1.51828e-05
    outer loop
      vertex -10.0919 -16.8539 5.42462
      vertex -10.7022 -16.4799 3.59999
      vertex -10.1797 -16.8001 5.4437
    endloop
  endfacet
  facet normal 0.523219 0.852198 -0.000275618
    outer loop
      vertex -10.1797 -16.8001 5.4437
      vertex -10.7022 -16.4799 3.59999
      vertex -10.2665 -16.7468 5.46815
    endloop
  endfacet
  facet normal 0.522399 0.852701 6.61168e-06
    outer loop
      vertex -10.2793 -16.739 5.47259
      vertex -10.7022 -16.4799 3.59999
      vertex -10.3521 -16.6944 5.49789
    endloop
  endfacet
  facet normal 0.522992 0.852337 -0.000144001
    outer loop
      vertex -10.3521 -16.6944 5.49789
      vertex -10.7022 -16.4799 3.59999
      vertex -10.4238 -16.6504 5.52764
    endloop
  endfacet
  facet normal 0.51967 0.854367 0.00051543
    outer loop
      vertex -10.4238 -16.6504 5.52764
      vertex -10.7022 -16.4799 3.59999
      vertex -10.4363 -16.6428 5.53284
    endloop
  endfacet
  facet normal 0.522802 0.852454 -7.6619e-05
    outer loop
      vertex -10.4363 -16.6428 5.53284
      vertex -10.7022 -16.4799 3.59999
      vertex -10.5188 -16.5922 5.57291
    endloop
  endfacet
  facet normal 0.522544 0.852612 -4.37302e-05
    outer loop
      vertex -10.5188 -16.5922 5.57291
      vertex -10.7022 -16.4799 3.59999
      vertex -10.5994 -16.5428 5.61799
    endloop
  endfacet
  facet normal 0.522443 0.852674 -3.66514e-05
    outer loop
      vertex -10.5994 -16.5428 5.61799
      vertex -10.7022 -16.4799 3.59999
      vertex -10.6779 -16.4947 5.66795
    endloop
  endfacet
  facet normal 0.52017 0.854063 0
    outer loop
      vertex -10.6779 -16.4947 5.66795
      vertex -10.7022 -16.4799 3.59999
      vertex -10.7022 -16.4799 5.68535
    endloop
  endfacet
  facet normal 0 0 -1
    outer loop
      vertex 16.8 0 14.5
      vertex 19.65 0 14.5
      vertex 19.6231 -1.0284 14.5
    endloop
  endfacet
  facet normal 0 0 -1
    outer loop
      vertex 16.777 -0.879244 14.5
      vertex 19.6231 -1.0284 14.5
      vertex 19.5424 -2.05398 14.5
    endloop
  endfacet
  facet normal 0 0 -1
    outer loop
      vertex 19.65 0 14.5
      vertex 16.8 0 14.5
      vertex 19.6231 1.0284 14.5
    endloop
  endfacet
  facet normal 0 0 -1
    outer loop
      vertex 16.708 -1.75608 14.5
      vertex 19.5424 -2.05398 14.5
      vertex 19.4081 -3.07394 14.5
    endloop
  endfacet
  facet normal 0 0 -1
    outer loop
      vertex 16.777 0.879244 14.5
      vertex 19.6231 1.0284 14.5
      vertex 16.8 0 14.5
    endloop
  endfacet
  facet normal 0 0 -1
    outer loop
      vertex 16.5932 -2.6281 14.5
      vertex 19.4081 -3.07394 14.5
      vertex 19.2206 -4.08546 14.5
    endloop
  endfacet
  facet normal -0 0 -1
    outer loop
      vertex 19.6231 1.0284 14.5
      vertex 16.777 0.879244 14.5
      vertex 19.5424 2.05398 14.5
    endloop
  endfacet
  facet normal 0 0 -1
    outer loop
      vertex 16.4329 -3.49292 14.5
      vertex 19.2206 -4.08546 14.5
      vertex 18.9804 -5.08579 14.5
    endloop
  endfacet
  facet normal 0 0 -1
    outer loop
      vertex 16.708 1.75608 14.5
      vertex 19.5424 2.05398 14.5
      vertex 16.777 0.879244 14.5
    endloop
  endfacet
  facet normal 0 0 -1
    outer loop
      vertex 16.2276 -4.34816 14.5
      vertex 18.9804 -5.08579 14.5
      vertex 18.6883 -6.07218 14.5
    endloop
  endfacet
  facet normal -0 0 -1
    outer loop
      vertex 19.5424 2.05398 14.5
      vertex 16.708 1.75608 14.5
      vertex 19.4081 3.07394 14.5
    endloop
  endfacet
  facet normal 0 0 -1
    outer loop
      vertex 15.9777 -5.19149 14.5
      vertex 18.6883 -6.07218 14.5
      vertex 18.3449 -7.04193 14.5
    endloop
  endfacet
  facet normal 0 0 -1
    outer loop
      vertex 16.5932 2.6281 14.5
      vertex 19.4081 3.07394 14.5
      vertex 16.708 1.75608 14.5
    endloop
  endfacet
  facet normal 0 0 -1
    outer loop
      vertex 15.6842 -6.02058 14.5
      vertex 18.3449 -7.04193 14.5
      vertex 17.9512 -7.99237 14.5
    endloop
  endfacet
  facet normal -0 0 -1
    outer loop
      vertex 19.4081 3.07394 14.5
      vertex 16.5932 2.6281 14.5
      vertex 19.2206 4.08546 14.5
    endloop
  endfacet
  facet normal 0 0 -1
    outer loop
      vertex 15.3476 -6.83317 14.5
      vertex 17.9512 -7.99237 14.5
      vertex 17.5083 -8.92091 14.5
    endloop
  endfacet
  facet normal 0 0 -1
    outer loop
      vertex 16.4329 3.49292 14.5
      vertex 19.2206 4.08546 14.5
      vertex 16.5932 2.6281 14.5
    endloop
  endfacet
  facet normal 0 0 -1
    outer loop
      vertex 14.9689 -7.62704 14.5
      vertex 17.5083 -8.92091 14.5
      vertex 17.0174 -9.825 14.5
    endloop
  endfacet
  facet normal -0 0 -1
    outer loop
      vertex 19.2206 4.08546 14.5
      vertex 16.4329 3.49292 14.5
      vertex 18.9804 5.08579 14.5
    endloop
  endfacet
  facet normal 0 0 -1
    outer loop
      vertex 16.2276 4.34816 14.5
      vertex 18.9804 5.08579 14.5
      vertex 16.4329 3.49292 14.5
    endloop
  endfacet
  facet normal 0 0 -1
    outer loop
      vertex 19.6231 -1.0284 14.5
      vertex 16.777 -0.879244 14.5
      vertex 16.8 0 14.5
    endloop
  endfacet
  facet normal 0 0 -1
    outer loop
      vertex 19.5424 -2.05398 14.5
      vertex 16.708 -1.75608 14.5
      vertex 16.777 -0.879244 14.5
    endloop
  endfacet
  facet normal 0 0 -1
    outer loop
      vertex 19.4081 -3.07394 14.5
      vertex 16.5932 -2.6281 14.5
      vertex 16.708 -1.75608 14.5
    endloop
  endfacet
  facet normal 0 0 -1
    outer loop
      vertex 14.5492 -8.4 14.5
      vertex 17.0174 -9.825 14.5
      vertex 16.4799 -10.7022 14.5
    endloop
  endfacet
  facet normal 0 0 -1
    outer loop
      vertex 19.2206 -4.08546 14.5
      vertex 16.4329 -3.49292 14.5
      vertex 16.5932 -2.6281 14.5
    endloop
  endfacet
  facet normal 0 0 -1
    outer loop
      vertex 18.9804 -5.08579 14.5
      vertex 16.2276 -4.34816 14.5
      vertex 16.4329 -3.49292 14.5
    endloop
  endfacet
  facet normal 0 0 -1
    outer loop
      vertex 18.6883 -6.07218 14.5
      vertex 15.9777 -5.19149 14.5
      vertex 16.2276 -4.34816 14.5
    endloop
  endfacet
  facet normal 0 0 -1
    outer loop
      vertex 14.0897 -9.14994 14.5
      vertex 16.4799 -10.7022 14.5
      vertex 15.8972 -11.55 14.5
    endloop
  endfacet
  facet normal 0 0 -1
    outer loop
      vertex 18.3449 -7.04193 14.5
      vertex 15.6842 -6.02058 14.5
      vertex 15.9777 -5.19149 14.5
    endloop
  endfacet
  facet normal 0 0 -1
    outer loop
      vertex 17.9512 -7.99237 14.5
      vertex 15.3476 -6.83317 14.5
      vertex 15.6842 -6.02058 14.5
    endloop
  endfacet
  facet normal 0 0 -1
    outer loop
      vertex 13.5915 -9.87479 14.5
      vertex 15.8972 -11.55 14.5
      vertex 15.2709 -12.3661 14.5
    endloop
  endfacet
  facet normal 0 0 -1
    outer loop
      vertex 17.5083 -8.92091 14.5
      vertex 14.9689 -7.62704 14.5
      vertex 15.3476 -6.83317 14.5
    endloop
  endfacet
  facet normal 0 0 -1
    outer loop
      vertex 13.0561 -10.5726 14.5
      vertex 15.2709 -12.3661 14.5
      vertex 14.6028 -13.1484 14.5
    endloop
  endfacet
  facet normal 0 0 -1
    outer loop
      vertex 17.0174 -9.825 14.5
      vertex 14.5492 -8.4 14.5
      vertex 14.9689 -7.62704 14.5
    endloop
  endfacet
  facet normal 0 0 -1
    outer loop
      vertex 16.4799 -10.7022 14.5
      vertex 14.0897 -9.14994 14.5
      vertex 14.5492 -8.4 14.5
    endloop
  endfacet
  facet normal 0 0 -1
    outer loop
      vertex 12.4848 -11.2414 14.5
      vertex 14.6028 -13.1484 14.5
      vertex 13.8946 -13.8946 14.5
    endloop
  endfacet
  facet normal 0 0 -1
    outer loop
      vertex 15.8972 -11.55 14.5
      vertex 13.5915 -9.87479 14.5
      vertex 14.0897 -9.14994 14.5
    endloop
  endfacet
  facet normal 0 0 -1
    outer loop
      vertex 11.8794 -11.8794 14.5
      vertex 13.8946 -13.8946 14.5
      vertex 13.1484 -14.6028 14.5
    endloop
  endfacet
  facet normal 0 0 -1
    outer loop
      vertex 15.2709 -12.3661 14.5
      vertex 13.0561 -10.5726 14.5
      vertex 13.5915 -9.87479 14.5
    endloop
  endfacet
  facet normal 0 0 -1
    outer loop
      vertex 14.6028 -13.1484 14.5
      vertex 12.4848 -11.2414 14.5
      vertex 13.0561 -10.5726 14.5
    endloop
  endfacet
  facet normal 0 0 -1
    outer loop
      vertex 11.2414 -12.4848 14.5
      vertex 13.1484 -14.6028 14.5
      vertex 12.3661 -15.2709 14.5
    endloop
  endfacet
  facet normal 0 0 -1
    outer loop
      vertex 13.8946 -13.8946 14.5
      vertex 11.8794 -11.8794 14.5
      vertex 12.4848 -11.2414 14.5
    endloop
  endfacet
  facet normal 0 0 -1
    outer loop
      vertex 10.5726 -13.0561 14.5
      vertex 12.3661 -15.2709 14.5
      vertex 11.55 -15.8972 14.5
    endloop
  endfacet
  facet normal 0 0 -1
    outer loop
      vertex 13.1484 -14.6028 14.5
      vertex 11.2414 -12.4848 14.5
      vertex 11.8794 -11.8794 14.5
    endloop
  endfacet
  facet normal 0 0 -1
    outer loop
      vertex 9.87479 -13.5915 14.5
      vertex 11.55 -15.8972 14.5
      vertex 10.7022 -16.4799 14.5
    endloop
  endfacet
  facet normal 0 0 -1
    outer loop
      vertex 12.3661 -15.2709 14.5
      vertex 10.5726 -13.0561 14.5
      vertex 11.2414 -12.4848 14.5
    endloop
  endfacet
  facet normal 0 0 -1
    outer loop
      vertex 11.55 -15.8972 14.5
      vertex 9.87479 -13.5915 14.5
      vertex 10.5726 -13.0561 14.5
    endloop
  endfacet
  facet normal 0 0 -1
    outer loop
      vertex 9.14994 -14.0897 14.5
      vertex 10.7022 -16.4799 14.5
      vertex 9.825 -17.0174 14.5
    endloop
  endfacet
  facet normal 0 0 -1
    outer loop
      vertex 10.7022 -16.4799 14.5
      vertex 9.14994 -14.0897 14.5
      vertex 9.87479 -13.5915 14.5
    endloop
  endfacet
  facet normal 0 0 -1
    outer loop
      vertex 8.4 -14.5492 14.5
      vertex 9.825 -17.0174 14.5
      vertex 8.92091 -17.5083 14.5
    endloop
  endfacet
  facet normal 0 0 -1
    outer loop
      vertex 9.825 -17.0174 14.5
      vertex 8.4 -14.5492 14.5
      vertex 9.14994 -14.0897 14.5
    endloop
  endfacet
  facet normal 0 0 -1
    outer loop
      vertex 7.62704 -14.9689 14.5
      vertex 8.92091 -17.5083 14.5
      vertex 7.99237 -17.9512 14.5
    endloop
  endfacet
  facet normal 0 0 -1
    outer loop
      vertex 8.92091 -17.5083 14.5
      vertex 7.62704 -14.9689 14.5
      vertex 8.4 -14.5492 14.5
    endloop
  endfacet
  facet normal 0 0 -1
    outer loop
      vertex 6.83317 -15.3476 14.5
      vertex 7.99237 -17.9512 14.5
      vertex 7.04193 -18.3449 14.5
    endloop
  endfacet
  facet normal 0 0 -1
    outer loop
      vertex 7.99237 -17.9512 14.5
      vertex 6.83317 -15.3476 14.5
      vertex 7.62704 -14.9689 14.5
    endloop
  endfacet
  facet normal 0 0 -1
    outer loop
      vertex 6.02058 -15.6842 14.5
      vertex 7.04193 -18.3449 14.5
      vertex 6.07218 -18.6883 14.5
    endloop
  endfacet
  facet normal 0 0 -1
    outer loop
      vertex 7.04193 -18.3449 14.5
      vertex 6.02058 -15.6842 14.5
      vertex 6.83317 -15.3476 14.5
    endloop
  endfacet
  facet normal 0 0 -1
    outer loop
      vertex 6.07218 -18.6883 14.5
      vertex 5.19149 -15.9777 14.5
      vertex 6.02058 -15.6842 14.5
    endloop
  endfacet
  facet normal 0 0 -1
    outer loop
      vertex 5.08579 -18.9804 14.5
      vertex 5.19149 -15.9777 14.5
      vertex 6.07218 -18.6883 14.5
    endloop
  endfacet
  facet normal 0 0 -1
    outer loop
      vertex 5.08579 -18.9804 14.5
      vertex 4.34816 -16.2276 14.5
      vertex 5.19149 -15.9777 14.5
    endloop
  endfacet
  facet normal 0 0 -1
    outer loop
      vertex 4.08546 -19.2206 14.5
      vertex 4.34816 -16.2276 14.5
      vertex 5.08579 -18.9804 14.5
    endloop
  endfacet
  facet normal 0 0 -1
    outer loop
      vertex 4.08546 -19.2206 14.5
      vertex 3.49292 -16.4329 14.5
      vertex 4.34816 -16.2276 14.5
    endloop
  endfacet
  facet normal 0 0 -1
    outer loop
      vertex 3.07394 -19.4081 14.5
      vertex 3.49292 -16.4329 14.5
      vertex 4.08546 -19.2206 14.5
    endloop
  endfacet
  facet normal 0 0 -1
    outer loop
      vertex 3.07394 -19.4081 14.5
      vertex 2.6281 -16.5932 14.5
      vertex 3.49292 -16.4329 14.5
    endloop
  endfacet
  facet normal 0 0 -1
    outer loop
      vertex 2.05398 -19.5424 14.5
      vertex 2.6281 -16.5932 14.5
      vertex 3.07394 -19.4081 14.5
    endloop
  endfacet
  facet normal 0 0 -1
    outer loop
      vertex 2.05398 -19.5424 14.5
      vertex 1.75608 -16.708 14.5
      vertex 2.6281 -16.5932 14.5
    endloop
  endfacet
  facet normal 0 0 -1
    outer loop
      vertex 1.0284 -19.6231 14.5
      vertex 1.75608 -16.708 14.5
      vertex 2.05398 -19.5424 14.5
    endloop
  endfacet
  facet normal 0 0 -1
    outer loop
      vertex 1.0284 -19.6231 14.5
      vertex 0.879244 -16.777 14.5
      vertex 1.75608 -16.708 14.5
    endloop
  endfacet
  facet normal 0 0 -1
    outer loop
      vertex 0 -19.65 14.5
      vertex 0.879244 -16.777 14.5
      vertex 1.0284 -19.6231 14.5
    endloop
  endfacet
  facet normal 0 0 -1
    outer loop
      vertex 0 -19.65 14.5
      vertex 0 -16.8 14.5
      vertex 0.879244 -16.777 14.5
    endloop
  endfacet
  facet normal 0 0 -1
    outer loop
      vertex 0 -19.65 14.5
      vertex -0.879244 -16.777 14.5
      vertex 0 -16.8 14.5
    endloop
  endfacet
  facet normal 0 0 -1
    outer loop
      vertex -1.0284 -19.6231 14.5
      vertex -0.879244 -16.777 14.5
      vertex 0 -19.65 14.5
    endloop
  endfacet
  facet normal 0 0 -1
    outer loop
      vertex -1.0284 -19.6231 14.5
      vertex -1.75608 -16.708 14.5
      vertex -0.879244 -16.777 14.5
    endloop
  endfacet
  facet normal 0 0 -1
    outer loop
      vertex -2.05398 -19.5424 14.5
      vertex -1.75608 -16.708 14.5
      vertex -1.0284 -19.6231 14.5
    endloop
  endfacet
  facet normal 0 0 -1
    outer loop
      vertex -2.05398 -19.5424 14.5
      vertex -2.6281 -16.5932 14.5
      vertex -1.75608 -16.708 14.5
    endloop
  endfacet
  facet normal 0 0 -1
    outer loop
      vertex -3.07394 -19.4081 14.5
      vertex -2.6281 -16.5932 14.5
      vertex -2.05398 -19.5424 14.5
    endloop
  endfacet
  facet normal 0 0 -1
    outer loop
      vertex -3.07394 -19.4081 14.5
      vertex -3.49292 -16.4329 14.5
      vertex -2.6281 -16.5932 14.5
    endloop
  endfacet
  facet normal 0 0 -1
    outer loop
      vertex -4.08546 -19.2206 14.5
      vertex -3.49292 -16.4329 14.5
      vertex -3.07394 -19.4081 14.5
    endloop
  endfacet
  facet normal 0 0 -1
    outer loop
      vertex -4.08546 -19.2206 14.5
      vertex -4.34816 -16.2276 14.5
      vertex -3.49292 -16.4329 14.5
    endloop
  endfacet
  facet normal 0 0 -1
    outer loop
      vertex -5.08579 -18.9804 14.5
      vertex -4.34816 -16.2276 14.5
      vertex -4.08546 -19.2206 14.5
    endloop
  endfacet
  facet normal 0 0 -1
    outer loop
      vertex -5.08579 -18.9804 14.5
      vertex -5.19149 -15.9777 14.5
      vertex -4.34816 -16.2276 14.5
    endloop
  endfacet
  facet normal 0 0 -1
    outer loop
      vertex -6.07218 -18.6883 14.5
      vertex -5.19149 -15.9777 14.5
      vertex -5.08579 -18.9804 14.5
    endloop
  endfacet
  facet normal -0 0 -1
    outer loop
      vertex -5.19149 -15.9777 14.5
      vertex -6.07218 -18.6883 14.5
      vertex -6.02058 -15.6842 14.5
    endloop
  endfacet
  facet normal 0 0 -1
    outer loop
      vertex -7.04193 -18.3449 14.5
      vertex -6.02058 -15.6842 14.5
      vertex -6.07218 -18.6883 14.5
    endloop
  endfacet
  facet normal -0 0 -1
    outer loop
      vertex -6.02058 -15.6842 14.5
      vertex -7.04193 -18.3449 14.5
      vertex -6.83317 -15.3476 14.5
    endloop
  endfacet
  facet normal 0 0 -1
    outer loop
      vertex -7.99237 -17.9512 14.5
      vertex -6.83317 -15.3476 14.5
      vertex -7.04193 -18.3449 14.5
    endloop
  endfacet
  facet normal -0 0 -1
    outer loop
      vertex -6.83317 -15.3476 14.5
      vertex -7.99237 -17.9512 14.5
      vertex -7.62704 -14.9689 14.5
    endloop
  endfacet
  facet normal 0 0 -1
    outer loop
      vertex -8.92091 -17.5083 14.5
      vertex -7.62704 -14.9689 14.5
      vertex -7.99237 -17.9512 14.5
    endloop
  endfacet
  facet normal -0 0 -1
    outer loop
      vertex -7.62704 -14.9689 14.5
      vertex -8.92091 -17.5083 14.5
      vertex -8.4 -14.5492 14.5
    endloop
  endfacet
  facet normal 0 0 -1
    outer loop
      vertex -9.825 -17.0174 14.5
      vertex -8.4 -14.5492 14.5
      vertex -8.92091 -17.5083 14.5
    endloop
  endfacet
  facet normal -0 0 -1
    outer loop
      vertex -8.4 -14.5492 14.5
      vertex -9.825 -17.0174 14.5
      vertex -9.14994 -14.0897 14.5
    endloop
  endfacet
  facet normal 0 0 -1
    outer loop
      vertex -10.7022 -16.4799 14.5
      vertex -9.14994 -14.0897 14.5
      vertex -9.825 -17.0174 14.5
    endloop
  endfacet
  facet normal -0 0 -1
    outer loop
      vertex -9.14994 -14.0897 14.5
      vertex -10.7022 -16.4799 14.5
      vertex -9.87479 -13.5915 14.5
    endloop
  endfacet
  facet normal 0 0 -1
    outer loop
      vertex -11.55 -15.8972 14.5
      vertex -9.87479 -13.5915 14.5
      vertex -10.7022 -16.4799 14.5
    endloop
  endfacet
  facet normal -0 0 -1
    outer loop
      vertex -9.87479 -13.5915 14.5
      vertex -11.55 -15.8972 14.5
      vertex -10.5726 -13.0561 14.5
    endloop
  endfacet
  facet normal 0 0 -1
    outer loop
      vertex -12.3661 -15.2709 14.5
      vertex -10.5726 -13.0561 14.5
      vertex -11.55 -15.8972 14.5
    endloop
  endfacet
  facet normal -0 0 -1
    outer loop
      vertex -10.5726 -13.0561 14.5
      vertex -12.3661 -15.2709 14.5
      vertex -11.2414 -12.4848 14.5
    endloop
  endfacet
  facet normal 0 0 -1
    outer loop
      vertex -13.1484 -14.6028 14.5
      vertex -11.2414 -12.4848 14.5
      vertex -12.3661 -15.2709 14.5
    endloop
  endfacet
  facet normal -0 0 -1
    outer loop
      vertex -11.2414 -12.4848 14.5
      vertex -13.1484 -14.6028 14.5
      vertex -11.8794 -11.8794 14.5
    endloop
  endfacet
  facet normal 0 0 -1
    outer loop
      vertex -13.8946 -13.8946 14.5
      vertex -11.8794 -11.8794 14.5
      vertex -13.1484 -14.6028 14.5
    endloop
  endfacet
  facet normal -0 0 -1
    outer loop
      vertex -11.8794 -11.8794 14.5
      vertex -13.8946 -13.8946 14.5
      vertex -12.4848 -11.2414 14.5
    endloop
  endfacet
  facet normal 0 0 -1
    outer loop
      vertex -14.6028 -13.1484 14.5
      vertex -12.4848 -11.2414 14.5
      vertex -13.8946 -13.8946 14.5
    endloop
  endfacet
  facet normal -0 0 -1
    outer loop
      vertex -12.4848 -11.2414 14.5
      vertex -14.6028 -13.1484 14.5
      vertex -13.0561 -10.5726 14.5
    endloop
  endfacet
  facet normal 0 0 -1
    outer loop
      vertex -15.2709 -12.3661 14.5
      vertex -13.0561 -10.5726 14.5
      vertex -14.6028 -13.1484 14.5
    endloop
  endfacet
  facet normal -0 0 -1
    outer loop
      vertex -13.0561 -10.5726 14.5
      vertex -15.2709 -12.3661 14.5
      vertex -13.5915 -9.87479 14.5
    endloop
  endfacet
  facet normal 0 0 -1
    outer loop
      vertex -15.8972 -11.55 14.5
      vertex -13.5915 -9.87479 14.5
      vertex -15.2709 -12.3661 14.5
    endloop
  endfacet
  facet normal -0 0 -1
    outer loop
      vertex -13.5915 -9.87479 14.5
      vertex -15.8972 -11.55 14.5
      vertex -14.0897 -9.14994 14.5
    endloop
  endfacet
  facet normal 0 0 -1
    outer loop
      vertex -16.4799 -10.7022 14.5
      vertex -14.0897 -9.14994 14.5
      vertex -15.8972 -11.55 14.5
    endloop
  endfacet
  facet normal -0 0 -1
    outer loop
      vertex -14.0897 -9.14994 14.5
      vertex -16.4799 -10.7022 14.5
      vertex -14.5492 -8.4 14.5
    endloop
  endfacet
  facet normal 0 0 -1
    outer loop
      vertex -17.0174 -9.825 14.5
      vertex -14.5492 -8.4 14.5
      vertex -16.4799 -10.7022 14.5
    endloop
  endfacet
  facet normal -0 0 -1
    outer loop
      vertex -14.5492 -8.4 14.5
      vertex -17.0174 -9.825 14.5
      vertex -14.9689 -7.62704 14.5
    endloop
  endfacet
  facet normal 0 0 -1
    outer loop
      vertex -17.5083 -8.92091 14.5
      vertex -14.9689 -7.62704 14.5
      vertex -17.0174 -9.825 14.5
    endloop
  endfacet
  facet normal -0 0 -1
    outer loop
      vertex -14.9689 -7.62704 14.5
      vertex -17.5083 -8.92091 14.5
      vertex -15.3476 -6.83317 14.5
    endloop
  endfacet
  facet normal 0 0 -1
    outer loop
      vertex -17.9512 -7.99237 14.5
      vertex -15.3476 -6.83317 14.5
      vertex -17.5083 -8.92091 14.5
    endloop
  endfacet
  facet normal -0 0 -1
    outer loop
      vertex -15.3476 -6.83317 14.5
      vertex -17.9512 -7.99237 14.5
      vertex -15.6842 -6.02058 14.5
    endloop
  endfacet
  facet normal 0 0 -1
    outer loop
      vertex -18.3449 -7.04193 14.5
      vertex -15.6842 -6.02058 14.5
      vertex -17.9512 -7.99237 14.5
    endloop
  endfacet
  facet normal -0 0 -1
    outer loop
      vertex -15.6842 -6.02058 14.5
      vertex -18.3449 -7.04193 14.5
      vertex -15.9777 -5.19149 14.5
    endloop
  endfacet
  facet normal 0 0 -1
    outer loop
      vertex -18.6883 -6.07218 14.5
      vertex -15.9777 -5.19149 14.5
      vertex -18.3449 -7.04193 14.5
    endloop
  endfacet
  facet normal 0 0 -1
    outer loop
      vertex -18.9804 -5.08579 14.5
      vertex -16.2276 -4.34816 14.5
      vertex -18.6883 -6.07218 14.5
    endloop
  endfacet
  facet normal -0 0 -1
    outer loop
      vertex -15.9777 -5.19149 14.5
      vertex -18.6883 -6.07218 14.5
      vertex -16.2276 -4.34816 14.5
    endloop
  endfacet
  facet normal -0 0 -1
    outer loop
      vertex 18.9804 5.08579 14.5
      vertex 16.2276 4.34816 14.5
      vertex 18.6883 6.07218 14.5
    endloop
  endfacet
  facet normal 0 0 -1
    outer loop
      vertex 15.9777 5.19149 14.5
      vertex 18.6883 6.07218 14.5
      vertex 16.2276 4.34816 14.5
    endloop
  endfacet
  facet normal -0 0 -1
    outer loop
      vertex 18.6883 6.07218 14.5
      vertex 15.9777 5.19149 14.5
      vertex 18.3449 7.04193 14.5
    endloop
  endfacet
  facet normal 0 0 -1
    outer loop
      vertex 15.6842 6.02058 14.5
      vertex 18.3449 7.04193 14.5
      vertex 15.9777 5.19149 14.5
    endloop
  endfacet
  facet normal -0 0 -1
    outer loop
      vertex 18.3449 7.04193 14.5
      vertex 15.6842 6.02058 14.5
      vertex 17.9512 7.99237 14.5
    endloop
  endfacet
  facet normal 0 0 -1
    outer loop
      vertex 15.3476 6.83317 14.5
      vertex 17.9512 7.99237 14.5
      vertex 15.6842 6.02058 14.5
    endloop
  endfacet
  facet normal -0 0 -1
    outer loop
      vertex 17.9512 7.99237 14.5
      vertex 15.3476 6.83317 14.5
      vertex 17.5083 8.92091 14.5
    endloop
  endfacet
  facet normal 0 0 -1
    outer loop
      vertex 14.9689 7.62704 14.5
      vertex 17.5083 8.92091 14.5
      vertex 15.3476 6.83317 14.5
    endloop
  endfacet
  facet normal -0 0 -1
    outer loop
      vertex 17.5083 8.92091 14.5
      vertex 14.9689 7.62704 14.5
      vertex 17.0174 9.825 14.5
    endloop
  endfacet
  facet normal 0 0 -1
    outer loop
      vertex 14.5492 8.4 14.5
      vertex 17.0174 9.825 14.5
      vertex 14.9689 7.62704 14.5
    endloop
  endfacet
  facet normal -0 0 -1
    outer loop
      vertex 17.0174 9.825 14.5
      vertex 14.5492 8.4 14.5
      vertex 16.4799 10.7022 14.5
    endloop
  endfacet
  facet normal 0 0 -1
    outer loop
      vertex 14.0897 9.14994 14.5
      vertex 16.4799 10.7022 14.5
      vertex 14.5492 8.4 14.5
    endloop
  endfacet
  facet normal -0 0 -1
    outer loop
      vertex 16.4799 10.7022 14.5
      vertex 14.0897 9.14994 14.5
      vertex 15.8972 11.55 14.5
    endloop
  endfacet
  facet normal 0 0 -1
    outer loop
      vertex 13.5915 9.87479 14.5
      vertex 15.8972 11.55 14.5
      vertex 14.0897 9.14994 14.5
    endloop
  endfacet
  facet normal -0 0 -1
    outer loop
      vertex 15.8972 11.55 14.5
      vertex 13.5915 9.87479 14.5
      vertex 15.2709 12.3661 14.5
    endloop
  endfacet
  facet normal 0 0 -1
    outer loop
      vertex 13.0561 10.5726 14.5
      vertex 15.2709 12.3661 14.5
      vertex 13.5915 9.87479 14.5
    endloop
  endfacet
  facet normal -0 0 -1
    outer loop
      vertex 15.2709 12.3661 14.5
      vertex 13.0561 10.5726 14.5
      vertex 14.6028 13.1484 14.5
    endloop
  endfacet
  facet normal 0 0 -1
    outer loop
      vertex 12.4848 11.2414 14.5
      vertex 14.6028 13.1484 14.5
      vertex 13.0561 10.5726 14.5
    endloop
  endfacet
  facet normal -0 0 -1
    outer loop
      vertex 14.6028 13.1484 14.5
      vertex 12.4848 11.2414 14.5
      vertex 13.8946 13.8946 14.5
    endloop
  endfacet
  facet normal 0 0 -1
    outer loop
      vertex 11.8794 11.8794 14.5
      vertex 13.8946 13.8946 14.5
      vertex 12.4848 11.2414 14.5
    endloop
  endfacet
  facet normal -0 0 -1
    outer loop
      vertex 13.8946 13.8946 14.5
      vertex 11.8794 11.8794 14.5
      vertex 13.1484 14.6028 14.5
    endloop
  endfacet
  facet normal 0 0 -1
    outer loop
      vertex 11.2414 12.4848 14.5
      vertex 13.1484 14.6028 14.5
      vertex 11.8794 11.8794 14.5
    endloop
  endfacet
  facet normal -0 0 -1
    outer loop
      vertex 13.1484 14.6028 14.5
      vertex 11.2414 12.4848 14.5
      vertex 12.3661 15.2709 14.5
    endloop
  endfacet
  facet normal 0 0 -1
    outer loop
      vertex 10.5726 13.0561 14.5
      vertex 12.3661 15.2709 14.5
      vertex 11.2414 12.4848 14.5
    endloop
  endfacet
  facet normal -0 0 -1
    outer loop
      vertex 12.3661 15.2709 14.5
      vertex 10.5726 13.0561 14.5
      vertex 11.55 15.8972 14.5
    endloop
  endfacet
  facet normal 0 0 -1
    outer loop
      vertex 9.87479 13.5915 14.5
      vertex 11.55 15.8972 14.5
      vertex 10.5726 13.0561 14.5
    endloop
  endfacet
  facet normal -0 0 -1
    outer loop
      vertex 11.55 15.8972 14.5
      vertex 9.87479 13.5915 14.5
      vertex 10.7022 16.4799 14.5
    endloop
  endfacet
  facet normal 0 0 -1
    outer loop
      vertex 9.14994 14.0897 14.5
      vertex 10.7022 16.4799 14.5
      vertex 9.87479 13.5915 14.5
    endloop
  endfacet
  facet normal -0 0 -1
    outer loop
      vertex 10.7022 16.4799 14.5
      vertex 9.14994 14.0897 14.5
      vertex 9.825 17.0174 14.5
    endloop
  endfacet
  facet normal 0 0 -1
    outer loop
      vertex 8.4 14.5492 14.5
      vertex 9.825 17.0174 14.5
      vertex 9.14994 14.0897 14.5
    endloop
  endfacet
  facet normal -0 0 -1
    outer loop
      vertex 9.825 17.0174 14.5
      vertex 8.4 14.5492 14.5
      vertex 8.92091 17.5083 14.5
    endloop
  endfacet
  facet normal 0 0 -1
    outer loop
      vertex 7.62704 14.9689 14.5
      vertex 8.92091 17.5083 14.5
      vertex 8.4 14.5492 14.5
    endloop
  endfacet
  facet normal -0 0 -1
    outer loop
      vertex 8.92091 17.5083 14.5
      vertex 7.62704 14.9689 14.5
      vertex 7.99237 17.9512 14.5
    endloop
  endfacet
  facet normal 0 0 -1
    outer loop
      vertex 6.83317 15.3476 14.5
      vertex 7.99237 17.9512 14.5
      vertex 7.62704 14.9689 14.5
    endloop
  endfacet
  facet normal -0 0 -1
    outer loop
      vertex 7.99237 17.9512 14.5
      vertex 6.83317 15.3476 14.5
      vertex 7.04193 18.3449 14.5
    endloop
  endfacet
  facet normal 0 0 -1
    outer loop
      vertex 6.02058 15.6842 14.5
      vertex 7.04193 18.3449 14.5
      vertex 6.83317 15.3476 14.5
    endloop
  endfacet
  facet normal -0 0 -1
    outer loop
      vertex 7.04193 18.3449 14.5
      vertex 6.02058 15.6842 14.5
      vertex 6.07218 18.6883 14.5
    endloop
  endfacet
  facet normal 0 0 -1
    outer loop
      vertex 5.19149 15.9777 14.5
      vertex 6.07218 18.6883 14.5
      vertex 6.02058 15.6842 14.5
    endloop
  endfacet
  facet normal 0 0 -1
    outer loop
      vertex 5.19149 15.9777 14.5
      vertex 5.08579 18.9804 14.5
      vertex 6.07218 18.6883 14.5
    endloop
  endfacet
  facet normal 0 0 -1
    outer loop
      vertex 4.34816 16.2276 14.5
      vertex 5.08579 18.9804 14.5
      vertex 5.19149 15.9777 14.5
    endloop
  endfacet
  facet normal 0 0 -1
    outer loop
      vertex 4.34816 16.2276 14.5
      vertex 4.08546 19.2206 14.5
      vertex 5.08579 18.9804 14.5
    endloop
  endfacet
  facet normal 0 0 -1
    outer loop
      vertex 3.49292 16.4329 14.5
      vertex 4.08546 19.2206 14.5
      vertex 4.34816 16.2276 14.5
    endloop
  endfacet
  facet normal 0 0 -1
    outer loop
      vertex 3.49292 16.4329 14.5
      vertex 3.07394 19.4081 14.5
      vertex 4.08546 19.2206 14.5
    endloop
  endfacet
  facet normal 0 0 -1
    outer loop
      vertex 2.6281 16.5932 14.5
      vertex 3.07394 19.4081 14.5
      vertex 3.49292 16.4329 14.5
    endloop
  endfacet
  facet normal 0 0 -1
    outer loop
      vertex 2.6281 16.5932 14.5
      vertex 2.05398 19.5424 14.5
      vertex 3.07394 19.4081 14.5
    endloop
  endfacet
  facet normal 0 0 -1
    outer loop
      vertex 1.75608 16.708 14.5
      vertex 2.05398 19.5424 14.5
      vertex 2.6281 16.5932 14.5
    endloop
  endfacet
  facet normal 0 0 -1
    outer loop
      vertex 1.75608 16.708 14.5
      vertex 1.0284 19.6231 14.5
      vertex 2.05398 19.5424 14.5
    endloop
  endfacet
  facet normal 0 0 -1
    outer loop
      vertex 0.879244 16.777 14.5
      vertex 1.0284 19.6231 14.5
      vertex 1.75608 16.708 14.5
    endloop
  endfacet
  facet normal 0 0 -1
    outer loop
      vertex 0 16.8 14.5
      vertex 1.0284 19.6231 14.5
      vertex 0.879244 16.777 14.5
    endloop
  endfacet
  facet normal 0 0 -1
    outer loop
      vertex 0 16.8 14.5
      vertex 0 19.65 14.5
      vertex 1.0284 19.6231 14.5
    endloop
  endfacet
  facet normal 0 0 -1
    outer loop
      vertex -0.879244 16.777 14.5
      vertex 0 19.65 14.5
      vertex 0 16.8 14.5
    endloop
  endfacet
  facet normal 0 0 -1
    outer loop
      vertex -0.879244 16.777 14.5
      vertex -1.0284 19.6231 14.5
      vertex 0 19.65 14.5
    endloop
  endfacet
  facet normal 0 0 -1
    outer loop
      vertex -1.75608 16.708 14.5
      vertex -1.0284 19.6231 14.5
      vertex -0.879244 16.777 14.5
    endloop
  endfacet
  facet normal 0 0 -1
    outer loop
      vertex -1.75608 16.708 14.5
      vertex -2.05398 19.5424 14.5
      vertex -1.0284 19.6231 14.5
    endloop
  endfacet
  facet normal 0 0 -1
    outer loop
      vertex -2.6281 16.5932 14.5
      vertex -2.05398 19.5424 14.5
      vertex -1.75608 16.708 14.5
    endloop
  endfacet
  facet normal 0 0 -1
    outer loop
      vertex -2.6281 16.5932 14.5
      vertex -3.07394 19.4081 14.5
      vertex -2.05398 19.5424 14.5
    endloop
  endfacet
  facet normal 0 0 -1
    outer loop
      vertex -3.49292 16.4329 14.5
      vertex -3.07394 19.4081 14.5
      vertex -2.6281 16.5932 14.5
    endloop
  endfacet
  facet normal 0 0 -1
    outer loop
      vertex -3.49292 16.4329 14.5
      vertex -4.08546 19.2206 14.5
      vertex -3.07394 19.4081 14.5
    endloop
  endfacet
  facet normal 0 0 -1
    outer loop
      vertex -4.34816 16.2276 14.5
      vertex -4.08546 19.2206 14.5
      vertex -3.49292 16.4329 14.5
    endloop
  endfacet
  facet normal 0 0 -1
    outer loop
      vertex -4.34816 16.2276 14.5
      vertex -5.08579 18.9804 14.5
      vertex -4.08546 19.2206 14.5
    endloop
  endfacet
  facet normal 0 0 -1
    outer loop
      vertex -5.19149 15.9777 14.5
      vertex -5.08579 18.9804 14.5
      vertex -4.34816 16.2276 14.5
    endloop
  endfacet
  facet normal 0 0 -1
    outer loop
      vertex -6.07218 18.6883 14.5
      vertex -5.19149 15.9777 14.5
      vertex -6.02058 15.6842 14.5
    endloop
  endfacet
  facet normal 0 0 -1
    outer loop
      vertex -5.19149 15.9777 14.5
      vertex -6.07218 18.6883 14.5
      vertex -5.08579 18.9804 14.5
    endloop
  endfacet
  facet normal 0 0 -1
    outer loop
      vertex -7.04193 18.3449 14.5
      vertex -6.02058 15.6842 14.5
      vertex -6.83317 15.3476 14.5
    endloop
  endfacet
  facet normal 0 0 -1
    outer loop
      vertex -6.02058 15.6842 14.5
      vertex -7.04193 18.3449 14.5
      vertex -6.07218 18.6883 14.5
    endloop
  endfacet
  facet normal 0 0 -1
    outer loop
      vertex -7.99237 17.9512 14.5
      vertex -6.83317 15.3476 14.5
      vertex -7.62704 14.9689 14.5
    endloop
  endfacet
  facet normal 0 0 -1
    outer loop
      vertex -6.83317 15.3476 14.5
      vertex -7.99237 17.9512 14.5
      vertex -7.04193 18.3449 14.5
    endloop
  endfacet
  facet normal 0 0 -1
    outer loop
      vertex -8.92091 17.5083 14.5
      vertex -7.62704 14.9689 14.5
      vertex -8.4 14.5492 14.5
    endloop
  endfacet
  facet normal 0 0 -1
    outer loop
      vertex -7.62704 14.9689 14.5
      vertex -8.92091 17.5083 14.5
      vertex -7.99237 17.9512 14.5
    endloop
  endfacet
  facet normal 0 0 -1
    outer loop
      vertex -9.825 17.0174 14.5
      vertex -8.4 14.5492 14.5
      vertex -9.14994 14.0897 14.5
    endloop
  endfacet
  facet normal 0 0 -1
    outer loop
      vertex -8.4 14.5492 14.5
      vertex -9.825 17.0174 14.5
      vertex -8.92091 17.5083 14.5
    endloop
  endfacet
  facet normal 0 0 -1
    outer loop
      vertex -10.7022 16.4799 14.5
      vertex -9.14994 14.0897 14.5
      vertex -9.87479 13.5915 14.5
    endloop
  endfacet
  facet normal 0 0 -1
    outer loop
      vertex -11.55 15.8972 14.5
      vertex -9.87479 13.5915 14.5
      vertex -10.5726 13.0561 14.5
    endloop
  endfacet
  facet normal 0 0 -1
    outer loop
      vertex -9.14994 14.0897 14.5
      vertex -10.7022 16.4799 14.5
      vertex -9.825 17.0174 14.5
    endloop
  endfacet
  facet normal 0 0 -1
    outer loop
      vertex -12.3661 15.2709 14.5
      vertex -10.5726 13.0561 14.5
      vertex -11.2414 12.4848 14.5
    endloop
  endfacet
  facet normal 0 0 -1
    outer loop
      vertex -9.87479 13.5915 14.5
      vertex -11.55 15.8972 14.5
      vertex -10.7022 16.4799 14.5
    endloop
  endfacet
  facet normal 0 0 -1
    outer loop
      vertex -13.1484 14.6028 14.5
      vertex -11.2414 12.4848 14.5
      vertex -11.8794 11.8794 14.5
    endloop
  endfacet
  facet normal 0 0 -1
    outer loop
      vertex -10.5726 13.0561 14.5
      vertex -12.3661 15.2709 14.5
      vertex -11.55 15.8972 14.5
    endloop
  endfacet
  facet normal 0 0 -1
    outer loop
      vertex -13.8946 13.8946 14.5
      vertex -11.8794 11.8794 14.5
      vertex -12.4848 11.2414 14.5
    endloop
  endfacet
  facet normal 0 0 -1
    outer loop
      vertex -14.6028 13.1484 14.5
      vertex -12.4848 11.2414 14.5
      vertex -13.0561 10.5726 14.5
    endloop
  endfacet
  facet normal 0 0 -1
    outer loop
      vertex -11.2414 12.4848 14.5
      vertex -13.1484 14.6028 14.5
      vertex -12.3661 15.2709 14.5
    endloop
  endfacet
  facet normal 0 0 -1
    outer loop
      vertex -15.2709 12.3661 14.5
      vertex -13.0561 10.5726 14.5
      vertex -13.5915 9.87479 14.5
    endloop
  endfacet
  facet normal 0 0 -1
    outer loop
      vertex -11.8794 11.8794 14.5
      vertex -13.8946 13.8946 14.5
      vertex -13.1484 14.6028 14.5
    endloop
  endfacet
  facet normal 0 0 -1
    outer loop
      vertex -15.8972 11.55 14.5
      vertex -13.5915 9.87479 14.5
      vertex -14.0897 9.14994 14.5
    endloop
  endfacet
  facet normal 0 0 -1
    outer loop
      vertex -16.4799 10.7022 14.5
      vertex -14.0897 9.14994 14.5
      vertex -14.5492 8.4 14.5
    endloop
  endfacet
  facet normal 0 0 -1
    outer loop
      vertex -12.4848 11.2414 14.5
      vertex -14.6028 13.1484 14.5
      vertex -13.8946 13.8946 14.5
    endloop
  endfacet
  facet normal 0 0 -1
    outer loop
      vertex -17.0174 9.825 14.5
      vertex -14.5492 8.4 14.5
      vertex -14.9689 7.62704 14.5
    endloop
  endfacet
  facet normal 0 0 -1
    outer loop
      vertex -13.0561 10.5726 14.5
      vertex -15.2709 12.3661 14.5
      vertex -14.6028 13.1484 14.5
    endloop
  endfacet
  facet normal 0 0 -1
    outer loop
      vertex -17.5083 8.92091 14.5
      vertex -14.9689 7.62704 14.5
      vertex -15.3476 6.83317 14.5
    endloop
  endfacet
  facet normal 0 0 -1
    outer loop
      vertex -17.9512 7.99237 14.5
      vertex -15.3476 6.83317 14.5
      vertex -15.6842 6.02058 14.5
    endloop
  endfacet
  facet normal 0 0 -1
    outer loop
      vertex -13.5915 9.87479 14.5
      vertex -15.8972 11.55 14.5
      vertex -15.2709 12.3661 14.5
    endloop
  endfacet
  facet normal 0 0 -1
    outer loop
      vertex -18.3449 7.04193 14.5
      vertex -15.6842 6.02058 14.5
      vertex -15.9777 5.19149 14.5
    endloop
  endfacet
  facet normal 0 0 -1
    outer loop
      vertex -18.6883 6.07218 14.5
      vertex -15.9777 5.19149 14.5
      vertex -16.2276 4.34816 14.5
    endloop
  endfacet
  facet normal 0 0 -1
    outer loop
      vertex -18.9804 5.08579 14.5
      vertex -16.2276 4.34816 14.5
      vertex -16.4329 3.49292 14.5
    endloop
  endfacet
  facet normal 0 0 -1
    outer loop
      vertex -14.0897 9.14994 14.5
      vertex -16.4799 10.7022 14.5
      vertex -15.8972 11.55 14.5
    endloop
  endfacet
  facet normal 0 0 -1
    outer loop
      vertex -19.2206 4.08546 14.5
      vertex -16.4329 3.49292 14.5
      vertex -16.5932 2.6281 14.5
    endloop
  endfacet
  facet normal 0 0 -1
    outer loop
      vertex -19.4081 3.07394 14.5
      vertex -16.5932 2.6281 14.5
      vertex -16.708 1.75608 14.5
    endloop
  endfacet
  facet normal 0 0 -1
    outer loop
      vertex -19.5424 2.05398 14.5
      vertex -16.708 1.75608 14.5
      vertex -16.777 0.879244 14.5
    endloop
  endfacet
  facet normal 0 0 -1
    outer loop
      vertex -14.5492 8.4 14.5
      vertex -17.0174 9.825 14.5
      vertex -16.4799 10.7022 14.5
    endloop
  endfacet
  facet normal 0 0 -1
    outer loop
      vertex -19.6231 1.0284 14.5
      vertex -16.777 0.879244 14.5
      vertex -16.8 0 14.5
    endloop
  endfacet
  facet normal -0 0 -1
    outer loop
      vertex -16.2276 -4.34816 14.5
      vertex -18.9804 -5.08579 14.5
      vertex -16.4329 -3.49292 14.5
    endloop
  endfacet
  facet normal 0 0 -1
    outer loop
      vertex -19.2206 -4.08546 14.5
      vertex -16.4329 -3.49292 14.5
      vertex -18.9804 -5.08579 14.5
    endloop
  endfacet
  facet normal 0 0 -1
    outer loop
      vertex -14.9689 7.62704 14.5
      vertex -17.5083 8.92091 14.5
      vertex -17.0174 9.825 14.5
    endloop
  endfacet
  facet normal -0 0 -1
    outer loop
      vertex -16.4329 -3.49292 14.5
      vertex -19.2206 -4.08546 14.5
      vertex -16.5932 -2.6281 14.5
    endloop
  endfacet
  facet normal 0 0 -1
    outer loop
      vertex -15.3476 6.83317 14.5
      vertex -17.9512 7.99237 14.5
      vertex -17.5083 8.92091 14.5
    endloop
  endfacet
  facet normal 0 0 -1
    outer loop
      vertex -19.4081 -3.07394 14.5
      vertex -16.5932 -2.6281 14.5
      vertex -19.2206 -4.08546 14.5
    endloop
  endfacet
  facet normal 0 0 -1
    outer loop
      vertex -15.6842 6.02058 14.5
      vertex -18.3449 7.04193 14.5
      vertex -17.9512 7.99237 14.5
    endloop
  endfacet
  facet normal -0 0 -1
    outer loop
      vertex -16.5932 -2.6281 14.5
      vertex -19.4081 -3.07394 14.5
      vertex -16.708 -1.75608 14.5
    endloop
  endfacet
  facet normal 0 0 -1
    outer loop
      vertex -15.9777 5.19149 14.5
      vertex -18.6883 6.07218 14.5
      vertex -18.3449 7.04193 14.5
    endloop
  endfacet
  facet normal 0 0 -1
    outer loop
      vertex -19.5424 -2.05398 14.5
      vertex -16.708 -1.75608 14.5
      vertex -19.4081 -3.07394 14.5
    endloop
  endfacet
  facet normal 0 0 -1
    outer loop
      vertex -16.2276 4.34816 14.5
      vertex -18.9804 5.08579 14.5
      vertex -18.6883 6.07218 14.5
    endloop
  endfacet
  facet normal -0 0 -1
    outer loop
      vertex -16.708 -1.75608 14.5
      vertex -19.5424 -2.05398 14.5
      vertex -16.777 -0.879244 14.5
    endloop
  endfacet
  facet normal 0 0 -1
    outer loop
      vertex -16.4329 3.49292 14.5
      vertex -19.2206 4.08546 14.5
      vertex -18.9804 5.08579 14.5
    endloop
  endfacet
  facet normal 0 0 -1
    outer loop
      vertex -19.6231 -1.0284 14.5
      vertex -16.777 -0.879244 14.5
      vertex -19.5424 -2.05398 14.5
    endloop
  endfacet
  facet normal 0 0 -1
    outer loop
      vertex -16.5932 2.6281 14.5
      vertex -19.4081 3.07394 14.5
      vertex -19.2206 4.08546 14.5
    endloop
  endfacet
  facet normal -0 0 -1
    outer loop
      vertex -16.777 -0.879244 14.5
      vertex -19.6231 -1.0284 14.5
      vertex -16.8 0 14.5
    endloop
  endfacet
  facet normal 0 0 -1
    outer loop
      vertex -16.708 1.75608 14.5
      vertex -19.5424 2.05398 14.5
      vertex -19.4081 3.07394 14.5
    endloop
  endfacet
  facet normal 0 0 -1
    outer loop
      vertex -19.65 0 14.5
      vertex -16.8 0 14.5
      vertex -19.6231 -1.0284 14.5
    endloop
  endfacet
  facet normal 0 0 -1
    outer loop
      vertex -16.777 0.879244 14.5
      vertex -19.6231 1.0284 14.5
      vertex -19.5424 2.05398 14.5
    endloop
  endfacet
  facet normal 0 0 -1
    outer loop
      vertex -16.8 0 14.5
      vertex -19.65 0 14.5
      vertex -19.6231 1.0284 14.5
    endloop
  endfacet
  facet normal 0.902582 0.430518 0
    outer loop
      vertex -17.5083 -8.92091 14.5
      vertex -17.9512 -7.99237 8.85549
      vertex -17.9512 -7.99237 14.5
    endloop
  endfacet
  facet normal 0.902711 0.430247 -5.48289e-05
    outer loop
      vertex -17.9512 -7.99237 8.85549
      vertex -17.5083 -8.92091 14.5
      vertex -17.9324 -8.03182 8.81421
    endloop
  endfacet
  facet normal 0.902449 0.430797 5.07094e-05
    outer loop
      vertex -17.9324 -8.03182 8.81421
      vertex -17.5083 -8.92091 14.5
      vertex -17.9012 -8.09717 8.73826
    endloop
  endfacet
  facet normal 0.902337 0.431032 9.20133e-05
    outer loop
      vertex -17.9012 -8.09717 8.73826
      vertex -17.5083 -8.92091 14.5
      vertex -17.897 -8.10596 8.72692
    endloop
  endfacet
  facet normal 0.902685 0.430301 -3.45923e-05
    outer loop
      vertex -17.897 -8.10596 8.72692
      vertex -17.5083 -8.92091 14.5
      vertex -17.8718 -8.15883 8.65864
    endloop
  endfacet
  facet normal 0.902534 0.43062 1.63752e-05
    outer loop
      vertex -17.8718 -8.15883 8.65864
      vertex -17.5083 -8.92091 14.5
      vertex -17.8481 -8.2085 8.58727
    endloop
  endfacet
  facet normal 0.901769 0.432219 0.000252997
    outer loop
      vertex -17.8481 -8.2085 8.58727
      vertex -17.5083 -8.92091 14.5
      vertex -17.8442 -8.21663 8.57557
    endloop
  endfacet
  facet normal 0.902871 0.429913 -8.36121e-05
    outer loop
      vertex -17.8442 -8.21663 8.57557
      vertex -17.5083 -8.92091 14.5
      vertex -17.8186 -8.27041 8.48928
    endloop
  endfacet
  facet normal 0.902362 0.430978 5.79179e-05
    outer loop
      vertex -17.8186 -8.27041 8.48928
      vertex -17.5083 -8.92091 14.5
      vertex -17.7949 -8.32002 8.4
    endloop
  endfacet
  facet normal 0.902631 0.430415 -1.02233e-05
    outer loop
      vertex -17.7949 -8.32002 8.4
      vertex -17.5083 -8.92091 14.5
      vertex -17.7733 -8.36532 8.30798
    endloop
  endfacet
  facet normal 0.902577 0.430529 2.37723e-06
    outer loop
      vertex -17.7733 -8.36532 8.30798
      vertex -17.5083 -8.92091 14.5
      vertex -17.7538 -8.4062 8.21347
    endloop
  endfacet
  facet normal 0.901436 0.432912 0.000241992
    outer loop
      vertex -17.7538 -8.4062 8.21347
      vertex -17.5083 -8.92091 14.5
      vertex -17.7514 -8.41119 8.20017
    endloop
  endfacet
  facet normal 0.903034 0.42957 -9.0039e-05
    outer loop
      vertex -17.7514 -8.41119 8.20017
      vertex -17.5083 -8.92091 14.5
      vertex -17.7365 -8.44253 8.11674
    endloop
  endfacet
  facet normal 0.902112 0.431502 8.76817e-05
    outer loop
      vertex -17.7365 -8.44253 8.11674
      vertex -17.5083 -8.92091 14.5
      vertex -17.7234 -8.4699 8.03151
    endloop
  endfacet
  facet normal 0.900272 0.435328 0.000415642
    outer loop
      vertex -17.7234 -8.4699 8.03151
      vertex -17.5083 -8.92091 14.5
      vertex -17.7213 -8.47423 8.01803
    endloop
  endfacet
  facet normal 0.902699 0.430272 -1.24769e-05
    outer loop
      vertex -17.7213 -8.47423 8.01803
      vertex -17.5083 -8.92091 14.5
      vertex -17.7102 -8.49752 7.93131
    endloop
  endfacet
  facet normal 0.906464 0.422283 -0.000643124
    outer loop
      vertex -17.7102 -8.49752 7.93131
      vertex -17.5083 -8.92091 14.5
      vertex -17.7085 -8.50119 7.91764
    endloop
  endfacet
  facet normal 0.897198 0.441628 0.000872199
    outer loop
      vertex -17.7085 -8.50119 7.91764
      vertex -17.5083 -8.92091 14.5
      vertex -17.707 -8.50421 7.90379
    endloop
  endfacet
  facet normal 0.903079 0.429474 -7.27841e-05
    outer loop
      vertex -17.707 -8.50421 7.90379
      vertex -17.5083 -8.92091 14.5
      vertex -17.6979 -8.52336 7.81582
    endloop
  endfacet
  facet normal 0.901866 0.432016 0.000112817
    outer loop
      vertex -17.6979 -8.52336 7.81582
      vertex -17.5083 -8.92091 14.5
      vertex -17.6896 -8.54066 7.71287
    endloop
  endfacet
  facet normal 0.916707 0.399555 -0.00210224
    outer loop
      vertex -17.6896 -8.54066 7.71287
      vertex -17.5083 -8.92091 14.5
      vertex -17.6889 -8.54234 7.69881
    endloop
  endfacet
  facet normal 0.110942 0.991563 -0.0670452
    outer loop
      vertex -17.6837 -8.55305 7.60906
      vertex -17.6802 -8.5605 7.50467
      vertex -17.6807 -8.55949 7.51878
    endloop
  endfacet
  facet normal 0.902592 0.430497 -0
    outer loop
      vertex -17.5083 -8.92091 3.59999
      vertex -17.6802 -8.5605 7.50467
      vertex -17.5083 -8.92091 14.5
    endloop
  endfacet
  facet normal 0.904047 0.427433 -0.000193627
    outer loop
      vertex -17.6837 -8.55305 7.60906
      vertex -17.5083 -8.92091 14.5
      vertex -17.6802 -8.5605 7.50467
    endloop
  endfacet
  facet normal 0.900525 0.434804 0.000289487
    outer loop
      vertex -17.6889 -8.54234 7.69881
      vertex -17.5083 -8.92091 14.5
      vertex -17.6837 -8.55305 7.60906
    endloop
  endfacet
  facet normal 0.902689 0.430293 0.000109388
    outer loop
      vertex -17.5083 -8.92091 3.59999
      vertex -17.9512 -7.99237 5.94451
      vertex -17.9324 -8.03182 5.98579
    endloop
  endfacet
  facet normal 0.902471 0.43075 -9.96546e-05
    outer loop
      vertex -17.5083 -8.92091 3.59999
      vertex -17.9324 -8.03182 5.98579
      vertex -17.9012 -8.09717 6.06174
    endloop
  endfacet
  facet normal 0.90238 0.430941 -0.000178175
    outer loop
      vertex -17.5083 -8.92091 3.59999
      vertex -17.9012 -8.09717 6.06174
      vertex -17.897 -8.10596 6.07308
    endloop
  endfacet
  facet normal 0.902669 0.430335 6.697e-05
    outer loop
      vertex -17.5083 -8.92091 3.59999
      vertex -17.897 -8.10596 6.07308
      vertex -17.8718 -8.15883 6.14136
    endloop
  endfacet
  facet normal 0.902542 0.430602 -3.12358e-05
    outer loop
      vertex -17.5083 -8.92091 3.59999
      vertex -17.8718 -8.15883 6.14136
      vertex -17.8481 -8.2085 6.21273
    endloop
  endfacet
  facet normal 0.901897 0.43195 -0.000482559
    outer loop
      vertex -17.5083 -8.92091 3.59999
      vertex -17.8481 -8.2085 6.21273
      vertex -17.8442 -8.21663 6.22443
    endloop
  endfacet
  facet normal 0.902825 0.430009 0.000157095
    outer loop
      vertex -17.5083 -8.92091 3.59999
      vertex -17.8442 -8.21663 6.22443
      vertex -17.8186 -8.27041 6.31072
    endloop
  endfacet
  facet normal 0.902397 0.430906 -0.000107164
    outer loop
      vertex -17.5083 -8.92091 3.59999
      vertex -17.8186 -8.27041 6.31072
      vertex -17.7949 -8.32002 6.4
    endloop
  endfacet
  facet normal 0.902625 0.430428 1.86141e-05
    outer loop
      vertex -17.5083 -8.92091 3.59999
      vertex -17.7949 -8.32002 6.4
      vertex -17.7733 -8.36532 6.49202
    endloop
  endfacet
  facet normal 0.902578 0.430525 -4.25558e-06
    outer loop
      vertex -17.5083 -8.92091 3.59999
      vertex -17.7733 -8.36532 6.49202
      vertex -17.7538 -8.4062 6.58653
    endloop
  endfacet
  facet normal 0.901627 0.432515 -0.000425307
    outer loop
      vertex -17.5083 -8.92091 3.59999
      vertex -17.7538 -8.4062 6.58653
      vertex -17.7514 -8.41119 6.59983
    endloop
  endfacet
  facet normal 0.902963 0.429718 0.000158226
    outer loop
      vertex -17.5083 -8.92091 3.59999
      vertex -17.7514 -8.41119 6.59983
      vertex -17.7365 -8.44253 6.68326
    endloop
  endfacet
  facet normal 0.902189 0.431341 -0.000150974
    outer loop
      vertex -17.5083 -8.92091 3.59999
      vertex -17.7365 -8.44253 6.68326
      vertex -17.7234 -8.4699 6.76848
    endloop
  endfacet
  facet normal 0.900638 0.434569 -0.000715738
    outer loop
      vertex -17.5083 -8.92091 3.59999
      vertex -17.7234 -8.4699 6.76848
      vertex -17.7213 -8.47423 6.78197
    endloop
  endfacet
  facet normal 0.902687 0.430298 2.09744e-05
    outer loop
      vertex -17.5083 -8.92091 3.59999
      vertex -17.7213 -8.47423 6.78197
      vertex -17.7102 -8.49752 6.86869
    endloop
  endfacet
  facet normal 0.905838 0.423622 0.00108035
    outer loop
      vertex -17.5083 -8.92091 3.59999
      vertex -17.7102 -8.49752 6.86869
      vertex -17.7085 -8.50119 6.88236
    endloop
  endfacet
  facet normal 0.8982 0.439584 -0.00142653
    outer loop
      vertex -17.5083 -8.92091 3.59999
      vertex -17.7085 -8.50119 6.88236
      vertex -17.707 -8.50421 6.89621
    endloop
  endfacet
  facet normal 0.902997 0.429647 0.000118871
    outer loop
      vertex -17.5083 -8.92091 3.59999
      vertex -17.707 -8.50421 6.89621
      vertex -17.6979 -8.52336 6.98418
    endloop
  endfacet
  facet normal 0.902016 0.431702 -0.000177594
    outer loop
      vertex -17.5083 -8.92091 3.59999
      vertex -17.6979 -8.52336 6.98418
      vertex -17.6896 -8.54066 7.08713
    endloop
  endfacet
  facet normal 0.110942 0.991563 0.0670452
    outer loop
      vertex -17.6802 -8.5605 7.29533
      vertex -17.6837 -8.55305 7.19094
      vertex -17.6807 -8.55949 7.28122
    endloop
  endfacet
  facet normal 0.903197 0.429227 0.000143891
    outer loop
      vertex -17.6802 -8.5605 7.50467
      vertex -17.5083 -8.92091 3.59999
      vertex -17.679 -8.56299 7.4
    endloop
  endfacet
  facet normal 0.902582 0.430518 0
    outer loop
      vertex -17.9512 -7.99237 5.94451
      vertex -17.5083 -8.92091 3.59999
      vertex -17.9512 -7.99237 3.59999
    endloop
  endfacet
  facet normal 0.913498 0.406831 0.00313141
    outer loop
      vertex -17.6889 -8.54234 7.10119
      vertex -17.5083 -8.92091 3.59999
      vertex -17.6896 -8.54066 7.08713
    endloop
  endfacet
  facet normal 0.900995 0.43383 -0.000432859
    outer loop
      vertex -17.6837 -8.55305 7.19094
      vertex -17.5083 -8.92091 3.59999
      vertex -17.6889 -8.54234 7.10119
    endloop
  endfacet
  facet normal 0.903651 0.428269 0.000266573
    outer loop
      vertex -17.6802 -8.5605 7.29533
      vertex -17.5083 -8.92091 3.59999
      vertex -17.6837 -8.55305 7.19094
    endloop
  endfacet
  facet normal 0.90225 0.431214 -8.57729e-05
    outer loop
      vertex -17.679 -8.56299 7.4
      vertex -17.5083 -8.92091 3.59999
      vertex -17.6802 -8.5605 7.29533
    endloop
  endfacet
  facet normal -0.996918 -0.0784495 0
    outer loop
      vertex 16.777 0.879244 14.5
      vertex 16.708 1.75608 15.5
      vertex 16.708 1.75608 14.5
    endloop
  endfacet
  facet normal -0.996918 -0.0784495 0
    outer loop
      vertex 16.708 1.75608 15.5
      vertex 16.777 0.879244 14.5
      vertex 16.777 0.879244 15.5
    endloop
  endfacet
  facet normal -0.999658 -0.0261499 0
    outer loop
      vertex 16.8 0 14.5
      vertex 16.777 0.879244 15.5
      vertex 16.777 0.879244 14.5
    endloop
  endfacet
  facet normal -0.999658 -0.0261499 0
    outer loop
      vertex 16.777 0.879244 15.5
      vertex 16.8 0 14.5
      vertex 16.8 0 15.5
    endloop
  endfacet
  facet normal -0.991445 -0.130522 0
    outer loop
      vertex 16.708 1.75608 14.5
      vertex 16.5932 2.6281 15.5
      vertex 16.5932 2.6281 14.5
    endloop
  endfacet
  facet normal -0.991445 -0.130522 0
    outer loop
      vertex 16.5932 2.6281 15.5
      vertex 16.708 1.75608 14.5
      vertex 16.708 1.75608 15.5
    endloop
  endfacet
  facet normal 0.972376 0.233419 0
    outer loop
      vertex -16.2276 -4.34816 15.5
      vertex -16.4329 -3.49292 14.5
      vertex -16.4329 -3.49292 15.5
    endloop
  endfacet
  facet normal 0.972376 0.233419 0
    outer loop
      vertex -16.4329 -3.49292 14.5
      vertex -16.2276 -4.34816 15.5
      vertex -16.2276 -4.34816 14.5
    endloop
  endfacet
  facet normal -0.878809 -0.477174 0
    outer loop
      vertex 14.9689 7.62704 14.5
      vertex 14.5492 8.4 15.5
      vertex 14.5492 8.4 14.5
    endloop
  endfacet
  facet normal -0.878809 -0.477174 0
    outer loop
      vertex 14.5492 8.4 15.5
      vertex 14.9689 7.62704 14.5
      vertex 14.9689 7.62704 15.5
    endloop
  endfacet
  facet normal -0.688331 0.725397 0
    outer loop
      vertex 11.8794 -11.8794 14.5
      vertex 11.2414 -12.4848 15.5
      vertex 11.8794 -11.8794 15.5
    endloop
  endfacet
  facet normal -0.688331 0.725397 0
    outer loop
      vertex 11.2414 -12.4848 15.5
      vertex 11.8794 -11.8794 14.5
      vertex 11.2414 -12.4848 14.5
    endloop
  endfacet
  facet normal -0.983252 -0.182252 0
    outer loop
      vertex 16.5932 2.6281 14.5
      vertex 16.4329 3.49292 15.5
      vertex 16.4329 3.49292 14.5
    endloop
  endfacet
  facet normal -0.983252 -0.182252 0
    outer loop
      vertex 16.4329 3.49292 15.5
      vertex 16.5932 2.6281 14.5
      vertex 16.5932 2.6281 15.5
    endloop
  endfacet
  facet normal 0.991445 0.130522 0
    outer loop
      vertex -16.5932 -2.6281 15.5
      vertex -16.708 -1.75608 14.5
      vertex -16.708 -1.75608 15.5
    endloop
  endfacet
  facet normal 0.991445 0.130522 0
    outer loop
      vertex -16.708 -1.75608 14.5
      vertex -16.5932 -2.6281 15.5
      vertex -16.5932 -2.6281 14.5
    endloop
  endfacet
  facet normal -0.972376 -0.233419 0
    outer loop
      vertex 16.4329 3.49292 14.5
      vertex 16.2276 4.34816 15.5
      vertex 16.2276 4.34816 14.5
    endloop
  endfacet
  facet normal -0.972376 -0.233419 0
    outer loop
      vertex 16.2276 4.34816 15.5
      vertex 16.4329 3.49292 14.5
      vertex 16.4329 3.49292 15.5
    endloop
  endfacet
  facet normal 0.79338 -0.608727 0
    outer loop
      vertex -13.5915 9.87479 15.5
      vertex -13.0561 10.5726 14.5
      vertex -13.0561 10.5726 15.5
    endloop
  endfacet
  facet normal 0.79338 -0.608727 0
    outer loop
      vertex -13.0561 10.5726 14.5
      vertex -13.5915 9.87479 15.5
      vertex -13.5915 9.87479 14.5
    endloop
  endfacet
  facet normal -0.902566 0.430551 0
    outer loop
      vertex 14.9689 -7.62704 14.5
      vertex 15.3476 -6.83317 15.5
      vertex 15.3476 -6.83317 14.5
    endloop
  endfacet
  facet normal -0.902566 0.430551 0
    outer loop
      vertex 15.3476 -6.83317 15.5
      vertex 14.9689 -7.62704 14.5
      vertex 14.9689 -7.62704 15.5
    endloop
  endfacet
  facet normal -0.79338 0.608727 0
    outer loop
      vertex 13.0561 -10.5726 14.5
      vertex 13.5915 -9.87479 15.5
      vertex 13.5915 -9.87479 14.5
    endloop
  endfacet
  facet normal -0.79338 0.608727 0
    outer loop
      vertex 13.5915 -9.87479 15.5
      vertex 13.0561 -10.5726 14.5
      vertex 13.0561 -10.5726 15.5
    endloop
  endfacet
  facet normal 0.430551 -0.902566 0
    outer loop
      vertex -7.62704 14.9689 14.5
      vertex -6.83317 15.3476 15.5
      vertex -7.62704 14.9689 15.5
    endloop
  endfacet
  facet normal 0.430551 -0.902566 0
    outer loop
      vertex -6.83317 15.3476 15.5
      vertex -7.62704 14.9689 14.5
      vertex -6.83317 15.3476 14.5
    endloop
  endfacet
  facet normal -0.382697 -0.923874 0
    outer loop
      vertex 6.02058 15.6842 14.5
      vertex 6.83317 15.3476 15.5
      vertex 6.02058 15.6842 15.5
    endloop
  endfacet
  facet normal -0.382697 -0.923874 -0
    outer loop
      vertex 6.83317 15.3476 15.5
      vertex 6.02058 15.6842 14.5
      vertex 6.83317 15.3476 14.5
    endloop
  endfacet
  facet normal 0.566425 -0.824113 0
    outer loop
      vertex -9.87479 13.5915 14.5
      vertex -9.14994 14.0897 15.5
      vertex -9.87479 13.5915 15.5
    endloop
  endfacet
  facet normal 0.566425 -0.824113 0
    outer loop
      vertex -9.14994 14.0897 15.5
      vertex -9.87479 13.5915 14.5
      vertex -9.14994 14.0897 14.5
    endloop
  endfacet
  facet normal -0.942676 0.33371 0
    outer loop
      vertex 15.6842 -6.02058 14.5
      vertex 15.9777 -5.19149 15.5
      vertex 15.9777 -5.19149 14.5
    endloop
  endfacet
  facet normal -0.942676 0.33371 0
    outer loop
      vertex 15.9777 -5.19149 15.5
      vertex 15.6842 -6.02058 14.5
      vertex 15.6842 -6.02058 15.5
    endloop
  endfacet
  facet normal -0.566425 -0.824113 0
    outer loop
      vertex 9.14994 14.0897 14.5
      vertex 9.87479 13.5915 15.5
      vertex 9.14994 14.0897 15.5
    endloop
  endfacet
  facet normal -0.566425 -0.824113 -0
    outer loop
      vertex 9.87479 13.5915 15.5
      vertex 9.14994 14.0897 14.5
      vertex 9.87479 13.5915 14.5
    endloop
  endfacet
  facet normal -0.608727 -0.79338 0
    outer loop
      vertex 9.87479 13.5915 14.5
      vertex 10.5726 13.0561 15.5
      vertex 9.87479 13.5915 15.5
    endloop
  endfacet
  facet normal -0.608727 -0.79338 -0
    outer loop
      vertex 10.5726 13.0561 15.5
      vertex 9.87479 13.5915 14.5
      vertex 10.5726 13.0561 14.5
    endloop
  endfacet
  facet normal -0.608727 0.79338 0
    outer loop
      vertex 10.5726 -13.0561 14.5
      vertex 9.87479 -13.5915 15.5
      vertex 10.5726 -13.0561 15.5
    endloop
  endfacet
  facet normal -0.608727 0.79338 0
    outer loop
      vertex 9.87479 -13.5915 15.5
      vertex 10.5726 -13.0561 14.5
      vertex 9.87479 -13.5915 14.5
    endloop
  endfacet
  facet normal 0.130522 -0.991445 0
    outer loop
      vertex -2.6281 16.5932 14.5
      vertex -1.75608 16.708 15.5
      vertex -2.6281 16.5932 15.5
    endloop
  endfacet
  facet normal 0.130522 -0.991445 0
    outer loop
      vertex -1.75608 16.708 15.5
      vertex -2.6281 16.5932 14.5
      vertex -1.75608 16.708 14.5
    endloop
  endfacet
  facet normal 0.923874 0.382697 0
    outer loop
      vertex -15.3476 -6.83317 15.5
      vertex -15.6842 -6.02058 14.5
      vertex -15.6842 -6.02058 15.5
    endloop
  endfacet
  facet normal 0.923874 0.382697 0
    outer loop
      vertex -15.6842 -6.02058 14.5
      vertex -15.3476 -6.83317 15.5
      vertex -15.3476 -6.83317 14.5
    endloop
  endfacet
  facet normal -0.0784495 0.996918 0
    outer loop
      vertex 1.75608 -16.708 14.5
      vertex 0.879244 -16.777 15.5
      vertex 1.75608 -16.708 15.5
    endloop
  endfacet
  facet normal -0.0784495 0.996918 0
    outer loop
      vertex 0.879244 -16.777 15.5
      vertex 1.75608 -16.708 14.5
      vertex 0.879244 -16.777 14.5
    endloop
  endfacet
  facet normal 0.999658 0.0261499 0
    outer loop
      vertex -16.777 -0.879244 15.5
      vertex -16.8 0 14.5
      vertex -16.8 0 15.5
    endloop
  endfacet
  facet normal 0.999658 0.0261499 0
    outer loop
      vertex -16.8 0 14.5
      vertex -16.777 -0.879244 15.5
      vertex -16.777 -0.879244 14.5
    endloop
  endfacet
  facet normal -0.824113 -0.566425 0
    outer loop
      vertex 14.0897 9.14994 14.5
      vertex 13.5915 9.87479 15.5
      vertex 13.5915 9.87479 14.5
    endloop
  endfacet
  facet normal -0.824113 -0.566425 0
    outer loop
      vertex 13.5915 9.87479 15.5
      vertex 14.0897 9.14994 14.5
      vertex 14.0897 9.14994 15.5
    endloop
  endfacet
  facet normal -0.430551 -0.902566 0
    outer loop
      vertex 6.83317 15.3476 14.5
      vertex 7.62704 14.9689 15.5
      vertex 6.83317 15.3476 15.5
    endloop
  endfacet
  facet normal -0.430551 -0.902566 -0
    outer loop
      vertex 7.62704 14.9689 15.5
      vertex 6.83317 15.3476 14.5
      vertex 7.62704 14.9689 14.5
    endloop
  endfacet
  facet normal 0.688331 -0.725397 0
    outer loop
      vertex -11.8794 11.8794 14.5
      vertex -11.2414 12.4848 15.5
      vertex -11.8794 11.8794 15.5
    endloop
  endfacet
  facet normal 0.688331 -0.725397 0
    outer loop
      vertex -11.2414 12.4848 15.5
      vertex -11.8794 11.8794 14.5
      vertex -11.2414 12.4848 14.5
    endloop
  endfacet
  facet normal 0.942676 -0.33371 0
    outer loop
      vertex -15.9777 5.19149 15.5
      vertex -15.6842 6.02058 14.5
      vertex -15.6842 6.02058 15.5
    endloop
  endfacet
  facet normal 0.942676 -0.33371 0
    outer loop
      vertex -15.6842 6.02058 14.5
      vertex -15.9777 5.19149 15.5
      vertex -15.9777 5.19149 14.5
    endloop
  endfacet
  facet normal 0.182252 -0.983252 0
    outer loop
      vertex -3.49292 16.4329 14.5
      vertex -2.6281 16.5932 15.5
      vertex -3.49292 16.4329 15.5
    endloop
  endfacet
  facet normal 0.182252 -0.983252 0
    outer loop
      vertex -2.6281 16.5932 15.5
      vertex -3.49292 16.4329 14.5
      vertex -2.6281 16.5932 14.5
    endloop
  endfacet
  facet normal -0.983252 0.182252 0
    outer loop
      vertex 16.4329 -3.49292 14.5
      vertex 16.5932 -2.6281 15.5
      vertex 16.5932 -2.6281 14.5
    endloop
  endfacet
  facet normal -0.983252 0.182252 0
    outer loop
      vertex 16.5932 -2.6281 15.5
      vertex 16.4329 -3.49292 14.5
      vertex 16.4329 -3.49292 15.5
    endloop
  endfacet
  facet normal -0.824113 0.566425 0
    outer loop
      vertex 13.5915 -9.87479 14.5
      vertex 14.0897 -9.14994 15.5
      vertex 14.0897 -9.14994 14.5
    endloop
  endfacet
  facet normal -0.824113 0.566425 0
    outer loop
      vertex 14.0897 -9.14994 15.5
      vertex 13.5915 -9.87479 14.5
      vertex 13.5915 -9.87479 15.5
    endloop
  endfacet
  facet normal -0.958791 -0.284114 0
    outer loop
      vertex 16.2276 4.34816 14.5
      vertex 15.9777 5.19149 15.5
      vertex 15.9777 5.19149 14.5
    endloop
  endfacet
  facet normal -0.958791 -0.284114 0
    outer loop
      vertex 15.9777 5.19149 15.5
      vertex 16.2276 4.34816 14.5
      vertex 16.2276 4.34816 15.5
    endloop
  endfacet
  facet normal 0.284114 -0.958791 0
    outer loop
      vertex -5.19149 15.9777 14.5
      vertex -4.34816 16.2276 15.5
      vertex -5.19149 15.9777 15.5
    endloop
  endfacet
  facet normal 0.284114 -0.958791 0
    outer loop
      vertex -4.34816 16.2276 15.5
      vertex -5.19149 15.9777 14.5
      vertex -4.34816 16.2276 14.5
    endloop
  endfacet
  facet normal -0.942676 -0.33371 0
    outer loop
      vertex 15.9777 5.19149 14.5
      vertex 15.6842 6.02058 15.5
      vertex 15.6842 6.02058 14.5
    endloop
  endfacet
  facet normal -0.942676 -0.33371 0
    outer loop
      vertex 15.6842 6.02058 15.5
      vertex 15.9777 5.19149 14.5
      vertex 15.9777 5.19149 15.5
    endloop
  endfacet
  facet normal 0.983252 0.182252 0
    outer loop
      vertex -16.4329 -3.49292 15.5
      vertex -16.5932 -2.6281 14.5
      vertex -16.5932 -2.6281 15.5
    endloop
  endfacet
  facet normal 0.983252 0.182252 0
    outer loop
      vertex -16.5932 -2.6281 14.5
      vertex -16.4329 -3.49292 15.5
      vertex -16.4329 -3.49292 14.5
    endloop
  endfacet
  facet normal -0.382697 0.923874 0
    outer loop
      vertex 6.83317 -15.3476 14.5
      vertex 6.02058 -15.6842 15.5
      vertex 6.83317 -15.3476 15.5
    endloop
  endfacet
  facet normal -0.382697 0.923874 0
    outer loop
      vertex 6.02058 -15.6842 15.5
      vertex 6.83317 -15.3476 14.5
      vertex 6.02058 -15.6842 14.5
    endloop
  endfacet
  facet normal 0.130522 0.991445 -0
    outer loop
      vertex -1.75608 -16.708 14.5
      vertex -2.6281 -16.5932 15.5
      vertex -1.75608 -16.708 15.5
    endloop
  endfacet
  facet normal 0.130522 0.991445 0
    outer loop
      vertex -2.6281 -16.5932 15.5
      vertex -1.75608 -16.708 14.5
      vertex -2.6281 -16.5932 14.5
    endloop
  endfacet
  facet normal -0.760355 0.649508 0
    outer loop
      vertex 12.4848 -11.2414 14.5
      vertex 13.0561 -10.5726 15.5
      vertex 13.0561 -10.5726 14.5
    endloop
  endfacet
  facet normal -0.760355 0.649508 0
    outer loop
      vertex 13.0561 -10.5726 15.5
      vertex 12.4848 -11.2414 14.5
      vertex 12.4848 -11.2414 15.5
    endloop
  endfacet
  facet normal 0.0261499 -0.999658 0
    outer loop
      vertex -0.879244 16.777 14.5
      vertex 0 16.8 15.5
      vertex -0.879244 16.777 15.5
    endloop
  endfacet
  facet normal 0.0261499 -0.999658 0
    outer loop
      vertex 0 16.8 15.5
      vertex -0.879244 16.777 14.5
      vertex 0 16.8 14.5
    endloop
  endfacet
  facet normal -0.233419 -0.972376 0
    outer loop
      vertex 3.49292 16.4329 14.5
      vertex 4.34816 16.2276 15.5
      vertex 3.49292 16.4329 15.5
    endloop
  endfacet
  facet normal -0.233419 -0.972376 -0
    outer loop
      vertex 4.34816 16.2276 15.5
      vertex 3.49292 16.4329 14.5
      vertex 4.34816 16.2276 14.5
    endloop
  endfacet
  facet normal 0.878809 0.477174 0
    outer loop
      vertex -14.5492 -8.4 15.5
      vertex -14.9689 -7.62704 14.5
      vertex -14.9689 -7.62704 15.5
    endloop
  endfacet
  facet normal 0.878809 0.477174 0
    outer loop
      vertex -14.9689 -7.62704 14.5
      vertex -14.5492 -8.4 15.5
      vertex -14.5492 -8.4 14.5
    endloop
  endfacet
  facet normal 0.760355 0.649508 0
    outer loop
      vertex -12.4848 -11.2414 15.5
      vertex -13.0561 -10.5726 14.5
      vertex -13.0561 -10.5726 15.5
    endloop
  endfacet
  facet normal 0.760355 0.649508 0
    outer loop
      vertex -13.0561 -10.5726 14.5
      vertex -12.4848 -11.2414 15.5
      vertex -12.4848 -11.2414 14.5
    endloop
  endfacet
  facet normal 0.0784495 0.996918 -0
    outer loop
      vertex -0.879244 -16.777 14.5
      vertex -1.75608 -16.708 15.5
      vertex -0.879244 -16.777 15.5
    endloop
  endfacet
  facet normal 0.0784495 0.996918 0
    outer loop
      vertex -1.75608 -16.708 15.5
      vertex -0.879244 -16.777 14.5
      vertex -1.75608 -16.708 14.5
    endloop
  endfacet
  facet normal -0.477174 0.878809 0
    outer loop
      vertex 8.4 -14.5492 14.5
      vertex 7.62704 -14.9689 15.5
      vertex 8.4 -14.5492 15.5
    endloop
  endfacet
  facet normal -0.477174 0.878809 0
    outer loop
      vertex 7.62704 -14.9689 15.5
      vertex 8.4 -14.5492 14.5
      vertex 7.62704 -14.9689 14.5
    endloop
  endfacet
  facet normal 0.649508 0.760355 -0
    outer loop
      vertex -10.5726 -13.0561 14.5
      vertex -11.2414 -12.4848 15.5
      vertex -10.5726 -13.0561 15.5
    endloop
  endfacet
  facet normal 0.649508 0.760355 0
    outer loop
      vertex -11.2414 -12.4848 15.5
      vertex -10.5726 -13.0561 14.5
      vertex -11.2414 -12.4848 14.5
    endloop
  endfacet
  facet normal 0.0784495 -0.996918 0
    outer loop
      vertex -1.75608 16.708 14.5
      vertex -0.879244 16.777 15.5
      vertex -1.75608 16.708 15.5
    endloop
  endfacet
  facet normal 0.0784495 -0.996918 0
    outer loop
      vertex -0.879244 16.777 15.5
      vertex -1.75608 16.708 14.5
      vertex -0.879244 16.777 14.5
    endloop
  endfacet
  facet normal 0.382697 -0.923874 0
    outer loop
      vertex -6.83317 15.3476 14.5
      vertex -6.02058 15.6842 15.5
      vertex -6.83317 15.3476 15.5
    endloop
  endfacet
  facet normal 0.382697 -0.923874 0
    outer loop
      vertex -6.02058 15.6842 15.5
      vertex -6.83317 15.3476 14.5
      vertex -6.02058 15.6842 14.5
    endloop
  endfacet
  facet normal -0.760355 -0.649508 0
    outer loop
      vertex 13.0561 10.5726 14.5
      vertex 12.4848 11.2414 15.5
      vertex 12.4848 11.2414 14.5
    endloop
  endfacet
  facet normal -0.760355 -0.649508 0
    outer loop
      vertex 12.4848 11.2414 15.5
      vertex 13.0561 10.5726 14.5
      vertex 13.0561 10.5726 15.5
    endloop
  endfacet
  facet normal 0.996918 -0.0784495 0
    outer loop
      vertex -16.777 0.879244 15.5
      vertex -16.708 1.75608 14.5
      vertex -16.708 1.75608 15.5
    endloop
  endfacet
  facet normal 0.996918 -0.0784495 0
    outer loop
      vertex -16.708 1.75608 14.5
      vertex -16.777 0.879244 15.5
      vertex -16.777 0.879244 14.5
    endloop
  endfacet
  facet normal -0.0784495 -0.996918 0
    outer loop
      vertex 0.879244 16.777 14.5
      vertex 1.75608 16.708 15.5
      vertex 0.879244 16.777 15.5
    endloop
  endfacet
  facet normal -0.0784495 -0.996918 -0
    outer loop
      vertex 1.75608 16.708 15.5
      vertex 0.879244 16.777 14.5
      vertex 1.75608 16.708 14.5
    endloop
  endfacet
  facet normal 0.725397 0.688331 0
    outer loop
      vertex -11.8794 -11.8794 15.5
      vertex -12.4848 -11.2414 14.5
      vertex -12.4848 -11.2414 15.5
    endloop
  endfacet
  facet normal 0.725397 0.688331 0
    outer loop
      vertex -12.4848 -11.2414 14.5
      vertex -11.8794 -11.8794 15.5
      vertex -11.8794 -11.8794 14.5
    endloop
  endfacet
  facet normal 0.824113 0.566425 0
    outer loop
      vertex -13.5915 -9.87479 15.5
      vertex -14.0897 -9.14994 14.5
      vertex -14.0897 -9.14994 15.5
    endloop
  endfacet
  facet normal 0.824113 0.566425 0
    outer loop
      vertex -14.0897 -9.14994 14.5
      vertex -13.5915 -9.87479 15.5
      vertex -13.5915 -9.87479 14.5
    endloop
  endfacet
  facet normal -0.972376 0.233419 0
    outer loop
      vertex 16.2276 -4.34816 14.5
      vertex 16.4329 -3.49292 15.5
      vertex 16.4329 -3.49292 14.5
    endloop
  endfacet
  facet normal -0.972376 0.233419 0
    outer loop
      vertex 16.4329 -3.49292 15.5
      vertex 16.2276 -4.34816 14.5
      vertex 16.2276 -4.34816 15.5
    endloop
  endfacet
  facet normal 0.999658 -0.0261499 0
    outer loop
      vertex -16.8 0 15.5
      vertex -16.777 0.879244 14.5
      vertex -16.777 0.879244 15.5
    endloop
  endfacet
  facet normal 0.999658 -0.0261499 0
    outer loop
      vertex -16.777 0.879244 14.5
      vertex -16.8 0 15.5
      vertex -16.8 0 14.5
    endloop
  endfacet
  facet normal 0.0261499 0.999658 -0
    outer loop
      vertex 0 -16.8 14.5
      vertex -0.879244 -16.777 15.5
      vertex 0 -16.8 15.5
    endloop
  endfacet
  facet normal 0.0261499 0.999658 0
    outer loop
      vertex -0.879244 -16.777 15.5
      vertex 0 -16.8 14.5
      vertex -0.879244 -16.777 14.5
    endloop
  endfacet
  facet normal 0.33371 0.942676 -0
    outer loop
      vertex -5.19149 -15.9777 14.5
      vertex -6.02058 -15.6842 15.5
      vertex -5.19149 -15.9777 15.5
    endloop
  endfacet
  facet normal 0.33371 0.942676 0
    outer loop
      vertex -6.02058 -15.6842 15.5
      vertex -5.19149 -15.9777 14.5
      vertex -6.02058 -15.6842 14.5
    endloop
  endfacet
  facet normal -0.999658 0.0261499 0
    outer loop
      vertex 16.777 -0.879244 14.5
      vertex 16.8 0 15.5
      vertex 16.8 0 14.5
    endloop
  endfacet
  facet normal -0.999658 0.0261499 0
    outer loop
      vertex 16.8 0 15.5
      vertex 16.777 -0.879244 14.5
      vertex 16.777 -0.879244 15.5
    endloop
  endfacet
  facet normal 0.824113 -0.566425 0
    outer loop
      vertex -14.0897 9.14994 15.5
      vertex -13.5915 9.87479 14.5
      vertex -13.5915 9.87479 15.5
    endloop
  endfacet
  facet normal 0.824113 -0.566425 0
    outer loop
      vertex -13.5915 9.87479 14.5
      vertex -14.0897 9.14994 15.5
      vertex -14.0897 9.14994 14.5
    endloop
  endfacet
  facet normal -0.996918 0.0784495 0
    outer loop
      vertex 16.708 -1.75608 14.5
      vertex 16.777 -0.879244 15.5
      vertex 16.777 -0.879244 14.5
    endloop
  endfacet
  facet normal -0.996918 0.0784495 0
    outer loop
      vertex 16.777 -0.879244 15.5
      vertex 16.708 -1.75608 14.5
      vertex 16.708 -1.75608 15.5
    endloop
  endfacet
  facet normal 0.991445 -0.130522 0
    outer loop
      vertex -16.708 1.75608 15.5
      vertex -16.5932 2.6281 14.5
      vertex -16.5932 2.6281 15.5
    endloop
  endfacet
  facet normal 0.991445 -0.130522 0
    outer loop
      vertex -16.5932 2.6281 14.5
      vertex -16.708 1.75608 15.5
      vertex -16.708 1.75608 14.5
    endloop
  endfacet
  facet normal -0.649508 -0.760355 0
    outer loop
      vertex 10.5726 13.0561 14.5
      vertex 11.2414 12.4848 15.5
      vertex 10.5726 13.0561 15.5
    endloop
  endfacet
  facet normal -0.649508 -0.760355 -0
    outer loop
      vertex 11.2414 12.4848 15.5
      vertex 10.5726 13.0561 14.5
      vertex 11.2414 12.4848 14.5
    endloop
  endfacet
  facet normal -0.79338 -0.608727 0
    outer loop
      vertex 13.5915 9.87479 14.5
      vertex 13.0561 10.5726 15.5
      vertex 13.0561 10.5726 14.5
    endloop
  endfacet
  facet normal -0.79338 -0.608727 0
    outer loop
      vertex 13.0561 10.5726 15.5
      vertex 13.5915 9.87479 14.5
      vertex 13.5915 9.87479 15.5
    endloop
  endfacet
  facet normal 0.33371 -0.942676 0
    outer loop
      vertex -6.02058 15.6842 14.5
      vertex -5.19149 15.9777 15.5
      vertex -6.02058 15.6842 15.5
    endloop
  endfacet
  facet normal 0.33371 -0.942676 0
    outer loop
      vertex -5.19149 15.9777 15.5
      vertex -6.02058 15.6842 14.5
      vertex -5.19149 15.9777 14.5
    endloop
  endfacet
  facet normal -0.430551 0.902566 0
    outer loop
      vertex 7.62704 -14.9689 14.5
      vertex 6.83317 -15.3476 15.5
      vertex 7.62704 -14.9689 15.5
    endloop
  endfacet
  facet normal -0.430551 0.902566 0
    outer loop
      vertex 6.83317 -15.3476 15.5
      vertex 7.62704 -14.9689 14.5
      vertex 6.83317 -15.3476 14.5
    endloop
  endfacet
  facet normal 0.958791 0.284114 0
    outer loop
      vertex -15.9777 -5.19149 15.5
      vertex -16.2276 -4.34816 14.5
      vertex -16.2276 -4.34816 15.5
    endloop
  endfacet
  facet normal 0.958791 0.284114 0
    outer loop
      vertex -16.2276 -4.34816 14.5
      vertex -15.9777 -5.19149 15.5
      vertex -15.9777 -5.19149 14.5
    endloop
  endfacet
  facet normal -0.991445 0.130522 0
    outer loop
      vertex 16.5932 -2.6281 14.5
      vertex 16.708 -1.75608 15.5
      vertex 16.708 -1.75608 14.5
    endloop
  endfacet
  facet normal -0.991445 0.130522 0
    outer loop
      vertex 16.708 -1.75608 15.5
      vertex 16.5932 -2.6281 14.5
      vertex 16.5932 -2.6281 15.5
    endloop
  endfacet
  facet normal 0.430551 0.902566 -0
    outer loop
      vertex -6.83317 -15.3476 14.5
      vertex -7.62704 -14.9689 15.5
      vertex -6.83317 -15.3476 15.5
    endloop
  endfacet
  facet normal 0.430551 0.902566 0
    outer loop
      vertex -7.62704 -14.9689 15.5
      vertex -6.83317 -15.3476 14.5
      vertex -7.62704 -14.9689 14.5
    endloop
  endfacet
  facet normal -0.284114 0.958791 0
    outer loop
      vertex 5.19149 -15.9777 14.5
      vertex 4.34816 -16.2276 15.5
      vertex 5.19149 -15.9777 15.5
    endloop
  endfacet
  facet normal -0.284114 0.958791 0
    outer loop
      vertex 4.34816 -16.2276 15.5
      vertex 5.19149 -15.9777 14.5
      vertex 4.34816 -16.2276 14.5
    endloop
  endfacet
  facet normal -0.852672 -0.522446 0
    outer loop
      vertex 14.5492 8.4 14.5
      vertex 14.0897 9.14994 15.5
      vertex 14.0897 9.14994 14.5
    endloop
  endfacet
  facet normal -0.852672 -0.522446 0
    outer loop
      vertex 14.0897 9.14994 15.5
      vertex 14.5492 8.4 14.5
      vertex 14.5492 8.4 15.5
    endloop
  endfacet
  facet normal 0.608727 0.79338 -0
    outer loop
      vertex -9.87479 -13.5915 14.5
      vertex -10.5726 -13.0561 15.5
      vertex -9.87479 -13.5915 15.5
    endloop
  endfacet
  facet normal 0.608727 0.79338 0
    outer loop
      vertex -10.5726 -13.0561 15.5
      vertex -9.87479 -13.5915 14.5
      vertex -10.5726 -13.0561 14.5
    endloop
  endfacet
  facet normal 0.233419 -0.972376 0
    outer loop
      vertex -4.34816 16.2276 14.5
      vertex -3.49292 16.4329 15.5
      vertex -4.34816 16.2276 15.5
    endloop
  endfacet
  facet normal 0.233419 -0.972376 0
    outer loop
      vertex -3.49292 16.4329 15.5
      vertex -4.34816 16.2276 14.5
      vertex -3.49292 16.4329 14.5
    endloop
  endfacet
  facet normal 0.649508 -0.760355 0
    outer loop
      vertex -11.2414 12.4848 14.5
      vertex -10.5726 13.0561 15.5
      vertex -11.2414 12.4848 15.5
    endloop
  endfacet
  facet normal 0.649508 -0.760355 0
    outer loop
      vertex -10.5726 13.0561 15.5
      vertex -11.2414 12.4848 14.5
      vertex -10.5726 13.0561 14.5
    endloop
  endfacet
  facet normal 0.79338 0.608727 0
    outer loop
      vertex -13.0561 -10.5726 15.5
      vertex -13.5915 -9.87479 14.5
      vertex -13.5915 -9.87479 15.5
    endloop
  endfacet
  facet normal 0.79338 0.608727 0
    outer loop
      vertex -13.5915 -9.87479 14.5
      vertex -13.0561 -10.5726 15.5
      vertex -13.0561 -10.5726 14.5
    endloop
  endfacet
  facet normal -0.522446 0.852672 0
    outer loop
      vertex 9.14994 -14.0897 14.5
      vertex 8.4 -14.5492 15.5
      vertex 9.14994 -14.0897 15.5
    endloop
  endfacet
  facet normal -0.522446 0.852672 0
    outer loop
      vertex 8.4 -14.5492 15.5
      vertex 9.14994 -14.0897 14.5
      vertex 8.4 -14.5492 14.5
    endloop
  endfacet
  facet normal 0.608727 -0.79338 0
    outer loop
      vertex -10.5726 13.0561 14.5
      vertex -9.87479 13.5915 15.5
      vertex -10.5726 13.0561 15.5
    endloop
  endfacet
  facet normal 0.608727 -0.79338 0
    outer loop
      vertex -9.87479 13.5915 15.5
      vertex -10.5726 13.0561 14.5
      vertex -9.87479 13.5915 14.5
    endloop
  endfacet
  facet normal 0.382697 0.923874 -0
    outer loop
      vertex -6.02058 -15.6842 14.5
      vertex -6.83317 -15.3476 15.5
      vertex -6.02058 -15.6842 15.5
    endloop
  endfacet
  facet normal 0.382697 0.923874 0
    outer loop
      vertex -6.83317 -15.3476 15.5
      vertex -6.02058 -15.6842 14.5
      vertex -6.83317 -15.3476 14.5
    endloop
  endfacet
  facet normal -0.923874 0.382697 0
    outer loop
      vertex 15.3476 -6.83317 14.5
      vertex 15.6842 -6.02058 15.5
      vertex 15.6842 -6.02058 14.5
    endloop
  endfacet
  facet normal -0.923874 0.382697 0
    outer loop
      vertex 15.6842 -6.02058 15.5
      vertex 15.3476 -6.83317 14.5
      vertex 15.3476 -6.83317 15.5
    endloop
  endfacet
  facet normal 0.725397 -0.688331 0
    outer loop
      vertex -12.4848 11.2414 15.5
      vertex -11.8794 11.8794 14.5
      vertex -11.8794 11.8794 15.5
    endloop
  endfacet
  facet normal 0.725397 -0.688331 0
    outer loop
      vertex -11.8794 11.8794 14.5
      vertex -12.4848 11.2414 15.5
      vertex -12.4848 11.2414 14.5
    endloop
  endfacet
  facet normal 0.688331 0.725397 -0
    outer loop
      vertex -11.2414 -12.4848 14.5
      vertex -11.8794 -11.8794 15.5
      vertex -11.2414 -12.4848 15.5
    endloop
  endfacet
  facet normal 0.688331 0.725397 0
    outer loop
      vertex -11.8794 -11.8794 15.5
      vertex -11.2414 -12.4848 14.5
      vertex -11.8794 -11.8794 14.5
    endloop
  endfacet
  facet normal -0.958791 0.284114 0
    outer loop
      vertex 15.9777 -5.19149 14.5
      vertex 16.2276 -4.34816 15.5
      vertex 16.2276 -4.34816 14.5
    endloop
  endfacet
  facet normal -0.958791 0.284114 0
    outer loop
      vertex 16.2276 -4.34816 15.5
      vertex 15.9777 -5.19149 14.5
      vertex 15.9777 -5.19149 15.5
    endloop
  endfacet
  facet normal -0.0261499 0.999658 0
    outer loop
      vertex 0.879244 -16.777 14.5
      vertex 0 -16.8 15.5
      vertex 0.879244 -16.777 15.5
    endloop
  endfacet
  facet normal -0.0261499 0.999658 0
    outer loop
      vertex 0 -16.8 15.5
      vertex 0.879244 -16.777 14.5
      vertex 0 -16.8 14.5
    endloop
  endfacet
  facet normal 0.233419 0.972376 -0
    outer loop
      vertex -3.49292 -16.4329 14.5
      vertex -4.34816 -16.2276 15.5
      vertex -3.49292 -16.4329 15.5
    endloop
  endfacet
  facet normal 0.233419 0.972376 0
    outer loop
      vertex -4.34816 -16.2276 15.5
      vertex -3.49292 -16.4329 14.5
      vertex -4.34816 -16.2276 14.5
    endloop
  endfacet
  facet normal 0.477174 -0.878809 0
    outer loop
      vertex -8.4 14.5492 14.5
      vertex -7.62704 14.9689 15.5
      vertex -8.4 14.5492 15.5
    endloop
  endfacet
  facet normal 0.477174 -0.878809 0
    outer loop
      vertex -7.62704 14.9689 15.5
      vertex -8.4 14.5492 14.5
      vertex -7.62704 14.9689 14.5
    endloop
  endfacet
  facet normal 0.878809 -0.477174 0
    outer loop
      vertex -14.9689 7.62704 15.5
      vertex -14.5492 8.4 14.5
      vertex -14.5492 8.4 15.5
    endloop
  endfacet
  facet normal 0.878809 -0.477174 0
    outer loop
      vertex -14.5492 8.4 14.5
      vertex -14.9689 7.62704 15.5
      vertex -14.9689 7.62704 14.5
    endloop
  endfacet
  facet normal -0.852672 0.522446 0
    outer loop
      vertex 14.0897 -9.14994 14.5
      vertex 14.5492 -8.4 15.5
      vertex 14.5492 -8.4 14.5
    endloop
  endfacet
  facet normal -0.852672 0.522446 0
    outer loop
      vertex 14.5492 -8.4 15.5
      vertex 14.0897 -9.14994 14.5
      vertex 14.0897 -9.14994 15.5
    endloop
  endfacet
  facet normal -0.566425 0.824113 0
    outer loop
      vertex 9.87479 -13.5915 14.5
      vertex 9.14994 -14.0897 15.5
      vertex 9.87479 -13.5915 15.5
    endloop
  endfacet
  facet normal -0.566425 0.824113 0
    outer loop
      vertex 9.14994 -14.0897 15.5
      vertex 9.87479 -13.5915 14.5
      vertex 9.14994 -14.0897 14.5
    endloop
  endfacet
  facet normal -0.725397 0.688331 0
    outer loop
      vertex 11.8794 -11.8794 14.5
      vertex 12.4848 -11.2414 15.5
      vertex 12.4848 -11.2414 14.5
    endloop
  endfacet
  facet normal -0.725397 0.688331 0
    outer loop
      vertex 12.4848 -11.2414 15.5
      vertex 11.8794 -11.8794 14.5
      vertex 11.8794 -11.8794 15.5
    endloop
  endfacet
  facet normal -0.688331 -0.725397 0
    outer loop
      vertex 11.2414 12.4848 14.5
      vertex 11.8794 11.8794 15.5
      vertex 11.2414 12.4848 15.5
    endloop
  endfacet
  facet normal -0.688331 -0.725397 -0
    outer loop
      vertex 11.8794 11.8794 15.5
      vertex 11.2414 12.4848 14.5
      vertex 11.8794 11.8794 14.5
    endloop
  endfacet
  facet normal 0.972376 -0.233419 0
    outer loop
      vertex -16.4329 3.49292 15.5
      vertex -16.2276 4.34816 14.5
      vertex -16.2276 4.34816 15.5
    endloop
  endfacet
  facet normal 0.972376 -0.233419 0
    outer loop
      vertex -16.2276 4.34816 14.5
      vertex -16.4329 3.49292 15.5
      vertex -16.4329 3.49292 14.5
    endloop
  endfacet
  facet normal -0.130522 -0.991445 0
    outer loop
      vertex 1.75608 16.708 14.5
      vertex 2.6281 16.5932 15.5
      vertex 1.75608 16.708 15.5
    endloop
  endfacet
  facet normal -0.130522 -0.991445 -0
    outer loop
      vertex 2.6281 16.5932 15.5
      vertex 1.75608 16.708 14.5
      vertex 2.6281 16.5932 14.5
    endloop
  endfacet
  facet normal -0.923874 -0.382697 0
    outer loop
      vertex 15.6842 6.02058 14.5
      vertex 15.3476 6.83317 15.5
      vertex 15.3476 6.83317 14.5
    endloop
  endfacet
  facet normal -0.923874 -0.382697 0
    outer loop
      vertex 15.3476 6.83317 15.5
      vertex 15.6842 6.02058 14.5
      vertex 15.6842 6.02058 15.5
    endloop
  endfacet
  facet normal -0.902566 -0.430551 0
    outer loop
      vertex 15.3476 6.83317 14.5
      vertex 14.9689 7.62704 15.5
      vertex 14.9689 7.62704 14.5
    endloop
  endfacet
  facet normal -0.902566 -0.430551 0
    outer loop
      vertex 14.9689 7.62704 15.5
      vertex 15.3476 6.83317 14.5
      vertex 15.3476 6.83317 15.5
    endloop
  endfacet
  facet normal -0.182252 0.983252 0
    outer loop
      vertex 3.49292 -16.4329 14.5
      vertex 2.6281 -16.5932 15.5
      vertex 3.49292 -16.4329 15.5
    endloop
  endfacet
  facet normal -0.182252 0.983252 0
    outer loop
      vertex 2.6281 -16.5932 15.5
      vertex 3.49292 -16.4329 14.5
      vertex 2.6281 -16.5932 14.5
    endloop
  endfacet
  facet normal 0.996918 0.0784495 0
    outer loop
      vertex -16.708 -1.75608 15.5
      vertex -16.777 -0.879244 14.5
      vertex -16.777 -0.879244 15.5
    endloop
  endfacet
  facet normal 0.996918 0.0784495 0
    outer loop
      vertex -16.777 -0.879244 14.5
      vertex -16.708 -1.75608 15.5
      vertex -16.708 -1.75608 14.5
    endloop
  endfacet
  facet normal 0.284114 0.958791 -0
    outer loop
      vertex -4.34816 -16.2276 14.5
      vertex -5.19149 -15.9777 15.5
      vertex -4.34816 -16.2276 15.5
    endloop
  endfacet
  facet normal 0.284114 0.958791 0
    outer loop
      vertex -5.19149 -15.9777 15.5
      vertex -4.34816 -16.2276 14.5
      vertex -5.19149 -15.9777 14.5
    endloop
  endfacet
  facet normal 0.566425 0.824113 -0
    outer loop
      vertex -9.14994 -14.0897 14.5
      vertex -9.87479 -13.5915 15.5
      vertex -9.14994 -14.0897 15.5
    endloop
  endfacet
  facet normal 0.566425 0.824113 0
    outer loop
      vertex -9.87479 -13.5915 15.5
      vertex -9.14994 -14.0897 14.5
      vertex -9.87479 -13.5915 14.5
    endloop
  endfacet
  facet normal -0.725397 -0.688331 0
    outer loop
      vertex 12.4848 11.2414 14.5
      vertex 11.8794 11.8794 15.5
      vertex 11.8794 11.8794 14.5
    endloop
  endfacet
  facet normal -0.725397 -0.688331 0
    outer loop
      vertex 11.8794 11.8794 15.5
      vertex 12.4848 11.2414 14.5
      vertex 12.4848 11.2414 15.5
    endloop
  endfacet
  facet normal -0.0261499 -0.999658 0
    outer loop
      vertex 0 16.8 14.5
      vertex 0.879244 16.777 15.5
      vertex 0 16.8 15.5
    endloop
  endfacet
  facet normal -0.0261499 -0.999658 -0
    outer loop
      vertex 0.879244 16.777 15.5
      vertex 0 16.8 14.5
      vertex 0.879244 16.777 14.5
    endloop
  endfacet
  facet normal -0.878809 0.477174 0
    outer loop
      vertex 14.5492 -8.4 14.5
      vertex 14.9689 -7.62704 15.5
      vertex 14.9689 -7.62704 14.5
    endloop
  endfacet
  facet normal -0.878809 0.477174 0
    outer loop
      vertex 14.9689 -7.62704 15.5
      vertex 14.5492 -8.4 14.5
      vertex 14.5492 -8.4 15.5
    endloop
  endfacet
  facet normal -0.477174 -0.878809 0
    outer loop
      vertex 7.62704 14.9689 14.5
      vertex 8.4 14.5492 15.5
      vertex 7.62704 14.9689 15.5
    endloop
  endfacet
  facet normal -0.477174 -0.878809 -0
    outer loop
      vertex 8.4 14.5492 15.5
      vertex 7.62704 14.9689 14.5
      vertex 8.4 14.5492 14.5
    endloop
  endfacet
  facet normal -0.522446 -0.852672 0
    outer loop
      vertex 8.4 14.5492 14.5
      vertex 9.14994 14.0897 15.5
      vertex 8.4 14.5492 15.5
    endloop
  endfacet
  facet normal -0.522446 -0.852672 -0
    outer loop
      vertex 9.14994 14.0897 15.5
      vertex 8.4 14.5492 14.5
      vertex 9.14994 14.0897 14.5
    endloop
  endfacet
  facet normal 0.902566 0.430551 0
    outer loop
      vertex -14.9689 -7.62704 15.5
      vertex -15.3476 -6.83317 14.5
      vertex -15.3476 -6.83317 15.5
    endloop
  endfacet
  facet normal 0.902566 0.430551 0
    outer loop
      vertex -15.3476 -6.83317 14.5
      vertex -14.9689 -7.62704 15.5
      vertex -14.9689 -7.62704 14.5
    endloop
  endfacet
  facet normal 0.902566 -0.430551 0
    outer loop
      vertex -15.3476 6.83317 15.5
      vertex -14.9689 7.62704 14.5
      vertex -14.9689 7.62704 15.5
    endloop
  endfacet
  facet normal 0.902566 -0.430551 0
    outer loop
      vertex -14.9689 7.62704 14.5
      vertex -15.3476 6.83317 15.5
      vertex -15.3476 6.83317 14.5
    endloop
  endfacet
  facet normal -0.233419 0.972376 0
    outer loop
      vertex 4.34816 -16.2276 14.5
      vertex 3.49292 -16.4329 15.5
      vertex 4.34816 -16.2276 15.5
    endloop
  endfacet
  facet normal -0.233419 0.972376 0
    outer loop
      vertex 3.49292 -16.4329 15.5
      vertex 4.34816 -16.2276 14.5
      vertex 3.49292 -16.4329 14.5
    endloop
  endfacet
  facet normal -0.130522 0.991445 0
    outer loop
      vertex 2.6281 -16.5932 14.5
      vertex 1.75608 -16.708 15.5
      vertex 2.6281 -16.5932 15.5
    endloop
  endfacet
  facet normal -0.130522 0.991445 0
    outer loop
      vertex 1.75608 -16.708 15.5
      vertex 2.6281 -16.5932 14.5
      vertex 1.75608 -16.708 14.5
    endloop
  endfacet
  facet normal 0.983252 -0.182252 0
    outer loop
      vertex -16.5932 2.6281 15.5
      vertex -16.4329 3.49292 14.5
      vertex -16.4329 3.49292 15.5
    endloop
  endfacet
  facet normal 0.983252 -0.182252 0
    outer loop
      vertex -16.4329 3.49292 14.5
      vertex -16.5932 2.6281 15.5
      vertex -16.5932 2.6281 14.5
    endloop
  endfacet
  facet normal 0.477174 0.878809 -0
    outer loop
      vertex -7.62704 -14.9689 14.5
      vertex -8.4 -14.5492 15.5
      vertex -7.62704 -14.9689 15.5
    endloop
  endfacet
  facet normal 0.477174 0.878809 0
    outer loop
      vertex -8.4 -14.5492 15.5
      vertex -7.62704 -14.9689 14.5
      vertex -8.4 -14.5492 14.5
    endloop
  endfacet
  facet normal 0.923874 -0.382697 0
    outer loop
      vertex -15.6842 6.02058 15.5
      vertex -15.3476 6.83317 14.5
      vertex -15.3476 6.83317 15.5
    endloop
  endfacet
  facet normal 0.923874 -0.382697 0
    outer loop
      vertex -15.3476 6.83317 14.5
      vertex -15.6842 6.02058 15.5
      vertex -15.6842 6.02058 14.5
    endloop
  endfacet
  facet normal -0.284114 -0.958791 0
    outer loop
      vertex 4.34816 16.2276 14.5
      vertex 5.19149 15.9777 15.5
      vertex 4.34816 16.2276 15.5
    endloop
  endfacet
  facet normal -0.284114 -0.958791 -0
    outer loop
      vertex 5.19149 15.9777 15.5
      vertex 4.34816 16.2276 14.5
      vertex 5.19149 15.9777 14.5
    endloop
  endfacet
  facet normal -0.33371 -0.942676 0
    outer loop
      vertex 5.19149 15.9777 14.5
      vertex 6.02058 15.6842 15.5
      vertex 5.19149 15.9777 15.5
    endloop
  endfacet
  facet normal -0.33371 -0.942676 -0
    outer loop
      vertex 6.02058 15.6842 15.5
      vertex 5.19149 15.9777 14.5
      vertex 6.02058 15.6842 14.5
    endloop
  endfacet
  facet normal -0.649508 0.760355 0
    outer loop
      vertex 11.2414 -12.4848 14.5
      vertex 10.5726 -13.0561 15.5
      vertex 11.2414 -12.4848 15.5
    endloop
  endfacet
  facet normal -0.649508 0.760355 0
    outer loop
      vertex 10.5726 -13.0561 15.5
      vertex 11.2414 -12.4848 14.5
      vertex 10.5726 -13.0561 14.5
    endloop
  endfacet
  facet normal 0.942676 0.33371 0
    outer loop
      vertex -15.6842 -6.02058 15.5
      vertex -15.9777 -5.19149 14.5
      vertex -15.9777 -5.19149 15.5
    endloop
  endfacet
  facet normal 0.942676 0.33371 0
    outer loop
      vertex -15.9777 -5.19149 14.5
      vertex -15.6842 -6.02058 15.5
      vertex -15.6842 -6.02058 14.5
    endloop
  endfacet
  facet normal 0.852672 -0.522446 0
    outer loop
      vertex -14.5492 8.4 15.5
      vertex -14.0897 9.14994 14.5
      vertex -14.0897 9.14994 15.5
    endloop
  endfacet
  facet normal 0.852672 -0.522446 0
    outer loop
      vertex -14.0897 9.14994 14.5
      vertex -14.5492 8.4 15.5
      vertex -14.5492 8.4 14.5
    endloop
  endfacet
  facet normal 0.958791 -0.284114 0
    outer loop
      vertex -16.2276 4.34816 15.5
      vertex -15.9777 5.19149 14.5
      vertex -15.9777 5.19149 15.5
    endloop
  endfacet
  facet normal 0.958791 -0.284114 0
    outer loop
      vertex -15.9777 5.19149 14.5
      vertex -16.2276 4.34816 15.5
      vertex -16.2276 4.34816 14.5
    endloop
  endfacet
  facet normal 0.182252 0.983252 -0
    outer loop
      vertex -2.6281 -16.5932 14.5
      vertex -3.49292 -16.4329 15.5
      vertex -2.6281 -16.5932 15.5
    endloop
  endfacet
  facet normal 0.182252 0.983252 0
    outer loop
      vertex -3.49292 -16.4329 15.5
      vertex -2.6281 -16.5932 14.5
      vertex -3.49292 -16.4329 14.5
    endloop
  endfacet
  facet normal 0.760355 -0.649508 0
    outer loop
      vertex -13.0561 10.5726 15.5
      vertex -12.4848 11.2414 14.5
      vertex -12.4848 11.2414 15.5
    endloop
  endfacet
  facet normal 0.760355 -0.649508 0
    outer loop
      vertex -12.4848 11.2414 14.5
      vertex -13.0561 10.5726 15.5
      vertex -13.0561 10.5726 14.5
    endloop
  endfacet
  facet normal -0.33371 0.942676 0
    outer loop
      vertex 6.02058 -15.6842 14.5
      vertex 5.19149 -15.9777 15.5
      vertex 6.02058 -15.6842 15.5
    endloop
  endfacet
  facet normal -0.33371 0.942676 0
    outer loop
      vertex 5.19149 -15.9777 15.5
      vertex 6.02058 -15.6842 14.5
      vertex 5.19149 -15.9777 14.5
    endloop
  endfacet
  facet normal -0.182252 -0.983252 0
    outer loop
      vertex 2.6281 16.5932 14.5
      vertex 3.49292 16.4329 15.5
      vertex 2.6281 16.5932 15.5
    endloop
  endfacet
  facet normal -0.182252 -0.983252 -0
    outer loop
      vertex 3.49292 16.4329 15.5
      vertex 2.6281 16.5932 14.5
      vertex 3.49292 16.4329 14.5
    endloop
  endfacet
  facet normal 0.522446 -0.852672 0
    outer loop
      vertex -9.14994 14.0897 14.5
      vertex -8.4 14.5492 15.5
      vertex -9.14994 14.0897 15.5
    endloop
  endfacet
  facet normal 0.522446 -0.852672 0
    outer loop
      vertex -8.4 14.5492 15.5
      vertex -9.14994 14.0897 14.5
      vertex -8.4 14.5492 14.5
    endloop
  endfacet
  facet normal 0.852672 0.522446 0
    outer loop
      vertex -14.0897 -9.14994 15.5
      vertex -14.5492 -8.4 14.5
      vertex -14.5492 -8.4 15.5
    endloop
  endfacet
  facet normal 0.852672 0.522446 0
    outer loop
      vertex -14.5492 -8.4 14.5
      vertex -14.0897 -9.14994 15.5
      vertex -14.0897 -9.14994 14.5
    endloop
  endfacet
  facet normal 0.522446 0.852672 -0
    outer loop
      vertex -8.4 -14.5492 14.5
      vertex -9.14994 -14.0897 15.5
      vertex -8.4 -14.5492 15.5
    endloop
  endfacet
  facet normal 0.522446 0.852672 0
    outer loop
      vertex -9.14994 -14.0897 15.5
      vertex -8.4 -14.5492 14.5
      vertex -9.14994 -14.0897 14.5
    endloop
  endfacet
  facet normal -0.712794 -0.0186459 0.701125
    outer loop
      vertex 16.8 0 15.5
      vertex 17.3898 0.0144265 16.1
      vertex 16.777 0.879244 15.5
    endloop
  endfacet
  facet normal -0.712766 -0.0197627 0.701124
    outer loop
      vertex 17.3898 0.0144265 16.1
      vertex 16.8 0 15.5
      vertex 17.3902 0 16.1
    endloop
  endfacet
  facet normal 0.542186 0.463144 0.701094
    outer loop
      vertex -13.0561 -10.5726 15.5
      vertex -13.5053 -10.955 16.1
      vertex -12.4848 -11.2414 15.5
    endloop
  endfacet
  facet normal 0.542098 0.463247 0.701093
    outer loop
      vertex -13.5053 -10.955 16.1
      vertex -13.0561 -10.5726 15.5
      vertex -13.5147 -10.944 16.1
    endloop
  endfacet
  facet normal -0.271979 -0.659177 0.70108
    outer loop
      vertex 7.05988 15.8922 16.1
      vertex 6.83317 15.3476 15.5
      vertex 7.07321 15.8867 16.1
    endloop
  endfacet
  facet normal -0.272894 -0.658797 0.701081
    outer loop
      vertex 6.83317 15.3476 15.5
      vertex 7.05988 15.8922 16.1
      vertex 6.02058 15.6842 15.5
    endloop
  endfacet
  facet normal -0.463086 0.54219 0.701129
    outer loop
      vertex 11.6363 -12.9234 16.1
      vertex 11.2414 -12.4848 15.5
      vertex 10.955 -13.5053 16.1
    endloop
  endfacet
  facet normal -0.658801 0.272892 0.701079
    outer loop
      vertex 15.8922 -7.05988 16.1
      vertex 16.2351 -6.23207 16.1
      vertex 15.6842 -6.02058 15.5
    endloop
  endfacet
  facet normal -0.0931111 -0.70696 0.701098
    outer loop
      vertex 2.70611 17.1779 16.1
      vertex 1.81777 17.2949 16.1
      vertex 1.75608 16.708 15.5
    endloop
  endfacet
  facet normal -0.463247 -0.542098 0.701093
    outer loop
      vertex 10.5726 13.0561 15.5
      vertex 10.955 13.5053 16.1
      vertex 10.944 13.5147 16.1
    endloop
  endfacet
  facet normal -0.463144 -0.542186 0.701094
    outer loop
      vertex 10.955 13.5053 16.1
      vertex 10.5726 13.0561 15.5
      vertex 11.2414 12.4848 15.5
    endloop
  endfacet
  facet normal 0.0559473 0.710881 0.701084
    outer loop
      vertex -0.91013 -17.3663 16.1
      vertex -0.879244 -16.777 15.5
      vertex -1.80338 -17.296 16.1
    endloop
  endfacet
  facet normal 0.272894 0.658797 0.701081
    outer loop
      vertex -6.83317 -15.3476 15.5
      vertex -7.05988 -15.8922 16.1
      vertex -6.02058 -15.6842 15.5
    endloop
  endfacet
  facet normal 0.271979 0.659177 0.70108
    outer loop
      vertex -7.05988 -15.8922 16.1
      vertex -6.83317 -15.3476 15.5
      vertex -7.07321 -15.8867 16.1
    endloop
  endfacet
  facet normal -0.0930747 -0.706995 0.701068
    outer loop
      vertex 2.6281 16.5932 15.5
      vertex 2.70611 17.1779 16.1
      vertex 1.75608 16.708 15.5
    endloop
  endfacet
  facet normal -0.0889973 -0.707529 0.701058
    outer loop
      vertex 2.70611 17.1779 16.1
      vertex 2.6281 16.5932 15.5
      vertex 2.72042 17.1761 16.1
    endloop
  endfacet
  facet normal -0.463086 -0.54219 0.701129
    outer loop
      vertex 11.2414 12.4848 15.5
      vertex 11.6363 12.9234 16.1
      vertex 10.955 13.5053 16.1
    endloop
  endfacet
  facet normal 0.711012 -0.0543512 0.701076
    outer loop
      vertex -17.296 1.80338 16.1
      vertex -16.708 1.75608 15.5
      vertex -17.2949 1.81777 16.1
    endloop
  endfacet
  facet normal 0.710886 -0.0559411 0.701079
    outer loop
      vertex -16.708 1.75608 15.5
      vertex -17.296 1.80338 16.1
      vertex -16.777 0.879244 15.5
    endloop
  endfacet
  facet normal 0.707529 -0.0889973 0.701058
    outer loop
      vertex -17.1779 2.70611 16.1
      vertex -16.5932 2.6281 15.5
      vertex -17.1761 2.72042 16.1
    endloop
  endfacet
  facet normal 0.706995 -0.0930747 0.701068
    outer loop
      vertex -16.5932 2.6281 15.5
      vertex -17.1779 2.70611 16.1
      vertex -16.708 1.75608 15.5
    endloop
  endfacet
  facet normal 0.49085 0.517191 0.701128
    outer loop
      vertex -11.6363 -12.9234 16.1
      vertex -11.2414 -12.4848 15.5
      vertex -12.2862 -12.3066 16.1
    endloop
  endfacet
  facet normal 0.672216 0.237966 0.701069
    outer loop
      vertex -16.2399 -6.21847 16.1
      vertex -15.6842 -6.02058 15.5
      vertex -15.9777 -5.19149 15.5
    endloop
  endfacet
  facet normal 0.672441 0.237332 0.701068
    outer loop
      vertex -15.6842 -6.02058 15.5
      vertex -16.2399 -6.21847 16.1
      vertex -16.2351 -6.23207 16.1
    endloop
  endfacet
  facet normal -0.489186 0.518833 0.701077
    outer loop
      vertex 11.8794 -11.8794 15.5
      vertex 12.2862 -12.3066 16.1
      vertex 12.2967 -12.2967 16.1
    endloop
  endfacet
  facet normal -0.490836 0.517267 0.701081
    outer loop
      vertex 12.2862 -12.3066 16.1
      vertex 11.8794 -11.8794 15.5
      vertex 11.2414 -12.4848 15.5
    endloop
  endfacet
  facet normal 0.701144 -0.129962 0.701076
    outer loop
      vertex -17.1734 2.73461 16.1
      vertex -16.5932 2.6281 15.5
      vertex -16.4329 3.49292 15.5
    endloop
  endfacet
  facet normal 0.700525 -0.133292 0.701069
    outer loop
      vertex -16.5932 2.6281 15.5
      vertex -17.1734 2.73461 16.1
      vertex -17.1761 2.72042 16.1
    endloop
  endfacet
  facet normal -0.70696 0.0931111 0.701098
    outer loop
      vertex 17.1779 -2.70611 16.1
      vertex 17.2949 -1.81777 16.1
      vertex 16.708 -1.75608 15.5
    endloop
  endfacet
  facet normal 0.306377 -0.643886 0.701102
    outer loop
      vertex -7.08624 15.8805 16.1
      vertex -6.83317 15.3476 15.5
      vertex -7.07321 15.8867 16.1
    endloop
  endfacet
  facet normal 0.307009 -0.643585 0.701102
    outer loop
      vertex -6.83317 15.3476 15.5
      vertex -7.08624 15.8805 16.1
      vertex -7.62704 14.9689 15.5
    endloop
  endfacet
  facet normal -0.672441 -0.237332 0.701068
    outer loop
      vertex 15.6842 6.02058 15.5
      vertex 16.2399 6.21847 16.1
      vertex 16.2351 6.23207 16.1
    endloop
  endfacet
  facet normal -0.672216 -0.237966 0.701069
    outer loop
      vertex 16.2399 6.21847 16.1
      vertex 15.6842 6.02058 15.5
      vertex 15.9777 5.19149 15.5
    endloop
  endfacet
  facet normal 0.372599 0.607985 0.701088
    outer loop
      vertex -8.70738 -15.0528 16.1
      vertex -9.14994 -14.0897 15.5
      vertex -9.47136 -14.5846 16.1
    endloop
  endfacet
  facet normal -0.307009 0.643585 0.701102
    outer loop
      vertex 6.83317 -15.3476 15.5
      vertex 7.08624 -15.8805 16.1
      vertex 7.62704 -14.9689 15.5
    endloop
  endfacet
  facet normal -0.306377 0.643886 0.701102
    outer loop
      vertex 7.08624 -15.8805 16.1
      vertex 6.83317 -15.3476 15.5
      vertex 7.07321 -15.8867 16.1
    endloop
  endfacet
  facet normal -0.0559473 -0.710881 0.701084
    outer loop
      vertex 1.80338 17.296 16.1
      vertex 0.91013 17.3663 16.1
      vertex 0.879244 16.777 15.5
    endloop
  endfacet
  facet normal 0.518833 -0.489186 0.701077
    outer loop
      vertex -12.3066 12.2862 16.1
      vertex -11.8794 11.8794 15.5
      vertex -12.2967 12.2967 16.1
    endloop
  endfacet
  facet normal 0.517267 -0.490836 0.701081
    outer loop
      vertex -11.8794 11.8794 15.5
      vertex -12.3066 12.2862 16.1
      vertex -12.4848 11.2414 15.5
    endloop
  endfacet
  facet normal -0.711012 -0.0543512 0.701076
    outer loop
      vertex 16.708 1.75608 15.5
      vertex 17.296 1.80338 16.1
      vertex 17.2949 1.81777 16.1
    endloop
  endfacet
  facet normal -0.710886 -0.0559411 0.701079
    outer loop
      vertex 17.296 1.80338 16.1
      vertex 16.708 1.75608 15.5
      vertex 16.777 0.879244 15.5
    endloop
  endfacet
  facet normal -0.202596 0.683693 0.701084
    outer loop
      vertex 4.34816 -16.2276 15.5
      vertex 4.51474 -16.7935 16.1
      vertex 5.19149 -15.9777 15.5
    endloop
  endfacet
  facet normal -0.202544 0.683709 0.701084
    outer loop
      vertex 4.51474 -16.7935 16.1
      vertex 4.34816 -16.2276 15.5
      vertex 4.5009 -16.7976 16.1
    endloop
  endfacet
  facet normal -0.658801 -0.272892 0.701079
    outer loop
      vertex 16.2351 6.23207 16.1
      vertex 15.8922 7.05988 16.1
      vertex 15.6842 6.02058 15.5
    endloop
  endfacet
  facet normal -0.626616 -0.340273 0.701118
    outer loop
      vertex 15.4879 7.90765 16.1
      vertex 15.0603 8.69508 16.1
      vertex 14.5492 8.4 15.5
    endloop
  endfacet
  facet normal -0.643886 -0.306377 0.701102
    outer loop
      vertex 15.8805 7.08624 16.1
      vertex 15.3476 6.83317 15.5
      vertex 15.8867 7.07321 16.1
    endloop
  endfacet
  facet normal -0.643585 -0.307009 0.701102
    outer loop
      vertex 15.3476 6.83317 15.5
      vertex 15.8805 7.08624 16.1
      vertex 14.9689 7.62704 15.5
    endloop
  endfacet
  facet normal -0.49085 0.517191 0.701128
    outer loop
      vertex 11.6363 -12.9234 16.1
      vertex 12.2862 -12.3066 16.1
      vertex 11.2414 -12.4848 15.5
    endloop
  endfacet
  facet normal 0.565718 -0.434078 0.701099
    outer loop
      vertex -13.5915 9.87479 15.5
      vertex -13.5235 10.9325 16.1
      vertex -14.0689 10.2217 16.1
    endloop
  endfacet
  facet normal -0.672137 0.23802 0.701126
    outer loop
      vertex 16.2399 -6.21847 16.1
      vertex 16.539 -5.37385 16.1
      vertex 15.9777 -5.19149 15.5
    endloop
  endfacet
  facet normal 0.626611 -0.340236 0.701141
    outer loop
      vertex -15.4879 7.90765 16.1
      vertex -14.9689 7.62704 15.5
      vertex -14.5492 8.4 15.5
    endloop
  endfacet
  facet normal 0.62848 -0.336774 0.701139
    outer loop
      vertex -14.9689 7.62704 15.5
      vertex -15.4879 7.90765 16.1
      vertex -15.4947 7.89496 16.1
    endloop
  endfacet
  facet normal -0.54219 0.463086 0.701129
    outer loop
      vertex 12.9234 -11.6363 16.1
      vertex 13.5053 -10.955 16.1
      vertex 12.4848 -11.2414 15.5
    endloop
  endfacet
  facet normal -0.643886 0.306377 0.701102
    outer loop
      vertex 15.3476 -6.83317 15.5
      vertex 15.8805 -7.08624 16.1
      vertex 15.8867 -7.07321 16.1
    endloop
  endfacet
  facet normal -0.643585 0.307009 0.701102
    outer loop
      vertex 15.8805 -7.08624 16.1
      vertex 15.3476 -6.83317 15.5
      vertex 14.9689 -7.62704 15.5
    endloop
  endfacet
  facet normal 0.404845 -0.587025 0.701073
    outer loop
      vertex -9.48325 14.5764 16.1
      vertex -9.14994 14.0897 15.5
      vertex -9.47136 14.5846 16.1
    endloop
  endfacet
  facet normal 0.403911 -0.587666 0.701074
    outer loop
      vertex -9.14994 14.0897 15.5
      vertex -9.48325 14.5764 16.1
      vertex -9.87479 13.5915 15.5
    endloop
  endfacet
  facet normal -0.693363 0.166442 0.701103
    outer loop
      vertex 16.2276 -4.34816 15.5
      vertex 16.801 -4.48687 16.1
      vertex 16.4329 -3.49292 15.5
    endloop
  endfacet
  facet normal -0.693001 0.16794 0.701103
    outer loop
      vertex 16.801 -4.48687 16.1
      vertex 16.2276 -4.34816 15.5
      vertex 16.7976 -4.5009 16.1
    endloop
  endfacet
  facet normal -0.659177 -0.271979 0.70108
    outer loop
      vertex 15.3476 6.83317 15.5
      vertex 15.8922 7.05988 16.1
      vertex 15.8867 7.07321 16.1
    endloop
  endfacet
  facet normal -0.658797 -0.272894 0.701081
    outer loop
      vertex 15.8922 7.05988 16.1
      vertex 15.3476 6.83317 15.5
      vertex 15.6842 6.02058 15.5
    endloop
  endfacet
  facet normal -0.683709 0.202544 0.701084
    outer loop
      vertex 16.2276 -4.34816 15.5
      vertex 16.7935 -4.51474 16.1
      vertex 16.7976 -4.5009 16.1
    endloop
  endfacet
  facet normal -0.683693 0.202596 0.701084
    outer loop
      vertex 16.7935 -4.51474 16.1
      vertex 16.2276 -4.34816 15.5
      vertex 15.9777 -5.19149 15.5
    endloop
  endfacet
  facet normal -0.658797 0.272894 0.701081
    outer loop
      vertex 15.3476 -6.83317 15.5
      vertex 15.8922 -7.05988 16.1
      vertex 15.6842 -6.02058 15.5
    endloop
  endfacet
  facet normal -0.659177 0.271979 0.70108
    outer loop
      vertex 15.8922 -7.05988 16.1
      vertex 15.3476 -6.83317 15.5
      vertex 15.8867 -7.07321 16.1
    endloop
  endfacet
  facet normal -0.587025 -0.404845 0.701073
    outer loop
      vertex 14.5764 9.48325 16.1
      vertex 14.0897 9.14994 15.5
      vertex 14.5846 9.47136 16.1
    endloop
  endfacet
  facet normal -0.587666 -0.403911 0.701074
    outer loop
      vertex 14.0897 9.14994 15.5
      vertex 14.5764 9.48325 16.1
      vertex 13.5915 9.87479 15.5
    endloop
  endfacet
  facet normal -0.403911 0.587666 0.701074
    outer loop
      vertex 9.14994 -14.0897 15.5
      vertex 9.48325 -14.5764 16.1
      vertex 9.87479 -13.5915 15.5
    endloop
  endfacet
  facet normal -0.404845 0.587025 0.701073
    outer loop
      vertex 9.48325 -14.5764 16.1
      vertex 9.14994 -14.0897 15.5
      vertex 9.47136 -14.5846 16.1
    endloop
  endfacet
  facet normal -0.272892 -0.658801 0.701079
    outer loop
      vertex 7.05988 15.8922 16.1
      vertex 6.23207 16.2351 16.1
      vertex 6.02058 15.6842 15.5
    endloop
  endfacet
  facet normal 0.683669 -0.202528 0.701127
    outer loop
      vertex -15.9777 5.19149 15.5
      vertex -16.539 5.37385 16.1
      vertex -16.7935 4.51474 16.1
    endloop
  endfacet
  facet normal -0.271979 0.659177 0.70108
    outer loop
      vertex 6.83317 -15.3476 15.5
      vertex 7.05988 -15.8922 16.1
      vertex 7.07321 -15.8867 16.1
    endloop
  endfacet
  facet normal -0.272894 0.658797 0.701081
    outer loop
      vertex 7.05988 -15.8922 16.1
      vertex 6.83317 -15.3476 15.5
      vertex 6.02058 -15.6842 15.5
    endloop
  endfacet
  facet normal 0.706995 0.0930747 0.701068
    outer loop
      vertex -17.1779 -2.70611 16.1
      vertex -16.5932 -2.6281 15.5
      vertex -16.708 -1.75608 15.5
    endloop
  endfacet
  facet normal 0.707529 0.0889973 0.701058
    outer loop
      vertex -16.5932 -2.6281 15.5
      vertex -17.1779 -2.70611 16.1
      vertex -17.1761 -2.72042 16.1
    endloop
  endfacet
  facet normal 0.517191 -0.49085 0.701128
    outer loop
      vertex -12.4848 11.2414 15.5
      vertex -12.3066 12.2862 16.1
      vertex -12.9234 11.6363 16.1
    endloop
  endfacet
  facet normal -0.372599 0.607985 0.701088
    outer loop
      vertex 9.47136 -14.5846 16.1
      vertex 9.14994 -14.0897 15.5
      vertex 8.70738 -15.0528 16.1
    endloop
  endfacet
  facet normal -0.701143 0.129961 0.701077
    outer loop
      vertex 17.0101 -3.61562 16.1
      vertex 17.1734 -2.73461 16.1
      vertex 16.4329 -3.49292 15.5
    endloop
  endfacet
  facet normal -0.565718 0.434078 0.701099
    outer loop
      vertex 14.0689 -10.2217 16.1
      vertex 13.5915 -9.87479 15.5
      vertex 13.5235 -10.9325 16.1
    endloop
  endfacet
  facet normal -0.54219 -0.463086 0.701129
    outer loop
      vertex 13.5053 10.955 16.1
      vertex 12.9234 11.6363 16.1
      vertex 12.4848 11.2414 15.5
    endloop
  endfacet
  facet normal -0.626616 0.340273 0.701118
    outer loop
      vertex 15.0603 -8.69508 16.1
      vertex 15.4879 -7.90765 16.1
      vertex 14.5492 -8.4 15.5
    endloop
  endfacet
  facet normal 0.659177 -0.271979 0.70108
    outer loop
      vertex -15.8922 7.05988 16.1
      vertex -15.3476 6.83317 15.5
      vertex -15.8867 7.07321 16.1
    endloop
  endfacet
  facet normal 0.658797 -0.272894 0.701081
    outer loop
      vertex -15.3476 6.83317 15.5
      vertex -15.8922 7.05988 16.1
      vertex -15.6842 6.02058 15.5
    endloop
  endfacet
  facet normal 0.70696 -0.0931111 0.701098
    outer loop
      vertex -16.708 1.75608 15.5
      vertex -17.1779 2.70611 16.1
      vertex -17.2949 1.81777 16.1
    endloop
  endfacet
  facet normal -0.700525 0.133292 0.701069
    outer loop
      vertex 16.5932 -2.6281 15.5
      vertex 17.1734 -2.73461 16.1
      vertex 17.1761 -2.72042 16.1
    endloop
  endfacet
  facet normal -0.701144 0.129962 0.701076
    outer loop
      vertex 17.1734 -2.73461 16.1
      vertex 16.5932 -2.6281 15.5
      vertex 16.4329 -3.49292 15.5
    endloop
  endfacet
  facet normal 0.166442 0.693363 0.701103
    outer loop
      vertex -4.34816 -16.2276 15.5
      vertex -4.48687 -16.801 16.1
      vertex -3.49292 -16.4329 15.5
    endloop
  endfacet
  facet normal 0.16794 0.693001 0.701103
    outer loop
      vertex -4.48687 -16.801 16.1
      vertex -4.34816 -16.2276 15.5
      vertex -4.5009 -16.7976 16.1
    endloop
  endfacet
  facet normal -0.0559411 -0.710886 0.701079
    outer loop
      vertex 1.75608 16.708 15.5
      vertex 1.80338 17.296 16.1
      vertex 0.879244 16.777 15.5
    endloop
  endfacet
  facet normal -0.0543512 -0.711012 0.701076
    outer loop
      vertex 1.80338 17.296 16.1
      vertex 1.75608 16.708 15.5
      vertex 1.81777 17.2949 16.1
    endloop
  endfacet
  facet normal -0.712833 -0.0187022 0.701084
    outer loop
      vertex 17.3898 0.0144265 16.1
      vertex 17.3663 0.91013 16.1
      vertex 16.777 0.879244 15.5
    endloop
  endfacet
  facet normal -0.672216 0.237966 0.701069
    outer loop
      vertex 15.6842 -6.02058 15.5
      vertex 16.2399 -6.21847 16.1
      vertex 15.9777 -5.19149 15.5
    endloop
  endfacet
  facet normal -0.672441 0.237332 0.701068
    outer loop
      vertex 16.2399 -6.21847 16.1
      vertex 15.6842 -6.02058 15.5
      vertex 16.2351 -6.23207 16.1
    endloop
  endfacet
  facet normal 0.542186 -0.463144 0.701094
    outer loop
      vertex -13.5053 10.955 16.1
      vertex -13.0561 10.5726 15.5
      vertex -12.4848 11.2414 15.5
    endloop
  endfacet
  facet normal 0.542098 -0.463247 0.701093
    outer loop
      vertex -13.0561 10.5726 15.5
      vertex -13.5053 10.955 16.1
      vertex -13.5147 10.944 16.1
    endloop
  endfacet
  facet normal -0.433343 -0.566301 0.701082
    outer loop
      vertex 10.9325 13.5235 16.1
      vertex 10.5726 13.0561 15.5
      vertex 10.944 13.5147 16.1
    endloop
  endfacet
  facet normal -0.43407 -0.565743 0.701083
    outer loop
      vertex 10.5726 13.0561 15.5
      vertex 10.9325 13.5235 16.1
      vertex 9.87479 13.5915 15.5
    endloop
  endfacet
  facet normal -0.710881 -0.0559473 0.701084
    outer loop
      vertex 17.3663 0.91013 16.1
      vertex 17.296 1.80338 16.1
      vertex 16.777 0.879244 15.5
    endloop
  endfacet
  facet normal -0.340273 -0.626616 0.701118
    outer loop
      vertex 8.4 14.5492 15.5
      vertex 8.69508 15.0603 16.1
      vertex 7.90765 15.4879 16.1
    endloop
  endfacet
  facet normal 0.49085 -0.517191 0.701128
    outer loop
      vertex -11.2414 12.4848 15.5
      vertex -11.6363 12.9234 16.1
      vertex -12.2862 12.3066 16.1
    endloop
  endfacet
  facet normal 0.607985 -0.372599 0.701088
    outer loop
      vertex -14.0897 9.14994 15.5
      vertex -14.5846 9.47136 16.1
      vertex -15.0528 8.70738 16.1
    endloop
  endfacet
  facet normal 0.701143 0.129961 0.701077
    outer loop
      vertex -17.0101 -3.61562 16.1
      vertex -16.4329 -3.49292 15.5
      vertex -17.1734 -2.73461 16.1
    endloop
  endfacet
  facet normal -0.70696 -0.0931111 0.701098
    outer loop
      vertex 17.2949 1.81777 16.1
      vertex 17.1779 2.70611 16.1
      vertex 16.708 1.75608 15.5
    endloop
  endfacet
  facet normal 0.693395 -0.166415 0.701078
    outer loop
      vertex -16.4329 3.49292 15.5
      vertex -16.801 4.48687 16.1
      vertex -17.0101 3.61562 16.1
    endloop
  endfacet
  facet normal -0.133292 -0.700525 0.701069
    outer loop
      vertex 2.6281 16.5932 15.5
      vertex 2.73461 17.1734 16.1
      vertex 2.72042 17.1761 16.1
    endloop
  endfacet
  facet normal -0.129962 -0.701144 0.701076
    outer loop
      vertex 2.73461 17.1734 16.1
      vertex 2.6281 16.5932 15.5
      vertex 3.49292 16.4329 15.5
    endloop
  endfacet
  facet normal -0.237332 -0.672441 0.701068
    outer loop
      vertex 6.21847 16.2399 16.1
      vertex 6.02058 15.6842 15.5
      vertex 6.23207 16.2351 16.1
    endloop
  endfacet
  facet normal -0.237966 -0.672216 0.701069
    outer loop
      vertex 6.02058 15.6842 15.5
      vertex 6.21847 16.2399 16.1
      vertex 5.19149 15.9777 15.5
    endloop
  endfacet
  facet normal -0.202544 -0.683709 0.701084
    outer loop
      vertex 4.34816 16.2276 15.5
      vertex 4.51474 16.7935 16.1
      vertex 4.5009 16.7976 16.1
    endloop
  endfacet
  facet normal -0.202596 -0.683693 0.701084
    outer loop
      vertex 4.51474 16.7935 16.1
      vertex 4.34816 16.2276 15.5
      vertex 5.19149 15.9777 15.5
    endloop
  endfacet
  facet normal 0.0931111 0.70696 0.701098
    outer loop
      vertex -1.81777 -17.2949 16.1
      vertex -1.75608 -16.708 15.5
      vertex -2.70611 -17.1779 16.1
    endloop
  endfacet
  facet normal 0.307023 -0.643587 0.701093
    outer loop
      vertex -7.62704 14.9689 15.5
      vertex -7.08624 15.8805 16.1
      vertex -7.89496 15.4947 16.1
    endloop
  endfacet
  facet normal 0.643585 -0.307009 0.701102
    outer loop
      vertex -15.8805 7.08624 16.1
      vertex -15.3476 6.83317 15.5
      vertex -14.9689 7.62704 15.5
    endloop
  endfacet
  facet normal 0.643886 -0.306377 0.701102
    outer loop
      vertex -15.3476 6.83317 15.5
      vertex -15.8805 7.08624 16.1
      vertex -15.8867 7.07321 16.1
    endloop
  endfacet
  facet normal -0.517191 -0.49085 0.701128
    outer loop
      vertex 12.4848 11.2414 15.5
      vertex 12.9234 11.6363 16.1
      vertex 12.3066 12.2862 16.1
    endloop
  endfacet
  facet normal -0.489186 -0.518833 0.701077
    outer loop
      vertex 12.2862 12.3066 16.1
      vertex 11.8794 11.8794 15.5
      vertex 12.2967 12.2967 16.1
    endloop
  endfacet
  facet normal -0.490836 -0.517267 0.701081
    outer loop
      vertex 11.8794 11.8794 15.5
      vertex 12.2862 12.3066 16.1
      vertex 11.2414 12.4848 15.5
    endloop
  endfacet
  facet normal -0.16794 0.693001 0.701103
    outer loop
      vertex 4.34816 -16.2276 15.5
      vertex 4.48687 -16.801 16.1
      vertex 4.5009 -16.7976 16.1
    endloop
  endfacet
  facet normal -0.166442 0.693363 0.701103
    outer loop
      vertex 4.48687 -16.801 16.1
      vertex 4.34816 -16.2276 15.5
      vertex 3.49292 -16.4329 15.5
    endloop
  endfacet
  facet normal -0.683669 0.202528 0.701127
    outer loop
      vertex 16.539 -5.37385 16.1
      vertex 16.7935 -4.51474 16.1
      vertex 15.9777 -5.19149 15.5
    endloop
  endfacet
  facet normal -0.712766 0.0197627 0.701124
    outer loop
      vertex 16.8 0 15.5
      vertex 17.3898 -0.0144265 16.1
      vertex 17.3902 0 16.1
    endloop
  endfacet
  facet normal -0.712794 0.0186459 0.701125
    outer loop
      vertex 17.3898 -0.0144265 16.1
      vertex 16.8 0 15.5
      vertex 16.777 -0.879244 15.5
    endloop
  endfacet
  facet normal 0.658801 -0.272892 0.701079
    outer loop
      vertex -15.6842 6.02058 15.5
      vertex -15.8922 7.05988 16.1
      vertex -16.2351 6.23207 16.1
    endloop
  endfacet
  facet normal -0.701143 -0.129961 0.701077
    outer loop
      vertex 17.1734 2.73461 16.1
      vertex 17.0101 3.61562 16.1
      vertex 16.4329 3.49292 15.5
    endloop
  endfacet
  facet normal 0.272894 -0.658797 0.701081
    outer loop
      vertex -7.05988 15.8922 16.1
      vertex -6.83317 15.3476 15.5
      vertex -6.02058 15.6842 15.5
    endloop
  endfacet
  facet normal 0.271979 -0.659177 0.70108
    outer loop
      vertex -6.83317 15.3476 15.5
      vertex -7.05988 15.8922 16.1
      vertex -7.07321 15.8867 16.1
    endloop
  endfacet
  facet normal -0.129961 -0.701143 0.701077
    outer loop
      vertex 3.49292 16.4329 15.5
      vertex 3.61562 17.0101 16.1
      vertex 2.73461 17.1734 16.1
    endloop
  endfacet
  facet normal -0.23802 0.672137 0.701126
    outer loop
      vertex 5.37385 -16.539 16.1
      vertex 6.21847 -16.2399 16.1
      vertex 5.19149 -15.9777 15.5
    endloop
  endfacet
  facet normal 0.566301 -0.433343 0.701082
    outer loop
      vertex -13.5235 10.9325 16.1
      vertex -13.0561 10.5726 15.5
      vertex -13.5147 10.944 16.1
    endloop
  endfacet
  facet normal 0.565743 -0.43407 0.701083
    outer loop
      vertex -13.0561 10.5726 15.5
      vertex -13.5235 10.9325 16.1
      vertex -13.5915 9.87479 15.5
    endloop
  endfacet
  facet normal -0.712833 0.0187022 0.701084
    outer loop
      vertex 17.3663 -0.91013 16.1
      vertex 17.3898 -0.0144265 16.1
      vertex 16.777 -0.879244 15.5
    endloop
  endfacet
  facet normal -0.607985 -0.372599 0.701088
    outer loop
      vertex 15.0528 8.70738 16.1
      vertex 14.5846 9.47136 16.1
      vertex 14.0897 9.14994 15.5
    endloop
  endfacet
  facet normal 0.0543512 -0.711012 0.701076
    outer loop
      vertex -1.75608 16.708 15.5
      vertex -1.80338 17.296 16.1
      vertex -1.81777 17.2949 16.1
    endloop
  endfacet
  facet normal 0.0559411 -0.710886 0.701079
    outer loop
      vertex -1.80338 17.296 16.1
      vertex -1.75608 16.708 15.5
      vertex -0.879244 16.777 15.5
    endloop
  endfacet
  facet normal -0.403873 0.587664 0.701097
    outer loop
      vertex 10.2217 -14.0689 16.1
      vertex 9.87479 -13.5915 15.5
      vertex 9.48325 -14.5764 16.1
    endloop
  endfacet
  facet normal 0.403873 0.587664 0.701097
    outer loop
      vertex -9.48325 -14.5764 16.1
      vertex -9.87479 -13.5915 15.5
      vertex -10.2217 -14.0689 16.1
    endloop
  endfacet
  facet normal -0.607985 0.372599 0.701088
    outer loop
      vertex 14.5846 -9.47136 16.1
      vertex 15.0528 -8.70738 16.1
      vertex 14.0897 -9.14994 15.5
    endloop
  endfacet
  facet normal 0.43407 -0.565743 0.701083
    outer loop
      vertex -10.9325 13.5235 16.1
      vertex -10.5726 13.0561 15.5
      vertex -9.87479 13.5915 15.5
    endloop
  endfacet
  facet normal 0.433343 -0.566301 0.701082
    outer loop
      vertex -10.5726 13.0561 15.5
      vertex -10.9325 13.5235 16.1
      vertex -10.944 13.5147 16.1
    endloop
  endfacet
  facet normal 0.701143 -0.129961 0.701077
    outer loop
      vertex -16.4329 3.49292 15.5
      vertex -17.0101 3.61562 16.1
      vertex -17.1734 2.73461 16.1
    endloop
  endfacet
  facet normal 0.434078 -0.565718 0.701099
    outer loop
      vertex -9.87479 13.5915 15.5
      vertex -10.2217 14.0689 16.1
      vertex -10.9325 13.5235 16.1
    endloop
  endfacet
  facet normal 0.54219 -0.463086 0.701129
    outer loop
      vertex -12.4848 11.2414 15.5
      vertex -12.9234 11.6363 16.1
      vertex -13.5053 10.955 16.1
    endloop
  endfacet
  facet normal 0.693363 0.166442 0.701103
    outer loop
      vertex -16.801 -4.48687 16.1
      vertex -16.2276 -4.34816 15.5
      vertex -16.4329 -3.49292 15.5
    endloop
  endfacet
  facet normal 0.693001 0.16794 0.701103
    outer loop
      vertex -16.2276 -4.34816 15.5
      vertex -16.801 -4.48687 16.1
      vertex -16.7976 -4.5009 16.1
    endloop
  endfacet
  facet normal -0.62848 0.336774 0.701139
    outer loop
      vertex 14.9689 -7.62704 15.5
      vertex 15.4879 -7.90765 16.1
      vertex 15.4947 -7.89496 16.1
    endloop
  endfacet
  facet normal -0.626611 0.340236 0.701141
    outer loop
      vertex 15.4879 -7.90765 16.1
      vertex 14.9689 -7.62704 15.5
      vertex 14.5492 -8.4 15.5
    endloop
  endfacet
  facet normal 0.643587 -0.307023 0.701093
    outer loop
      vertex -14.9689 7.62704 15.5
      vertex -15.4947 7.89496 16.1
      vertex -15.8805 7.08624 16.1
    endloop
  endfacet
  facet normal 0.672137 -0.23802 0.701126
    outer loop
      vertex -15.9777 5.19149 15.5
      vertex -16.2399 6.21847 16.1
      vertex -16.539 5.37385 16.1
    endloop
  endfacet
  facet normal 0.672441 -0.237332 0.701068
    outer loop
      vertex -16.2399 6.21847 16.1
      vertex -15.6842 6.02058 15.5
      vertex -16.2351 6.23207 16.1
    endloop
  endfacet
  facet normal 0.672216 -0.237966 0.701069
    outer loop
      vertex -15.6842 6.02058 15.5
      vertex -16.2399 6.21847 16.1
      vertex -15.9777 5.19149 15.5
    endloop
  endfacet
  facet normal 0.202528 -0.683669 0.701127
    outer loop
      vertex -5.19149 15.9777 15.5
      vertex -4.51474 16.7935 16.1
      vertex -5.37385 16.539 16.1
    endloop
  endfacet
  facet normal -0.336774 -0.62848 0.701139
    outer loop
      vertex 7.62704 14.9689 15.5
      vertex 7.90765 15.4879 16.1
      vertex 7.89496 15.4947 16.1
    endloop
  endfacet
  facet normal -0.340236 -0.626611 0.701141
    outer loop
      vertex 7.90765 15.4879 16.1
      vertex 7.62704 14.9689 15.5
      vertex 8.4 14.5492 15.5
    endloop
  endfacet
  facet normal -0.693395 0.166415 0.701078
    outer loop
      vertex 16.801 -4.48687 16.1
      vertex 17.0101 -3.61562 16.1
      vertex 16.4329 -3.49292 15.5
    endloop
  endfacet
  facet normal -0.643587 0.307023 0.701093
    outer loop
      vertex 15.4947 -7.89496 16.1
      vertex 15.8805 -7.08624 16.1
      vertex 14.9689 -7.62704 15.5
    endloop
  endfacet
  facet normal 0.403873 -0.587664 0.701097
    outer loop
      vertex -9.87479 13.5915 15.5
      vertex -9.48325 14.5764 16.1
      vertex -10.2217 14.0689 16.1
    endloop
  endfacet
  facet normal -0.672137 -0.23802 0.701126
    outer loop
      vertex 16.539 5.37385 16.1
      vertex 16.2399 6.21847 16.1
      vertex 15.9777 5.19149 15.5
    endloop
  endfacet
  facet normal -0.0186459 0.712794 0.701125
    outer loop
      vertex 0 -16.8 15.5
      vertex 0.0144265 -17.3898 16.1
      vertex 0.879244 -16.777 15.5
    endloop
  endfacet
  facet normal -0.0197627 0.712766 0.701124
    outer loop
      vertex 0.0144265 -17.3898 16.1
      vertex 0 -16.8 15.5
      vertex 0 -17.3902 16.1
    endloop
  endfacet
  facet normal -0.706995 0.0930747 0.701068
    outer loop
      vertex 16.5932 -2.6281 15.5
      vertex 17.1779 -2.70611 16.1
      vertex 16.708 -1.75608 15.5
    endloop
  endfacet
  facet normal -0.707529 0.0889973 0.701058
    outer loop
      vertex 17.1779 -2.70611 16.1
      vertex 16.5932 -2.6281 15.5
      vertex 17.1761 -2.72042 16.1
    endloop
  endfacet
  facet normal -0.463144 0.542186 0.701094
    outer loop
      vertex 10.5726 -13.0561 15.5
      vertex 10.955 -13.5053 16.1
      vertex 11.2414 -12.4848 15.5
    endloop
  endfacet
  facet normal -0.463247 0.542098 0.701093
    outer loop
      vertex 10.955 -13.5053 16.1
      vertex 10.5726 -13.0561 15.5
      vertex 10.944 -13.5147 16.1
    endloop
  endfacet
  facet normal 0.237966 0.672216 0.701069
    outer loop
      vertex -6.02058 -15.6842 15.5
      vertex -6.21847 -16.2399 16.1
      vertex -5.19149 -15.9777 15.5
    endloop
  endfacet
  facet normal 0.237332 0.672441 0.701068
    outer loop
      vertex -6.21847 -16.2399 16.1
      vertex -6.02058 -15.6842 15.5
      vertex -6.23207 -16.2351 16.1
    endloop
  endfacet
  facet normal -0.0197627 -0.712766 0.701124
    outer loop
      vertex 0 16.8 15.5
      vertex 0.0144265 17.3898 16.1
      vertex 0 17.3902 16.1
    endloop
  endfacet
  facet normal -0.0186459 -0.712794 0.701125
    outer loop
      vertex 0.0144265 17.3898 16.1
      vertex 0 16.8 15.5
      vertex 0.879244 16.777 15.5
    endloop
  endfacet
  facet normal 0.712766 -0.0197627 0.701124
    outer loop
      vertex -16.8 0 15.5
      vertex -17.3898 0.0144265 16.1
      vertex -17.3902 0 16.1
    endloop
  endfacet
  facet normal 0.712794 -0.0186459 0.701125
    outer loop
      vertex -17.3898 0.0144265 16.1
      vertex -16.8 0 15.5
      vertex -16.777 0.879244 15.5
    endloop
  endfacet
  facet normal -0.542098 0.463247 0.701093
    outer loop
      vertex 13.0561 -10.5726 15.5
      vertex 13.5053 -10.955 16.1
      vertex 13.5147 -10.944 16.1
    endloop
  endfacet
  facet normal -0.542186 0.463144 0.701094
    outer loop
      vertex 13.5053 -10.955 16.1
      vertex 13.0561 -10.5726 15.5
      vertex 12.4848 -11.2414 15.5
    endloop
  endfacet
  facet normal -0.433343 0.566301 0.701082
    outer loop
      vertex 10.5726 -13.0561 15.5
      vertex 10.9325 -13.5235 16.1
      vertex 10.944 -13.5147 16.1
    endloop
  endfacet
  facet normal -0.43407 0.565743 0.701083
    outer loop
      vertex 10.9325 -13.5235 16.1
      vertex 10.5726 -13.0561 15.5
      vertex 9.87479 -13.5915 15.5
    endloop
  endfacet
  facet normal -0.371207 -0.608779 0.701138
    outer loop
      vertex 8.4 14.5492 15.5
      vertex 8.70738 15.0528 16.1
      vertex 8.69508 15.0603 16.1
    endloop
  endfacet
  facet normal -0.372518 -0.607978 0.701137
    outer loop
      vertex 8.70738 15.0528 16.1
      vertex 8.4 14.5492 15.5
      vertex 9.14994 14.0897 15.5
    endloop
  endfacet
  facet normal 0.693001 -0.16794 0.701103
    outer loop
      vertex -16.801 4.48687 16.1
      vertex -16.2276 4.34816 15.5
      vertex -16.7976 4.5009 16.1
    endloop
  endfacet
  facet normal 0.693363 -0.166442 0.701103
    outer loop
      vertex -16.2276 4.34816 15.5
      vertex -16.801 4.48687 16.1
      vertex -16.4329 3.49292 15.5
    endloop
  endfacet
  facet normal -0.372599 -0.607985 0.701088
    outer loop
      vertex 9.14994 14.0897 15.5
      vertex 9.47136 14.5846 16.1
      vertex 8.70738 15.0528 16.1
    endloop
  endfacet
  facet normal -0.693001 -0.16794 0.701103
    outer loop
      vertex 16.2276 4.34816 15.5
      vertex 16.801 4.48687 16.1
      vertex 16.7976 4.5009 16.1
    endloop
  endfacet
  facet normal -0.693363 -0.166442 0.701103
    outer loop
      vertex 16.801 4.48687 16.1
      vertex 16.2276 4.34816 15.5
      vertex 16.4329 3.49292 15.5
    endloop
  endfacet
  facet normal 0.565718 0.434078 0.701099
    outer loop
      vertex -13.5235 -10.9325 16.1
      vertex -13.5915 -9.87479 15.5
      vertex -14.0689 -10.2217 16.1
    endloop
  endfacet
  facet normal 0.340273 0.626616 0.701118
    outer loop
      vertex -7.90765 -15.4879 16.1
      vertex -8.4 -14.5492 15.5
      vertex -8.69508 -15.0603 16.1
    endloop
  endfacet
  facet normal 0.463086 0.54219 0.701129
    outer loop
      vertex -10.955 -13.5053 16.1
      vertex -11.2414 -12.4848 15.5
      vertex -11.6363 -12.9234 16.1
    endloop
  endfacet
  facet normal 0.518833 0.489186 0.701077
    outer loop
      vertex -11.8794 -11.8794 15.5
      vertex -12.3066 -12.2862 16.1
      vertex -12.2967 -12.2967 16.1
    endloop
  endfacet
  facet normal 0.517267 0.490836 0.701081
    outer loop
      vertex -12.3066 -12.2862 16.1
      vertex -11.8794 -11.8794 15.5
      vertex -12.4848 -11.2414 15.5
    endloop
  endfacet
  facet normal 0.490836 0.517267 0.701081
    outer loop
      vertex -11.8794 -11.8794 15.5
      vertex -12.2862 -12.3066 16.1
      vertex -11.2414 -12.4848 15.5
    endloop
  endfacet
  facet normal 0.489186 0.518833 0.701077
    outer loop
      vertex -12.2862 -12.3066 16.1
      vertex -11.8794 -11.8794 15.5
      vertex -12.2967 -12.2967 16.1
    endloop
  endfacet
  facet normal -0.710881 0.0559473 0.701084
    outer loop
      vertex 17.296 -1.80338 16.1
      vertex 17.3663 -0.91013 16.1
      vertex 16.777 -0.879244 15.5
    endloop
  endfacet
  facet normal -0.710886 0.0559411 0.701079
    outer loop
      vertex 16.708 -1.75608 15.5
      vertex 17.296 -1.80338 16.1
      vertex 16.777 -0.879244 15.5
    endloop
  endfacet
  facet normal -0.711012 0.0543512 0.701076
    outer loop
      vertex 17.296 -1.80338 16.1
      vertex 16.708 -1.75608 15.5
      vertex 17.2949 -1.81777 16.1
    endloop
  endfacet
  facet normal 0.307023 0.643587 0.701093
    outer loop
      vertex -7.08624 -15.8805 16.1
      vertex -7.62704 -14.9689 15.5
      vertex -7.89496 -15.4947 16.1
    endloop
  endfacet
  facet normal -0.587025 0.404845 0.701073
    outer loop
      vertex 14.0897 -9.14994 15.5
      vertex 14.5764 -9.48325 16.1
      vertex 14.5846 -9.47136 16.1
    endloop
  endfacet
  facet normal -0.587666 0.403911 0.701074
    outer loop
      vertex 14.5764 -9.48325 16.1
      vertex 14.0897 -9.14994 15.5
      vertex 13.5915 -9.87479 15.5
    endloop
  endfacet
  facet normal -0.587664 0.403873 0.701097
    outer loop
      vertex 14.0689 -10.2217 16.1
      vertex 14.5764 -9.48325 16.1
      vertex 13.5915 -9.87479 15.5
    endloop
  endfacet
  facet normal 0.0559411 0.710886 0.701079
    outer loop
      vertex -1.75608 -16.708 15.5
      vertex -1.80338 -17.296 16.1
      vertex -0.879244 -16.777 15.5
    endloop
  endfacet
  facet normal 0.0543512 0.711012 0.701076
    outer loop
      vertex -1.80338 -17.296 16.1
      vertex -1.75608 -16.708 15.5
      vertex -1.81777 -17.2949 16.1
    endloop
  endfacet
  facet normal -0.700525 -0.133292 0.701069
    outer loop
      vertex 17.1734 2.73461 16.1
      vertex 16.5932 2.6281 15.5
      vertex 17.1761 2.72042 16.1
    endloop
  endfacet
  facet normal -0.701144 -0.129962 0.701076
    outer loop
      vertex 16.5932 2.6281 15.5
      vertex 17.1734 2.73461 16.1
      vertex 16.4329 3.49292 15.5
    endloop
  endfacet
  facet normal 0.587666 0.403911 0.701074
    outer loop
      vertex -14.0897 -9.14994 15.5
      vertex -14.5764 -9.48325 16.1
      vertex -13.5915 -9.87479 15.5
    endloop
  endfacet
  facet normal 0.587025 0.404845 0.701073
    outer loop
      vertex -14.5764 -9.48325 16.1
      vertex -14.0897 -9.14994 15.5
      vertex -14.5846 -9.47136 16.1
    endloop
  endfacet
  facet normal -0.434078 0.565718 0.701099
    outer loop
      vertex 10.2217 -14.0689 16.1
      vertex 10.9325 -13.5235 16.1
      vertex 9.87479 -13.5915 15.5
    endloop
  endfacet
  facet normal -0.707529 -0.0889973 0.701058
    outer loop
      vertex 16.5932 2.6281 15.5
      vertex 17.1779 2.70611 16.1
      vertex 17.1761 2.72042 16.1
    endloop
  endfacet
  facet normal -0.706995 -0.0930747 0.701068
    outer loop
      vertex 17.1779 2.70611 16.1
      vertex 16.5932 2.6281 15.5
      vertex 16.708 1.75608 15.5
    endloop
  endfacet
  facet normal -0.565743 0.43407 0.701083
    outer loop
      vertex 13.0561 -10.5726 15.5
      vertex 13.5235 -10.9325 16.1
      vertex 13.5915 -9.87479 15.5
    endloop
  endfacet
  facet normal -0.566301 0.433343 0.701082
    outer loop
      vertex 13.5235 -10.9325 16.1
      vertex 13.0561 -10.5726 15.5
      vertex 13.5147 -10.944 16.1
    endloop
  endfacet
  facet normal -0.517191 0.49085 0.701128
    outer loop
      vertex 12.9234 -11.6363 16.1
      vertex 12.4848 -11.2414 15.5
      vertex 12.3066 -12.2862 16.1
    endloop
  endfacet
  facet normal -0.517267 0.490836 0.701081
    outer loop
      vertex 11.8794 -11.8794 15.5
      vertex 12.3066 -12.2862 16.1
      vertex 12.4848 -11.2414 15.5
    endloop
  endfacet
  facet normal -0.518833 0.489186 0.701077
    outer loop
      vertex 12.3066 -12.2862 16.1
      vertex 11.8794 -11.8794 15.5
      vertex 12.2967 -12.2967 16.1
    endloop
  endfacet
  facet normal 0.566301 0.433343 0.701082
    outer loop
      vertex -13.0561 -10.5726 15.5
      vertex -13.5235 -10.9325 16.1
      vertex -13.5147 -10.944 16.1
    endloop
  endfacet
  facet normal 0.565743 0.43407 0.701083
    outer loop
      vertex -13.5235 -10.9325 16.1
      vertex -13.0561 -10.5726 15.5
      vertex -13.5915 -9.87479 15.5
    endloop
  endfacet
  facet normal 0.0187022 0.712833 0.701084
    outer loop
      vertex -0.0144265 -17.3898 16.1
      vertex -0.879244 -16.777 15.5
      vertex -0.91013 -17.3663 16.1
    endloop
  endfacet
  facet normal 0.463247 0.542098 0.701093
    outer loop
      vertex -10.5726 -13.0561 15.5
      vertex -10.955 -13.5053 16.1
      vertex -10.944 -13.5147 16.1
    endloop
  endfacet
  facet normal 0.463144 0.542186 0.701094
    outer loop
      vertex -10.955 -13.5053 16.1
      vertex -10.5726 -13.0561 15.5
      vertex -11.2414 -12.4848 15.5
    endloop
  endfacet
  facet normal 0.272892 0.658801 0.701079
    outer loop
      vertex -6.23207 -16.2351 16.1
      vertex -6.02058 -15.6842 15.5
      vertex -7.05988 -15.8922 16.1
    endloop
  endfacet
  facet normal 0.0186459 -0.712794 0.701125
    outer loop
      vertex 0 16.8 15.5
      vertex -0.0144265 17.3898 16.1
      vertex -0.879244 16.777 15.5
    endloop
  endfacet
  facet normal 0.0197627 -0.712766 0.701124
    outer loop
      vertex -0.0144265 17.3898 16.1
      vertex 0 16.8 15.5
      vertex 0 17.3902 16.1
    endloop
  endfacet
  facet normal 0.371207 0.608779 0.701138
    outer loop
      vertex -8.4 -14.5492 15.5
      vertex -8.70738 -15.0528 16.1
      vertex -8.69508 -15.0603 16.1
    endloop
  endfacet
  facet normal 0.372518 0.607978 0.701137
    outer loop
      vertex -8.70738 -15.0528 16.1
      vertex -8.4 -14.5492 15.5
      vertex -9.14994 -14.0897 15.5
    endloop
  endfacet
  facet normal 0.336774 -0.62848 0.701139
    outer loop
      vertex -7.90765 15.4879 16.1
      vertex -7.62704 14.9689 15.5
      vertex -7.89496 15.4947 16.1
    endloop
  endfacet
  facet normal 0.340236 -0.626611 0.701141
    outer loop
      vertex -7.62704 14.9689 15.5
      vertex -7.90765 15.4879 16.1
      vertex -8.4 14.5492 15.5
    endloop
  endfacet
  facet normal 0.372599 -0.607985 0.701088
    outer loop
      vertex -9.14994 14.0897 15.5
      vertex -8.70738 15.0528 16.1
      vertex -9.47136 14.5846 16.1
    endloop
  endfacet
  facet normal 0.712833 -0.0187022 0.701084
    outer loop
      vertex -16.777 0.879244 15.5
      vertex -17.3663 0.91013 16.1
      vertex -17.3898 0.0144265 16.1
    endloop
  endfacet
  facet normal 0.710881 -0.0559473 0.701084
    outer loop
      vertex -16.777 0.879244 15.5
      vertex -17.296 1.80338 16.1
      vertex -17.3663 0.91013 16.1
    endloop
  endfacet
  facet normal 0.607985 0.372599 0.701088
    outer loop
      vertex -14.5846 -9.47136 16.1
      vertex -14.0897 -9.14994 15.5
      vertex -15.0528 -8.70738 16.1
    endloop
  endfacet
  facet normal -0.372518 0.607978 0.701137
    outer loop
      vertex 8.4 -14.5492 15.5
      vertex 8.70738 -15.0528 16.1
      vertex 9.14994 -14.0897 15.5
    endloop
  endfacet
  facet normal -0.371207 0.608779 0.701138
    outer loop
      vertex 8.70738 -15.0528 16.1
      vertex 8.4 -14.5492 15.5
      vertex 8.69508 -15.0603 16.1
    endloop
  endfacet
  facet normal 0.0931111 -0.70696 0.701098
    outer loop
      vertex -1.75608 16.708 15.5
      vertex -1.81777 17.2949 16.1
      vertex -2.70611 17.1779 16.1
    endloop
  endfacet
  facet normal -0.0187022 -0.712833 0.701084
    outer loop
      vertex 0.879244 16.777 15.5
      vertex 0.91013 17.3663 16.1
      vertex 0.0144265 17.3898 16.1
    endloop
  endfacet
  facet normal -0.608779 0.371207 0.701138
    outer loop
      vertex 14.5492 -8.4 15.5
      vertex 15.0528 -8.70738 16.1
      vertex 15.0603 -8.69508 16.1
    endloop
  endfacet
  facet normal -0.607978 0.372518 0.701137
    outer loop
      vertex 15.0528 -8.70738 16.1
      vertex 14.5492 -8.4 15.5
      vertex 14.0897 -9.14994 15.5
    endloop
  endfacet
  facet normal 0.587664 -0.403873 0.701097
    outer loop
      vertex -13.5915 9.87479 15.5
      vertex -14.0689 10.2217 16.1
      vertex -14.5764 9.48325 16.1
    endloop
  endfacet
  facet normal 0.587666 -0.403911 0.701074
    outer loop
      vertex -14.5764 9.48325 16.1
      vertex -14.0897 9.14994 15.5
      vertex -13.5915 9.87479 15.5
    endloop
  endfacet
  facet normal 0.587025 -0.404845 0.701073
    outer loop
      vertex -14.0897 9.14994 15.5
      vertex -14.5764 9.48325 16.1
      vertex -14.5846 9.47136 16.1
    endloop
  endfacet
  facet normal 0.0930747 0.706995 0.701068
    outer loop
      vertex -2.6281 -16.5932 15.5
      vertex -2.70611 -17.1779 16.1
      vertex -1.75608 -16.708 15.5
    endloop
  endfacet
  facet normal 0.0889973 0.707529 0.701058
    outer loop
      vertex -2.70611 -17.1779 16.1
      vertex -2.6281 -16.5932 15.5
      vertex -2.72042 -17.1761 16.1
    endloop
  endfacet
  facet normal -0.683709 -0.202544 0.701084
    outer loop
      vertex 16.7935 4.51474 16.1
      vertex 16.2276 4.34816 15.5
      vertex 16.7976 4.5009 16.1
    endloop
  endfacet
  facet normal -0.683693 -0.202596 0.701084
    outer loop
      vertex 16.2276 4.34816 15.5
      vertex 16.7935 4.51474 16.1
      vertex 15.9777 5.19149 15.5
    endloop
  endfacet
  facet normal 0.133292 -0.700525 0.701069
    outer loop
      vertex -2.73461 17.1734 16.1
      vertex -2.6281 16.5932 15.5
      vertex -2.72042 17.1761 16.1
    endloop
  endfacet
  facet normal 0.129962 -0.701144 0.701076
    outer loop
      vertex -2.6281 16.5932 15.5
      vertex -2.73461 17.1734 16.1
      vertex -3.49292 16.4329 15.5
    endloop
  endfacet
  facet normal -0.0931111 0.70696 0.701098
    outer loop
      vertex 1.81777 -17.2949 16.1
      vertex 2.70611 -17.1779 16.1
      vertex 1.75608 -16.708 15.5
    endloop
  endfacet
  facet normal -0.587664 -0.403873 0.701097
    outer loop
      vertex 14.5764 9.48325 16.1
      vertex 14.0689 10.2217 16.1
      vertex 13.5915 9.87479 15.5
    endloop
  endfacet
  facet normal 0.23802 -0.672137 0.701126
    outer loop
      vertex -5.19149 15.9777 15.5
      vertex -5.37385 16.539 16.1
      vertex -6.21847 16.2399 16.1
    endloop
  endfacet
  facet normal 0.43407 0.565743 0.701083
    outer loop
      vertex -10.5726 -13.0561 15.5
      vertex -10.9325 -13.5235 16.1
      vertex -9.87479 -13.5915 15.5
    endloop
  endfacet
  facet normal 0.433343 0.566301 0.701082
    outer loop
      vertex -10.9325 -13.5235 16.1
      vertex -10.5726 -13.0561 15.5
      vertex -10.944 -13.5147 16.1
    endloop
  endfacet
  facet normal -0.272892 0.658801 0.701079
    outer loop
      vertex 6.23207 -16.2351 16.1
      vertex 7.05988 -15.8922 16.1
      vertex 6.02058 -15.6842 15.5
    endloop
  endfacet
  facet normal -0.306377 -0.643886 0.701102
    outer loop
      vertex 6.83317 15.3476 15.5
      vertex 7.08624 15.8805 16.1
      vertex 7.07321 15.8867 16.1
    endloop
  endfacet
  facet normal -0.307009 -0.643585 0.701102
    outer loop
      vertex 7.08624 15.8805 16.1
      vertex 6.83317 15.3476 15.5
      vertex 7.62704 14.9689 15.5
    endloop
  endfacet
  facet normal -0.566301 -0.433343 0.701082
    outer loop
      vertex 13.0561 10.5726 15.5
      vertex 13.5235 10.9325 16.1
      vertex 13.5147 10.944 16.1
    endloop
  endfacet
  facet normal -0.565743 -0.43407 0.701083
    outer loop
      vertex 13.5235 10.9325 16.1
      vertex 13.0561 10.5726 15.5
      vertex 13.5915 9.87479 15.5
    endloop
  endfacet
  facet normal 0.658801 0.272892 0.701079
    outer loop
      vertex -15.8922 -7.05988 16.1
      vertex -15.6842 -6.02058 15.5
      vertex -16.2351 -6.23207 16.1
    endloop
  endfacet
  facet normal 0.404845 0.587025 0.701073
    outer loop
      vertex -9.14994 -14.0897 15.5
      vertex -9.48325 -14.5764 16.1
      vertex -9.47136 -14.5846 16.1
    endloop
  endfacet
  facet normal 0.403911 0.587666 0.701074
    outer loop
      vertex -9.48325 -14.5764 16.1
      vertex -9.14994 -14.0897 15.5
      vertex -9.87479 -13.5915 15.5
    endloop
  endfacet
  facet normal -0.518833 -0.489186 0.701077
    outer loop
      vertex 11.8794 11.8794 15.5
      vertex 12.3066 12.2862 16.1
      vertex 12.2967 12.2967 16.1
    endloop
  endfacet
  facet normal -0.517267 -0.490836 0.701081
    outer loop
      vertex 12.3066 12.2862 16.1
      vertex 11.8794 11.8794 15.5
      vertex 12.4848 11.2414 15.5
    endloop
  endfacet
  facet normal 0.693395 0.166415 0.701078
    outer loop
      vertex -16.801 -4.48687 16.1
      vertex -16.4329 -3.49292 15.5
      vertex -17.0101 -3.61562 16.1
    endloop
  endfacet
  facet normal 0.434078 0.565718 0.701099
    outer loop
      vertex -10.2217 -14.0689 16.1
      vertex -9.87479 -13.5915 15.5
      vertex -10.9325 -13.5235 16.1
    endloop
  endfacet
  facet normal -0.565718 -0.434078 0.701099
    outer loop
      vertex 13.5915 9.87479 15.5
      vertex 14.0689 10.2217 16.1
      vertex 13.5235 10.9325 16.1
    endloop
  endfacet
  facet normal -0.542098 -0.463247 0.701093
    outer loop
      vertex 13.5053 10.955 16.1
      vertex 13.0561 10.5726 15.5
      vertex 13.5147 10.944 16.1
    endloop
  endfacet
  facet normal -0.542186 -0.463144 0.701094
    outer loop
      vertex 13.0561 10.5726 15.5
      vertex 13.5053 10.955 16.1
      vertex 12.4848 11.2414 15.5
    endloop
  endfacet
  facet normal 0.643585 0.307009 0.701102
    outer loop
      vertex -15.3476 -6.83317 15.5
      vertex -15.8805 -7.08624 16.1
      vertex -14.9689 -7.62704 15.5
    endloop
  endfacet
  facet normal 0.643886 0.306377 0.701102
    outer loop
      vertex -15.8805 -7.08624 16.1
      vertex -15.3476 -6.83317 15.5
      vertex -15.8867 -7.07321 16.1
    endloop
  endfacet
  facet normal -0.683669 -0.202528 0.701127
    outer loop
      vertex 16.7935 4.51474 16.1
      vertex 16.539 5.37385 16.1
      vertex 15.9777 5.19149 15.5
    endloop
  endfacet
  facet normal -0.693395 -0.166415 0.701078
    outer loop
      vertex 17.0101 3.61562 16.1
      vertex 16.801 4.48687 16.1
      vertex 16.4329 3.49292 15.5
    endloop
  endfacet
  facet normal 0.712766 0.0197627 0.701124
    outer loop
      vertex -17.3898 -0.0144265 16.1
      vertex -16.8 0 15.5
      vertex -17.3902 0 16.1
    endloop
  endfacet
  facet normal 0.712794 0.0186459 0.701125
    outer loop
      vertex -16.8 0 15.5
      vertex -17.3898 -0.0144265 16.1
      vertex -16.777 -0.879244 15.5
    endloop
  endfacet
  facet normal -0.202528 -0.683669 0.701127
    outer loop
      vertex 5.19149 15.9777 15.5
      vertex 5.37385 16.539 16.1
      vertex 4.51474 16.7935 16.1
    endloop
  endfacet
  facet normal 0.683693 -0.202596 0.701084
    outer loop
      vertex -16.7935 4.51474 16.1
      vertex -16.2276 4.34816 15.5
      vertex -15.9777 5.19149 15.5
    endloop
  endfacet
  facet normal 0.683709 -0.202544 0.701084
    outer loop
      vertex -16.2276 4.34816 15.5
      vertex -16.7935 4.51474 16.1
      vertex -16.7976 4.5009 16.1
    endloop
  endfacet
  facet normal -0.0559473 0.710881 0.701084
    outer loop
      vertex 0.91013 -17.3663 16.1
      vertex 1.80338 -17.296 16.1
      vertex 0.879244 -16.777 15.5
    endloop
  endfacet
  facet normal -0.49085 -0.517191 0.701128
    outer loop
      vertex 12.2862 12.3066 16.1
      vertex 11.6363 12.9234 16.1
      vertex 11.2414 12.4848 15.5
    endloop
  endfacet
  facet normal 0.626616 -0.340273 0.701118
    outer loop
      vertex -14.5492 8.4 15.5
      vertex -15.0603 8.69508 16.1
      vertex -15.4879 7.90765 16.1
    endloop
  endfacet
  facet normal -0.0543512 0.711012 0.701076
    outer loop
      vertex 1.75608 -16.708 15.5
      vertex 1.80338 -17.296 16.1
      vertex 1.81777 -17.2949 16.1
    endloop
  endfacet
  facet normal -0.0559411 0.710886 0.701079
    outer loop
      vertex 1.80338 -17.296 16.1
      vertex 1.75608 -16.708 15.5
      vertex 0.879244 -16.777 15.5
    endloop
  endfacet
  facet normal 0.712833 0.0187022 0.701084
    outer loop
      vertex -17.3663 -0.91013 16.1
      vertex -16.777 -0.879244 15.5
      vertex -17.3898 -0.0144265 16.1
    endloop
  endfacet
  facet normal 0.607978 0.372518 0.701137
    outer loop
      vertex -14.5492 -8.4 15.5
      vertex -15.0528 -8.70738 16.1
      vertex -14.0897 -9.14994 15.5
    endloop
  endfacet
  facet normal 0.608779 0.371207 0.701138
    outer loop
      vertex -15.0528 -8.70738 16.1
      vertex -14.5492 -8.4 15.5
      vertex -15.0603 -8.69508 16.1
    endloop
  endfacet
  facet normal 0.710881 0.0559473 0.701084
    outer loop
      vertex -17.296 -1.80338 16.1
      vertex -16.777 -0.879244 15.5
      vertex -17.3663 -0.91013 16.1
    endloop
  endfacet
  facet normal -0.129961 0.701143 0.701077
    outer loop
      vertex 3.61562 -17.0101 16.1
      vertex 3.49292 -16.4329 15.5
      vertex 2.73461 -17.1734 16.1
    endloop
  endfacet
  facet normal -0.0187022 0.712833 0.701084
    outer loop
      vertex 0.91013 -17.3663 16.1
      vertex 0.879244 -16.777 15.5
      vertex 0.0144265 -17.3898 16.1
    endloop
  endfacet
  facet normal 0.672137 0.23802 0.701126
    outer loop
      vertex -16.2399 -6.21847 16.1
      vertex -15.9777 -5.19149 15.5
      vertex -16.539 -5.37385 16.1
    endloop
  endfacet
  facet normal -0.0889973 0.707529 0.701058
    outer loop
      vertex 2.6281 -16.5932 15.5
      vertex 2.70611 -17.1779 16.1
      vertex 2.72042 -17.1761 16.1
    endloop
  endfacet
  facet normal -0.0930747 0.706995 0.701068
    outer loop
      vertex 2.70611 -17.1779 16.1
      vertex 2.6281 -16.5932 15.5
      vertex 1.75608 -16.708 15.5
    endloop
  endfacet
  facet normal 0.607978 -0.372518 0.701137
    outer loop
      vertex -15.0528 8.70738 16.1
      vertex -14.5492 8.4 15.5
      vertex -14.0897 9.14994 15.5
    endloop
  endfacet
  facet normal 0.608779 -0.371207 0.701138
    outer loop
      vertex -14.5492 8.4 15.5
      vertex -15.0528 8.70738 16.1
      vertex -15.0603 8.69508 16.1
    endloop
  endfacet
  facet normal -0.166415 0.693395 0.701078
    outer loop
      vertex 3.61562 -17.0101 16.1
      vertex 4.48687 -16.801 16.1
      vertex 3.49292 -16.4329 15.5
    endloop
  endfacet
  facet normal 0.710886 0.0559411 0.701079
    outer loop
      vertex -17.296 -1.80338 16.1
      vertex -16.708 -1.75608 15.5
      vertex -16.777 -0.879244 15.5
    endloop
  endfacet
  facet normal 0.711012 0.0543512 0.701076
    outer loop
      vertex -16.708 -1.75608 15.5
      vertex -17.296 -1.80338 16.1
      vertex -17.2949 -1.81777 16.1
    endloop
  endfacet
  facet normal -0.202528 0.683669 0.701127
    outer loop
      vertex 5.37385 -16.539 16.1
      vertex 5.19149 -15.9777 15.5
      vertex 4.51474 -16.7935 16.1
    endloop
  endfacet
  facet normal 0.272892 -0.658801 0.701079
    outer loop
      vertex -6.02058 15.6842 15.5
      vertex -6.23207 16.2351 16.1
      vertex -7.05988 15.8922 16.1
    endloop
  endfacet
  facet normal -0.307023 0.643587 0.701093
    outer loop
      vertex 7.89496 -15.4947 16.1
      vertex 7.62704 -14.9689 15.5
      vertex 7.08624 -15.8805 16.1
    endloop
  endfacet
  facet normal 0.0889973 -0.707529 0.701058
    outer loop
      vertex -2.6281 16.5932 15.5
      vertex -2.70611 17.1779 16.1
      vertex -2.72042 17.1761 16.1
    endloop
  endfacet
  facet normal 0.0930747 -0.706995 0.701068
    outer loop
      vertex -2.70611 17.1779 16.1
      vertex -2.6281 16.5932 15.5
      vertex -1.75608 16.708 15.5
    endloop
  endfacet
  facet normal 0.683669 0.202528 0.701127
    outer loop
      vertex -16.539 -5.37385 16.1
      vertex -15.9777 -5.19149 15.5
      vertex -16.7935 -4.51474 16.1
    endloop
  endfacet
  facet normal -0.404845 -0.587025 0.701073
    outer loop
      vertex 9.14994 14.0897 15.5
      vertex 9.48325 14.5764 16.1
      vertex 9.47136 14.5846 16.1
    endloop
  endfacet
  facet normal -0.403911 -0.587666 0.701074
    outer loop
      vertex 9.48325 14.5764 16.1
      vertex 9.14994 14.0897 15.5
      vertex 9.87479 13.5915 15.5
    endloop
  endfacet
  facet normal 0.701144 0.129962 0.701076
    outer loop
      vertex -16.5932 -2.6281 15.5
      vertex -17.1734 -2.73461 16.1
      vertex -16.4329 -3.49292 15.5
    endloop
  endfacet
  facet normal 0.700525 0.133292 0.701069
    outer loop
      vertex -17.1734 -2.73461 16.1
      vertex -16.5932 -2.6281 15.5
      vertex -17.1761 -2.72042 16.1
    endloop
  endfacet
  facet normal 0.643587 0.307023 0.701093
    outer loop
      vertex -15.4947 -7.89496 16.1
      vertex -14.9689 -7.62704 15.5
      vertex -15.8805 -7.08624 16.1
    endloop
  endfacet
  facet normal 0.626616 0.340273 0.701118
    outer loop
      vertex -15.0603 -8.69508 16.1
      vertex -14.5492 -8.4 15.5
      vertex -15.4879 -7.90765 16.1
    endloop
  endfacet
  facet normal 0.626611 0.340236 0.701141
    outer loop
      vertex -14.9689 -7.62704 15.5
      vertex -15.4879 -7.90765 16.1
      vertex -14.5492 -8.4 15.5
    endloop
  endfacet
  facet normal 0.62848 0.336774 0.701139
    outer loop
      vertex -15.4879 -7.90765 16.1
      vertex -14.9689 -7.62704 15.5
      vertex -15.4947 -7.89496 16.1
    endloop
  endfacet
  facet normal 0.166415 -0.693395 0.701078
    outer loop
      vertex -3.49292 16.4329 15.5
      vertex -3.61562 17.0101 16.1
      vertex -4.48687 16.801 16.1
    endloop
  endfacet
  facet normal 0.463086 -0.54219 0.701129
    outer loop
      vertex -11.2414 12.4848 15.5
      vertex -10.955 13.5053 16.1
      vertex -11.6363 12.9234 16.1
    endloop
  endfacet
  facet normal 0.490836 -0.517267 0.701081
    outer loop
      vertex -12.2862 12.3066 16.1
      vertex -11.8794 11.8794 15.5
      vertex -11.2414 12.4848 15.5
    endloop
  endfacet
  facet normal 0.489186 -0.518833 0.701077
    outer loop
      vertex -11.8794 11.8794 15.5
      vertex -12.2862 12.3066 16.1
      vertex -12.2967 12.2967 16.1
    endloop
  endfacet
  facet normal 0.54219 0.463086 0.701129
    outer loop
      vertex -12.9234 -11.6363 16.1
      vertex -12.4848 -11.2414 15.5
      vertex -13.5053 -10.955 16.1
    endloop
  endfacet
  facet normal 0.517191 0.49085 0.701128
    outer loop
      vertex -12.3066 -12.2862 16.1
      vertex -12.4848 -11.2414 15.5
      vertex -12.9234 -11.6363 16.1
    endloop
  endfacet
  facet normal -0.23802 -0.672137 0.701126
    outer loop
      vertex 6.21847 16.2399 16.1
      vertex 5.37385 16.539 16.1
      vertex 5.19149 15.9777 15.5
    endloop
  endfacet
  facet normal -0.307023 -0.643587 0.701093
    outer loop
      vertex 7.62704 14.9689 15.5
      vertex 7.89496 15.4947 16.1
      vertex 7.08624 15.8805 16.1
    endloop
  endfacet
  facet normal -0.434078 -0.565718 0.701099
    outer loop
      vertex 10.9325 13.5235 16.1
      vertex 10.2217 14.0689 16.1
      vertex 9.87479 13.5915 15.5
    endloop
  endfacet
  facet normal -0.340273 0.626616 0.701118
    outer loop
      vertex 8.69508 -15.0603 16.1
      vertex 8.4 -14.5492 15.5
      vertex 7.90765 -15.4879 16.1
    endloop
  endfacet
  facet normal 0.133292 0.700525 0.701069
    outer loop
      vertex -2.6281 -16.5932 15.5
      vertex -2.73461 -17.1734 16.1
      vertex -2.72042 -17.1761 16.1
    endloop
  endfacet
  facet normal 0.129962 0.701144 0.701076
    outer loop
      vertex -2.73461 -17.1734 16.1
      vertex -2.6281 -16.5932 15.5
      vertex -3.49292 -16.4329 15.5
    endloop
  endfacet
  facet normal -0.340236 0.626611 0.701141
    outer loop
      vertex 7.62704 -14.9689 15.5
      vertex 7.90765 -15.4879 16.1
      vertex 8.4 -14.5492 15.5
    endloop
  endfacet
  facet normal -0.336774 0.62848 0.701139
    outer loop
      vertex 7.90765 -15.4879 16.1
      vertex 7.62704 -14.9689 15.5
      vertex 7.89496 -15.4947 16.1
    endloop
  endfacet
  facet normal 0.587664 0.403873 0.701097
    outer loop
      vertex -14.0689 -10.2217 16.1
      vertex -13.5915 -9.87479 15.5
      vertex -14.5764 -9.48325 16.1
    endloop
  endfacet
  facet normal -0.608779 -0.371207 0.701138
    outer loop
      vertex 15.0528 8.70738 16.1
      vertex 14.5492 8.4 15.5
      vertex 15.0603 8.69508 16.1
    endloop
  endfacet
  facet normal -0.607978 -0.372518 0.701137
    outer loop
      vertex 14.5492 8.4 15.5
      vertex 15.0528 8.70738 16.1
      vertex 14.0897 9.14994 15.5
    endloop
  endfacet
  facet normal -0.237332 0.672441 0.701068
    outer loop
      vertex 6.02058 -15.6842 15.5
      vertex 6.21847 -16.2399 16.1
      vertex 6.23207 -16.2351 16.1
    endloop
  endfacet
  facet normal -0.237966 0.672216 0.701069
    outer loop
      vertex 6.21847 -16.2399 16.1
      vertex 6.02058 -15.6842 15.5
      vertex 5.19149 -15.9777 15.5
    endloop
  endfacet
  facet normal 0.0559473 -0.710881 0.701084
    outer loop
      vertex -0.879244 16.777 15.5
      vertex -0.91013 17.3663 16.1
      vertex -1.80338 17.296 16.1
    endloop
  endfacet
  facet normal 0.0187022 -0.712833 0.701084
    outer loop
      vertex -0.879244 16.777 15.5
      vertex -0.0144265 17.3898 16.1
      vertex -0.91013 17.3663 16.1
    endloop
  endfacet
  facet normal -0.16794 -0.693001 0.701103
    outer loop
      vertex 4.48687 16.801 16.1
      vertex 4.34816 16.2276 15.5
      vertex 4.5009 16.7976 16.1
    endloop
  endfacet
  facet normal -0.166442 -0.693363 0.701103
    outer loop
      vertex 4.34816 16.2276 15.5
      vertex 4.48687 16.801 16.1
      vertex 3.49292 16.4329 15.5
    endloop
  endfacet
  facet normal -0.166415 -0.693395 0.701078
    outer loop
      vertex 4.48687 16.801 16.1
      vertex 3.61562 17.0101 16.1
      vertex 3.49292 16.4329 15.5
    endloop
  endfacet
  facet normal -0.129962 0.701144 0.701076
    outer loop
      vertex 2.6281 -16.5932 15.5
      vertex 2.73461 -17.1734 16.1
      vertex 3.49292 -16.4329 15.5
    endloop
  endfacet
  facet normal -0.133292 0.700525 0.701069
    outer loop
      vertex 2.73461 -17.1734 16.1
      vertex 2.6281 -16.5932 15.5
      vertex 2.72042 -17.1761 16.1
    endloop
  endfacet
  facet normal 0.683693 0.202596 0.701084
    outer loop
      vertex -16.2276 -4.34816 15.5
      vertex -16.7935 -4.51474 16.1
      vertex -15.9777 -5.19149 15.5
    endloop
  endfacet
  facet normal 0.683709 0.202544 0.701084
    outer loop
      vertex -16.7935 -4.51474 16.1
      vertex -16.2276 -4.34816 15.5
      vertex -16.7976 -4.5009 16.1
    endloop
  endfacet
  facet normal 0.463247 -0.542098 0.701093
    outer loop
      vertex -10.955 13.5053 16.1
      vertex -10.5726 13.0561 15.5
      vertex -10.944 13.5147 16.1
    endloop
  endfacet
  facet normal 0.463144 -0.542186 0.701094
    outer loop
      vertex -10.5726 13.0561 15.5
      vertex -10.955 13.5053 16.1
      vertex -11.2414 12.4848 15.5
    endloop
  endfacet
  facet normal 0.129961 -0.701143 0.701077
    outer loop
      vertex -3.49292 16.4329 15.5
      vertex -2.73461 17.1734 16.1
      vertex -3.61562 17.0101 16.1
    endloop
  endfacet
  facet normal 0.237966 -0.672216 0.701069
    outer loop
      vertex -6.21847 16.2399 16.1
      vertex -6.02058 15.6842 15.5
      vertex -5.19149 15.9777 15.5
    endloop
  endfacet
  facet normal 0.237332 -0.672441 0.701068
    outer loop
      vertex -6.02058 15.6842 15.5
      vertex -6.21847 16.2399 16.1
      vertex -6.23207 16.2351 16.1
    endloop
  endfacet
  facet normal -0.643587 -0.307023 0.701093
    outer loop
      vertex 15.8805 7.08624 16.1
      vertex 15.4947 7.89496 16.1
      vertex 14.9689 7.62704 15.5
    endloop
  endfacet
  facet normal -0.62848 -0.336774 0.701139
    outer loop
      vertex 15.4879 7.90765 16.1
      vertex 14.9689 7.62704 15.5
      vertex 15.4947 7.89496 16.1
    endloop
  endfacet
  facet normal -0.626611 -0.340236 0.701141
    outer loop
      vertex 14.9689 7.62704 15.5
      vertex 15.4879 7.90765 16.1
      vertex 14.5492 8.4 15.5
    endloop
  endfacet
  facet normal -0.403873 -0.587664 0.701097
    outer loop
      vertex 9.87479 13.5915 15.5
      vertex 10.2217 14.0689 16.1
      vertex 9.48325 14.5764 16.1
    endloop
  endfacet
  facet normal 0.306377 0.643886 0.701102
    outer loop
      vertex -6.83317 -15.3476 15.5
      vertex -7.08624 -15.8805 16.1
      vertex -7.07321 -15.8867 16.1
    endloop
  endfacet
  facet normal 0.307009 0.643585 0.701102
    outer loop
      vertex -7.08624 -15.8805 16.1
      vertex -6.83317 -15.3476 15.5
      vertex -7.62704 -14.9689 15.5
    endloop
  endfacet
  facet normal 0.658797 0.272894 0.701081
    outer loop
      vertex -15.8922 -7.05988 16.1
      vertex -15.3476 -6.83317 15.5
      vertex -15.6842 -6.02058 15.5
    endloop
  endfacet
  facet normal 0.659177 0.271979 0.70108
    outer loop
      vertex -15.3476 -6.83317 15.5
      vertex -15.8922 -7.05988 16.1
      vertex -15.8867 -7.07321 16.1
    endloop
  endfacet
  facet normal 0.336774 0.62848 0.701139
    outer loop
      vertex -7.62704 -14.9689 15.5
      vertex -7.90765 -15.4879 16.1
      vertex -7.89496 -15.4947 16.1
    endloop
  endfacet
  facet normal 0.340236 0.626611 0.701141
    outer loop
      vertex -7.90765 -15.4879 16.1
      vertex -7.62704 -14.9689 15.5
      vertex -8.4 -14.5492 15.5
    endloop
  endfacet
  facet normal 0.70696 0.0931111 0.701098
    outer loop
      vertex -17.1779 -2.70611 16.1
      vertex -16.708 -1.75608 15.5
      vertex -17.2949 -1.81777 16.1
    endloop
  endfacet
  facet normal 0.202544 -0.683709 0.701084
    outer loop
      vertex -4.51474 16.7935 16.1
      vertex -4.34816 16.2276 15.5
      vertex -4.5009 16.7976 16.1
    endloop
  endfacet
  facet normal 0.202596 -0.683693 0.701084
    outer loop
      vertex -4.34816 16.2276 15.5
      vertex -4.51474 16.7935 16.1
      vertex -5.19149 15.9777 15.5
    endloop
  endfacet
  facet normal 0.0197627 0.712766 0.701124
    outer loop
      vertex 0 -16.8 15.5
      vertex -0.0144265 -17.3898 16.1
      vertex 0 -17.3902 16.1
    endloop
  endfacet
  facet normal 0.0186459 0.712794 0.701125
    outer loop
      vertex -0.0144265 -17.3898 16.1
      vertex 0 -16.8 15.5
      vertex -0.879244 -16.777 15.5
    endloop
  endfacet
  facet normal 0.166442 -0.693363 0.701103
    outer loop
      vertex -4.48687 16.801 16.1
      vertex -4.34816 16.2276 15.5
      vertex -3.49292 16.4329 15.5
    endloop
  endfacet
  facet normal 0.16794 -0.693001 0.701103
    outer loop
      vertex -4.34816 16.2276 15.5
      vertex -4.48687 16.801 16.1
      vertex -4.5009 16.7976 16.1
    endloop
  endfacet
  facet normal 0.23802 0.672137 0.701126
    outer loop
      vertex -5.37385 -16.539 16.1
      vertex -5.19149 -15.9777 15.5
      vertex -6.21847 -16.2399 16.1
    endloop
  endfacet
  facet normal 0.371207 -0.608779 0.701138
    outer loop
      vertex -8.70738 15.0528 16.1
      vertex -8.4 14.5492 15.5
      vertex -8.69508 15.0603 16.1
    endloop
  endfacet
  facet normal 0.372518 -0.607978 0.701137
    outer loop
      vertex -8.4 14.5492 15.5
      vertex -8.70738 15.0528 16.1
      vertex -9.14994 14.0897 15.5
    endloop
  endfacet
  facet normal 0.340273 -0.626616 0.701118
    outer loop
      vertex -8.4 14.5492 15.5
      vertex -7.90765 15.4879 16.1
      vertex -8.69508 15.0603 16.1
    endloop
  endfacet
  facet normal 0.129961 0.701143 0.701077
    outer loop
      vertex -2.73461 -17.1734 16.1
      vertex -3.49292 -16.4329 15.5
      vertex -3.61562 -17.0101 16.1
    endloop
  endfacet
  facet normal 0.166415 0.693395 0.701078
    outer loop
      vertex -3.61562 -17.0101 16.1
      vertex -3.49292 -16.4329 15.5
      vertex -4.48687 -16.801 16.1
    endloop
  endfacet
  facet normal 0.202528 0.683669 0.701127
    outer loop
      vertex -4.51474 -16.7935 16.1
      vertex -5.19149 -15.9777 15.5
      vertex -5.37385 -16.539 16.1
    endloop
  endfacet
  facet normal 0.202544 0.683709 0.701084
    outer loop
      vertex -4.34816 -16.2276 15.5
      vertex -4.51474 -16.7935 16.1
      vertex -4.5009 -16.7976 16.1
    endloop
  endfacet
  facet normal 0.202596 0.683693 0.701084
    outer loop
      vertex -4.51474 -16.7935 16.1
      vertex -4.34816 -16.2276 15.5
      vertex -5.19149 -15.9777 15.5
    endloop
  endfacet
  facet normal 0.972359 0 -0.233492
    outer loop
      vertex -6.43185 -18.65 9.66764
      vertex -6.4563 -23.3704 9.56582
      vertex -6.4563 -18.65 9.56582
    endloop
  endfacet
  facet normal 0.972359 0 -0.233492
    outer loop
      vertex -6.4563 -23.3704 9.56582
      vertex -6.43185 -18.65 9.66764
      vertex -6.43185 -23.3776 9.66764
    endloop
  endfacet
  facet normal -0.129899 -0 -0.991527
    outer loop
      vertex 4.70906 -19.0709 11.139
      vertex 4.81287 -23.7625 11.1254
      vertex 4.70906 -23.7818 11.139
    endloop
  endfacet
  facet normal -0.129899 0 -0.991527
    outer loop
      vertex 4.81287 -23.7625 11.1254
      vertex 4.70906 -19.0709 11.139
      vertex 4.81287 -19.046 11.1254
    endloop
  endfacet
  facet normal 0.0792669 0 -0.996853
    outer loop
      vertex -4.70906 -23.7818 11.139
      vertex -4.60468 -19.0959 11.1473
      vertex -4.60468 -23.8011 11.1473
    endloop
  endfacet
  facet normal 0.0792669 0 -0.996853
    outer loop
      vertex -4.60468 -19.0959 11.1473
      vertex -4.70906 -23.7818 11.139
      vertex -4.70906 -19.0709 11.139
    endloop
  endfacet
  facet normal -0.285384 0 -0.958413
    outer loop
      vertex 5.11803 -23.7018 11.0521
      vertex 5.08579 -18.9804 11.0617
      vertex 5.11803 -18.9709 11.0521
    endloop
  endfacet
  facet normal -0.286648 0.0100317 -0.957983
    outer loop
      vertex 5.01764 -23.7246 11.0819
      vertex 5.11803 -23.7018 11.0521
      vertex 5.04186 -23.7201 11.0747
    endloop
  endfacet
  facet normal -0.284569 0 -0.958655
    outer loop
      vertex 5.11803 -23.7018 11.0521
      vertex 5.01764 -23.7246 11.0819
      vertex 5.01764 -18.9968 11.0819
    endloop
  endfacet
  facet normal -0.284186 8.90074e-06 -0.958769
    outer loop
      vertex 5.11803 -23.7018 11.0521
      vertex 5.01764 -18.9968 11.0819
      vertex 5.08579 -18.9804 11.0617
    endloop
  endfacet
  facet normal -0.958812 0 -0.284043
    outer loop
      vertex 6.43185 -23.3776 9.66764
      vertex 6.40211 -18.65 9.76803
      vertex 6.43185 -18.65 9.66764
    endloop
  endfacet
  facet normal -0.958812 -0 -0.284043
    outer loop
      vertex 6.40211 -18.65 9.76803
      vertex 6.43185 -23.3776 9.66764
      vertex 6.40211 -23.3865 9.76803
    endloop
  endfacet
  facet normal 0.0257843 0 -0.999668
    outer loop
      vertex -4.60468 -23.8011 11.1473
      vertex -4.5 -19.1211 11.15
      vertex -4.5 -23.8205 11.15
    endloop
  endfacet
  facet normal 0.0257843 0 -0.999668
    outer loop
      vertex -4.5 -19.1211 11.15
      vertex -4.60468 -23.8011 11.1473
      vertex -4.60468 -19.0959 11.1473
    endloop
  endfacet
  facet normal -0.476655 -0 -0.87909
    outer loop
      vertex 5.40797 -18.885 10.932
      vertex 5.5 -23.6101 10.8821
      vertex 5.40797 -23.6322 10.932
    endloop
  endfacet
  facet normal -0.476655 0 -0.87909
    outer loop
      vertex 5.5 -23.6101 10.8821
      vertex 5.40797 -18.885 10.932
      vertex 5.5 -18.8577 10.8821
    endloop
  endfacet
  facet normal -0.233041 -0 -0.972467
    outer loop
      vertex 4.91582 -19.0212 11.1063
      vertex 5.01764 -23.7246 11.0819
      vertex 4.91582 -23.7434 11.1063
    endloop
  endfacet
  facet normal -0.233041 0 -0.972467
    outer loop
      vertex 5.01764 -23.7246 11.0819
      vertex 4.91582 -19.0212 11.1063
      vertex 5.01764 -18.9968 11.0819
    endloop
  endfacet
  facet normal 0.902599 0 -0.430482
    outer loop
      vertex -6.28201 -18.65 10.058
      vertex -6.32709 -23.4087 9.96348
      vertex -6.32709 -18.65 9.96348
    endloop
  endfacet
  facet normal 0.902599 0 -0.430482
    outer loop
      vertex -6.32709 -23.4087 9.96348
      vertex -6.28201 -18.65 10.058
      vertex -6.28201 -23.422 10.058
    endloop
  endfacet
  facet normal -0.0257843 -0 -0.999668
    outer loop
      vertex 4.5 -19.1211 11.15
      vertex 4.60468 -23.8011 11.1473
      vertex 4.5 -23.8205 11.15
    endloop
  endfacet
  facet normal -0.0257843 0 -0.999668
    outer loop
      vertex 4.60468 -23.8011 11.1473
      vertex 4.5 -19.1211 11.15
      vertex 4.60468 -19.0959 11.1473
    endloop
  endfacet
  facet normal 0.129899 0 -0.991527
    outer loop
      vertex -4.81287 -23.7625 11.1254
      vertex -4.70906 -19.0709 11.139
      vertex -4.70906 -23.7818 11.139
    endloop
  endfacet
  facet normal 0.129899 0 -0.991527
    outer loop
      vertex -4.70906 -19.0709 11.139
      vertex -4.81287 -23.7625 11.1254
      vertex -4.81287 -19.046 11.1254
    endloop
  endfacet
  facet normal 0 0 -1
    outer loop
      vertex 4.5 -23.8205 11.15
      vertex 4.08546 -19.2206 11.15
      vertex 4.5 -19.1211 11.15
    endloop
  endfacet
  facet normal 0 0 -1
    outer loop
      vertex 3.07394 -19.4081 11.15
      vertex 4.5 -23.8205 11.15
      vertex 3.79354 -23.9514 11.15
    endloop
  endfacet
  facet normal 0 0 -1
    outer loop
      vertex 4.5 -23.8205 11.15
      vertex 3.07394 -19.4081 11.15
      vertex 4.08546 -19.2206 11.15
    endloop
  endfacet
  facet normal 0 0 -1
    outer loop
      vertex 2.53481 -24.1172 11.15
      vertex 3.07394 -19.4081 11.15
      vertex 3.79354 -23.9514 11.15
    endloop
  endfacet
  facet normal 0 0 -1
    outer loop
      vertex 2.53481 -24.1172 11.15
      vertex 2.05398 -19.5424 11.15
      vertex 3.07394 -19.4081 11.15
    endloop
  endfacet
  facet normal 0 0 -1
    outer loop
      vertex 1.26915 -24.2168 11.15
      vertex 2.05398 -19.5424 11.15
      vertex 2.53481 -24.1172 11.15
    endloop
  endfacet
  facet normal 0 0 -1
    outer loop
      vertex 1.26915 -24.2168 11.15
      vertex 1.0284 -19.6231 11.15
      vertex 2.05398 -19.5424 11.15
    endloop
  endfacet
  facet normal 0 0 -1
    outer loop
      vertex 0 -24.25 11.15
      vertex 1.0284 -19.6231 11.15
      vertex 1.26915 -24.2168 11.15
    endloop
  endfacet
  facet normal 0 0 -1
    outer loop
      vertex 0 -24.25 11.15
      vertex 0 -19.65 11.15
      vertex 1.0284 -19.6231 11.15
    endloop
  endfacet
  facet normal 0 0 -1
    outer loop
      vertex 0 -24.25 11.15
      vertex -1.0284 -19.6231 11.15
      vertex 0 -19.65 11.15
    endloop
  endfacet
  facet normal 0 0 -1
    outer loop
      vertex -1.26915 -24.2168 11.15
      vertex -1.0284 -19.6231 11.15
      vertex 0 -24.25 11.15
    endloop
  endfacet
  facet normal 0 0 -1
    outer loop
      vertex -1.26915 -24.2168 11.15
      vertex -2.05398 -19.5424 11.15
      vertex -1.0284 -19.6231 11.15
    endloop
  endfacet
  facet normal 0 0 -1
    outer loop
      vertex -2.53481 -24.1172 11.15
      vertex -2.05398 -19.5424 11.15
      vertex -1.26915 -24.2168 11.15
    endloop
  endfacet
  facet normal 0 0 -1
    outer loop
      vertex -2.53481 -24.1172 11.15
      vertex -3.07394 -19.4081 11.15
      vertex -2.05398 -19.5424 11.15
    endloop
  endfacet
  facet normal 0 0 -1
    outer loop
      vertex -3.79354 -23.9514 11.15
      vertex -3.07394 -19.4081 11.15
      vertex -2.53481 -24.1172 11.15
    endloop
  endfacet
  facet normal 0 0 -1
    outer loop
      vertex -4.5 -23.8205 11.15
      vertex -3.07394 -19.4081 11.15
      vertex -3.79354 -23.9514 11.15
    endloop
  endfacet
  facet normal -0 0 -1
    outer loop
      vertex -3.07394 -19.4081 11.15
      vertex -4.5 -23.8205 11.15
      vertex -4.08546 -19.2206 11.15
    endloop
  endfacet
  facet normal -0 0 -1
    outer loop
      vertex -4.08546 -19.2206 11.15
      vertex -4.5 -23.8205 11.15
      vertex -4.5 -19.1211 11.15
    endloop
  endfacet
  facet normal 1 -0 0
    outer loop
      vertex -6.5 -23.3575 9.15
      vertex -6.5 -18.65 3.59999
      vertex -6.5 -18.65 9.15
    endloop
  endfacet
  facet normal 1 0 0
    outer loop
      vertex -6.5 -18.65 3.59999
      vertex -6.5 -23.3575 9.15
      vertex -6.5 -23.3575 3.59999
    endloop
  endfacet
  facet normal -0.824137 0 -0.566391
    outer loop
      vertex 6.17734 -23.4475 10.2393
      vertex 6.11803 -18.672 10.3256
      vertex 6.17734 -18.651 10.2393
    endloop
  endfacet
  facet normal -0.824137 -0 -0.566391
    outer loop
      vertex 6.11803 -18.672 10.3256
      vertex 6.17734 -23.4475 10.2393
      vertex 6.11803 -23.4617 10.3256
    endloop
  endfacet
  facet normal 0.60851 0 -0.793546
    outer loop
      vertex -5.75864 -23.548 10.7043
      vertex -5.67557 -18.8057 10.768
      vertex -5.67557 -23.5679 10.768
    endloop
  endfacet
  facet normal 0.60851 0 -0.793546
    outer loop
      vertex -5.67557 -18.8057 10.768
      vertex -5.75864 -23.548 10.7043
      vertex -5.75864 -18.7811 10.7043
    endloop
  endfacet
  facet normal 0.878825 0 -0.477145
    outer loop
      vertex -6.23206 -18.65 10.15
      vertex -6.28201 -23.422 10.058
      vertex -6.28201 -18.65 10.058
    endloop
  endfacet
  facet normal 0.878825 0 -0.477145
    outer loop
      vertex -6.23206 -23.4343 10.15
      vertex -6.28201 -23.422 10.058
      vertex -6.23206 -18.65 10.15
    endloop
  endfacet
  facet normal 0.879335 0.00988017 -0.476101
    outer loop
      vertex -6.28201 -23.422 10.058
      vertex -6.23206 -23.4343 10.15
      vertex -6.27636 -23.4237 10.0684
    endloop
  endfacet
  facet normal -1 0 0
    outer loop
      vertex 6.5 -23.3575 3.59999
      vertex 6.5 -18.65 9.15
      vertex 6.5 -18.65 3.59999
    endloop
  endfacet
  facet normal -1 -0 0
    outer loop
      vertex 6.5 -18.65 9.15
      vertex 6.5 -23.3575 3.59999
      vertex 6.5 -23.3575 9.15
    endloop
  endfacet
  facet normal -0.38292 -0 -0.923782
    outer loop
      vertex 5.21674 -18.9417 11.0172
      vertex 5.31348 -23.6549 10.9771
      vertex 5.21674 -23.6781 11.0172
    endloop
  endfacet
  facet normal -0.38292 0 -0.923782
    outer loop
      vertex 5.31348 -23.6549 10.9771
      vertex 5.21674 -18.9417 11.0172
      vertex 5.31348 -18.913 10.9771
    endloop
  endfacet
  facet normal -0.725214 0 -0.688523
    outer loop
      vertex 5.98628 -23.4933 10.4883
      vertex 5.91422 -18.7351 10.5642
      vertex 5.98628 -18.7137 10.4883
    endloop
  endfacet
  facet normal -0.725214 -0 -0.688523
    outer loop
      vertex 5.91422 -18.7351 10.5642
      vertex 5.98628 -23.4933 10.4883
      vertex 5.91422 -23.5106 10.5642
    endloop
  endfacet
  facet normal -0.430749 -0 -0.902472
    outer loop
      vertex 5.31348 -18.913 10.9771
      vertex 5.40797 -23.6322 10.932
      vertex 5.31348 -23.6549 10.9771
    endloop
  endfacet
  facet normal -0.430749 0 -0.902472
    outer loop
      vertex 5.40797 -23.6322 10.932
      vertex 5.31348 -18.913 10.9771
      vertex 5.40797 -18.885 10.932
    endloop
  endfacet
  facet normal -0.566371 -0 -0.824151
    outer loop
      vertex 5.58928 -18.8313 10.8273
      vertex 5.67557 -23.5679 10.768
      vertex 5.58928 -23.5887 10.8273
    endloop
  endfacet
  facet normal -0.566371 0 -0.824151
    outer loop
      vertex 5.67557 -23.5679 10.768
      vertex 5.58928 -18.8313 10.8273
      vertex 5.67557 -18.8057 10.768
    endloop
  endfacet
  facet normal -0.76069 0 -0.649116
    outer loop
      vertex 6.05429 -23.477 10.4086
      vertex 5.98628 -18.7137 10.4883
      vertex 6.05429 -18.6936 10.4086
    endloop
  endfacet
  facet normal -0.76069 -0 -0.649116
    outer loop
      vertex 5.98628 -18.7137 10.4883
      vertex 6.05429 -23.477 10.4086
      vertex 5.98628 -23.4933 10.4883
    endloop
  endfacet
  facet normal -0.60851 -0 -0.793546
    outer loop
      vertex 5.67557 -18.8057 10.768
      vertex 5.75864 -23.548 10.7043
      vertex 5.67557 -23.5679 10.768
    endloop
  endfacet
  facet normal -0.60851 0 -0.793546
    outer loop
      vertex 5.75864 -23.548 10.7043
      vertex 5.67557 -18.8057 10.768
      vertex 5.75864 -18.7811 10.7043
    endloop
  endfacet
  facet normal 0.991441 0 -0.130556
    outer loop
      vertex -6.47537 -18.65 9.46287
      vertex -6.48904 -23.3607 9.35906
      vertex -6.48904 -18.65 9.35906
    endloop
  endfacet
  facet normal 0.991441 0 -0.130556
    outer loop
      vertex -6.48904 -23.3607 9.35906
      vertex -6.47537 -18.65 9.46287
      vertex -6.47537 -23.3648 9.46287
    endloop
  endfacet
  facet normal 0.233041 0 -0.972467
    outer loop
      vertex -5.01764 -23.7246 11.0819
      vertex -4.91582 -19.0212 11.1063
      vertex -4.91582 -23.7434 11.1063
    endloop
  endfacet
  facet normal 0.233041 0 -0.972467
    outer loop
      vertex -4.91582 -19.0212 11.1063
      vertex -5.01764 -23.7246 11.0819
      vertex -5.01764 -18.9968 11.0819
    endloop
  endfacet
  facet normal 0.566371 0 -0.824151
    outer loop
      vertex -5.67557 -23.5679 10.768
      vertex -5.58928 -18.8313 10.8273
      vertex -5.58928 -23.5887 10.8273
    endloop
  endfacet
  facet normal 0.566371 0 -0.824151
    outer loop
      vertex -5.58928 -18.8313 10.8273
      vertex -5.67557 -23.5679 10.768
      vertex -5.67557 -18.8057 10.768
    endloop
  endfacet
  facet normal -0.902599 0 -0.430482
    outer loop
      vertex 6.32709 -23.4087 9.96348
      vertex 6.28201 -18.65 10.058
      vertex 6.32709 -18.65 9.96348
    endloop
  endfacet
  facet normal -0.902599 -0 -0.430482
    outer loop
      vertex 6.28201 -18.65 10.058
      vertex 6.32709 -23.4087 9.96348
      vertex 6.28201 -23.422 10.058
    endloop
  endfacet
  facet normal -0.878825 0 -0.477145
    outer loop
      vertex 6.28201 -23.422 10.058
      vertex 6.23206 -18.65 10.15
      vertex 6.28201 -18.65 10.058
    endloop
  endfacet
  facet normal -0.879335 0.00988017 -0.476101
    outer loop
      vertex 6.23206 -23.4343 10.15
      vertex 6.28201 -23.422 10.058
      vertex 6.27636 -23.4237 10.0684
    endloop
  endfacet
  facet normal -0.878825 0 -0.477145
    outer loop
      vertex 6.28201 -23.422 10.058
      vertex 6.23206 -23.4343 10.15
      vertex 6.23206 -18.65 10.15
    endloop
  endfacet
  facet normal -0.996922 0 -0.0784053
    outer loop
      vertex 6.49725 -23.3583 9.25467
      vertex 6.48904 -18.65 9.35906
      vertex 6.49725 -18.65 9.25467
    endloop
  endfacet
  facet normal -0.996922 -0 -0.0784053
    outer loop
      vertex 6.48904 -18.65 9.35906
      vertex 6.49725 -23.3583 9.25467
      vertex 6.48904 -23.3607 9.35906
    endloop
  endfacet
  facet normal -0.0792669 -0 -0.996853
    outer loop
      vertex 4.60468 -19.0959 11.1473
      vertex 4.70906 -23.7818 11.139
      vertex 4.60468 -23.8011 11.1473
    endloop
  endfacet
  facet normal -0.0792669 0 -0.996853
    outer loop
      vertex 4.70906 -23.7818 11.139
      vertex 4.60468 -19.0959 11.1473
      vertex 4.70906 -19.0709 11.139
    endloop
  endfacet
  facet normal 0.942657 0 -0.333764
    outer loop
      vertex -6.36716 -18.65 9.86674
      vertex -6.40211 -23.3865 9.76803
      vertex -6.40211 -18.65 9.76803
    endloop
  endfacet
  facet normal 0.942657 0 -0.333764
    outer loop
      vertex -6.40211 -23.3865 9.76803
      vertex -6.36716 -18.65 9.86674
      vertex -6.36716 -23.3968 9.86674
    endloop
  endfacet
  facet normal -0.923883 0 -0.382675
    outer loop
      vertex 6.36716 -23.3968 9.86674
      vertex 6.32709 -18.65 9.96348
      vertex 6.36716 -18.65 9.86674
    endloop
  endfacet
  facet normal -0.923883 -0 -0.382675
    outer loop
      vertex 6.32709 -18.65 9.96348
      vertex 6.36716 -23.3968 9.86674
      vertex 6.32709 -23.4087 9.96348
    endloop
  endfacet
  facet normal 0.996922 0 -0.0784053
    outer loop
      vertex -6.48904 -18.65 9.35906
      vertex -6.49725 -23.3583 9.25467
      vertex -6.49725 -18.65 9.25467
    endloop
  endfacet
  facet normal 0.996922 0 -0.0784053
    outer loop
      vertex -6.49725 -23.3583 9.25467
      vertex -6.48904 -18.65 9.35906
      vertex -6.48904 -23.3607 9.35906
    endloop
  endfacet
  facet normal -0.983273 0 -0.182137
    outer loop
      vertex 6.47537 -23.3648 9.46287
      vertex 6.4563 -18.65 9.56582
      vertex 6.47537 -18.65 9.46287
    endloop
  endfacet
  facet normal -0.983273 -0 -0.182137
    outer loop
      vertex 6.4563 -18.65 9.56582
      vertex 6.47537 -23.3648 9.46287
      vertex 6.4563 -23.3704 9.56582
    endloop
  endfacet
  facet normal 0.824137 0 -0.566391
    outer loop
      vertex -6.11803 -18.672 10.3256
      vertex -6.17734 -23.4475 10.2393
      vertex -6.17734 -18.651 10.2393
    endloop
  endfacet
  facet normal 0.824137 0 -0.566391
    outer loop
      vertex -6.17734 -23.4475 10.2393
      vertex -6.11803 -18.672 10.3256
      vertex -6.11803 -23.4617 10.3256
    endloop
  endfacet
  facet normal -0.991441 0 -0.130556
    outer loop
      vertex 6.48904 -23.3607 9.35906
      vertex 6.47537 -18.65 9.46287
      vertex 6.48904 -18.65 9.35906
    endloop
  endfacet
  facet normal -0.991441 -0 -0.130556
    outer loop
      vertex 6.47537 -18.65 9.46287
      vertex 6.48904 -23.3607 9.35906
      vertex 6.47537 -23.3648 9.46287
    endloop
  endfacet
  facet normal 0.688438 0 -0.725295
    outer loop
      vertex -5.91422 -23.5106 10.5642
      vertex -5.83826 -18.7576 10.6363
      vertex -5.83826 -23.5289 10.6363
    endloop
  endfacet
  facet normal 0.688438 0 -0.725295
    outer loop
      vertex -5.83826 -18.7576 10.6363
      vertex -5.91422 -23.5106 10.5642
      vertex -5.91422 -18.7351 10.5642
    endloop
  endfacet
  facet normal -0.999655 0 -0.026264
    outer loop
      vertex 6.5 -23.3575 9.15
      vertex 6.49725 -18.65 9.25467
      vertex 6.5 -18.65 9.15
    endloop
  endfacet
  facet normal -0.999655 -0 -0.026264
    outer loop
      vertex 6.49725 -18.65 9.25467
      vertex 6.5 -23.3575 9.15
      vertex 6.49725 -23.3583 9.25467
    endloop
  endfacet
  facet normal 0.923883 0 -0.382675
    outer loop
      vertex -6.32709 -18.65 9.96348
      vertex -6.36716 -23.3968 9.86674
      vertex -6.36716 -18.65 9.86674
    endloop
  endfacet
  facet normal 0.923883 0 -0.382675
    outer loop
      vertex -6.36716 -23.3968 9.86674
      vertex -6.32709 -18.65 9.96348
      vertex -6.32709 -23.4087 9.96348
    endloop
  endfacet
  facet normal 0.725214 0 -0.688523
    outer loop
      vertex -5.91422 -18.7351 10.5642
      vertex -5.98628 -23.4933 10.4883
      vertex -5.98628 -18.7137 10.4883
    endloop
  endfacet
  facet normal 0.725214 0 -0.688523
    outer loop
      vertex -5.98628 -23.4933 10.4883
      vertex -5.91422 -18.7351 10.5642
      vertex -5.91422 -23.5106 10.5642
    endloop
  endfacet
  facet normal 0.999655 0 -0.026264
    outer loop
      vertex -6.49725 -18.65 9.25467
      vertex -6.5 -23.3575 9.15
      vertex -6.5 -18.65 9.15
    endloop
  endfacet
  facet normal 0.999655 0 -0.026264
    outer loop
      vertex -6.5 -23.3575 9.15
      vertex -6.49725 -18.65 9.25467
      vertex -6.49725 -23.3583 9.25467
    endloop
  endfacet
  facet normal 0.958812 0 -0.284043
    outer loop
      vertex -6.40211 -18.65 9.76803
      vertex -6.43185 -23.3776 9.66764
      vertex -6.43185 -18.65 9.66764
    endloop
  endfacet
  facet normal 0.958812 0 -0.284043
    outer loop
      vertex -6.43185 -23.3776 9.66764
      vertex -6.40211 -18.65 9.76803
      vertex -6.40211 -23.3865 9.76803
    endloop
  endfacet
  facet normal 0.852664 0.00900034 -0.522383
    outer loop
      vertex -6.17734 -18.651 10.2393
      vertex -6.23206 -18.65 10.15
      vertex -6.18023 -18.65 10.2346
    endloop
  endfacet
  facet normal 0.852653 0 -0.522477
    outer loop
      vertex -6.17734 -18.651 10.2393
      vertex -6.23206 -23.4343 10.15
      vertex -6.23206 -18.65 10.15
    endloop
  endfacet
  facet normal 0.852653 0 -0.522477
    outer loop
      vertex -6.23206 -23.4343 10.15
      vertex -6.17734 -18.651 10.2393
      vertex -6.17734 -23.4475 10.2393
    endloop
  endfacet
  facet normal -0.523117 -0 -0.852261
    outer loop
      vertex 5.5 -18.8577 10.8821
      vertex 5.58928 -23.5887 10.8273
      vertex 5.5 -23.6101 10.8821
    endloop
  endfacet
  facet normal -0.523117 0 -0.852261
    outer loop
      vertex 5.58928 -23.5887 10.8273
      vertex 5.5 -18.8577 10.8821
      vertex 5.58928 -18.8313 10.8273
    endloop
  endfacet
  facet normal 0.33334 0 -0.942807
    outer loop
      vertex -5.21674 -23.6781 11.0172
      vertex -5.11803 -18.9709 11.0521
      vertex -5.11803 -23.7018 11.0521
    endloop
  endfacet
  facet normal 0.33334 0 -0.942807
    outer loop
      vertex -5.11803 -18.9709 11.0521
      vertex -5.21674 -23.6781 11.0172
      vertex -5.21674 -18.9417 11.0172
    endloop
  endfacet
  facet normal -0.649438 -0 -0.760415
    outer loop
      vertex 5.75864 -18.7811 10.7043
      vertex 5.83826 -23.5289 10.6363
      vertex 5.75864 -23.548 10.7043
    endloop
  endfacet
  facet normal -0.649438 0 -0.760415
    outer loop
      vertex 5.83826 -23.5289 10.6363
      vertex 5.75864 -18.7811 10.7043
      vertex 5.83826 -18.7576 10.6363
    endloop
  endfacet
  facet normal -0.942657 0 -0.333764
    outer loop
      vertex 6.40211 -23.3865 9.76803
      vertex 6.36716 -18.65 9.86674
      vertex 6.40211 -18.65 9.76803
    endloop
  endfacet
  facet normal -0.942657 -0 -0.333764
    outer loop
      vertex 6.36716 -18.65 9.86674
      vertex 6.40211 -23.3865 9.76803
      vertex 6.36716 -23.3968 9.86674
    endloop
  endfacet
  facet normal -0.182414 -0 -0.983222
    outer loop
      vertex 4.81287 -19.046 11.1254
      vertex 4.91582 -23.7434 11.1063
      vertex 4.81287 -23.7625 11.1254
    endloop
  endfacet
  facet normal -0.182414 0 -0.983222
    outer loop
      vertex 4.91582 -23.7434 11.1063
      vertex 4.81287 -19.046 11.1254
      vertex 4.91582 -19.0212 11.1063
    endloop
  endfacet
  facet normal 0.793093 0 -0.609101
    outer loop
      vertex -6.07218 -18.6883 10.3853
      vertex -6.11803 -23.4617 10.3256
      vertex -6.11803 -18.672 10.3256
    endloop
  endfacet
  facet normal 0.793168 -1.93427e-06 -0.609003
    outer loop
      vertex -6.05429 -18.6936 10.4086
      vertex -6.11803 -23.4617 10.3256
      vertex -6.07218 -18.6883 10.3853
    endloop
  endfacet
  facet normal 0.793114 0 -0.609073
    outer loop
      vertex -6.11803 -23.4617 10.3256
      vertex -6.05429 -18.6936 10.4086
      vertex -6.05429 -23.477 10.4086
    endloop
  endfacet
  facet normal 0.649438 0 -0.760415
    outer loop
      vertex -5.83826 -23.5289 10.6363
      vertex -5.75864 -18.7811 10.7043
      vertex -5.75864 -23.548 10.7043
    endloop
  endfacet
  facet normal 0.649438 0 -0.760415
    outer loop
      vertex -5.75864 -18.7811 10.7043
      vertex -5.83826 -23.5289 10.6363
      vertex -5.83826 -18.7576 10.6363
    endloop
  endfacet
  facet normal 0.983273 0 -0.182137
    outer loop
      vertex -6.4563 -18.65 9.56582
      vertex -6.47537 -23.3648 9.46287
      vertex -6.47537 -18.65 9.46287
    endloop
  endfacet
  facet normal 0.983273 0 -0.182137
    outer loop
      vertex -6.47537 -23.3648 9.46287
      vertex -6.4563 -18.65 9.56582
      vertex -6.4563 -23.3704 9.56582
    endloop
  endfacet
  facet normal -0.852664 0.00900034 -0.522383
    outer loop
      vertex 6.23206 -18.65 10.15
      vertex 6.17734 -18.651 10.2393
      vertex 6.18023 -18.65 10.2346
    endloop
  endfacet
  facet normal -0.852653 0 -0.522477
    outer loop
      vertex 6.23206 -23.4343 10.15
      vertex 6.17734 -18.651 10.2393
      vertex 6.23206 -18.65 10.15
    endloop
  endfacet
  facet normal -0.852653 -0 -0.522477
    outer loop
      vertex 6.17734 -18.651 10.2393
      vertex 6.23206 -23.4343 10.15
      vertex 6.17734 -23.4475 10.2393
    endloop
  endfacet
  facet normal -0.972359 0 -0.233492
    outer loop
      vertex 6.4563 -23.3704 9.56582
      vertex 6.43185 -18.65 9.66764
      vertex 6.4563 -18.65 9.56582
    endloop
  endfacet
  facet normal -0.972359 -0 -0.233492
    outer loop
      vertex 6.43185 -18.65 9.66764
      vertex 6.4563 -23.3704 9.56582
      vertex 6.43185 -23.3776 9.66764
    endloop
  endfacet
  facet normal 0.286648 0.0100317 -0.957983
    outer loop
      vertex -5.11803 -23.7018 11.0521
      vertex -5.01764 -23.7246 11.0819
      vertex -5.04186 -23.7201 11.0747
    endloop
  endfacet
  facet normal 0.284569 0 -0.958655
    outer loop
      vertex -5.01764 -23.7246 11.0819
      vertex -5.11803 -23.7018 11.0521
      vertex -5.01764 -18.9968 11.0819
    endloop
  endfacet
  facet normal 0.284186 8.90074e-06 -0.958769
    outer loop
      vertex -5.01764 -18.9968 11.0819
      vertex -5.11803 -23.7018 11.0521
      vertex -5.08579 -18.9804 11.0617
    endloop
  endfacet
  facet normal 0.285384 0 -0.958413
    outer loop
      vertex -5.08579 -18.9804 11.0617
      vertex -5.11803 -23.7018 11.0521
      vertex -5.11803 -18.9709 11.0521
    endloop
  endfacet
  facet normal -0.793093 0 -0.609101
    outer loop
      vertex 6.11803 -23.4617 10.3256
      vertex 6.07218 -18.6883 10.3853
      vertex 6.11803 -18.672 10.3256
    endloop
  endfacet
  facet normal -0.793168 -1.93427e-06 -0.609003
    outer loop
      vertex 6.11803 -23.4617 10.3256
      vertex 6.05429 -18.6936 10.4086
      vertex 6.07218 -18.6883 10.3853
    endloop
  endfacet
  facet normal -0.793114 -0 -0.609073
    outer loop
      vertex 6.05429 -18.6936 10.4086
      vertex 6.11803 -23.4617 10.3256
      vertex 6.05429 -23.477 10.4086
    endloop
  endfacet
  facet normal -0.33334 -0 -0.942807
    outer loop
      vertex 5.11803 -18.9709 11.0521
      vertex 5.21674 -23.6781 11.0172
      vertex 5.11803 -23.7018 11.0521
    endloop
  endfacet
  facet normal -0.33334 0 -0.942807
    outer loop
      vertex 5.21674 -23.6781 11.0172
      vertex 5.11803 -18.9709 11.0521
      vertex 5.21674 -18.9417 11.0172
    endloop
  endfacet
  facet normal 0.523117 0 -0.852261
    outer loop
      vertex -5.58928 -23.5887 10.8273
      vertex -5.5 -18.8577 10.8821
      vertex -5.5 -23.6101 10.8821
    endloop
  endfacet
  facet normal 0.523117 0 -0.852261
    outer loop
      vertex -5.5 -18.8577 10.8821
      vertex -5.58928 -23.5887 10.8273
      vertex -5.58928 -18.8313 10.8273
    endloop
  endfacet
  facet normal 0.76069 0 -0.649116
    outer loop
      vertex -5.98628 -18.7137 10.4883
      vertex -6.05429 -23.477 10.4086
      vertex -6.05429 -18.6936 10.4086
    endloop
  endfacet
  facet normal 0.76069 0 -0.649116
    outer loop
      vertex -6.05429 -23.477 10.4086
      vertex -5.98628 -18.7137 10.4883
      vertex -5.98628 -23.4933 10.4883
    endloop
  endfacet
  facet normal 0 -1 0
    outer loop
      vertex -6.28201 -18.65 10.058
      vertex -6.18023 -18.65 10.2346
      vertex -6.23206 -18.65 10.15
    endloop
  endfacet
  facet normal 0 -1 0
    outer loop
      vertex -6.32709 -18.65 9.96348
      vertex -6.18023 -18.65 10.2346
      vertex -6.28201 -18.65 10.058
    endloop
  endfacet
  facet normal 0 -1 0
    outer loop
      vertex -6.36716 -18.65 9.86674
      vertex -6.18023 -18.65 10.2346
      vertex -6.32709 -18.65 9.96348
    endloop
  endfacet
  facet normal 0 -1 0
    outer loop
      vertex -6.40211 -18.65 9.76803
      vertex -6.18023 -18.65 10.2346
      vertex -6.36716 -18.65 9.86674
    endloop
  endfacet
  facet normal 0 -1 0
    outer loop
      vertex -6.43185 -18.65 9.66764
      vertex -6.18023 -18.65 10.2346
      vertex -6.40211 -18.65 9.76803
    endloop
  endfacet
  facet normal 0 -1 0
    outer loop
      vertex -6.4563 -18.65 9.56582
      vertex -6.18023 -18.65 10.2346
      vertex -6.43185 -18.65 9.66764
    endloop
  endfacet
  facet normal 0 -1 0
    outer loop
      vertex -6.47537 -18.65 9.46287
      vertex -6.18023 -18.65 10.2346
      vertex -6.4563 -18.65 9.56582
    endloop
  endfacet
  facet normal 0 -1 0
    outer loop
      vertex -6.48904 -18.65 9.35906
      vertex -6.18023 -18.65 10.2346
      vertex -6.47537 -18.65 9.46287
    endloop
  endfacet
  facet normal 0 -1 0
    outer loop
      vertex -6.49725 -18.65 9.25467
      vertex -6.18023 -18.65 10.2346
      vertex -6.48904 -18.65 9.35906
    endloop
  endfacet
  facet normal 0 -1 0
    outer loop
      vertex -6.5 -18.65 9.15
      vertex -6.18023 -18.65 10.2346
      vertex -6.49725 -18.65 9.25467
    endloop
  endfacet
  facet normal 0 -1 0
    outer loop
      vertex -6.18023 -18.65 3.59999
      vertex -6.5 -18.65 9.15
      vertex -6.5 -18.65 3.59999
    endloop
  endfacet
  facet normal 0 -1 0
    outer loop
      vertex -6.5 -18.65 9.15
      vertex -6.18023 -18.65 3.59999
      vertex -6.18023 -18.65 10.2346
    endloop
  endfacet
  facet normal 0 -1 0
    outer loop
      vertex 6.18023 -18.65 10.2346
      vertex 6.28201 -18.65 10.058
      vertex 6.23206 -18.65 10.15
    endloop
  endfacet
  facet normal 0 -1 0
    outer loop
      vertex 6.18023 -18.65 10.2346
      vertex 6.32709 -18.65 9.96348
      vertex 6.28201 -18.65 10.058
    endloop
  endfacet
  facet normal 0 -1 0
    outer loop
      vertex 6.18023 -18.65 10.2346
      vertex 6.36716 -18.65 9.86674
      vertex 6.32709 -18.65 9.96348
    endloop
  endfacet
  facet normal 0 -1 0
    outer loop
      vertex 6.18023 -18.65 10.2346
      vertex 6.40211 -18.65 9.76803
      vertex 6.36716 -18.65 9.86674
    endloop
  endfacet
  facet normal 0 -1 0
    outer loop
      vertex 6.18023 -18.65 10.2346
      vertex 6.43185 -18.65 9.66764
      vertex 6.40211 -18.65 9.76803
    endloop
  endfacet
  facet normal 0 -1 0
    outer loop
      vertex 6.18023 -18.65 10.2346
      vertex 6.4563 -18.65 9.56582
      vertex 6.43185 -18.65 9.66764
    endloop
  endfacet
  facet normal 0 -1 0
    outer loop
      vertex 6.18023 -18.65 10.2346
      vertex 6.47537 -18.65 9.46287
      vertex 6.4563 -18.65 9.56582
    endloop
  endfacet
  facet normal 0 -1 0
    outer loop
      vertex 6.18023 -18.65 10.2346
      vertex 6.48904 -18.65 9.35906
      vertex 6.47537 -18.65 9.46287
    endloop
  endfacet
  facet normal 0 -1 0
    outer loop
      vertex 6.18023 -18.65 10.2346
      vertex 6.49725 -18.65 9.25467
      vertex 6.48904 -18.65 9.35906
    endloop
  endfacet
  facet normal 0 -1 0
    outer loop
      vertex 6.18023 -18.65 10.2346
      vertex 6.5 -18.65 9.15
      vertex 6.49725 -18.65 9.25467
    endloop
  endfacet
  facet normal 0 -1 0
    outer loop
      vertex 6.18023 -18.65 3.59999
      vertex 6.5 -18.65 9.15
      vertex 6.18023 -18.65 10.2346
    endloop
  endfacet
  facet normal 0 -1 -0
    outer loop
      vertex 6.5 -18.65 9.15
      vertex 6.18023 -18.65 3.59999
      vertex 6.5 -18.65 3.59999
    endloop
  endfacet
  facet normal -0.688438 -0 -0.725295
    outer loop
      vertex 5.83826 -18.7576 10.6363
      vertex 5.91422 -23.5106 10.5642
      vertex 5.83826 -23.5289 10.6363
    endloop
  endfacet
  facet normal -0.688438 0 -0.725295
    outer loop
      vertex 5.91422 -23.5106 10.5642
      vertex 5.83826 -18.7576 10.6363
      vertex 5.91422 -18.7351 10.5642
    endloop
  endfacet
  facet normal 0.476655 0 -0.87909
    outer loop
      vertex -5.5 -23.6101 10.8821
      vertex -5.40797 -18.885 10.932
      vertex -5.40797 -23.6322 10.932
    endloop
  endfacet
  facet normal 0.476655 0 -0.87909
    outer loop
      vertex -5.40797 -18.885 10.932
      vertex -5.5 -23.6101 10.8821
      vertex -5.5 -18.8577 10.8821
    endloop
  endfacet
  facet normal 0.430749 0 -0.902472
    outer loop
      vertex -5.40797 -23.6322 10.932
      vertex -5.31348 -18.913 10.9771
      vertex -5.31348 -23.6549 10.9771
    endloop
  endfacet
  facet normal 0.430749 0 -0.902472
    outer loop
      vertex -5.31348 -18.913 10.9771
      vertex -5.40797 -23.6322 10.932
      vertex -5.40797 -18.885 10.932
    endloop
  endfacet
  facet normal 0.38292 0 -0.923782
    outer loop
      vertex -5.31348 -23.6549 10.9771
      vertex -5.21674 -18.9417 11.0172
      vertex -5.21674 -23.6781 11.0172
    endloop
  endfacet
  facet normal 0.38292 0 -0.923782
    outer loop
      vertex -5.21674 -18.9417 11.0172
      vertex -5.31348 -23.6549 10.9771
      vertex -5.31348 -18.913 10.9771
    endloop
  endfacet
  facet normal 0.182414 0 -0.983222
    outer loop
      vertex -4.91582 -23.7434 11.1063
      vertex -4.81287 -19.046 11.1254
      vertex -4.81287 -23.7625 11.1254
    endloop
  endfacet
  facet normal 0.182414 0 -0.983222
    outer loop
      vertex -4.81287 -19.046 11.1254
      vertex -4.91582 -23.7434 11.1063
      vertex -4.91582 -19.0212 11.1063
    endloop
  endfacet
endsolid OpenSCAD_Model
