solid OpenSCAD_Model
  facet normal 0.0266601 -0.207827 -0.977802
    outer loop
      vertex -14.3681 -0.977442 11.9045
      vertex -14.2111 -4.88918 12.7402
      vertex -14.3681 -4.89003 12.7361
    endloop
  endfacet
  facet normal 0.0260431 -0.207854 -0.977813
    outer loop
      vertex -14.2111 -4.88918 12.7402
      vertex -14.3681 -0.977442 11.9045
      vertex -14.2111 -0.976588 11.9085
    endloop
  endfacet
  facet normal -0.566877 -0.171269 -0.805802
    outer loop
      vertex -16.1314 -4.77091 13.2966
      vertex -16.002 -0.876815 12.3779
      vertex -16.002 -4.78941 13.2095
    endloop
  endfacet
  facet normal -0.56645 -0.17135 -0.806085
    outer loop
      vertex -16.002 -0.876815 12.3779
      vertex -16.1314 -4.77091 13.2966
      vertex -16.1314 -0.858319 12.4649
    endloop
  endfacet
  facet normal -0.878916 -0.0991752 -0.466553
    outer loop
      vertex -16.9662 -0.665575 13.3717
      vertex -17.0411 -4.54947 14.3384
      vertex -17.0411 -0.636877 13.5067
    endloop
  endfacet
  facet normal -0.878916 -0.0991749 -0.466552
    outer loop
      vertex -17.0411 -4.54947 14.3384
      vertex -16.9662 -0.665575 13.3717
      vertex -16.9662 -4.57817 14.2034
    endloop
  endfacet
  facet normal -0.608378 -0.165019 -0.776302
    outer loop
      vertex -16.2561 -4.75103 13.3901
      vertex -16.1314 -0.858319 12.4649
      vertex -16.1314 -4.77091 13.2966
    endloop
  endfacet
  facet normal -0.608378 -0.165019 -0.776302
    outer loop
      vertex -16.1314 -0.858319 12.4649
      vertex -16.2561 -4.75103 13.3901
      vertex -16.2561 -0.83844 12.5584
    endloop
  endfacet
  facet normal -0.68827 -0.15084 -0.709599
    outer loop
      vertex -16.4894 -4.70735 13.5956
      vertex -16.3755 -0.817233 12.6582
      vertex -16.3755 -4.72982 13.4899
    endloop
  endfacet
  facet normal -0.688604 -0.150756 -0.709294
    outer loop
      vertex -16.3755 -0.817233 12.6582
      vertex -16.4894 -4.70735 13.5956
      vertex -16.4894 -0.794755 12.764
    endloop
  endfacet
  facet normal -0.649638 -0.158073 -0.743628
    outer loop
      vertex -16.3755 -4.72982 13.4899
      vertex -16.2561 -0.83844 12.5584
      vertex -16.2561 -4.75103 13.3901
    endloop
  endfacet
  facet normal -0.649636 -0.158074 -0.74363
    outer loop
      vertex -16.2561 -0.83844 12.5584
      vertex -16.3755 -4.72982 13.4899
      vertex -16.3755 -0.817233 12.6582
    endloop
  endfacet
  facet normal -0.818881 0.119314 0.561425
    outer loop
      vertex -15.8512 -3.6194 18.714
      vertex -15.7916 -0.178169 18.0696
      vertex -15.8093 -0.183424 18.0449
    endloop
  endfacet
  facet normal -0.819472 0.11916 0.560595
    outer loop
      vertex -15.8512 -3.6194 18.714
      vertex -15.8093 -0.183424 18.0449
      vertex -15.8512 -0.195886 17.9863
    endloop
  endfacet
  facet normal -0.819151 0.119255 0.561044
    outer loop
      vertex -15.7916 -0.178169 18.0696
      vertex -12.6354 -2.66453 23.2063
      vertex -12.6354 0.758982 22.4786
    endloop
  endfacet
  facet normal -0.819153 0.119247 0.561042
    outer loop
      vertex -15.7916 -0.178169 18.0696
      vertex -15.8512 -3.6194 18.714
      vertex -12.6354 -2.66453 23.2063
    endloop
  endfacet
  facet normal -0.477206 -0.182722 -0.859585
    outer loop
      vertex -15.8681 -4.80647 13.1293
      vertex -15.7301 -0.909459 12.2243
      vertex -15.7301 -4.82205 13.056
    endloop
  endfacet
  facet normal -0.477207 -0.182722 -0.859585
    outer loop
      vertex -15.7301 -0.909459 12.2243
      vertex -15.8681 -4.80647 13.1293
      vertex -15.8681 -0.893878 12.2976
    endloop
  endfacet
  facet normal 0.284394 -0.199316 -0.93776
    outer loop
      vertex -13.5916 -0.956189 12.0045
      vertex -13.441 -4.8595 12.8798
      vertex -13.5916 -4.86878 12.8361
    endloop
  endfacet
  facet normal 0.283816 -0.199375 -0.937922
    outer loop
      vertex -13.441 -4.8595 12.8798
      vertex -13.5916 -0.956189 12.0045
      vertex -13.441 -0.946914 12.0481
    endloop
  endfacet
  facet normal -0.760363 -0.135047 -0.635304
    outer loop
      vertex -16.5975 -0.771068 12.8754
      vertex -16.6995 -4.65883 13.8239
      vertex -16.6995 -0.746236 12.9922
    endloop
  endfacet
  facet normal -0.760361 -0.135047 -0.635305
    outer loop
      vertex -16.6995 -4.65883 13.8239
      vertex -16.5975 -0.771068 12.8754
      vertex -16.5975 -4.68366 13.7071
    endloop
  endfacet
  facet normal -0.725304 -0.143141 -0.673383
    outer loop
      vertex -16.4894 -0.794755 12.764
      vertex -16.5975 -4.68366 13.7071
      vertex -16.5975 -0.771068 12.8754
    endloop
  endfacet
  facet normal -0.725601 -0.143059 -0.67308
    outer loop
      vertex -16.5975 -4.68366 13.7071
      vertex -16.4894 -0.794755 12.764
      vertex -16.4894 -4.70735 13.5956
    endloop
  endfacet
  facet normal -0.382735 -0.192071 -0.903672
    outer loop
      vertex -15.5883 -4.83611 12.9898
      vertex -15.4432 -0.936014 12.0994
      vertex -15.4432 -4.8486 12.931
    endloop
  endfacet
  facet normal -0.382742 -0.19207 -0.903669
    outer loop
      vertex -15.4432 -0.936014 12.0994
      vertex -15.5883 -4.83611 12.9898
      vertex -15.5883 -0.923518 12.1582
    endloop
  endfacet
  facet normal -0.942486 -0.0694982 -0.326942
    outer loop
      vertex -17.1688 -0.577234 13.7873
      vertex -17.2213 -4.45904 14.7638
      vertex -17.2213 -0.546452 13.9321
    endloop
  endfacet
  facet normal -0.942485 -0.0694984 -0.326943
    outer loop
      vertex -17.2213 -4.45904 14.7638
      vertex -17.1688 -0.577234 13.7873
      vertex -17.1688 -4.48982 14.619
    endloop
  endfacet
  facet normal 0.333455 -0.196024 -0.922162
    outer loop
      vertex -13.441 -0.946914 12.0481
      vertex -13.293 -4.8486 12.931
      vertex -13.441 -4.8595 12.8798
    endloop
  endfacet
  facet normal 0.334009 -0.195961 -0.921975
    outer loop
      vertex -13.293 -4.8486 12.931
      vertex -13.441 -0.946914 12.0481
      vertex -13.293 -0.936014 12.0994
    endloop
  endfacet
  facet normal -0.18229 -0.204441 -0.961756
    outer loop
      vertex -14.9918 -4.8764 12.8003
      vertex -14.8374 -0.969763 11.9406
      vertex -14.8374 -4.88235 12.7723
    endloop
  endfacet
  facet normal -0.182291 -0.204441 -0.961756
    outer loop
      vertex -14.8374 -0.969763 11.9406
      vertex -14.9918 -4.8764 12.8003
      vertex -14.9918 -0.963812 11.9686
    endloop
  endfacet
  facet normal 0.130841 -0.206113 -0.969741
    outer loop
      vertex -14.0545 -0.974025 11.9206
      vertex -13.8988 -4.88235 12.7723
      vertex -14.0545 -4.88662 12.7522
    endloop
  endfacet
  facet normal 0.130218 -0.206154 -0.969816
    outer loop
      vertex -13.8988 -4.88235 12.7723
      vertex -14.0545 -0.974025 11.9206
      vertex -13.8988 -0.969763 11.9406
    endloop
  endfacet
  facet normal -0.430726 -0.187627 -0.882763
    outer loop
      vertex -15.7301 -4.82205 13.056
      vertex -15.5883 -0.923518 12.1582
      vertex -15.5883 -4.83611 12.9898
    endloop
  endfacet
  facet normal -0.430218 -0.187699 -0.882996
    outer loop
      vertex -15.5883 -0.923518 12.1582
      vertex -15.7301 -4.82205 13.056
      vertex -15.7301 -0.909459 12.2243
    endloop
  endfacet
  facet normal 0.382735 -0.192071 -0.903672
    outer loop
      vertex -13.293 -0.936014 12.0994
      vertex -13.1479 -4.83611 12.9898
      vertex -13.293 -4.8486 12.931
    endloop
  endfacet
  facet normal 0.382742 -0.19207 -0.903669
    outer loop
      vertex -13.1479 -4.83611 12.9898
      vertex -13.293 -0.936014 12.0994
      vertex -13.1479 -0.923518 12.1582
    endloop
  endfacet
  facet normal -0.793434 -0.126555 -0.595355
    outer loop
      vertex -16.6995 -0.746236 12.9922
      vertex -16.7951 -4.63292 13.9458
      vertex -16.7951 -0.72033 13.1141
    endloop
  endfacet
  facet normal -0.793436 -0.126554 -0.595352
    outer loop
      vertex -16.7951 -4.63292 13.9458
      vertex -16.6995 -0.746236 12.9922
      vertex -16.6995 -4.65883 13.8239
    endloop
  endfacet
  facet normal -0.958832 -0.0590452 -0.277768
    outer loop
      vertex -17.2213 -0.546452 13.9321
      vertex -17.2659 -4.42773 14.9111
      vertex -17.2659 -0.515142 14.0794
    endloop
  endfacet
  facet normal -0.958832 -0.0590452 -0.277768
    outer loop
      vertex -17.2659 -4.42773 14.9111
      vertex -17.2213 -0.546452 13.9321
      vertex -17.2213 -4.45904 14.7638
    endloop
  endfacet
  facet normal -0.991444 -0.0271381 -0.127682
    outer loop
      vertex -17.3312 -0.451281 14.3799
      vertex -17.3517 -4.3315 15.3638
      vertex -17.3517 -0.418905 14.5322
    endloop
  endfacet
  facet normal -0.991444 -0.0271384 -0.127683
    outer loop
      vertex -17.3517 -4.3315 15.3638
      vertex -17.3312 -0.451281 14.3799
      vertex -17.3312 -4.36387 15.2115
    endloop
  endfacet
  facet normal -0.823989 -0.117811 -0.554222
    outer loop
      vertex -16.7951 -0.72033 13.1141
      vertex -16.8841 -4.60601 14.0724
      vertex -16.8841 -0.693418 13.2407
    endloop
  endfacet
  facet normal -0.823988 -0.117811 -0.554223
    outer loop
      vertex -16.8841 -4.60601 14.0724
      vertex -16.7951 -0.72033 13.1141
      vertex -16.7951 -4.63292 13.9458
    endloop
  endfacet
  facet normal -0.923858 -0.0795799 -0.37437
    outer loop
      vertex -17.1087 -0.607403 13.6454
      vertex -17.1688 -4.48982 14.619
      vertex -17.1688 -0.577234 13.7873
    endloop
  endfacet
  facet normal -0.92395 -0.0795249 -0.374156
    outer loop
      vertex -17.1688 -4.48982 14.619
      vertex -17.1087 -0.607403 13.6454
      vertex -17.1087 -4.51999 14.477
    endloop
  endfacet
  facet normal -0.972469 -0.0484527 -0.227938
    outer loop
      vertex -17.2659 -0.515142 14.0794
      vertex -17.3025 -4.39598 15.0605
      vertex -17.3025 -0.483389 14.2288
    endloop
  endfacet
  facet normal -0.972469 -0.0484529 -0.227938
    outer loop
      vertex -17.3025 -4.39598 15.0605
      vertex -17.2659 -0.515142 14.0794
      vertex -17.2659 -4.42773 14.9111
    endloop
  endfacet
  facet normal -0.522223 -0.17732 -0.834171
    outer loop
      vertex -16.002 -4.78941 13.2095
      vertex -15.8681 -0.893878 12.2976
      vertex -15.8681 -4.80647 13.1293
    endloop
  endfacet
  facet normal -0.522678 -0.177241 -0.833902
    outer loop
      vertex -15.8681 -0.893878 12.2976
      vertex -16.002 -4.78941 13.2095
      vertex -16.002 -0.876815 12.3779
    endloop
  endfacet
  facet normal 0.819148 -0.119256 -0.561047
    outer loop
      vertex -7.71936 -3.37938 19.8432
      vertex -9.10727 -0.367975 17.1767
      vertex -7.71936 0.0441338 19.1155
    endloop
  endfacet
  facet normal 0.819153 -0.11925 -0.561042
    outer loop
      vertex -10.9371 -4.33481 15.3482
      vertex -9.10727 -0.367975 17.1767
      vertex -7.71936 -3.37938 19.8432
    endloop
  endfacet
  facet normal 0.819156 -0.119254 -0.561037
    outer loop
      vertex -9.10727 -0.367975 17.1767
      vertex -10.9371 -4.33481 15.3482
      vertex -10.9371 -0.911297 14.6205
    endloop
  endfacet
  facet normal 0.430726 -0.187627 -0.882763
    outer loop
      vertex -13.1479 -0.923518 12.1582
      vertex -13.0061 -4.82205 13.056
      vertex -13.1479 -4.83611 12.9898
    endloop
  endfacet
  facet normal 0.430218 -0.187699 -0.882996
    outer loop
      vertex -13.0061 -4.82205 13.056
      vertex -13.1479 -0.923518 12.1582
      vertex -13.0061 -0.909459 12.2243
    endloop
  endfacet
  facet normal -0.99693 0.0162771 0.076582
    outer loop
      vertex -17.364 -0.321063 14.9925
      vertex -17.3517 -4.2011 15.9773
      vertex -17.3517 -0.288509 15.1457
    endloop
  endfacet
  facet normal -0.996927 0.0162892 0.0766296
    outer loop
      vertex -17.3517 -4.2011 15.9773
      vertex -17.364 -0.321063 14.9925
      vertex -17.364 -4.23365 15.8242
    endloop
  endfacet
  facet normal -0.333255 -0.196039 -0.922231
    outer loop
      vertex -15.4432 -4.8486 12.931
      vertex -15.2951 -0.946914 12.0481
      vertex -15.2951 -4.8595 12.8798
    endloop
  endfacet
  facet normal -0.333808 -0.195976 -0.922044
    outer loop
      vertex -15.2951 -0.946914 12.0481
      vertex -15.4432 -4.8486 12.931
      vertex -15.4432 -0.936014 12.0994
    endloop
  endfacet
  facet normal -0.130841 -0.206113 -0.969741
    outer loop
      vertex -14.8374 -4.88235 12.7723
      vertex -14.6817 -0.974025 11.9206
      vertex -14.6817 -4.88662 12.7522
    endloop
  endfacet
  facet normal -0.130218 -0.206154 -0.969816
    outer loop
      vertex -14.6817 -0.974025 11.9206
      vertex -14.8374 -4.88235 12.7723
      vertex -14.8374 -0.969763 11.9406
    endloop
  endfacet
  facet normal -0.852555 -0.108669 -0.511215
    outer loop
      vertex -16.8841 -0.693418 13.2407
      vertex -16.9662 -4.57817 14.2034
      vertex -16.9662 -0.665575 13.3717
    endloop
  endfacet
  facet normal -0.852554 -0.108669 -0.511216
    outer loop
      vertex -16.9662 -4.57817 14.2034
      vertex -16.8841 -0.693418 13.2407
      vertex -16.8841 -4.60601 14.0724
    endloop
  endfacet
  facet normal -0.284394 -0.199316 -0.93776
    outer loop
      vertex -15.2951 -4.8595 12.8798
      vertex -15.1445 -0.956189 12.0045
      vertex -15.1445 -4.86878 12.8361
    endloop
  endfacet
  facet normal -0.283816 -0.199375 -0.937922
    outer loop
      vertex -15.1445 -0.956189 12.0045
      vertex -15.2951 -4.8595 12.8798
      vertex -15.2951 -0.946914 12.0481
    endloop
  endfacet
  facet normal -0.99693 -0.0162771 -0.076582
    outer loop
      vertex -17.3517 -0.418905 14.5322
      vertex -17.364 -4.29894 15.517
      vertex -17.364 -0.386351 14.6854
    endloop
  endfacet
  facet normal -0.99693 -0.0162769 -0.0765814
    outer loop
      vertex -17.364 -4.29894 15.517
      vertex -17.3517 -0.418905 14.5322
      vertex -17.3517 -4.3315 15.3638
    endloop
  endfacet
  facet normal -0.999659 0.00542697 0.0255302
    outer loop
      vertex -17.3681 -0.353707 14.8389
      vertex -17.364 -4.23365 15.8242
      vertex -17.364 -0.321063 14.9925
    endloop
  endfacet
  facet normal -0.999659 0.00542692 0.02553
    outer loop
      vertex -17.364 -4.23365 15.8242
      vertex -17.3681 -0.353707 14.8389
      vertex -17.3681 -4.2663 15.6706
    endloop
  endfacet
  facet normal -0.999659 -0.00543034 -0.0255461
    outer loop
      vertex -17.364 -0.386351 14.6854
      vertex -17.3681 -4.2663 15.6706
      vertex -17.3681 -0.353707 14.8389
    endloop
  endfacet
  facet normal -0.999659 -0.00542637 -0.0255305
    outer loop
      vertex -17.3681 -4.2663 15.6706
      vertex -17.364 -0.386351 14.6854
      vertex -17.364 -4.29894 15.517
    endloop
  endfacet
  facet normal -0.902669 -0.0894672 -0.420933
    outer loop
      vertex -17.0411 -0.636877 13.5067
      vertex -17.1087 -4.51999 14.477
      vertex -17.1087 -0.607403 13.6454
    endloop
  endfacet
  facet normal -0.902555 -0.089527 -0.421165
    outer loop
      vertex -17.1087 -4.51999 14.477
      vertex -17.0411 -0.636877 13.5067
      vertex -17.0411 -4.54947 14.3384
    endloop
  endfacet
  facet normal -0.233096 -0.202197 -0.951201
    outer loop
      vertex -15.1445 -4.86878 12.8361
      vertex -14.9918 -0.963812 11.9686
      vertex -14.9918 -4.8764 12.8003
    endloop
  endfacet
  facet normal -0.233688 -0.202144 -0.951066
    outer loop
      vertex -14.9918 -0.963812 11.9686
      vertex -15.1445 -4.86878 12.8361
      vertex -15.1445 -0.956189 12.0045
    endloop
  endfacet
  facet normal -3.02781e-05 -0.978148 0.207908
    outer loop
      vertex -5.63925 -0.963303 31.2099
      vertex -3.74241 -3.66063 18.52
      vertex -5.4 -0.936295 31.337
    endloop
  endfacet
  facet normal -5.72671e-07 -0.978148 0.207911
    outer loop
      vertex -2.81582 -3.69634 18.352
      vertex -5.4 -0.936295 31.337
      vertex -3.74241 -3.66063 18.52
    endloop
  endfacet
  facet normal 1.23027e-05 -0.978147 0.207913
    outer loop
      vertex 7.32126 -3.41886 19.6574
      vertex 4.94352 -0.874661 31.627
      vertex 6.45062 -3.49384 19.3047
    endloop
  endfacet
  facet normal -2.86231e-05 -0.978149 0.207905
    outer loop
      vertex 4.94352 -0.874661 31.627
      vertex 7.32126 -3.41886 19.6574
      vertex 7.71936 -3.37938 19.8432
    endloop
  endfacet
  facet normal 2.78727e-05 -0.978147 0.207917
    outer loop
      vertex -5.4 -0.936295 31.337
      vertex -2.81582 -3.69634 18.352
      vertex -5.16788 -0.906721 31.4761
    endloop
  endfacet
  facet normal -3.68277e-06 -0.978148 0.207911
    outer loop
      vertex 4.94352 -0.874661 31.627
      vertex 5.56231 -3.55924 18.997
      vertex 6.45062 -3.49384 19.3047
    endloop
  endfacet
  facet normal 6.47418e-07 -0.978147 0.207912
    outer loop
      vertex -1.88151 -3.72191 18.2317
      vertex -5.16788 -0.906721 31.4761
      vertex -2.81582 -3.69634 18.352
    endloop
  endfacet
  facet normal 3.10309e-06 -0.978148 0.207911
    outer loop
      vertex 4.94352 -0.874661 31.627
      vertex 4.65874 -3.61489 18.7352
      vertex 5.56231 -3.55924 18.997
    endloop
  endfacet
  facet normal -5.54479e-05 -0.97815 0.207899
    outer loop
      vertex -5.16788 -0.906721 31.4761
      vertex -1.88151 -3.72191 18.2317
      vertex -4.94352 -0.874661 31.627
    endloop
  endfacet
  facet normal -2.1931e-06 -0.978148 0.207911
    outer loop
      vertex 4.94352 -0.874661 31.627
      vertex 3.74241 -3.66063 18.52
      vertex 4.65874 -3.61489 18.7352
    endloop
  endfacet
  facet normal -2.34653e-06 -0.978148 0.20791
    outer loop
      vertex -0.942047 -3.73728 18.1594
      vertex -4.94352 -0.874661 31.627
      vertex -1.88151 -3.72191 18.2317
    endloop
  endfacet
  facet normal 6.69788e-07 -0.978148 0.207911
    outer loop
      vertex 4.94352 -0.874661 31.627
      vertex 2.81582 -3.69634 18.352
      vertex 3.74241 -3.66063 18.52
    endloop
  endfacet
  facet normal -7.7432e-06 -0.978148 0.207909
    outer loop
      vertex 0 -3.74241 18.1353
      vertex -4.94352 -0.874661 31.627
      vertex -0.942047 -3.73728 18.1594
    endloop
  endfacet
  facet normal -5.01974e-07 -0.978148 0.207911
    outer loop
      vertex 4.94352 -0.874661 31.627
      vertex 1.88151 -3.72191 18.2317
      vertex 2.81582 -3.69634 18.352
    endloop
  endfacet
  facet normal 0 -0.978148 0.207912
    outer loop
      vertex -4.94352 -0.874661 31.627
      vertex 0 -3.74241 18.1353
      vertex 4.94352 -0.874661 31.627
    endloop
  endfacet
  facet normal 2.34653e-06 -0.978148 0.20791
    outer loop
      vertex 4.94352 -0.874661 31.627
      vertex 0.942047 -3.73728 18.1594
      vertex 1.88151 -3.72191 18.2317
    endloop
  endfacet
  facet normal 7.7432e-06 -0.978148 0.207909
    outer loop
      vertex 4.94352 -0.874661 31.627
      vertex 0 -3.74241 18.1353
      vertex 0.942047 -3.73728 18.1594
    endloop
  endfacet
  facet normal -2.15779e-07 -0.978147 0.207912
    outer loop
      vertex 7.72785 -1.07966 30.6625
      vertex 7.71936 -3.37938 19.8432
      vertex 12.6354 -2.66453 23.2063
    endloop
  endfacet
  facet normal 3.14124e-07 -0.978148 0.207912
    outer loop
      vertex 12.9638 -4.08768 16.5109
      vertex 12.6354 -2.66453 23.2063
      vertex 7.71936 -3.37938 19.8432
    endloop
  endfacet
  facet normal -8.33773e-06 -0.978149 0.207906
    outer loop
      vertex 12.6354 -2.66453 23.2063
      vertex 15.0746 -3.76176 18.0442
      vertex 15.8512 -3.6194 18.714
    endloop
  endfacet
  facet normal 1.75102e-06 -0.978148 0.207911
    outer loop
      vertex 12.6354 -2.66453 23.2063
      vertex 14.0411 -3.93085 17.2487
      vertex 15.0746 -3.76176 18.0442
    endloop
  endfacet
  facet normal 5.18408e-06 -0.978148 0.207912
    outer loop
      vertex 12.6354 -2.66453 23.2063
      vertex 12.9638 -4.08768 16.5109
      vertex 14.0411 -3.93085 17.2487
    endloop
  endfacet
  facet normal -7.34043e-07 -0.978148 0.20791
    outer loop
      vertex 7.71936 -3.37938 19.8432
      vertex 11.8461 -4.23177 15.833
      vertex 12.9638 -4.08768 16.5109
    endloop
  endfacet
  facet normal -4.79276e-06 -0.978149 0.207906
    outer loop
      vertex 11.8461 -4.23177 15.833
      vertex 7.71936 -3.37938 19.8432
      vertex 10.9371 -4.33481 15.3482
    endloop
  endfacet
  facet normal 1.8449e-06 -0.978148 0.207911
    outer loop
      vertex -5.88497 0.987671 40.3886
      vertex -5.56231 3.55924 52.4869
      vertex -6.13649 1.00933 40.4905
    endloop
  endfacet
  facet normal -2.79166e-05 -0.978151 0.207894
    outer loop
      vertex 0 3.74241 53.3486
      vertex 7.72785 1.07966 40.8213
      vertex 8 1.08114 40.8283
    endloop
  endfacet
  facet normal 3.03267e-06 -0.978148 0.207911
    outer loop
      vertex -5.56231 3.55924 52.4869
      vertex -5.88497 0.987671 40.3886
      vertex -4.65874 3.61489 52.7487
    endloop
  endfacet
  facet normal -8.31177e-06 -0.978149 0.207906
    outer loop
      vertex 0 3.74241 53.3486
      vertex 7.45645 1.07522 40.8004
      vertex 7.72785 1.07966 40.8213
    endloop
  endfacet
  facet normal 4.65108e-05 -0.978149 0.207907
    outer loop
      vertex -5.63925 0.963303 40.2739
      vertex -4.65874 3.61489 52.7487
      vertex -5.88497 0.987671 40.3886
    endloop
  endfacet
  facet normal 4.82159e-05 -0.978142 0.207938
    outer loop
      vertex 0 3.74241 53.3486
      vertex 7.18654 1.06783 40.7657
      vertex 7.45645 1.07522 40.8004
    endloop
  endfacet
  facet normal 2.10089e-05 -0.978148 0.207909
    outer loop
      vertex -4.65874 3.61489 52.7487
      vertex -5.63925 0.963303 40.2739
      vertex -3.74241 3.66063 52.9638
    endloop
  endfacet
  facet normal -6.70676e-05 -0.978155 0.207875
    outer loop
      vertex 0 3.74241 53.3486
      vertex 6.91886 1.05752 40.7171
      vertex 7.18654 1.06783 40.7657
    endloop
  endfacet
  facet normal -5.02333e-05 -0.978146 0.207919
    outer loop
      vertex -5.4 0.936295 40.1469
      vertex -3.74241 3.66063 52.9638
      vertex -5.63925 0.963303 40.2739
    endloop
  endfacet
  facet normal 6.65563e-05 -0.97814 0.207945
    outer loop
      vertex 0 3.74241 53.3486
      vertex 6.65414 1.0443 40.655
      vertex 6.91886 1.05752 40.7171
    endloop
  endfacet
  facet normal 2.71494e-07 -0.978147 0.207913
    outer loop
      vertex -3.74241 3.66063 52.9638
      vertex -5.4 0.936295 40.1469
      vertex -2.81582 3.69634 53.1318
    endloop
  endfacet
  facet normal 2.3159e-06 -0.978147 0.207913
    outer loop
      vertex 0 3.74241 53.3486
      vertex 6.39311 1.02823 40.5794
      vertex 6.65414 1.0443 40.655
    endloop
  endfacet
  facet normal 5.30078e-05 -0.978149 0.207903
    outer loop
      vertex -5.16788 0.906721 40.0077
      vertex -2.81582 3.69634 53.1318
      vertex -5.4 0.936295 40.1469
    endloop
  endfacet
  facet normal 1.20267e-05 -0.978146 0.207918
    outer loop
      vertex 0 3.74241 53.3486
      vertex 6.13649 1.00933 40.4905
      vertex 6.39311 1.02823 40.5794
    endloop
  endfacet
  facet normal -6.47418e-07 -0.978147 0.207912
    outer loop
      vertex -2.81582 3.69634 53.1318
      vertex -5.16788 0.906721 40.0077
      vertex -1.88151 3.72191 53.2521
    endloop
  endfacet
  facet normal -1.84106e-06 -0.978148 0.207911
    outer loop
      vertex 0 3.74241 53.3486
      vertex 5.88497 0.987671 40.3886
      vertex 6.13649 1.00933 40.4905
    endloop
  endfacet
  facet normal -2.39699e-05 -0.978146 0.207918
    outer loop
      vertex -4.94352 0.874661 39.8569
      vertex -1.88151 3.72191 53.2521
      vertex -5.16788 0.906721 40.0077
    endloop
  endfacet
  facet normal -4.03684e-05 -0.978151 0.207895
    outer loop
      vertex 0 3.74241 53.3486
      vertex 5.63925 0.963303 40.2739
      vertex 5.88497 0.987671 40.3886
    endloop
  endfacet
  facet normal -2.03028e-05 -0.978146 0.207917
    outer loop
      vertex -1.88151 3.72191 53.2521
      vertex -4.94352 0.874661 39.8569
      vertex -0.942047 3.73728 53.3245
    endloop
  endfacet
  facet normal 4.45037e-05 -0.978144 0.20793
    outer loop
      vertex 0 3.74241 53.3486
      vertex 5.4 0.936295 40.1469
      vertex 5.63925 0.963303 40.2739
    endloop
  endfacet
  facet normal 7.7432e-06 -0.978148 0.207909
    outer loop
      vertex -0.942047 3.73728 53.3245
      vertex -4.94352 0.874661 39.8569
      vertex 0 3.74241 53.3486
    endloop
  endfacet
  facet normal -4.71977e-05 -0.978151 0.207894
    outer loop
      vertex 0 3.74241 53.3486
      vertex 5.16788 0.906721 40.0077
      vertex 5.4 0.936295 40.1469
    endloop
  endfacet
  facet normal -5.63234e-06 -0.978147 0.207914
    outer loop
      vertex -4.72753 0.840204 39.6948
      vertex 0 3.74241 53.3486
      vertex -4.94352 0.874661 39.8569
    endloop
  endfacet
  facet normal 2.26492e-05 -0.978146 0.20792
    outer loop
      vertex 0 3.74241 53.3486
      vertex 4.94352 0.874661 39.8569
      vertex 5.16788 0.906721 40.0077
    endloop
  endfacet
  facet normal 0 -0.978148 0.207912
    outer loop
      vertex 4.72753 0.840204 39.6948
      vertex 0 3.74241 53.3486
      vertex -4.72753 0.840204 39.6948
    endloop
  endfacet
  facet normal 5.63234e-06 -0.978147 0.207914
    outer loop
      vertex 0 3.74241 53.3486
      vertex 4.72753 0.840204 39.6948
      vertex 4.94352 0.874661 39.8569
    endloop
  endfacet
  facet normal 0 -0.978162 0.207845
    outer loop
      vertex -4.52052 0.803444 39.5218
      vertex 4.72753 0.840204 39.6948
      vertex -4.72753 0.840204 39.6948
    endloop
  endfacet
  facet normal 0 -0.978162 0.207845
    outer loop
      vertex -4.52052 0.803444 39.5218
      vertex 4.52052 0.803444 39.5218
      vertex 4.72753 0.840204 39.6948
    endloop
  endfacet
  facet normal 0 -0.978147 0.207914
    outer loop
      vertex -4.32304 0.764482 39.3385
      vertex 4.52052 0.803444 39.5218
      vertex -4.52052 0.803444 39.5218
    endloop
  endfacet
  facet normal 0 -0.978147 0.207914
    outer loop
      vertex -4.32304 0.764482 39.3385
      vertex 4.32304 0.764482 39.3385
      vertex 4.52052 0.803444 39.5218
    endloop
  endfacet
  facet normal 0 -0.978134 0.207976
    outer loop
      vertex -4.13565 0.723424 39.1454
      vertex 4.32304 0.764482 39.3385
      vertex -4.32304 0.764482 39.3385
    endloop
  endfacet
  facet normal 0 -0.978134 0.207976
    outer loop
      vertex -4.13565 0.723424 39.1454
      vertex 4.13565 0.723424 39.1454
      vertex 4.32304 0.764482 39.3385
    endloop
  endfacet
  facet normal 0 -0.97815 0.207899
    outer loop
      vertex -3.95884 0.680384 38.9429
      vertex 4.13565 0.723424 39.1454
      vertex -4.13565 0.723424 39.1454
    endloop
  endfacet
  facet normal 0 -0.97815 0.207899
    outer loop
      vertex -3.95884 0.680384 38.9429
      vertex 3.95884 0.680384 38.9429
      vertex 4.13565 0.723424 39.1454
    endloop
  endfacet
  facet normal 0 -0.978155 0.207875
    outer loop
      vertex -3.79311 0.635479 38.7316
      vertex 3.95884 0.680384 38.9429
      vertex -3.95884 0.680384 38.9429
    endloop
  endfacet
  facet normal 0 -0.978155 0.207875
    outer loop
      vertex -3.79311 0.635479 38.7316
      vertex 3.79311 0.635479 38.7316
      vertex 3.95884 0.680384 38.9429
    endloop
  endfacet
  facet normal 0 -0.978136 0.207968
    outer loop
      vertex -3.63891 0.588831 38.5122
      vertex 3.79311 0.635479 38.7316
      vertex -3.79311 0.635479 38.7316
    endloop
  endfacet
  facet normal 0 -0.978136 0.207968
    outer loop
      vertex -3.63891 0.588831 38.5122
      vertex 3.63891 0.588831 38.5122
      vertex 3.79311 0.635479 38.7316
    endloop
  endfacet
  facet normal 0 -0.978157 0.207868
    outer loop
      vertex -3.49667 0.54057 38.2851
      vertex 3.63891 0.588831 38.5122
      vertex -3.63891 0.588831 38.5122
    endloop
  endfacet
  facet normal 0 -0.978157 0.207868
    outer loop
      vertex -3.49667 0.54057 38.2851
      vertex 3.49667 0.54057 38.2851
      vertex 3.63891 0.588831 38.5122
    endloop
  endfacet
  facet normal 0 -0.978144 0.207927
    outer loop
      vertex -3.36677 0.490828 38.0511
      vertex 3.49667 0.54057 38.2851
      vertex -3.49667 0.54057 38.2851
    endloop
  endfacet
  facet normal 0 -0.978144 0.207927
    outer loop
      vertex -3.36677 0.490828 38.0511
      vertex 3.36677 0.490828 38.0511
      vertex 3.49667 0.54057 38.2851
    endloop
  endfacet
  facet normal 0 -0.978156 0.20787
    outer loop
      vertex -3.24956 0.43974 37.8107
      vertex 3.36677 0.490828 38.0511
      vertex -3.36677 0.490828 38.0511
    endloop
  endfacet
  facet normal 0 -0.978156 0.20787
    outer loop
      vertex -3.24956 0.43974 37.8107
      vertex 3.24956 0.43974 37.8107
      vertex 3.36677 0.490828 38.0511
    endloop
  endfacet
  facet normal 0 -0.978143 0.207931
    outer loop
      vertex -3.14538 0.387446 37.5647
      vertex 3.24956 0.43974 37.8107
      vertex -3.24956 0.43974 37.8107
    endloop
  endfacet
  facet normal 0 -0.978143 0.207931
    outer loop
      vertex -3.14538 0.387446 37.5647
      vertex 3.14538 0.387446 37.5647
      vertex 3.24956 0.43974 37.8107
    endloop
  endfacet
  facet normal 0 -0.978145 0.207924
    outer loop
      vertex -3.05451 0.334091 37.3137
      vertex 3.14538 0.387446 37.5647
      vertex -3.14538 0.387446 37.5647
    endloop
  endfacet
  facet normal 0 -0.978145 0.207924
    outer loop
      vertex -3.05451 0.334091 37.3137
      vertex 3.05451 0.334091 37.3137
      vertex 3.14538 0.387446 37.5647
    endloop
  endfacet
  facet normal 0 -0.978143 0.207931
    outer loop
      vertex -2.97719 0.27982 37.0584
      vertex 3.05451 0.334091 37.3137
      vertex -3.05451 0.334091 37.3137
    endloop
  endfacet
  facet normal 0 -0.978143 0.207931
    outer loop
      vertex -2.97719 0.27982 37.0584
      vertex 2.97719 0.27982 37.0584
      vertex 3.05451 0.334091 37.3137
    endloop
  endfacet
  facet normal 0 -0.978158 0.207861
    outer loop
      vertex -2.91363 0.224782 36.7994
      vertex 2.97719 0.27982 37.0584
      vertex -2.97719 0.27982 37.0584
    endloop
  endfacet
  facet normal 0 -0.978158 0.207861
    outer loop
      vertex -2.91363 0.224782 36.7994
      vertex 2.91363 0.224782 36.7994
      vertex 2.97719 0.27982 37.0584
    endloop
  endfacet
  facet normal 0 -0.978143 0.207936
    outer loop
      vertex -2.86402 0.169128 36.5376
      vertex 2.91363 0.224782 36.7994
      vertex -2.91363 0.224782 36.7994
    endloop
  endfacet
  facet normal 0 -0.978143 0.207936
    outer loop
      vertex -2.86402 0.169128 36.5376
      vertex 2.86402 0.169128 36.5376
      vertex 2.91363 0.224782 36.7994
    endloop
  endfacet
  facet normal 0 -0.978145 0.207923
    outer loop
      vertex -2.82849 0.11301 36.2736
      vertex 2.86402 0.169128 36.5376
      vertex -2.86402 0.169128 36.5376
    endloop
  endfacet
  facet normal 0 -0.978145 0.207923
    outer loop
      vertex -2.82849 0.11301 36.2736
      vertex 2.82849 0.11301 36.2736
      vertex 2.86402 0.169128 36.5376
    endloop
  endfacet
  facet normal 0 -0.978152 0.20789
    outer loop
      vertex -2.80713 0.0565824 36.0081
      vertex 2.82849 0.11301 36.2736
      vertex -2.82849 0.11301 36.2736
    endloop
  endfacet
  facet normal 0 -0.978152 0.20789
    outer loop
      vertex -2.80713 0.0565824 36.0081
      vertex 2.80713 0.0565824 36.0081
      vertex 2.82849 0.11301 36.2736
    endloop
  endfacet
  facet normal 0 -0.978148 0.207911
    outer loop
      vertex -2.8 0 35.7419
      vertex 2.80713 0.0565824 36.0081
      vertex -2.80713 0.0565824 36.0081
    endloop
  endfacet
  facet normal 0 -0.978148 0.207911
    outer loop
      vertex -2.8 0 35.7419
      vertex 2.8 0 35.7419
      vertex 2.80713 0.0565824 36.0081
    endloop
  endfacet
  facet normal 0 -0.978148 0.207911
    outer loop
      vertex -2.80713 -0.0565824 35.4757
      vertex 2.8 0 35.7419
      vertex -2.8 0 35.7419
    endloop
  endfacet
  facet normal 0 -0.978148 0.207911
    outer loop
      vertex -2.80713 -0.0565824 35.4757
      vertex 2.80713 -0.0565824 35.4757
      vertex 2.8 0 35.7419
    endloop
  endfacet
  facet normal 0 -0.978136 0.207965
    outer loop
      vertex -2.82849 -0.11301 35.2103
      vertex 2.80713 -0.0565824 35.4757
      vertex -2.80713 -0.0565824 35.4757
    endloop
  endfacet
  facet normal 0 -0.978136 0.207965
    outer loop
      vertex -2.82849 -0.11301 35.2103
      vertex 2.82849 -0.11301 35.2103
      vertex 2.80713 -0.0565824 35.4757
    endloop
  endfacet
  facet normal 0 -0.978145 0.207923
    outer loop
      vertex -2.86402 -0.169128 34.9463
      vertex 2.82849 -0.11301 35.2103
      vertex -2.82849 -0.11301 35.2103
    endloop
  endfacet
  facet normal 0 -0.978145 0.207923
    outer loop
      vertex -2.86402 -0.169128 34.9463
      vertex 2.86402 -0.169128 34.9463
      vertex 2.82849 -0.11301 35.2103
    endloop
  endfacet
  facet normal 0 -0.978159 0.20786
    outer loop
      vertex -2.91363 -0.224782 34.6844
      vertex 2.86402 -0.169128 34.9463
      vertex -2.86402 -0.169128 34.9463
    endloop
  endfacet
  facet normal 0 -0.978159 0.20786
    outer loop
      vertex -2.91363 -0.224782 34.6844
      vertex 2.91363 -0.224782 34.6844
      vertex 2.86402 -0.169128 34.9463
    endloop
  endfacet
  facet normal 0 -0.978142 0.207937
    outer loop
      vertex -2.97719 -0.27982 34.4255
      vertex 2.91363 -0.224782 34.6844
      vertex -2.91363 -0.224782 34.6844
    endloop
  endfacet
  facet normal 0 -0.978142 0.207937
    outer loop
      vertex -2.97719 -0.27982 34.4255
      vertex 2.97719 -0.27982 34.4255
      vertex 2.91363 -0.224782 34.6844
    endloop
  endfacet
  facet normal 0 -0.978143 0.207931
    outer loop
      vertex -3.05451 -0.334091 34.1702
      vertex 2.97719 -0.27982 34.4255
      vertex -2.97719 -0.27982 34.4255
    endloop
  endfacet
  facet normal 0 -0.978143 0.207931
    outer loop
      vertex -3.05451 -0.334091 34.1702
      vertex 3.05451 -0.334091 34.1702
      vertex 2.97719 -0.27982 34.4255
    endloop
  endfacet
  facet normal 0 -0.978162 0.207845
    outer loop
      vertex -3.14538 -0.387446 33.9191
      vertex 3.05451 -0.334091 34.1702
      vertex -3.05451 -0.334091 34.1702
    endloop
  endfacet
  facet normal 0 -0.978162 0.207845
    outer loop
      vertex -3.14538 -0.387446 33.9191
      vertex 3.14538 -0.387446 33.9191
      vertex 3.05451 -0.334091 34.1702
    endloop
  endfacet
  facet normal 0 -0.978143 0.207931
    outer loop
      vertex -3.24956 -0.43974 33.6731
      vertex 3.14538 -0.387446 33.9191
      vertex -3.14538 -0.387446 33.9191
    endloop
  endfacet
  facet normal 0 -0.978143 0.207931
    outer loop
      vertex -3.24956 -0.43974 33.6731
      vertex 3.24956 -0.43974 33.6731
      vertex 3.14538 -0.387446 33.9191
    endloop
  endfacet
  facet normal 0 -0.978139 0.207953
    outer loop
      vertex -3.36677 -0.490828 33.4328
      vertex 3.24956 -0.43974 33.6731
      vertex -3.24956 -0.43974 33.6731
    endloop
  endfacet
  facet normal 0 -0.978139 0.207953
    outer loop
      vertex -3.36677 -0.490828 33.4328
      vertex 3.36677 -0.490828 33.4328
      vertex 3.24956 -0.43974 33.6731
    endloop
  endfacet
  facet normal 0 -0.978162 0.207842
    outer loop
      vertex -3.49667 -0.54057 33.1987
      vertex 3.36677 -0.490828 33.4328
      vertex -3.36677 -0.490828 33.4328
    endloop
  endfacet
  facet normal 0 -0.978162 0.207842
    outer loop
      vertex -3.49667 -0.54057 33.1987
      vertex 3.49667 -0.54057 33.1987
      vertex 3.36677 -0.490828 33.4328
    endloop
  endfacet
  facet normal 0 -0.978138 0.207956
    outer loop
      vertex -3.63891 -0.588831 32.9717
      vertex 3.49667 -0.54057 33.1987
      vertex -3.49667 -0.54057 33.1987
    endloop
  endfacet
  facet normal 0 -0.978138 0.207956
    outer loop
      vertex -3.63891 -0.588831 32.9717
      vertex 3.63891 -0.588831 32.9717
      vertex 3.49667 -0.54057 33.1987
    endloop
  endfacet
  facet normal 0 -0.978155 0.207877
    outer loop
      vertex -3.79311 -0.635479 32.7522
      vertex 3.63891 -0.588831 32.9717
      vertex -3.63891 -0.588831 32.9717
    endloop
  endfacet
  facet normal 0 -0.978155 0.207877
    outer loop
      vertex -3.79311 -0.635479 32.7522
      vertex 3.79311 -0.635479 32.7522
      vertex 3.63891 -0.588831 32.9717
    endloop
  endfacet
  facet normal 0 -0.978135 0.20797
    outer loop
      vertex -3.95884 -0.680384 32.541
      vertex 3.79311 -0.635479 32.7522
      vertex -3.79311 -0.635479 32.7522
    endloop
  endfacet
  facet normal 0 -0.978135 0.20797
    outer loop
      vertex -3.95884 -0.680384 32.541
      vertex 3.95884 -0.680384 32.541
      vertex 3.79311 -0.635479 32.7522
    endloop
  endfacet
  facet normal 0 -0.97815 0.207899
    outer loop
      vertex -4.13565 -0.723424 32.3385
      vertex 3.95884 -0.680384 32.541
      vertex -3.95884 -0.680384 32.541
    endloop
  endfacet
  facet normal 0 -0.97815 0.207899
    outer loop
      vertex -4.13565 -0.723424 32.3385
      vertex 4.13565 -0.723424 32.3385
      vertex 3.95884 -0.680384 32.541
    endloop
  endfacet
  facet normal 0 -0.978156 0.207873
    outer loop
      vertex -4.32304 -0.764482 32.1453
      vertex 4.13565 -0.723424 32.3385
      vertex -4.13565 -0.723424 32.3385
    endloop
  endfacet
  facet normal 0 -0.978156 0.207873
    outer loop
      vertex -4.32304 -0.764482 32.1453
      vertex 4.32304 -0.764482 32.1453
      vertex 4.13565 -0.723424 32.3385
    endloop
  endfacet
  facet normal 0 -0.978147 0.207914
    outer loop
      vertex -4.52052 -0.803444 31.962
      vertex 4.32304 -0.764482 32.1453
      vertex -4.32304 -0.764482 32.1453
    endloop
  endfacet
  facet normal 0 -0.978147 0.207914
    outer loop
      vertex -4.52052 -0.803444 31.962
      vertex 4.52052 -0.803444 31.962
      vertex 4.32304 -0.764482 32.1453
    endloop
  endfacet
  facet normal 0 -0.978137 0.20796
    outer loop
      vertex -4.72753 -0.840204 31.7891
      vertex 4.52052 -0.803444 31.962
      vertex -4.52052 -0.803444 31.962
    endloop
  endfacet
  facet normal 0 -0.978137 0.20796
    outer loop
      vertex -4.72753 -0.840204 31.7891
      vertex 4.72753 -0.840204 31.7891
      vertex 4.52052 -0.803444 31.962
    endloop
  endfacet
  facet normal 0 -0.978146 0.207921
    outer loop
      vertex -4.94352 -0.874661 31.627
      vertex 4.72753 -0.840204 31.7891
      vertex -4.72753 -0.840204 31.7891
    endloop
  endfacet
  facet normal 0 -0.978146 0.207921
    outer loop
      vertex -4.94352 -0.874661 31.627
      vertex 4.94352 -0.874661 31.627
      vertex 4.72753 -0.840204 31.7891
    endloop
  endfacet
  facet normal -3.03267e-06 -0.978148 0.207911
    outer loop
      vertex -4.65874 -3.61489 18.7352
      vertex -5.88497 -0.987671 31.0953
      vertex -5.56231 -3.55924 18.997
    endloop
  endfacet
  facet normal 3.43588e-05 -0.978147 0.207915
    outer loop
      vertex -5.88497 -0.987671 31.0953
      vertex -4.65874 -3.61489 18.7352
      vertex -5.63925 -0.963303 31.2099
    endloop
  endfacet
  facet normal -1.8449e-06 -0.978148 0.207911
    outer loop
      vertex -6.13649 -1.00933 30.9934
      vertex -5.56231 -3.55924 18.997
      vertex -5.88497 -0.987671 31.0953
    endloop
  endfacet
  facet normal 2.50592e-06 -0.978147 0.207912
    outer loop
      vertex -3.74241 -3.66063 18.52
      vertex -5.63925 -0.963303 31.2099
      vertex -4.65874 -3.61489 18.7352
    endloop
  endfacet
  facet normal 3.98984e-06 -0.978148 0.207912
    outer loop
      vertex -5.56231 -3.55924 18.997
      vertex -6.13649 -1.00933 30.9934
      vertex -6.45062 -3.49384 19.3047
    endloop
  endfacet
  facet normal 7.62618e-05 -0.978144 0.207928
    outer loop
      vertex 4.94352 -0.874661 31.627
      vertex 7.71936 -3.37938 19.8432
      vertex 5.16788 -0.906721 31.4761
    endloop
  endfacet
  facet normal 1.43156e-05 -0.978148 0.207911
    outer loop
      vertex -6.39311 -1.02823 30.9045
      vertex -6.45062 -3.49384 19.3047
      vertex -6.13649 -1.00933 30.9934
    endloop
  endfacet
  facet normal -3.52493e-05 -0.978149 0.207905
    outer loop
      vertex 5.16788 -0.906721 31.4761
      vertex 7.71936 -3.37938 19.8432
      vertex 5.4 -0.936295 31.337
    endloop
  endfacet
  facet normal -1.27935e-05 -0.978148 0.207911
    outer loop
      vertex -6.45062 -3.49384 19.3047
      vertex -6.39311 -1.02823 30.9045
      vertex -7.32126 -3.41886 19.6574
    endloop
  endfacet
  facet normal 3.6476e-05 -0.978146 0.207919
    outer loop
      vertex 5.4 -0.936295 31.337
      vertex 7.71936 -3.37938 19.8432
      vertex 5.63925 -0.963303 31.2099
    endloop
  endfacet
  facet normal 3.16382e-06 -0.978148 0.20791
    outer loop
      vertex -6.65414 -1.0443 30.8289
      vertex -7.32126 -3.41886 19.6574
      vertex -6.39311 -1.02823 30.9045
    endloop
  endfacet
  facet normal -3.8795e-05 -0.978149 0.207906
    outer loop
      vertex 5.63925 -0.963303 31.2099
      vertex 7.71936 -3.37938 19.8432
      vertex 5.88497 -0.987671 31.0953
    endloop
  endfacet
  facet normal 3.0476e-05 -0.978148 0.207909
    outer loop
      vertex -7.32126 -3.41886 19.6574
      vertex -6.65414 -1.0443 30.8289
      vertex -7.71936 -3.37938 19.8432
    endloop
  endfacet
  facet normal 2.18825e-06 -0.978148 0.207912
    outer loop
      vertex 5.88497 -0.987671 31.0953
      vertex 7.71936 -3.37938 19.8432
      vertex 6.13649 -1.00933 30.9934
    endloop
  endfacet
  facet normal -3.79367e-06 -0.978148 0.207912
    outer loop
      vertex -7.71936 -3.37938 19.8432
      vertex -6.65414 -1.0443 30.8289
      vertex -6.91886 -1.05752 30.7667
    endloop
  endfacet
  facet normal -1.48611e-05 -0.978148 0.20791
    outer loop
      vertex 7.71936 -3.37938 19.8432
      vertex 6.39311 -1.02823 30.9045
      vertex 6.13649 -1.00933 30.9934
    endloop
  endfacet
  facet normal 3.7547e-06 -0.978148 0.207911
    outer loop
      vertex -7.71936 -3.37938 19.8432
      vertex -6.91886 -1.05752 30.7667
      vertex -7.18654 -1.06783 30.7182
    endloop
  endfacet
  facet normal -2.86067e-06 -0.978148 0.207911
    outer loop
      vertex 7.71936 -3.37938 19.8432
      vertex 6.65414 -1.0443 30.8289
      vertex 6.39311 -1.02823 30.9045
    endloop
  endfacet
  facet normal -2.53832e-05 -0.978147 0.207913
    outer loop
      vertex -7.71936 -3.37938 19.8432
      vertex -7.18654 -1.06783 30.7182
      vertex -7.45645 -1.07522 30.6834
    endloop
  endfacet
  facet normal 3.79367e-06 -0.978148 0.207912
    outer loop
      vertex 7.71936 -3.37938 19.8432
      vertex 6.91886 -1.05752 30.7667
      vertex 6.65414 -1.0443 30.8289
    endloop
  endfacet
  facet normal -8.81238e-06 -0.978147 0.207912
    outer loop
      vertex -7.71936 -3.37938 19.8432
      vertex -7.45645 -1.07522 30.6834
      vertex -7.72785 -1.07966 30.6625
    endloop
  endfacet
  facet normal -3.7547e-06 -0.978148 0.207911
    outer loop
      vertex 7.71936 -3.37938 19.8432
      vertex 7.18654 -1.06783 30.7182
      vertex 6.91886 -1.05752 30.7667
    endloop
  endfacet
  facet normal 4.88125e-05 -0.978154 0.207882
    outer loop
      vertex -12.6354 -2.66453 23.2063
      vertex -7.72785 -1.07966 30.6625
      vertex -8 -1.08114 30.6556
    endloop
  endfacet
  facet normal 2.53832e-05 -0.978147 0.207913
    outer loop
      vertex 7.71936 -3.37938 19.8432
      vertex 7.45645 -1.07522 30.6834
      vertex 7.18654 -1.06783 30.7182
    endloop
  endfacet
  facet normal -1.43156e-05 -0.978148 0.207911
    outer loop
      vertex -6.13649 1.00933 40.4905
      vertex -6.45062 3.49384 52.1792
      vertex -6.39311 1.02823 40.5794
    endloop
  endfacet
  facet normal -1.10389e-05 -0.978148 0.207911
    outer loop
      vertex -7.32126 3.41886 51.8264
      vertex -6.39311 1.02823 40.5794
      vertex -6.45062 3.49384 52.1792
    endloop
  endfacet
  facet normal -3.98984e-06 -0.978148 0.207912
    outer loop
      vertex -6.45062 3.49384 52.1792
      vertex -6.13649 1.00933 40.4905
      vertex -5.56231 3.55924 52.4869
    endloop
  endfacet
  facet normal -2.61532e-06 -0.978148 0.207912
    outer loop
      vertex -6.39311 1.02823 40.5794
      vertex -7.32126 3.41886 51.8264
      vertex -6.65414 1.0443 40.655
    endloop
  endfacet
  facet normal -7.80131e-06 -0.978149 0.207907
    outer loop
      vertex 0 3.74241 53.3486
      vertex 8 1.08114 40.8283
      vertex 0.942047 3.73728 53.3245
    endloop
  endfacet
  facet normal 8.23057e-06 -0.978147 0.207913
    outer loop
      vertex -8.17183 3.33451 51.4296
      vertex -6.65414 1.0443 40.655
      vertex -7.32126 3.41886 51.8264
    endloop
  endfacet
  facet normal 2.07274e-05 -0.978145 0.207922
    outer loop
      vertex 0.942047 3.73728 53.3245
      vertex 8 1.08114 40.8283
      vertex 1.88151 3.72191 53.2521
    endloop
  endfacet
  facet normal -7.73762e-05 -0.97815 0.207901
    outer loop
      vertex -6.65414 1.0443 40.655
      vertex -8.17183 3.33451 51.4296
      vertex -6.91886 1.05752 40.7171
    endloop
  endfacet
  facet normal 7.25628e-07 -0.978147 0.207913
    outer loop
      vertex 1.88151 3.72191 53.2521
      vertex 8 1.08114 40.8283
      vertex 2.81582 3.69634 53.1318
    endloop
  endfacet
  facet normal -1.41461e-05 -0.978148 0.207908
    outer loop
      vertex -9 3.24102 50.9897
      vertex -6.91886 1.05752 40.7171
      vertex -8.17183 3.33451 51.4296
    endloop
  endfacet
  facet normal -4.07354e-07 -0.978147 0.207912
    outer loop
      vertex 2.81582 3.69634 53.1318
      vertex 8 1.08114 40.8283
      vertex 3.74241 3.66063 52.9638
    endloop
  endfacet
  facet normal 7.6665e-05 -0.978145 0.207926
    outer loop
      vertex -6.91886 1.05752 40.7171
      vertex -9 3.24102 50.9897
      vertex -7.18654 1.06783 40.7657
    endloop
  endfacet
  facet normal -2.19963e-05 -0.978149 0.207905
    outer loop
      vertex 3.74241 3.66063 52.9638
      vertex 8 1.08114 40.8283
      vertex 4.65874 3.61489 52.7487
    endloop
  endfacet
  facet normal -5.28378e-05 -0.978149 0.207904
    outer loop
      vertex -7.18654 1.06783 40.7657
      vertex -9 3.24102 50.9897
      vertex -7.45645 1.07522 40.8004
    endloop
  endfacet
  facet normal -3.411e-06 -0.978148 0.20791
    outer loop
      vertex 4.65874 3.61489 52.7487
      vertex 8 1.08114 40.8283
      vertex 5.56231 3.55924 52.4869
    endloop
  endfacet
  facet normal 3.21589e-06 -0.978148 0.207912
    outer loop
      vertex -9.8035 3.13865 50.5081
      vertex -7.45645 1.07522 40.8004
      vertex -9 3.24102 50.9897
    endloop
  endfacet
  facet normal 3.96396e-06 -0.978148 0.207912
    outer loop
      vertex 5.56231 3.55924 52.4869
      vertex 8 1.08114 40.8283
      vertex 6.45062 3.49384 52.1792
    endloop
  endfacet
  facet normal 8.88975e-06 -0.978147 0.207913
    outer loop
      vertex -7.45645 1.07522 40.8004
      vertex -9.8035 3.13865 50.5081
      vertex -7.72785 1.07966 40.8213
    endloop
  endfacet
  facet normal 1.15331e-05 -0.978147 0.207913
    outer loop
      vertex 6.45062 3.49384 52.1792
      vertex 8 1.08114 40.8283
      vertex 7.32126 3.41886 51.8264
    endloop
  endfacet
  facet normal 4.81717e-06 -0.978147 0.207912
    outer loop
      vertex -10.5801 3.02767 49.986
      vertex -7.72785 1.07966 40.8213
      vertex -9.8035 3.13865 50.5081
    endloop
  endfacet
  facet normal -8.87557e-06 -0.978148 0.207911
    outer loop
      vertex 7.32126 3.41886 51.8264
      vertex 8 1.08114 40.8283
      vertex 8.17183 3.33451 51.4296
    endloop
  endfacet
  facet normal 2.85884e-05 -0.978146 0.207919
    outer loop
      vertex -7.72785 1.07966 40.8213
      vertex -10.5801 3.02767 49.986
      vertex -8 1.08114 40.8283
    endloop
  endfacet
  facet normal 1.56771e-05 -0.978148 0.207911
    outer loop
      vertex 8.17183 3.33451 51.4296
      vertex 8 1.08114 40.8283
      vertex 9 3.24102 50.9897
    endloop
  endfacet
  facet normal 4.82252e-06 -0.978147 0.207913
    outer loop
      vertex -8 1.08114 40.8283
      vertex -10.5801 3.02767 49.986
      vertex -11.3278 2.9084 49.4249
    endloop
  endfacet
  facet normal -2.75017e-06 -0.978147 0.207913
    outer loop
      vertex 9 3.24102 50.9897
      vertex 8 1.08114 40.8283
      vertex 9.8035 3.13865 50.5081
    endloop
  endfacet
  facet normal -7.16205e-06 -0.978148 0.207908
    outer loop
      vertex -8.27215 1.07966 40.8213
      vertex -11.3278 2.9084 49.4249
      vertex -12.0444 2.78115 48.8262
    endloop
  endfacet
  facet normal -4.42106e-06 -0.978147 0.207913
    outer loop
      vertex 9.8035 3.13865 50.5081
      vertex 8 1.08114 40.8283
      vertex 10.5801 3.02767 49.986
    endloop
  endfacet
  facet normal 2.3414e-06 -0.978147 0.207913
    outer loop
      vertex -8.81346 1.06783 40.7657
      vertex -12.0444 2.78115 48.8262
      vertex -12.7279 2.64628 48.1917
    endloop
  endfacet
  facet normal -4.82252e-06 -0.978147 0.207913
    outer loop
      vertex 10.5801 3.02767 49.986
      vertex 8 1.08114 40.8283
      vertex 11.3278 2.9084 49.4249
    endloop
  endfacet
  facet normal 6.06943e-06 -0.978147 0.207913
    outer loop
      vertex -9.08114 1.05752 40.7171
      vertex -12.7279 2.64628 48.1917
      vertex -13.3766 2.50416 47.5231
    endloop
  endfacet
  facet normal 2.80886e-05 -0.97815 0.207901
    outer loop
      vertex 8.27215 1.07966 40.8213
      vertex 11.3278 2.9084 49.4249
      vertex 8 1.08114 40.8283
    endloop
  endfacet
  facet normal -8.81783e-07 -0.978148 0.207911
    outer loop
      vertex -9.34586 1.0443 40.655
      vertex -13.3766 2.50416 47.5231
      vertex -13.9886 2.35518 46.8222
    endloop
  endfacet
  facet normal 7.16205e-06 -0.978148 0.207908
    outer loop
      vertex 11.3278 2.9084 49.4249
      vertex 8.27215 1.07966 40.8213
      vertex 12.0444 2.78115 48.8262
    endloop
  endfacet
  facet normal 6.27563e-06 -0.978147 0.207916
    outer loop
      vertex -9.86351 1.00933 40.4905
      vertex -13.9886 2.35518 46.8222
      vertex -14.5623 2.19973 46.0909
    endloop
  endfacet
  facet normal 8.42217e-06 -0.978149 0.207907
    outer loop
      vertex 8.54355 1.07522 40.8004
      vertex 12.0444 2.78115 48.8262
      vertex 8.27215 1.07966 40.8213
    endloop
  endfacet
  facet normal -6.6176e-06 -0.978149 0.207905
    outer loop
      vertex -10.3608 0.963303 40.2739
      vertex -14.5623 2.19973 46.0909
      vertex -15.0961 2.03826 45.3312
    endloop
  endfacet
  facet normal -4.9123e-05 -0.978143 0.207931
    outer loop
      vertex 8.81346 1.06783 40.7657
      vertex 12.0444 2.78115 48.8262
      vertex 8.54355 1.07522 40.8004
    endloop
  endfacet
  facet normal 4.85599e-07 -0.978147 0.207914
    outer loop
      vertex -10.6 0.936295 40.1469
      vertex -15.0961 2.03826 45.3312
      vertex -15.5885 1.87121 44.5453
    endloop
  endfacet
  facet normal -2.3414e-06 -0.978147 0.207913
    outer loop
      vertex 12.0444 2.78115 48.8262
      vertex 8.81346 1.06783 40.7657
      vertex 12.7279 2.64628 48.1917
    endloop
  endfacet
  facet normal -1.48076e-06 -0.978148 0.20791
    outer loop
      vertex -11.0565 0.874661 39.8569
      vertex -15.5885 1.87121 44.5453
      vertex -16.0381 1.69902 43.7352
    endloop
  endfacet
  facet normal 6.76389e-05 -0.978155 0.207878
    outer loop
      vertex 9.08114 1.05752 40.7171
      vertex 12.7279 2.64628 48.1917
      vertex 8.81346 1.06783 40.7657
    endloop
  endfacet
  facet normal -3.8357e-06 -0.978149 0.207906
    outer loop
      vertex -11.4795 0.803444 39.5218
      vertex -16.0381 1.69902 43.7352
      vertex -16.4438 1.52218 42.9032
    endloop
  endfacet
  facet normal -6.06943e-06 -0.978147 0.207913
    outer loop
      vertex 12.7279 2.64628 48.1917
      vertex 9.08114 1.05752 40.7171
      vertex 13.3766 2.50416 47.5231
    endloop
  endfacet
  facet normal 4.82723e-06 -0.978146 0.207917
    outer loop
      vertex -11.677 0.764482 39.3385
      vertex -16.4438 1.52218 42.9032
      vertex -16.8044 1.34116 42.0516
    endloop
  endfacet
  facet normal -6.57203e-05 -0.97814 0.207949
    outer loop
      vertex 9.34586 1.0443 40.655
      vertex 13.3766 2.50416 47.5231
      vertex 9.08114 1.05752 40.7171
    endloop
  endfacet
  facet normal -4.70919e-07 -0.978148 0.207911
    outer loop
      vertex -12.0412 0.680384 38.9429
      vertex -16.8044 1.34116 42.0516
      vertex -17.119 1.15647 41.1827
    endloop
  endfacet
  facet normal 8.81783e-07 -0.978148 0.207911
    outer loop
      vertex 13.3766 2.50416 47.5231
      vertex 9.34586 1.0443 40.655
      vertex 13.9886 2.35518 46.8222
    endloop
  endfacet
  facet normal -2.18296e-06 -0.978147 0.207913
    outer loop
      vertex 9.60689 1.02823 40.5794
      vertex 13.9886 2.35518 46.8222
      vertex 9.34586 1.0443 40.655
    endloop
  endfacet
  facet normal -2.80886e-05 -0.97815 0.207901
    outer loop
      vertex -11.3278 2.9084 49.4249
      vertex -8.27215 1.07966 40.8213
      vertex -8 1.08114 40.8283
    endloop
  endfacet
  facet normal -8.42217e-06 -0.978149 0.207907
    outer loop
      vertex -12.0444 2.78115 48.8262
      vertex -8.54355 1.07522 40.8004
      vertex -8.27215 1.07966 40.8213
    endloop
  endfacet
  facet normal 4.9123e-05 -0.978143 0.207931
    outer loop
      vertex -12.0444 2.78115 48.8262
      vertex -8.81346 1.06783 40.7657
      vertex -8.54355 1.07522 40.8004
    endloop
  endfacet
  facet normal -6.76389e-05 -0.978155 0.207878
    outer loop
      vertex -12.7279 2.64628 48.1917
      vertex -9.08114 1.05752 40.7171
      vertex -8.81346 1.06783 40.7657
    endloop
  endfacet
  facet normal 6.57203e-05 -0.97814 0.207949
    outer loop
      vertex -13.3766 2.50416 47.5231
      vertex -9.34586 1.0443 40.655
      vertex -9.08114 1.05752 40.7171
    endloop
  endfacet
  facet normal 2.18296e-06 -0.978147 0.207913
    outer loop
      vertex -13.9886 2.35518 46.8222
      vertex -9.60689 1.02823 40.5794
      vertex -9.34586 1.0443 40.655
    endloop
  endfacet
  facet normal 1.13283e-05 -0.978146 0.20792
    outer loop
      vertex -13.9886 2.35518 46.8222
      vertex -9.86351 1.00933 40.4905
      vertex -9.60689 1.02823 40.5794
    endloop
  endfacet
  facet normal -1.39752e-06 -0.978148 0.20791
    outer loop
      vertex -14.5623 2.19973 46.0909
      vertex -10.115 0.987671 40.3886
      vertex -9.86351 1.00933 40.4905
    endloop
  endfacet
  facet normal 1.74822e-06 -0.978146 0.207917
    outer loop
      vertex -12.3611 0.588831 38.5122
      vertex -17.119 1.15647 41.1827
      vertex -17.3867 0.968607 40.2989
    endloop
  endfacet
  facet normal -3.5571e-05 -0.978153 0.207885
    outer loop
      vertex -14.5623 2.19973 46.0909
      vertex -10.3608 0.963303 40.2739
      vertex -10.115 0.987671 40.3886
    endloop
  endfacet
  facet normal 3.67362e-05 -0.978141 0.207944
    outer loop
      vertex -15.0961 2.03826 45.3312
      vertex -10.6 0.936295 40.1469
      vertex -10.3608 0.963303 40.2739
    endloop
  endfacet
  facet normal -3.52916e-05 -0.978155 0.207875
    outer loop
      vertex -15.5885 1.87121 44.5453
      vertex -10.8321 0.906721 40.0077
      vertex -10.6 0.936295 40.1469
    endloop
  endfacet
  facet normal 1.71984e-05 -0.978144 0.207927
    outer loop
      vertex -15.5885 1.87121 44.5453
      vertex -11.0565 0.874661 39.8569
      vertex -10.8321 0.906721 40.0077
    endloop
  endfacet
  facet normal 3.56079e-06 -0.978147 0.207916
    outer loop
      vertex -16.0381 1.69902 43.7352
      vertex -11.2725 0.840204 39.6948
      vertex -11.0565 0.874661 39.8569
    endloop
  endfacet
  facet normal -2.94858e-05 -0.978155 0.207879
    outer loop
      vertex -16.0381 1.69902 43.7352
      vertex -11.4795 0.803444 39.5218
      vertex -11.2725 0.840204 39.6948
    endloop
  endfacet
  facet normal 1.75819e-06 -0.978147 0.207913
    outer loop
      vertex -12.6332 0.490828 38.0511
      vertex -17.3867 0.968607 40.2989
      vertex -17.6067 0.778091 39.4026
    endloop
  endfacet
  facet normal 1.11467e-06 -0.978147 0.207912
    outer loop
      vertex -16.4438 1.52218 42.9032
      vertex -11.677 0.764482 39.3385
      vertex -11.4795 0.803444 39.5218
    endloop
  endfacet
  facet normal 2.47633e-05 -0.978139 0.207953
    outer loop
      vertex -16.8044 1.34116 42.0516
      vertex -11.8644 0.723424 39.1454
      vertex -11.677 0.764482 39.3385
    endloop
  endfacet
  facet normal -5.61502e-06 -0.978149 0.207904
    outer loop
      vertex -16.8044 1.34116 42.0516
      vertex -12.0412 0.680384 38.9429
      vertex -11.8644 0.723424 39.1454
    endloop
  endfacet
  facet normal -1.27023e-05 -0.978153 0.207885
    outer loop
      vertex -17.119 1.15647 41.1827
      vertex -12.2069 0.635479 38.7316
      vertex -12.0412 0.680384 38.9429
    endloop
  endfacet
  facet normal 2.25018e-05 -0.978139 0.207952
    outer loop
      vertex -17.119 1.15647 41.1827
      vertex -12.3611 0.588831 38.5122
      vertex -12.2069 0.635479 38.7316
    endloop
  endfacet
  facet normal -2.33402e-06 -0.97815 0.207899
    outer loop
      vertex -12.8546 0.387446 37.5647
      vertex -17.6067 0.778091 39.4026
      vertex -17.7784 0.585442 38.4962
    endloop
  endfacet
  facet normal -1.34597e-05 -0.978155 0.207876
    outer loop
      vertex -17.3867 0.968607 40.2989
      vertex -12.5033 0.54057 38.2851
      vertex -12.3611 0.588831 38.5122
    endloop
  endfacet
  facet normal 6.81319e-06 -0.978145 0.207923
    outer loop
      vertex -17.3867 0.968607 40.2989
      vertex -12.6332 0.490828 38.0511
      vertex -12.5033 0.54057 38.2851
    endloop
  endfacet
  facet normal -9.0974e-06 -0.978155 0.207875
    outer loop
      vertex -17.6067 0.778091 39.4026
      vertex -12.7504 0.43974 37.8107
      vertex -12.6332 0.490828 38.0511
    endloop
  endfacet
  facet normal -2.06413e-06 -0.978148 0.20791
    outer loop
      vertex -13.0228 0.27982 37.0584
      vertex -17.7784 0.585442 38.4962
      vertex -17.9014 0.391188 37.5823
    endloop
  endfacet
  facet normal 8.96712e-06 -0.978144 0.207927
    outer loop
      vertex -17.6067 0.778091 39.4026
      vertex -12.8546 0.387446 37.5647
      vertex -12.7504 0.43974 37.8107
    endloop
  endfacet
  facet normal 2.36028e-06 -0.978145 0.207923
    outer loop
      vertex -17.7784 0.585442 38.4962
      vertex -12.9455 0.334091 37.3137
      vertex -12.8546 0.387446 37.5647
    endloop
  endfacet
  facet normal 4.0943e-06 -0.978144 0.20793
    outer loop
      vertex -17.7784 0.585442 38.4962
      vertex -13.0228 0.27982 37.0584
      vertex -12.9455 0.334091 37.3137
    endloop
  endfacet
  facet normal -7.46985e-06 -0.978158 0.207862
    outer loop
      vertex -17.9014 0.391188 37.5823
      vertex -13.0864 0.224782 36.7994
      vertex -13.0228 0.27982 37.0584
    endloop
  endfacet
  facet normal 1.11805e-06 -0.978146 0.207919
    outer loop
      vertex -13.136 0.169128 36.5376
      vertex -17.9014 0.391188 37.5823
      vertex -17.9753 0.195863 36.6634
    endloop
  endfacet
  facet normal 4.83712e-06 -0.978143 0.207935
    outer loop
      vertex -17.9014 0.391188 37.5823
      vertex -13.136 0.169128 36.5376
      vertex -13.0864 0.224782 36.7994
    endloop
  endfacet
  facet normal 1.22409e-06 -0.978145 0.207922
    outer loop
      vertex -17.9753 0.195863 36.6634
      vertex -13.1715 0.11301 36.2736
      vertex -13.136 0.169128 36.5376
    endloop
  endfacet
  facet normal -1.51858e-06 -0.978152 0.20789
    outer loop
      vertex -17.9753 0.195863 36.6634
      vertex -13.1929 0.0565824 36.0081
      vertex -13.1715 0.11301 36.2736
    endloop
  endfacet
  facet normal 4.31449e-07 -0.978149 0.207904
    outer loop
      vertex -18 0 35.7419
      vertex -13.1929 0.0565824 36.0081
      vertex -17.9753 0.195863 36.6634
    endloop
  endfacet
  facet normal 0 -0.978148 0.207911
    outer loop
      vertex -18 0 35.7419
      vertex -13.2 0 35.7419
      vertex -13.1929 0.0565824 36.0081
    endloop
  endfacet
  facet normal 0 -0.978148 0.207911
    outer loop
      vertex -18 0 35.7419
      vertex -13.1929 -0.0565824 35.4757
      vertex -13.2 0 35.7419
    endloop
  endfacet
  facet normal 8.19913e-07 -0.978145 0.207925
    outer loop
      vertex -17.9753 -0.195863 34.8205
      vertex -13.1929 -0.0565824 35.4757
      vertex -18 0 35.7419
    endloop
  endfacet
  facet normal -4.79611e-06 -0.978136 0.207965
    outer loop
      vertex -13.1929 -0.0565824 35.4757
      vertex -17.9753 -0.195863 34.8205
      vertex -13.1715 -0.11301 35.2103
    endloop
  endfacet
  facet normal -1.22409e-06 -0.978145 0.207922
    outer loop
      vertex -13.1715 -0.11301 35.2103
      vertex -17.9753 -0.195863 34.8205
      vertex -13.136 -0.169128 34.9463
    endloop
  endfacet
  facet normal -5.31149e-07 -0.978151 0.207897
    outer loop
      vertex -17.9014 -0.391188 33.9015
      vertex -13.136 -0.169128 34.9463
      vertex -17.9753 -0.195863 34.8205
    endloop
  endfacet
  facet normal 7.68662e-06 -0.978158 0.207861
    outer loop
      vertex -13.136 -0.169128 34.9463
      vertex -17.9014 -0.391188 33.9015
      vertex -13.0864 -0.224782 34.6844
    endloop
  endfacet
  facet normal -5.08298e-06 -0.978142 0.207936
    outer loop
      vertex -13.0864 -0.224782 34.6844
      vertex -17.9014 -0.391188 33.9015
      vertex -13.0228 -0.27982 34.4255
    endloop
  endfacet
  facet normal -2.13683e-06 -0.978148 0.20791
    outer loop
      vertex -17.7784 -0.585442 32.9876
      vertex -13.0228 -0.27982 34.4255
      vertex -17.9014 -0.391188 33.9015
    endloop
  endfacet
  facet normal -8.09991e-06 -0.978144 0.207929
    outer loop
      vertex -13.0228 -0.27982 34.4255
      vertex -17.7784 -0.585442 32.9876
      vertex -12.9455 -0.334091 34.1702
    endloop
  endfacet
  facet normal 1.23011e-05 -0.978161 0.207849
    outer loop
      vertex -12.9455 -0.334091 34.1702
      vertex -17.7784 -0.585442 32.9876
      vertex -12.8546 -0.387446 33.9191
    endloop
  endfacet
  facet normal -1.85555e-06 -0.978146 0.207921
    outer loop
      vertex -17.6067 -0.778091 32.0813
      vertex -12.8546 -0.387446 33.9191
      vertex -17.7784 -0.585442 32.9876
    endloop
  endfacet
  facet normal -5.20751e-06 -0.978144 0.207929
    outer loop
      vertex -12.8546 -0.387446 33.9191
      vertex -17.6067 -0.778091 32.0813
      vertex -12.7504 -0.43974 33.6731
    endloop
  endfacet
  facet normal -1.16587e-05 -0.97814 0.207948
    outer loop
      vertex -12.7504 -0.43974 33.6731
      vertex -17.6067 -0.778091 32.0813
      vertex -12.6332 -0.490828 33.4328
    endloop
  endfacet
  facet normal -1.75819e-06 -0.978147 0.207913
    outer loop
      vertex -17.3867 -0.968607 31.185
      vertex -12.6332 -0.490828 33.4328
      vertex -17.6067 -0.778091 32.0813
    endloop
  endfacet
  facet normal 2.64571e-05 -0.978159 0.207856
    outer loop
      vertex -12.6332 -0.490828 33.4328
      vertex -17.3867 -0.968607 31.185
      vertex -12.5033 -0.54057 33.1987
    endloop
  endfacet
  facet normal -1.31669e-05 -0.97814 0.207948
    outer loop
      vertex -12.5033 -0.54057 33.1987
      vertex -17.3867 -0.968607 31.185
      vertex -12.3611 -0.588831 32.9717
    endloop
  endfacet
  facet normal -1.74822e-06 -0.978146 0.207917
    outer loop
      vertex -17.119 -1.15647 30.3012
      vertex -12.3611 -0.588831 32.9717
      vertex -17.3867 -0.968607 31.185
    endloop
  endfacet
  facet normal 1.56357e-05 -0.978153 0.207887
    outer loop
      vertex -12.3611 -0.588831 32.9717
      vertex -17.119 -1.15647 30.3012
      vertex -12.2069 -0.635479 32.7522
    endloop
  endfacet
  facet normal -1.95522e-05 -0.978138 0.207955
    outer loop
      vertex -12.2069 -0.635479 32.7522
      vertex -17.119 -1.15647 30.3012
      vertex -12.0412 -0.680384 32.541
    endloop
  endfacet
  facet normal 4.70919e-07 -0.978148 0.207911
    outer loop
      vertex -16.8044 -1.34116 29.4323
      vertex -12.0412 -0.680384 32.541
      vertex -17.119 -1.15647 30.3012
    endloop
  endfacet
  facet normal 5.61502e-06 -0.978149 0.207904
    outer loop
      vertex -12.0412 -0.680384 32.541
      vertex -16.8044 -1.34116 29.4323
      vertex -11.8644 -0.723424 32.3385
    endloop
  endfacet
  facet normal 1.55533e-05 -0.978153 0.207888
    outer loop
      vertex -11.8644 -0.723424 32.3385
      vertex -16.8044 -1.34116 29.4323
      vertex -11.677 -0.764482 32.1453
    endloop
  endfacet
  facet normal -1.51444e-06 -0.978146 0.207919
    outer loop
      vertex -16.4438 -1.52218 28.5807
      vertex -11.677 -0.764482 32.1453
      vertex -16.8044 -1.34116 29.4323
    endloop
  endfacet
  facet normal 1.3008e-06 -0.978147 0.207915
    outer loop
      vertex -11.677 -0.764482 32.1453
      vertex -16.4438 -1.52218 28.5807
      vertex -11.4795 -0.803444 31.962
    endloop
  endfacet
  facet normal 6.97955e-06 -0.978149 0.207907
    outer loop
      vertex -16.0381 -1.69902 27.7487
      vertex -11.4795 -0.803444 31.962
      vertex -16.4438 -1.52218 28.5807
    endloop
  endfacet
  facet normal -2.1101e-05 -0.978142 0.207936
    outer loop
      vertex -11.4795 -0.803444 31.962
      vertex -16.0381 -1.69902 27.7487
      vertex -11.2725 -0.840204 31.7891
    endloop
  endfacet
  facet normal -3.56079e-06 -0.978147 0.207916
    outer loop
      vertex -11.2725 -0.840204 31.7891
      vertex -16.0381 -1.69902 27.7487
      vertex -11.0565 -0.874661 31.627
    endloop
  endfacet
  facet normal 1.48076e-06 -0.978148 0.20791
    outer loop
      vertex -15.5885 -1.87121 26.9386
      vertex -11.0565 -0.874661 31.627
      vertex -16.0381 -1.69902 27.7487
    endloop
  endfacet
  facet normal 3.89582e-05 -0.978155 0.207875
    outer loop
      vertex -11.0565 -0.874661 31.627
      vertex -15.5885 -1.87121 26.9386
      vertex -10.8321 -0.906721 31.4761
    endloop
  endfacet
  facet normal -1.80283e-05 -0.978143 0.207933
    outer loop
      vertex -10.8321 -0.906721 31.4761
      vertex -15.5885 -1.87121 26.9386
      vertex -10.6 -0.936295 31.337
    endloop
  endfacet
  facet normal -4.85599e-07 -0.978147 0.207914
    outer loop
      vertex -15.0961 -2.03826 26.1527
      vertex -10.6 -0.936295 31.337
      vertex -15.5885 -1.87121 26.9386
    endloop
  endfacet
  facet normal 2.27738e-05 -0.978151 0.207894
    outer loop
      vertex -10.6 -0.936295 31.337
      vertex -15.0961 -2.03826 26.1527
      vertex -10.3608 -0.963303 31.2099
    endloop
  endfacet
  facet normal 9.12589e-06 -0.978149 0.207906
    outer loop
      vertex -14.5623 -2.19973 25.393
      vertex -10.3608 -0.963303 31.2099
      vertex -15.0961 -2.03826 26.1527
    endloop
  endfacet
  facet normal -2.6451e-05 -0.978143 0.207931
    outer loop
      vertex -10.3608 -0.963303 31.2099
      vertex -14.5623 -2.19973 25.393
      vertex -10.115 -0.987671 31.0953
    endloop
  endfacet
  facet normal -1.13283e-05 -0.978146 0.20792
    outer loop
      vertex -9.86351 -1.00933 30.9934
      vertex -13.9886 -2.35518 24.6617
      vertex -9.60689 -1.02823 30.9045
    endloop
  endfacet
  facet normal -6.27563e-06 -0.978147 0.207916
    outer loop
      vertex -13.9886 -2.35518 24.6617
      vertex -9.86351 -1.00933 30.9934
      vertex -14.5623 -2.19973 25.393
    endloop
  endfacet
  facet normal 1.39752e-06 -0.978148 0.20791
    outer loop
      vertex -10.115 -0.987671 31.0953
      vertex -14.5623 -2.19973 25.393
      vertex -9.86351 -1.00933 30.9934
    endloop
  endfacet
  facet normal -1.13283e-05 -0.978146 0.20792
    outer loop
      vertex 9.86351 1.00933 40.4905
      vertex 13.9886 2.35518 46.8222
      vertex 9.60689 1.02823 40.5794
    endloop
  endfacet
  facet normal -6.27563e-06 -0.978147 0.207916
    outer loop
      vertex 13.9886 2.35518 46.8222
      vertex 9.86351 1.00933 40.4905
      vertex 14.5623 2.19973 46.0909
    endloop
  endfacet
  facet normal 1.39752e-06 -0.978148 0.20791
    outer loop
      vertex 10.115 0.987671 40.3886
      vertex 14.5623 2.19973 46.0909
      vertex 9.86351 1.00933 40.4905
    endloop
  endfacet
  facet normal 3.5571e-05 -0.978153 0.207885
    outer loop
      vertex 10.3608 0.963303 40.2739
      vertex 14.5623 2.19973 46.0909
      vertex 10.115 0.987671 40.3886
    endloop
  endfacet
  facet normal 6.6176e-06 -0.978149 0.207905
    outer loop
      vertex 14.5623 2.19973 46.0909
      vertex 10.3608 0.963303 40.2739
      vertex 15.0961 2.03826 45.3312
    endloop
  endfacet
  facet normal -3.67362e-05 -0.978141 0.207944
    outer loop
      vertex 10.6 0.936295 40.1469
      vertex 15.0961 2.03826 45.3312
      vertex 10.3608 0.963303 40.2739
    endloop
  endfacet
  facet normal -4.85599e-07 -0.978147 0.207914
    outer loop
      vertex 15.0961 2.03826 45.3312
      vertex 10.6 0.936295 40.1469
      vertex 15.5885 1.87121 44.5453
    endloop
  endfacet
  facet normal 3.52916e-05 -0.978155 0.207875
    outer loop
      vertex 10.8321 0.906721 40.0077
      vertex 15.5885 1.87121 44.5453
      vertex 10.6 0.936295 40.1469
    endloop
  endfacet
  facet normal -1.71984e-05 -0.978144 0.207927
    outer loop
      vertex 11.0565 0.874661 39.8569
      vertex 15.5885 1.87121 44.5453
      vertex 10.8321 0.906721 40.0077
    endloop
  endfacet
  facet normal 1.48076e-06 -0.978148 0.20791
    outer loop
      vertex 15.5885 1.87121 44.5453
      vertex 11.0565 0.874661 39.8569
      vertex 16.0381 1.69902 43.7352
    endloop
  endfacet
  facet normal -3.56079e-06 -0.978147 0.207916
    outer loop
      vertex 11.2725 0.840204 39.6948
      vertex 16.0381 1.69902 43.7352
      vertex 11.0565 0.874661 39.8569
    endloop
  endfacet
  facet normal 2.94858e-05 -0.978155 0.207879
    outer loop
      vertex 11.4795 0.803444 39.5218
      vertex 16.0381 1.69902 43.7352
      vertex 11.2725 0.840204 39.6948
    endloop
  endfacet
  facet normal 3.8357e-06 -0.978149 0.207906
    outer loop
      vertex 16.0381 1.69902 43.7352
      vertex 11.4795 0.803444 39.5218
      vertex 16.4438 1.52218 42.9032
    endloop
  endfacet
  facet normal -1.11467e-06 -0.978147 0.207912
    outer loop
      vertex 11.677 0.764482 39.3385
      vertex 16.4438 1.52218 42.9032
      vertex 11.4795 0.803444 39.5218
    endloop
  endfacet
  facet normal -4.82723e-06 -0.978146 0.207917
    outer loop
      vertex 16.4438 1.52218 42.9032
      vertex 11.677 0.764482 39.3385
      vertex 16.8044 1.34116 42.0516
    endloop
  endfacet
  facet normal -2.47633e-05 -0.978139 0.207953
    outer loop
      vertex 11.8644 0.723424 39.1454
      vertex 16.8044 1.34116 42.0516
      vertex 11.677 0.764482 39.3385
    endloop
  endfacet
  facet normal 5.61502e-06 -0.978149 0.207904
    outer loop
      vertex 12.0412 0.680384 38.9429
      vertex 16.8044 1.34116 42.0516
      vertex 11.8644 0.723424 39.1454
    endloop
  endfacet
  facet normal 4.70919e-07 -0.978148 0.207911
    outer loop
      vertex 16.8044 1.34116 42.0516
      vertex 12.0412 0.680384 38.9429
      vertex 17.119 1.15647 41.1827
    endloop
  endfacet
  facet normal 1.27023e-05 -0.978153 0.207885
    outer loop
      vertex 12.2069 0.635479 38.7316
      vertex 17.119 1.15647 41.1827
      vertex 12.0412 0.680384 38.9429
    endloop
  endfacet
  facet normal -2.25018e-05 -0.978139 0.207952
    outer loop
      vertex 12.3611 0.588831 38.5122
      vertex 17.119 1.15647 41.1827
      vertex 12.2069 0.635479 38.7316
    endloop
  endfacet
  facet normal -1.74822e-06 -0.978146 0.207917
    outer loop
      vertex 17.119 1.15647 41.1827
      vertex 12.3611 0.588831 38.5122
      vertex 17.3867 0.968607 40.2989
    endloop
  endfacet
  facet normal 1.34597e-05 -0.978155 0.207876
    outer loop
      vertex 12.5033 0.54057 38.2851
      vertex 17.3867 0.968607 40.2989
      vertex 12.3611 0.588831 38.5122
    endloop
  endfacet
  facet normal -6.81319e-06 -0.978145 0.207923
    outer loop
      vertex 12.6332 0.490828 38.0511
      vertex 17.3867 0.968607 40.2989
      vertex 12.5033 0.54057 38.2851
    endloop
  endfacet
  facet normal -1.75819e-06 -0.978147 0.207913
    outer loop
      vertex 17.3867 0.968607 40.2989
      vertex 12.6332 0.490828 38.0511
      vertex 17.6067 0.778091 39.4026
    endloop
  endfacet
  facet normal 9.0974e-06 -0.978155 0.207875
    outer loop
      vertex 12.7504 0.43974 37.8107
      vertex 17.6067 0.778091 39.4026
      vertex 12.6332 0.490828 38.0511
    endloop
  endfacet
  facet normal -8.96712e-06 -0.978144 0.207927
    outer loop
      vertex 12.8546 0.387446 37.5647
      vertex 17.6067 0.778091 39.4026
      vertex 12.7504 0.43974 37.8107
    endloop
  endfacet
  facet normal 2.33402e-06 -0.97815 0.207899
    outer loop
      vertex 17.6067 0.778091 39.4026
      vertex 12.8546 0.387446 37.5647
      vertex 17.7784 0.585442 38.4962
    endloop
  endfacet
  facet normal -2.36028e-06 -0.978145 0.207923
    outer loop
      vertex 12.9455 0.334091 37.3137
      vertex 17.7784 0.585442 38.4962
      vertex 12.8546 0.387446 37.5647
    endloop
  endfacet
  facet normal -4.0943e-06 -0.978144 0.20793
    outer loop
      vertex 13.0228 0.27982 37.0584
      vertex 17.7784 0.585442 38.4962
      vertex 12.9455 0.334091 37.3137
    endloop
  endfacet
  facet normal 2.06413e-06 -0.978148 0.20791
    outer loop
      vertex 17.7784 0.585442 38.4962
      vertex 13.0228 0.27982 37.0584
      vertex 17.9014 0.391188 37.5823
    endloop
  endfacet
  facet normal 7.46985e-06 -0.978158 0.207862
    outer loop
      vertex 13.0864 0.224782 36.7994
      vertex 17.9014 0.391188 37.5823
      vertex 13.0228 0.27982 37.0584
    endloop
  endfacet
  facet normal -4.83712e-06 -0.978143 0.207935
    outer loop
      vertex 13.136 0.169128 36.5376
      vertex 17.9014 0.391188 37.5823
      vertex 13.0864 0.224782 36.7994
    endloop
  endfacet
  facet normal -1.11805e-06 -0.978146 0.207919
    outer loop
      vertex 17.9014 0.391188 37.5823
      vertex 13.136 0.169128 36.5376
      vertex 17.9753 0.195863 36.6634
    endloop
  endfacet
  facet normal -1.22409e-06 -0.978145 0.207922
    outer loop
      vertex 13.1715 0.11301 36.2736
      vertex 17.9753 0.195863 36.6634
      vertex 13.136 0.169128 36.5376
    endloop
  endfacet
  facet normal 1.51858e-06 -0.978152 0.20789
    outer loop
      vertex 13.1929 0.0565824 36.0081
      vertex 17.9753 0.195863 36.6634
      vertex 13.1715 0.11301 36.2736
    endloop
  endfacet
  facet normal 0 -0.978148 0.207911
    outer loop
      vertex 18 0 35.7419
      vertex 13.1929 0.0565824 36.0081
      vertex 13.2 0 35.7419
    endloop
  endfacet
  facet normal -4.31449e-07 -0.978149 0.207904
    outer loop
      vertex 13.1929 0.0565824 36.0081
      vertex 18 0 35.7419
      vertex 17.9753 0.195863 36.6634
    endloop
  endfacet
  facet normal 0 -0.978148 0.207911
    outer loop
      vertex 13.1929 -0.0565824 35.4757
      vertex 18 0 35.7419
      vertex 13.2 0 35.7419
    endloop
  endfacet
  facet normal 4.79611e-06 -0.978136 0.207965
    outer loop
      vertex 17.9753 -0.195863 34.8205
      vertex 13.1929 -0.0565824 35.4757
      vertex 13.1715 -0.11301 35.2103
    endloop
  endfacet
  facet normal 1.22409e-06 -0.978145 0.207922
    outer loop
      vertex 17.9753 -0.195863 34.8205
      vertex 13.1715 -0.11301 35.2103
      vertex 13.136 -0.169128 34.9463
    endloop
  endfacet
  facet normal -8.19913e-07 -0.978145 0.207925
    outer loop
      vertex 13.1929 -0.0565824 35.4757
      vertex 17.9753 -0.195863 34.8205
      vertex 18 0 35.7419
    endloop
  endfacet
  facet normal -7.68662e-06 -0.978158 0.207861
    outer loop
      vertex 17.9014 -0.391188 33.9015
      vertex 13.136 -0.169128 34.9463
      vertex 13.0864 -0.224782 34.6844
    endloop
  endfacet
  facet normal 5.08298e-06 -0.978142 0.207936
    outer loop
      vertex 17.9014 -0.391188 33.9015
      vertex 13.0864 -0.224782 34.6844
      vertex 13.0228 -0.27982 34.4255
    endloop
  endfacet
  facet normal 8.09991e-06 -0.978144 0.207929
    outer loop
      vertex 17.7784 -0.585442 32.9876
      vertex 13.0228 -0.27982 34.4255
      vertex 12.9455 -0.334091 34.1702
    endloop
  endfacet
  facet normal -1.23011e-05 -0.978161 0.207849
    outer loop
      vertex 17.7784 -0.585442 32.9876
      vertex 12.9455 -0.334091 34.1702
      vertex 12.8546 -0.387446 33.9191
    endloop
  endfacet
  facet normal 5.31149e-07 -0.978151 0.207897
    outer loop
      vertex 13.136 -0.169128 34.9463
      vertex 17.9014 -0.391188 33.9015
      vertex 17.9753 -0.195863 34.8205
    endloop
  endfacet
  facet normal 5.20751e-06 -0.978144 0.207929
    outer loop
      vertex 17.6067 -0.778091 32.0813
      vertex 12.8546 -0.387446 33.9191
      vertex 12.7504 -0.43974 33.6731
    endloop
  endfacet
  facet normal 1.16587e-05 -0.97814 0.207948
    outer loop
      vertex 17.6067 -0.778091 32.0813
      vertex 12.7504 -0.43974 33.6731
      vertex 12.6332 -0.490828 33.4328
    endloop
  endfacet
  facet normal -2.64571e-05 -0.978159 0.207856
    outer loop
      vertex 17.3867 -0.968607 31.185
      vertex 12.6332 -0.490828 33.4328
      vertex 12.5033 -0.54057 33.1987
    endloop
  endfacet
  facet normal 2.13683e-06 -0.978148 0.20791
    outer loop
      vertex 13.0228 -0.27982 34.4255
      vertex 17.7784 -0.585442 32.9876
      vertex 17.9014 -0.391188 33.9015
    endloop
  endfacet
  facet normal 1.31669e-05 -0.97814 0.207948
    outer loop
      vertex 17.3867 -0.968607 31.185
      vertex 12.5033 -0.54057 33.1987
      vertex 12.3611 -0.588831 32.9717
    endloop
  endfacet
  facet normal -1.56357e-05 -0.978153 0.207887
    outer loop
      vertex 17.119 -1.15647 30.3012
      vertex 12.3611 -0.588831 32.9717
      vertex 12.2069 -0.635479 32.7522
    endloop
  endfacet
  facet normal 1.95522e-05 -0.978138 0.207955
    outer loop
      vertex 17.119 -1.15647 30.3012
      vertex 12.2069 -0.635479 32.7522
      vertex 12.0412 -0.680384 32.541
    endloop
  endfacet
  facet normal -5.61502e-06 -0.978149 0.207904
    outer loop
      vertex 16.8044 -1.34116 29.4323
      vertex 12.0412 -0.680384 32.541
      vertex 11.8644 -0.723424 32.3385
    endloop
  endfacet
  facet normal -1.55533e-05 -0.978153 0.207888
    outer loop
      vertex 16.8044 -1.34116 29.4323
      vertex 11.8644 -0.723424 32.3385
      vertex 11.677 -0.764482 32.1453
    endloop
  endfacet
  facet normal 1.85555e-06 -0.978146 0.207921
    outer loop
      vertex 12.8546 -0.387446 33.9191
      vertex 17.6067 -0.778091 32.0813
      vertex 17.7784 -0.585442 32.9876
    endloop
  endfacet
  facet normal -1.3008e-06 -0.978147 0.207915
    outer loop
      vertex 16.4438 -1.52218 28.5807
      vertex 11.677 -0.764482 32.1453
      vertex 11.4795 -0.803444 31.962
    endloop
  endfacet
  facet normal 2.1101e-05 -0.978142 0.207936
    outer loop
      vertex 16.0381 -1.69902 27.7487
      vertex 11.4795 -0.803444 31.962
      vertex 11.2725 -0.840204 31.7891
    endloop
  endfacet
  facet normal 3.56079e-06 -0.978147 0.207916
    outer loop
      vertex 16.0381 -1.69902 27.7487
      vertex 11.2725 -0.840204 31.7891
      vertex 11.0565 -0.874661 31.627
    endloop
  endfacet
  facet normal -3.89582e-05 -0.978155 0.207875
    outer loop
      vertex 15.5885 -1.87121 26.9386
      vertex 11.0565 -0.874661 31.627
      vertex 10.8321 -0.906721 31.4761
    endloop
  endfacet
  facet normal 1.80283e-05 -0.978143 0.207933
    outer loop
      vertex 15.5885 -1.87121 26.9386
      vertex 10.8321 -0.906721 31.4761
      vertex 10.6 -0.936295 31.337
    endloop
  endfacet
  facet normal -2.27738e-05 -0.978151 0.207894
    outer loop
      vertex 15.0961 -2.03826 26.1527
      vertex 10.6 -0.936295 31.337
      vertex 10.3608 -0.963303 31.2099
    endloop
  endfacet
  facet normal 1.75819e-06 -0.978147 0.207913
    outer loop
      vertex 12.6332 -0.490828 33.4328
      vertex 17.3867 -0.968607 31.185
      vertex 17.6067 -0.778091 32.0813
    endloop
  endfacet
  facet normal 2.6451e-05 -0.978143 0.207931
    outer loop
      vertex 14.5623 -2.19973 25.393
      vertex 10.3608 -0.963303 31.2099
      vertex 10.115 -0.987671 31.0953
    endloop
  endfacet
  facet normal -1.39752e-06 -0.978148 0.20791
    outer loop
      vertex 14.5623 -2.19973 25.393
      vertex 10.115 -0.987671 31.0953
      vertex 9.86351 -1.00933 30.9934
    endloop
  endfacet
  facet normal 1.13283e-05 -0.978146 0.20792
    outer loop
      vertex 13.9886 -2.35518 24.6617
      vertex 9.86351 -1.00933 30.9934
      vertex 9.60689 -1.02823 30.9045
    endloop
  endfacet
  facet normal 2.18296e-06 -0.978147 0.207913
    outer loop
      vertex 13.9886 -2.35518 24.6617
      vertex 9.60689 -1.02823 30.9045
      vertex 9.34586 -1.0443 30.8289
    endloop
  endfacet
  facet normal -3.31434e-06 -0.978148 0.20791
    outer loop
      vertex 13.3766 -2.50416 23.9608
      vertex 9.34586 -1.0443 30.8289
      vertex 9.08114 -1.05752 30.7667
    endloop
  endfacet
  facet normal 3.71285e-06 -0.978148 0.207912
    outer loop
      vertex 12.7279 -2.64628 23.2921
      vertex 9.08114 -1.05752 30.7667
      vertex 8.81346 -1.06783 30.7182
    endloop
  endfacet
  facet normal -2.36413e-05 -0.97815 0.2079
    outer loop
      vertex 12.6354 -2.66453 23.2063
      vertex 8.81346 -1.06783 30.7182
      vertex 8.54355 -1.07522 30.6834
    endloop
  endfacet
  facet normal -8.44338e-06 -0.978148 0.207908
    outer loop
      vertex 12.6354 -2.66453 23.2063
      vertex 8.54355 -1.07522 30.6834
      vertex 8.27215 -1.07966 30.6625
    endloop
  endfacet
  facet normal 1.74822e-06 -0.978146 0.207917
    outer loop
      vertex 12.3611 -0.588831 32.9717
      vertex 17.119 -1.15647 30.3012
      vertex 17.3867 -0.968607 31.185
    endloop
  endfacet
  facet normal 4.72957e-05 -0.978142 0.207939
    outer loop
      vertex 12.6354 -2.66453 23.2063
      vertex 8.27215 -1.07966 30.6625
      vertex 8 -1.08114 30.6556
    endloop
  endfacet
  facet normal -2.18296e-06 -0.978147 0.207913
    outer loop
      vertex -9.60689 -1.02823 30.9045
      vertex -13.9886 -2.35518 24.6617
      vertex -9.34586 -1.0443 30.8289
    endloop
  endfacet
  facet normal 8.81783e-07 -0.978148 0.207911
    outer loop
      vertex -13.3766 -2.50416 23.9608
      vertex -9.34586 -1.0443 30.8289
      vertex -13.9886 -2.35518 24.6617
    endloop
  endfacet
  facet normal -4.70919e-07 -0.978148 0.207911
    outer loop
      vertex 12.0412 -0.680384 32.541
      vertex 16.8044 -1.34116 29.4323
      vertex 17.119 -1.15647 30.3012
    endloop
  endfacet
  facet normal 3.31434e-06 -0.978148 0.20791
    outer loop
      vertex -9.34586 -1.0443 30.8289
      vertex -13.3766 -2.50416 23.9608
      vertex -9.08114 -1.05752 30.7667
    endloop
  endfacet
  facet normal 1.51444e-06 -0.978146 0.207919
    outer loop
      vertex 11.677 -0.764482 32.1453
      vertex 16.4438 -1.52218 28.5807
      vertex 16.8044 -1.34116 29.4323
    endloop
  endfacet
  facet normal 1.52561e-05 -0.97815 0.207903
    outer loop
      vertex -12.7279 -2.64628 23.2921
      vertex -9.08114 -1.05752 30.7667
      vertex -13.3766 -2.50416 23.9608
    endloop
  endfacet
  facet normal -6.97955e-06 -0.978149 0.207907
    outer loop
      vertex 11.4795 -0.803444 31.962
      vertex 16.0381 -1.69902 27.7487
      vertex 16.4438 -1.52218 28.5807
    endloop
  endfacet
  facet normal -3.71285e-06 -0.978148 0.207912
    outer loop
      vertex -9.08114 -1.05752 30.7667
      vertex -12.7279 -2.64628 23.2921
      vertex -8.81346 -1.06783 30.7182
    endloop
  endfacet
  facet normal -1.48076e-06 -0.978148 0.20791
    outer loop
      vertex 11.0565 -0.874661 31.627
      vertex 15.5885 -1.87121 26.9386
      vertex 16.0381 -1.69902 27.7487
    endloop
  endfacet
  facet normal -9.11553e-05 -0.978138 0.207956
    outer loop
      vertex -12.6354 -2.66453 23.2063
      vertex -8.81346 -1.06783 30.7182
      vertex -12.7279 -2.64628 23.2921
    endloop
  endfacet
  facet normal 4.85599e-07 -0.978147 0.207914
    outer loop
      vertex 10.6 -0.936295 31.337
      vertex 15.0961 -2.03826 26.1527
      vertex 15.5885 -1.87121 26.9386
    endloop
  endfacet
  facet normal 2.36413e-05 -0.97815 0.2079
    outer loop
      vertex -8.81346 -1.06783 30.7182
      vertex -12.6354 -2.66453 23.2063
      vertex -8.54355 -1.07522 30.6834
    endloop
  endfacet
  facet normal -9.12589e-06 -0.978149 0.207906
    outer loop
      vertex 10.3608 -0.963303 31.2099
      vertex 14.5623 -2.19973 25.393
      vertex 15.0961 -2.03826 26.1527
    endloop
  endfacet
  facet normal 8.44338e-06 -0.978148 0.207908
    outer loop
      vertex -8.54355 -1.07522 30.6834
      vertex -12.6354 -2.66453 23.2063
      vertex -8.27215 -1.07966 30.6625
    endloop
  endfacet
  facet normal 6.27563e-06 -0.978147 0.207916
    outer loop
      vertex 9.86351 -1.00933 30.9934
      vertex 13.9886 -2.35518 24.6617
      vertex 14.5623 -2.19973 25.393
    endloop
  endfacet
  facet normal 2.15779e-07 -0.978147 0.207912
    outer loop
      vertex -7.72785 -1.07966 30.6625
      vertex -12.6354 -2.66453 23.2063
      vertex -7.71936 -3.37938 19.8432
    endloop
  endfacet
  facet normal -8.81783e-07 -0.978148 0.207911
    outer loop
      vertex 9.34586 -1.0443 30.8289
      vertex 13.3766 -2.50416 23.9608
      vertex 13.9886 -2.35518 24.6617
    endloop
  endfacet
  facet normal -4.72957e-05 -0.978142 0.207939
    outer loop
      vertex -8.27215 -1.07966 30.6625
      vertex -12.6354 -2.66453 23.2063
      vertex -8 -1.08114 30.6556
    endloop
  endfacet
  facet normal 8.81238e-06 -0.978147 0.207912
    outer loop
      vertex 7.71936 -3.37938 19.8432
      vertex 7.72785 -1.07966 30.6625
      vertex 7.45645 -1.07522 30.6834
    endloop
  endfacet
  facet normal 9.11553e-05 -0.978138 0.207956
    outer loop
      vertex 8.81346 -1.06783 30.7182
      vertex 12.6354 -2.66453 23.2063
      vertex 12.7279 -2.64628 23.2921
    endloop
  endfacet
  facet normal -1.52561e-05 -0.97815 0.207903
    outer loop
      vertex 9.08114 -1.05752 30.7667
      vertex 12.7279 -2.64628 23.2921
      vertex 13.3766 -2.50416 23.9608
    endloop
  endfacet
  facet normal -4.88125e-05 -0.978154 0.207882
    outer loop
      vertex 7.72785 -1.07966 30.6625
      vertex 12.6354 -2.66453 23.2063
      vertex 8 -1.08114 30.6556
    endloop
  endfacet
  facet normal 8.33773e-06 -0.978149 0.207906
    outer loop
      vertex -15.0746 -3.76176 18.0442
      vertex -12.6354 -2.66453 23.2063
      vertex -15.8512 -3.6194 18.714
    endloop
  endfacet
  facet normal -1.75102e-06 -0.978148 0.207911
    outer loop
      vertex -14.0411 -3.93085 17.2487
      vertex -12.6354 -2.66453 23.2063
      vertex -15.0746 -3.76176 18.0442
    endloop
  endfacet
  facet normal -5.18408e-06 -0.978148 0.207912
    outer loop
      vertex -12.9638 -4.08768 16.5109
      vertex -12.6354 -2.66453 23.2063
      vertex -14.0411 -3.93085 17.2487
    endloop
  endfacet
  facet normal -3.14124e-07 -0.978148 0.207912
    outer loop
      vertex -12.6354 -2.66453 23.2063
      vertex -12.9638 -4.08768 16.5109
      vertex -7.71936 -3.37938 19.8432
    endloop
  endfacet
  facet normal 7.34043e-07 -0.978148 0.20791
    outer loop
      vertex -11.8461 -4.23177 15.833
      vertex -7.71936 -3.37938 19.8432
      vertex -12.9638 -4.08768 16.5109
    endloop
  endfacet
  facet normal 4.79276e-06 -0.978149 0.207906
    outer loop
      vertex -7.71936 -3.37938 19.8432
      vertex -11.8461 -4.23177 15.833
      vertex -10.9371 -4.33481 15.3482
    endloop
  endfacet
  facet normal 3.92227e-05 -0.978138 0.207955
    outer loop
      vertex -16.9949 -4.24097 15.7897
      vertex -17.3517 -4.2011 15.9773
      vertex -17.364 -4.23365 15.8242
    endloop
  endfacet
  facet normal 9.51696e-06 -0.97815 0.207901
    outer loop
      vertex -17.3517 -4.2011 15.9773
      vertex -16.9949 -4.24097 15.7897
      vertex -17.3372 -4.17823 16.0849
    endloop
  endfacet
  facet normal 3.56768e-05 -0.978146 0.207919
    outer loop
      vertex -17.3681 -4.2663 15.6706
      vertex -16.9949 -4.24097 15.7897
      vertex -17.364 -4.23365 15.8242
    endloop
  endfacet
  facet normal 5.52259e-05 -0.978159 0.20786
    outer loop
      vertex -17.364 -4.29894 15.517
      vertex -16.9949 -4.24097 15.7897
      vertex -17.3681 -4.2663 15.6706
    endloop
  endfacet
  facet normal 3.08957e-05 -0.978152 0.207892
    outer loop
      vertex -17.3517 -4.3315 15.3638
      vertex -16.9949 -4.24097 15.7897
      vertex -17.364 -4.29894 15.517
    endloop
  endfacet
  facet normal 2.07194e-05 -0.97815 0.2079
    outer loop
      vertex -17.3312 -4.36387 15.2115
      vertex -16.9949 -4.24097 15.7897
      vertex -17.3517 -4.3315 15.3638
    endloop
  endfacet
  facet normal -0.000117622 -0.978134 0.207977
    outer loop
      vertex -17.3025 -4.39598 15.0605
      vertex -16.9949 -4.24097 15.7897
      vertex -17.3312 -4.36387 15.2115
    endloop
  endfacet
  facet normal 8.6095e-05 -0.978151 0.207895
    outer loop
      vertex -17.2659 -4.42773 14.9111
      vertex -16.9949 -4.24097 15.7897
      vertex -17.3025 -4.39598 15.0605
    endloop
  endfacet
  facet normal -8.88037e-07 -0.978146 0.20792
    outer loop
      vertex -17.2659 -4.42773 14.9111
      vertex -15.8298 -4.4316 14.8929
      vertex -16.9949 -4.24097 15.7897
    endloop
  endfacet
  facet normal -9.70136e-07 -0.978147 0.207914
    outer loop
      vertex -17.2213 -4.45904 14.7638
      vertex -15.8298 -4.4316 14.8929
      vertex -17.2659 -4.42773 14.9111
    endloop
  endfacet
  facet normal -1.81289e-06 -0.978145 0.207923
    outer loop
      vertex -17.1688 -4.48982 14.619
      vertex -15.8298 -4.4316 14.8929
      vertex -17.2213 -4.45904 14.7638
    endloop
  endfacet
  facet normal 1.74091e-05 -0.978164 0.207833
    outer loop
      vertex -17.1087 -4.51999 14.477
      vertex -15.8298 -4.4316 14.8929
      vertex -17.1688 -4.48982 14.619
    endloop
  endfacet
  facet normal -4.70463e-05 -0.978124 0.208022
    outer loop
      vertex -17.0411 -4.54947 14.3384
      vertex -15.8298 -4.4316 14.8929
      vertex -17.1087 -4.51999 14.477
    endloop
  endfacet
  facet normal -8.10914e-06 -0.978141 0.207941
    outer loop
      vertex -16.9662 -4.57817 14.2034
      vertex -15.8298 -4.4316 14.8929
      vertex -17.0411 -4.54947 14.3384
    endloop
  endfacet
  facet normal 2.37545e-05 -0.978152 0.207891
    outer loop
      vertex -16.8841 -4.60601 14.0724
      vertex -15.8298 -4.4316 14.8929
      vertex -16.9662 -4.57817 14.2034
    endloop
  endfacet
  facet normal 3.08367e-06 -0.978147 0.207916
    outer loop
      vertex -16.7951 -4.63292 13.9458
      vertex -15.8298 -4.4316 14.8929
      vertex -16.8841 -4.60601 14.0724
    endloop
  endfacet
  facet normal 7.26754e-06 -0.978147 0.207912
    outer loop
      vertex -16.6995 -4.65883 13.8239
      vertex -15.8298 -4.4316 14.8929
      vertex -16.7951 -4.63292 13.9458
    endloop
  endfacet
  facet normal -1.30315e-05 -0.978144 0.207928
    outer loop
      vertex -16.5975 -4.68366 13.7071
      vertex -15.8298 -4.4316 14.8929
      vertex -16.6995 -4.65883 13.8239
    endloop
  endfacet
  facet normal 5.98834e-05 -0.978154 0.207883
    outer loop
      vertex -16.4894 -4.70735 13.5956
      vertex -15.8298 -4.4316 14.8929
      vertex -16.5975 -4.68366 13.7071
    endloop
  endfacet
  facet normal -1.59934e-05 -0.978146 0.20792
    outer loop
      vertex -16.3755 -4.72982 13.4899
      vertex -15.8298 -4.4316 14.8929
      vertex -16.4894 -4.70735 13.5956
    endloop
  endfacet
  facet normal 2.08251e-05 -0.978149 0.207906
    outer loop
      vertex -16.2561 -4.75103 13.3901
      vertex -15.8298 -4.4316 14.8929
      vertex -16.3755 -4.72982 13.4899
    endloop
  endfacet
  facet normal -3.85606e-05 -0.978145 0.207922
    outer loop
      vertex -16.1314 -4.77091 13.2966
      vertex -15.8298 -4.4316 14.8929
      vertex -16.2561 -4.75103 13.3901
    endloop
  endfacet
  facet normal 9.38994e-05 -0.97815 0.207898
    outer loop
      vertex -16.002 -4.78941 13.2095
      vertex -15.8298 -4.4316 14.8929
      vertex -16.1314 -4.77091 13.2966
    endloop
  endfacet
  facet normal -6.97309e-06 -0.978148 0.207908
    outer loop
      vertex -15.8298 -4.4316 14.8929
      vertex -16.002 -4.78941 13.2095
      vertex -14.6153 -4.60841 14.0611
    endloop
  endfacet
  facet normal -5.25278e-05 -0.978133 0.207979
    outer loop
      vertex -15.8681 -4.80647 13.1293
      vertex -14.6153 -4.60841 14.0611
      vertex -16.002 -4.78941 13.2095
    endloop
  endfacet
  facet normal 1.57094e-06 -0.978148 0.207909
    outer loop
      vertex -15.7301 -4.82205 13.056
      vertex -14.6153 -4.60841 14.0611
      vertex -15.8681 -4.80647 13.1293
    endloop
  endfacet
  facet normal 5.0924e-05 -0.978159 0.207857
    outer loop
      vertex -15.5883 -4.83611 12.9898
      vertex -14.6153 -4.60841 14.0611
      vertex -15.7301 -4.82205 13.056
    endloop
  endfacet
  facet normal 3.78231e-05 -0.978157 0.207868
    outer loop
      vertex -15.4432 -4.8486 12.931
      vertex -14.6153 -4.60841 14.0611
      vertex -15.5883 -4.83611 12.9898
    endloop
  endfacet
  facet normal -9.49522e-05 -0.978137 0.207962
    outer loop
      vertex -15.2951 -4.8595 12.8798
      vertex -14.6153 -4.60841 14.0611
      vertex -15.4432 -4.8486 12.931
    endloop
  endfacet
  facet normal -5.20591e-05 -0.978159 0.207859
    outer loop
      vertex -13.0061 -4.82205 13.056
      vertex -13.3552 -4.77084 13.2969
      vertex -13.1479 -4.83611 12.9898
    endloop
  endfacet
  facet normal 7.12411e-05 -0.978122 0.20803
    outer loop
      vertex -13.3552 -4.77084 13.2969
      vertex -13.0061 -4.82205 13.056
      vertex -12.9547 -4.81624 13.0833
    endloop
  endfacet
  facet normal 4.7911e-05 -0.978154 0.207883
    outer loop
      vertex -15.1445 -4.86878 12.8361
      vertex -14.6153 -4.60841 14.0611
      vertex -15.2951 -4.8595 12.8798
    endloop
  endfacet
  facet normal -3.78684e-05 -0.978157 0.207869
    outer loop
      vertex -13.3552 -4.77084 13.2969
      vertex -13.293 -4.8486 12.931
      vertex -13.1479 -4.83611 12.9898
    endloop
  endfacet
  facet normal -6.29327e-05 -0.978144 0.207929
    outer loop
      vertex -14.9918 -4.8764 12.8003
      vertex -14.6153 -4.60841 14.0611
      vertex -15.1445 -4.86878 12.8361
    endloop
  endfacet
  facet normal 0.000119382 -0.978151 0.207894
    outer loop
      vertex -13.3552 -4.77084 13.2969
      vertex -13.441 -4.8595 12.8798
      vertex -13.293 -4.8486 12.931
    endloop
  endfacet
  facet normal 9.3425e-06 -0.978148 0.207908
    outer loop
      vertex -14.8374 -4.88235 12.7723
      vertex -14.6153 -4.60841 14.0611
      vertex -14.9918 -4.8764 12.8003
    endloop
  endfacet
  facet normal -6.21671e-05 -0.978144 0.20793
    outer loop
      vertex -13.3552 -4.77084 13.2969
      vertex -13.5916 -4.86878 12.8361
      vertex -13.441 -4.8595 12.8798
    endloop
  endfacet
  facet normal 1.43911e-05 -0.978149 0.207907
    outer loop
      vertex -14.6817 -4.88662 12.7522
      vertex -14.6153 -4.60841 14.0611
      vertex -14.8374 -4.88235 12.7723
    endloop
  endfacet
  facet normal 7.96459e-05 -0.978159 0.20786
    outer loop
      vertex -13.3552 -4.77084 13.2969
      vertex -13.7444 -4.8764 12.8003
      vertex -13.5916 -4.86878 12.8361
    endloop
  endfacet
  facet normal -5.8298e-05 -0.978148 0.207911
    outer loop
      vertex -14.5251 -4.88918 12.7402
      vertex -14.6153 -4.60841 14.0611
      vertex -14.6817 -4.88662 12.7522
    endloop
  endfacet
  facet normal -1.35322e-05 -0.978144 0.20793
    outer loop
      vertex -13.3552 -4.77084 13.2969
      vertex -13.8988 -4.88235 12.7723
      vertex -13.7444 -4.8764 12.8003
    endloop
  endfacet
  facet normal 0.000134154 -0.978145 0.207923
    outer loop
      vertex -14.3681 -4.89003 12.7361
      vertex -14.6153 -4.60841 14.0611
      vertex -14.5251 -4.88918 12.7402
    endloop
  endfacet
  facet normal -1.80964e-05 -0.978143 0.207935
    outer loop
      vertex -13.3552 -4.77084 13.2969
      vertex -14.0545 -4.88662 12.7522
      vertex -13.8988 -4.88235 12.7723
    endloop
  endfacet
  facet normal -0.000132855 -0.978155 0.207876
    outer loop
      vertex -14.2111 -4.88918 12.7402
      vertex -14.6153 -4.60841 14.0611
      vertex -14.3681 -4.89003 12.7361
    endloop
  endfacet
  facet normal 2.76831e-06 -0.978148 0.207909
    outer loop
      vertex -14.6153 -4.60841 14.0611
      vertex -14.0545 -4.88662 12.7522
      vertex -13.3552 -4.77084 13.2969
    endloop
  endfacet
  facet normal 5.6664e-05 -0.978143 0.207931
    outer loop
      vertex -14.0545 -4.88662 12.7522
      vertex -14.6153 -4.60841 14.0611
      vertex -14.2111 -4.88918 12.7402
    endloop
  endfacet
  facet normal -9.51696e-06 -0.97815 0.207901
    outer loop
      vertex 16.9949 -4.24097 15.7897
      vertex 17.3517 -4.2011 15.9773
      vertex 17.3372 -4.17823 16.0849
    endloop
  endfacet
  facet normal -3.92227e-05 -0.978138 0.207955
    outer loop
      vertex 17.3517 -4.2011 15.9773
      vertex 16.9949 -4.24097 15.7897
      vertex 17.364 -4.23365 15.8242
    endloop
  endfacet
  facet normal -3.56768e-05 -0.978146 0.207919
    outer loop
      vertex 16.9949 -4.24097 15.7897
      vertex 17.3681 -4.2663 15.6706
      vertex 17.364 -4.23365 15.8242
    endloop
  endfacet
  facet normal -5.52259e-05 -0.978159 0.20786
    outer loop
      vertex 16.9949 -4.24097 15.7897
      vertex 17.364 -4.29894 15.517
      vertex 17.3681 -4.2663 15.6706
    endloop
  endfacet
  facet normal -3.08957e-05 -0.978152 0.207892
    outer loop
      vertex 16.9949 -4.24097 15.7897
      vertex 17.3517 -4.3315 15.3638
      vertex 17.364 -4.29894 15.517
    endloop
  endfacet
  facet normal -2.07194e-05 -0.97815 0.2079
    outer loop
      vertex 16.9949 -4.24097 15.7897
      vertex 17.3312 -4.36387 15.2115
      vertex 17.3517 -4.3315 15.3638
    endloop
  endfacet
  facet normal 0.000117622 -0.978134 0.207977
    outer loop
      vertex 16.9949 -4.24097 15.7897
      vertex 17.3025 -4.39598 15.0605
      vertex 17.3312 -4.36387 15.2115
    endloop
  endfacet
  facet normal -8.6095e-05 -0.978151 0.207895
    outer loop
      vertex 16.9949 -4.24097 15.7897
      vertex 17.2659 -4.42773 14.9111
      vertex 17.3025 -4.39598 15.0605
    endloop
  endfacet
  facet normal 8.88037e-07 -0.978146 0.20792
    outer loop
      vertex 15.8298 -4.4316 14.8929
      vertex 17.2659 -4.42773 14.9111
      vertex 16.9949 -4.24097 15.7897
    endloop
  endfacet
  facet normal 9.70136e-07 -0.978147 0.207914
    outer loop
      vertex 15.8298 -4.4316 14.8929
      vertex 17.2213 -4.45904 14.7638
      vertex 17.2659 -4.42773 14.9111
    endloop
  endfacet
  facet normal 1.81289e-06 -0.978145 0.207923
    outer loop
      vertex 15.8298 -4.4316 14.8929
      vertex 17.1688 -4.48982 14.619
      vertex 17.2213 -4.45904 14.7638
    endloop
  endfacet
  facet normal -1.74091e-05 -0.978164 0.207833
    outer loop
      vertex 15.8298 -4.4316 14.8929
      vertex 17.1087 -4.51999 14.477
      vertex 17.1688 -4.48982 14.619
    endloop
  endfacet
  facet normal 4.70463e-05 -0.978124 0.208022
    outer loop
      vertex 15.8298 -4.4316 14.8929
      vertex 17.0411 -4.54947 14.3384
      vertex 17.1087 -4.51999 14.477
    endloop
  endfacet
  facet normal 8.10914e-06 -0.978141 0.207941
    outer loop
      vertex 15.8298 -4.4316 14.8929
      vertex 16.9662 -4.57817 14.2034
      vertex 17.0411 -4.54947 14.3384
    endloop
  endfacet
  facet normal -2.37545e-05 -0.978152 0.207891
    outer loop
      vertex 15.8298 -4.4316 14.8929
      vertex 16.8841 -4.60601 14.0724
      vertex 16.9662 -4.57817 14.2034
    endloop
  endfacet
  facet normal 6.97309e-06 -0.978148 0.207908
    outer loop
      vertex 16.002 -4.78941 13.2095
      vertex 15.8298 -4.4316 14.8929
      vertex 14.6153 -4.60841 14.0611
    endloop
  endfacet
  facet normal -3.08367e-06 -0.978147 0.207916
    outer loop
      vertex 15.8298 -4.4316 14.8929
      vertex 16.7951 -4.63292 13.9458
      vertex 16.8841 -4.60601 14.0724
    endloop
  endfacet
  facet normal -7.26754e-06 -0.978147 0.207912
    outer loop
      vertex 15.8298 -4.4316 14.8929
      vertex 16.6995 -4.65883 13.8239
      vertex 16.7951 -4.63292 13.9458
    endloop
  endfacet
  facet normal 1.30315e-05 -0.978144 0.207928
    outer loop
      vertex 15.8298 -4.4316 14.8929
      vertex 16.5975 -4.68366 13.7071
      vertex 16.6995 -4.65883 13.8239
    endloop
  endfacet
  facet normal -5.98834e-05 -0.978154 0.207883
    outer loop
      vertex 15.8298 -4.4316 14.8929
      vertex 16.4894 -4.70735 13.5956
      vertex 16.5975 -4.68366 13.7071
    endloop
  endfacet
  facet normal 1.59934e-05 -0.978146 0.20792
    outer loop
      vertex 15.8298 -4.4316 14.8929
      vertex 16.3755 -4.72982 13.4899
      vertex 16.4894 -4.70735 13.5956
    endloop
  endfacet
  facet normal -2.08251e-05 -0.978149 0.207906
    outer loop
      vertex 15.8298 -4.4316 14.8929
      vertex 16.2561 -4.75103 13.3901
      vertex 16.3755 -4.72982 13.4899
    endloop
  endfacet
  facet normal -2.76831e-06 -0.978148 0.207909
    outer loop
      vertex 14.0545 -4.88662 12.7522
      vertex 14.6153 -4.60841 14.0611
      vertex 13.3552 -4.77084 13.2969
    endloop
  endfacet
  facet normal 3.85606e-05 -0.978145 0.207922
    outer loop
      vertex 15.8298 -4.4316 14.8929
      vertex 16.1314 -4.77091 13.2966
      vertex 16.2561 -4.75103 13.3901
    endloop
  endfacet
  facet normal -9.38994e-05 -0.97815 0.207898
    outer loop
      vertex 15.8298 -4.4316 14.8929
      vertex 16.002 -4.78941 13.2095
      vertex 16.1314 -4.77091 13.2966
    endloop
  endfacet
  facet normal 5.25278e-05 -0.978133 0.207979
    outer loop
      vertex 14.6153 -4.60841 14.0611
      vertex 15.8681 -4.80647 13.1293
      vertex 16.002 -4.78941 13.2095
    endloop
  endfacet
  facet normal -7.12411e-05 -0.978122 0.20803
    outer loop
      vertex 13.0061 -4.82205 13.056
      vertex 13.3552 -4.77084 13.2969
      vertex 12.9547 -4.81624 13.0833
    endloop
  endfacet
  facet normal 5.20591e-05 -0.978159 0.207859
    outer loop
      vertex 13.3552 -4.77084 13.2969
      vertex 13.0061 -4.82205 13.056
      vertex 13.1479 -4.83611 12.9898
    endloop
  endfacet
  facet normal -1.57094e-06 -0.978148 0.207909
    outer loop
      vertex 14.6153 -4.60841 14.0611
      vertex 15.7301 -4.82205 13.056
      vertex 15.8681 -4.80647 13.1293
    endloop
  endfacet
  facet normal 3.78684e-05 -0.978157 0.207869
    outer loop
      vertex 13.293 -4.8486 12.931
      vertex 13.3552 -4.77084 13.2969
      vertex 13.1479 -4.83611 12.9898
    endloop
  endfacet
  facet normal -5.0924e-05 -0.978159 0.207857
    outer loop
      vertex 14.6153 -4.60841 14.0611
      vertex 15.5883 -4.83611 12.9898
      vertex 15.7301 -4.82205 13.056
    endloop
  endfacet
  facet normal -0.000119382 -0.978151 0.207894
    outer loop
      vertex 13.441 -4.8595 12.8798
      vertex 13.3552 -4.77084 13.2969
      vertex 13.293 -4.8486 12.931
    endloop
  endfacet
  facet normal -3.78231e-05 -0.978157 0.207868
    outer loop
      vertex 14.6153 -4.60841 14.0611
      vertex 15.4432 -4.8486 12.931
      vertex 15.5883 -4.83611 12.9898
    endloop
  endfacet
  facet normal 6.21671e-05 -0.978144 0.20793
    outer loop
      vertex 13.5916 -4.86878 12.8361
      vertex 13.3552 -4.77084 13.2969
      vertex 13.441 -4.8595 12.8798
    endloop
  endfacet
  facet normal 9.49522e-05 -0.978137 0.207962
    outer loop
      vertex 14.6153 -4.60841 14.0611
      vertex 15.2951 -4.8595 12.8798
      vertex 15.4432 -4.8486 12.931
    endloop
  endfacet
  facet normal -7.96459e-05 -0.978159 0.20786
    outer loop
      vertex 13.7444 -4.8764 12.8003
      vertex 13.3552 -4.77084 13.2969
      vertex 13.5916 -4.86878 12.8361
    endloop
  endfacet
  facet normal -4.7911e-05 -0.978154 0.207883
    outer loop
      vertex 14.6153 -4.60841 14.0611
      vertex 15.1445 -4.86878 12.8361
      vertex 15.2951 -4.8595 12.8798
    endloop
  endfacet
  facet normal 1.35322e-05 -0.978144 0.20793
    outer loop
      vertex 13.8988 -4.88235 12.7723
      vertex 13.3552 -4.77084 13.2969
      vertex 13.7444 -4.8764 12.8003
    endloop
  endfacet
  facet normal 6.29327e-05 -0.978144 0.207929
    outer loop
      vertex 14.6153 -4.60841 14.0611
      vertex 14.9918 -4.8764 12.8003
      vertex 15.1445 -4.86878 12.8361
    endloop
  endfacet
  facet normal 1.80964e-05 -0.978143 0.207935
    outer loop
      vertex 14.0545 -4.88662 12.7522
      vertex 13.3552 -4.77084 13.2969
      vertex 13.8988 -4.88235 12.7723
    endloop
  endfacet
  facet normal -9.3425e-06 -0.978148 0.207908
    outer loop
      vertex 14.6153 -4.60841 14.0611
      vertex 14.8374 -4.88235 12.7723
      vertex 14.9918 -4.8764 12.8003
    endloop
  endfacet
  facet normal -5.6664e-05 -0.978143 0.207931
    outer loop
      vertex 14.6153 -4.60841 14.0611
      vertex 14.0545 -4.88662 12.7522
      vertex 14.2111 -4.88918 12.7402
    endloop
  endfacet
  facet normal -1.43911e-05 -0.978149 0.207907
    outer loop
      vertex 14.6153 -4.60841 14.0611
      vertex 14.6817 -4.88662 12.7522
      vertex 14.8374 -4.88235 12.7723
    endloop
  endfacet
  facet normal 0.000132855 -0.978155 0.207876
    outer loop
      vertex 14.6153 -4.60841 14.0611
      vertex 14.2111 -4.88918 12.7402
      vertex 14.3681 -4.89003 12.7361
    endloop
  endfacet
  facet normal 5.8298e-05 -0.978148 0.207911
    outer loop
      vertex 14.6153 -4.60841 14.0611
      vertex 14.5251 -4.88918 12.7402
      vertex 14.6817 -4.88662 12.7522
    endloop
  endfacet
  facet normal -0.000134154 -0.978145 0.207923
    outer loop
      vertex 14.6153 -4.60841 14.0611
      vertex 14.3681 -4.89003 12.7361
      vertex 14.5251 -4.88918 12.7402
    endloop
  endfacet
  facet normal -0.0781132 -0.207289 -0.975156
    outer loop
      vertex -14.6817 -4.88662 12.7522
      vertex -14.5251 -0.976588 11.9085
      vertex -14.5251 -4.88918 12.7402
    endloop
  endfacet
  facet normal -0.0787361 -0.207255 -0.975113
    outer loop
      vertex -14.5251 -0.976588 11.9085
      vertex -14.6817 -4.88662 12.7522
      vertex -14.6817 -0.974025 11.9206
    endloop
  endfacet
  facet normal 0.477205 -0.182722 -0.859586
    outer loop
      vertex -13.0061 -0.909459 12.2243
      vertex -12.9547 -4.81624 13.0833
      vertex -13.0061 -4.82205 13.056
    endloop
  endfacet
  facet normal 0.477194 -0.182724 -0.859592
    outer loop
      vertex -12.9547 -4.81624 13.0833
      vertex -13.0061 -0.909459 12.2243
      vertex -12.9547 -0.903653 12.2516
    endloop
  endfacet
  facet normal -0.983175 -0.0379764 -0.178675
    outer loop
      vertex -17.3025 -0.483389 14.2288
      vertex -17.3312 -4.36387 15.2115
      vertex -17.3312 -0.451281 14.3799
    endloop
  endfacet
  facet normal -0.983154 -0.0380039 -0.178783
    outer loop
      vertex -17.3312 -4.36387 15.2115
      vertex -17.3025 -0.483389 14.2288
      vertex -17.3025 -4.39598 15.0605
    endloop
  endfacet
  facet normal 0.18229 -0.204441 -0.961756
    outer loop
      vertex -13.8988 -0.969763 11.9406
      vertex -13.7444 -4.8764 12.8003
      vertex -13.8988 -4.88235 12.7723
    endloop
  endfacet
  facet normal 0.182291 -0.204441 -0.961756
    outer loop
      vertex -13.7444 -4.8764 12.8003
      vertex -13.8988 -0.969763 11.9406
      vertex -13.7444 -0.963812 11.9686
    endloop
  endfacet
  facet normal 0.232952 -0.202204 -0.951234
    outer loop
      vertex -13.7444 -0.963812 11.9686
      vertex -13.5916 -4.86878 12.8361
      vertex -13.7444 -4.8764 12.8003
    endloop
  endfacet
  facet normal 0.233544 -0.202151 -0.9511
    outer loop
      vertex -13.5916 -4.86878 12.8361
      vertex -13.7444 -0.963812 11.9686
      vertex -13.5916 -0.956189 12.0045
    endloop
  endfacet
  facet normal -0.0266601 -0.207827 -0.977802
    outer loop
      vertex -14.5251 -4.88918 12.7402
      vertex -14.3681 -0.977442 11.9045
      vertex -14.3681 -4.89003 12.7361
    endloop
  endfacet
  facet normal -0.0260431 -0.207854 -0.977813
    outer loop
      vertex -14.3681 -0.977442 11.9045
      vertex -14.5251 -4.88918 12.7402
      vertex -14.5251 -0.976588 11.9085
    endloop
  endfacet
  facet normal 0.0781132 -0.207289 -0.975156
    outer loop
      vertex -14.2111 -0.976588 11.9085
      vertex -14.0545 -4.88662 12.7522
      vertex -14.2111 -4.88918 12.7402
    endloop
  endfacet
  facet normal 0.0787361 -0.207255 -0.975113
    outer loop
      vertex -14.0545 -4.88662 12.7522
      vertex -14.2111 -0.976588 11.9085
      vertex -14.0545 -0.974025 11.9206
    endloop
  endfacet
  facet normal -0.991424 0.0271693 0.127828
    outer loop
      vertex -17.3517 -0.288509 15.1457
      vertex -17.3372 -4.17823 16.0849
      vertex -17.3372 -0.265641 15.2533
    endloop
  endfacet
  facet normal -0.991424 0.0271691 0.127828
    outer loop
      vertex -17.3372 -4.17823 16.0849
      vertex -17.3517 -0.288509 15.1457
      vertex -17.3517 -4.2011 15.9773
    endloop
  endfacet
  facet normal -0.00293753 0.977848 -0.209297
    outer loop
      vertex 16.4438 5.43477 42.0716
      vertex 16 5.6262 42.9722
      vertex 16.0381 5.61161 42.9035
    endloop
  endfacet
  facet normal 0.00026314 0.978174 -0.207789
    outer loop
      vertex 16.8044 5.25375 41.2199
      vertex 16 5.6262 42.9722
      vertex 16.4438 5.43477 42.0716
    endloop
  endfacet
  facet normal -6.94313e-05 0.978143 -0.207935
    outer loop
      vertex 17.119 5.06906 40.351
      vertex 16 5.6262 42.9722
      vertex 16.8044 5.25375 41.2199
    endloop
  endfacet
  facet normal -6.23093e-05 0.978143 -0.207932
    outer loop
      vertex 17.3867 4.8812 39.4672
      vertex 16 5.6262 42.9722
      vertex 17.119 5.06906 40.351
    endloop
  endfacet
  facet normal -6.03307e-05 0.978143 -0.207932
    outer loop
      vertex 17.6067 4.69068 38.5709
      vertex 16 5.6262 42.9722
      vertex 17.3867 4.8812 39.4672
    endloop
  endfacet
  facet normal -6.79639e-05 0.978143 -0.207934
    outer loop
      vertex 17.7784 4.49803 37.6646
      vertex 16 5.6262 42.9722
      vertex 17.6067 4.69068 38.5709
    endloop
  endfacet
  facet normal 3.34581e-05 0.97815 -0.207902
    outer loop
      vertex 17.9014 4.30378 36.7507
      vertex 16 5.6262 42.9722
      vertex 17.7784 4.49803 37.6646
    endloop
  endfacet
  facet normal 4.43527e-05 0.97815 -0.207899
    outer loop
      vertex 17.9753 4.10845 35.8317
      vertex 16 5.6262 42.9722
      vertex 17.9014 4.30378 36.7507
    endloop
  endfacet
  facet normal -4.96788e-05 0.978145 -0.207924
    outer loop
      vertex 18 3.91259 34.9103
      vertex 16 5.6262 42.9722
      vertex 17.9753 4.10845 35.8317
    endloop
  endfacet
  facet normal 4.20937e-05 0.97815 -0.207902
    outer loop
      vertex 17.9753 3.71673 33.9888
      vertex 16 5.6262 42.9722
      vertex 18 3.91259 34.9103
    endloop
  endfacet
  facet normal -4.5589e-05 0.978146 -0.20792
    outer loop
      vertex 17.9014 3.5214 33.0699
      vertex 16 5.6262 42.9722
      vertex 17.9753 3.71673 33.9888
    endloop
  endfacet
  facet normal 1.81835e-05 0.978148 -0.207908
    outer loop
      vertex 17.7784 3.32715 32.156
      vertex 16 5.6262 42.9722
      vertex 17.9014 3.5214 33.0699
    endloop
  endfacet
  facet normal -3.15573e-05 0.978147 -0.207916
    outer loop
      vertex 17.6067 3.1345 31.2497
      vertex 16 5.6262 42.9722
      vertex 17.7784 3.32715 32.156
    endloop
  endfacet
  facet normal 4.60406e-05 0.978149 -0.207906
    outer loop
      vertex 17.3867 2.94398 30.3533
      vertex 16 5.6262 42.9722
      vertex 17.6067 3.1345 31.2497
    endloop
  endfacet
  facet normal -8.60896e-06 0.978148 -0.207912
    outer loop
      vertex 17.119 2.75612 29.4695
      vertex 16 5.6262 42.9722
      vertex 17.3867 2.94398 30.3533
    endloop
  endfacet
  facet normal -2.15669e-07 0.978148 -0.207911
    outer loop
      vertex 16.8044 2.57143 28.6006
      vertex 16 5.6262 42.9722
      vertex 17.119 2.75612 29.4695
    endloop
  endfacet
  facet normal -1.74877e-05 0.978148 -0.207912
    outer loop
      vertex 16.4438 2.39041 27.749
      vertex 16 5.6262 42.9722
      vertex 16.8044 2.57143 28.6006
    endloop
  endfacet
  facet normal -0.00193635 0.978339 -0.207
    outer loop
      vertex 16 2.19898 26.8484
      vertex 16.4438 2.39041 27.749
      vertex 16.0381 2.21357 26.917
    endloop
  endfacet
  facet normal -3.37662e-06 0.978148 -0.207912
    outer loop
      vertex 16.4438 2.39041 27.749
      vertex 16 2.19898 26.8484
      vertex 16 5.6262 42.9722
    endloop
  endfacet
  facet normal 0 0.978087 -0.208199
    outer loop
      vertex 0.942047 7.64987 52.4928
      vertex -0.942047 7.64987 52.4928
      vertex 0 7.655 52.5169
    endloop
  endfacet
  facet normal 0 0.978142 -0.20794
    outer loop
      vertex 1.88151 7.6345 52.4205
      vertex -0.942047 7.64987 52.4928
      vertex 0.942047 7.64987 52.4928
    endloop
  endfacet
  facet normal 0 0.978142 -0.20794
    outer loop
      vertex 1.88151 7.6345 52.4205
      vertex -1.88151 7.6345 52.4205
      vertex -0.942047 7.64987 52.4928
    endloop
  endfacet
  facet normal 0 0.978149 -0.207907
    outer loop
      vertex 2.81582 7.60893 52.3002
      vertex -1.88151 7.6345 52.4205
      vertex 1.88151 7.6345 52.4205
    endloop
  endfacet
  facet normal 0 0.978149 -0.207907
    outer loop
      vertex 2.81582 7.60893 52.3002
      vertex -2.81582 7.60893 52.3002
      vertex -1.88151 7.6345 52.4205
    endloop
  endfacet
  facet normal 0 0.978147 -0.207914
    outer loop
      vertex 3.74241 7.57322 52.1322
      vertex -2.81582 7.60893 52.3002
      vertex 2.81582 7.60893 52.3002
    endloop
  endfacet
  facet normal 0 0.978147 -0.207914
    outer loop
      vertex 3.74241 7.57322 52.1322
      vertex -3.74241 7.57322 52.1322
      vertex -2.81582 7.60893 52.3002
    endloop
  endfacet
  facet normal 0 0.97815 -0.207902
    outer loop
      vertex 4.65874 7.52748 51.917
      vertex -3.74241 7.57322 52.1322
      vertex 3.74241 7.57322 52.1322
    endloop
  endfacet
  facet normal 0 0.97815 -0.207902
    outer loop
      vertex 4.65874 7.52748 51.917
      vertex -4.65874 7.52748 51.917
      vertex -3.74241 7.57322 52.1322
    endloop
  endfacet
  facet normal 0 0.978146 -0.207921
    outer loop
      vertex 5.56231 7.47183 51.6552
      vertex -4.65874 7.52748 51.917
      vertex 4.65874 7.52748 51.917
    endloop
  endfacet
  facet normal 0 0.978146 -0.207921
    outer loop
      vertex 5.56231 7.47183 51.6552
      vertex -5.56231 7.47183 51.6552
      vertex -4.65874 7.52748 51.917
    endloop
  endfacet
  facet normal 0 0.97815 -0.207901
    outer loop
      vertex 6.45062 7.40643 51.3475
      vertex -5.56231 7.47183 51.6552
      vertex 5.56231 7.47183 51.6552
    endloop
  endfacet
  facet normal 0 0.97815 -0.207901
    outer loop
      vertex 6.45062 7.40643 51.3475
      vertex -6.45062 7.40643 51.3475
      vertex -5.56231 7.47183 51.6552
    endloop
  endfacet
  facet normal 0 0.978141 -0.207942
    outer loop
      vertex 7.32126 7.33145 50.9948
      vertex -6.45062 7.40643 51.3475
      vertex 6.45062 7.40643 51.3475
    endloop
  endfacet
  facet normal 0 0.978141 -0.207942
    outer loop
      vertex 7.32126 7.33145 50.9948
      vertex -7.32126 7.33145 50.9948
      vertex -6.45062 7.40643 51.3475
    endloop
  endfacet
  facet normal 0.000710826 0.978463 -0.206422
    outer loop
      vertex 8.24203 7.23918 50.5606
      vertex 7.32126 7.33145 50.9948
      vertex 8.17183 7.2471 50.5979
    endloop
  endfacet
  facet normal 0 0.978158 -0.207864
    outer loop
      vertex 7.32126 7.33145 50.9948
      vertex 8.24203 7.23918 50.5606
      vertex -7.32126 7.33145 50.9948
    endloop
  endfacet
  facet normal 0 0.978158 -0.207864
    outer loop
      vertex -8.24203 7.23918 50.5606
      vertex -7.32126 7.33145 50.9948
      vertex 8.24203 7.23918 50.5606
    endloop
  endfacet
  facet normal -0.000710826 0.978463 -0.206422
    outer loop
      vertex -7.32126 7.33145 50.9948
      vertex -8.24203 7.23918 50.5606
      vertex -8.17183 7.2471 50.5979
    endloop
  endfacet
  facet normal 0.00293753 0.977848 -0.209297
    outer loop
      vertex -16 5.6262 42.9722
      vertex -16.4438 5.43477 42.0716
      vertex -16.0381 5.61161 42.9035
    endloop
  endfacet
  facet normal -0.00026314 0.978174 -0.207789
    outer loop
      vertex -16 5.6262 42.9722
      vertex -16.8044 5.25375 41.2199
      vertex -16.4438 5.43477 42.0716
    endloop
  endfacet
  facet normal 6.94313e-05 0.978143 -0.207935
    outer loop
      vertex -16 5.6262 42.9722
      vertex -17.119 5.06906 40.351
      vertex -16.8044 5.25375 41.2199
    endloop
  endfacet
  facet normal 6.23093e-05 0.978143 -0.207932
    outer loop
      vertex -16 5.6262 42.9722
      vertex -17.3867 4.8812 39.4672
      vertex -17.119 5.06906 40.351
    endloop
  endfacet
  facet normal 6.03307e-05 0.978143 -0.207932
    outer loop
      vertex -16 5.6262 42.9722
      vertex -17.6067 4.69068 38.5709
      vertex -17.3867 4.8812 39.4672
    endloop
  endfacet
  facet normal 6.79639e-05 0.978143 -0.207934
    outer loop
      vertex -16 5.6262 42.9722
      vertex -17.7784 4.49803 37.6646
      vertex -17.6067 4.69068 38.5709
    endloop
  endfacet
  facet normal -3.34581e-05 0.97815 -0.207902
    outer loop
      vertex -16 5.6262 42.9722
      vertex -17.9014 4.30378 36.7507
      vertex -17.7784 4.49803 37.6646
    endloop
  endfacet
  facet normal -4.43527e-05 0.97815 -0.207899
    outer loop
      vertex -16 5.6262 42.9722
      vertex -17.9753 4.10845 35.8317
      vertex -17.9014 4.30378 36.7507
    endloop
  endfacet
  facet normal 4.96788e-05 0.978145 -0.207924
    outer loop
      vertex -16 5.6262 42.9722
      vertex -18 3.91259 34.9103
      vertex -17.9753 4.10845 35.8317
    endloop
  endfacet
  facet normal -4.20937e-05 0.97815 -0.207902
    outer loop
      vertex -16 5.6262 42.9722
      vertex -17.9753 3.71673 33.9888
      vertex -18 3.91259 34.9103
    endloop
  endfacet
  facet normal 4.5589e-05 0.978146 -0.20792
    outer loop
      vertex -16 5.6262 42.9722
      vertex -17.9014 3.5214 33.0699
      vertex -17.9753 3.71673 33.9888
    endloop
  endfacet
  facet normal -1.81835e-05 0.978148 -0.207908
    outer loop
      vertex -16 5.6262 42.9722
      vertex -17.7784 3.32715 32.156
      vertex -17.9014 3.5214 33.0699
    endloop
  endfacet
  facet normal 3.15573e-05 0.978147 -0.207916
    outer loop
      vertex -16 5.6262 42.9722
      vertex -17.6067 3.1345 31.2497
      vertex -17.7784 3.32715 32.156
    endloop
  endfacet
  facet normal -4.60406e-05 0.978149 -0.207906
    outer loop
      vertex -16 5.6262 42.9722
      vertex -17.3867 2.94398 30.3533
      vertex -17.6067 3.1345 31.2497
    endloop
  endfacet
  facet normal 8.60896e-06 0.978148 -0.207912
    outer loop
      vertex -16 5.6262 42.9722
      vertex -17.119 2.75612 29.4695
      vertex -17.3867 2.94398 30.3533
    endloop
  endfacet
  facet normal 2.15669e-07 0.978148 -0.207911
    outer loop
      vertex -16 5.6262 42.9722
      vertex -16.8044 2.57143 28.6006
      vertex -17.119 2.75612 29.4695
    endloop
  endfacet
  facet normal 1.74877e-05 0.978148 -0.207912
    outer loop
      vertex -16 5.6262 42.9722
      vertex -16.4438 2.39041 27.749
      vertex -16.8044 2.57143 28.6006
    endloop
  endfacet
  facet normal 3.37662e-06 0.978148 -0.207912
    outer loop
      vertex -16 2.19898 26.8484
      vertex -16.4438 2.39041 27.749
      vertex -16 5.6262 42.9722
    endloop
  endfacet
  facet normal 0.00193635 0.978339 -0.207
    outer loop
      vertex -16.4438 2.39041 27.749
      vertex -16 2.19898 26.8484
      vertex -16.0381 2.21357 26.917
    endloop
  endfacet
  facet normal 0 0.978149 -0.207905
    outer loop
      vertex -12.0534 -1.00581 11.771
      vertex -11.7149 -0.590298 13.7259
      vertex -11.0351 -0.590298 13.7259
    endloop
  endfacet
  facet normal -0.000113492 0.978169 -0.207809
    outer loop
      vertex -13.1479 -0.923518 12.1582
      vertex -11.7149 -0.590298 13.7259
      vertex -12.9547 -0.903653 12.2516
    endloop
  endfacet
  facet normal 2.51172e-07 0.978159 -0.20786
    outer loop
      vertex -11.7149 -0.590298 13.7259
      vertex -17.0411 -0.636877 13.5067
      vertex -17.1087 -0.607403 13.6454
    endloop
  endfacet
  facet normal 3.24064e-06 0.978144 -0.20793
    outer loop
      vertex -11.7149 -0.590298 13.7259
      vertex -16.9662 -0.665575 13.3717
      vertex -17.0411 -0.636877 13.5067
    endloop
  endfacet
  facet normal 9.5987e-07 0.978151 -0.207897
    outer loop
      vertex -11.7149 -0.590298 13.7259
      vertex -16.8841 -0.693418 13.2407
      vertex -16.9662 -0.665575 13.3717
    endloop
  endfacet
  facet normal 3.80039e-06 0.978144 -0.207926
    outer loop
      vertex -11.7149 -0.590298 13.7259
      vertex -16.7951 -0.72033 13.1141
      vertex -16.8841 -0.693418 13.2407
    endloop
  endfacet
  facet normal -2.32356e-06 0.978155 -0.207878
    outer loop
      vertex -11.7149 -0.590298 13.7259
      vertex -16.6995 -0.746236 12.9922
      vertex -16.7951 -0.72033 13.1141
    endloop
  endfacet
  facet normal 8.45587e-06 0.97814 -0.207948
    outer loop
      vertex -11.7149 -0.590298 13.7259
      vertex -16.5975 -0.771068 12.8754
      vertex -16.6995 -0.746236 12.9922
    endloop
  endfacet
  facet normal 1.23301e-05 0.978135 -0.207969
    outer loop
      vertex -11.7149 -0.590298 13.7259
      vertex -16.4894 -0.794755 12.764
      vertex -16.5975 -0.771068 12.8754
    endloop
  endfacet
  facet normal -1.5853e-05 0.978164 -0.207835
    outer loop
      vertex -11.7149 -0.590298 13.7259
      vertex -16.3755 -0.817233 12.6582
      vertex -16.4894 -0.794755 12.764
    endloop
  endfacet
  facet normal -8.9117e-06 0.978158 -0.207864
    outer loop
      vertex -11.7149 -0.590298 13.7259
      vertex -16.2561 -0.83844 12.5584
      vertex -16.3755 -0.817233 12.6582
    endloop
  endfacet
  facet normal 1.27897e-05 0.978141 -0.207945
    outer loop
      vertex -11.7149 -0.590298 13.7259
      vertex -16.1314 -0.858319 12.4649
      vertex -16.2561 -0.83844 12.5584
    endloop
  endfacet
  facet normal 1.00582e-05 0.978142 -0.207936
    outer loop
      vertex -11.7149 -0.590298 13.7259
      vertex -16.002 -0.876815 12.3779
      vertex -16.1314 -0.858319 12.4649
    endloop
  endfacet
  facet normal -1.19133e-05 0.978157 -0.207869
    outer loop
      vertex -11.7149 -0.590298 13.7259
      vertex -15.8681 -0.893878 12.2976
      vertex -16.002 -0.876815 12.3779
    endloop
  endfacet
  facet normal 5.9219e-06 0.978149 -0.207906
    outer loop
      vertex -11.7149 -0.590298 13.7259
      vertex -12.0534 -1.00581 11.771
      vertex -12.9547 -0.903653 12.2516
    endloop
  endfacet
  facet normal -5.66844e-05 0.978145 -0.207925
    outer loop
      vertex -15.9781 0.291159 17.8728
      vertex -16.0611 0.331649 18.0633
      vertex -15.9884 0.318325 18.0006
    endloop
  endfacet
  facet normal 4.92155e-05 0.978154 -0.207881
    outer loop
      vertex -15.9508 0.247994 17.6697
      vertex -16.0611 0.331649 18.0633
      vertex -15.9781 0.291159 17.8728
    endloop
  endfacet
  facet normal 6.45482e-06 0.978145 -0.207925
    outer loop
      vertex -18.1071 -0.124522 15.9172
      vertex -15.9508 0.247994 17.6697
      vertex -15.9126 0.205182 17.4683
    endloop
  endfacet
  facet normal -1.25216e-05 0.97815 -0.207899
    outer loop
      vertex -18.1071 -0.124522 15.9172
      vertex -15.9126 0.205182 17.4683
      vertex -15.8882 0.184013 17.3687
    endloop
  endfacet
  facet normal -1.80484e-05 0.978152 -0.207891
    outer loop
      vertex -18.1071 -0.124522 15.9172
      vertex -15.8882 0.184013 17.3687
      vertex -15.8637 0.162845 17.2691
    endloop
  endfacet
  facet normal 8.63361e-08 0.978146 -0.207921
    outer loop
      vertex -18.1071 -0.124522 15.9172
      vertex -15.834 0.141972 17.1709
      vertex -15.8042 0.121098 17.0727
    endloop
  endfacet
  facet normal -4.81103e-05 0.978169 -0.207811
    outer loop
      vertex -18.1071 -0.124522 15.9172
      vertex -15.7693 0.100577 16.9762
      vertex -15.7343 0.0800561 16.8796
    endloop
  endfacet
  facet normal -1.58736e-05 0.97815 -0.207899
    outer loop
      vertex -15.9508 0.247994 17.6697
      vertex -18.1071 -0.124522 15.9172
      vertex -16.0611 0.331649 18.0633
    endloop
  endfacet
  facet normal -4.62196e-06 0.978147 -0.207913
    outer loop
      vertex -15.834 0.141972 17.1709
      vertex -18.1071 -0.124522 15.9172
      vertex -15.8637 0.162845 17.2691
    endloop
  endfacet
  facet normal 3.60824e-05 0.978131 -0.207989
    outer loop
      vertex -15.7693 0.100577 16.9762
      vertex -18.1071 -0.124522 15.9172
      vertex -15.8042 0.121098 17.0727
    endloop
  endfacet
  facet normal 3.52057e-05 0.978139 -0.207954
    outer loop
      vertex -17.3372 -0.265641 15.2533
      vertex -15.7343 0.0800561 16.8796
      vertex -15.6542 0.0398289 16.6904
    endloop
  endfacet
  facet normal -1.6474e-05 0.978151 -0.207896
    outer loop
      vertex -17.3372 -0.265641 15.2533
      vertex -15.6542 0.0398289 16.6904
      vertex -15.412 -0.0792108 16.1303
    endloop
  endfacet
  facet normal 0.000414501 0.977958 -0.208801
    outer loop
      vertex -17.3372 -0.265641 15.2533
      vertex -15.412 -0.0792108 16.1303
      vertex -15.407 -0.0814761 16.1197
    endloop
  endfacet
  facet normal -2.92011e-05 0.978159 -0.207856
    outer loop
      vertex -17.3372 -0.265641 15.2533
      vertex -15.407 -0.0814761 16.1197
      vertex -15.3216 -0.118703 15.9445
    endloop
  endfacet
  facet normal 0.000303315 0.977962 -0.208783
    outer loop
      vertex -17.3372 -0.265641 15.2533
      vertex -15.3216 -0.118703 15.9445
      vertex -15.3162 -0.120989 15.9338
    endloop
  endfacet
  facet normal -8.17385e-05 0.978195 -0.207689
    outer loop
      vertex -17.3372 -0.265641 15.2533
      vertex -15.3162 -0.120989 15.9338
      vertex -15.3101 -0.123324 15.9228
    endloop
  endfacet
  facet normal 1.97914e-06 0.978143 -0.207932
    outer loop
      vertex -17.3372 -0.265641 15.2533
      vertex -15.3101 -0.123324 15.9228
      vertex -15.2156 -0.159505 15.7526
    endloop
  endfacet
  facet normal 0.000105344 0.978054 -0.208352
    outer loop
      vertex -17.3372 -0.265641 15.2533
      vertex -15.2156 -0.159505 15.7526
      vertex -15.2091 -0.161849 15.7416
    endloop
  endfacet
  facet normal -2.14646e-07 0.978149 -0.207907
    outer loop
      vertex -17.3517 -0.288509 15.1457
      vertex -15.2091 -0.161849 15.7416
      vertex -15.1057 -0.19692 15.5766
    endloop
  endfacet
  facet normal -0.000238877 0.978339 -0.20701
    outer loop
      vertex -17.364 -0.321063 14.9925
      vertex -15.1057 -0.19692 15.5766
      vertex -15.0988 -0.199267 15.5655
    endloop
  endfacet
  facet normal -0.000128151 0.97823 -0.207524
    outer loop
      vertex -17.3681 -0.353707 14.8389
      vertex -15.0988 -0.199267 15.5655
      vertex -15.0912 -0.201642 15.5543
    endloop
  endfacet
  facet normal 2.00876e-05 0.978133 -0.207982
    outer loop
      vertex -17.364 -0.386351 14.6854
      vertex -15.0912 -0.201642 15.5543
      vertex -14.9793 -0.235474 15.3952
    endloop
  endfacet
  facet normal 9.37232e-05 0.978096 -0.208152
    outer loop
      vertex -17.3517 -0.418905 14.5322
      vertex -14.9793 -0.235474 15.3952
      vertex -14.9713 -0.237837 15.3841
    endloop
  endfacet
  facet normal -0.000155709 0.978223 -0.207557
    outer loop
      vertex -17.3312 -0.451281 14.3799
      vertex -14.9713 -0.237837 15.3841
      vertex -14.9626 -0.240212 15.3729
    endloop
  endfacet
  facet normal -2.73437e-06 0.978146 -0.207919
    outer loop
      vertex -15.7343 0.0800561 16.8796
      vertex -17.3372 -0.265641 15.2533
      vertex -18.1071 -0.124522 15.9172
    endloop
  endfacet
  facet normal -2.92815e-05 0.97816 -0.207853
    outer loop
      vertex -17.2659 -0.515142 14.0794
      vertex -14.9626 -0.240212 15.3729
      vertex -14.8427 -0.27272 15.2199
    endloop
  endfacet
  facet normal 0.000261446 0.978049 -0.208375
    outer loop
      vertex -17.2213 -0.546452 13.9321
      vertex -14.8427 -0.27272 15.2199
      vertex -14.8336 -0.275066 15.2089
    endloop
  endfacet
  facet normal -6.94175e-06 0.978153 -0.207884
    outer loop
      vertex -15.2091 -0.161849 15.7416
      vertex -17.3517 -0.288509 15.1457
      vertex -17.3372 -0.265641 15.2533
    endloop
  endfacet
  facet normal 2.08533e-05 0.978141 -0.207944
    outer loop
      vertex -17.1087 -0.607403 13.6454
      vertex -14.8336 -0.275066 15.2089
      vertex -14.7057 -0.306192 15.0625
    endloop
  endfacet
  facet normal -0.000344142 0.978266 -0.207351
    outer loop
      vertex -17.1087 -0.607403 13.6454
      vertex -14.7057 -0.306192 15.0625
      vertex -14.6962 -0.308499 15.0516
    endloop
  endfacet
  facet normal -0.000194224 0.978214 -0.207598
    outer loop
      vertex -17.1087 -0.607403 13.6454
      vertex -14.6962 -0.308499 15.0516
      vertex -14.6862 -0.310789 15.0408
    endloop
  endfacet
  facet normal -1.1307e-05 0.97816 -0.207852
    outer loop
      vertex -15.1057 -0.19692 15.5766
      vertex -17.364 -0.321063 14.9925
      vertex -17.3517 -0.288509 15.1457
    endloop
  endfacet
  facet normal 3.52359e-06 0.978145 -0.207926
    outer loop
      vertex -17.1087 -0.607403 13.6454
      vertex -14.6862 -0.310789 15.0408
      vertex -14.5509 -0.340422 14.9014
    endloop
  endfacet
  facet normal 2.24203e-06 0.978145 -0.207923
    outer loop
      vertex -17.1087 -0.607403 13.6454
      vertex -14.5509 -0.340422 14.9014
      vertex -14.5405 -0.342654 14.8909
    endloop
  endfacet
  facet normal 1.77903e-05 0.978139 -0.207954
    outer loop
      vertex -17.1087 -0.607403 13.6454
      vertex -14.5405 -0.342654 14.8909
      vertex -14.5295 -0.344844 14.8806
    endloop
  endfacet
  facet normal -8.0769e-06 0.978154 -0.207883
    outer loop
      vertex -15.0988 -0.199267 15.5655
      vertex -17.3681 -0.353707 14.8389
      vertex -17.364 -0.321063 14.9925
    endloop
  endfacet
  facet normal 2.23745e-05 0.978137 -0.207963
    outer loop
      vertex -17.1087 -0.607403 13.6454
      vertex -14.5295 -0.344844 14.8806
      vertex -14.3873 -0.372912 14.7486
    endloop
  endfacet
  facet normal 0.000183517 0.978056 -0.208344
    outer loop
      vertex -17.1087 -0.607403 13.6454
      vertex -14.3873 -0.372912 14.7486
      vertex -14.376 -0.375023 14.7387
    endloop
  endfacet
  facet normal 3.20275e-05 0.978126 -0.208012
    outer loop
      vertex -15.0912 -0.201642 15.5543
      vertex -17.364 -0.386351 14.6854
      vertex -17.3681 -0.353707 14.8389
    endloop
  endfacet
  facet normal -1.35415e-05 0.978156 -0.207872
    outer loop
      vertex -17.1087 -0.607403 13.6454
      vertex -14.376 -0.375023 14.7387
      vertex -14.227 -0.401479 14.6142
    endloop
  endfacet
  facet normal 4.22211e-05 0.978122 -0.208031
    outer loop
      vertex -17.1087 -0.607403 13.6454
      vertex -14.227 -0.401479 14.6142
      vertex -14.2154 -0.4035 14.6047
    endloop
  endfacet
  facet normal -0.000308356 0.978337 -0.207019
    outer loop
      vertex -17.1087 -0.607403 13.6454
      vertex -14.2154 -0.4035 14.6047
      vertex -14.2035 -0.405443 14.5955
    endloop
  endfacet
  facet normal -1.96831e-05 0.97816 -0.207854
    outer loop
      vertex -14.9793 -0.235474 15.3952
      vertex -17.3517 -0.418905 14.5322
      vertex -17.364 -0.386351 14.6854
    endloop
  endfacet
  facet normal 2.71546e-05 0.978129 -0.208001
    outer loop
      vertex -17.1087 -0.607403 13.6454
      vertex -14.2035 -0.405443 14.5955
      vertex -14.0483 -0.4302 14.4791
    endloop
  endfacet
  facet normal -0.000403153 0.978449 -0.206489
    outer loop
      vertex -17.1087 -0.607403 13.6454
      vertex -14.0483 -0.4302 14.4791
      vertex -14.0361 -0.432031 14.4704
    endloop
  endfacet
  facet normal 1.14752e-05 0.978143 -0.207933
    outer loop
      vertex -14.9713 -0.237837 15.3841
      vertex -17.3312 -0.451281 14.3799
      vertex -17.3517 -0.418905 14.5322
    endloop
  endfacet
  facet normal 2.20201e-05 0.978128 -0.208005
    outer loop
      vertex -17.1087 -0.607403 13.6454
      vertex -14.0361 -0.432031 14.4704
      vertex -13.8751 -0.455044 14.3622
    endloop
  endfacet
  facet normal -0.000234186 0.978362 -0.206899
    outer loop
      vertex -17.1087 -0.607403 13.6454
      vertex -13.8751 -0.455044 14.3622
      vertex -13.8628 -0.456754 14.3541
    endloop
  endfacet
  facet normal -9.03768e-07 0.978146 -0.207921
    outer loop
      vertex -17.1087 -0.607403 13.6454
      vertex -13.8628 -0.456754 14.3541
      vertex -13.6962 -0.477968 14.2543
    endloop
  endfacet
  facet normal 9.01986e-05 0.978042 -0.20841
    outer loop
      vertex -17.1087 -0.607403 13.6454
      vertex -13.6962 -0.477968 14.2543
      vertex -13.6838 -0.479546 14.2469
    endloop
  endfacet
  facet normal 0.000125161 0.978001 -0.2086
    outer loop
      vertex -17.1087 -0.607403 13.6454
      vertex -13.6838 -0.479546 14.2469
      vertex -13.6712 -0.480998 14.2401
    endloop
  endfacet
  facet normal -2.34972e-05 0.978159 -0.207858
    outer loop
      vertex -14.9626 -0.240212 15.3729
      vertex -17.3025 -0.483389 14.2288
      vertex -17.3312 -0.451281 14.3799
    endloop
  endfacet
  facet normal 6.61749e-06 0.978141 -0.207945
    outer loop
      vertex -17.1087 -0.607403 13.6454
      vertex -13.6712 -0.480998 14.2401
      vertex -13.4998 -0.500345 14.1491
    endloop
  endfacet
  facet normal -0.000287756 0.978567 -0.205926
    outer loop
      vertex -17.1087 -0.607403 13.6454
      vertex -13.4998 -0.500345 14.1491
      vertex -13.4872 -0.501646 14.1429
    endloop
  endfacet
  facet normal -5.08872e-06 0.978151 -0.207894
    outer loop
      vertex -14.9626 -0.240212 15.3729
      vertex -17.2659 -0.515142 14.0794
      vertex -17.3025 -0.483389 14.2288
    endloop
  endfacet
  facet normal 1.48026e-05 0.978122 -0.208034
    outer loop
      vertex -17.1087 -0.607403 13.6454
      vertex -13.4872 -0.501646 14.1429
      vertex -13.3113 -0.519089 14.0609
    endloop
  endfacet
  facet normal -7.50939e-05 0.978289 -0.207248
    outer loop
      vertex -17.1087 -0.607403 13.6454
      vertex -13.3113 -0.519089 14.0609
      vertex -13.2986 -0.520232 14.0555
    endloop
  endfacet
  facet normal 6.10532e-06 0.978135 -0.20797
    outer loop
      vertex -17.1087 -0.607403 13.6454
      vertex -13.2986 -0.520232 14.0555
      vertex -13.1187 -0.535733 13.9826
    endloop
  endfacet
  facet normal 1.89302e-05 0.978104 -0.208115
    outer loop
      vertex -17.1087 -0.607403 13.6454
      vertex -13.1187 -0.535733 13.9826
      vertex -13.1062 -0.536712 13.978
    endloop
  endfacet
  facet normal 7.0614e-07 0.978147 -0.207914
    outer loop
      vertex -14.8427 -0.27272 15.2199
      vertex -17.2213 -0.546452 13.9321
      vertex -17.2659 -0.515142 14.0794
    endloop
  endfacet
  facet normal -6.78404e-06 0.978167 -0.207819
    outer loop
      vertex -17.1087 -0.607403 13.6454
      vertex -13.1062 -0.536712 13.978
      vertex -12.9226 -0.550223 13.9144
    endloop
  endfacet
  facet normal 3.46137e-06 0.978135 -0.207971
    outer loop
      vertex -17.1087 -0.607403 13.6454
      vertex -12.9226 -0.550223 13.9144
      vertex -12.9103 -0.551031 13.9106
    endloop
  endfacet
  facet normal -6.29999e-06 0.978166 -0.207823
    outer loop
      vertex -17.1087 -0.607403 13.6454
      vertex -12.9103 -0.551031 13.9106
      vertex -12.7237 -0.562524 13.8565
    endloop
  endfacet
  facet normal -6.28638e-05 0.978405 -0.206699
    outer loop
      vertex -17.1087 -0.607403 13.6454
      vertex -12.7237 -0.562524 13.8565
      vertex -12.7115 -0.563157 13.8535
    endloop
  endfacet
  facet normal 3.22694e-06 0.978121 -0.208035
    outer loop
      vertex -17.1087 -0.607403 13.6454
      vertex -12.7115 -0.563157 13.8535
      vertex -12.5223 -0.572601 13.8091
    endloop
  endfacet
  facet normal 1.36608e-05 0.978143 -0.207932
    outer loop
      vertex -14.8336 -0.275066 15.2089
      vertex -17.1688 -0.577234 13.7873
      vertex -17.2213 -0.546452 13.9321
    endloop
  endfacet
  facet normal -5.11877e-06 0.978169 -0.207812
    outer loop
      vertex -17.1087 -0.607403 13.6454
      vertex -12.5223 -0.572601 13.8091
      vertex -12.331 -0.579972 13.7744
    endloop
  endfacet
  facet normal 7.02229e-05 0.977598 -0.210481
    outer loop
      vertex -17.1087 -0.607403 13.6454
      vertex -12.331 -0.579972 13.7744
      vertex -12.319 -0.580425 13.7723
    endloop
  endfacet
  facet normal 4.94203e-06 0.978102 -0.208124
    outer loop
      vertex -17.1087 -0.607403 13.6454
      vertex -12.319 -0.580425 13.7723
      vertex -12.1262 -0.585703 13.7475
    endloop
  endfacet
  facet normal -4.29476e-05 0.978576 -0.205887
    outer loop
      vertex -17.1087 -0.607403 13.6454
      vertex -12.1262 -0.585703 13.7475
      vertex -12.1145 -0.585976 13.7462
    endloop
  endfacet
  facet normal 5.99704e-06 0.978085 -0.208208
    outer loop
      vertex -17.1087 -0.607403 13.6454
      vertex -12.1145 -0.585976 13.7462
      vertex -11.9206 -0.589149 13.7313
    endloop
  endfacet
  facet normal -0.000361039 0.982369 -0.186951
    outer loop
      vertex -17.1087 -0.607403 13.6454
      vertex -11.9206 -0.589149 13.7313
      vertex -11.9093 -0.58924 13.7308
    endloop
  endfacet
  facet normal 3.14728e-05 0.977731 -0.209861
    outer loop
      vertex -17.1087 -0.607403 13.6454
      vertex -11.9093 -0.58924 13.7308
      vertex -11.7149 -0.590298 13.7259
    endloop
  endfacet
  facet normal 2.4902e-05 0.97814 -0.207949
    outer loop
      vertex -14.8336 -0.275066 15.2089
      vertex -17.1087 -0.607403 13.6454
      vertex -17.1688 -0.577234 13.7873
    endloop
  endfacet
  facet normal -7.04285e-05 0.978151 -0.207895
    outer loop
      vertex -13.1479 -0.923518 12.1582
      vertex -12.9547 -0.903653 12.2516
      vertex -13.0061 -0.909459 12.2243
    endloop
  endfacet
  facet normal 3.76078e-06 0.978147 -0.207913
    outer loop
      vertex -11.7149 -0.590298 13.7259
      vertex -15.7301 -0.909459 12.2243
      vertex -15.8681 -0.893878 12.2976
    endloop
  endfacet
  facet normal 2.29269e-05 0.978144 -0.207929
    outer loop
      vertex -13.293 -0.936014 12.0994
      vertex -11.7149 -0.590298 13.7259
      vertex -13.1479 -0.923518 12.1582
    endloop
  endfacet
  facet normal 2.95533e-05 0.978133 -0.207979
    outer loop
      vertex -11.7149 -0.590298 13.7259
      vertex -15.5883 -0.923518 12.1582
      vertex -15.7301 -0.909459 12.2243
    endloop
  endfacet
  facet normal 3.90655e-05 0.978141 -0.207944
    outer loop
      vertex -13.441 -0.946914 12.0481
      vertex -11.7149 -0.590298 13.7259
      vertex -13.293 -0.936014 12.0994
    endloop
  endfacet
  facet normal -7.21276e-06 0.978152 -0.207892
    outer loop
      vertex -11.7149 -0.590298 13.7259
      vertex -15.4432 -0.936014 12.0994
      vertex -15.5883 -0.923518 12.1582
    endloop
  endfacet
  facet normal -7.24305e-05 0.978164 -0.207834
    outer loop
      vertex -13.5916 -0.956189 12.0045
      vertex -11.7149 -0.590298 13.7259
      vertex -13.441 -0.946914 12.0481
    endloop
  endfacet
  facet normal -1.44428e-05 0.978155 -0.207876
    outer loop
      vertex -11.7149 -0.590298 13.7259
      vertex -15.2951 -0.946914 12.0481
      vertex -15.4432 -0.936014 12.0994
    endloop
  endfacet
  facet normal 6.62634e-05 0.978133 -0.207979
    outer loop
      vertex -13.7444 -0.963812 11.9686
      vertex -11.7149 -0.590298 13.7259
      vertex -13.5916 -0.956189 12.0045
    endloop
  endfacet
  facet normal 3.14359e-05 0.978135 -0.20797
    outer loop
      vertex -11.7149 -0.590298 13.7259
      vertex -15.1445 -0.956189 12.0045
      vertex -15.2951 -0.946914 12.0481
    endloop
  endfacet
  facet normal 3.19071e-06 0.978148 -0.207909
    outer loop
      vertex -13.8988 -0.969763 11.9406
      vertex -11.7149 -0.590298 13.7259
      vertex -13.7444 -0.963812 11.9686
    endloop
  endfacet
  facet normal -3.35904e-05 0.978162 -0.207846
    outer loop
      vertex -11.7149 -0.590298 13.7259
      vertex -14.9918 -0.963812 11.9686
      vertex -15.1445 -0.956189 12.0045
    endloop
  endfacet
  facet normal -8.20325e-05 0.978169 -0.207809
    outer loop
      vertex -14.0545 -0.974025 11.9206
      vertex -11.7149 -0.590298 13.7259
      vertex -13.8988 -0.969763 11.9406
    endloop
  endfacet
  facet normal -1.88501e-06 0.97815 -0.207902
    outer loop
      vertex -11.7149 -0.590298 13.7259
      vertex -14.8374 -0.969763 11.9406
      vertex -14.9918 -0.963812 11.9686
    endloop
  endfacet
  facet normal 1.31624e-05 0.978144 -0.207927
    outer loop
      vertex -11.7149 -0.590298 13.7259
      vertex -14.0545 -0.974025 11.9206
      vertex -14.8374 -0.969763 11.9406
    endloop
  endfacet
  facet normal 0 0.978039 -0.20842
    outer loop
      vertex -14.0545 -0.974025 11.9206
      vertex -14.6817 -0.974025 11.9206
      vertex -14.8374 -0.969763 11.9406
    endloop
  endfacet
  facet normal 0 0.978294 -0.207221
    outer loop
      vertex -14.2111 -0.976588 11.9085
      vertex -14.6817 -0.974025 11.9206
      vertex -14.0545 -0.974025 11.9206
    endloop
  endfacet
  facet normal 0 0.978294 -0.207221
    outer loop
      vertex -14.2111 -0.976588 11.9085
      vertex -14.5251 -0.976588 11.9085
      vertex -14.6817 -0.974025 11.9206
    endloop
  endfacet
  facet normal 0 0.97796 -0.208794
    outer loop
      vertex -14.5251 -0.976588 11.9085
      vertex -14.2111 -0.976588 11.9085
      vertex -14.3681 -0.977442 11.9045
    endloop
  endfacet
  facet normal -6.80553e-05 0.978142 -0.207939
    outer loop
      vertex 14.0361 -0.432031 14.4704
      vertex 14.9918 -0.963812 11.9686
      vertex 13.8751 -0.455044 14.3622
    endloop
  endfacet
  facet normal 2.90487e-06 0.978148 -0.207908
    outer loop
      vertex 14.8374 -0.969763 11.9406
      vertex 13.8751 -0.455044 14.3622
      vertex 14.9918 -0.963812 11.9686
    endloop
  endfacet
  facet normal 5.59361e-05 0.978145 -0.207924
    outer loop
      vertex 13.0061 -0.909459 12.2243
      vertex 13.6712 -0.480998 14.2401
      vertex 13.1479 -0.923518 12.1582
    endloop
  endfacet
  facet normal 5.42172e-05 0.978145 -0.207924
    outer loop
      vertex 13.6712 -0.480998 14.2401
      vertex 13.0061 -0.909459 12.2243
      vertex 12.9547 -0.903653 12.2516
    endloop
  endfacet
  facet normal 0.000736328 0.978207 -0.207629
    outer loop
      vertex 13.8751 -0.455044 14.3622
      vertex 14.8374 -0.969763 11.9406
      vertex 13.8628 -0.456754 14.3541
    endloop
  endfacet
  facet normal -1.39693e-05 0.978148 -0.207908
    outer loop
      vertex 13.6712 -0.480998 14.2401
      vertex 13.293 -0.936014 12.0994
      vertex 13.1479 -0.923518 12.1582
    endloop
  endfacet
  facet normal -6.47279e-05 0.978142 -0.207938
    outer loop
      vertex 14.6817 -0.974025 11.9206
      vertex 13.8628 -0.456754 14.3541
      vertex 14.8374 -0.969763 11.9406
    endloop
  endfacet
  facet normal -2.52833e-05 0.978149 -0.207906
    outer loop
      vertex 13.6712 -0.480998 14.2401
      vertex 13.441 -0.946914 12.0481
      vertex 13.293 -0.936014 12.0994
    endloop
  endfacet
  facet normal 5.48337e-05 0.97815 -0.2079
    outer loop
      vertex 14.5251 -0.976588 11.9085
      vertex 13.8628 -0.456754 14.3541
      vertex 14.6817 -0.974025 11.9206
    endloop
  endfacet
  facet normal 4.84898e-05 0.978147 -0.207913
    outer loop
      vertex 13.6712 -0.480998 14.2401
      vertex 13.5916 -0.956189 12.0045
      vertex 13.441 -0.946914 12.0481
    endloop
  endfacet
  facet normal -3.1505e-06 0.978147 -0.207915
    outer loop
      vertex 13.8628 -0.456754 14.3541
      vertex 14.5251 -0.976588 11.9085
      vertex 13.6962 -0.477968 14.2543
    endloop
  endfacet
  facet normal -4.93482e-05 0.978148 -0.20791
    outer loop
      vertex 13.6712 -0.480998 14.2401
      vertex 13.7444 -0.963812 11.9686
      vertex 13.5916 -0.956189 12.0045
    endloop
  endfacet
  facet normal -2.32508e-05 0.978146 -0.207921
    outer loop
      vertex 14.3681 -0.977442 11.9045
      vertex 13.6962 -0.477968 14.2543
      vertex 14.5251 -0.976588 11.9085
    endloop
  endfacet
  facet normal -3.07328e-06 0.978148 -0.207908
    outer loop
      vertex 13.6712 -0.480998 14.2401
      vertex 13.8988 -0.969763 11.9406
      vertex 13.7444 -0.963812 11.9686
    endloop
  endfacet
  facet normal -0.000340579 0.978127 -0.208008
    outer loop
      vertex 13.6962 -0.477968 14.2543
      vertex 14.3681 -0.977442 11.9045
      vertex 13.6838 -0.479546 14.2469
    endloop
  endfacet
  facet normal 6.96476e-05 0.97815 -0.207902
    outer loop
      vertex 13.6712 -0.480998 14.2401
      vertex 14.0545 -0.974025 11.9206
      vertex 13.8988 -0.969763 11.9406
    endloop
  endfacet
  facet normal 2.36501e-05 0.978149 -0.207906
    outer loop
      vertex 14.2111 -0.976588 11.9085
      vertex 13.6838 -0.479546 14.2469
      vertex 14.3681 -0.977442 11.9045
    endloop
  endfacet
  facet normal -5.65951e-05 0.978146 -0.207921
    outer loop
      vertex 13.6712 -0.480998 14.2401
      vertex 14.2111 -0.976588 11.9085
      vertex 14.0545 -0.974025 11.9206
    endloop
  endfacet
  facet normal -0.000457883 0.978127 -0.20801
    outer loop
      vertex 13.6838 -0.479546 14.2469
      vertex 14.2111 -0.976588 11.9085
      vertex 13.6712 -0.480998 14.2401
    endloop
  endfacet
  facet normal 5.66844e-05 0.978145 -0.207925
    outer loop
      vertex 16.0611 0.331649 18.0633
      vertex 15.9781 0.291159 17.8728
      vertex 15.9884 0.318325 18.0006
    endloop
  endfacet
  facet normal -4.92155e-05 0.978154 -0.207881
    outer loop
      vertex 16.0611 0.331649 18.0633
      vertex 15.9508 0.247994 17.6697
      vertex 15.9781 0.291159 17.8728
    endloop
  endfacet
  facet normal 1.58736e-05 0.97815 -0.207899
    outer loop
      vertex 18.1071 -0.124522 15.9172
      vertex 15.9508 0.247994 17.6697
      vertex 16.0611 0.331649 18.0633
    endloop
  endfacet
  facet normal -6.45482e-06 0.978145 -0.207925
    outer loop
      vertex 15.9508 0.247994 17.6697
      vertex 18.1071 -0.124522 15.9172
      vertex 15.9126 0.205182 17.4683
    endloop
  endfacet
  facet normal 1.25216e-05 0.97815 -0.207899
    outer loop
      vertex 15.9126 0.205182 17.4683
      vertex 18.1071 -0.124522 15.9172
      vertex 15.8882 0.184013 17.3687
    endloop
  endfacet
  facet normal 4.62196e-06 0.978147 -0.207913
    outer loop
      vertex 18.1071 -0.124522 15.9172
      vertex 15.834 0.141972 17.1709
      vertex 15.8637 0.162845 17.2691
    endloop
  endfacet
  facet normal -3.60824e-05 0.978131 -0.207989
    outer loop
      vertex 18.1071 -0.124522 15.9172
      vertex 15.7693 0.100577 16.9762
      vertex 15.8042 0.121098 17.0727
    endloop
  endfacet
  facet normal 1.80484e-05 0.978152 -0.207891
    outer loop
      vertex 15.8882 0.184013 17.3687
      vertex 18.1071 -0.124522 15.9172
      vertex 15.8637 0.162845 17.2691
    endloop
  endfacet
  facet normal -8.63361e-08 0.978146 -0.207921
    outer loop
      vertex 15.834 0.141972 17.1709
      vertex 18.1071 -0.124522 15.9172
      vertex 15.8042 0.121098 17.0727
    endloop
  endfacet
  facet normal 4.81103e-05 0.978169 -0.207811
    outer loop
      vertex 15.7693 0.100577 16.9762
      vertex 18.1071 -0.124522 15.9172
      vertex 15.7343 0.0800561 16.8796
    endloop
  endfacet
  facet normal 2.73437e-06 0.978146 -0.207919
    outer loop
      vertex 17.3372 -0.265641 15.2533
      vertex 15.7343 0.0800561 16.8796
      vertex 18.1071 -0.124522 15.9172
    endloop
  endfacet
  facet normal -3.52057e-05 0.978139 -0.207954
    outer loop
      vertex 15.7343 0.0800561 16.8796
      vertex 17.3372 -0.265641 15.2533
      vertex 15.6542 0.0398289 16.6904
    endloop
  endfacet
  facet normal 1.6474e-05 0.978151 -0.207896
    outer loop
      vertex 15.6542 0.0398289 16.6904
      vertex 17.3372 -0.265641 15.2533
      vertex 15.412 -0.0792108 16.1303
    endloop
  endfacet
  facet normal -0.000414501 0.977958 -0.208801
    outer loop
      vertex 15.412 -0.0792108 16.1303
      vertex 17.3372 -0.265641 15.2533
      vertex 15.407 -0.0814761 16.1197
    endloop
  endfacet
  facet normal 2.92011e-05 0.978159 -0.207856
    outer loop
      vertex 15.407 -0.0814761 16.1197
      vertex 17.3372 -0.265641 15.2533
      vertex 15.3216 -0.118703 15.9445
    endloop
  endfacet
  facet normal -0.000303315 0.977962 -0.208783
    outer loop
      vertex 15.3216 -0.118703 15.9445
      vertex 17.3372 -0.265641 15.2533
      vertex 15.3162 -0.120989 15.9338
    endloop
  endfacet
  facet normal 8.17385e-05 0.978195 -0.207689
    outer loop
      vertex 15.3162 -0.120989 15.9338
      vertex 17.3372 -0.265641 15.2533
      vertex 15.3101 -0.123324 15.9228
    endloop
  endfacet
  facet normal -1.97914e-06 0.978143 -0.207932
    outer loop
      vertex 15.3101 -0.123324 15.9228
      vertex 17.3372 -0.265641 15.2533
      vertex 15.2156 -0.159505 15.7526
    endloop
  endfacet
  facet normal -0.000105344 0.978054 -0.208352
    outer loop
      vertex 15.2156 -0.159505 15.7526
      vertex 17.3372 -0.265641 15.2533
      vertex 15.2091 -0.161849 15.7416
    endloop
  endfacet
  facet normal 6.94175e-06 0.978153 -0.207884
    outer loop
      vertex 17.3517 -0.288509 15.1457
      vertex 15.2091 -0.161849 15.7416
      vertex 17.3372 -0.265641 15.2533
    endloop
  endfacet
  facet normal 2.14646e-07 0.978149 -0.207907
    outer loop
      vertex 15.2091 -0.161849 15.7416
      vertex 17.3517 -0.288509 15.1457
      vertex 15.1057 -0.19692 15.5766
    endloop
  endfacet
  facet normal 1.1307e-05 0.97816 -0.207852
    outer loop
      vertex 17.364 -0.321063 14.9925
      vertex 15.1057 -0.19692 15.5766
      vertex 17.3517 -0.288509 15.1457
    endloop
  endfacet
  facet normal 0.000238877 0.978339 -0.20701
    outer loop
      vertex 15.1057 -0.19692 15.5766
      vertex 17.364 -0.321063 14.9925
      vertex 15.0988 -0.199267 15.5655
    endloop
  endfacet
  facet normal 8.0769e-06 0.978154 -0.207883
    outer loop
      vertex 17.3681 -0.353707 14.8389
      vertex 15.0988 -0.199267 15.5655
      vertex 17.364 -0.321063 14.9925
    endloop
  endfacet
  facet normal 0.000128151 0.97823 -0.207524
    outer loop
      vertex 15.0988 -0.199267 15.5655
      vertex 17.3681 -0.353707 14.8389
      vertex 15.0912 -0.201642 15.5543
    endloop
  endfacet
  facet normal -3.20275e-05 0.978126 -0.208012
    outer loop
      vertex 17.364 -0.386351 14.6854
      vertex 15.0912 -0.201642 15.5543
      vertex 17.3681 -0.353707 14.8389
    endloop
  endfacet
  facet normal -2.00876e-05 0.978133 -0.207982
    outer loop
      vertex 15.0912 -0.201642 15.5543
      vertex 17.364 -0.386351 14.6854
      vertex 14.9793 -0.235474 15.3952
    endloop
  endfacet
  facet normal 1.96831e-05 0.97816 -0.207854
    outer loop
      vertex 17.3517 -0.418905 14.5322
      vertex 14.9793 -0.235474 15.3952
      vertex 17.364 -0.386351 14.6854
    endloop
  endfacet
  facet normal -9.37232e-05 0.978096 -0.208152
    outer loop
      vertex 14.9793 -0.235474 15.3952
      vertex 17.3517 -0.418905 14.5322
      vertex 14.9713 -0.237837 15.3841
    endloop
  endfacet
  facet normal -1.14752e-05 0.978143 -0.207933
    outer loop
      vertex 17.3312 -0.451281 14.3799
      vertex 14.9713 -0.237837 15.3841
      vertex 17.3517 -0.418905 14.5322
    endloop
  endfacet
  facet normal 0.000155709 0.978223 -0.207557
    outer loop
      vertex 14.9713 -0.237837 15.3841
      vertex 17.3312 -0.451281 14.3799
      vertex 14.9626 -0.240212 15.3729
    endloop
  endfacet
  facet normal 2.34972e-05 0.978159 -0.207858
    outer loop
      vertex 17.3025 -0.483389 14.2288
      vertex 14.9626 -0.240212 15.3729
      vertex 17.3312 -0.451281 14.3799
    endloop
  endfacet
  facet normal 5.08872e-06 0.978151 -0.207894
    outer loop
      vertex 17.2659 -0.515142 14.0794
      vertex 14.9626 -0.240212 15.3729
      vertex 17.3025 -0.483389 14.2288
    endloop
  endfacet
  facet normal 2.92815e-05 0.97816 -0.207853
    outer loop
      vertex 14.9626 -0.240212 15.3729
      vertex 17.2659 -0.515142 14.0794
      vertex 14.8427 -0.27272 15.2199
    endloop
  endfacet
  facet normal -7.0614e-07 0.978147 -0.207914
    outer loop
      vertex 17.2213 -0.546452 13.9321
      vertex 14.8427 -0.27272 15.2199
      vertex 17.2659 -0.515142 14.0794
    endloop
  endfacet
  facet normal -0.000261446 0.978049 -0.208375
    outer loop
      vertex 14.8427 -0.27272 15.2199
      vertex 17.2213 -0.546452 13.9321
      vertex 14.8336 -0.275066 15.2089
    endloop
  endfacet
  facet normal -1.36608e-05 0.978143 -0.207932
    outer loop
      vertex 17.1688 -0.577234 13.7873
      vertex 14.8336 -0.275066 15.2089
      vertex 17.2213 -0.546452 13.9321
    endloop
  endfacet
  facet normal -2.4902e-05 0.97814 -0.207949
    outer loop
      vertex 17.1087 -0.607403 13.6454
      vertex 14.8336 -0.275066 15.2089
      vertex 17.1688 -0.577234 13.7873
    endloop
  endfacet
  facet normal -2.08533e-05 0.978141 -0.207944
    outer loop
      vertex 14.8336 -0.275066 15.2089
      vertex 17.1087 -0.607403 13.6454
      vertex 14.7057 -0.306192 15.0625
    endloop
  endfacet
  facet normal 2.36173e-05 0.978156 -0.207871
    outer loop
      vertex 17.0411 -0.636877 13.5067
      vertex 14.7057 -0.306192 15.0625
      vertex 17.1087 -0.607403 13.6454
    endloop
  endfacet
  facet normal 0.000370432 0.978262 -0.207373
    outer loop
      vertex 14.7057 -0.306192 15.0625
      vertex 17.0411 -0.636877 13.5067
      vertex 14.6962 -0.308499 15.0516
    endloop
  endfacet
  facet normal -1.02056e-05 0.978145 -0.207926
    outer loop
      vertex 16.9662 -0.665575 13.3717
      vertex 14.6962 -0.308499 15.0516
      vertex 17.0411 -0.636877 13.5067
    endloop
  endfacet
  facet normal 0.000223741 0.978209 -0.207624
    outer loop
      vertex 14.6962 -0.308499 15.0516
      vertex 16.9662 -0.665575 13.3717
      vertex 14.6862 -0.310789 15.0408
    endloop
  endfacet
  facet normal 9.46174e-06 0.978149 -0.207904
    outer loop
      vertex 16.8841 -0.693418 13.2407
      vertex 14.6862 -0.310789 15.0408
      vertex 16.9662 -0.665575 13.3717
    endloop
  endfacet
  facet normal -7.71829e-06 0.978145 -0.207924
    outer loop
      vertex 16.7951 -0.72033 13.1141
      vertex 14.6862 -0.310789 15.0408
      vertex 16.8841 -0.693418 13.2407
    endloop
  endfacet
  facet normal -6.85241e-06 0.978145 -0.207923
    outer loop
      vertex 14.6862 -0.310789 15.0408
      vertex 16.7951 -0.72033 13.1141
      vertex 14.5509 -0.340422 14.9014
    endloop
  endfacet
  facet normal 1.97891e-05 0.978152 -0.207891
    outer loop
      vertex 16.6995 -0.746236 12.9922
      vertex 14.5509 -0.340422 14.9014
      vertex 16.7951 -0.72033 13.1141
    endloop
  endfacet
  facet normal -6.62767e-06 0.978146 -0.207919
    outer loop
      vertex 14.5509 -0.340422 14.9014
      vertex 16.6995 -0.746236 12.9922
      vertex 14.5405 -0.342654 14.8909
    endloop
  endfacet
  facet normal -2.22483e-05 0.978142 -0.207936
    outer loop
      vertex 16.5975 -0.771068 12.8754
      vertex 14.5405 -0.342654 14.8909
      vertex 16.6995 -0.746236 12.9922
    endloop
  endfacet
  facet normal -2.88947e-05 0.978141 -0.207943
    outer loop
      vertex 14.5405 -0.342654 14.8909
      vertex 16.5975 -0.771068 12.8754
      vertex 14.5295 -0.344844 14.8806
    endloop
  endfacet
  facet normal -3.46046e-05 0.97814 -0.207948
    outer loop
      vertex 16.4894 -0.794755 12.764
      vertex 14.5295 -0.344844 14.8806
      vertex 16.5975 -0.771068 12.8754
    endloop
  endfacet
  facet normal 5.15844e-05 0.978156 -0.207872
    outer loop
      vertex 16.3755 -0.817233 12.6582
      vertex 14.5295 -0.344844 14.8806
      vertex 16.4894 -0.794755 12.764
    endloop
  endfacet
  facet normal -4.0152e-05 0.978141 -0.207945
    outer loop
      vertex 14.5295 -0.344844 14.8806
      vertex 16.3755 -0.817233 12.6582
      vertex 14.3873 -0.372912 14.7486
    endloop
  endfacet
  facet normal 2.64681e-05 0.978153 -0.207884
    outer loop
      vertex 16.2561 -0.83844 12.5584
      vertex 14.3873 -0.372912 14.7486
      vertex 16.3755 -0.817233 12.6582
    endloop
  endfacet
  facet normal -0.000334357 0.978091 -0.208179
    outer loop
      vertex 14.3873 -0.372912 14.7486
      vertex 16.2561 -0.83844 12.5584
      vertex 14.376 -0.375023 14.7387
    endloop
  endfacet
  facet normal -2.77362e-05 0.978145 -0.207926
    outer loop
      vertex 16.1314 -0.858319 12.4649
      vertex 14.376 -0.375023 14.7387
      vertex 16.2561 -0.83844 12.5584
    endloop
  endfacet
  facet normal -2.06874e-05 0.978146 -0.207921
    outer loop
      vertex 16.002 -0.876815 12.3779
      vertex 14.376 -0.375023 14.7387
      vertex 16.1314 -0.858319 12.4649
    endloop
  endfacet
  facet normal 2.78502e-05 0.978152 -0.207889
    outer loop
      vertex 14.376 -0.375023 14.7387
      vertex 16.002 -0.876815 12.3779
      vertex 14.227 -0.401479 14.6142
    endloop
  endfacet
  facet normal 2.54377e-05 0.978152 -0.207891
    outer loop
      vertex 15.8681 -0.893878 12.2976
      vertex 14.227 -0.401479 14.6142
      vertex 16.002 -0.876815 12.3779
    endloop
  endfacet
  facet normal -9.34783e-05 0.978135 -0.207971
    outer loop
      vertex 14.227 -0.401479 14.6142
      vertex 15.8681 -0.893878 12.2976
      vertex 14.2154 -0.4035 14.6047
    endloop
  endfacet
  facet normal -4.93544e-06 0.978148 -0.207911
    outer loop
      vertex 15.7301 -0.909459 12.2243
      vertex 14.2154 -0.4035 14.6047
      vertex 15.8681 -0.893878 12.2976
    endloop
  endfacet
  facet normal 0.000687595 0.978237 -0.207489
    outer loop
      vertex 14.2154 -0.4035 14.6047
      vertex 15.7301 -0.909459 12.2243
      vertex 14.2035 -0.405443 14.5955
    endloop
  endfacet
  facet normal -4.75331e-05 0.978141 -0.207942
    outer loop
      vertex 15.5883 -0.923518 12.1582
      vertex 14.2035 -0.405443 14.5955
      vertex 15.7301 -0.909459 12.2243
    endloop
  endfacet
  facet normal 1.41844e-05 0.978148 -0.207908
    outer loop
      vertex 15.4432 -0.936014 12.0994
      vertex 14.2035 -0.405443 14.5955
      vertex 15.5883 -0.923518 12.1582
    endloop
  endfacet
  facet normal -6.89566e-05 0.97814 -0.207948
    outer loop
      vertex 14.2035 -0.405443 14.5955
      vertex 15.4432 -0.936014 12.0994
      vertex 14.0483 -0.4302 14.4791
    endloop
  endfacet
  facet normal 2.19816e-05 0.978151 -0.207897
    outer loop
      vertex 15.2951 -0.946914 12.0481
      vertex 14.0483 -0.4302 14.4791
      vertex 15.4432 -0.936014 12.0994
    endloop
  endfacet
  facet normal 0.00106872 0.978259 -0.207383
    outer loop
      vertex 14.0483 -0.4302 14.4791
      vertex 15.2951 -0.946914 12.0481
      vertex 14.0361 -0.432031 14.4704
    endloop
  endfacet
  facet normal -4.17968e-05 0.978143 -0.207935
    outer loop
      vertex 15.1445 -0.956189 12.0045
      vertex 14.0361 -0.432031 14.4704
      vertex 15.2951 -0.946914 12.0481
    endloop
  endfacet
  facet normal 4.63226e-05 0.978151 -0.207897
    outer loop
      vertex 14.9918 -0.963812 11.9686
      vertex 14.0361 -0.432031 14.4704
      vertex 15.1445 -0.956189 12.0045
    endloop
  endfacet
  facet normal -3.51493e-05 0.978152 -0.207893
    outer loop
      vertex 13.6712 -0.480998 14.2401
      vertex 12.9547 -0.903653 12.2516
      vertex 13.4998 -0.500345 14.1491
    endloop
  endfacet
  facet normal 0.00151801 0.97806 -0.20832
    outer loop
      vertex 13.4998 -0.500345 14.1491
      vertex 12.9547 -0.903653 12.2516
      vertex 13.4872 -0.501646 14.1429
    endloop
  endfacet
  facet normal -8.58697e-05 0.978153 -0.207888
    outer loop
      vertex 13.4872 -0.501646 14.1429
      vertex 12.9547 -0.903653 12.2516
      vertex 13.3113 -0.519089 14.0609
    endloop
  endfacet
  facet normal 0.0004003 0.978133 -0.20798
    outer loop
      vertex 13.3113 -0.519089 14.0609
      vertex 12.9547 -0.903653 12.2516
      vertex 13.2986 -0.520232 14.0555
    endloop
  endfacet
  facet normal -3.54837e-05 0.97815 -0.2079
    outer loop
      vertex 13.2986 -0.520232 14.0555
      vertex 12.9547 -0.903653 12.2516
      vertex 13.1187 -0.535733 13.9826
    endloop
  endfacet
  facet normal -0.000103843 0.978151 -0.207894
    outer loop
      vertex 13.1187 -0.535733 13.9826
      vertex 12.9547 -0.903653 12.2516
      vertex 13.1062 -0.536712 13.978
    endloop
  endfacet
  facet normal 3.83746e-05 0.978149 -0.207906
    outer loop
      vertex 13.1062 -0.536712 13.978
      vertex 12.9547 -0.903653 12.2516
      vertex 12.9226 -0.550223 13.9144
    endloop
  endfacet
  facet normal -2.41703e-05 0.978149 -0.207907
    outer loop
      vertex 12.9226 -0.550223 13.9144
      vertex 12.9547 -0.903653 12.2516
      vertex 12.9103 -0.551031 13.9106
    endloop
  endfacet
  facet normal 3.12384e-05 0.978149 -0.207906
    outer loop
      vertex 12.9103 -0.551031 13.9106
      vertex 12.9547 -0.903653 12.2516
      vertex 12.7237 -0.562524 13.8565
    endloop
  endfacet
  facet normal 0.000361165 0.978158 -0.20786
    outer loop
      vertex 12.7237 -0.562524 13.8565
      vertex 12.9547 -0.903653 12.2516
      vertex 12.7115 -0.563157 13.8535
    endloop
  endfacet
  facet normal -3.21643e-05 0.978146 -0.207917
    outer loop
      vertex 12.7115 -0.563157 13.8535
      vertex 12.9547 -0.903653 12.2516
      vertex 12.5223 -0.572601 13.8091
    endloop
  endfacet
  facet normal 2.2416e-05 0.978149 -0.207903
    outer loop
      vertex 12.5223 -0.572601 13.8091
      vertex 12.9547 -0.903653 12.2516
      vertex 12.331 -0.579972 13.7744
    endloop
  endfacet
  facet normal -0.000504367 0.978105 -0.208109
    outer loop
      vertex 12.331 -0.579972 13.7744
      vertex 12.9547 -0.903653 12.2516
      vertex 12.319 -0.580425 13.7723
    endloop
  endfacet
  facet normal -3.22935e-05 0.978146 -0.20792
    outer loop
      vertex 12.319 -0.580425 13.7723
      vertex 12.9547 -0.903653 12.2516
      vertex 12.1262 -0.585703 13.7475
    endloop
  endfacet
  facet normal 0.000260841 0.978179 -0.207765
    outer loop
      vertex 12.1262 -0.585703 13.7475
      vertex 12.9547 -0.903653 12.2516
      vertex 12.1145 -0.585976 13.7462
    endloop
  endfacet
  facet normal -4.62906e-06 0.978148 -0.207908
    outer loop
      vertex 12.0534 -1.00581 11.771
      vertex 12.1145 -0.585976 13.7462
      vertex 12.9547 -0.903653 12.2516
    endloop
  endfacet
  facet normal -3.01651e-05 0.978149 -0.207907
    outer loop
      vertex 12.1145 -0.585976 13.7462
      vertex 12.0534 -1.00581 11.771
      vertex 11.9206 -0.589149 13.7313
    endloop
  endfacet
  facet normal 0.00131829 0.978166 -0.20782
    outer loop
      vertex 11.9206 -0.589149 13.7313
      vertex 12.0534 -1.00581 11.771
      vertex 11.9093 -0.58924 13.7308
    endloop
  endfacet
  facet normal -8.2711e-05 0.978146 -0.207918
    outer loop
      vertex 11.9093 -0.58924 13.7308
      vertex 12.0534 -1.00581 11.771
      vertex 11.7149 -0.590298 13.7259
    endloop
  endfacet
  facet normal 0 0.978149 -0.207905
    outer loop
      vertex 11.7149 -0.590298 13.7259
      vertex 12.0534 -1.00581 11.771
      vertex 11.0351 -0.590298 13.7259
    endloop
  endfacet
  facet normal -0.731351 0.141797 0.667098
    outer loop
      vertex -18.1071 -0.124522 15.9172
      vertex -16.0611 -7.49353 19.7266
      vertex -16.0611 0.331649 18.0633
    endloop
  endfacet
  facet normal -0.73135 0.141797 0.667098
    outer loop
      vertex -16.0611 -7.49353 19.7266
      vertex -18.1071 -0.124522 15.9172
      vertex -18.1071 -7.9497 17.5805
    endloop
  endfacet
  facet normal 0.893 -0.0935698 -0.440222
    outer loop
      vertex -10.6915 -8.27524 16.0489
      vertex -10.7 -0.942629 14.4731
      vertex -10.6915 -0.939136 14.4896
    endloop
  endfacet
  facet normal 0.891016 -0.0943948 -0.44405
    outer loop
      vertex -12.0534 -8.831 13.4343
      vertex -10.7 -0.942629 14.4731
      vertex -10.6915 -8.27524 16.0489
    endloop
  endfacet
  facet normal 0.891006 -0.0943904 -0.444071
    outer loop
      vertex -10.7 -0.942629 14.4731
      vertex -12.0534 -8.831 13.4343
      vertex -12.0534 -1.00581 11.771
    endloop
  endfacet
  facet normal 0.891011 -0.0943286 -0.444075
    outer loop
      vertex -11.0351 -0.590298 13.7259
      vertex -10.7 -0.942629 14.4731
      vertex -12.0534 -1.00581 11.771
    endloop
  endfacet
  facet normal 1.95688e-06 -0.978148 0.207911
    outer loop
      vertex -16.9949 -8.15356 16.6214
      vertex -16.0611 -7.49353 19.7266
      vertex -18.1071 -7.9497 17.5805
    endloop
  endfacet
  facet normal 1.33296e-06 -0.978148 0.207911
    outer loop
      vertex -16.0611 -7.49353 19.7266
      vertex -16.9949 -8.15356 16.6214
      vertex -15.0746 -7.67435 18.8759
    endloop
  endfacet
  facet normal -4.45501e-06 -0.978147 0.207916
    outer loop
      vertex -15.8298 -8.34419 15.7246
      vertex -15.0746 -7.67435 18.8759
      vertex -16.9949 -8.15356 16.6214
    endloop
  endfacet
  facet normal 1.11643e-06 -0.978147 0.207915
    outer loop
      vertex -15.0746 -7.67435 18.8759
      vertex -15.8298 -8.34419 15.7246
      vertex -14.0411 -7.84344 18.0804
    endloop
  endfacet
  facet normal 1.01044e-05 -0.978148 0.207908
    outer loop
      vertex -14.6153 -8.521 14.8927
      vertex -14.0411 -7.84344 18.0804
      vertex -15.8298 -8.34419 15.7246
    endloop
  endfacet
  facet normal 1.12913e-05 -0.978148 0.207908
    outer loop
      vertex -14.0411 -7.84344 18.0804
      vertex -14.6153 -8.521 14.8927
      vertex -12.9638 -8.00027 17.3425
    endloop
  endfacet
  facet normal -8.2002e-07 -0.978147 0.207916
    outer loop
      vertex -13.3552 -8.68344 14.1285
      vertex -12.9638 -8.00027 17.3425
      vertex -14.6153 -8.521 14.8927
    endloop
  endfacet
  facet normal -1.33461e-05 -0.978146 0.207917
    outer loop
      vertex -12.9638 -8.00027 17.3425
      vertex -13.3552 -8.68344 14.1285
      vertex -11.8461 -8.14436 16.6647
    endloop
  endfacet
  facet normal -2.77438e-06 -0.978148 0.207911
    outer loop
      vertex -12.0534 -8.831 13.4343
      vertex -11.8461 -8.14436 16.6647
      vertex -13.3552 -8.68344 14.1285
    endloop
  endfacet
  facet normal 9.67631e-06 -0.978148 0.20791
    outer loop
      vertex -11.8461 -8.14436 16.6647
      vertex -12.0534 -8.831 13.4343
      vertex -10.6915 -8.27524 16.0489
    endloop
  endfacet
  facet normal -0.661308 -0.155967 -0.733721
    outer loop
      vertex -18.1071 -7.9497 17.5805
      vertex -16.9949 -4.24097 15.7897
      vertex -16.9949 -8.15356 16.6214
    endloop
  endfacet
  facet normal -0.661331 -0.155952 -0.733703
    outer loop
      vertex -16.9949 -4.24097 15.7897
      vertex -18.1071 -7.9497 17.5805
      vertex -17.3372 -4.17823 16.0849
    endloop
  endfacet
  facet normal -0.661325 -0.155955 -0.733708
    outer loop
      vertex -18.1071 -0.124522 15.9172
      vertex -17.3372 -4.17823 16.0849
      vertex -18.1071 -7.9497 17.5805
    endloop
  endfacet
  facet normal -0.661298 -0.155951 -0.733733
    outer loop
      vertex -17.3372 -4.17823 16.0849
      vertex -18.1071 -0.124522 15.9172
      vertex -17.3372 -0.265641 15.2533
    endloop
  endfacet
  facet normal 0.661349 0.156014 0.733674
    outer loop
      vertex -15.9884 0.318325 18.0006
      vertex -16.0611 0.331649 18.0633
      vertex -15.9884 -0.170748 18.1046
    endloop
  endfacet
  facet normal 0.66124 0.155972 0.733781
    outer loop
      vertex -15.8512 -0.195886 17.9863
      vertex -15.9136 -0.184448 18.0401
      vertex -15.8512 -3.6194 18.714
    endloop
  endfacet
  facet normal 0.661364 0.155932 0.733677
    outer loop
      vertex -16.0611 -7.49353 19.7266
      vertex -15.0746 -3.76176 18.0442
      vertex -15.8512 -3.6194 18.714
    endloop
  endfacet
  facet normal 0.661103 0.155993 0.7339
    outer loop
      vertex -15.9679 -0.174503 18.0869
      vertex -15.8512 -3.6194 18.714
      vertex -15.9136 -0.184448 18.0401
    endloop
  endfacet
  facet normal 0.659484 0.156195 0.735312
    outer loop
      vertex -15.9848 -0.171409 18.1014
      vertex -15.8512 -3.6194 18.714
      vertex -15.9679 -0.174503 18.0869
    endloop
  endfacet
  facet normal 0.672082 0.154698 0.724137
    outer loop
      vertex -15.9884 -0.170748 18.1046
      vertex -15.8512 -3.6194 18.714
      vertex -15.9848 -0.171409 18.1014
    endloop
  endfacet
  facet normal 0.661048 0.155993 0.73395
    outer loop
      vertex -16.0611 0.331649 18.0633
      vertex -15.8512 -3.6194 18.714
      vertex -15.9884 -0.170748 18.1046
    endloop
  endfacet
  facet normal 0.661307 0.155967 0.733722
    outer loop
      vertex -15.0746 -3.76176 18.0442
      vertex -16.0611 -7.49353 19.7266
      vertex -15.0746 -7.67435 18.8759
    endloop
  endfacet
  facet normal 0.661192 0.15598 0.733823
    outer loop
      vertex -16.0611 -7.49353 19.7266
      vertex -15.8512 -3.6194 18.714
      vertex -16.0611 0.331649 18.0633
    endloop
  endfacet
  facet normal -0.618406 -0.163399 -0.768684
    outer loop
      vertex -16.9949 -8.15356 16.6214
      vertex -15.8298 -4.4316 14.8929
      vertex -15.8298 -8.34419 15.7246
    endloop
  endfacet
  facet normal -0.618406 -0.163399 -0.768684
    outer loop
      vertex -15.8298 -4.4316 14.8929
      vertex -16.9949 -8.15356 16.6214
      vertex -16.9949 -4.24097 15.7897
    endloop
  endfacet
  facet normal 0.618403 0.1634 0.768686
    outer loop
      vertex -15.0746 -7.67435 18.8759
      vertex -14.0411 -3.93085 17.2487
      vertex -15.0746 -3.76176 18.0442
    endloop
  endfacet
  facet normal 0.618403 0.1634 0.768686
    outer loop
      vertex -14.0411 -3.93085 17.2487
      vertex -15.0746 -7.67435 18.8759
      vertex -14.0411 -7.84344 18.0804
    endloop
  endfacet
  facet normal -0.573613 -0.170297 -0.801229
    outer loop
      vertex -15.8298 -8.34419 15.7246
      vertex -14.6153 -4.60841 14.0611
      vertex -14.6153 -8.521 14.8927
    endloop
  endfacet
  facet normal -0.573568 -0.170323 -0.801255
    outer loop
      vertex -14.6153 -4.60841 14.0611
      vertex -15.8298 -8.34419 15.7246
      vertex -15.8298 -4.4316 14.8929
    endloop
  endfacet
  facet normal 0.573551 0.170325 0.801267
    outer loop
      vertex -14.0411 -7.84344 18.0804
      vertex -12.9638 -4.08768 16.5109
      vertex -14.0411 -3.93085 17.2487
    endloop
  endfacet
  facet normal 0.573601 0.170299 0.801237
    outer loop
      vertex -12.9638 -4.08768 16.5109
      vertex -14.0411 -7.84344 18.0804
      vertex -12.9638 -8.00027 17.3425
    endloop
  endfacet
  facet normal -0.526945 -0.176694 -0.831329
    outer loop
      vertex -14.6153 -8.521 14.8927
      vertex -13.3552 -4.77084 13.2969
      vertex -13.3552 -8.68344 14.1285
    endloop
  endfacet
  facet normal -0.526944 -0.176695 -0.831329
    outer loop
      vertex -13.3552 -4.77084 13.2969
      vertex -14.6153 -8.521 14.8927
      vertex -14.6153 -4.60841 14.0611
    endloop
  endfacet
  facet normal 0.526978 0.17669 0.831309
    outer loop
      vertex -12.9638 -8.00027 17.3425
      vertex -11.8461 -4.23177 15.833
      vertex -12.9638 -4.08768 16.5109
    endloop
  endfacet
  facet normal 0.526925 0.176717 0.831337
    outer loop
      vertex -11.8461 -4.23177 15.833
      vertex -12.9638 -8.00027 17.3425
      vertex -11.8461 -8.14436 16.6647
    endloop
  endfacet
  facet normal -0.478679 -0.182545 -0.858804
    outer loop
      vertex -12.0534 -8.831 13.4343
      vertex -12.9547 -4.81624 13.0833
      vertex -12.0534 -1.00581 11.771
    endloop
  endfacet
  facet normal -0.478663 -0.182542 -0.858813
    outer loop
      vertex -13.3552 -8.68344 14.1285
      vertex -12.9547 -4.81624 13.0833
      vertex -12.0534 -8.831 13.4343
    endloop
  endfacet
  facet normal -0.478712 -0.18253 -0.858788
    outer loop
      vertex -12.9547 -4.81624 13.0833
      vertex -13.3552 -8.68344 14.1285
      vertex -13.3552 -4.77084 13.2969
    endloop
  endfacet
  facet normal -0.478641 -0.18256 -0.858821
    outer loop
      vertex -12.0534 -1.00581 11.771
      vertex -12.9547 -4.81624 13.0833
      vertex -12.9547 -0.903653 12.2516
    endloop
  endfacet
  facet normal 0.478477 0.18257 0.858911
    outer loop
      vertex -10.9371 -4.33481 15.3482
      vertex -10.6915 -0.939136 14.4896
      vertex -10.9371 -0.911297 14.6205
    endloop
  endfacet
  facet normal 0.47855 0.182555 0.858873
    outer loop
      vertex -10.6915 -0.939136 14.4896
      vertex -10.9371 -4.33481 15.3482
      vertex -10.6915 -8.27524 16.0489
    endloop
  endfacet
  facet normal 0.478711 0.182552 0.858784
    outer loop
      vertex -11.8461 -8.14436 16.6647
      vertex -10.9371 -4.33481 15.3482
      vertex -11.8461 -4.23177 15.833
    endloop
  endfacet
  facet normal 0.478719 0.182549 0.858781
    outer loop
      vertex -10.9371 -4.33481 15.3482
      vertex -11.8461 -8.14436 16.6647
      vertex -10.6915 -8.27524 16.0489
    endloop
  endfacet
  facet normal 0.923858 -0.0795799 -0.37437
    outer loop
      vertex 17.1688 -4.48982 14.619
      vertex 17.1087 -0.607403 13.6454
      vertex 17.1688 -0.577234 13.7873
    endloop
  endfacet
  facet normal 0.92395 -0.0795249 -0.374156
    outer loop
      vertex 17.1087 -0.607403 13.6454
      vertex 17.1688 -4.48982 14.619
      vertex 17.1087 -4.51999 14.477
    endloop
  endfacet
  facet normal 0.999659 0.00542697 0.0255302
    outer loop
      vertex 17.364 -4.23365 15.8242
      vertex 17.3681 -0.353707 14.8389
      vertex 17.364 -0.321063 14.9925
    endloop
  endfacet
  facet normal 0.999659 0.00542692 0.02553
    outer loop
      vertex 17.3681 -0.353707 14.8389
      vertex 17.364 -4.23365 15.8242
      vertex 17.3681 -4.2663 15.6706
    endloop
  endfacet
  facet normal 0.649638 -0.158073 -0.743628
    outer loop
      vertex 16.2561 -0.83844 12.5584
      vertex 16.3755 -4.72982 13.4899
      vertex 16.2561 -4.75103 13.3901
    endloop
  endfacet
  facet normal 0.649636 -0.158074 -0.74363
    outer loop
      vertex 16.3755 -4.72982 13.4899
      vertex 16.2561 -0.83844 12.5584
      vertex 16.3755 -0.817233 12.6582
    endloop
  endfacet
  facet normal 0.99693 0.0162771 0.076582
    outer loop
      vertex 17.3517 -4.2011 15.9773
      vertex 17.364 -0.321063 14.9925
      vertex 17.3517 -0.288509 15.1457
    endloop
  endfacet
  facet normal 0.996927 0.0162892 0.0766296
    outer loop
      vertex 17.364 -0.321063 14.9925
      vertex 17.3517 -4.2011 15.9773
      vertex 17.364 -4.23365 15.8242
    endloop
  endfacet
  facet normal 0.522223 -0.17732 -0.834171
    outer loop
      vertex 15.8681 -0.893878 12.2976
      vertex 16.002 -4.78941 13.2095
      vertex 15.8681 -4.80647 13.1293
    endloop
  endfacet
  facet normal 0.522678 -0.177241 -0.833902
    outer loop
      vertex 16.002 -4.78941 13.2095
      vertex 15.8681 -0.893878 12.2976
      vertex 16.002 -0.876815 12.3779
    endloop
  endfacet
  facet normal 0.793434 -0.126555 -0.595355
    outer loop
      vertex 16.7951 -4.63292 13.9458
      vertex 16.6995 -0.746236 12.9922
      vertex 16.7951 -0.72033 13.1141
    endloop
  endfacet
  facet normal 0.793436 -0.126554 -0.595352
    outer loop
      vertex 16.6995 -0.746236 12.9922
      vertex 16.7951 -4.63292 13.9458
      vertex 16.6995 -4.65883 13.8239
    endloop
  endfacet
  facet normal 0.823989 -0.117811 -0.554222
    outer loop
      vertex 16.8841 -4.60601 14.0724
      vertex 16.7951 -0.72033 13.1141
      vertex 16.8841 -0.693418 13.2407
    endloop
  endfacet
  facet normal 0.823988 -0.117811 -0.554223
    outer loop
      vertex 16.7951 -0.72033 13.1141
      vertex 16.8841 -4.60601 14.0724
      vertex 16.7951 -4.63292 13.9458
    endloop
  endfacet
  facet normal -0.284394 -0.199316 -0.93776
    outer loop
      vertex 13.441 -4.8595 12.8798
      vertex 13.5916 -0.956189 12.0045
      vertex 13.5916 -4.86878 12.8361
    endloop
  endfacet
  facet normal -0.283816 -0.199375 -0.937922
    outer loop
      vertex 13.5916 -0.956189 12.0045
      vertex 13.441 -4.8595 12.8798
      vertex 13.441 -0.946914 12.0481
    endloop
  endfacet
  facet normal 0.477206 -0.182722 -0.859585
    outer loop
      vertex 15.7301 -0.909459 12.2243
      vertex 15.8681 -4.80647 13.1293
      vertex 15.7301 -4.82205 13.056
    endloop
  endfacet
  facet normal 0.477207 -0.182722 -0.859585
    outer loop
      vertex 15.8681 -4.80647 13.1293
      vertex 15.7301 -0.909459 12.2243
      vertex 15.8681 -0.893878 12.2976
    endloop
  endfacet
  facet normal -0.430726 -0.187627 -0.882763
    outer loop
      vertex 13.0061 -4.82205 13.056
      vertex 13.1479 -0.923518 12.1582
      vertex 13.1479 -4.83611 12.9898
    endloop
  endfacet
  facet normal -0.430218 -0.187699 -0.882996
    outer loop
      vertex 13.1479 -0.923518 12.1582
      vertex 13.0061 -4.82205 13.056
      vertex 13.0061 -0.909459 12.2243
    endloop
  endfacet
  facet normal 0.430726 -0.187627 -0.882763
    outer loop
      vertex 15.5883 -0.923518 12.1582
      vertex 15.7301 -4.82205 13.056
      vertex 15.5883 -4.83611 12.9898
    endloop
  endfacet
  facet normal 0.430218 -0.187699 -0.882996
    outer loop
      vertex 15.7301 -4.82205 13.056
      vertex 15.5883 -0.923518 12.1582
      vertex 15.7301 -0.909459 12.2243
    endloop
  endfacet
  facet normal -0.333455 -0.196024 -0.922162
    outer loop
      vertex 13.293 -4.8486 12.931
      vertex 13.441 -0.946914 12.0481
      vertex 13.441 -4.8595 12.8798
    endloop
  endfacet
  facet normal -0.334009 -0.195961 -0.921975
    outer loop
      vertex 13.441 -0.946914 12.0481
      vertex 13.293 -4.8486 12.931
      vertex 13.293 -0.936014 12.0994
    endloop
  endfacet
  facet normal 0.68827 -0.15084 -0.709599
    outer loop
      vertex 16.3755 -0.817233 12.6582
      vertex 16.4894 -4.70735 13.5956
      vertex 16.3755 -4.72982 13.4899
    endloop
  endfacet
  facet normal 0.688604 -0.150756 -0.709294
    outer loop
      vertex 16.4894 -4.70735 13.5956
      vertex 16.3755 -0.817233 12.6582
      vertex 16.4894 -0.794755 12.764
    endloop
  endfacet
  facet normal 0.608378 -0.165019 -0.776302
    outer loop
      vertex 16.1314 -0.858319 12.4649
      vertex 16.2561 -4.75103 13.3901
      vertex 16.1314 -4.77091 13.2966
    endloop
  endfacet
  facet normal 0.608378 -0.165019 -0.776302
    outer loop
      vertex 16.2561 -4.75103 13.3901
      vertex 16.1314 -0.858319 12.4649
      vertex 16.2561 -0.83844 12.5584
    endloop
  endfacet
  facet normal -0.0781132 -0.207289 -0.975156
    outer loop
      vertex 14.0545 -4.88662 12.7522
      vertex 14.2111 -0.976588 11.9085
      vertex 14.2111 -4.88918 12.7402
    endloop
  endfacet
  facet normal -0.0787361 -0.207255 -0.975113
    outer loop
      vertex 14.2111 -0.976588 11.9085
      vertex 14.0545 -4.88662 12.7522
      vertex 14.0545 -0.974025 11.9206
    endloop
  endfacet
  facet normal -0.0266601 -0.207827 -0.977802
    outer loop
      vertex 14.2111 -4.88918 12.7402
      vertex 14.3681 -0.977442 11.9045
      vertex 14.3681 -4.89003 12.7361
    endloop
  endfacet
  facet normal -0.0260431 -0.207854 -0.977813
    outer loop
      vertex 14.3681 -0.977442 11.9045
      vertex 14.2111 -4.88918 12.7402
      vertex 14.2111 -0.976588 11.9085
    endloop
  endfacet
  facet normal 0.852555 -0.108669 -0.511215
    outer loop
      vertex 16.9662 -4.57817 14.2034
      vertex 16.8841 -0.693418 13.2407
      vertex 16.9662 -0.665575 13.3717
    endloop
  endfacet
  facet normal 0.852554 -0.108669 -0.511216
    outer loop
      vertex 16.8841 -0.693418 13.2407
      vertex 16.9662 -4.57817 14.2034
      vertex 16.8841 -4.60601 14.0724
    endloop
  endfacet
  facet normal 0.819151 0.119255 0.561044
    outer loop
      vertex 12.6354 -2.66453 23.2063
      vertex 15.7916 -0.178169 18.0696
      vertex 12.6354 0.758982 22.4786
    endloop
  endfacet
  facet normal 0.819153 0.119247 0.561042
    outer loop
      vertex 15.8512 -3.6194 18.714
      vertex 15.7916 -0.178169 18.0696
      vertex 12.6354 -2.66453 23.2063
    endloop
  endfacet
  facet normal 0.818881 0.119314 0.561425
    outer loop
      vertex 15.7916 -0.178169 18.0696
      vertex 15.8512 -3.6194 18.714
      vertex 15.8093 -0.183424 18.0449
    endloop
  endfacet
  facet normal 0.819472 0.11916 0.560595
    outer loop
      vertex 15.8093 -0.183424 18.0449
      vertex 15.8512 -3.6194 18.714
      vertex 15.8512 -0.195886 17.9863
    endloop
  endfacet
  facet normal 0.999659 -0.00543034 -0.0255461
    outer loop
      vertex 17.3681 -4.2663 15.6706
      vertex 17.364 -0.386351 14.6854
      vertex 17.3681 -0.353707 14.8389
    endloop
  endfacet
  facet normal 0.999659 -0.00542637 -0.0255305
    outer loop
      vertex 17.364 -0.386351 14.6854
      vertex 17.3681 -4.2663 15.6706
      vertex 17.364 -4.29894 15.517
    endloop
  endfacet
  facet normal -0.477205 -0.182722 -0.859586
    outer loop
      vertex 12.9547 -4.81624 13.0833
      vertex 13.0061 -0.909459 12.2243
      vertex 13.0061 -4.82205 13.056
    endloop
  endfacet
  facet normal -0.477194 -0.182724 -0.859592
    outer loop
      vertex 13.0061 -0.909459 12.2243
      vertex 12.9547 -4.81624 13.0833
      vertex 12.9547 -0.903653 12.2516
    endloop
  endfacet
  facet normal 0.902669 -0.0894672 -0.420933
    outer loop
      vertex 17.1087 -4.51999 14.477
      vertex 17.0411 -0.636877 13.5067
      vertex 17.1087 -0.607403 13.6454
    endloop
  endfacet
  facet normal 0.902555 -0.089527 -0.421165
    outer loop
      vertex 17.0411 -0.636877 13.5067
      vertex 17.1087 -4.51999 14.477
      vertex 17.0411 -4.54947 14.3384
    endloop
  endfacet
  facet normal 0.130841 -0.206113 -0.969741
    outer loop
      vertex 14.6817 -0.974025 11.9206
      vertex 14.8374 -4.88235 12.7723
      vertex 14.6817 -4.88662 12.7522
    endloop
  endfacet
  facet normal 0.130218 -0.206154 -0.969816
    outer loop
      vertex 14.8374 -4.88235 12.7723
      vertex 14.6817 -0.974025 11.9206
      vertex 14.8374 -0.969763 11.9406
    endloop
  endfacet
  facet normal -0.382735 -0.192071 -0.903672
    outer loop
      vertex 13.1479 -4.83611 12.9898
      vertex 13.293 -0.936014 12.0994
      vertex 13.293 -4.8486 12.931
    endloop
  endfacet
  facet normal -0.382742 -0.19207 -0.903669
    outer loop
      vertex 13.293 -0.936014 12.0994
      vertex 13.1479 -4.83611 12.9898
      vertex 13.1479 -0.923518 12.1582
    endloop
  endfacet
  facet normal 0.284394 -0.199316 -0.93776
    outer loop
      vertex 15.1445 -0.956189 12.0045
      vertex 15.2951 -4.8595 12.8798
      vertex 15.1445 -4.86878 12.8361
    endloop
  endfacet
  facet normal 0.283816 -0.199375 -0.937922
    outer loop
      vertex 15.2951 -4.8595 12.8798
      vertex 15.1445 -0.956189 12.0045
      vertex 15.2951 -0.946914 12.0481
    endloop
  endfacet
  facet normal 0.760363 -0.135047 -0.635304
    outer loop
      vertex 16.6995 -4.65883 13.8239
      vertex 16.5975 -0.771068 12.8754
      vertex 16.6995 -0.746236 12.9922
    endloop
  endfacet
  facet normal 0.760361 -0.135047 -0.635305
    outer loop
      vertex 16.5975 -0.771068 12.8754
      vertex 16.6995 -4.65883 13.8239
      vertex 16.5975 -4.68366 13.7071
    endloop
  endfacet
  facet normal 0.233096 -0.202197 -0.951201
    outer loop
      vertex 14.9918 -0.963812 11.9686
      vertex 15.1445 -4.86878 12.8361
      vertex 14.9918 -4.8764 12.8003
    endloop
  endfacet
  facet normal 0.233688 -0.202144 -0.951066
    outer loop
      vertex 15.1445 -4.86878 12.8361
      vertex 14.9918 -0.963812 11.9686
      vertex 15.1445 -0.956189 12.0045
    endloop
  endfacet
  facet normal -0.232952 -0.202204 -0.951234
    outer loop
      vertex 13.5916 -4.86878 12.8361
      vertex 13.7444 -0.963812 11.9686
      vertex 13.7444 -4.8764 12.8003
    endloop
  endfacet
  facet normal -0.233544 -0.202151 -0.9511
    outer loop
      vertex 13.7444 -0.963812 11.9686
      vertex 13.5916 -4.86878 12.8361
      vertex 13.5916 -0.956189 12.0045
    endloop
  endfacet
  facet normal -0.18229 -0.204441 -0.961756
    outer loop
      vertex 13.7444 -4.8764 12.8003
      vertex 13.8988 -0.969763 11.9406
      vertex 13.8988 -4.88235 12.7723
    endloop
  endfacet
  facet normal -0.182291 -0.204441 -0.961756
    outer loop
      vertex 13.8988 -0.969763 11.9406
      vertex 13.7444 -4.8764 12.8003
      vertex 13.7444 -0.963812 11.9686
    endloop
  endfacet
  facet normal 0.18229 -0.204441 -0.961756
    outer loop
      vertex 14.8374 -0.969763 11.9406
      vertex 14.9918 -4.8764 12.8003
      vertex 14.8374 -4.88235 12.7723
    endloop
  endfacet
  facet normal 0.182291 -0.204441 -0.961756
    outer loop
      vertex 14.9918 -4.8764 12.8003
      vertex 14.8374 -0.969763 11.9406
      vertex 14.9918 -0.963812 11.9686
    endloop
  endfacet
  facet normal -0.819148 -0.119256 -0.561047
    outer loop
      vertex 9.10727 -0.367975 17.1767
      vertex 7.71936 -3.37938 19.8432
      vertex 7.71936 0.0441338 19.1155
    endloop
  endfacet
  facet normal -0.819156 -0.119254 -0.561037
    outer loop
      vertex 10.9371 -4.33481 15.3482
      vertex 9.10727 -0.367975 17.1767
      vertex 10.9371 -0.911297 14.6205
    endloop
  endfacet
  facet normal -0.819153 -0.11925 -0.561042
    outer loop
      vertex 9.10727 -0.367975 17.1767
      vertex 10.9371 -4.33481 15.3482
      vertex 7.71936 -3.37938 19.8432
    endloop
  endfacet
  facet normal 0.991424 0.0271693 0.127828
    outer loop
      vertex 17.3372 -4.17823 16.0849
      vertex 17.3517 -0.288509 15.1457
      vertex 17.3372 -0.265641 15.2533
    endloop
  endfacet
  facet normal 0.991424 0.0271691 0.127828
    outer loop
      vertex 17.3517 -0.288509 15.1457
      vertex 17.3372 -4.17823 16.0849
      vertex 17.3517 -4.2011 15.9773
    endloop
  endfacet
  facet normal -0.130841 -0.206113 -0.969741
    outer loop
      vertex 13.8988 -4.88235 12.7723
      vertex 14.0545 -0.974025 11.9206
      vertex 14.0545 -4.88662 12.7522
    endloop
  endfacet
  facet normal -0.130218 -0.206154 -0.969816
    outer loop
      vertex 14.0545 -0.974025 11.9206
      vertex 13.8988 -4.88235 12.7723
      vertex 13.8988 -0.969763 11.9406
    endloop
  endfacet
  facet normal 0.991444 -0.0271381 -0.127682
    outer loop
      vertex 17.3517 -4.3315 15.3638
      vertex 17.3312 -0.451281 14.3799
      vertex 17.3517 -0.418905 14.5322
    endloop
  endfacet
  facet normal 0.991444 -0.0271384 -0.127683
    outer loop
      vertex 17.3312 -0.451281 14.3799
      vertex 17.3517 -4.3315 15.3638
      vertex 17.3312 -4.36387 15.2115
    endloop
  endfacet
  facet normal 0.983175 -0.0379764 -0.178675
    outer loop
      vertex 17.3312 -4.36387 15.2115
      vertex 17.3025 -0.483389 14.2288
      vertex 17.3312 -0.451281 14.3799
    endloop
  endfacet
  facet normal 0.983154 -0.0380039 -0.178783
    outer loop
      vertex 17.3025 -0.483389 14.2288
      vertex 17.3312 -4.36387 15.2115
      vertex 17.3025 -4.39598 15.0605
    endloop
  endfacet
  facet normal 0.0266601 -0.207827 -0.977802
    outer loop
      vertex 14.3681 -0.977442 11.9045
      vertex 14.5251 -4.88918 12.7402
      vertex 14.3681 -4.89003 12.7361
    endloop
  endfacet
  facet normal 0.0260431 -0.207854 -0.977813
    outer loop
      vertex 14.5251 -4.88918 12.7402
      vertex 14.3681 -0.977442 11.9045
      vertex 14.5251 -0.976588 11.9085
    endloop
  endfacet
  facet normal 0.972469 -0.0484527 -0.227938
    outer loop
      vertex 17.3025 -4.39598 15.0605
      vertex 17.2659 -0.515142 14.0794
      vertex 17.3025 -0.483389 14.2288
    endloop
  endfacet
  facet normal 0.972469 -0.0484529 -0.227938
    outer loop
      vertex 17.2659 -0.515142 14.0794
      vertex 17.3025 -4.39598 15.0605
      vertex 17.2659 -4.42773 14.9111
    endloop
  endfacet
  facet normal 0.0781132 -0.207289 -0.975156
    outer loop
      vertex 14.5251 -0.976588 11.9085
      vertex 14.6817 -4.88662 12.7522
      vertex 14.5251 -4.88918 12.7402
    endloop
  endfacet
  facet normal 0.0787361 -0.207255 -0.975113
    outer loop
      vertex 14.6817 -4.88662 12.7522
      vertex 14.5251 -0.976588 11.9085
      vertex 14.6817 -0.974025 11.9206
    endloop
  endfacet
  facet normal 0.725304 -0.143141 -0.673383
    outer loop
      vertex 16.5975 -4.68366 13.7071
      vertex 16.4894 -0.794755 12.764
      vertex 16.5975 -0.771068 12.8754
    endloop
  endfacet
  facet normal 0.725601 -0.143059 -0.67308
    outer loop
      vertex 16.4894 -0.794755 12.764
      vertex 16.5975 -4.68366 13.7071
      vertex 16.4894 -4.70735 13.5956
    endloop
  endfacet
  facet normal 0.99693 -0.0162771 -0.076582
    outer loop
      vertex 17.364 -4.29894 15.517
      vertex 17.3517 -0.418905 14.5322
      vertex 17.364 -0.386351 14.6854
    endloop
  endfacet
  facet normal 0.99693 -0.0162769 -0.0765814
    outer loop
      vertex 17.3517 -0.418905 14.5322
      vertex 17.364 -4.29894 15.517
      vertex 17.3517 -4.3315 15.3638
    endloop
  endfacet
  facet normal 0.566877 -0.171269 -0.805802
    outer loop
      vertex 16.002 -0.876815 12.3779
      vertex 16.1314 -4.77091 13.2966
      vertex 16.002 -4.78941 13.2095
    endloop
  endfacet
  facet normal 0.56645 -0.17135 -0.806085
    outer loop
      vertex 16.1314 -4.77091 13.2966
      vertex 16.002 -0.876815 12.3779
      vertex 16.1314 -0.858319 12.4649
    endloop
  endfacet
  facet normal 0.942486 -0.0694982 -0.326942
    outer loop
      vertex 17.2213 -4.45904 14.7638
      vertex 17.1688 -0.577234 13.7873
      vertex 17.2213 -0.546452 13.9321
    endloop
  endfacet
  facet normal 0.942485 -0.0694984 -0.326943
    outer loop
      vertex 17.1688 -0.577234 13.7873
      vertex 17.2213 -4.45904 14.7638
      vertex 17.1688 -4.48982 14.619
    endloop
  endfacet
  facet normal 0.878916 -0.0991752 -0.466553
    outer loop
      vertex 17.0411 -4.54947 14.3384
      vertex 16.9662 -0.665575 13.3717
      vertex 17.0411 -0.636877 13.5067
    endloop
  endfacet
  facet normal 0.878916 -0.0991749 -0.466552
    outer loop
      vertex 16.9662 -0.665575 13.3717
      vertex 17.0411 -4.54947 14.3384
      vertex 16.9662 -4.57817 14.2034
    endloop
  endfacet
  facet normal 0.382735 -0.192071 -0.903672
    outer loop
      vertex 15.4432 -0.936014 12.0994
      vertex 15.5883 -4.83611 12.9898
      vertex 15.4432 -4.8486 12.931
    endloop
  endfacet
  facet normal 0.382742 -0.19207 -0.903669
    outer loop
      vertex 15.5883 -4.83611 12.9898
      vertex 15.4432 -0.936014 12.0994
      vertex 15.5883 -0.923518 12.1582
    endloop
  endfacet
  facet normal 0.958832 -0.0590452 -0.277768
    outer loop
      vertex 17.2659 -4.42773 14.9111
      vertex 17.2213 -0.546452 13.9321
      vertex 17.2659 -0.515142 14.0794
    endloop
  endfacet
  facet normal 0.958832 -0.0590452 -0.277768
    outer loop
      vertex 17.2213 -0.546452 13.9321
      vertex 17.2659 -4.42773 14.9111
      vertex 17.2213 -4.45904 14.7638
    endloop
  endfacet
  facet normal 0.333255 -0.196039 -0.922231
    outer loop
      vertex 15.2951 -0.946914 12.0481
      vertex 15.4432 -4.8486 12.931
      vertex 15.2951 -4.8595 12.8798
    endloop
  endfacet
  facet normal 0.333808 -0.195976 -0.922044
    outer loop
      vertex 15.4432 -4.8486 12.931
      vertex 15.2951 -0.946914 12.0481
      vertex 15.4432 -0.936014 12.0994
    endloop
  endfacet
  facet normal -0.891011 -0.0943286 -0.444075
    outer loop
      vertex 11.0351 -0.590298 13.7259
      vertex 12.0534 -1.00581 11.771
      vertex 10.7 -0.942629 14.4731
    endloop
  endfacet
  facet normal -0.893 -0.0935698 -0.440222
    outer loop
      vertex 10.7 -0.942629 14.4731
      vertex 10.6915 -8.27524 16.0489
      vertex 10.6915 -0.939136 14.4896
    endloop
  endfacet
  facet normal -0.891006 -0.0943904 -0.444071
    outer loop
      vertex 12.0534 -8.831 13.4343
      vertex 10.7 -0.942629 14.4731
      vertex 12.0534 -1.00581 11.771
    endloop
  endfacet
  facet normal -0.891016 -0.0943948 -0.44405
    outer loop
      vertex 10.7 -0.942629 14.4731
      vertex 12.0534 -8.831 13.4343
      vertex 10.6915 -8.27524 16.0489
    endloop
  endfacet
  facet normal 0.731351 0.141797 0.667098
    outer loop
      vertex 16.0611 -7.49353 19.7266
      vertex 18.1071 -0.124522 15.9172
      vertex 16.0611 0.331649 18.0633
    endloop
  endfacet
  facet normal 0.73135 0.141797 0.667098
    outer loop
      vertex 18.1071 -0.124522 15.9172
      vertex 16.0611 -7.49353 19.7266
      vertex 18.1071 -7.9497 17.5805
    endloop
  endfacet
  facet normal -1.33296e-06 -0.978148 0.207911
    outer loop
      vertex 16.9949 -8.15356 16.6214
      vertex 16.0611 -7.49353 19.7266
      vertex 15.0746 -7.67435 18.8759
    endloop
  endfacet
  facet normal -1.11643e-06 -0.978147 0.207915
    outer loop
      vertex 15.8298 -8.34419 15.7246
      vertex 15.0746 -7.67435 18.8759
      vertex 14.0411 -7.84344 18.0804
    endloop
  endfacet
  facet normal -1.12913e-05 -0.978148 0.207908
    outer loop
      vertex 14.6153 -8.521 14.8927
      vertex 14.0411 -7.84344 18.0804
      vertex 12.9638 -8.00027 17.3425
    endloop
  endfacet
  facet normal 1.33461e-05 -0.978146 0.207917
    outer loop
      vertex 13.3552 -8.68344 14.1285
      vertex 12.9638 -8.00027 17.3425
      vertex 11.8461 -8.14436 16.6647
    endloop
  endfacet
  facet normal -1.95688e-06 -0.978148 0.207911
    outer loop
      vertex 16.0611 -7.49353 19.7266
      vertex 16.9949 -8.15356 16.6214
      vertex 18.1071 -7.9497 17.5805
    endloop
  endfacet
  facet normal -9.67631e-06 -0.978148 0.20791
    outer loop
      vertex 12.0534 -8.831 13.4343
      vertex 11.8461 -8.14436 16.6647
      vertex 10.6915 -8.27524 16.0489
    endloop
  endfacet
  facet normal 4.45501e-06 -0.978147 0.207916
    outer loop
      vertex 15.0746 -7.67435 18.8759
      vertex 15.8298 -8.34419 15.7246
      vertex 16.9949 -8.15356 16.6214
    endloop
  endfacet
  facet normal -1.01044e-05 -0.978148 0.207908
    outer loop
      vertex 14.0411 -7.84344 18.0804
      vertex 14.6153 -8.521 14.8927
      vertex 15.8298 -8.34419 15.7246
    endloop
  endfacet
  facet normal 8.2002e-07 -0.978147 0.207916
    outer loop
      vertex 12.9638 -8.00027 17.3425
      vertex 13.3552 -8.68344 14.1285
      vertex 14.6153 -8.521 14.8927
    endloop
  endfacet
  facet normal 2.77438e-06 -0.978148 0.207911
    outer loop
      vertex 11.8461 -8.14436 16.6647
      vertex 12.0534 -8.831 13.4343
      vertex 13.3552 -8.68344 14.1285
    endloop
  endfacet
  facet normal 0.478712 -0.18253 -0.858788
    outer loop
      vertex 13.3552 -8.68344 14.1285
      vertex 12.9547 -4.81624 13.0833
      vertex 13.3552 -4.77084 13.2969
    endloop
  endfacet
  facet normal 0.478663 -0.182542 -0.858813
    outer loop
      vertex 12.0534 -8.831 13.4343
      vertex 12.9547 -4.81624 13.0833
      vertex 13.3552 -8.68344 14.1285
    endloop
  endfacet
  facet normal 0.478679 -0.182545 -0.858804
    outer loop
      vertex 12.0534 -1.00581 11.771
      vertex 12.9547 -4.81624 13.0833
      vertex 12.0534 -8.831 13.4343
    endloop
  endfacet
  facet normal 0.478641 -0.18256 -0.858821
    outer loop
      vertex 12.9547 -4.81624 13.0833
      vertex 12.0534 -1.00581 11.771
      vertex 12.9547 -0.903653 12.2516
    endloop
  endfacet
  facet normal -0.478477 0.18257 0.858911
    outer loop
      vertex 10.9371 -0.911297 14.6205
      vertex 10.6915 -0.939136 14.4896
      vertex 10.9371 -4.33481 15.3482
    endloop
  endfacet
  facet normal -0.478711 0.182552 0.858784
    outer loop
      vertex 10.9371 -4.33481 15.3482
      vertex 11.8461 -8.14436 16.6647
      vertex 11.8461 -4.23177 15.833
    endloop
  endfacet
  facet normal -0.478719 0.182549 0.858781
    outer loop
      vertex 10.9371 -4.33481 15.3482
      vertex 10.6915 -8.27524 16.0489
      vertex 11.8461 -8.14436 16.6647
    endloop
  endfacet
  facet normal -0.47855 0.182555 0.858873
    outer loop
      vertex 10.6915 -8.27524 16.0489
      vertex 10.9371 -4.33481 15.3482
      vertex 10.6915 -0.939136 14.4896
    endloop
  endfacet
  facet normal 0.526945 -0.176694 -0.831329
    outer loop
      vertex 13.3552 -4.77084 13.2969
      vertex 14.6153 -8.521 14.8927
      vertex 13.3552 -8.68344 14.1285
    endloop
  endfacet
  facet normal 0.526944 -0.176695 -0.831329
    outer loop
      vertex 14.6153 -8.521 14.8927
      vertex 13.3552 -4.77084 13.2969
      vertex 14.6153 -4.60841 14.0611
    endloop
  endfacet
  facet normal -0.526978 0.17669 0.831309
    outer loop
      vertex 11.8461 -4.23177 15.833
      vertex 12.9638 -8.00027 17.3425
      vertex 12.9638 -4.08768 16.5109
    endloop
  endfacet
  facet normal -0.526925 0.176717 0.831337
    outer loop
      vertex 12.9638 -8.00027 17.3425
      vertex 11.8461 -4.23177 15.833
      vertex 11.8461 -8.14436 16.6647
    endloop
  endfacet
  facet normal 0.573613 -0.170297 -0.801229
    outer loop
      vertex 14.6153 -4.60841 14.0611
      vertex 15.8298 -8.34419 15.7246
      vertex 14.6153 -8.521 14.8927
    endloop
  endfacet
  facet normal 0.573568 -0.170323 -0.801255
    outer loop
      vertex 15.8298 -8.34419 15.7246
      vertex 14.6153 -4.60841 14.0611
      vertex 15.8298 -4.4316 14.8929
    endloop
  endfacet
  facet normal -0.573551 0.170325 0.801267
    outer loop
      vertex 12.9638 -4.08768 16.5109
      vertex 14.0411 -7.84344 18.0804
      vertex 14.0411 -3.93085 17.2487
    endloop
  endfacet
  facet normal -0.573601 0.170299 0.801237
    outer loop
      vertex 14.0411 -7.84344 18.0804
      vertex 12.9638 -4.08768 16.5109
      vertex 12.9638 -8.00027 17.3425
    endloop
  endfacet
  facet normal 0.618406 -0.163399 -0.768684
    outer loop
      vertex 15.8298 -4.4316 14.8929
      vertex 16.9949 -8.15356 16.6214
      vertex 15.8298 -8.34419 15.7246
    endloop
  endfacet
  facet normal 0.618406 -0.163399 -0.768684
    outer loop
      vertex 16.9949 -8.15356 16.6214
      vertex 15.8298 -4.4316 14.8929
      vertex 16.9949 -4.24097 15.7897
    endloop
  endfacet
  facet normal -0.618403 0.1634 0.768686
    outer loop
      vertex 14.0411 -3.93085 17.2487
      vertex 15.0746 -7.67435 18.8759
      vertex 15.0746 -3.76176 18.0442
    endloop
  endfacet
  facet normal -0.618403 0.1634 0.768686
    outer loop
      vertex 15.0746 -7.67435 18.8759
      vertex 14.0411 -3.93085 17.2487
      vertex 14.0411 -7.84344 18.0804
    endloop
  endfacet
  facet normal 0.661325 -0.155955 -0.733708
    outer loop
      vertex 18.1071 -7.9497 17.5805
      vertex 17.3372 -4.17823 16.0849
      vertex 18.1071 -0.124522 15.9172
    endloop
  endfacet
  facet normal 0.661308 -0.155967 -0.733721
    outer loop
      vertex 16.9949 -4.24097 15.7897
      vertex 18.1071 -7.9497 17.5805
      vertex 16.9949 -8.15356 16.6214
    endloop
  endfacet
  facet normal 0.661331 -0.155952 -0.733703
    outer loop
      vertex 18.1071 -7.9497 17.5805
      vertex 16.9949 -4.24097 15.7897
      vertex 17.3372 -4.17823 16.0849
    endloop
  endfacet
  facet normal 0.661298 -0.155951 -0.733733
    outer loop
      vertex 18.1071 -0.124522 15.9172
      vertex 17.3372 -4.17823 16.0849
      vertex 17.3372 -0.265641 15.2533
    endloop
  endfacet
  facet normal -0.661349 0.156014 0.733674
    outer loop
      vertex 15.9884 -0.170748 18.1046
      vertex 16.0611 0.331649 18.0633
      vertex 15.9884 0.318325 18.0006
    endloop
  endfacet
  facet normal -0.661048 0.155993 0.73395
    outer loop
      vertex 15.8512 -3.6194 18.714
      vertex 16.0611 0.331649 18.0633
      vertex 15.9884 -0.170748 18.1046
    endloop
  endfacet
  facet normal -0.672082 0.154698 0.724137
    outer loop
      vertex 15.8512 -3.6194 18.714
      vertex 15.9884 -0.170748 18.1046
      vertex 15.9848 -0.171409 18.1014
    endloop
  endfacet
  facet normal -0.659484 0.156195 0.735312
    outer loop
      vertex 15.8512 -3.6194 18.714
      vertex 15.9848 -0.171409 18.1014
      vertex 15.9679 -0.174503 18.0869
    endloop
  endfacet
  facet normal -0.661103 0.155993 0.7339
    outer loop
      vertex 15.8512 -3.6194 18.714
      vertex 15.9679 -0.174503 18.0869
      vertex 15.9136 -0.184448 18.0401
    endloop
  endfacet
  facet normal -0.66124 0.155972 0.733781
    outer loop
      vertex 15.8512 -3.6194 18.714
      vertex 15.9136 -0.184448 18.0401
      vertex 15.8512 -0.195886 17.9863
    endloop
  endfacet
  facet normal -0.661192 0.15598 0.733823
    outer loop
      vertex 16.0611 0.331649 18.0633
      vertex 15.8512 -3.6194 18.714
      vertex 16.0611 -7.49353 19.7266
    endloop
  endfacet
  facet normal -0.661364 0.155932 0.733677
    outer loop
      vertex 15.0746 -3.76176 18.0442
      vertex 16.0611 -7.49353 19.7266
      vertex 15.8512 -3.6194 18.714
    endloop
  endfacet
  facet normal -0.661307 0.155967 0.733722
    outer loop
      vertex 16.0611 -7.49353 19.7266
      vertex 15.0746 -3.76176 18.0442
      vertex 15.0746 -7.67435 18.8759
    endloop
  endfacet
  facet normal -0.233461 -0.202169 -0.951117
    outer loop
      vertex -4.65874 -3.61489 18.7352
      vertex -3.74241 -0.237113 17.7923
      vertex -3.74241 -3.66063 18.52
    endloop
  endfacet
  facet normal -0.233461 -0.202169 -0.951117
    outer loop
      vertex -3.74241 -0.237113 17.7923
      vertex -4.65874 -3.61489 18.7352
      vertex -4.65874 -0.191374 18.0075
    endloop
  endfacet
  facet normal 0.996921 0.0163024 0.0767009
    outer loop
      vertex 17.9014 0.391188 37.5823
      vertex 17.9753 4.10845 35.8317
      vertex 17.9014 4.30378 36.7507
    endloop
  endfacet
  facet normal 0.99692 0.016306 0.0767085
    outer loop
      vertex 17.9753 4.10845 35.8317
      vertex 17.9014 0.391188 37.5823
      vertex 17.9753 0.195863 36.6634
    endloop
  endfacet
  facet normal 0.999656 0.00545015 0.0256393
    outer loop
      vertex 17.9753 0.195863 36.6634
      vertex 18 3.91259 34.9103
      vertex 17.9753 4.10845 35.8317
    endloop
  endfacet
  facet normal 0.999656 0.00544895 0.0256368
    outer loop
      vertex 18 3.91259 34.9103
      vertex 17.9753 0.195863 36.6634
      vertex 18 0 35.7419
    endloop
  endfacet
  facet normal 0.991446 0.0271354 0.127669
    outer loop
      vertex 17.7784 0.585442 38.4962
      vertex 17.9014 4.30378 36.7507
      vertex 17.7784 4.49803 37.6646
    endloop
  endfacet
  facet normal 0.991446 0.0271353 0.127669
    outer loop
      vertex 17.9014 4.30378 36.7507
      vertex 17.7784 0.585442 38.4962
      vertex 17.9014 0.391188 37.5823
    endloop
  endfacet
  facet normal -0.72535 -0.143124 -0.673337
    outer loop
      vertex -12.7279 0.777233 22.5645
      vertex -13.3766 -2.50416 23.9608
      vertex -13.3766 0.919355 23.2331
    endloop
  endfacet
  facet normal -0.725399 -0.143095 -0.673291
    outer loop
      vertex -13.3766 -2.50416 23.9608
      vertex -12.7279 0.777233 22.5645
      vertex -12.7279 -2.64628 23.2921
    endloop
  endfacet
  facet normal -0.382639 0.192101 0.903706
    outer loop
      vertex -7.32126 7.33145 50.9948
      vertex -6.45062 3.49384 52.1792
      vertex -6.45062 7.40643 51.3475
    endloop
  endfacet
  facet normal -0.382728 0.192071 0.903675
    outer loop
      vertex -6.45062 3.49384 52.1792
      vertex -7.32126 7.33145 50.9948
      vertex -7.32126 3.41886 51.8264
    endloop
  endfacet
  facet normal -0.972373 -0.0485306 -0.228331
    outer loop
      vertex -17.3867 2.94398 30.3533
      vertex -17.6067 -0.778091 32.0813
      vertex -17.6067 3.1345 31.2497
    endloop
  endfacet
  facet normal -0.972368 -0.0485411 -0.228353
    outer loop
      vertex -17.6067 -0.778091 32.0813
      vertex -17.3867 2.94398 30.3533
      vertex -17.3867 -0.968607 31.185
    endloop
  endfacet
  facet normal -0.43063 -0.187624 -0.882811
    outer loop
      vertex -7.71936 -3.37938 19.8432
      vertex -7.32126 0.00465458 18.9298
      vertex -7.32126 -3.41886 19.6574
    endloop
  endfacet
  facet normal -0.430449 -0.187667 -0.88289
    outer loop
      vertex -7.32126 0.00465458 18.9298
      vertex -7.71936 -3.37938 19.8432
      vertex -7.71936 0.0441338 19.1155
    endloop
  endfacet
  facet normal -0.991446 -0.0271354 -0.127669
    outer loop
      vertex -17.7784 3.32715 32.156
      vertex -17.9014 -0.391188 33.9015
      vertex -17.9014 3.5214 33.0699
    endloop
  endfacet
  facet normal -0.991446 -0.0271353 -0.127669
    outer loop
      vertex -17.9014 -0.391188 33.9015
      vertex -17.7784 3.32715 32.156
      vertex -17.7784 -0.585442 32.9876
    endloop
  endfacet
  facet normal -0.130509 -0.206136 -0.969781
    outer loop
      vertex -2.81582 -3.69634 18.352
      vertex -1.88151 -0.298392 17.504
      vertex -1.88151 -3.72191 18.2317
    endloop
  endfacet
  facet normal -0.130612 -0.206106 -0.969774
    outer loop
      vertex -1.88151 -0.298392 17.504
      vertex -2.81582 -3.69634 18.352
      vertex -2.81582 -0.272818 17.6244
    endloop
  endfacet
  facet normal -0.99692 -0.0163059 -0.0767084
    outer loop
      vertex -17.9014 3.5214 33.0699
      vertex -17.9753 -0.195863 34.8205
      vertex -17.9753 3.71673 33.9888
    endloop
  endfacet
  facet normal -0.996921 -0.0163024 -0.076701
    outer loop
      vertex -17.9753 -0.195863 34.8205
      vertex -17.9014 3.5214 33.0699
      vertex -17.9014 -0.391188 33.9015
    endloop
  endfacet
  facet normal 0.90257 0.0895206 0.421134
    outer loop
      vertex 16.0381 1.69902 43.7352
      vertex 16.4438 5.43477 42.0716
      vertex 16.0381 5.61161 42.9035
    endloop
  endfacet
  facet normal 0.902589 0.0895019 0.421097
    outer loop
      vertex 16.4438 5.43477 42.0716
      vertex 16.0381 1.69902 43.7352
      vertex 16.4438 1.52218 42.9032
    endloop
  endfacet
  facet normal 0.0784362 -0.207274 -0.975134
    outer loop
      vertex 0.942047 -0.313765 17.4317
      vertex 1.88151 -3.72191 18.2317
      vertex 0.942047 -3.73728 18.1594
    endloop
  endfacet
  facet normal 0.0784369 -0.207274 -0.975133
    outer loop
      vertex 1.88151 -3.72191 18.2317
      vertex 0.942047 -0.313765 17.4317
      vertex 1.88151 -0.298392 17.504
    endloop
  endfacet
  facet normal 0.182256 0.204418 0.961767
    outer loop
      vertex 2.81582 3.69634 53.1318
      vertex 3.74241 7.57322 52.1322
      vertex 2.81582 7.60893 52.3002
    endloop
  endfacet
  facet normal 0.182256 0.204418 0.961767
    outer loop
      vertex 3.74241 7.57322 52.1322
      vertex 2.81582 3.69634 53.1318
      vertex 3.74241 3.66063 52.9638
    endloop
  endfacet
  facet normal -0.182256 -0.204405 -0.96177
    outer loop
      vertex -3.74241 -3.66063 18.52
      vertex -2.81582 -0.272818 17.6244
      vertex -2.81582 -3.69634 18.352
    endloop
  endfacet
  facet normal -0.182155 -0.204436 -0.961783
    outer loop
      vertex -2.81582 -0.272818 17.6244
      vertex -3.74241 -3.66063 18.52
      vertex -3.74241 -0.237113 17.7923
    endloop
  endfacet
  facet normal 0.972373 -0.0485306 -0.228331
    outer loop
      vertex 17.6067 -0.778091 32.0813
      vertex 17.3867 2.94398 30.3533
      vertex 17.6067 3.1345 31.2497
    endloop
  endfacet
  facet normal 0.972368 -0.0485411 -0.228353
    outer loop
      vertex 17.3867 2.94398 30.3533
      vertex 17.6067 -0.778091 32.0813
      vertex 17.3867 -0.968607 31.185
    endloop
  endfacet
  facet normal -0.608709 0.164958 0.776055
    outer loop
      vertex -11.0802 6.3714 48.883
      vertex -10.5801 3.02767 49.986
      vertex -10.5801 6.45119 49.2583
    endloop
  endfacet
  facet normal -0.608681 0.164968 0.776075
    outer loop
      vertex -11.3278 6.33191 48.6972
      vertex -10.5801 3.02767 49.986
      vertex -11.0802 6.3714 48.883
    endloop
  endfacet
  facet normal -0.608699 0.16496 0.776063
    outer loop
      vertex -10.5801 3.02767 49.986
      vertex -11.3278 6.33191 48.6972
      vertex -11.3278 2.9084 49.4249
    endloop
  endfacet
  facet normal -0.98326 0.0378857 0.178227
    outer loop
      vertex -17.7784 4.49803 37.6646
      vertex -17.6067 0.778091 39.4026
      vertex -17.6067 4.69068 38.5709
    endloop
  endfacet
  facet normal -0.983263 0.0378775 0.17821
    outer loop
      vertex -17.6067 0.778091 39.4026
      vertex -17.7784 4.49803 37.6646
      vertex -17.7784 0.585442 38.4962
    endloop
  endfacet
  facet normal 0.477314 0.182771 0.859515
    outer loop
      vertex 8.24203 7.23918 50.5606
      vertex 8.17183 7.2471 50.5979
      vertex 8.24203 6.7501 50.6646
    endloop
  endfacet
  facet normal 0.476698 0.182901 0.85983
    outer loop
      vertex 8.17183 3.33451 51.4296
      vertex 9 6.66454 50.2621
      vertex 8.87896 6.6782 50.3263
    endloop
  endfacet
  facet normal 0.477157 0.182731 0.859611
    outer loop
      vertex 8.17183 3.33451 51.4296
      vertex 8.87896 6.6782 50.3263
      vertex 8.33272 6.73987 50.6164
    endloop
  endfacet
  facet normal 0.477406 0.182689 0.859482
    outer loop
      vertex 8.17183 3.33451 51.4296
      vertex 8.33272 6.73987 50.6164
      vertex 8.24203 6.7501 50.6646
    endloop
  endfacet
  facet normal 0.477212 0.182688 0.859589
    outer loop
      vertex 9 6.66454 50.2621
      vertex 8.17183 3.33451 51.4296
      vertex 9 3.24102 50.9897
    endloop
  endfacet
  facet normal 0.476972 0.182749 0.85971
    outer loop
      vertex 8.17183 3.33451 51.4296
      vertex 8.24203 6.7501 50.6646
      vertex 8.17183 7.2471 50.5979
    endloop
  endfacet
  facet normal -0.688387 0.150809 0.709493
    outer loop
      vertex -12.7279 6.0698 47.464
      vertex -12.0444 2.78115 48.8262
      vertex -12.0444 6.20467 48.0985
    endloop
  endfacet
  facet normal -0.688387 0.150809 0.709493
    outer loop
      vertex -12.0444 2.78115 48.8262
      vertex -12.7279 6.0698 47.464
      vertex -12.7279 2.64628 48.1917
    endloop
  endfacet
  facet normal 0.233461 0.202155 0.95112
    outer loop
      vertex 3.74241 3.66063 52.9638
      vertex 4.65874 7.52748 51.917
      vertex 3.74241 7.57322 52.1322
    endloop
  endfacet
  facet normal 0.233363 0.202184 0.951138
    outer loop
      vertex 4.65874 7.52748 51.917
      vertex 3.74241 3.66063 52.9638
      vertex 4.65874 3.61489 52.7487
    endloop
  endfacet
  facet normal 0.923904 0.0795477 0.374263
    outer loop
      vertex 16.4438 1.52218 42.9032
      vertex 16.8044 5.25375 41.2199
      vertex 16.4438 5.43477 42.0716
    endloop
  endfacet
  facet normal 0.923889 0.0795645 0.374297
    outer loop
      vertex 16.8044 5.25375 41.2199
      vertex 16.4438 1.52218 42.9032
      vertex 16.8044 1.34116 42.0516
    endloop
  endfacet
  facet normal -0.72535 0.143124 0.673338
    outer loop
      vertex -13.3766 5.92768 46.7954
      vertex -12.7279 2.64628 48.1917
      vertex -12.7279 6.0698 47.464
    endloop
  endfacet
  facet normal -0.72535 0.143124 0.673338
    outer loop
      vertex -12.7279 2.64628 48.1917
      vertex -13.3766 5.92768 46.7954
      vertex -13.3766 2.50416 47.5231
    endloop
  endfacet
  facet normal -0.760406 0.135029 0.635255
    outer loop
      vertex -13.9886 5.77869 46.0945
      vertex -13.3766 2.50416 47.5231
      vertex -13.3766 5.92768 46.7954
    endloop
  endfacet
  facet normal -0.760405 0.13503 0.635256
    outer loop
      vertex -13.3766 2.50416 47.5231
      vertex -13.9886 5.77869 46.0945
      vertex -13.9886 2.35518 46.8222
    endloop
  endfacet
  facet normal -0.942631 -0.0694129 -0.326541
    outer loop
      vertex -16.8044 2.57143 28.6006
      vertex -17.119 -1.15647 30.3012
      vertex -17.119 2.75612 29.4695
    endloop
  endfacet
  facet normal -0.942631 -0.0694129 -0.326541
    outer loop
      vertex -17.119 -1.15647 30.3012
      vertex -16.8044 2.57143 28.6006
      vertex -16.8044 -1.34116 29.4323
    endloop
  endfacet
  facet normal 0.942631 0.0694129 0.326541
    outer loop
      vertex 16.8044 1.34116 42.0516
      vertex 17.119 5.06906 40.351
      vertex 16.8044 5.25375 41.2199
    endloop
  endfacet
  facet normal 0.942631 0.0694129 0.326541
    outer loop
      vertex 17.119 5.06906 40.351
      vertex 16.8044 1.34116 42.0516
      vertex 17.119 1.15647 41.1827
    endloop
  endfacet
  facet normal 0.43063 -0.187624 -0.882811
    outer loop
      vertex 7.32126 0.00465458 18.9298
      vertex 7.71936 -3.37938 19.8432
      vertex 7.32126 -3.41886 19.6574
    endloop
  endfacet
  facet normal 0.430449 -0.187667 -0.88289
    outer loop
      vertex 7.71936 -3.37938 19.8432
      vertex 7.32126 0.00465458 18.9298
      vertex 7.71936 0.0441338 19.1155
    endloop
  endfacet
  facet normal 0.958803 0.0590654 0.277863
    outer loop
      vertex 17.119 1.15647 41.1827
      vertex 17.3867 4.8812 39.4672
      vertex 17.119 5.06906 40.351
    endloop
  endfacet
  facet normal 0.958803 0.0590654 0.277863
    outer loop
      vertex 17.3867 4.8812 39.4672
      vertex 17.119 1.15647 41.1827
      vertex 17.3867 0.968607 40.2989
    endloop
  endfacet
  facet normal -0.999656 -0.00544896 -0.0256368
    outer loop
      vertex -17.9753 3.71673 33.9888
      vertex -18 0 35.7419
      vertex -18 3.91259 34.9103
    endloop
  endfacet
  facet normal -0.999656 -0.00545014 -0.0256393
    outer loop
      vertex -18 0 35.7419
      vertex -17.9753 3.71673 33.9888
      vertex -17.9753 -0.195863 34.8205
    endloop
  endfacet
  facet normal -0.182256 0.204418 0.961767
    outer loop
      vertex -3.74241 7.57322 52.1322
      vertex -2.81582 3.69634 53.1318
      vertex -2.81582 7.60893 52.3002
    endloop
  endfacet
  facet normal -0.182256 0.204418 0.961767
    outer loop
      vertex -2.81582 3.69634 53.1318
      vertex -3.74241 7.57322 52.1322
      vertex -3.74241 3.66063 52.9638
    endloop
  endfacet
  facet normal 0.72535 0.143124 0.673338
    outer loop
      vertex 12.7279 2.64628 48.1917
      vertex 13.3766 5.92768 46.7954
      vertex 12.7279 6.0698 47.464
    endloop
  endfacet
  facet normal 0.72535 0.143124 0.673338
    outer loop
      vertex 13.3766 5.92768 46.7954
      vertex 12.7279 2.64628 48.1917
      vertex 13.3766 2.50416 47.5231
    endloop
  endfacet
  facet normal -0.333813 0.195998 0.922038
    outer loop
      vertex -6.45062 7.40643 51.3475
      vertex -5.56231 3.55924 52.4869
      vertex -5.56231 7.47183 51.6552
    endloop
  endfacet
  facet normal -0.333813 0.195998 0.922038
    outer loop
      vertex -5.56231 3.55924 52.4869
      vertex -6.45062 7.40643 51.3475
      vertex -6.45062 3.49384 52.1792
    endloop
  endfacet
  facet normal 0.942631 -0.0694129 -0.326541
    outer loop
      vertex 17.119 -1.15647 30.3012
      vertex 16.8044 2.57143 28.6006
      vertex 17.119 2.75612 29.4695
    endloop
  endfacet
  facet normal 0.942631 -0.0694129 -0.326541
    outer loop
      vertex 16.8044 2.57143 28.6006
      vertex 17.119 -1.15647 30.3012
      vertex 16.8044 -1.34116 29.4323
    endloop
  endfacet
  facet normal -0.958803 0.0590654 0.277863
    outer loop
      vertex -17.3867 4.8812 39.4672
      vertex -17.119 1.15647 41.1827
      vertex -17.119 5.06906 40.351
    endloop
  endfacet
  facet normal -0.958803 0.0590654 0.277863
    outer loop
      vertex -17.119 1.15647 41.1827
      vertex -17.3867 4.8812 39.4672
      vertex -17.3867 0.968607 40.2989
    endloop
  endfacet
  facet normal 0.430566 0.187643 0.882838
    outer loop
      vertex 7.32126 3.41886 51.8264
      vertex 8.17183 7.2471 50.5979
      vertex 7.32126 7.33145 50.9948
    endloop
  endfacet
  facet normal 0.430481 0.187673 0.882873
    outer loop
      vertex 8.17183 7.2471 50.5979
      vertex 7.32126 3.41886 51.8264
      vertex 8.17183 3.33451 51.4296
    endloop
  endfacet
  facet normal 0.649471 0.158095 0.74377
    outer loop
      vertex 11.3278 2.9084 49.4249
      vertex 12.0444 6.20467 48.0985
      vertex 11.3278 6.33191 48.6972
    endloop
  endfacet
  facet normal 0.649472 0.158095 0.743769
    outer loop
      vertex 12.0444 6.20467 48.0985
      vertex 11.3278 2.9084 49.4249
      vertex 12.0444 2.78115 48.8262
    endloop
  endfacet
  facet normal 0.760406 -0.135029 -0.635256
    outer loop
      vertex 13.9886 -2.35518 24.6617
      vertex 13.3766 0.919355 23.2331
      vertex 13.9886 1.06834 23.934
    endloop
  endfacet
  facet normal 0.760405 -0.13503 -0.635257
    outer loop
      vertex 13.3766 0.919355 23.2331
      vertex 13.9886 -2.35518 24.6617
      vertex 13.3766 -2.50416 23.9608
    endloop
  endfacet
  facet normal 0.0784362 0.207284 0.975131
    outer loop
      vertex 0.942047 3.73728 53.3245
      vertex 1.88151 7.6345 52.4205
      vertex 0.942047 7.64987 52.4928
    endloop
  endfacet
  facet normal 0.0785394 0.207258 0.975128
    outer loop
      vertex 1.88151 7.6345 52.4205
      vertex 0.942047 3.73728 53.3245
      vertex 1.88151 3.72191 53.2521
    endloop
  endfacet
  facet normal -0.878711 -0.0991952 -0.466934
    outer loop
      vertex -16 1.7099 26.9523
      vertex -16.0381 2.21357 26.917
      vertex -16 2.19898 26.8484
    endloop
  endfacet
  facet normal -0.878706 -0.0992703 -0.466927
    outer loop
      vertex -16.0381 -1.69902 27.7487
      vertex -15.9331 1.68428 26.8318
      vertex -15.8594 1.65608 26.6991
    endloop
  endfacet
  facet normal -0.878779 -0.0992224 -0.466799
    outer loop
      vertex -15.5885 -1.87121 26.9386
      vertex -15.674 1.58505 26.3649
      vertex -15.5885 1.55231 26.2109
    endloop
  endfacet
  facet normal -0.878889 -0.0991853 -0.4666
    outer loop
      vertex -16 1.7099 26.9523
      vertex -16.0381 -1.69902 27.7487
      vertex -16.0381 2.21357 26.917
    endloop
  endfacet
  facet normal -0.878658 -0.0992845 -0.467014
    outer loop
      vertex -15.9935 1.70741 26.9406
      vertex -16.0381 -1.69902 27.7487
      vertex -16 1.7099 26.9523
    endloop
  endfacet
  facet normal -0.878796 -0.0992241 -0.466767
    outer loop
      vertex -15.9331 1.68428 26.8318
      vertex -16.0381 -1.69902 27.7487
      vertex -15.9935 1.70741 26.9406
    endloop
  endfacet
  facet normal -0.878935 -0.0991793 -0.466516
    outer loop
      vertex -15.674 1.58505 26.3649
      vertex -15.5885 -1.87121 26.9386
      vertex -15.8594 1.65608 26.6991
    endloop
  endfacet
  facet normal -0.87885 -0.0991835 -0.466674
    outer loop
      vertex -15.8594 1.65608 26.6991
      vertex -15.5885 -1.87121 26.9386
      vertex -16.0381 -1.69902 27.7487
    endloop
  endfacet
  facet normal 0.0261468 -0.207843 -0.977813
    outer loop
      vertex 0 -0.318894 17.4076
      vertex 0.942047 -3.73728 18.1594
      vertex 0 -3.74241 18.1353
    endloop
  endfacet
  facet normal 0.0261466 -0.207843 -0.977813
    outer loop
      vertex 0.942047 -3.73728 18.1594
      vertex 0 -0.318894 17.4076
      vertex 0.942047 -0.313765 17.4317
    endloop
  endfacet
  facet normal 0.72535 -0.143124 -0.673337
    outer loop
      vertex 13.3766 -2.50416 23.9608
      vertex 12.7279 0.777233 22.5645
      vertex 13.3766 0.919355 23.2331
    endloop
  endfacet
  facet normal 0.725399 -0.143095 -0.673291
    outer loop
      vertex 12.7279 0.777233 22.5645
      vertex 13.3766 -2.50416 23.9608
      vertex 12.7279 -2.64628 23.2921
    endloop
  endfacet
  facet normal -0.0261468 -0.207843 -0.977813
    outer loop
      vertex -0.942047 -3.73728 18.1594
      vertex 0 -0.318894 17.4076
      vertex 0 -3.74241 18.1353
    endloop
  endfacet
  facet normal -0.0261466 -0.207843 -0.977813
    outer loop
      vertex 0 -0.318894 17.4076
      vertex -0.942047 -3.73728 18.1594
      vertex -0.942047 -0.313765 17.4317
    endloop
  endfacet
  facet normal 0.991446 -0.0271354 -0.127669
    outer loop
      vertex 17.9014 -0.391188 33.9015
      vertex 17.7784 3.32715 32.156
      vertex 17.9014 3.5214 33.0699
    endloop
  endfacet
  facet normal 0.991446 -0.0271353 -0.127669
    outer loop
      vertex 17.7784 3.32715 32.156
      vertex 17.9014 -0.391188 33.9015
      vertex 17.7784 -0.585442 32.9876
    endloop
  endfacet
  facet normal 0.688387 0.150809 0.709493
    outer loop
      vertex 12.0444 2.78115 48.8262
      vertex 12.7279 6.0698 47.464
      vertex 12.0444 6.20467 48.0985
    endloop
  endfacet
  facet normal 0.688387 0.150809 0.709493
    outer loop
      vertex 12.7279 6.0698 47.464
      vertex 12.0444 2.78115 48.8262
      vertex 12.7279 2.64628 48.1917
    endloop
  endfacet
  facet normal 0.999656 -0.00544896 -0.0256368
    outer loop
      vertex 18 0 35.7419
      vertex 17.9753 3.71673 33.9888
      vertex 18 3.91259 34.9103
    endloop
  endfacet
  facet normal 0.999656 -0.00545014 -0.0256393
    outer loop
      vertex 17.9753 3.71673 33.9888
      vertex 18 0 35.7419
      vertex 17.9753 -0.195863 34.8205
    endloop
  endfacet
  facet normal 0.522554 0.177245 0.833979
    outer loop
      vertex 9 3.24102 50.9897
      vertex 9.8035 6.56217 49.7804
      vertex 9 6.66454 50.2621
    endloop
  endfacet
  facet normal 0.522479 0.177278 0.834019
    outer loop
      vertex 9.8035 6.56217 49.7804
      vertex 9 3.24102 50.9897
      vertex 9.8035 3.13865 50.5081
    endloop
  endfacet
  facet normal 0.824122 -0.117766 -0.554035
    outer loop
      vertex 15.0961 -2.03826 26.1527
      vertex 14.5623 1.22378 24.6653
      vertex 15.0961 1.38525 25.425
    endloop
  endfacet
  facet normal 0.824122 -0.117766 -0.554035
    outer loop
      vertex 14.5623 1.22378 24.6653
      vertex 15.0961 -2.03826 26.1527
      vertex 14.5623 -2.19973 25.393
    endloop
  endfacet
  facet normal -0.996921 0.0163024 0.0767009
    outer loop
      vertex -17.9753 4.10845 35.8317
      vertex -17.9014 0.391188 37.5823
      vertex -17.9014 4.30378 36.7507
    endloop
  endfacet
  facet normal -0.99692 0.016306 0.0767085
    outer loop
      vertex -17.9014 0.391188 37.5823
      vertex -17.9753 4.10845 35.8317
      vertex -17.9753 0.195863 36.6634
    endloop
  endfacet
  facet normal 0.852679 0.108622 0.511019
    outer loop
      vertex 15.0961 2.03826 45.3312
      vertex 15.4227 5.35094 44.0821
      vertex 15.0961 5.46178 44.6035
    endloop
  endfacet
  facet normal 0.852621 0.108661 0.511107
    outer loop
      vertex 15.5885 1.87121 44.5453
      vertex 15.4227 5.35094 44.0821
      vertex 15.0961 2.03826 45.3312
    endloop
  endfacet
  facet normal 0.852509 0.108679 0.511289
    outer loop
      vertex 15.4227 5.35094 44.0821
      vertex 15.5885 1.87121 44.5453
      vertex 15.5885 5.29472 43.8176
    endloop
  endfacet
  facet normal 0.130509 0.206122 0.969784
    outer loop
      vertex 1.88151 3.72191 53.2521
      vertex 2.81582 7.60893 52.3002
      vertex 1.88151 7.6345 52.4205
    endloop
  endfacet
  facet normal 0.130509 0.206122 0.969784
    outer loop
      vertex 2.81582 7.60893 52.3002
      vertex 1.88151 3.72191 53.2521
      vertex 2.81582 3.69634 53.1318
    endloop
  endfacet
  facet normal 0.923889 -0.0795645 -0.374297
    outer loop
      vertex 16.8044 -1.34116 29.4323
      vertex 16.4438 2.39041 27.749
      vertex 16.8044 2.57143 28.6006
    endloop
  endfacet
  facet normal 0.923889 -0.0795645 -0.374297
    outer loop
      vertex 16.4438 2.39041 27.749
      vertex 16.8044 -1.34116 29.4323
      vertex 16.4438 -1.52218 28.5807
    endloop
  endfacet
  facet normal 0.0261468 0.207853 0.97781
    outer loop
      vertex 0 3.74241 53.3486
      vertex 0.942047 7.64987 52.4928
      vertex 0 7.655 52.5169
    endloop
  endfacet
  facet normal 0.0261468 0.207853 0.97781
    outer loop
      vertex 0.942047 7.64987 52.4928
      vertex 0 3.74241 53.3486
      vertex 0.942047 3.73728 53.3245
    endloop
  endfacet
  facet normal -0.688108 -0.150864 -0.709752
    outer loop
      vertex -12.7279 -2.64628 23.2921
      vertex -12.6354 0.758982 22.4786
      vertex -12.6354 -2.66453 23.2063
    endloop
  endfacet
  facet normal -0.688512 -0.150765 -0.709381
    outer loop
      vertex -12.6354 0.758982 22.4786
      vertex -12.7279 -2.64628 23.2921
      vertex -12.7279 0.777233 22.5645
    endloop
  endfacet
  facet normal 0.760406 0.135029 0.635255
    outer loop
      vertex 13.3766 2.50416 47.5231
      vertex 13.9886 5.77869 46.0945
      vertex 13.3766 5.92768 46.7954
    endloop
  endfacet
  facet normal 0.760405 0.13503 0.635256
    outer loop
      vertex 13.9886 5.77869 46.0945
      vertex 13.3766 2.50416 47.5231
      vertex 13.9886 2.35518 46.8222
    endloop
  endfacet
  facet normal 0.333813 -0.195988 -0.92204
    outer loop
      vertex 5.56231 -0.135727 18.2693
      vertex 6.45062 -3.49384 19.3047
      vertex 5.56231 -3.55924 18.997
    endloop
  endfacet
  facet normal 0.333813 -0.195988 -0.92204
    outer loop
      vertex 6.45062 -3.49384 19.3047
      vertex 5.56231 -0.135727 18.2693
      vertex 6.45062 -0.0703244 18.577
    endloop
  endfacet
  facet normal 0.98326 -0.0378813 -0.178228
    outer loop
      vertex 17.7784 -0.585442 32.9876
      vertex 17.6067 3.1345 31.2497
      vertex 17.7784 3.32715 32.156
    endloop
  endfacet
  facet normal 0.98326 -0.0378814 -0.178228
    outer loop
      vertex 17.6067 3.1345 31.2497
      vertex 17.7784 -0.585442 32.9876
      vertex 17.6067 -0.778091 32.0813
    endloop
  endfacet
  facet normal 0.878824 0.0992057 0.466719
    outer loop
      vertex 15.5885 1.87121 44.5453
      vertex 15.9549 5.15441 43.1575
      vertex 15.5885 5.29472 43.8176
    endloop
  endfacet
  facet normal 0.878664 0.0992433 0.467012
    outer loop
      vertex 16.0381 1.69902 43.7352
      vertex 15.9812 5.14434 43.1101
      vertex 15.9692 5.14894 43.1317
    endloop
  endfacet
  facet normal 0.879091 0.0991159 0.466234
    outer loop
      vertex 15.9549 5.15441 43.1575
      vertex 16.0381 1.69902 43.7352
      vertex 15.9692 5.14894 43.1317
    endloop
  endfacet
  facet normal 0.87885 0.0991836 0.466674
    outer loop
      vertex 16.0381 1.69902 43.7352
      vertex 15.9549 5.15441 43.1575
      vertex 15.5885 1.87121 44.5453
    endloop
  endfacet
  facet normal 0.87899 0.0991817 0.466411
    outer loop
      vertex 16 5.13713 43.0762
      vertex 16.0381 5.61161 42.9035
      vertex 16 5.6262 42.9722
    endloop
  endfacet
  facet normal 0.879097 0.0991059 0.466227
    outer loop
      vertex 16 5.13713 43.0762
      vertex 16.0381 1.69902 43.7352
      vertex 16.0381 5.61161 42.9035
    endloop
  endfacet
  facet normal 0.879007 0.0991359 0.466388
    outer loop
      vertex 15.9812 5.14434 43.1101
      vertex 16.0381 1.69902 43.7352
      vertex 16 5.13713 43.0762
    endloop
  endfacet
  facet normal 0.333813 0.195998 0.922038
    outer loop
      vertex 5.56231 3.55924 52.4869
      vertex 6.45062 7.40643 51.3475
      vertex 5.56231 7.47183 51.6552
    endloop
  endfacet
  facet normal 0.333813 0.195998 0.922038
    outer loop
      vertex 6.45062 7.40643 51.3475
      vertex 5.56231 3.55924 52.4869
      vertex 6.45062 3.49384 52.1792
    endloop
  endfacet
  facet normal -0.90257 0.0895206 0.421134
    outer loop
      vertex -16.4438 5.43477 42.0716
      vertex -16.0381 1.69902 43.7352
      vertex -16.0381 5.61161 42.9035
    endloop
  endfacet
  facet normal -0.902589 0.0895019 0.421097
    outer loop
      vertex -16.0381 1.69902 43.7352
      vertex -16.4438 5.43477 42.0716
      vertex -16.4438 1.52218 42.9032
    endloop
  endfacet
  facet normal 0.958803 -0.0590655 -0.277863
    outer loop
      vertex 17.3867 -0.968607 31.185
      vertex 17.119 2.75612 29.4695
      vertex 17.3867 2.94398 30.3533
    endloop
  endfacet
  facet normal 0.958803 -0.0590654 -0.277863
    outer loop
      vertex 17.119 2.75612 29.4695
      vertex 17.3867 -0.968607 31.185
      vertex 17.119 -1.15647 30.3012
    endloop
  endfacet
  facet normal -0.923889 -0.0795645 -0.374297
    outer loop
      vertex -16.4438 2.39041 27.749
      vertex -16.8044 -1.34116 29.4323
      vertex -16.8044 2.57143 28.6006
    endloop
  endfacet
  facet normal -0.923889 -0.0795645 -0.374297
    outer loop
      vertex -16.8044 -1.34116 29.4323
      vertex -16.4438 2.39041 27.749
      vertex -16.4438 -1.52218 28.5807
    endloop
  endfacet
  facet normal -0.0784362 -0.207274 -0.975134
    outer loop
      vertex -1.88151 -3.72191 18.2317
      vertex -0.942047 -0.313765 17.4317
      vertex -0.942047 -3.73728 18.1594
    endloop
  endfacet
  facet normal -0.0784369 -0.207274 -0.975133
    outer loop
      vertex -0.942047 -0.313765 17.4317
      vertex -1.88151 -3.72191 18.2317
      vertex -1.88151 -0.298392 17.504
    endloop
  endfacet
  facet normal 0.824122 0.117765 0.554035
    outer loop
      vertex 14.5623 2.19973 46.0909
      vertex 15.0961 5.46178 44.6035
      vertex 14.5623 5.62325 45.3632
    endloop
  endfacet
  facet normal 0.824122 0.117765 0.554035
    outer loop
      vertex 15.0961 5.46178 44.6035
      vertex 14.5623 2.19973 46.0909
      vertex 15.0961 2.03826 45.3312
    endloop
  endfacet
  facet normal 0.98326 0.0378857 0.178227
    outer loop
      vertex 17.6067 0.778091 39.4026
      vertex 17.7784 4.49803 37.6646
      vertex 17.6067 4.69068 38.5709
    endloop
  endfacet
  facet normal 0.983263 0.0378775 0.17821
    outer loop
      vertex 17.7784 4.49803 37.6646
      vertex 17.6067 0.778091 39.4026
      vertex 17.7784 0.585442 38.4962
    endloop
  endfacet
  facet normal 0.99692 -0.0163059 -0.0767084
    outer loop
      vertex 17.9753 -0.195863 34.8205
      vertex 17.9014 3.5214 33.0699
      vertex 17.9753 3.71673 33.9888
    endloop
  endfacet
  facet normal 0.996921 -0.0163024 -0.076701
    outer loop
      vertex 17.9014 3.5214 33.0699
      vertex 17.9753 -0.195863 34.8205
      vertex 17.9014 -0.391188 33.9015
    endloop
  endfacet
  facet normal -0.98326 -0.0378813 -0.178228
    outer loop
      vertex -17.6067 3.1345 31.2497
      vertex -17.7784 -0.585442 32.9876
      vertex -17.7784 3.32715 32.156
    endloop
  endfacet
  facet normal -0.98326 -0.0378814 -0.178228
    outer loop
      vertex -17.7784 -0.585442 32.9876
      vertex -17.6067 3.1345 31.2497
      vertex -17.6067 -0.778091 32.0813
    endloop
  endfacet
  facet normal -0.793344 0.126573 0.59547
    outer loop
      vertex -14.5623 5.62325 45.3632
      vertex -13.9886 2.35518 46.8222
      vertex -13.9886 5.77869 46.0945
    endloop
  endfacet
  facet normal -0.793345 0.126572 0.595469
    outer loop
      vertex -13.9886 2.35518 46.8222
      vertex -14.5623 5.62325 45.3632
      vertex -14.5623 2.19973 46.0909
    endloop
  endfacet
  facet normal -0.87899 0.0991817 0.466411
    outer loop
      vertex -16.0381 5.61161 42.9035
      vertex -16 5.13713 43.0762
      vertex -16 5.6262 42.9722
    endloop
  endfacet
  facet normal -0.87885 0.0991836 0.466674
    outer loop
      vertex -15.9549 5.15441 43.1575
      vertex -16.0381 1.69902 43.7352
      vertex -15.5885 1.87121 44.5453
    endloop
  endfacet
  facet normal -0.879097 0.0991059 0.466227
    outer loop
      vertex -16.0381 1.69902 43.7352
      vertex -16 5.13713 43.0762
      vertex -16.0381 5.61161 42.9035
    endloop
  endfacet
  facet normal -0.879091 0.0991159 0.466234
    outer loop
      vertex -16.0381 1.69902 43.7352
      vertex -15.9549 5.15441 43.1575
      vertex -15.9692 5.14894 43.1317
    endloop
  endfacet
  facet normal -0.879007 0.0991359 0.466388
    outer loop
      vertex -16.0381 1.69902 43.7352
      vertex -15.9812 5.14434 43.1101
      vertex -16 5.13713 43.0762
    endloop
  endfacet
  facet normal -0.878824 0.0992057 0.466719
    outer loop
      vertex -15.9549 5.15441 43.1575
      vertex -15.5885 1.87121 44.5453
      vertex -15.5885 5.29472 43.8176
    endloop
  endfacet
  facet normal -0.878664 0.0992433 0.467012
    outer loop
      vertex -16.0381 1.69902 43.7352
      vertex -15.9692 5.14894 43.1317
      vertex -15.9812 5.14434 43.1101
    endloop
  endfacet
  facet normal -0.824122 -0.117766 -0.554035
    outer loop
      vertex -14.5623 1.22378 24.6653
      vertex -15.0961 -2.03826 26.1527
      vertex -15.0961 1.38525 25.425
    endloop
  endfacet
  facet normal -0.824122 -0.117766 -0.554035
    outer loop
      vertex -15.0961 -2.03826 26.1527
      vertex -14.5623 1.22378 24.6653
      vertex -14.5623 -2.19973 25.393
    endloop
  endfacet
  facet normal 0.566422 0.171345 0.806106
    outer loop
      vertex 9.8035 3.13865 50.5081
      vertex 10.5801 6.45119 49.2583
      vertex 9.8035 6.56217 49.7804
    endloop
  endfacet
  facet normal 0.566422 0.171345 0.806106
    outer loop
      vertex 10.5801 6.45119 49.2583
      vertex 9.8035 3.13865 50.5081
      vertex 10.5801 3.02767 49.986
    endloop
  endfacet
  facet normal -0.923904 0.0795477 0.374263
    outer loop
      vertex -16.8044 5.25375 41.2199
      vertex -16.4438 1.52218 42.9032
      vertex -16.4438 5.43477 42.0716
    endloop
  endfacet
  facet normal -0.923889 0.0795645 0.374297
    outer loop
      vertex -16.4438 1.52218 42.9032
      vertex -16.8044 5.25375 41.2199
      vertex -16.8044 1.34116 42.0516
    endloop
  endfacet
  facet normal 0.902589 -0.0895122 -0.421095
    outer loop
      vertex 16.4438 -1.52218 28.5807
      vertex 16.0381 2.21357 26.917
      vertex 16.4438 2.39041 27.749
    endloop
  endfacet
  facet normal 0.902589 -0.0895122 -0.421095
    outer loop
      vertex 16.0381 2.21357 26.917
      vertex 16.4438 -1.52218 28.5807
      vertex 16.0381 -1.69902 27.7487
    endloop
  endfacet
  facet normal 0.972368 0.048541 0.228353
    outer loop
      vertex 17.3867 0.968607 40.2989
      vertex 17.6067 4.69068 38.5709
      vertex 17.3867 4.8812 39.4672
    endloop
  endfacet
  facet normal 0.972368 0.0485411 0.228353
    outer loop
      vertex 17.6067 4.69068 38.5709
      vertex 17.3867 0.968607 40.2989
      vertex 17.6067 0.778091 39.4026
    endloop
  endfacet
  facet normal -0.999656 0.00545015 0.0256393
    outer loop
      vertex -18 3.91259 34.9103
      vertex -17.9753 0.195863 36.6634
      vertex -17.9753 4.10845 35.8317
    endloop
  endfacet
  facet normal -0.999656 0.00544895 0.0256368
    outer loop
      vertex -17.9753 0.195863 36.6634
      vertex -18 3.91259 34.9103
      vertex -18 0 35.7419
    endloop
  endfacet
  facet normal -0.333813 -0.195988 -0.92204
    outer loop
      vertex -6.45062 -3.49384 19.3047
      vertex -5.56231 -0.135727 18.2693
      vertex -5.56231 -3.55924 18.997
    endloop
  endfacet
  facet normal -0.333813 -0.195988 -0.92204
    outer loop
      vertex -5.56231 -0.135727 18.2693
      vertex -6.45062 -3.49384 19.3047
      vertex -6.45062 -0.0703244 18.577
    endloop
  endfacet
  facet normal -0.382639 -0.192092 -0.903708
    outer loop
      vertex -7.32126 -3.41886 19.6574
      vertex -6.45062 -0.0703244 18.577
      vertex -6.45062 -3.49384 19.3047
    endloop
  endfacet
  facet normal -0.382727 -0.192059 -0.903678
    outer loop
      vertex -6.45062 -0.0703244 18.577
      vertex -7.32126 -3.41886 19.6574
      vertex -7.32126 0.00465458 18.9298
    endloop
  endfacet
  facet normal -0.760406 -0.135029 -0.635256
    outer loop
      vertex -13.3766 0.919355 23.2331
      vertex -13.9886 -2.35518 24.6617
      vertex -13.9886 1.06834 23.934
    endloop
  endfacet
  facet normal -0.760405 -0.13503 -0.635257
    outer loop
      vertex -13.9886 -2.35518 24.6617
      vertex -13.3766 0.919355 23.2331
      vertex -13.3766 -2.50416 23.9608
    endloop
  endfacet
  facet normal 0.793344 -0.126573 -0.59547
    outer loop
      vertex 14.5623 -2.19973 25.393
      vertex 13.9886 1.06834 23.934
      vertex 14.5623 1.22378 24.6653
    endloop
  endfacet
  facet normal 0.793345 -0.126572 -0.595469
    outer loop
      vertex 13.9886 1.06834 23.934
      vertex 14.5623 -2.19973 25.393
      vertex 13.9886 -2.35518 24.6617
    endloop
  endfacet
  facet normal -0.824122 0.117765 0.554035
    outer loop
      vertex -15.0961 5.46178 44.6035
      vertex -14.5623 2.19973 46.0909
      vertex -14.5623 5.62325 45.3632
    endloop
  endfacet
  facet normal -0.824122 0.117765 0.554035
    outer loop
      vertex -14.5623 2.19973 46.0909
      vertex -15.0961 5.46178 44.6035
      vertex -15.0961 2.03826 45.3312
    endloop
  endfacet
  facet normal -0.0784362 0.207284 0.975131
    outer loop
      vertex -1.88151 7.6345 52.4205
      vertex -0.942047 3.73728 53.3245
      vertex -0.942047 7.64987 52.4928
    endloop
  endfacet
  facet normal -0.0785394 0.207258 0.975128
    outer loop
      vertex -0.942047 3.73728 53.3245
      vertex -1.88151 7.6345 52.4205
      vertex -1.88151 3.72191 53.2521
    endloop
  endfacet
  facet normal -0.793344 -0.126573 -0.59547
    outer loop
      vertex -13.9886 1.06834 23.934
      vertex -14.5623 -2.19973 25.393
      vertex -14.5623 1.22378 24.6653
    endloop
  endfacet
  facet normal -0.793345 -0.126572 -0.595469
    outer loop
      vertex -14.5623 -2.19973 25.393
      vertex -13.9886 1.06834 23.934
      vertex -13.9886 -2.35518 24.6617
    endloop
  endfacet
  facet normal 0.608681 0.164968 0.776075
    outer loop
      vertex 10.5801 3.02767 49.986
      vertex 11.3278 6.33191 48.6972
      vertex 11.0802 6.3714 48.883
    endloop
  endfacet
  facet normal 0.608709 0.164958 0.776055
    outer loop
      vertex 10.5801 3.02767 49.986
      vertex 11.0802 6.3714 48.883
      vertex 10.5801 6.45119 49.2583
    endloop
  endfacet
  facet normal 0.608699 0.16496 0.776063
    outer loop
      vertex 11.3278 6.33191 48.6972
      vertex 10.5801 3.02767 49.986
      vertex 11.3278 2.9084 49.4249
    endloop
  endfacet
  facet normal -0.284015 -0.199352 -0.937867
    outer loop
      vertex -5.56231 -3.55924 18.997
      vertex -4.65874 -0.191374 18.0075
      vertex -4.65874 -3.61489 18.7352
    endloop
  endfacet
  facet normal -0.284014 -0.199352 -0.937867
    outer loop
      vertex -4.65874 -0.191374 18.0075
      vertex -5.56231 -3.55924 18.997
      vertex -5.56231 -0.135727 18.2693
    endloop
  endfacet
  facet normal -0.233461 0.202155 0.95112
    outer loop
      vertex -4.65874 7.52748 51.917
      vertex -3.74241 3.66063 52.9638
      vertex -3.74241 7.57322 52.1322
    endloop
  endfacet
  facet normal -0.233363 0.202184 0.951138
    outer loop
      vertex -3.74241 3.66063 52.9638
      vertex -4.65874 7.52748 51.917
      vertex -4.65874 3.61489 52.7487
    endloop
  endfacet
  facet normal -0.130509 0.206122 0.969784
    outer loop
      vertex -2.81582 7.60893 52.3002
      vertex -1.88151 3.72191 53.2521
      vertex -1.88151 7.6345 52.4205
    endloop
  endfacet
  facet normal -0.130509 0.206122 0.969784
    outer loop
      vertex -1.88151 3.72191 53.2521
      vertex -2.81582 7.60893 52.3002
      vertex -2.81582 3.69634 53.1318
    endloop
  endfacet
  facet normal 0.688108 -0.150864 -0.709752
    outer loop
      vertex 12.6354 0.758982 22.4786
      vertex 12.7279 -2.64628 23.2921
      vertex 12.6354 -2.66453 23.2063
    endloop
  endfacet
  facet normal 0.688512 -0.150765 -0.709381
    outer loop
      vertex 12.7279 -2.64628 23.2921
      vertex 12.6354 0.758982 22.4786
      vertex 12.7279 0.777233 22.5645
    endloop
  endfacet
  facet normal -0.972368 0.048541 0.228353
    outer loop
      vertex -17.6067 4.69068 38.5709
      vertex -17.3867 0.968607 40.2989
      vertex -17.3867 4.8812 39.4672
    endloop
  endfacet
  facet normal -0.972368 0.0485411 0.228353
    outer loop
      vertex -17.3867 0.968607 40.2989
      vertex -17.6067 4.69068 38.5709
      vertex -17.6067 0.778091 39.4026
    endloop
  endfacet
  facet normal -0.0261468 0.207853 0.97781
    outer loop
      vertex -0.942047 7.64987 52.4928
      vertex 0 3.74241 53.3486
      vertex 0 7.655 52.5169
    endloop
  endfacet
  facet normal -0.0261468 0.207853 0.97781
    outer loop
      vertex 0 3.74241 53.3486
      vertex -0.942047 7.64987 52.4928
      vertex -0.942047 3.73728 53.3245
    endloop
  endfacet
  facet normal 0.284015 -0.199352 -0.937867
    outer loop
      vertex 4.65874 -0.191374 18.0075
      vertex 5.56231 -3.55924 18.997
      vertex 4.65874 -3.61489 18.7352
    endloop
  endfacet
  facet normal 0.284014 -0.199352 -0.937867
    outer loop
      vertex 5.56231 -3.55924 18.997
      vertex 4.65874 -0.191374 18.0075
      vertex 5.56231 -0.135727 18.2693
    endloop
  endfacet
  facet normal 0.130509 -0.206136 -0.969781
    outer loop
      vertex 1.88151 -0.298392 17.504
      vertex 2.81582 -3.69634 18.352
      vertex 1.88151 -3.72191 18.2317
    endloop
  endfacet
  facet normal 0.130612 -0.206106 -0.969774
    outer loop
      vertex 2.81582 -3.69634 18.352
      vertex 1.88151 -0.298392 17.504
      vertex 2.81582 -0.272818 17.6244
    endloop
  endfacet
  facet normal -0.942631 0.0694129 0.326541
    outer loop
      vertex -17.119 5.06906 40.351
      vertex -16.8044 1.34116 42.0516
      vertex -16.8044 5.25375 41.2199
    endloop
  endfacet
  facet normal -0.942631 0.0694129 0.326541
    outer loop
      vertex -16.8044 1.34116 42.0516
      vertex -17.119 5.06906 40.351
      vertex -17.119 1.15647 41.1827
    endloop
  endfacet
  facet normal 0.233461 -0.202169 -0.951117
    outer loop
      vertex 3.74241 -0.237113 17.7923
      vertex 4.65874 -3.61489 18.7352
      vertex 3.74241 -3.66063 18.52
    endloop
  endfacet
  facet normal 0.233461 -0.202169 -0.951117
    outer loop
      vertex 4.65874 -3.61489 18.7352
      vertex 3.74241 -0.237113 17.7923
      vertex 4.65874 -0.191374 18.0075
    endloop
  endfacet
  facet normal 0.852622 -0.108641 -0.51111
    outer loop
      vertex 15.5885 -1.87121 26.9386
      vertex 15.0961 1.38525 25.425
      vertex 15.5885 1.55231 26.2109
    endloop
  endfacet
  facet normal 0.852621 -0.108642 -0.511111
    outer loop
      vertex 15.0961 1.38525 25.425
      vertex 15.5885 -1.87121 26.9386
      vertex 15.0961 -2.03826 26.1527
    endloop
  endfacet
  facet normal 0.182256 -0.204405 -0.96177
    outer loop
      vertex 2.81582 -0.272818 17.6244
      vertex 3.74241 -3.66063 18.52
      vertex 2.81582 -3.69634 18.352
    endloop
  endfacet
  facet normal 0.182155 -0.204436 -0.961783
    outer loop
      vertex 3.74241 -3.66063 18.52
      vertex 2.81582 -0.272818 17.6244
      vertex 3.74241 -0.237113 17.7923
    endloop
  endfacet
  facet normal -0.430566 0.187643 0.882838
    outer loop
      vertex -8.17183 7.2471 50.5979
      vertex -7.32126 3.41886 51.8264
      vertex -7.32126 7.33145 50.9948
    endloop
  endfacet
  facet normal -0.430481 0.187673 0.882873
    outer loop
      vertex -7.32126 3.41886 51.8264
      vertex -8.17183 7.2471 50.5979
      vertex -8.17183 3.33451 51.4296
    endloop
  endfacet
  facet normal 0.878711 -0.0991952 -0.466934
    outer loop
      vertex 16.0381 2.21357 26.917
      vertex 16 1.7099 26.9523
      vertex 16 2.19898 26.8484
    endloop
  endfacet
  facet normal 0.878796 -0.0992241 -0.466767
    outer loop
      vertex 16.0381 -1.69902 27.7487
      vertex 15.9331 1.68428 26.8318
      vertex 15.9935 1.70741 26.9406
    endloop
  endfacet
  facet normal 0.878935 -0.0991793 -0.466516
    outer loop
      vertex 15.5885 -1.87121 26.9386
      vertex 15.674 1.58505 26.3649
      vertex 15.8594 1.65608 26.6991
    endloop
  endfacet
  facet normal 0.878889 -0.0991853 -0.4666
    outer loop
      vertex 16.0381 -1.69902 27.7487
      vertex 16 1.7099 26.9523
      vertex 16.0381 2.21357 26.917
    endloop
  endfacet
  facet normal 0.878658 -0.0992845 -0.467014
    outer loop
      vertex 16.0381 -1.69902 27.7487
      vertex 15.9935 1.70741 26.9406
      vertex 16 1.7099 26.9523
    endloop
  endfacet
  facet normal 0.878706 -0.0992703 -0.466927
    outer loop
      vertex 15.9331 1.68428 26.8318
      vertex 16.0381 -1.69902 27.7487
      vertex 15.8594 1.65608 26.6991
    endloop
  endfacet
  facet normal 0.87885 -0.0991835 -0.466674
    outer loop
      vertex 15.5885 -1.87121 26.9386
      vertex 15.8594 1.65608 26.6991
      vertex 16.0381 -1.69902 27.7487
    endloop
  endfacet
  facet normal 0.878779 -0.0992224 -0.466799
    outer loop
      vertex 15.674 1.58505 26.3649
      vertex 15.5885 -1.87121 26.9386
      vertex 15.5885 1.55231 26.2109
    endloop
  endfacet
  facet normal 0.382639 -0.192092 -0.903708
    outer loop
      vertex 6.45062 -0.0703244 18.577
      vertex 7.32126 -3.41886 19.6574
      vertex 6.45062 -3.49384 19.3047
    endloop
  endfacet
  facet normal 0.382727 -0.192059 -0.903678
    outer loop
      vertex 7.32126 -3.41886 19.6574
      vertex 6.45062 -0.0703244 18.577
      vertex 7.32126 0.00465458 18.9298
    endloop
  endfacet
  facet normal 0.793344 0.126573 0.59547
    outer loop
      vertex 13.9886 2.35518 46.8222
      vertex 14.5623 5.62325 45.3632
      vertex 13.9886 5.77869 46.0945
    endloop
  endfacet
  facet normal 0.793345 0.126572 0.595469
    outer loop
      vertex 14.5623 5.62325 45.3632
      vertex 13.9886 2.35518 46.8222
      vertex 14.5623 2.19973 46.0909
    endloop
  endfacet
  facet normal -0.566422 0.171345 0.806106
    outer loop
      vertex -10.5801 6.45119 49.2583
      vertex -9.8035 3.13865 50.5081
      vertex -9.8035 6.56217 49.7804
    endloop
  endfacet
  facet normal -0.566422 0.171345 0.806106
    outer loop
      vertex -9.8035 3.13865 50.5081
      vertex -10.5801 6.45119 49.2583
      vertex -10.5801 3.02767 49.986
    endloop
  endfacet
  facet normal -0.522554 0.177245 0.833979
    outer loop
      vertex -9.8035 6.56217 49.7804
      vertex -9 3.24102 50.9897
      vertex -9 6.66454 50.2621
    endloop
  endfacet
  facet normal -0.522479 0.177278 0.834019
    outer loop
      vertex -9 3.24102 50.9897
      vertex -9.8035 6.56217 49.7804
      vertex -9.8035 3.13865 50.5081
    endloop
  endfacet
  facet normal -0.852679 0.108622 0.511019
    outer loop
      vertex -15.4227 5.35094 44.0821
      vertex -15.0961 2.03826 45.3312
      vertex -15.0961 5.46178 44.6035
    endloop
  endfacet
  facet normal -0.852509 0.108679 0.511289
    outer loop
      vertex -15.5885 1.87121 44.5453
      vertex -15.4227 5.35094 44.0821
      vertex -15.5885 5.29472 43.8176
    endloop
  endfacet
  facet normal -0.852621 0.108661 0.511107
    outer loop
      vertex -15.4227 5.35094 44.0821
      vertex -15.5885 1.87121 44.5453
      vertex -15.0961 2.03826 45.3312
    endloop
  endfacet
  facet normal 0.382639 0.192101 0.903706
    outer loop
      vertex 6.45062 3.49384 52.1792
      vertex 7.32126 7.33145 50.9948
      vertex 6.45062 7.40643 51.3475
    endloop
  endfacet
  facet normal 0.382728 0.192071 0.903675
    outer loop
      vertex 7.32126 7.33145 50.9948
      vertex 6.45062 3.49384 52.1792
      vertex 7.32126 3.41886 51.8264
    endloop
  endfacet
  facet normal -0.649471 0.158095 0.74377
    outer loop
      vertex -12.0444 6.20467 48.0985
      vertex -11.3278 2.9084 49.4249
      vertex -11.3278 6.33191 48.6972
    endloop
  endfacet
  facet normal -0.649472 0.158095 0.743769
    outer loop
      vertex -11.3278 2.9084 49.4249
      vertex -12.0444 6.20467 48.0985
      vertex -12.0444 2.78115 48.8262
    endloop
  endfacet
  facet normal -0.991446 0.0271354 0.127669
    outer loop
      vertex -17.9014 4.30378 36.7507
      vertex -17.7784 0.585442 38.4962
      vertex -17.7784 4.49803 37.6646
    endloop
  endfacet
  facet normal -0.991446 0.0271353 0.127669
    outer loop
      vertex -17.7784 0.585442 38.4962
      vertex -17.9014 4.30378 36.7507
      vertex -17.9014 0.391188 37.5823
    endloop
  endfacet
  facet normal -0.284015 0.199362 0.937865
    outer loop
      vertex -5.56231 7.47183 51.6552
      vertex -4.65874 3.61489 52.7487
      vertex -4.65874 7.52748 51.917
    endloop
  endfacet
  facet normal -0.284015 0.199362 0.937865
    outer loop
      vertex -4.65874 3.61489 52.7487
      vertex -5.56231 7.47183 51.6552
      vertex -5.56231 3.55924 52.4869
    endloop
  endfacet
  facet normal -0.902589 -0.0895122 -0.421095
    outer loop
      vertex -16.0381 2.21357 26.917
      vertex -16.4438 -1.52218 28.5807
      vertex -16.4438 2.39041 27.749
    endloop
  endfacet
  facet normal -0.902589 -0.0895122 -0.421095
    outer loop
      vertex -16.4438 -1.52218 28.5807
      vertex -16.0381 2.21357 26.917
      vertex -16.0381 -1.69902 27.7487
    endloop
  endfacet
  facet normal -0.852622 -0.108641 -0.51111
    outer loop
      vertex -15.0961 1.38525 25.425
      vertex -15.5885 -1.87121 26.9386
      vertex -15.5885 1.55231 26.2109
    endloop
  endfacet
  facet normal -0.852621 -0.108642 -0.511111
    outer loop
      vertex -15.5885 -1.87121 26.9386
      vertex -15.0961 1.38525 25.425
      vertex -15.0961 -2.03826 26.1527
    endloop
  endfacet
  facet normal -0.958803 -0.0590655 -0.277863
    outer loop
      vertex -17.119 2.75612 29.4695
      vertex -17.3867 -0.968607 31.185
      vertex -17.3867 2.94398 30.3533
    endloop
  endfacet
  facet normal -0.958803 -0.0590654 -0.277863
    outer loop
      vertex -17.3867 -0.968607 31.185
      vertex -17.119 2.75612 29.4695
      vertex -17.119 -1.15647 30.3012
    endloop
  endfacet
  facet normal 0.284015 0.199362 0.937865
    outer loop
      vertex 4.65874 3.61489 52.7487
      vertex 5.56231 7.47183 51.6552
      vertex 4.65874 7.52748 51.917
    endloop
  endfacet
  facet normal 0.284015 0.199362 0.937865
    outer loop
      vertex 5.56231 7.47183 51.6552
      vertex 4.65874 3.61489 52.7487
      vertex 5.56231 3.55924 52.4869
    endloop
  endfacet
  facet normal -0.476972 0.182749 0.85971
    outer loop
      vertex -8.17183 7.2471 50.5979
      vertex -8.24203 6.7501 50.6646
      vertex -8.17183 3.33451 51.4296
    endloop
  endfacet
  facet normal -0.477314 0.182771 0.859515
    outer loop
      vertex -8.24203 6.7501 50.6646
      vertex -8.17183 7.2471 50.5979
      vertex -8.24203 7.23918 50.5606
    endloop
  endfacet
  facet normal -0.477406 0.182689 0.859482
    outer loop
      vertex -8.33272 6.73987 50.6164
      vertex -8.17183 3.33451 51.4296
      vertex -8.24203 6.7501 50.6646
    endloop
  endfacet
  facet normal -0.477157 0.182731 0.859611
    outer loop
      vertex -8.87896 6.6782 50.3263
      vertex -8.17183 3.33451 51.4296
      vertex -8.33272 6.73987 50.6164
    endloop
  endfacet
  facet normal -0.476698 0.182901 0.85983
    outer loop
      vertex -9 6.66454 50.2621
      vertex -8.17183 3.33451 51.4296
      vertex -8.87896 6.6782 50.3263
    endloop
  endfacet
  facet normal -0.477212 0.182688 0.859589
    outer loop
      vertex -8.17183 3.33451 51.4296
      vertex -9 6.66454 50.2621
      vertex -9 3.24102 50.9897
    endloop
  endfacet
  facet normal 0.0262565 -0.999655 0
    outer loop
      vertex 22 -23 0
      vertex 22.2094 -22.9945 4
      vertex 22 -23 4
    endloop
  endfacet
  facet normal 0.0262565 -0.999655 0
    outer loop
      vertex 22.2094 -22.9945 4
      vertex 22 -23 0
      vertex 22.2094 -22.9945 0
    endloop
  endfacet
  facet normal -0.688486 0.72525 0
    outer loop
      vertex -24.6765 21.9726 0
      vertex -24.8284 21.8284 4
      vertex -24.6765 21.9726 4
    endloop
  endfacet
  facet normal -0.688486 0.72525 0
    outer loop
      vertex -24.8284 21.8284 4
      vertex -24.6765 21.9726 0
      vertex -24.8284 21.8284 0
    endloop
  endfacet
  facet normal 0.566549 -0.824028 0
    outer loop
      vertex 24.1786 -22.3547 0
      vertex 24.3511 -22.2361 4
      vertex 24.1786 -22.3547 4
    endloop
  endfacet
  facet normal 0.566549 -0.824028 0
    outer loop
      vertex 24.3511 -22.2361 4
      vertex 24.1786 -22.3547 0
      vertex 24.3511 -22.2361 0
    endloop
  endfacet
  facet normal -0.760334 -0.649532 0
    outer loop
      vertex -24.9726 -21.6765 0
      vertex -25.1086 -21.5173 4
      vertex -25.1086 -21.5173 0
    endloop
  endfacet
  facet normal -0.760334 -0.649532 0
    outer loop
      vertex -25.1086 -21.5173 4
      vertex -24.9726 -21.6765 0
      vertex -24.9726 -21.6765 4
    endloop
  endfacet
  facet normal 0.430712 -0.902489 0
    outer loop
      vertex 23.627 -22.6542 0
      vertex 23.816 -22.564 4
      vertex 23.627 -22.6542 4
    endloop
  endfacet
  facet normal 0.430712 -0.902489 0
    outer loop
      vertex 23.816 -22.564 4
      vertex 23.627 -22.6542 0
      vertex 23.816 -22.564 0
    endloop
  endfacet
  facet normal 0 1 -0
    outer loop
      vertex 22 23 0
      vertex -22 23 4
      vertex 22 23 4
    endloop
  endfacet
  facet normal 0 1 0
    outer loop
      vertex -22 23 4
      vertex 22 23 0
      vertex -22 23 0
    endloop
  endfacet
  facet normal -0.0262565 0.999655 0
    outer loop
      vertex -22 23 0
      vertex -22.2094 22.9945 4
      vertex -22 23 4
    endloop
  endfacet
  facet normal -0.0262565 0.999655 0
    outer loop
      vertex -22.2094 22.9945 4
      vertex -22 23 0
      vertex -22.2094 22.9945 0
    endloop
  endfacet
  facet normal -0.852738 -0.522338 0
    outer loop
      vertex -25.3547 -21.1786 0
      vertex -25.4641 -21 4
      vertex -25.4641 -21 0
    endloop
  endfacet
  facet normal -0.852738 -0.522338 0
    outer loop
      vertex -25.4641 -21 4
      vertex -25.3547 -21.1786 0
      vertex -25.3547 -21.1786 4
    endloop
  endfacet
  facet normal 0.996927 0.0783402 0
    outer loop
      vertex 25.9945 19.2094 4
      vertex 25.9781 19.4181 0
      vertex 25.9781 19.4181 4
    endloop
  endfacet
  facet normal 0.996927 0.0783402 0
    outer loop
      vertex 25.9781 19.4181 0
      vertex 25.9945 19.2094 4
      vertex 25.9945 19.2094 0
    endloop
  endfacet
  facet normal -1 0 0
    outer loop
      vertex -26 -19 0
      vertex -26 19 4
      vertex -26 19 0
    endloop
  endfacet
  facet normal -1 -0 0
    outer loop
      vertex -26 19 4
      vertex -26 -19 0
      vertex -26 -19 4
    endloop
  endfacet
  facet normal -0.382478 -0.923964 0
    outer loop
      vertex -23.627 -22.6542 0
      vertex -23.4335 -22.7343 4
      vertex -23.627 -22.6542 4
    endloop
  endfacet
  facet normal -0.382478 -0.923964 -0
    outer loop
      vertex -23.4335 -22.7343 4
      vertex -23.627 -22.6542 0
      vertex -23.4335 -22.7343 0
    endloop
  endfacet
  facet normal -0.902489 0.430712 0
    outer loop
      vertex -25.6542 20.627 0
      vertex -25.564 20.816 4
      vertex -25.564 20.816 0
    endloop
  endfacet
  facet normal -0.902489 0.430712 0
    outer loop
      vertex -25.564 20.816 4
      vertex -25.6542 20.627 0
      vertex -25.6542 20.627 4
    endloop
  endfacet
  facet normal 0 -1 0
    outer loop
      vertex -22 -23 0
      vertex 22 -23 4
      vertex -22 -23 4
    endloop
  endfacet
  facet normal 0 -1 -0
    outer loop
      vertex 22 -23 4
      vertex -22 -23 0
      vertex 22 -23 0
    endloop
  endfacet
  facet normal 0.608672 -0.793422 0
    outer loop
      vertex 24.3511 -22.2361 0
      vertex 24.5173 -22.1086 4
      vertex 24.3511 -22.2361 4
    endloop
  endfacet
  facet normal 0.608672 -0.793422 0
    outer loop
      vertex 24.5173 -22.1086 4
      vertex 24.3511 -22.2361 0
      vertex 24.5173 -22.1086 0
    endloop
  endfacet
  facet normal -0.824028 -0.566549 0
    outer loop
      vertex -25.2361 -21.3511 0
      vertex -25.3547 -21.1786 4
      vertex -25.3547 -21.1786 0
    endloop
  endfacet
  facet normal -0.824028 -0.566549 0
    outer loop
      vertex -25.3547 -21.1786 4
      vertex -25.2361 -21.3511 0
      vertex -25.2361 -21.3511 4
    endloop
  endfacet
  facet normal -0.522338 0.852738 0
    outer loop
      vertex -24 22.4641 0
      vertex -24.1786 22.3547 4
      vertex -24 22.4641 4
    endloop
  endfacet
  facet normal -0.522338 0.852738 0
    outer loop
      vertex -24.1786 22.3547 4
      vertex -24 22.4641 0
      vertex -24.1786 22.3547 0
    endloop
  endfacet
  facet normal -0.902489 -0.430712 0
    outer loop
      vertex -25.564 -20.816 0
      vertex -25.6542 -20.627 4
      vertex -25.6542 -20.627 0
    endloop
  endfacet
  facet normal -0.902489 -0.430712 0
    outer loop
      vertex -25.6542 -20.627 4
      vertex -25.564 -20.816 0
      vertex -25.564 -20.816 4
    endloop
  endfacet
  facet normal -0.999655 0.0262565 0
    outer loop
      vertex -26 19 0
      vertex -25.9945 19.2094 4
      vertex -25.9945 19.2094 0
    endloop
  endfacet
  facet normal -0.999655 0.0262565 0
    outer loop
      vertex -25.9945 19.2094 4
      vertex -26 19 0
      vertex -26 19 4
    endloop
  endfacet
  facet normal -0.923964 -0.382478 0
    outer loop
      vertex -25.6542 -20.627 0
      vertex -25.7343 -20.4335 4
      vertex -25.7343 -20.4335 0
    endloop
  endfacet
  facet normal -0.923964 -0.382478 0
    outer loop
      vertex -25.7343 -20.4335 4
      vertex -25.6542 -20.627 0
      vertex -25.6542 -20.627 4
    endloop
  endfacet
  facet normal -0.983222 0.182414 0
    outer loop
      vertex -25.9508 19.6257 0
      vertex -25.9126 19.8316 4
      vertex -25.9126 19.8316 0
    endloop
  endfacet
  facet normal -0.983222 0.182414 0
    outer loop
      vertex -25.9126 19.8316 4
      vertex -25.9508 19.6257 0
      vertex -25.9508 19.6257 4
    endloop
  endfacet
  facet normal -0.477145 -0.878825 0
    outer loop
      vertex -24 -22.4641 0
      vertex -23.816 -22.564 4
      vertex -24 -22.4641 4
    endloop
  endfacet
  facet normal -0.477145 -0.878825 -0
    outer loop
      vertex -23.816 -22.564 4
      vertex -24 -22.4641 0
      vertex -23.816 -22.564 0
    endloop
  endfacet
  facet normal 0.760334 -0.649532 0
    outer loop
      vertex 24.9726 -21.6765 4
      vertex 25.1086 -21.5173 0
      vertex 25.1086 -21.5173 4
    endloop
  endfacet
  facet normal 0.760334 -0.649532 0
    outer loop
      vertex 25.1086 -21.5173 0
      vertex 24.9726 -21.6765 4
      vertex 24.9726 -21.6765 0
    endloop
  endfacet
  facet normal -0.958793 -0.284105 0
    outer loop
      vertex -25.8042 -20.2361 0
      vertex -25.8637 -20.0353 4
      vertex -25.8637 -20.0353 0
    endloop
  endfacet
  facet normal -0.958793 -0.284105 0
    outer loop
      vertex -25.8637 -20.0353 4
      vertex -25.8042 -20.2361 0
      vertex -25.8042 -20.2361 4
    endloop
  endfacet
  facet normal 0.999655 -0.0262565 0
    outer loop
      vertex 25.9945 -19.2094 4
      vertex 26 -19 0
      vertex 26 -19 4
    endloop
  endfacet
  facet normal 0.999655 -0.0262565 0
    outer loop
      vertex 26 -19 0
      vertex 25.9945 -19.2094 4
      vertex 25.9945 -19.2094 0
    endloop
  endfacet
  facet normal -0.333794 0.942646 0
    outer loop
      vertex -23.2361 22.8042 0
      vertex -23.4335 22.7343 4
      vertex -23.2361 22.8042 4
    endloop
  endfacet
  facet normal -0.333794 0.942646 0
    outer loop
      vertex -23.4335 22.7343 4
      vertex -23.2361 22.8042 0
      vertex -23.4335 22.7343 0
    endloop
  endfacet
  facet normal 0.958793 0.284105 0
    outer loop
      vertex 25.8637 20.0353 4
      vertex 25.8042 20.2361 0
      vertex 25.8042 20.2361 4
    endloop
  endfacet
  facet normal 0.958793 0.284105 0
    outer loop
      vertex 25.8042 20.2361 0
      vertex 25.8637 20.0353 4
      vertex 25.8637 20.0353 0
    endloop
  endfacet
  facet normal 0.477145 0.878825 -0
    outer loop
      vertex 24 22.4641 0
      vertex 23.816 22.564 4
      vertex 24 22.4641 4
    endloop
  endfacet
  facet normal 0.477145 0.878825 0
    outer loop
      vertex 23.816 22.564 4
      vertex 24 22.4641 0
      vertex 23.816 22.564 0
    endloop
  endfacet
  facet normal -0.999655 -0.0262565 0
    outer loop
      vertex -25.9945 -19.2094 0
      vertex -26 -19 4
      vertex -26 -19 0
    endloop
  endfacet
  facet normal -0.999655 -0.0262565 0
    outer loop
      vertex -26 -19 4
      vertex -25.9945 -19.2094 0
      vertex -25.9945 -19.2094 4
    endloop
  endfacet
  facet normal 0.688486 0.72525 -0
    outer loop
      vertex 24.8284 21.8284 0
      vertex 24.6765 21.9726 4
      vertex 24.8284 21.8284 4
    endloop
  endfacet
  facet normal 0.688486 0.72525 0
    outer loop
      vertex 24.6765 21.9726 4
      vertex 24.8284 21.8284 0
      vertex 24.6765 21.9726 0
    endloop
  endfacet
  facet normal -0.182414 0.983222 0
    outer loop
      vertex -22.6257 22.9508 0
      vertex -22.8316 22.9126 4
      vertex -22.6257 22.9508 4
    endloop
  endfacet
  facet normal -0.182414 0.983222 0
    outer loop
      vertex -22.8316 22.9126 4
      vertex -22.6257 22.9508 0
      vertex -22.8316 22.9126 0
    endloop
  endfacet
  facet normal -0.430712 -0.902489 0
    outer loop
      vertex -23.816 -22.564 0
      vertex -23.627 -22.6542 4
      vertex -23.816 -22.564 4
    endloop
  endfacet
  facet normal -0.430712 -0.902489 -0
    outer loop
      vertex -23.627 -22.6542 4
      vertex -23.816 -22.564 0
      vertex -23.627 -22.6542 0
    endloop
  endfacet
  facet normal -0.760334 0.649532 0
    outer loop
      vertex -25.1086 21.5173 0
      vertex -24.9726 21.6765 4
      vertex -24.9726 21.6765 0
    endloop
  endfacet
  facet normal -0.760334 0.649532 0
    outer loop
      vertex -24.9726 21.6765 4
      vertex -25.1086 21.5173 0
      vertex -25.1086 21.5173 4
    endloop
  endfacet
  facet normal -0.0783402 0.996927 0
    outer loop
      vertex -22.2094 22.9945 0
      vertex -22.4181 22.9781 4
      vertex -22.2094 22.9945 4
    endloop
  endfacet
  facet normal -0.0783402 0.996927 0
    outer loop
      vertex -22.4181 22.9781 4
      vertex -22.2094 22.9945 0
      vertex -22.4181 22.9781 0
    endloop
  endfacet
  facet normal -0.958793 0.284105 0
    outer loop
      vertex -25.8637 20.0353 0
      vertex -25.8042 20.2361 4
      vertex -25.8042 20.2361 0
    endloop
  endfacet
  facet normal -0.958793 0.284105 0
    outer loop
      vertex -25.8042 20.2361 4
      vertex -25.8637 20.0353 0
      vertex -25.8637 20.0353 4
    endloop
  endfacet
  facet normal -0.0783402 -0.996927 0
    outer loop
      vertex -22.4181 -22.9781 0
      vertex -22.2094 -22.9945 4
      vertex -22.4181 -22.9781 4
    endloop
  endfacet
  facet normal -0.0783402 -0.996927 -0
    outer loop
      vertex -22.2094 -22.9945 4
      vertex -22.4181 -22.9781 0
      vertex -22.2094 -22.9945 0
    endloop
  endfacet
  facet normal -0.972374 -0.233427 0
    outer loop
      vertex -25.8637 -20.0353 0
      vertex -25.9126 -19.8316 4
      vertex -25.9126 -19.8316 0
    endloop
  endfacet
  facet normal -0.972374 -0.233427 0
    outer loop
      vertex -25.9126 -19.8316 4
      vertex -25.8637 -20.0353 0
      vertex -25.8637 -20.0353 4
    endloop
  endfacet
  facet normal 0.991464 -0.13038 0
    outer loop
      vertex 25.9508 -19.6257 4
      vertex 25.9781 -19.4181 0
      vertex 25.9781 -19.4181 4
    endloop
  endfacet
  facet normal 0.991464 -0.13038 0
    outer loop
      vertex 25.9781 -19.4181 0
      vertex 25.9508 -19.6257 4
      vertex 25.9508 -19.6257 0
    endloop
  endfacet
  facet normal -0.793422 0.608672 0
    outer loop
      vertex -25.2361 21.3511 0
      vertex -25.1086 21.5173 4
      vertex -25.1086 21.5173 0
    endloop
  endfacet
  facet normal -0.793422 0.608672 0
    outer loop
      vertex -25.1086 21.5173 4
      vertex -25.2361 21.3511 0
      vertex -25.2361 21.3511 4
    endloop
  endfacet
  facet normal -0.522338 -0.852738 0
    outer loop
      vertex -24.1786 -22.3547 0
      vertex -24 -22.4641 4
      vertex -24.1786 -22.3547 4
    endloop
  endfacet
  facet normal -0.522338 -0.852738 -0
    outer loop
      vertex -24 -22.4641 4
      vertex -24.1786 -22.3547 0
      vertex -24 -22.4641 0
    endloop
  endfacet
  facet normal -0.233427 -0.972374 0
    outer loop
      vertex -23.0353 -22.8637 0
      vertex -22.8316 -22.9126 4
      vertex -23.0353 -22.8637 4
    endloop
  endfacet
  facet normal -0.233427 -0.972374 -0
    outer loop
      vertex -22.8316 -22.9126 4
      vertex -23.0353 -22.8637 0
      vertex -22.8316 -22.9126 0
    endloop
  endfacet
  facet normal -0.942646 0.333794 0
    outer loop
      vertex -25.8042 20.2361 0
      vertex -25.7343 20.4335 4
      vertex -25.7343 20.4335 0
    endloop
  endfacet
  facet normal -0.942646 0.333794 0
    outer loop
      vertex -25.7343 20.4335 4
      vertex -25.8042 20.2361 0
      vertex -25.8042 20.2361 4
    endloop
  endfacet
  facet normal -0.991464 0.13038 0
    outer loop
      vertex -25.9781 19.4181 0
      vertex -25.9508 19.6257 4
      vertex -25.9508 19.6257 0
    endloop
  endfacet
  facet normal -0.991464 0.13038 0
    outer loop
      vertex -25.9508 19.6257 4
      vertex -25.9781 19.4181 0
      vertex -25.9781 19.4181 4
    endloop
  endfacet
  facet normal -0.0262565 -0.999655 0
    outer loop
      vertex -22.2094 -22.9945 0
      vertex -22 -23 4
      vertex -22.2094 -22.9945 4
    endloop
  endfacet
  facet normal -0.0262565 -0.999655 -0
    outer loop
      vertex -22 -23 4
      vertex -22.2094 -22.9945 0
      vertex -22 -23 0
    endloop
  endfacet
  facet normal 0.878825 0.477145 0
    outer loop
      vertex 25.564 20.816 4
      vertex 25.4641 21 0
      vertex 25.4641 21 4
    endloop
  endfacet
  facet normal 0.878825 0.477145 0
    outer loop
      vertex 25.4641 21 0
      vertex 25.564 20.816 4
      vertex 25.564 20.816 0
    endloop
  endfacet
  facet normal 0.233427 -0.972374 0
    outer loop
      vertex 22.8316 -22.9126 0
      vertex 23.0353 -22.8637 4
      vertex 22.8316 -22.9126 4
    endloop
  endfacet
  facet normal 0.233427 -0.972374 0
    outer loop
      vertex 23.0353 -22.8637 4
      vertex 22.8316 -22.9126 0
      vertex 23.0353 -22.8637 0
    endloop
  endfacet
  facet normal 0.824028 0.566549 0
    outer loop
      vertex 25.3547 21.1786 4
      vertex 25.2361 21.3511 0
      vertex 25.2361 21.3511 4
    endloop
  endfacet
  facet normal 0.824028 0.566549 0
    outer loop
      vertex 25.2361 21.3511 0
      vertex 25.3547 21.1786 4
      vertex 25.3547 21.1786 0
    endloop
  endfacet
  facet normal 0.852738 -0.522338 0
    outer loop
      vertex 25.3547 -21.1786 4
      vertex 25.4641 -21 0
      vertex 25.4641 -21 4
    endloop
  endfacet
  facet normal 0.852738 -0.522338 0
    outer loop
      vertex 25.4641 -21 0
      vertex 25.3547 -21.1786 4
      vertex 25.3547 -21.1786 0
    endloop
  endfacet
  facet normal -0.996927 0.0783402 0
    outer loop
      vertex -25.9945 19.2094 0
      vertex -25.9781 19.4181 4
      vertex -25.9781 19.4181 0
    endloop
  endfacet
  facet normal -0.996927 0.0783402 0
    outer loop
      vertex -25.9781 19.4181 4
      vertex -25.9945 19.2094 0
      vertex -25.9945 19.2094 4
    endloop
  endfacet
  facet normal -0.233427 0.972374 0
    outer loop
      vertex -22.8316 22.9126 0
      vertex -23.0353 22.8637 4
      vertex -22.8316 22.9126 4
    endloop
  endfacet
  facet normal -0.233427 0.972374 0
    outer loop
      vertex -23.0353 22.8637 4
      vertex -22.8316 22.9126 0
      vertex -23.0353 22.8637 0
    endloop
  endfacet
  facet normal 0.522338 0.852738 -0
    outer loop
      vertex 24.1786 22.3547 0
      vertex 24 22.4641 4
      vertex 24.1786 22.3547 4
    endloop
  endfacet
  facet normal 0.522338 0.852738 0
    outer loop
      vertex 24 22.4641 4
      vertex 24.1786 22.3547 0
      vertex 24 22.4641 0
    endloop
  endfacet
  facet normal 0.608672 0.793422 -0
    outer loop
      vertex 24.5173 22.1086 0
      vertex 24.3511 22.2361 4
      vertex 24.5173 22.1086 4
    endloop
  endfacet
  facet normal 0.608672 0.793422 0
    outer loop
      vertex 24.3511 22.2361 4
      vertex 24.5173 22.1086 0
      vertex 24.3511 22.2361 0
    endloop
  endfacet
  facet normal 0.999655 0.0262565 0
    outer loop
      vertex 26 19 4
      vertex 25.9945 19.2094 0
      vertex 25.9945 19.2094 4
    endloop
  endfacet
  facet normal 0.999655 0.0262565 0
    outer loop
      vertex 25.9945 19.2094 0
      vertex 26 19 4
      vertex 26 19 0
    endloop
  endfacet
  facet normal 0.182414 -0.983222 0
    outer loop
      vertex 22.6257 -22.9508 0
      vertex 22.8316 -22.9126 4
      vertex 22.6257 -22.9508 4
    endloop
  endfacet
  facet normal 0.182414 -0.983222 0
    outer loop
      vertex 22.8316 -22.9126 4
      vertex 22.6257 -22.9508 0
      vertex 22.8316 -22.9126 0
    endloop
  endfacet
  facet normal -0.942646 -0.333794 0
    outer loop
      vertex -25.7343 -20.4335 0
      vertex -25.8042 -20.2361 4
      vertex -25.8042 -20.2361 0
    endloop
  endfacet
  facet normal -0.942646 -0.333794 0
    outer loop
      vertex -25.8042 -20.2361 4
      vertex -25.7343 -20.4335 0
      vertex -25.7343 -20.4335 4
    endloop
  endfacet
  facet normal -0.333794 -0.942646 0
    outer loop
      vertex -23.4335 -22.7343 0
      vertex -23.2361 -22.8042 4
      vertex -23.4335 -22.7343 4
    endloop
  endfacet
  facet normal -0.333794 -0.942646 -0
    outer loop
      vertex -23.2361 -22.8042 4
      vertex -23.4335 -22.7343 0
      vertex -23.2361 -22.8042 0
    endloop
  endfacet
  facet normal 0.284105 0.958793 -0
    outer loop
      vertex 23.2361 22.8042 0
      vertex 23.0353 22.8637 4
      vertex 23.2361 22.8042 4
    endloop
  endfacet
  facet normal 0.284105 0.958793 0
    outer loop
      vertex 23.0353 22.8637 4
      vertex 23.2361 22.8042 0
      vertex 23.0353 22.8637 0
    endloop
  endfacet
  facet normal -0.182414 -0.983222 0
    outer loop
      vertex -22.8316 -22.9126 0
      vertex -22.6257 -22.9508 4
      vertex -22.8316 -22.9126 4
    endloop
  endfacet
  facet normal -0.182414 -0.983222 -0
    outer loop
      vertex -22.6257 -22.9508 4
      vertex -22.8316 -22.9126 0
      vertex -22.6257 -22.9508 0
    endloop
  endfacet
  facet normal 0.284105 -0.958793 0
    outer loop
      vertex 23.0353 -22.8637 0
      vertex 23.2361 -22.8042 4
      vertex 23.0353 -22.8637 4
    endloop
  endfacet
  facet normal 0.284105 -0.958793 0
    outer loop
      vertex 23.2361 -22.8042 4
      vertex 23.0353 -22.8637 0
      vertex 23.2361 -22.8042 0
    endloop
  endfacet
  facet normal 1 -0 0
    outer loop
      vertex 26 -19 4
      vertex 26 19 0
      vertex 26 19 4
    endloop
  endfacet
  facet normal 1 0 0
    outer loop
      vertex 26 19 0
      vertex 26 -19 4
      vertex 26 -19 0
    endloop
  endfacet
  facet normal 0.972374 0.233427 0
    outer loop
      vertex 25.9126 19.8316 4
      vertex 25.8637 20.0353 0
      vertex 25.8637 20.0353 4
    endloop
  endfacet
  facet normal 0.972374 0.233427 0
    outer loop
      vertex 25.8637 20.0353 0
      vertex 25.9126 19.8316 4
      vertex 25.9126 19.8316 0
    endloop
  endfacet
  facet normal -0.284105 -0.958793 0
    outer loop
      vertex -23.2361 -22.8042 0
      vertex -23.0353 -22.8637 4
      vertex -23.2361 -22.8042 4
    endloop
  endfacet
  facet normal -0.284105 -0.958793 -0
    outer loop
      vertex -23.0353 -22.8637 4
      vertex -23.2361 -22.8042 0
      vertex -23.0353 -22.8637 0
    endloop
  endfacet
  facet normal -0.608672 0.793422 0
    outer loop
      vertex -24.3511 22.2361 0
      vertex -24.5173 22.1086 4
      vertex -24.3511 22.2361 4
    endloop
  endfacet
  facet normal -0.608672 0.793422 0
    outer loop
      vertex -24.5173 22.1086 4
      vertex -24.3511 22.2361 0
      vertex -24.5173 22.1086 0
    endloop
  endfacet
  facet normal -0.996927 -0.0783402 0
    outer loop
      vertex -25.9781 -19.4181 0
      vertex -25.9945 -19.2094 4
      vertex -25.9945 -19.2094 0
    endloop
  endfacet
  facet normal -0.996927 -0.0783402 0
    outer loop
      vertex -25.9945 -19.2094 4
      vertex -25.9781 -19.4181 0
      vertex -25.9781 -19.4181 4
    endloop
  endfacet
  facet normal -0.923964 0.382478 0
    outer loop
      vertex -25.7343 20.4335 0
      vertex -25.6542 20.627 4
      vertex -25.6542 20.627 0
    endloop
  endfacet
  facet normal -0.923964 0.382478 0
    outer loop
      vertex -25.6542 20.627 4
      vertex -25.7343 20.4335 0
      vertex -25.7343 20.4335 4
    endloop
  endfacet
  facet normal 0.902489 0.430712 0
    outer loop
      vertex 25.6542 20.627 4
      vertex 25.564 20.816 0
      vertex 25.564 20.816 4
    endloop
  endfacet
  facet normal 0.902489 0.430712 0
    outer loop
      vertex 25.564 20.816 0
      vertex 25.6542 20.627 4
      vertex 25.6542 20.627 0
    endloop
  endfacet
  facet normal 0.382478 0.923964 -0
    outer loop
      vertex 23.627 22.6542 0
      vertex 23.4335 22.7343 4
      vertex 23.627 22.6542 4
    endloop
  endfacet
  facet normal 0.382478 0.923964 0
    outer loop
      vertex 23.4335 22.7343 4
      vertex 23.627 22.6542 0
      vertex 23.4335 22.7343 0
    endloop
  endfacet
  facet normal -0.13038 0.991464 0
    outer loop
      vertex -22.4181 22.9781 0
      vertex -22.6257 22.9508 4
      vertex -22.4181 22.9781 4
    endloop
  endfacet
  facet normal -0.13038 0.991464 0
    outer loop
      vertex -22.6257 22.9508 4
      vertex -22.4181 22.9781 0
      vertex -22.6257 22.9508 0
    endloop
  endfacet
  facet normal 0.996927 -0.0783402 0
    outer loop
      vertex 25.9781 -19.4181 4
      vertex 25.9945 -19.2094 0
      vertex 25.9945 -19.2094 4
    endloop
  endfacet
  facet normal 0.996927 -0.0783402 0
    outer loop
      vertex 25.9945 -19.2094 0
      vertex 25.9781 -19.4181 4
      vertex 25.9781 -19.4181 0
    endloop
  endfacet
  facet normal 0.522338 -0.852738 0
    outer loop
      vertex 24 -22.4641 0
      vertex 24.1786 -22.3547 4
      vertex 24 -22.4641 4
    endloop
  endfacet
  facet normal 0.522338 -0.852738 0
    outer loop
      vertex 24.1786 -22.3547 4
      vertex 24 -22.4641 0
      vertex 24.1786 -22.3547 0
    endloop
  endfacet
  facet normal 0.566549 0.824028 -0
    outer loop
      vertex 24.3511 22.2361 0
      vertex 24.1786 22.3547 4
      vertex 24.3511 22.2361 4
    endloop
  endfacet
  facet normal 0.566549 0.824028 0
    outer loop
      vertex 24.1786 22.3547 4
      vertex 24.3511 22.2361 0
      vertex 24.1786 22.3547 0
    endloop
  endfacet
  facet normal 0.649532 -0.760334 0
    outer loop
      vertex 24.5173 -22.1086 0
      vertex 24.6765 -21.9726 4
      vertex 24.5173 -22.1086 4
    endloop
  endfacet
  facet normal 0.649532 -0.760334 0
    outer loop
      vertex 24.6765 -21.9726 4
      vertex 24.5173 -22.1086 0
      vertex 24.6765 -21.9726 0
    endloop
  endfacet
  facet normal 0.0783402 0.996927 -0
    outer loop
      vertex 22.4181 22.9781 0
      vertex 22.2094 22.9945 4
      vertex 22.4181 22.9781 4
    endloop
  endfacet
  facet normal 0.0783402 0.996927 0
    outer loop
      vertex 22.2094 22.9945 4
      vertex 22.4181 22.9781 0
      vertex 22.2094 22.9945 0
    endloop
  endfacet
  facet normal -0.649532 0.760334 0
    outer loop
      vertex -24.5173 22.1086 0
      vertex -24.6765 21.9726 4
      vertex -24.5173 22.1086 4
    endloop
  endfacet
  facet normal -0.649532 0.760334 0
    outer loop
      vertex -24.6765 21.9726 4
      vertex -24.5173 22.1086 0
      vertex -24.6765 21.9726 0
    endloop
  endfacet
  facet normal 0.430712 0.902489 -0
    outer loop
      vertex 23.816 22.564 0
      vertex 23.627 22.6542 4
      vertex 23.816 22.564 4
    endloop
  endfacet
  facet normal 0.430712 0.902489 0
    outer loop
      vertex 23.627 22.6542 4
      vertex 23.816 22.564 0
      vertex 23.627 22.6542 0
    endloop
  endfacet
  facet normal -0.972374 0.233427 0
    outer loop
      vertex -25.9126 19.8316 0
      vertex -25.8637 20.0353 4
      vertex -25.8637 20.0353 0
    endloop
  endfacet
  facet normal -0.972374 0.233427 0
    outer loop
      vertex -25.8637 20.0353 4
      vertex -25.9126 19.8316 0
      vertex -25.9126 19.8316 4
    endloop
  endfacet
  facet normal 0.958793 -0.284105 0
    outer loop
      vertex 25.8042 -20.2361 4
      vertex 25.8637 -20.0353 0
      vertex 25.8637 -20.0353 4
    endloop
  endfacet
  facet normal 0.958793 -0.284105 0
    outer loop
      vertex 25.8637 -20.0353 0
      vertex 25.8042 -20.2361 4
      vertex 25.8042 -20.2361 0
    endloop
  endfacet
  facet normal -0.688486 -0.72525 0
    outer loop
      vertex -24.8284 -21.8284 0
      vertex -24.6765 -21.9726 4
      vertex -24.8284 -21.8284 4
    endloop
  endfacet
  facet normal -0.688486 -0.72525 -0
    outer loop
      vertex -24.6765 -21.9726 4
      vertex -24.8284 -21.8284 0
      vertex -24.6765 -21.9726 0
    endloop
  endfacet
  facet normal -0.608672 -0.793422 0
    outer loop
      vertex -24.5173 -22.1086 0
      vertex -24.3511 -22.2361 4
      vertex -24.5173 -22.1086 4
    endloop
  endfacet
  facet normal -0.608672 -0.793422 -0
    outer loop
      vertex -24.3511 -22.2361 4
      vertex -24.5173 -22.1086 0
      vertex -24.3511 -22.2361 0
    endloop
  endfacet
  facet normal 0.649532 0.760334 -0
    outer loop
      vertex 24.6765 21.9726 0
      vertex 24.5173 22.1086 4
      vertex 24.6765 21.9726 4
    endloop
  endfacet
  facet normal 0.649532 0.760334 0
    outer loop
      vertex 24.5173 22.1086 4
      vertex 24.6765 21.9726 0
      vertex 24.5173 22.1086 0
    endloop
  endfacet
  facet normal 0.233427 0.972374 -0
    outer loop
      vertex 23.0353 22.8637 0
      vertex 22.8316 22.9126 4
      vertex 23.0353 22.8637 4
    endloop
  endfacet
  facet normal 0.233427 0.972374 0
    outer loop
      vertex 22.8316 22.9126 4
      vertex 23.0353 22.8637 0
      vertex 22.8316 22.9126 0
    endloop
  endfacet
  facet normal -0.477145 0.878825 0
    outer loop
      vertex -23.816 22.564 0
      vertex -24 22.4641 4
      vertex -23.816 22.564 4
    endloop
  endfacet
  facet normal -0.477145 0.878825 0
    outer loop
      vertex -24 22.4641 4
      vertex -23.816 22.564 0
      vertex -24 22.4641 0
    endloop
  endfacet
  facet normal 0.942646 -0.333794 0
    outer loop
      vertex 25.7343 -20.4335 4
      vertex 25.8042 -20.2361 0
      vertex 25.8042 -20.2361 4
    endloop
  endfacet
  facet normal 0.942646 -0.333794 0
    outer loop
      vertex 25.8042 -20.2361 0
      vertex 25.7343 -20.4335 4
      vertex 25.7343 -20.4335 0
    endloop
  endfacet
  facet normal 0.923964 -0.382478 0
    outer loop
      vertex 25.6542 -20.627 4
      vertex 25.7343 -20.4335 0
      vertex 25.7343 -20.4335 4
    endloop
  endfacet
  facet normal 0.923964 -0.382478 0
    outer loop
      vertex 25.7343 -20.4335 0
      vertex 25.6542 -20.627 4
      vertex 25.6542 -20.627 0
    endloop
  endfacet
  facet normal -0.72525 0.688486 0
    outer loop
      vertex -24.9726 21.6765 0
      vertex -24.8284 21.8284 4
      vertex -24.8284 21.8284 0
    endloop
  endfacet
  facet normal -0.72525 0.688486 0
    outer loop
      vertex -24.8284 21.8284 4
      vertex -24.9726 21.6765 0
      vertex -24.9726 21.6765 4
    endloop
  endfacet
  facet normal -0.649532 -0.760334 0
    outer loop
      vertex -24.6765 -21.9726 0
      vertex -24.5173 -22.1086 4
      vertex -24.6765 -21.9726 4
    endloop
  endfacet
  facet normal -0.649532 -0.760334 -0
    outer loop
      vertex -24.5173 -22.1086 4
      vertex -24.6765 -21.9726 0
      vertex -24.5173 -22.1086 0
    endloop
  endfacet
  facet normal 0.688486 -0.72525 0
    outer loop
      vertex 24.6765 -21.9726 0
      vertex 24.8284 -21.8284 4
      vertex 24.6765 -21.9726 4
    endloop
  endfacet
  facet normal 0.688486 -0.72525 0
    outer loop
      vertex 24.8284 -21.8284 4
      vertex 24.6765 -21.9726 0
      vertex 24.8284 -21.8284 0
    endloop
  endfacet
  facet normal -0.878825 -0.477145 0
    outer loop
      vertex -25.4641 -21 0
      vertex -25.564 -20.816 4
      vertex -25.564 -20.816 0
    endloop
  endfacet
  facet normal -0.878825 -0.477145 0
    outer loop
      vertex -25.564 -20.816 4
      vertex -25.4641 -21 0
      vertex -25.4641 -21 4
    endloop
  endfacet
  facet normal 0.382478 -0.923964 0
    outer loop
      vertex 23.4335 -22.7343 0
      vertex 23.627 -22.6542 4
      vertex 23.4335 -22.7343 4
    endloop
  endfacet
  facet normal 0.382478 -0.923964 0
    outer loop
      vertex 23.627 -22.6542 4
      vertex 23.4335 -22.7343 0
      vertex 23.627 -22.6542 0
    endloop
  endfacet
  facet normal 0.923964 0.382478 0
    outer loop
      vertex 25.7343 20.4335 4
      vertex 25.6542 20.627 0
      vertex 25.6542 20.627 4
    endloop
  endfacet
  facet normal 0.923964 0.382478 0
    outer loop
      vertex 25.6542 20.627 0
      vertex 25.7343 20.4335 4
      vertex 25.7343 20.4335 0
    endloop
  endfacet
  facet normal 0.72525 -0.688486 0
    outer loop
      vertex 24.8284 -21.8284 4
      vertex 24.9726 -21.6765 0
      vertex 24.9726 -21.6765 4
    endloop
  endfacet
  facet normal 0.72525 -0.688486 0
    outer loop
      vertex 24.9726 -21.6765 0
      vertex 24.8284 -21.8284 4
      vertex 24.8284 -21.8284 0
    endloop
  endfacet
  facet normal 0.902489 -0.430712 0
    outer loop
      vertex 25.564 -20.816 4
      vertex 25.6542 -20.627 0
      vertex 25.6542 -20.627 4
    endloop
  endfacet
  facet normal 0.902489 -0.430712 0
    outer loop
      vertex 25.6542 -20.627 0
      vertex 25.564 -20.816 4
      vertex 25.564 -20.816 0
    endloop
  endfacet
  facet normal -0.13038 -0.991464 0
    outer loop
      vertex -22.6257 -22.9508 0
      vertex -22.4181 -22.9781 4
      vertex -22.6257 -22.9508 4
    endloop
  endfacet
  facet normal -0.13038 -0.991464 -0
    outer loop
      vertex -22.4181 -22.9781 4
      vertex -22.6257 -22.9508 0
      vertex -22.4181 -22.9781 0
    endloop
  endfacet
  facet normal -0.72525 -0.688486 0
    outer loop
      vertex -24.8284 -21.8284 0
      vertex -24.9726 -21.6765 4
      vertex -24.9726 -21.6765 0
    endloop
  endfacet
  facet normal -0.72525 -0.688486 0
    outer loop
      vertex -24.9726 -21.6765 4
      vertex -24.8284 -21.8284 0
      vertex -24.8284 -21.8284 4
    endloop
  endfacet
  facet normal -0.566549 -0.824028 0
    outer loop
      vertex -24.3511 -22.2361 0
      vertex -24.1786 -22.3547 4
      vertex -24.3511 -22.2361 4
    endloop
  endfacet
  facet normal -0.566549 -0.824028 -0
    outer loop
      vertex -24.1786 -22.3547 4
      vertex -24.3511 -22.2361 0
      vertex -24.1786 -22.3547 0
    endloop
  endfacet
  facet normal 0.972374 -0.233427 0
    outer loop
      vertex 25.8637 -20.0353 4
      vertex 25.9126 -19.8316 0
      vertex 25.9126 -19.8316 4
    endloop
  endfacet
  facet normal 0.972374 -0.233427 0
    outer loop
      vertex 25.9126 -19.8316 0
      vertex 25.8637 -20.0353 4
      vertex 25.8637 -20.0353 0
    endloop
  endfacet
  facet normal 0.333794 0.942646 -0
    outer loop
      vertex 23.4335 22.7343 0
      vertex 23.2361 22.8042 4
      vertex 23.4335 22.7343 4
    endloop
  endfacet
  facet normal 0.333794 0.942646 0
    outer loop
      vertex 23.2361 22.8042 4
      vertex 23.4335 22.7343 0
      vertex 23.2361 22.8042 0
    endloop
  endfacet
  facet normal -0.852738 0.522338 0
    outer loop
      vertex -25.4641 21 0
      vertex -25.3547 21.1786 4
      vertex -25.3547 21.1786 0
    endloop
  endfacet
  facet normal -0.852738 0.522338 0
    outer loop
      vertex -25.3547 21.1786 4
      vertex -25.4641 21 0
      vertex -25.4641 21 4
    endloop
  endfacet
  facet normal -0.566549 0.824028 0
    outer loop
      vertex -24.1786 22.3547 0
      vertex -24.3511 22.2361 4
      vertex -24.1786 22.3547 4
    endloop
  endfacet
  facet normal -0.566549 0.824028 0
    outer loop
      vertex -24.3511 22.2361 4
      vertex -24.1786 22.3547 0
      vertex -24.3511 22.2361 0
    endloop
  endfacet
  facet normal -0.284105 0.958793 0
    outer loop
      vertex -23.0353 22.8637 0
      vertex -23.2361 22.8042 4
      vertex -23.0353 22.8637 4
    endloop
  endfacet
  facet normal -0.284105 0.958793 0
    outer loop
      vertex -23.2361 22.8042 4
      vertex -23.0353 22.8637 0
      vertex -23.2361 22.8042 0
    endloop
  endfacet
  facet normal -0.793422 -0.608672 0
    outer loop
      vertex -25.1086 -21.5173 0
      vertex -25.2361 -21.3511 4
      vertex -25.2361 -21.3511 0
    endloop
  endfacet
  facet normal -0.793422 -0.608672 0
    outer loop
      vertex -25.2361 -21.3511 4
      vertex -25.1086 -21.5173 0
      vertex -25.1086 -21.5173 4
    endloop
  endfacet
  facet normal 0.983222 0.182414 0
    outer loop
      vertex 25.9508 19.6257 4
      vertex 25.9126 19.8316 0
      vertex 25.9126 19.8316 4
    endloop
  endfacet
  facet normal 0.983222 0.182414 0
    outer loop
      vertex 25.9126 19.8316 0
      vertex 25.9508 19.6257 4
      vertex 25.9508 19.6257 0
    endloop
  endfacet
  facet normal 0.0783402 -0.996927 0
    outer loop
      vertex 22.2094 -22.9945 0
      vertex 22.4181 -22.9781 4
      vertex 22.2094 -22.9945 4
    endloop
  endfacet
  facet normal 0.0783402 -0.996927 0
    outer loop
      vertex 22.4181 -22.9781 4
      vertex 22.2094 -22.9945 0
      vertex 22.4181 -22.9781 0
    endloop
  endfacet
  facet normal 0.793422 0.608672 0
    outer loop
      vertex 25.2361 21.3511 4
      vertex 25.1086 21.5173 0
      vertex 25.1086 21.5173 4
    endloop
  endfacet
  facet normal 0.793422 0.608672 0
    outer loop
      vertex 25.1086 21.5173 0
      vertex 25.2361 21.3511 4
      vertex 25.2361 21.3511 0
    endloop
  endfacet
  facet normal -0.991464 -0.13038 0
    outer loop
      vertex -25.9508 -19.6257 0
      vertex -25.9781 -19.4181 4
      vertex -25.9781 -19.4181 0
    endloop
  endfacet
  facet normal -0.991464 -0.13038 0
    outer loop
      vertex -25.9781 -19.4181 4
      vertex -25.9508 -19.6257 0
      vertex -25.9508 -19.6257 4
    endloop
  endfacet
  facet normal -0.983222 -0.182414 0
    outer loop
      vertex -25.9126 -19.8316 0
      vertex -25.9508 -19.6257 4
      vertex -25.9508 -19.6257 0
    endloop
  endfacet
  facet normal -0.983222 -0.182414 0
    outer loop
      vertex -25.9508 -19.6257 4
      vertex -25.9126 -19.8316 0
      vertex -25.9126 -19.8316 4
    endloop
  endfacet
  facet normal 0.0262565 0.999655 -0
    outer loop
      vertex 22.2094 22.9945 0
      vertex 22 23 4
      vertex 22.2094 22.9945 4
    endloop
  endfacet
  facet normal 0.0262565 0.999655 0
    outer loop
      vertex 22 23 4
      vertex 22.2094 22.9945 0
      vertex 22 23 0
    endloop
  endfacet
  facet normal 0.793422 -0.608672 0
    outer loop
      vertex 25.1086 -21.5173 4
      vertex 25.2361 -21.3511 0
      vertex 25.2361 -21.3511 4
    endloop
  endfacet
  facet normal 0.793422 -0.608672 0
    outer loop
      vertex 25.2361 -21.3511 0
      vertex 25.1086 -21.5173 4
      vertex 25.1086 -21.5173 0
    endloop
  endfacet
  facet normal 0.477145 -0.878825 0
    outer loop
      vertex 23.816 -22.564 0
      vertex 24 -22.4641 4
      vertex 23.816 -22.564 4
    endloop
  endfacet
  facet normal 0.477145 -0.878825 0
    outer loop
      vertex 24 -22.4641 4
      vertex 23.816 -22.564 0
      vertex 24 -22.4641 0
    endloop
  endfacet
  facet normal -0.824028 0.566549 0
    outer loop
      vertex -25.3547 21.1786 0
      vertex -25.2361 21.3511 4
      vertex -25.2361 21.3511 0
    endloop
  endfacet
  facet normal -0.824028 0.566549 0
    outer loop
      vertex -25.2361 21.3511 4
      vertex -25.3547 21.1786 0
      vertex -25.3547 21.1786 4
    endloop
  endfacet
  facet normal -0.878825 0.477145 0
    outer loop
      vertex -25.564 20.816 0
      vertex -25.4641 21 4
      vertex -25.4641 21 0
    endloop
  endfacet
  facet normal -0.878825 0.477145 0
    outer loop
      vertex -25.4641 21 4
      vertex -25.564 20.816 0
      vertex -25.564 20.816 4
    endloop
  endfacet
  facet normal 0 0 1
    outer loop
      vertex 22 23 4
      vertex 26 19 4
      vertex 25.9945 19.2094 4
    endloop
  endfacet
  facet normal 0 0 1
    outer loop
      vertex 26 19 4
      vertex 10.8569 6.06765 4
      vertex 26 -19 4
    endloop
  endfacet
  facet normal 0 0 1
    outer loop
      vertex 22 23 4
      vertex 25.9945 19.2094 4
      vertex 25.9781 19.4181 4
    endloop
  endfacet
  facet normal -0 0 1
    outer loop
      vertex 10.8568 6.06754 4
      vertex 26 -19 4
      vertex 10.8569 6.06765 4
    endloop
  endfacet
  facet normal 0 0 1
    outer loop
      vertex 22 23 4
      vertex 25.9781 19.4181 4
      vertex 25.9508 19.6257 4
    endloop
  endfacet
  facet normal -0 0 1
    outer loop
      vertex 10.8044 5.91961 4
      vertex 26 -19 4
      vertex 10.8568 6.06754 4
    endloop
  endfacet
  facet normal 0 0 1
    outer loop
      vertex 22 23 4
      vertex 25.9508 19.6257 4
      vertex 25.9126 19.8316 4
    endloop
  endfacet
  facet normal -0 0 1
    outer loop
      vertex 10.7444 5.77461 4
      vertex 26 -19 4
      vertex 10.8044 5.91961 4
    endloop
  endfacet
  facet normal 0 0 1
    outer loop
      vertex 22 23 4
      vertex 25.9126 19.8316 4
      vertex 25.8637 20.0353 4
    endloop
  endfacet
  facet normal -0 0 1
    outer loop
      vertex 10.7443 5.77451 4
      vertex 26 -19 4
      vertex 10.7444 5.77461 4
    endloop
  endfacet
  facet normal 0 0 1
    outer loop
      vertex 22 23 4
      vertex 25.8637 20.0353 4
      vertex 25.8042 20.2361 4
    endloop
  endfacet
  facet normal -0 0 1
    outer loop
      vertex 10.6768 5.63287 4
      vertex 26 -19 4
      vertex 10.7443 5.77451 4
    endloop
  endfacet
  facet normal 0 0 1
    outer loop
      vertex 22 23 4
      vertex 25.8042 20.2361 4
      vertex 25.7343 20.4335 4
    endloop
  endfacet
  facet normal 0 0 1
    outer loop
      vertex 26 19 4
      vertex 10.9015 6.21811 4
      vertex 10.8569 6.06765 4
    endloop
  endfacet
  facet normal 0 0 1
    outer loop
      vertex 22 23 4
      vertex 25.7343 20.4335 4
      vertex 25.6542 20.627 4
    endloop
  endfacet
  facet normal -0 0 1
    outer loop
      vertex 10.6019 5.49496 4
      vertex 26 -19 4
      vertex 10.6768 5.63287 4
    endloop
  endfacet
  facet normal 0 0 1
    outer loop
      vertex 22 23 4
      vertex 25.6542 20.627 4
      vertex 25.564 20.816 4
    endloop
  endfacet
  facet normal -0 0 1
    outer loop
      vertex 10.6019 5.49486 4
      vertex 26 -19 4
      vertex 10.6019 5.49496 4
    endloop
  endfacet
  facet normal 0 0 1
    outer loop
      vertex 22 23 4
      vertex 25.564 20.816 4
      vertex 25.4641 21 4
    endloop
  endfacet
  facet normal -0 0 1
    outer loop
      vertex 10.5199 5.36106 4
      vertex 26 -19 4
      vertex 10.6019 5.49486 4
    endloop
  endfacet
  facet normal 0 0 1
    outer loop
      vertex 22 23 4
      vertex 25.4641 21 4
      vertex 25.3547 21.1786 4
    endloop
  endfacet
  facet normal -0 0 1
    outer loop
      vertex 10.5198 5.36097 4
      vertex 26 -19 4
      vertex 10.5199 5.36106 4
    endloop
  endfacet
  facet normal 0 0 1
    outer loop
      vertex 22 23 4
      vertex 25.3547 21.1786 4
      vertex 25.2361 21.3511 4
    endloop
  endfacet
  facet normal -0 0 1
    outer loop
      vertex 10.4309 5.23164 4
      vertex 26 -19 4
      vertex 10.5198 5.36097 4
    endloop
  endfacet
  facet normal 0 0 1
    outer loop
      vertex 22 23 4
      vertex 25.2361 21.3511 4
      vertex 25.1086 21.5173 4
    endloop
  endfacet
  facet normal -0 0 1
    outer loop
      vertex 10.3354 5.10714 4
      vertex 26 -19 4
      vertex 10.4309 5.23164 4
    endloop
  endfacet
  facet normal 0 0 1
    outer loop
      vertex 22 23 4
      vertex 25.1086 21.5173 4
      vertex 24.9726 21.6765 4
    endloop
  endfacet
  facet normal -0 0 1
    outer loop
      vertex 10.3353 5.10705 4
      vertex 26 -19 4
      vertex 10.3354 5.10714 4
    endloop
  endfacet
  facet normal 0 0 1
    outer loop
      vertex 22 23 4
      vertex 24.9726 21.6765 4
      vertex 24.8284 21.8284 4
    endloop
  endfacet
  facet normal -0 0 1
    outer loop
      vertex 10.2334 4.98772 4
      vertex 26 -19 4
      vertex 10.3353 5.10705 4
    endloop
  endfacet
  facet normal 0 0 1
    outer loop
      vertex 22 23 4
      vertex 24.8284 21.8284 4
      vertex 24.6765 21.9726 4
    endloop
  endfacet
  facet normal -0 0 1
    outer loop
      vertex 10.1254 4.87388 4
      vertex 26 -19 4
      vertex 10.2334 4.98772 4
    endloop
  endfacet
  facet normal 0 0 1
    outer loop
      vertex 22 23 4
      vertex 24.6765 21.9726 4
      vertex 24.5173 22.1086 4
    endloop
  endfacet
  facet normal -0 0 1
    outer loop
      vertex 10.1253 4.8738 4
      vertex 26 -19 4
      vertex 10.1254 4.87388 4
    endloop
  endfacet
  facet normal 0 0 1
    outer loop
      vertex 22 23 4
      vertex 24.5173 22.1086 4
      vertex 24.3511 22.2361 4
    endloop
  endfacet
  facet normal -0 0 1
    outer loop
      vertex 10.0114 4.76578 4
      vertex 26 -19 4
      vertex 10.1253 4.8738 4
    endloop
  endfacet
  facet normal 0 0 1
    outer loop
      vertex 22 23 4
      vertex 24.3511 22.2361 4
      vertex 24.1786 22.3547 4
    endloop
  endfacet
  facet normal -0 0 1
    outer loop
      vertex 10.0114 4.7657 4
      vertex 26 -19 4
      vertex 10.0114 4.76578 4
    endloop
  endfacet
  facet normal 0 0 1
    outer loop
      vertex 22 23 4
      vertex 24.1786 22.3547 4
      vertex 24 22.4641 4
    endloop
  endfacet
  facet normal 0 0 1
    outer loop
      vertex 26 19 4
      vertex 10.9015 6.21822 4
      vertex 10.9015 6.21811 4
    endloop
  endfacet
  facet normal 0 0 1
    outer loop
      vertex 22 23 4
      vertex 24 22.4641 4
      vertex 23.816 22.564 4
    endloop
  endfacet
  facet normal -0 0 1
    outer loop
      vertex 9.89203 4.66379 4
      vertex 26 -19 4
      vertex 10.0114 4.7657 4
    endloop
  endfacet
  facet normal 0 0 1
    outer loop
      vertex 22 23 4
      vertex 23.816 22.564 4
      vertex 23.627 22.6542 4
    endloop
  endfacet
  facet normal -0 0 1
    outer loop
      vertex 9.76754 4.56826 4
      vertex 26 -19 4
      vertex 9.89203 4.66379 4
    endloop
  endfacet
  facet normal 0 0 1
    outer loop
      vertex 22 23 4
      vertex 23.627 22.6542 4
      vertex 23.4335 22.7343 4
    endloop
  endfacet
  facet normal 0 0 1
    outer loop
      vertex 26 19 4
      vertex 10.9381 6.37083 4
      vertex 10.9015 6.21822 4
    endloop
  endfacet
  facet normal 0 0 1
    outer loop
      vertex 22 23 4
      vertex 23.4335 22.7343 4
      vertex 23.2361 22.8042 4
    endloop
  endfacet
  facet normal -0 0 1
    outer loop
      vertex 9.76744 4.56818 4
      vertex 26 -19 4
      vertex 9.76754 4.56826 4
    endloop
  endfacet
  facet normal 0 0 1
    outer loop
      vertex 22 23 4
      vertex 23.2361 22.8042 4
      vertex 23.0353 22.8637 4
    endloop
  endfacet
  facet normal -0 0 1
    outer loop
      vertex 9.63811 4.4793 4
      vertex 26 -19 4
      vertex 9.76744 4.56818 4
    endloop
  endfacet
  facet normal 0 0 1
    outer loop
      vertex 22 23 4
      vertex 23.0353 22.8637 4
      vertex 22.8316 22.9126 4
    endloop
  endfacet
  facet normal -0 0 1
    outer loop
      vertex 9.638 4.47923 4
      vertex 26 -19 4
      vertex 9.63811 4.4793 4
    endloop
  endfacet
  facet normal 0 0 1
    outer loop
      vertex 22 23 4
      vertex 22.8316 22.9126 4
      vertex 22.6257 22.9508 4
    endloop
  endfacet
  facet normal -0 0 1
    outer loop
      vertex 9.50421 4.39723 4
      vertex 26 -19 4
      vertex 9.638 4.47923 4
    endloop
  endfacet
  facet normal 0 0 1
    outer loop
      vertex 22 23 4
      vertex 22.6257 22.9508 4
      vertex 22.4181 22.9781 4
    endloop
  endfacet
  facet normal -0 0 1
    outer loop
      vertex 9.50409 4.39716 4
      vertex 26 -19 4
      vertex 9.50421 4.39723 4
    endloop
  endfacet
  facet normal 0 0 1
    outer loop
      vertex 22 23 4
      vertex 22.4181 22.9781 4
      vertex 22.2094 22.9945 4
    endloop
  endfacet
  facet normal -0 0 1
    outer loop
      vertex 9.36618 4.32229 4
      vertex 26 -19 4
      vertex 9.50409 4.39716 4
    endloop
  endfacet
  facet normal 0 0 1
    outer loop
      vertex 10.7419 12.219 4
      vertex 26 19 4
      vertex 22 23 4
    endloop
  endfacet
  facet normal -0 0 1
    outer loop
      vertex 9.22456 4.25474 4
      vertex 26 -19 4
      vertex 9.36618 4.32229 4
    endloop
  endfacet
  facet normal 0 0 1
    outer loop
      vertex 26 19 4
      vertex 11.0037 10.9918 4
      vertex 11.0037 6.99497 4
    endloop
  endfacet
  facet normal 0 0 1
    outer loop
      vertex 26 19 4
      vertex 11.0037 10.992 4
      vertex 11.0037 10.9918 4
    endloop
  endfacet
  facet normal 0 0 1
    outer loop
      vertex 26 19 4
      vertex 10.9996 11.1489 4
      vertex 11.0037 10.992 4
    endloop
  endfacet
  facet normal 0 0 1
    outer loop
      vertex 26 19 4
      vertex 10.9996 11.149 4
      vertex 10.9996 11.1489 4
    endloop
  endfacet
  facet normal 0 0 1
    outer loop
      vertex 26 19 4
      vertex 10.9873 11.3055 4
      vertex 10.9996 11.149 4
    endloop
  endfacet
  facet normal 0 0 1
    outer loop
      vertex 26 19 4
      vertex 10.9873 11.3056 4
      vertex 10.9873 11.3055 4
    endloop
  endfacet
  facet normal 0 0 1
    outer loop
      vertex 26 19 4
      vertex 10.9668 11.4612 4
      vertex 10.9873 11.3056 4
    endloop
  endfacet
  facet normal 0 0 1
    outer loop
      vertex 26 19 4
      vertex 10.9667 11.4614 4
      vertex 10.9668 11.4612 4
    endloop
  endfacet
  facet normal 0 0 1
    outer loop
      vertex 26 19 4
      vertex 10.9381 11.6157 4
      vertex 10.9667 11.4614 4
    endloop
  endfacet
  facet normal 0 0 1
    outer loop
      vertex 26 19 4
      vertex 10.9381 11.6159 4
      vertex 10.9381 11.6157 4
    endloop
  endfacet
  facet normal 0 0 1
    outer loop
      vertex 26 19 4
      vertex 10.9015 11.7685 4
      vertex 10.9381 11.6159 4
    endloop
  endfacet
  facet normal 0 0 1
    outer loop
      vertex 26 19 4
      vertex 10.9014 11.7686 4
      vertex 10.9015 11.7685 4
    endloop
  endfacet
  facet normal 0 0 1
    outer loop
      vertex 26 19 4
      vertex 10.8568 11.9191 4
      vertex 10.9014 11.7686 4
    endloop
  endfacet
  facet normal 0 0 1
    outer loop
      vertex 26 19 4
      vertex 10.8568 11.9193 4
      vertex 10.8568 11.9191 4
    endloop
  endfacet
  facet normal 0 0 1
    outer loop
      vertex 26 19 4
      vertex 10.8044 12.0672 4
      vertex 10.8568 11.9193 4
    endloop
  endfacet
  facet normal 0 0 1
    outer loop
      vertex 26 19 4
      vertex 10.802 12.0739 4
      vertex 10.8044 12.0672 4
    endloop
  endfacet
  facet normal 0 0 1
    outer loop
      vertex 26 19 4
      vertex 10.7419 12.219 4
      vertex 10.802 12.0739 4
    endloop
  endfacet
  facet normal 0 0 1
    outer loop
      vertex 22 23 4
      vertex 10.6743 12.3607 4
      vertex 10.7419 12.219 4
    endloop
  endfacet
  facet normal 0 0 1
    outer loop
      vertex 22 23 4
      vertex 10.5993 12.4987 4
      vertex 10.6743 12.3607 4
    endloop
  endfacet
  facet normal 0 0 1
    outer loop
      vertex 22 23 4
      vertex 10.5173 12.6326 4
      vertex 10.5993 12.4987 4
    endloop
  endfacet
  facet normal 0 0 1
    outer loop
      vertex 22 23 4
      vertex 10.4283 12.762 4
      vertex 10.5173 12.6326 4
    endloop
  endfacet
  facet normal 0 0 1
    outer loop
      vertex 22 23 4
      vertex 10.3327 12.8866 4
      vertex 10.4283 12.762 4
    endloop
  endfacet
  facet normal 0 0 1
    outer loop
      vertex 22 23 4
      vertex 10.2308 13.006 4
      vertex 10.3327 12.8866 4
    endloop
  endfacet
  facet normal 0 0 1
    outer loop
      vertex 22 23 4
      vertex 10.2307 13.006 4
      vertex 10.2308 13.006 4
    endloop
  endfacet
  facet normal 0 0 1
    outer loop
      vertex 22 23 4
      vertex 10.1227 13.1199 4
      vertex 10.2307 13.006 4
    endloop
  endfacet
  facet normal 0 0 1
    outer loop
      vertex 22 23 4
      vertex 10.1213 13.1213 4
      vertex 10.1227 13.1199 4
    endloop
  endfacet
  facet normal 0 0 1
    outer loop
      vertex 22 23 4
      vertex 10.0074 13.2294 4
      vertex 10.1213 13.1213 4
    endloop
  endfacet
  facet normal 0 0 1
    outer loop
      vertex 22 23 4
      vertex 9.88795 13.3314 4
      vertex 10.0074 13.2294 4
    endloop
  endfacet
  facet normal 0 0 1
    outer loop
      vertex 22 23 4
      vertex 9.76335 13.427 4
      vertex 9.88795 13.3314 4
    endloop
  endfacet
  facet normal 0 0 1
    outer loop
      vertex 22 23 4
      vertex 9.63391 13.516 4
      vertex 9.76335 13.427 4
    endloop
  endfacet
  facet normal 0 0 1
    outer loop
      vertex 22 23 4
      vertex 9.5 13.5981 4
      vertex 9.63391 13.516 4
    endloop
  endfacet
  facet normal 0 0 1
    outer loop
      vertex 22 23 4
      vertex 9.36197 13.673 4
      vertex 9.5 13.5981 4
    endloop
  endfacet
  facet normal 0 0 1
    outer loop
      vertex 22 23 4
      vertex 9.22021 13.7406 4
      vertex 9.36197 13.673 4
    endloop
  endfacet
  facet normal 0 0 1
    outer loop
      vertex 22 23 4
      vertex 9.0751 13.8007 4
      vertex 9.22021 13.7406 4
    endloop
  endfacet
  facet normal 0 0 1
    outer loop
      vertex 22 23 4
      vertex 8.92705 13.8532 4
      vertex 9.0751 13.8007 4
    endloop
  endfacet
  facet normal 0 0 1
    outer loop
      vertex 22 23 4
      vertex 8.77646 13.8978 4
      vertex 8.92705 13.8532 4
    endloop
  endfacet
  facet normal 0 0 1
    outer loop
      vertex 22 23 4
      vertex 8.62373 13.9344 4
      vertex 8.77646 13.8978 4
    endloop
  endfacet
  facet normal 0 0 1
    outer loop
      vertex 22 23 4
      vertex 8.4693 13.9631 4
      vertex 8.62373 13.9344 4
    endloop
  endfacet
  facet normal 0 0 1
    outer loop
      vertex 22 23 4
      vertex 8.31358 13.9836 4
      vertex 8.4693 13.9631 4
    endloop
  endfacet
  facet normal 0 0 1
    outer loop
      vertex 22 23 4
      vertex 8.15701 13.9959 4
      vertex 8.31358 13.9836 4
    endloop
  endfacet
  facet normal 0 0 1
    outer loop
      vertex 22 23 4
      vertex 8 14 4
      vertex 8.15701 13.9959 4
    endloop
  endfacet
  facet normal 0 0 1
    outer loop
      vertex 22 23 4
      vertex -8 14 4
      vertex 8 14 4
    endloop
  endfacet
  facet normal -0 0 1
    outer loop
      vertex -22 23 4
      vertex -8 14 4
      vertex 22 23 4
    endloop
  endfacet
  facet normal 0 0 1
    outer loop
      vertex -8 14 4
      vertex -22 23 4
      vertex -8.15701 13.9959 4
    endloop
  endfacet
  facet normal 0 0 1
    outer loop
      vertex -8.15701 13.9959 4
      vertex -22 23 4
      vertex -8.31358 13.9836 4
    endloop
  endfacet
  facet normal 0 0 1
    outer loop
      vertex -8.31358 13.9836 4
      vertex -22 23 4
      vertex -8.4693 13.9631 4
    endloop
  endfacet
  facet normal 0 0 1
    outer loop
      vertex -8.4693 13.9631 4
      vertex -22 23 4
      vertex -8.62373 13.9344 4
    endloop
  endfacet
  facet normal 0 0 1
    outer loop
      vertex -11.0037 10.992 4
      vertex -26 19 4
      vertex -11.0037 10.9918 4
    endloop
  endfacet
  facet normal 0 0 1
    outer loop
      vertex -10.9996 11.1489 4
      vertex -26 19 4
      vertex -11.0037 10.992 4
    endloop
  endfacet
  facet normal 0 0 1
    outer loop
      vertex -10.9996 11.149 4
      vertex -26 19 4
      vertex -10.9996 11.1489 4
    endloop
  endfacet
  facet normal 0 0 1
    outer loop
      vertex -10.9873 11.3055 4
      vertex -26 19 4
      vertex -10.9996 11.149 4
    endloop
  endfacet
  facet normal 0 0 1
    outer loop
      vertex -10.9873 11.3056 4
      vertex -26 19 4
      vertex -10.9873 11.3055 4
    endloop
  endfacet
  facet normal 0 0 1
    outer loop
      vertex -10.9668 11.4612 4
      vertex -26 19 4
      vertex -10.9873 11.3056 4
    endloop
  endfacet
  facet normal 0 0 1
    outer loop
      vertex -10.9667 11.4614 4
      vertex -26 19 4
      vertex -10.9668 11.4612 4
    endloop
  endfacet
  facet normal 0 0 1
    outer loop
      vertex -10.9381 11.6157 4
      vertex -26 19 4
      vertex -10.9667 11.4614 4
    endloop
  endfacet
  facet normal 0 0 1
    outer loop
      vertex -10.9381 11.6159 4
      vertex -26 19 4
      vertex -10.9381 11.6157 4
    endloop
  endfacet
  facet normal 0 0 1
    outer loop
      vertex -10.9015 11.7685 4
      vertex -26 19 4
      vertex -10.9381 11.6159 4
    endloop
  endfacet
  facet normal 0 0 1
    outer loop
      vertex -10.9014 11.7686 4
      vertex -26 19 4
      vertex -10.9015 11.7685 4
    endloop
  endfacet
  facet normal 0 0 1
    outer loop
      vertex -10.8568 11.9191 4
      vertex -26 19 4
      vertex -10.9014 11.7686 4
    endloop
  endfacet
  facet normal 0 0 1
    outer loop
      vertex -10.8568 11.9193 4
      vertex -26 19 4
      vertex -10.8568 11.9191 4
    endloop
  endfacet
  facet normal 0 0 1
    outer loop
      vertex -10.8044 12.0672 4
      vertex -26 19 4
      vertex -10.8568 11.9193 4
    endloop
  endfacet
  facet normal 0 0 1
    outer loop
      vertex -10.802 12.0739 4
      vertex -26 19 4
      vertex -10.8044 12.0672 4
    endloop
  endfacet
  facet normal 0 0 1
    outer loop
      vertex -10.7419 12.219 4
      vertex -26 19 4
      vertex -10.802 12.0739 4
    endloop
  endfacet
  facet normal -0 0 1
    outer loop
      vertex -26 19 4
      vertex -10.7419 12.219 4
      vertex -22 23 4
    endloop
  endfacet
  facet normal 0 0 1
    outer loop
      vertex -10.6743 12.3607 4
      vertex -22 23 4
      vertex -10.7419 12.219 4
    endloop
  endfacet
  facet normal 0 0 1
    outer loop
      vertex -10.5993 12.4987 4
      vertex -22 23 4
      vertex -10.6743 12.3607 4
    endloop
  endfacet
  facet normal 0 0 1
    outer loop
      vertex -10.5173 12.6326 4
      vertex -22 23 4
      vertex -10.5993 12.4987 4
    endloop
  endfacet
  facet normal 0 0 1
    outer loop
      vertex -10.4283 12.762 4
      vertex -22 23 4
      vertex -10.5173 12.6326 4
    endloop
  endfacet
  facet normal 0 0 1
    outer loop
      vertex -10.3327 12.8866 4
      vertex -22 23 4
      vertex -10.4283 12.762 4
    endloop
  endfacet
  facet normal 0 0 1
    outer loop
      vertex -10.2308 13.006 4
      vertex -22 23 4
      vertex -10.3327 12.8866 4
    endloop
  endfacet
  facet normal 0 0 1
    outer loop
      vertex -10.2307 13.006 4
      vertex -22 23 4
      vertex -10.2308 13.006 4
    endloop
  endfacet
  facet normal 0 0 1
    outer loop
      vertex -10.1227 13.1199 4
      vertex -22 23 4
      vertex -10.2307 13.006 4
    endloop
  endfacet
  facet normal 0 0 1
    outer loop
      vertex -10.1213 13.1213 4
      vertex -22 23 4
      vertex -10.1227 13.1199 4
    endloop
  endfacet
  facet normal 0 0 1
    outer loop
      vertex -10.0074 13.2294 4
      vertex -22 23 4
      vertex -10.1213 13.1213 4
    endloop
  endfacet
  facet normal 0 0 1
    outer loop
      vertex -9.88795 13.3314 4
      vertex -22 23 4
      vertex -10.0074 13.2294 4
    endloop
  endfacet
  facet normal 0 0 1
    outer loop
      vertex -9.76335 13.427 4
      vertex -22 23 4
      vertex -9.88795 13.3314 4
    endloop
  endfacet
  facet normal 0 0 1
    outer loop
      vertex -9.63391 13.516 4
      vertex -22 23 4
      vertex -9.76335 13.427 4
    endloop
  endfacet
  facet normal 0 0 1
    outer loop
      vertex -9.5 13.5981 4
      vertex -22 23 4
      vertex -9.63391 13.516 4
    endloop
  endfacet
  facet normal 0 0 1
    outer loop
      vertex -9.36197 13.673 4
      vertex -22 23 4
      vertex -9.5 13.5981 4
    endloop
  endfacet
  facet normal 0 0 1
    outer loop
      vertex -9.22021 13.7406 4
      vertex -22 23 4
      vertex -9.36197 13.673 4
    endloop
  endfacet
  facet normal 0 0 1
    outer loop
      vertex -9.0751 13.8007 4
      vertex -22 23 4
      vertex -9.22021 13.7406 4
    endloop
  endfacet
  facet normal 0 0 1
    outer loop
      vertex -8.92705 13.8532 4
      vertex -22 23 4
      vertex -9.0751 13.8007 4
    endloop
  endfacet
  facet normal 0 0 1
    outer loop
      vertex -8.77646 13.8978 4
      vertex -22 23 4
      vertex -8.92705 13.8532 4
    endloop
  endfacet
  facet normal 0 0 1
    outer loop
      vertex -8.62373 13.9344 4
      vertex -22 23 4
      vertex -8.77646 13.8978 4
    endloop
  endfacet
  facet normal 0 0 1
    outer loop
      vertex 26 19 4
      vertex 11.0037 6.99497 4
      vertex 10.9996 6.83808 4
    endloop
  endfacet
  facet normal 0 0 1
    outer loop
      vertex 26 19 4
      vertex 10.9996 6.83808 4
      vertex 10.9996 6.83797 4
    endloop
  endfacet
  facet normal 0 0 1
    outer loop
      vertex 26 19 4
      vertex 10.9996 6.83797 4
      vertex 10.9873 6.68153 4
    endloop
  endfacet
  facet normal 0 0 1
    outer loop
      vertex 26 19 4
      vertex 10.9873 6.68153 4
      vertex 10.9872 6.68084 4
    endloop
  endfacet
  facet normal 0 0 1
    outer loop
      vertex 26 19 4
      vertex 10.9872 6.68084 4
      vertex 10.9667 6.52525 4
    endloop
  endfacet
  facet normal 0 0 1
    outer loop
      vertex 26 19 4
      vertex 10.9667 6.52525 4
      vertex 10.9667 6.52514 4
    endloop
  endfacet
  facet normal 0 0 1
    outer loop
      vertex 26 19 4
      vertex 10.9667 6.52514 4
      vertex 10.9381 6.37083 4
    endloop
  endfacet
  facet normal -0 0 1
    outer loop
      vertex 9.22443 4.25468 4
      vertex 26 -19 4
      vertex 9.22456 4.25474 4
    endloop
  endfacet
  facet normal -0 0 1
    outer loop
      vertex 9.07945 4.19463 4
      vertex 26 -19 4
      vertex 9.22443 4.25468 4
    endloop
  endfacet
  facet normal -0 0 1
    outer loop
      vertex 9.07931 4.19458 4
      vertex 26 -19 4
      vertex 9.07945 4.19463 4
    endloop
  endfacet
  facet normal -0 0 1
    outer loop
      vertex 8.93139 4.1422 4
      vertex 26 -19 4
      vertex 9.07931 4.19458 4
    endloop
  endfacet
  facet normal -0 0 1
    outer loop
      vertex 8.93124 4.14215 4
      vertex 26 -19 4
      vertex 8.93139 4.1422 4
    endloop
  endfacet
  facet normal 0 0 1
    outer loop
      vertex 25.9945 -19.2094 4
      vertex 22 -23 4
      vertex 25.9781 -19.4181 4
    endloop
  endfacet
  facet normal 0 0 1
    outer loop
      vertex 25.9126 -19.8316 4
      vertex 22 -23 4
      vertex 25.8637 -20.0353 4
    endloop
  endfacet
  facet normal 0 0 1
    outer loop
      vertex 25.7343 -20.4335 4
      vertex 22 -23 4
      vertex 25.6542 -20.627 4
    endloop
  endfacet
  facet normal 0 0 1
    outer loop
      vertex 25.6542 -20.627 4
      vertex 22 -23 4
      vertex 25.564 -20.816 4
    endloop
  endfacet
  facet normal 0 0 1
    outer loop
      vertex 25.3547 -21.1786 4
      vertex 22 -23 4
      vertex 25.2361 -21.3511 4
    endloop
  endfacet
  facet normal 0 0 1
    outer loop
      vertex 25.2361 -21.3511 4
      vertex 22 -23 4
      vertex 25.1086 -21.5173 4
    endloop
  endfacet
  facet normal 0 0 1
    outer loop
      vertex 24.8284 -21.8284 4
      vertex 22 -23 4
      vertex 24.6765 -21.9726 4
    endloop
  endfacet
  facet normal 0 0 1
    outer loop
      vertex 24.5173 -22.1086 4
      vertex 22 -23 4
      vertex 24.3511 -22.2361 4
    endloop
  endfacet
  facet normal 0 0 1
    outer loop
      vertex 24 -22.4641 4
      vertex 22 -23 4
      vertex 23.816 -22.564 4
    endloop
  endfacet
  facet normal 0 0 1
    outer loop
      vertex 23.816 -22.564 4
      vertex 22 -23 4
      vertex 23.627 -22.6542 4
    endloop
  endfacet
  facet normal 0 0 1
    outer loop
      vertex 23.2361 -22.8042 4
      vertex 22 -23 4
      vertex 23.0353 -22.8637 4
    endloop
  endfacet
  facet normal 0 0 1
    outer loop
      vertex 22.8316 -22.9126 4
      vertex 22 -23 4
      vertex 22.6257 -22.9508 4
    endloop
  endfacet
  facet normal 0 0 1
    outer loop
      vertex 22.6257 -22.9508 4
      vertex 22 -23 4
      vertex 22.4181 -22.9781 4
    endloop
  endfacet
  facet normal 0 0 1
    outer loop
      vertex 22.4181 -22.9781 4
      vertex 22 -23 4
      vertex 22.2094 -22.9945 4
    endloop
  endfacet
  facet normal 0 0 1
    outer loop
      vertex 23.0353 -22.8637 4
      vertex 22 -23 4
      vertex 22.8316 -22.9126 4
    endloop
  endfacet
  facet normal 0 0 1
    outer loop
      vertex 23.4335 -22.7343 4
      vertex 22 -23 4
      vertex 23.2361 -22.8042 4
    endloop
  endfacet
  facet normal 0 0 1
    outer loop
      vertex 23.627 -22.6542 4
      vertex 22 -23 4
      vertex 23.4335 -22.7343 4
    endloop
  endfacet
  facet normal 0 0 1
    outer loop
      vertex 24.1786 -22.3547 4
      vertex 22 -23 4
      vertex 24 -22.4641 4
    endloop
  endfacet
  facet normal 0 0 1
    outer loop
      vertex 24.3511 -22.2361 4
      vertex 22 -23 4
      vertex 24.1786 -22.3547 4
    endloop
  endfacet
  facet normal 0 0 1
    outer loop
      vertex 24.6765 -21.9726 4
      vertex 22 -23 4
      vertex 24.5173 -22.1086 4
    endloop
  endfacet
  facet normal 0 0 1
    outer loop
      vertex 24.9726 -21.6765 4
      vertex 22 -23 4
      vertex 24.8284 -21.8284 4
    endloop
  endfacet
  facet normal 0 0 1
    outer loop
      vertex 25.1086 -21.5173 4
      vertex 22 -23 4
      vertex 24.9726 -21.6765 4
    endloop
  endfacet
  facet normal 0 0 1
    outer loop
      vertex 25.4641 -21 4
      vertex 22 -23 4
      vertex 25.3547 -21.1786 4
    endloop
  endfacet
  facet normal 0 0 1
    outer loop
      vertex 25.564 -20.816 4
      vertex 22 -23 4
      vertex 25.4641 -21 4
    endloop
  endfacet
  facet normal 0 0 1
    outer loop
      vertex 25.8637 -20.0353 4
      vertex 22 -23 4
      vertex 25.8042 -20.2361 4
    endloop
  endfacet
  facet normal 0 0 1
    outer loop
      vertex 25.8042 -20.2361 4
      vertex 22 -23 4
      vertex 25.7343 -20.4335 4
    endloop
  endfacet
  facet normal 0 0 1
    outer loop
      vertex 25.9508 -19.6257 4
      vertex 22 -23 4
      vertex 25.9126 -19.8316 4
    endloop
  endfacet
  facet normal 0 0 1
    outer loop
      vertex 25.9781 -19.4181 4
      vertex 22 -23 4
      vertex 25.9508 -19.6257 4
    endloop
  endfacet
  facet normal 0 0 1
    outer loop
      vertex 26 -19 4
      vertex 22 -23 4
      vertex 25.9945 -19.2094 4
    endloop
  endfacet
  facet normal 0 0 1
    outer loop
      vertex 26 -19 4
      vertex 8.93124 4.14215 4
      vertex 22 -23 4
    endloop
  endfacet
  facet normal -0 0 1
    outer loop
      vertex 8.78079 4.09757 4
      vertex 22 -23 4
      vertex 8.93124 4.14215 4
    endloop
  endfacet
  facet normal -0 0 1
    outer loop
      vertex 8.78064 4.09753 4
      vertex 22 -23 4
      vertex 8.78079 4.09757 4
    endloop
  endfacet
  facet normal -0 0 1
    outer loop
      vertex 8.62805 4.0609 4
      vertex 22 -23 4
      vertex 8.78064 4.09753 4
    endloop
  endfacet
  facet normal -0 0 1
    outer loop
      vertex 8.62789 4.06086 4
      vertex 22 -23 4
      vertex 8.62805 4.0609 4
    endloop
  endfacet
  facet normal -0 0 1
    outer loop
      vertex 8.4736 4.03228 4
      vertex 22 -23 4
      vertex 8.62789 4.06086 4
    endloop
  endfacet
  facet normal -0 0 1
    outer loop
      vertex 8.47343 4.03225 4
      vertex 22 -23 4
      vertex 8.4736 4.03228 4
    endloop
  endfacet
  facet normal -0 0 1
    outer loop
      vertex 8.47325 4.03222 4
      vertex 22 -23 4
      vertex 8.47343 4.03225 4
    endloop
  endfacet
  facet normal -0 0 1
    outer loop
      vertex 8.31768 4.01173 4
      vertex 22 -23 4
      vertex 8.47325 4.03222 4
    endloop
  endfacet
  facet normal -0 0 1
    outer loop
      vertex 8.31749 4.01172 4
      vertex 22 -23 4
      vertex 8.31768 4.01173 4
    endloop
  endfacet
  facet normal -0 0 1
    outer loop
      vertex 8.16107 3.9994 4
      vertex 22 -23 4
      vertex 8.31749 4.01172 4
    endloop
  endfacet
  facet normal -0 0 1
    outer loop
      vertex 8.16088 3.99939 4
      vertex 22 -23 4
      vertex 8.16107 3.9994 4
    endloop
  endfacet
  facet normal -0 0 1
    outer loop
      vertex 8.00401 3.99529 4
      vertex 22 -23 4
      vertex 8.16088 3.99939 4
    endloop
  endfacet
  facet normal -0 0 1
    outer loop
      vertex 8.00382 3.99529 4
      vertex 22 -23 4
      vertex 8.00401 3.99529 4
    endloop
  endfacet
  facet normal -0 0 1
    outer loop
      vertex -8.00382 3.99529 4
      vertex 22 -23 4
      vertex 8.00382 3.99529 4
    endloop
  endfacet
  facet normal 0 0 1
    outer loop
      vertex -22 -23 4
      vertex -8.00382 3.99529 4
      vertex -8.00401 3.99529 4
    endloop
  endfacet
  facet normal 0 0 1
    outer loop
      vertex -22 -23 4
      vertex -8.00401 3.99529 4
      vertex -8.16088 3.99939 4
    endloop
  endfacet
  facet normal 0 0 1
    outer loop
      vertex -22 -23 4
      vertex -8.16088 3.99939 4
      vertex -8.16107 3.9994 4
    endloop
  endfacet
  facet normal 0 0 1
    outer loop
      vertex -22 -23 4
      vertex -8.16107 3.9994 4
      vertex -8.31749 4.01172 4
    endloop
  endfacet
  facet normal 0 0 1
    outer loop
      vertex -22 -23 4
      vertex -8.31749 4.01172 4
      vertex -8.31768 4.01173 4
    endloop
  endfacet
  facet normal 0 0 1
    outer loop
      vertex -22 -23 4
      vertex -8.31768 4.01173 4
      vertex -8.47325 4.03222 4
    endloop
  endfacet
  facet normal 0 0 1
    outer loop
      vertex -22 -23 4
      vertex -8.47325 4.03222 4
      vertex -8.47343 4.03225 4
    endloop
  endfacet
  facet normal 0 0 1
    outer loop
      vertex -22 -23 4
      vertex -8.47343 4.03225 4
      vertex -8.4736 4.03228 4
    endloop
  endfacet
  facet normal 0 0 1
    outer loop
      vertex -22 -23 4
      vertex -8.4736 4.03228 4
      vertex -8.62789 4.06086 4
    endloop
  endfacet
  facet normal 0 0 1
    outer loop
      vertex -22 -23 4
      vertex -8.62789 4.06086 4
      vertex -8.62805 4.0609 4
    endloop
  endfacet
  facet normal 0 0 1
    outer loop
      vertex -22 -23 4
      vertex -8.62805 4.0609 4
      vertex -8.78064 4.09753 4
    endloop
  endfacet
  facet normal 0 0 1
    outer loop
      vertex -22 -23 4
      vertex -8.78064 4.09753 4
      vertex -8.78079 4.09757 4
    endloop
  endfacet
  facet normal 0 0 1
    outer loop
      vertex -22 -23 4
      vertex -8.78079 4.09757 4
      vertex -8.93124 4.14215 4
    endloop
  endfacet
  facet normal 0 0 1
    outer loop
      vertex -26 -19 4
      vertex -8.93124 4.14215 4
      vertex -8.93139 4.1422 4
    endloop
  endfacet
  facet normal 0 0 1
    outer loop
      vertex -26 -19 4
      vertex -8.93139 4.1422 4
      vertex -9.07931 4.19458 4
    endloop
  endfacet
  facet normal 0 0 1
    outer loop
      vertex -26 -19 4
      vertex -9.07931 4.19458 4
      vertex -9.07945 4.19463 4
    endloop
  endfacet
  facet normal 0 0 1
    outer loop
      vertex -26 -19 4
      vertex -9.07945 4.19463 4
      vertex -9.22443 4.25468 4
    endloop
  endfacet
  facet normal 0 0 1
    outer loop
      vertex -26 -19 4
      vertex -9.22443 4.25468 4
      vertex -9.22456 4.25474 4
    endloop
  endfacet
  facet normal 0 0 1
    outer loop
      vertex -26 -19 4
      vertex -9.22456 4.25474 4
      vertex -9.36618 4.32229 4
    endloop
  endfacet
  facet normal 0 0 1
    outer loop
      vertex -26 -19 4
      vertex -9.36618 4.32229 4
      vertex -9.50409 4.39716 4
    endloop
  endfacet
  facet normal 0 0 1
    outer loop
      vertex -26 -19 4
      vertex -9.50409 4.39716 4
      vertex -9.50421 4.39723 4
    endloop
  endfacet
  facet normal 0 0 1
    outer loop
      vertex -26 -19 4
      vertex -9.50421 4.39723 4
      vertex -9.638 4.47923 4
    endloop
  endfacet
  facet normal 0 0 1
    outer loop
      vertex -26 -19 4
      vertex -9.638 4.47923 4
      vertex -9.63811 4.4793 4
    endloop
  endfacet
  facet normal 0 0 1
    outer loop
      vertex -26 -19 4
      vertex -9.63811 4.4793 4
      vertex -9.76744 4.56818 4
    endloop
  endfacet
  facet normal 0 0 1
    outer loop
      vertex -26 -19 4
      vertex -9.76744 4.56818 4
      vertex -9.76754 4.56826 4
    endloop
  endfacet
  facet normal 0 0 1
    outer loop
      vertex -26 -19 4
      vertex -9.76754 4.56826 4
      vertex -9.89203 4.66379 4
    endloop
  endfacet
  facet normal 0 0 1
    outer loop
      vertex -26 -19 4
      vertex -9.89203 4.66379 4
      vertex -10.0114 4.7657 4
    endloop
  endfacet
  facet normal 0 0 1
    outer loop
      vertex -11.0037 10.9918 4
      vertex -26 19 4
      vertex -11.0037 6.99497 4
    endloop
  endfacet
  facet normal 0 0 1
    outer loop
      vertex -11.0037 6.99497 4
      vertex -26 19 4
      vertex -10.9996 6.83808 4
    endloop
  endfacet
  facet normal 0 0 1
    outer loop
      vertex -10.9996 6.83808 4
      vertex -26 19 4
      vertex -10.9996 6.83797 4
    endloop
  endfacet
  facet normal 0 0 1
    outer loop
      vertex -10.9996 6.83797 4
      vertex -26 19 4
      vertex -10.9873 6.68153 4
    endloop
  endfacet
  facet normal 0 0 1
    outer loop
      vertex -10.9873 6.68153 4
      vertex -26 19 4
      vertex -10.9872 6.68084 4
    endloop
  endfacet
  facet normal 0 0 1
    outer loop
      vertex -10.9872 6.68084 4
      vertex -26 19 4
      vertex -10.9667 6.52525 4
    endloop
  endfacet
  facet normal 0 0 1
    outer loop
      vertex -10.9667 6.52525 4
      vertex -26 19 4
      vertex -10.9667 6.52514 4
    endloop
  endfacet
  facet normal 0 0 1
    outer loop
      vertex -10.9667 6.52514 4
      vertex -26 19 4
      vertex -10.9381 6.37083 4
    endloop
  endfacet
  facet normal 0 0 1
    outer loop
      vertex -10.9381 6.37083 4
      vertex -26 19 4
      vertex -10.9015 6.21822 4
    endloop
  endfacet
  facet normal 0 0 1
    outer loop
      vertex -10.9015 6.21822 4
      vertex -26 19 4
      vertex -10.9015 6.21811 4
    endloop
  endfacet
  facet normal 0 0 1
    outer loop
      vertex -10.9015 6.21811 4
      vertex -26 19 4
      vertex -10.8569 6.06765 4
    endloop
  endfacet
  facet normal 0 0 1
    outer loop
      vertex -10.8569 6.06765 4
      vertex -26 19 4
      vertex -10.8568 6.06754 4
    endloop
  endfacet
  facet normal 0 0 1
    outer loop
      vertex -26 -19 4
      vertex -10.8568 6.06754 4
      vertex -26 19 4
    endloop
  endfacet
  facet normal 0 0 1
    outer loop
      vertex -10.8568 6.06754 4
      vertex -26 -19 4
      vertex -10.8044 5.91961 4
    endloop
  endfacet
  facet normal 0 0 1
    outer loop
      vertex -10.8044 5.91961 4
      vertex -26 -19 4
      vertex -10.7444 5.77461 4
    endloop
  endfacet
  facet normal 0 0 1
    outer loop
      vertex -10.7444 5.77461 4
      vertex -26 -19 4
      vertex -10.7443 5.77451 4
    endloop
  endfacet
  facet normal 0 0 1
    outer loop
      vertex -10.7443 5.77451 4
      vertex -26 -19 4
      vertex -10.6768 5.63287 4
    endloop
  endfacet
  facet normal 0 0 1
    outer loop
      vertex -10.6768 5.63287 4
      vertex -26 -19 4
      vertex -10.6019 5.49496 4
    endloop
  endfacet
  facet normal 0 0 1
    outer loop
      vertex -8.00382 3.99529 4
      vertex -22 -23 4
      vertex 22 -23 4
    endloop
  endfacet
  facet normal 0 0 1
    outer loop
      vertex -26 -19 4
      vertex -10.0114 4.7657 4
      vertex -10.0114 4.76578 4
    endloop
  endfacet
  facet normal 0 0 1
    outer loop
      vertex -26 -19 4
      vertex -10.0114 4.76578 4
      vertex -10.1253 4.8738 4
    endloop
  endfacet
  facet normal 0 0 1
    outer loop
      vertex -26 -19 4
      vertex -10.1253 4.8738 4
      vertex -10.1254 4.87388 4
    endloop
  endfacet
  facet normal 0 0 1
    outer loop
      vertex -26 -19 4
      vertex -10.1254 4.87388 4
      vertex -10.2334 4.98772 4
    endloop
  endfacet
  facet normal 0 0 1
    outer loop
      vertex -26 -19 4
      vertex -10.2334 4.98772 4
      vertex -10.3353 5.10705 4
    endloop
  endfacet
  facet normal 0 0 1
    outer loop
      vertex -26 -19 4
      vertex -10.3353 5.10705 4
      vertex -10.3354 5.10714 4
    endloop
  endfacet
  facet normal 0 0 1
    outer loop
      vertex -26 -19 4
      vertex -10.3354 5.10714 4
      vertex -10.4309 5.23164 4
    endloop
  endfacet
  facet normal 0 0 1
    outer loop
      vertex -26 -19 4
      vertex -10.4309 5.23164 4
      vertex -10.5198 5.36097 4
    endloop
  endfacet
  facet normal 0 0 1
    outer loop
      vertex -26 -19 4
      vertex -10.5198 5.36097 4
      vertex -10.5199 5.36106 4
    endloop
  endfacet
  facet normal 0 0 1
    outer loop
      vertex -10.6019 5.49496 4
      vertex -26 -19 4
      vertex -10.6019 5.49486 4
    endloop
  endfacet
  facet normal 0 0 1
    outer loop
      vertex -26 19 4
      vertex -22 23 4
      vertex -22.2094 22.9945 4
    endloop
  endfacet
  facet normal 0 0 1
    outer loop
      vertex -10.6019 5.49486 4
      vertex -26 -19 4
      vertex -10.5199 5.36106 4
    endloop
  endfacet
  facet normal 0 0 1
    outer loop
      vertex -26 19 4
      vertex -22.2094 22.9945 4
      vertex -22.4181 22.9781 4
    endloop
  endfacet
  facet normal 0 0 1
    outer loop
      vertex -8.93124 4.14215 4
      vertex -26 -19 4
      vertex -22 -23 4
    endloop
  endfacet
  facet normal 0 0 1
    outer loop
      vertex -26 19 4
      vertex -22.4181 22.9781 4
      vertex -22.6257 22.9508 4
    endloop
  endfacet
  facet normal 0 0 1
    outer loop
      vertex -22 -23 4
      vertex -26 -19 4
      vertex -22.2094 -22.9945 4
    endloop
  endfacet
  facet normal 0 0 1
    outer loop
      vertex -26 19 4
      vertex -22.6257 22.9508 4
      vertex -22.8316 22.9126 4
    endloop
  endfacet
  facet normal 0 0 1
    outer loop
      vertex -22.2094 -22.9945 4
      vertex -26 -19 4
      vertex -22.4181 -22.9781 4
    endloop
  endfacet
  facet normal 0 0 1
    outer loop
      vertex -26 19 4
      vertex -22.8316 22.9126 4
      vertex -23.0353 22.8637 4
    endloop
  endfacet
  facet normal 0 0 1
    outer loop
      vertex -22.4181 -22.9781 4
      vertex -26 -19 4
      vertex -22.6257 -22.9508 4
    endloop
  endfacet
  facet normal 0 0 1
    outer loop
      vertex -26 19 4
      vertex -23.0353 22.8637 4
      vertex -23.2361 22.8042 4
    endloop
  endfacet
  facet normal 0 0 1
    outer loop
      vertex -22.6257 -22.9508 4
      vertex -26 -19 4
      vertex -22.8316 -22.9126 4
    endloop
  endfacet
  facet normal 0 0 1
    outer loop
      vertex -26 19 4
      vertex -23.2361 22.8042 4
      vertex -23.4335 22.7343 4
    endloop
  endfacet
  facet normal 0 0 1
    outer loop
      vertex -22.8316 -22.9126 4
      vertex -26 -19 4
      vertex -23.0353 -22.8637 4
    endloop
  endfacet
  facet normal 0 0 1
    outer loop
      vertex -26 19 4
      vertex -23.4335 22.7343 4
      vertex -23.627 22.6542 4
    endloop
  endfacet
  facet normal 0 0 1
    outer loop
      vertex -23.0353 -22.8637 4
      vertex -26 -19 4
      vertex -23.2361 -22.8042 4
    endloop
  endfacet
  facet normal 0 0 1
    outer loop
      vertex -26 19 4
      vertex -23.627 22.6542 4
      vertex -23.816 22.564 4
    endloop
  endfacet
  facet normal 0 0 1
    outer loop
      vertex -23.2361 -22.8042 4
      vertex -26 -19 4
      vertex -23.4335 -22.7343 4
    endloop
  endfacet
  facet normal 0 0 1
    outer loop
      vertex -26 19 4
      vertex -23.816 22.564 4
      vertex -24 22.4641 4
    endloop
  endfacet
  facet normal 0 0 1
    outer loop
      vertex -23.4335 -22.7343 4
      vertex -26 -19 4
      vertex -23.627 -22.6542 4
    endloop
  endfacet
  facet normal 0 0 1
    outer loop
      vertex -26 19 4
      vertex -24 22.4641 4
      vertex -24.1786 22.3547 4
    endloop
  endfacet
  facet normal 0 0 1
    outer loop
      vertex -23.627 -22.6542 4
      vertex -26 -19 4
      vertex -23.816 -22.564 4
    endloop
  endfacet
  facet normal 0 0 1
    outer loop
      vertex -26 19 4
      vertex -24.1786 22.3547 4
      vertex -24.3511 22.2361 4
    endloop
  endfacet
  facet normal 0 0 1
    outer loop
      vertex -23.816 -22.564 4
      vertex -26 -19 4
      vertex -24 -22.4641 4
    endloop
  endfacet
  facet normal 0 0 1
    outer loop
      vertex -26 19 4
      vertex -24.3511 22.2361 4
      vertex -24.5173 22.1086 4
    endloop
  endfacet
  facet normal 0 0 1
    outer loop
      vertex -24 -22.4641 4
      vertex -26 -19 4
      vertex -24.1786 -22.3547 4
    endloop
  endfacet
  facet normal 0 0 1
    outer loop
      vertex -26 19 4
      vertex -24.5173 22.1086 4
      vertex -24.6765 21.9726 4
    endloop
  endfacet
  facet normal 0 0 1
    outer loop
      vertex -24.1786 -22.3547 4
      vertex -26 -19 4
      vertex -24.3511 -22.2361 4
    endloop
  endfacet
  facet normal 0 0 1
    outer loop
      vertex -26 19 4
      vertex -24.6765 21.9726 4
      vertex -24.8284 21.8284 4
    endloop
  endfacet
  facet normal 0 0 1
    outer loop
      vertex -24.3511 -22.2361 4
      vertex -26 -19 4
      vertex -24.5173 -22.1086 4
    endloop
  endfacet
  facet normal 0 0 1
    outer loop
      vertex -26 19 4
      vertex -24.8284 21.8284 4
      vertex -24.9726 21.6765 4
    endloop
  endfacet
  facet normal 0 0 1
    outer loop
      vertex -24.5173 -22.1086 4
      vertex -26 -19 4
      vertex -24.6765 -21.9726 4
    endloop
  endfacet
  facet normal 0 0 1
    outer loop
      vertex -26 19 4
      vertex -24.9726 21.6765 4
      vertex -25.1086 21.5173 4
    endloop
  endfacet
  facet normal 0 0 1
    outer loop
      vertex -24.6765 -21.9726 4
      vertex -26 -19 4
      vertex -24.8284 -21.8284 4
    endloop
  endfacet
  facet normal 0 0 1
    outer loop
      vertex -26 19 4
      vertex -25.1086 21.5173 4
      vertex -25.2361 21.3511 4
    endloop
  endfacet
  facet normal 0 0 1
    outer loop
      vertex -24.8284 -21.8284 4
      vertex -26 -19 4
      vertex -24.9726 -21.6765 4
    endloop
  endfacet
  facet normal 0 0 1
    outer loop
      vertex -26 19 4
      vertex -25.2361 21.3511 4
      vertex -25.3547 21.1786 4
    endloop
  endfacet
  facet normal 0 0 1
    outer loop
      vertex -24.9726 -21.6765 4
      vertex -26 -19 4
      vertex -25.1086 -21.5173 4
    endloop
  endfacet
  facet normal 0 0 1
    outer loop
      vertex -26 19 4
      vertex -25.3547 21.1786 4
      vertex -25.4641 21 4
    endloop
  endfacet
  facet normal 0 0 1
    outer loop
      vertex -25.1086 -21.5173 4
      vertex -26 -19 4
      vertex -25.2361 -21.3511 4
    endloop
  endfacet
  facet normal 0 0 1
    outer loop
      vertex -26 19 4
      vertex -25.4641 21 4
      vertex -25.564 20.816 4
    endloop
  endfacet
  facet normal 0 0 1
    outer loop
      vertex -25.2361 -21.3511 4
      vertex -26 -19 4
      vertex -25.3547 -21.1786 4
    endloop
  endfacet
  facet normal 0 0 1
    outer loop
      vertex -26 19 4
      vertex -25.564 20.816 4
      vertex -25.6542 20.627 4
    endloop
  endfacet
  facet normal 0 0 1
    outer loop
      vertex -25.3547 -21.1786 4
      vertex -26 -19 4
      vertex -25.4641 -21 4
    endloop
  endfacet
  facet normal 0 0 1
    outer loop
      vertex -26 19 4
      vertex -25.6542 20.627 4
      vertex -25.7343 20.4335 4
    endloop
  endfacet
  facet normal 0 0 1
    outer loop
      vertex -25.4641 -21 4
      vertex -26 -19 4
      vertex -25.564 -20.816 4
    endloop
  endfacet
  facet normal 0 0 1
    outer loop
      vertex -26 19 4
      vertex -25.7343 20.4335 4
      vertex -25.8042 20.2361 4
    endloop
  endfacet
  facet normal 0 0 1
    outer loop
      vertex -25.564 -20.816 4
      vertex -26 -19 4
      vertex -25.6542 -20.627 4
    endloop
  endfacet
  facet normal 0 0 1
    outer loop
      vertex -26 19 4
      vertex -25.8042 20.2361 4
      vertex -25.8637 20.0353 4
    endloop
  endfacet
  facet normal 0 0 1
    outer loop
      vertex -25.6542 -20.627 4
      vertex -26 -19 4
      vertex -25.7343 -20.4335 4
    endloop
  endfacet
  facet normal 0 0 1
    outer loop
      vertex -26 19 4
      vertex -25.8637 20.0353 4
      vertex -25.9126 19.8316 4
    endloop
  endfacet
  facet normal 0 0 1
    outer loop
      vertex -25.7343 -20.4335 4
      vertex -26 -19 4
      vertex -25.8042 -20.2361 4
    endloop
  endfacet
  facet normal 0 0 1
    outer loop
      vertex -26 19 4
      vertex -25.9126 19.8316 4
      vertex -25.9508 19.6257 4
    endloop
  endfacet
  facet normal 0 0 1
    outer loop
      vertex -25.8042 -20.2361 4
      vertex -26 -19 4
      vertex -25.8637 -20.0353 4
    endloop
  endfacet
  facet normal 0 0 1
    outer loop
      vertex -26 19 4
      vertex -25.9508 19.6257 4
      vertex -25.9781 19.4181 4
    endloop
  endfacet
  facet normal 0 0 1
    outer loop
      vertex -25.8637 -20.0353 4
      vertex -26 -19 4
      vertex -25.9126 -19.8316 4
    endloop
  endfacet
  facet normal 0 0 1
    outer loop
      vertex -26 19 4
      vertex -25.9781 19.4181 4
      vertex -25.9945 19.2094 4
    endloop
  endfacet
  facet normal 0 0 1
    outer loop
      vertex -25.9126 -19.8316 4
      vertex -26 -19 4
      vertex -25.9508 -19.6257 4
    endloop
  endfacet
  facet normal 0 0 1
    outer loop
      vertex -25.9508 -19.6257 4
      vertex -26 -19 4
      vertex -25.9781 -19.4181 4
    endloop
  endfacet
  facet normal 0 0 1
    outer loop
      vertex -25.9781 -19.4181 4
      vertex -26 -19 4
      vertex -25.9945 -19.2094 4
    endloop
  endfacet
  facet normal 0.13038 -0.991464 0
    outer loop
      vertex 22.4181 -22.9781 0
      vertex 22.6257 -22.9508 4
      vertex 22.4181 -22.9781 4
    endloop
  endfacet
  facet normal 0.13038 -0.991464 0
    outer loop
      vertex 22.6257 -22.9508 4
      vertex 22.4181 -22.9781 0
      vertex 22.6257 -22.9508 0
    endloop
  endfacet
  facet normal -0.382478 0.923964 0
    outer loop
      vertex -23.4335 22.7343 0
      vertex -23.627 22.6542 4
      vertex -23.4335 22.7343 4
    endloop
  endfacet
  facet normal -0.382478 0.923964 0
    outer loop
      vertex -23.627 22.6542 4
      vertex -23.4335 22.7343 0
      vertex -23.627 22.6542 0
    endloop
  endfacet
  facet normal -0.430712 0.902489 0
    outer loop
      vertex -23.627 22.6542 0
      vertex -23.816 22.564 4
      vertex -23.627 22.6542 4
    endloop
  endfacet
  facet normal -0.430712 0.902489 0
    outer loop
      vertex -23.816 22.564 4
      vertex -23.627 22.6542 0
      vertex -23.816 22.564 0
    endloop
  endfacet
  facet normal 0.72525 0.688486 0
    outer loop
      vertex 24.9726 21.6765 4
      vertex 24.8284 21.8284 0
      vertex 24.8284 21.8284 4
    endloop
  endfacet
  facet normal 0.72525 0.688486 0
    outer loop
      vertex 24.8284 21.8284 0
      vertex 24.9726 21.6765 4
      vertex 24.9726 21.6765 0
    endloop
  endfacet
  facet normal 0.942646 0.333794 0
    outer loop
      vertex 25.8042 20.2361 4
      vertex 25.7343 20.4335 0
      vertex 25.7343 20.4335 4
    endloop
  endfacet
  facet normal 0.942646 0.333794 0
    outer loop
      vertex 25.7343 20.4335 0
      vertex 25.8042 20.2361 4
      vertex 25.8042 20.2361 0
    endloop
  endfacet
  facet normal 0.760334 0.649532 0
    outer loop
      vertex 25.1086 21.5173 4
      vertex 24.9726 21.6765 0
      vertex 24.9726 21.6765 4
    endloop
  endfacet
  facet normal 0.760334 0.649532 0
    outer loop
      vertex 24.9726 21.6765 0
      vertex 25.1086 21.5173 4
      vertex 25.1086 21.5173 0
    endloop
  endfacet
  facet normal 0.991464 0.13038 0
    outer loop
      vertex 25.9781 19.4181 4
      vertex 25.9508 19.6257 0
      vertex 25.9508 19.6257 4
    endloop
  endfacet
  facet normal 0.991464 0.13038 0
    outer loop
      vertex 25.9508 19.6257 0
      vertex 25.9781 19.4181 4
      vertex 25.9781 19.4181 0
    endloop
  endfacet
  facet normal 0.824028 -0.566549 0
    outer loop
      vertex 25.2361 -21.3511 4
      vertex 25.3547 -21.1786 0
      vertex 25.3547 -21.1786 4
    endloop
  endfacet
  facet normal 0.824028 -0.566549 0
    outer loop
      vertex 25.3547 -21.1786 0
      vertex 25.2361 -21.3511 4
      vertex 25.2361 -21.3511 0
    endloop
  endfacet
  facet normal 0.983222 -0.182414 0
    outer loop
      vertex 25.9126 -19.8316 4
      vertex 25.9508 -19.6257 0
      vertex 25.9508 -19.6257 4
    endloop
  endfacet
  facet normal 0.983222 -0.182414 0
    outer loop
      vertex 25.9508 -19.6257 0
      vertex 25.9126 -19.8316 4
      vertex 25.9126 -19.8316 0
    endloop
  endfacet
  facet normal 0.13038 0.991464 -0
    outer loop
      vertex 22.6257 22.9508 0
      vertex 22.4181 22.9781 4
      vertex 22.6257 22.9508 4
    endloop
  endfacet
  facet normal 0.13038 0.991464 0
    outer loop
      vertex 22.4181 22.9781 4
      vertex 22.6257 22.9508 0
      vertex 22.4181 22.9781 0
    endloop
  endfacet
  facet normal 0.852738 0.522338 0
    outer loop
      vertex 25.4641 21 4
      vertex 25.3547 21.1786 0
      vertex 25.3547 21.1786 4
    endloop
  endfacet
  facet normal 0.852738 0.522338 0
    outer loop
      vertex 25.3547 21.1786 0
      vertex 25.4641 21 4
      vertex 25.4641 21 0
    endloop
  endfacet
  facet normal 0.182414 0.983222 -0
    outer loop
      vertex 22.8316 22.9126 0
      vertex 22.6257 22.9508 4
      vertex 22.8316 22.9126 4
    endloop
  endfacet
  facet normal 0.182414 0.983222 0
    outer loop
      vertex 22.6257 22.9508 4
      vertex 22.8316 22.9126 0
      vertex 22.6257 22.9508 0
    endloop
  endfacet
  facet normal 0.333794 -0.942646 0
    outer loop
      vertex 23.2361 -22.8042 0
      vertex 23.4335 -22.7343 4
      vertex 23.2361 -22.8042 4
    endloop
  endfacet
  facet normal 0.333794 -0.942646 0
    outer loop
      vertex 23.4335 -22.7343 4
      vertex 23.2361 -22.8042 0
      vertex 23.4335 -22.7343 0
    endloop
  endfacet
  facet normal 0 0 -1
    outer loop
      vertex 26 -19 0
      vertex 21.9973 -17.1047 0
      vertex 22 -17 0
    endloop
  endfacet
  facet normal 0 0 -1
    outer loop
      vertex 22.2094 -22.9945 0
      vertex 21.989 -17.2091 0
      vertex 21.9973 -17.1047 0
    endloop
  endfacet
  facet normal 0 0 -1
    outer loop
      vertex 22.2094 -22.9945 0
      vertex 21.9754 -17.3129 0
      vertex 21.989 -17.2091 0
    endloop
  endfacet
  facet normal 0 0 -1
    outer loop
      vertex 22.2094 -22.9945 0
      vertex 21.9563 -17.4158 0
      vertex 21.9754 -17.3129 0
    endloop
  endfacet
  facet normal 0 0 -1
    outer loop
      vertex 22.2094 -22.9945 0
      vertex 21.9319 -17.5176 0
      vertex 21.9563 -17.4158 0
    endloop
  endfacet
  facet normal 0 0 -1
    outer loop
      vertex 22.2094 -22.9945 0
      vertex 21.9021 -17.618 0
      vertex 21.9319 -17.5176 0
    endloop
  endfacet
  facet normal 0 0 -1
    outer loop
      vertex 22.2094 -22.9945 0
      vertex 21.8672 -17.7167 0
      vertex 21.9021 -17.618 0
    endloop
  endfacet
  facet normal 0 0 -1
    outer loop
      vertex 22.2094 -22.9945 0
      vertex 21.8271 -17.8135 0
      vertex 21.8672 -17.7167 0
    endloop
  endfacet
  facet normal 0 0 -1
    outer loop
      vertex 22.2094 -22.9945 0
      vertex 21.782 -17.908 0
      vertex 21.8271 -17.8135 0
    endloop
  endfacet
  facet normal 0 0 -1
    outer loop
      vertex 22.2094 -22.9945 0
      vertex 21.7321 -18 0
      vertex 21.782 -17.908 0
    endloop
  endfacet
  facet normal 0 0 -1
    outer loop
      vertex 22.2094 -22.9945 0
      vertex 21.6773 -18.0893 0
      vertex 21.7321 -18 0
    endloop
  endfacet
  facet normal 0 0 -1
    outer loop
      vertex 22.2094 -22.9945 0
      vertex 21.618 -18.1756 0
      vertex 21.6773 -18.0893 0
    endloop
  endfacet
  facet normal 0 0 -1
    outer loop
      vertex 22.2094 -22.9945 0
      vertex 21.5543 -18.2586 0
      vertex 21.618 -18.1756 0
    endloop
  endfacet
  facet normal 0 0 -1
    outer loop
      vertex 22.2094 -22.9945 0
      vertex 21.4863 -18.3383 0
      vertex 21.5543 -18.2586 0
    endloop
  endfacet
  facet normal 0 0 -1
    outer loop
      vertex 22.2094 -22.9945 0
      vertex 21.4142 -18.4142 0
      vertex 21.4863 -18.3383 0
    endloop
  endfacet
  facet normal 0 0 -1
    outer loop
      vertex 22.2094 -22.9945 0
      vertex 21.3383 -18.4863 0
      vertex 21.4142 -18.4142 0
    endloop
  endfacet
  facet normal 0 0 -1
    outer loop
      vertex 22.2094 -22.9945 0
      vertex 21.2586 -18.5543 0
      vertex 21.3383 -18.4863 0
    endloop
  endfacet
  facet normal 0 0 -1
    outer loop
      vertex 22.2094 -22.9945 0
      vertex 21.1756 -18.618 0
      vertex 21.2586 -18.5543 0
    endloop
  endfacet
  facet normal 0 0 -1
    outer loop
      vertex 22.2094 -22.9945 0
      vertex 21.0893 -18.6773 0
      vertex 21.1756 -18.618 0
    endloop
  endfacet
  facet normal 0 0 -1
    outer loop
      vertex 22.2094 -22.9945 0
      vertex 21 -18.7321 0
      vertex 21.0893 -18.6773 0
    endloop
  endfacet
  facet normal 0 0 -1
    outer loop
      vertex 22 -23 0
      vertex 20.908 -18.782 0
      vertex 21 -18.7321 0
    endloop
  endfacet
  facet normal 0 0 -1
    outer loop
      vertex 22 -23 0
      vertex 20.8135 -18.8271 0
      vertex 20.908 -18.782 0
    endloop
  endfacet
  facet normal 0 0 -1
    outer loop
      vertex 22 -23 0
      vertex 20.7167 -18.8672 0
      vertex 20.8135 -18.8271 0
    endloop
  endfacet
  facet normal 0 0 -1
    outer loop
      vertex 22 -23 0
      vertex 20.618 -18.9021 0
      vertex 20.7167 -18.8672 0
    endloop
  endfacet
  facet normal 0 0 -1
    outer loop
      vertex 22 -23 0
      vertex 20.5176 -18.9319 0
      vertex 20.618 -18.9021 0
    endloop
  endfacet
  facet normal 0 0 -1
    outer loop
      vertex 22 -23 0
      vertex 20.4158 -18.9563 0
      vertex 20.5176 -18.9319 0
    endloop
  endfacet
  facet normal 0 0 -1
    outer loop
      vertex 22 -23 0
      vertex 20.3129 -18.9754 0
      vertex 20.4158 -18.9563 0
    endloop
  endfacet
  facet normal 0 0 -1
    outer loop
      vertex 22 -23 0
      vertex 20.2091 -18.989 0
      vertex 20.3129 -18.9754 0
    endloop
  endfacet
  facet normal 0 0 -1
    outer loop
      vertex 22 -23 0
      vertex 20.1047 -18.9973 0
      vertex 20.2091 -18.989 0
    endloop
  endfacet
  facet normal 0 0 -1
    outer loop
      vertex 22 -23 0
      vertex 20 -19 0
      vertex 20.1047 -18.9973 0
    endloop
  endfacet
  facet normal 0 0 -1
    outer loop
      vertex 22 -23 0
      vertex -20 -19 0
      vertex 20 -19 0
    endloop
  endfacet
  facet normal 0 0 -1
    outer loop
      vertex -22 -23 0
      vertex -20 -19 0
      vertex 22 -23 0
    endloop
  endfacet
  facet normal -0 0 -1
    outer loop
      vertex -20 -19 0
      vertex -22 -23 0
      vertex -20.1047 -18.9973 0
    endloop
  endfacet
  facet normal -0 0 -1
    outer loop
      vertex -20.1047 -18.9973 0
      vertex -22 -23 0
      vertex -20.2091 -18.989 0
    endloop
  endfacet
  facet normal 0 0 -1
    outer loop
      vertex -22 -23 0
      vertex -20.3129 -18.9754 0
      vertex -20.2091 -18.989 0
    endloop
  endfacet
  facet normal 0 0 -1
    outer loop
      vertex -22 -23 0
      vertex -20.4158 -18.9563 0
      vertex -20.3129 -18.9754 0
    endloop
  endfacet
  facet normal 0 0 -1
    outer loop
      vertex -22 -23 0
      vertex -20.5176 -18.9319 0
      vertex -20.4158 -18.9563 0
    endloop
  endfacet
  facet normal 0 0 -1
    outer loop
      vertex -22 -23 0
      vertex -20.618 -18.9021 0
      vertex -20.5176 -18.9319 0
    endloop
  endfacet
  facet normal 0 0 -1
    outer loop
      vertex -22 -23 0
      vertex -20.7167 -18.8672 0
      vertex -20.618 -18.9021 0
    endloop
  endfacet
  facet normal 0 0 -1
    outer loop
      vertex -22 -23 0
      vertex -20.8135 -18.8271 0
      vertex -20.7167 -18.8672 0
    endloop
  endfacet
  facet normal 0 0 -1
    outer loop
      vertex -22 -23 0
      vertex -20.908 -18.782 0
      vertex -20.8135 -18.8271 0
    endloop
  endfacet
  facet normal 0 0 -1
    outer loop
      vertex -22 -23 0
      vertex -21 -18.7321 0
      vertex -20.908 -18.782 0
    endloop
  endfacet
  facet normal 0 0 -1
    outer loop
      vertex -22.2094 -22.9945 0
      vertex -21 -18.7321 0
      vertex -22 -23 0
    endloop
  endfacet
  facet normal 0 0 -1
    outer loop
      vertex -22.4181 -22.9781 0
      vertex -21 -18.7321 0
      vertex -22.2094 -22.9945 0
    endloop
  endfacet
  facet normal 0 0 -1
    outer loop
      vertex -22.6257 -22.9508 0
      vertex -21 -18.7321 0
      vertex -22.4181 -22.9781 0
    endloop
  endfacet
  facet normal -0 0 -1
    outer loop
      vertex -21 -18.7321 0
      vertex -22.6257 -22.9508 0
      vertex -21.0893 -18.6773 0
    endloop
  endfacet
  facet normal 0 0 -1
    outer loop
      vertex -22.8316 -22.9126 0
      vertex -21.0893 -18.6773 0
      vertex -22.6257 -22.9508 0
    endloop
  endfacet
  facet normal 0 0 -1
    outer loop
      vertex -23.0353 -22.8637 0
      vertex -21.0893 -18.6773 0
      vertex -22.8316 -22.9126 0
    endloop
  endfacet
  facet normal -0 0 -1
    outer loop
      vertex -21.0893 -18.6773 0
      vertex -23.0353 -22.8637 0
      vertex -21.1756 -18.618 0
    endloop
  endfacet
  facet normal 0 0 -1
    outer loop
      vertex -23.2361 -22.8042 0
      vertex -21.1756 -18.618 0
      vertex -23.0353 -22.8637 0
    endloop
  endfacet
  facet normal 0 0 -1
    outer loop
      vertex -23.4335 -22.7343 0
      vertex -21.1756 -18.618 0
      vertex -23.2361 -22.8042 0
    endloop
  endfacet
  facet normal 0 0 -1
    outer loop
      vertex -23.627 -22.6542 0
      vertex -21.1756 -18.618 0
      vertex -23.4335 -22.7343 0
    endloop
  endfacet
  facet normal -0 0 -1
    outer loop
      vertex -21.1756 -18.618 0
      vertex -23.627 -22.6542 0
      vertex -21.2586 -18.5543 0
    endloop
  endfacet
  facet normal 0 0 -1
    outer loop
      vertex -23.816 -22.564 0
      vertex -21.2586 -18.5543 0
      vertex -23.627 -22.6542 0
    endloop
  endfacet
  facet normal 0 0 -1
    outer loop
      vertex -24 -22.4641 0
      vertex -21.2586 -18.5543 0
      vertex -23.816 -22.564 0
    endloop
  endfacet
  facet normal 0 0 -1
    outer loop
      vertex -24.1786 -22.3547 0
      vertex -21.2586 -18.5543 0
      vertex -24 -22.4641 0
    endloop
  endfacet
  facet normal -0 0 -1
    outer loop
      vertex -21.2586 -18.5543 0
      vertex -24.1786 -22.3547 0
      vertex -21.3383 -18.4863 0
    endloop
  endfacet
  facet normal 0 0 -1
    outer loop
      vertex -24.3511 -22.2361 0
      vertex -21.3383 -18.4863 0
      vertex -24.1786 -22.3547 0
    endloop
  endfacet
  facet normal 0 0 -1
    outer loop
      vertex -24.5173 -22.1086 0
      vertex -21.3383 -18.4863 0
      vertex -24.3511 -22.2361 0
    endloop
  endfacet
  facet normal -0 0 -1
    outer loop
      vertex -21.3383 -18.4863 0
      vertex -24.5173 -22.1086 0
      vertex -21.4142 -18.4142 0
    endloop
  endfacet
  facet normal 0 0 -1
    outer loop
      vertex -24.6765 -21.9726 0
      vertex -21.4142 -18.4142 0
      vertex -24.5173 -22.1086 0
    endloop
  endfacet
  facet normal 0 0 -1
    outer loop
      vertex -24.8284 -21.8284 0
      vertex -21.4142 -18.4142 0
      vertex -24.6765 -21.9726 0
    endloop
  endfacet
  facet normal 0 0 -1
    outer loop
      vertex -24.9726 -21.6765 0
      vertex -21.4142 -18.4142 0
      vertex -24.8284 -21.8284 0
    endloop
  endfacet
  facet normal -0 0 -1
    outer loop
      vertex -22 -17 0
      vertex -26 -19 0
      vertex -22 17 0
    endloop
  endfacet
  facet normal -0 0 -1
    outer loop
      vertex -21.4142 -18.4142 0
      vertex -24.9726 -21.6765 0
      vertex -21.4863 -18.3383 0
    endloop
  endfacet
  facet normal 0 0 -1
    outer loop
      vertex -26 19 0
      vertex -22 17 0
      vertex -26 -19 0
    endloop
  endfacet
  facet normal 0 0 -1
    outer loop
      vertex -25.1086 -21.5173 0
      vertex -21.4863 -18.3383 0
      vertex -24.9726 -21.6765 0
    endloop
  endfacet
  facet normal 0 -0 -1
    outer loop
      vertex -25.9945 19.2094 0
      vertex -22 17 0
      vertex -26 19 0
    endloop
  endfacet
  facet normal 0 0 -1
    outer loop
      vertex -25.2361 -21.3511 0
      vertex -21.4863 -18.3383 0
      vertex -25.1086 -21.5173 0
    endloop
  endfacet
  facet normal 0 0 -1
    outer loop
      vertex -22 17 0
      vertex -22.2094 22.9945 0
      vertex -22 23 0
    endloop
  endfacet
  facet normal 0 0 -1
    outer loop
      vertex -25.3547 -21.1786 0
      vertex -21.4863 -18.3383 0
      vertex -25.2361 -21.3511 0
    endloop
  endfacet
  facet normal 0 0 -1
    outer loop
      vertex -22 17 0
      vertex -22.4181 22.9781 0
      vertex -22.2094 22.9945 0
    endloop
  endfacet
  facet normal -0 0 -1
    outer loop
      vertex -21.4863 -18.3383 0
      vertex -25.3547 -21.1786 0
      vertex -21.5543 -18.2586 0
    endloop
  endfacet
  facet normal 0 0 -1
    outer loop
      vertex -22 17 0
      vertex -22.6257 22.9508 0
      vertex -22.4181 22.9781 0
    endloop
  endfacet
  facet normal 0 0 -1
    outer loop
      vertex -25.4641 -21 0
      vertex -21.5543 -18.2586 0
      vertex -25.3547 -21.1786 0
    endloop
  endfacet
  facet normal 0 0 -1
    outer loop
      vertex -22 17 0
      vertex -22.8316 22.9126 0
      vertex -22.6257 22.9508 0
    endloop
  endfacet
  facet normal 0 0 -1
    outer loop
      vertex -25.564 -20.816 0
      vertex -21.5543 -18.2586 0
      vertex -25.4641 -21 0
    endloop
  endfacet
  facet normal 0 0 -1
    outer loop
      vertex -22 17 0
      vertex -23.0353 22.8637 0
      vertex -22.8316 22.9126 0
    endloop
  endfacet
  facet normal 0 0 -1
    outer loop
      vertex -25.6542 -20.627 0
      vertex -21.5543 -18.2586 0
      vertex -25.564 -20.816 0
    endloop
  endfacet
  facet normal 0 0 -1
    outer loop
      vertex -22 17 0
      vertex -23.2361 22.8042 0
      vertex -23.0353 22.8637 0
    endloop
  endfacet
  facet normal -0 0 -1
    outer loop
      vertex -21.5543 -18.2586 0
      vertex -25.6542 -20.627 0
      vertex -21.618 -18.1756 0
    endloop
  endfacet
  facet normal 0 0 -1
    outer loop
      vertex -22 17 0
      vertex -23.4335 22.7343 0
      vertex -23.2361 22.8042 0
    endloop
  endfacet
  facet normal 0 0 -1
    outer loop
      vertex -25.7343 -20.4335 0
      vertex -21.618 -18.1756 0
      vertex -25.6542 -20.627 0
    endloop
  endfacet
  facet normal 0 0 -1
    outer loop
      vertex -22 17 0
      vertex -23.627 22.6542 0
      vertex -23.4335 22.7343 0
    endloop
  endfacet
  facet normal 0 0 -1
    outer loop
      vertex -25.8042 -20.2361 0
      vertex -21.618 -18.1756 0
      vertex -25.7343 -20.4335 0
    endloop
  endfacet
  facet normal 0 0 -1
    outer loop
      vertex -22 17 0
      vertex -23.816 22.564 0
      vertex -23.627 22.6542 0
    endloop
  endfacet
  facet normal -0 0 -1
    outer loop
      vertex -21.618 -18.1756 0
      vertex -25.8042 -20.2361 0
      vertex -21.6773 -18.0893 0
    endloop
  endfacet
  facet normal 0 0 -1
    outer loop
      vertex -22 17 0
      vertex -24 22.4641 0
      vertex -23.816 22.564 0
    endloop
  endfacet
  facet normal 0 0 -1
    outer loop
      vertex -25.8637 -20.0353 0
      vertex -21.6773 -18.0893 0
      vertex -25.8042 -20.2361 0
    endloop
  endfacet
  facet normal 0 0 -1
    outer loop
      vertex -22 17 0
      vertex -24.1786 22.3547 0
      vertex -24 22.4641 0
    endloop
  endfacet
  facet normal 0 0 -1
    outer loop
      vertex -25.9126 -19.8316 0
      vertex -21.6773 -18.0893 0
      vertex -25.8637 -20.0353 0
    endloop
  endfacet
  facet normal 0 0 -1
    outer loop
      vertex -22 17 0
      vertex -24.3511 22.2361 0
      vertex -24.1786 22.3547 0
    endloop
  endfacet
  facet normal 0 0 -1
    outer loop
      vertex -25.9508 -19.6257 0
      vertex -21.6773 -18.0893 0
      vertex -25.9126 -19.8316 0
    endloop
  endfacet
  facet normal 0 0 -1
    outer loop
      vertex -22 17 0
      vertex -24.5173 22.1086 0
      vertex -24.3511 22.2361 0
    endloop
  endfacet
  facet normal -0 0 -1
    outer loop
      vertex -21.6773 -18.0893 0
      vertex -25.9508 -19.6257 0
      vertex -21.7321 -18 0
    endloop
  endfacet
  facet normal 0 0 -1
    outer loop
      vertex -22 17 0
      vertex -24.6765 21.9726 0
      vertex -24.5173 22.1086 0
    endloop
  endfacet
  facet normal 0 0 -1
    outer loop
      vertex -25.9781 -19.4181 0
      vertex -21.7321 -18 0
      vertex -25.9508 -19.6257 0
    endloop
  endfacet
  facet normal 0 0 -1
    outer loop
      vertex -22 17 0
      vertex -24.8284 21.8284 0
      vertex -24.6765 21.9726 0
    endloop
  endfacet
  facet normal 0 0 -1
    outer loop
      vertex -25.9945 -19.2094 0
      vertex -21.7321 -18 0
      vertex -25.9781 -19.4181 0
    endloop
  endfacet
  facet normal 0 0 -1
    outer loop
      vertex -22 17 0
      vertex -24.9726 21.6765 0
      vertex -24.8284 21.8284 0
    endloop
  endfacet
  facet normal -0 0 -1
    outer loop
      vertex -21.7321 -18 0
      vertex -25.9945 -19.2094 0
      vertex -21.782 -17.908 0
    endloop
  endfacet
  facet normal 0 0 -1
    outer loop
      vertex -22 17 0
      vertex -25.1086 21.5173 0
      vertex -24.9726 21.6765 0
    endloop
  endfacet
  facet normal 0 0 -1
    outer loop
      vertex -26 -19 0
      vertex -21.782 -17.908 0
      vertex -25.9945 -19.2094 0
    endloop
  endfacet
  facet normal 0 0 -1
    outer loop
      vertex -22 17 0
      vertex -25.2361 21.3511 0
      vertex -25.1086 21.5173 0
    endloop
  endfacet
  facet normal -0 0 -1
    outer loop
      vertex -21.782 -17.908 0
      vertex -26 -19 0
      vertex -21.8271 -17.8135 0
    endloop
  endfacet
  facet normal 0 0 -1
    outer loop
      vertex -22 17 0
      vertex -25.3547 21.1786 0
      vertex -25.2361 21.3511 0
    endloop
  endfacet
  facet normal -0 0 -1
    outer loop
      vertex -21.8271 -17.8135 0
      vertex -26 -19 0
      vertex -21.8672 -17.7167 0
    endloop
  endfacet
  facet normal 0 0 -1
    outer loop
      vertex -22 17 0
      vertex -25.4641 21 0
      vertex -25.3547 21.1786 0
    endloop
  endfacet
  facet normal -0 0 -1
    outer loop
      vertex -21.8672 -17.7167 0
      vertex -26 -19 0
      vertex -21.9021 -17.618 0
    endloop
  endfacet
  facet normal 0 0 -1
    outer loop
      vertex -22 17 0
      vertex -25.564 20.816 0
      vertex -25.4641 21 0
    endloop
  endfacet
  facet normal -0 0 -1
    outer loop
      vertex -21.9021 -17.618 0
      vertex -26 -19 0
      vertex -21.9319 -17.5176 0
    endloop
  endfacet
  facet normal 0 0 -1
    outer loop
      vertex -22 17 0
      vertex -25.6542 20.627 0
      vertex -25.564 20.816 0
    endloop
  endfacet
  facet normal -0 0 -1
    outer loop
      vertex -21.9319 -17.5176 0
      vertex -26 -19 0
      vertex -21.9563 -17.4158 0
    endloop
  endfacet
  facet normal 0 0 -1
    outer loop
      vertex -22 17 0
      vertex -25.7343 20.4335 0
      vertex -25.6542 20.627 0
    endloop
  endfacet
  facet normal -0 0 -1
    outer loop
      vertex -21.9563 -17.4158 0
      vertex -26 -19 0
      vertex -21.9754 -17.3129 0
    endloop
  endfacet
  facet normal 0 0 -1
    outer loop
      vertex -22 17 0
      vertex -25.8042 20.2361 0
      vertex -25.7343 20.4335 0
    endloop
  endfacet
  facet normal -0 0 -1
    outer loop
      vertex -21.9754 -17.3129 0
      vertex -26 -19 0
      vertex -21.989 -17.2091 0
    endloop
  endfacet
  facet normal 0 0 -1
    outer loop
      vertex -22 17 0
      vertex -25.8637 20.0353 0
      vertex -25.8042 20.2361 0
    endloop
  endfacet
  facet normal -0 0 -1
    outer loop
      vertex -21.989 -17.2091 0
      vertex -26 -19 0
      vertex -21.9973 -17.1047 0
    endloop
  endfacet
  facet normal 0 0 -1
    outer loop
      vertex -22 17 0
      vertex -25.9126 19.8316 0
      vertex -25.8637 20.0353 0
    endloop
  endfacet
  facet normal -0 0 -1
    outer loop
      vertex -21.9973 -17.1047 0
      vertex -26 -19 0
      vertex -22 -17 0
    endloop
  endfacet
  facet normal 0 0 -1
    outer loop
      vertex -22 17 0
      vertex -25.9508 19.6257 0
      vertex -25.9126 19.8316 0
    endloop
  endfacet
  facet normal 0 0 -1
    outer loop
      vertex -22 17 0
      vertex -25.9781 19.4181 0
      vertex -25.9508 19.6257 0
    endloop
  endfacet
  facet normal 0 0 -1
    outer loop
      vertex -22 17 0
      vertex -25.9945 19.2094 0
      vertex -25.9781 19.4181 0
    endloop
  endfacet
  facet normal 0 0 -1
    outer loop
      vertex 21.9973 -17.1047 0
      vertex 26 -19 0
      vertex 25.9945 -19.2094 0
    endloop
  endfacet
  facet normal 0 0 -1
    outer loop
      vertex 26 -19 0
      vertex 22 -17 0
      vertex 26 19 0
    endloop
  endfacet
  facet normal 0 0 -1
    outer loop
      vertex 21.9973 -17.1047 0
      vertex 25.9945 -19.2094 0
      vertex 25.9781 -19.4181 0
    endloop
  endfacet
  facet normal 0 0 -1
    outer loop
      vertex 22 17 0
      vertex 26 19 0
      vertex 22 -17 0
    endloop
  endfacet
  facet normal 0 0 -1
    outer loop
      vertex 21.9973 -17.1047 0
      vertex 25.9781 -19.4181 0
      vertex 25.9508 -19.6257 0
    endloop
  endfacet
  facet normal 0 0 -1
    outer loop
      vertex 21.9973 17.1047 0
      vertex 26 19 0
      vertex 22 17 0
    endloop
  endfacet
  facet normal 0 0 -1
    outer loop
      vertex 21.9973 -17.1047 0
      vertex 25.9508 -19.6257 0
      vertex 25.9126 -19.8316 0
    endloop
  endfacet
  facet normal 0 0 -1
    outer loop
      vertex 21.989 17.2091 0
      vertex 26 19 0
      vertex 21.9973 17.1047 0
    endloop
  endfacet
  facet normal 0 0 -1
    outer loop
      vertex 21.9973 -17.1047 0
      vertex 25.9126 -19.8316 0
      vertex 25.8637 -20.0353 0
    endloop
  endfacet
  facet normal 0 0 -1
    outer loop
      vertex 21.9754 17.3129 0
      vertex 26 19 0
      vertex 21.989 17.2091 0
    endloop
  endfacet
  facet normal 0 0 -1
    outer loop
      vertex 21.9973 -17.1047 0
      vertex 25.8637 -20.0353 0
      vertex 25.8042 -20.2361 0
    endloop
  endfacet
  facet normal 0 0 -1
    outer loop
      vertex 21.9563 17.4158 0
      vertex 26 19 0
      vertex 21.9754 17.3129 0
    endloop
  endfacet
  facet normal 0 0 -1
    outer loop
      vertex 21.9973 -17.1047 0
      vertex 25.8042 -20.2361 0
      vertex 25.7343 -20.4335 0
    endloop
  endfacet
  facet normal 0 0 -1
    outer loop
      vertex 21.9319 17.5176 0
      vertex 26 19 0
      vertex 21.9563 17.4158 0
    endloop
  endfacet
  facet normal 0 0 -1
    outer loop
      vertex 21.9973 -17.1047 0
      vertex 25.7343 -20.4335 0
      vertex 25.6542 -20.627 0
    endloop
  endfacet
  facet normal 0 0 -1
    outer loop
      vertex 21.9021 17.618 0
      vertex 26 19 0
      vertex 21.9319 17.5176 0
    endloop
  endfacet
  facet normal 0 0 -1
    outer loop
      vertex 21.9973 -17.1047 0
      vertex 25.6542 -20.627 0
      vertex 25.564 -20.816 0
    endloop
  endfacet
  facet normal 0 0 -1
    outer loop
      vertex 21.8672 17.7167 0
      vertex 26 19 0
      vertex 21.9021 17.618 0
    endloop
  endfacet
  facet normal 0 0 -1
    outer loop
      vertex 21.9973 -17.1047 0
      vertex 25.564 -20.816 0
      vertex 25.4641 -21 0
    endloop
  endfacet
  facet normal 0 0 -1
    outer loop
      vertex 21.8271 17.8135 0
      vertex 26 19 0
      vertex 21.8672 17.7167 0
    endloop
  endfacet
  facet normal 0 0 -1
    outer loop
      vertex 21.9973 -17.1047 0
      vertex 25.4641 -21 0
      vertex 25.3547 -21.1786 0
    endloop
  endfacet
  facet normal 0 0 -1
    outer loop
      vertex 21.782 17.908 0
      vertex 26 19 0
      vertex 21.8271 17.8135 0
    endloop
  endfacet
  facet normal 0 0 -1
    outer loop
      vertex 21.9973 -17.1047 0
      vertex 25.3547 -21.1786 0
      vertex 25.2361 -21.3511 0
    endloop
  endfacet
  facet normal -0 0 -1
    outer loop
      vertex 26 19 0
      vertex 21.782 17.908 0
      vertex 25.9945 19.2094 0
    endloop
  endfacet
  facet normal 0 0 -1
    outer loop
      vertex 21.9973 -17.1047 0
      vertex 25.2361 -21.3511 0
      vertex 25.1086 -21.5173 0
    endloop
  endfacet
  facet normal 0 0 -1
    outer loop
      vertex 21.7321 18 0
      vertex 25.9945 19.2094 0
      vertex 21.782 17.908 0
    endloop
  endfacet
  facet normal 0 0 -1
    outer loop
      vertex 21.9973 -17.1047 0
      vertex 25.1086 -21.5173 0
      vertex 24.9726 -21.6765 0
    endloop
  endfacet
  facet normal -0 0 -1
    outer loop
      vertex 25.9945 19.2094 0
      vertex 21.7321 18 0
      vertex 25.9781 19.4181 0
    endloop
  endfacet
  facet normal 0 0 -1
    outer loop
      vertex 21.9973 -17.1047 0
      vertex 24.9726 -21.6765 0
      vertex 24.8284 -21.8284 0
    endloop
  endfacet
  facet normal -0 0 -1
    outer loop
      vertex 25.9781 19.4181 0
      vertex 21.7321 18 0
      vertex 25.9508 19.6257 0
    endloop
  endfacet
  facet normal 0 0 -1
    outer loop
      vertex 21.9973 -17.1047 0
      vertex 24.8284 -21.8284 0
      vertex 24.6765 -21.9726 0
    endloop
  endfacet
  facet normal 0 0 -1
    outer loop
      vertex 21.6773 18.0893 0
      vertex 25.9508 19.6257 0
      vertex 21.7321 18 0
    endloop
  endfacet
  facet normal 0 0 -1
    outer loop
      vertex 21.9973 -17.1047 0
      vertex 24.6765 -21.9726 0
      vertex 24.5173 -22.1086 0
    endloop
  endfacet
  facet normal -0 0 -1
    outer loop
      vertex 25.9508 19.6257 0
      vertex 21.6773 18.0893 0
      vertex 25.9126 19.8316 0
    endloop
  endfacet
  facet normal 0 0 -1
    outer loop
      vertex 21.9973 -17.1047 0
      vertex 24.5173 -22.1086 0
      vertex 24.3511 -22.2361 0
    endloop
  endfacet
  facet normal -0 0 -1
    outer loop
      vertex 25.9126 19.8316 0
      vertex 21.6773 18.0893 0
      vertex 25.8637 20.0353 0
    endloop
  endfacet
  facet normal 0 0 -1
    outer loop
      vertex 21.9973 -17.1047 0
      vertex 24.3511 -22.2361 0
      vertex 24.1786 -22.3547 0
    endloop
  endfacet
  facet normal -0 0 -1
    outer loop
      vertex 25.8637 20.0353 0
      vertex 21.6773 18.0893 0
      vertex 25.8042 20.2361 0
    endloop
  endfacet
  facet normal 0 0 -1
    outer loop
      vertex 21.9973 -17.1047 0
      vertex 24.1786 -22.3547 0
      vertex 24 -22.4641 0
    endloop
  endfacet
  facet normal 0 0 -1
    outer loop
      vertex 21.618 18.1756 0
      vertex 25.8042 20.2361 0
      vertex 21.6773 18.0893 0
    endloop
  endfacet
  facet normal 0 0 -1
    outer loop
      vertex 21.9973 -17.1047 0
      vertex 24 -22.4641 0
      vertex 23.816 -22.564 0
    endloop
  endfacet
  facet normal -0 0 -1
    outer loop
      vertex 25.8042 20.2361 0
      vertex 21.618 18.1756 0
      vertex 25.7343 20.4335 0
    endloop
  endfacet
  facet normal 0 0 -1
    outer loop
      vertex 21.9973 -17.1047 0
      vertex 23.816 -22.564 0
      vertex 23.627 -22.6542 0
    endloop
  endfacet
  facet normal -0 0 -1
    outer loop
      vertex 25.7343 20.4335 0
      vertex 21.618 18.1756 0
      vertex 25.6542 20.627 0
    endloop
  endfacet
  facet normal 0 0 -1
    outer loop
      vertex 21.9973 -17.1047 0
      vertex 23.627 -22.6542 0
      vertex 23.4335 -22.7343 0
    endloop
  endfacet
  facet normal 0 0 -1
    outer loop
      vertex 21.5543 18.2586 0
      vertex 25.6542 20.627 0
      vertex 21.618 18.1756 0
    endloop
  endfacet
  facet normal 0 0 -1
    outer loop
      vertex 21.9973 -17.1047 0
      vertex 23.4335 -22.7343 0
      vertex 23.2361 -22.8042 0
    endloop
  endfacet
  facet normal -0 0 -1
    outer loop
      vertex 25.6542 20.627 0
      vertex 21.5543 18.2586 0
      vertex 25.564 20.816 0
    endloop
  endfacet
  facet normal 0 0 -1
    outer loop
      vertex 21.9973 -17.1047 0
      vertex 23.2361 -22.8042 0
      vertex 23.0353 -22.8637 0
    endloop
  endfacet
  facet normal -0 0 -1
    outer loop
      vertex 25.564 20.816 0
      vertex 21.5543 18.2586 0
      vertex 25.4641 21 0
    endloop
  endfacet
  facet normal 0 0 -1
    outer loop
      vertex 21.9973 -17.1047 0
      vertex 23.0353 -22.8637 0
      vertex 22.8316 -22.9126 0
    endloop
  endfacet
  facet normal -0 0 -1
    outer loop
      vertex 25.4641 21 0
      vertex 21.5543 18.2586 0
      vertex 25.3547 21.1786 0
    endloop
  endfacet
  facet normal 0 0 -1
    outer loop
      vertex 21.9973 -17.1047 0
      vertex 22.8316 -22.9126 0
      vertex 22.6257 -22.9508 0
    endloop
  endfacet
  facet normal 0 0 -1
    outer loop
      vertex 21.4863 18.3383 0
      vertex 25.3547 21.1786 0
      vertex 21.5543 18.2586 0
    endloop
  endfacet
  facet normal 0 0 -1
    outer loop
      vertex 21.9973 -17.1047 0
      vertex 22.6257 -22.9508 0
      vertex 22.4181 -22.9781 0
    endloop
  endfacet
  facet normal -0 0 -1
    outer loop
      vertex 25.3547 21.1786 0
      vertex 21.4863 18.3383 0
      vertex 25.2361 21.3511 0
    endloop
  endfacet
  facet normal 0 0 -1
    outer loop
      vertex 21.9973 -17.1047 0
      vertex 22.4181 -22.9781 0
      vertex 22.2094 -22.9945 0
    endloop
  endfacet
  facet normal -0 0 -1
    outer loop
      vertex 25.2361 21.3511 0
      vertex 21.4863 18.3383 0
      vertex 25.1086 21.5173 0
    endloop
  endfacet
  facet normal 0 0 -1
    outer loop
      vertex 21 -18.7321 0
      vertex 22.2094 -22.9945 0
      vertex 22 -23 0
    endloop
  endfacet
  facet normal -0 0 -1
    outer loop
      vertex 25.1086 21.5173 0
      vertex 21.4863 18.3383 0
      vertex 24.9726 21.6765 0
    endloop
  endfacet
  facet normal 0 0 -1
    outer loop
      vertex 21.4142 18.4142 0
      vertex 24.9726 21.6765 0
      vertex 21.4863 18.3383 0
    endloop
  endfacet
  facet normal -0 0 -1
    outer loop
      vertex 24.9726 21.6765 0
      vertex 21.4142 18.4142 0
      vertex 24.8284 21.8284 0
    endloop
  endfacet
  facet normal -0 0 -1
    outer loop
      vertex 24.8284 21.8284 0
      vertex 21.4142 18.4142 0
      vertex 24.6765 21.9726 0
    endloop
  endfacet
  facet normal -0 0 -1
    outer loop
      vertex 24.6765 21.9726 0
      vertex 21.4142 18.4142 0
      vertex 24.5173 22.1086 0
    endloop
  endfacet
  facet normal 0 0 -1
    outer loop
      vertex 21.3383 18.4863 0
      vertex 24.5173 22.1086 0
      vertex 21.4142 18.4142 0
    endloop
  endfacet
  facet normal -0 0 -1
    outer loop
      vertex 24.5173 22.1086 0
      vertex 21.3383 18.4863 0
      vertex 24.3511 22.2361 0
    endloop
  endfacet
  facet normal -0 0 -1
    outer loop
      vertex 24.3511 22.2361 0
      vertex 21.3383 18.4863 0
      vertex 24.1786 22.3547 0
    endloop
  endfacet
  facet normal 0 0 -1
    outer loop
      vertex 21.2586 18.5543 0
      vertex 24.1786 22.3547 0
      vertex 21.3383 18.4863 0
    endloop
  endfacet
  facet normal -0 0 -1
    outer loop
      vertex 24.1786 22.3547 0
      vertex 21.2586 18.5543 0
      vertex 24 22.4641 0
    endloop
  endfacet
  facet normal -0 0 -1
    outer loop
      vertex 24 22.4641 0
      vertex 21.2586 18.5543 0
      vertex 23.816 22.564 0
    endloop
  endfacet
  facet normal -0 0 -1
    outer loop
      vertex 23.816 22.564 0
      vertex 21.2586 18.5543 0
      vertex 23.627 22.6542 0
    endloop
  endfacet
  facet normal 0 0 -1
    outer loop
      vertex 21.1756 18.618 0
      vertex 23.627 22.6542 0
      vertex 21.2586 18.5543 0
    endloop
  endfacet
  facet normal -0 0 -1
    outer loop
      vertex 23.627 22.6542 0
      vertex 21.1756 18.618 0
      vertex 23.4335 22.7343 0
    endloop
  endfacet
  facet normal -0 0 -1
    outer loop
      vertex 23.4335 22.7343 0
      vertex 21.1756 18.618 0
      vertex 23.2361 22.8042 0
    endloop
  endfacet
  facet normal -0 0 -1
    outer loop
      vertex 23.2361 22.8042 0
      vertex 21.1756 18.618 0
      vertex 23.0353 22.8637 0
    endloop
  endfacet
  facet normal 0 0 -1
    outer loop
      vertex 21.0893 18.6773 0
      vertex 23.0353 22.8637 0
      vertex 21.1756 18.618 0
    endloop
  endfacet
  facet normal -0 0 -1
    outer loop
      vertex 23.0353 22.8637 0
      vertex 21.0893 18.6773 0
      vertex 22.8316 22.9126 0
    endloop
  endfacet
  facet normal -0 0 -1
    outer loop
      vertex 22.8316 22.9126 0
      vertex 21.0893 18.6773 0
      vertex 22.6257 22.9508 0
    endloop
  endfacet
  facet normal 0 0 -1
    outer loop
      vertex 21 18.7321 0
      vertex 22.6257 22.9508 0
      vertex 21.0893 18.6773 0
    endloop
  endfacet
  facet normal -0 0 -1
    outer loop
      vertex 22.6257 22.9508 0
      vertex 21 18.7321 0
      vertex 22.4181 22.9781 0
    endloop
  endfacet
  facet normal -0 0 -1
    outer loop
      vertex 22.4181 22.9781 0
      vertex 21 18.7321 0
      vertex 22.2094 22.9945 0
    endloop
  endfacet
  facet normal -0 0 -1
    outer loop
      vertex 22.2094 22.9945 0
      vertex 21 18.7321 0
      vertex 22 23 0
    endloop
  endfacet
  facet normal 0 0 -1
    outer loop
      vertex 20.908 18.782 0
      vertex 22 23 0
      vertex 21 18.7321 0
    endloop
  endfacet
  facet normal 0 0 -1
    outer loop
      vertex 20.8135 18.8271 0
      vertex 22 23 0
      vertex 20.908 18.782 0
    endloop
  endfacet
  facet normal 0 0 -1
    outer loop
      vertex 20.7167 18.8672 0
      vertex 22 23 0
      vertex 20.8135 18.8271 0
    endloop
  endfacet
  facet normal 0 0 -1
    outer loop
      vertex 20.618 18.9021 0
      vertex 22 23 0
      vertex 20.7167 18.8672 0
    endloop
  endfacet
  facet normal 0 0 -1
    outer loop
      vertex 20.5176 18.9319 0
      vertex 22 23 0
      vertex 20.618 18.9021 0
    endloop
  endfacet
  facet normal 0 0 -1
    outer loop
      vertex 20.4158 18.9563 0
      vertex 22 23 0
      vertex 20.5176 18.9319 0
    endloop
  endfacet
  facet normal 0 0 -1
    outer loop
      vertex 20.3129 18.9754 0
      vertex 22 23 0
      vertex 20.4158 18.9563 0
    endloop
  endfacet
  facet normal 0 0 -1
    outer loop
      vertex 20.2091 18.989 0
      vertex 22 23 0
      vertex 20.3129 18.9754 0
    endloop
  endfacet
  facet normal 0 0 -1
    outer loop
      vertex 20.1047 18.9973 0
      vertex 22 23 0
      vertex 20.2091 18.989 0
    endloop
  endfacet
  facet normal 0 0 -1
    outer loop
      vertex 20 19 0
      vertex 22 23 0
      vertex 20.1047 18.9973 0
    endloop
  endfacet
  facet normal 0 0 -1
    outer loop
      vertex -20 19 0
      vertex 22 23 0
      vertex 20 19 0
    endloop
  endfacet
  facet normal 0 0 -1
    outer loop
      vertex -22 23 0
      vertex -20 19 0
      vertex -20.1047 18.9973 0
    endloop
  endfacet
  facet normal 0 0 -1
    outer loop
      vertex -22 23 0
      vertex -20.1047 18.9973 0
      vertex -20.2091 18.989 0
    endloop
  endfacet
  facet normal 0 0 -1
    outer loop
      vertex -20 19 0
      vertex -22 23 0
      vertex 22 23 0
    endloop
  endfacet
  facet normal 0 0 -1
    outer loop
      vertex -20.3129 18.9754 0
      vertex -22 23 0
      vertex -20.2091 18.989 0
    endloop
  endfacet
  facet normal 0 0 -1
    outer loop
      vertex -20.4158 18.9563 0
      vertex -22 23 0
      vertex -20.3129 18.9754 0
    endloop
  endfacet
  facet normal 0 0 -1
    outer loop
      vertex -20.5176 18.9319 0
      vertex -22 23 0
      vertex -20.4158 18.9563 0
    endloop
  endfacet
  facet normal 0 0 -1
    outer loop
      vertex -20.618 18.9021 0
      vertex -22 23 0
      vertex -20.5176 18.9319 0
    endloop
  endfacet
  facet normal 0 0 -1
    outer loop
      vertex -20.7167 18.8672 0
      vertex -22 23 0
      vertex -20.618 18.9021 0
    endloop
  endfacet
  facet normal 0 0 -1
    outer loop
      vertex -20.8135 18.8271 0
      vertex -22 23 0
      vertex -20.7167 18.8672 0
    endloop
  endfacet
  facet normal 0 0 -1
    outer loop
      vertex -20.908 18.782 0
      vertex -22 23 0
      vertex -20.8135 18.8271 0
    endloop
  endfacet
  facet normal 0 0 -1
    outer loop
      vertex -21 18.7321 0
      vertex -22 23 0
      vertex -20.908 18.782 0
    endloop
  endfacet
  facet normal 0 0 -1
    outer loop
      vertex -21.0893 18.6773 0
      vertex -22 23 0
      vertex -21 18.7321 0
    endloop
  endfacet
  facet normal 0 0 -1
    outer loop
      vertex -21.1756 18.618 0
      vertex -22 23 0
      vertex -21.0893 18.6773 0
    endloop
  endfacet
  facet normal 0 0 -1
    outer loop
      vertex -21.2586 18.5543 0
      vertex -22 23 0
      vertex -21.1756 18.618 0
    endloop
  endfacet
  facet normal 0 0 -1
    outer loop
      vertex -21.3383 18.4863 0
      vertex -22 23 0
      vertex -21.2586 18.5543 0
    endloop
  endfacet
  facet normal 0 0 -1
    outer loop
      vertex -21.4142 18.4142 0
      vertex -22 23 0
      vertex -21.3383 18.4863 0
    endloop
  endfacet
  facet normal 0 0 -1
    outer loop
      vertex -21.4863 18.3383 0
      vertex -22 23 0
      vertex -21.4142 18.4142 0
    endloop
  endfacet
  facet normal 0 0 -1
    outer loop
      vertex -21.5543 18.2586 0
      vertex -22 23 0
      vertex -21.4863 18.3383 0
    endloop
  endfacet
  facet normal 0 0 -1
    outer loop
      vertex -21.618 18.1756 0
      vertex -22 23 0
      vertex -21.5543 18.2586 0
    endloop
  endfacet
  facet normal 0 0 -1
    outer loop
      vertex -21.6773 18.0893 0
      vertex -22 23 0
      vertex -21.618 18.1756 0
    endloop
  endfacet
  facet normal 0 0 -1
    outer loop
      vertex -21.7321 18 0
      vertex -22 23 0
      vertex -21.6773 18.0893 0
    endloop
  endfacet
  facet normal 0 0 -1
    outer loop
      vertex -21.782 17.908 0
      vertex -22 23 0
      vertex -21.7321 18 0
    endloop
  endfacet
  facet normal 0 0 -1
    outer loop
      vertex -21.8271 17.8135 0
      vertex -22 23 0
      vertex -21.782 17.908 0
    endloop
  endfacet
  facet normal 0 0 -1
    outer loop
      vertex -21.8672 17.7167 0
      vertex -22 23 0
      vertex -21.8271 17.8135 0
    endloop
  endfacet
  facet normal 0 0 -1
    outer loop
      vertex -21.9021 17.618 0
      vertex -22 23 0
      vertex -21.8672 17.7167 0
    endloop
  endfacet
  facet normal 0 0 -1
    outer loop
      vertex -21.9319 17.5176 0
      vertex -22 23 0
      vertex -21.9021 17.618 0
    endloop
  endfacet
  facet normal 0 0 -1
    outer loop
      vertex -21.9563 17.4158 0
      vertex -22 23 0
      vertex -21.9319 17.5176 0
    endloop
  endfacet
  facet normal 0 0 -1
    outer loop
      vertex -21.9754 17.3129 0
      vertex -22 23 0
      vertex -21.9563 17.4158 0
    endloop
  endfacet
  facet normal 0 0 -1
    outer loop
      vertex -21.989 17.2091 0
      vertex -22 23 0
      vertex -21.9754 17.3129 0
    endloop
  endfacet
  facet normal 0 0 -1
    outer loop
      vertex -21.9973 17.1047 0
      vertex -22 23 0
      vertex -21.989 17.2091 0
    endloop
  endfacet
  facet normal 0 0 -1
    outer loop
      vertex -22 23 0
      vertex -21.9973 17.1047 0
      vertex -22 17 0
    endloop
  endfacet
  facet normal 0.878825 -0.477145 0
    outer loop
      vertex 25.4641 -21 4
      vertex 25.564 -20.816 0
      vertex 25.564 -20.816 4
    endloop
  endfacet
  facet normal 0.878825 -0.477145 0
    outer loop
      vertex 25.564 -20.816 0
      vertex 25.4641 -21 4
      vertex 25.4641 -21 0
    endloop
  endfacet
  facet normal -0.0264835 -0.900189 -0.434693
    outer loop
      vertex -8.16088 3.99939 4
      vertex -11.9093 -0.58924 13.7308
      vertex -11.9206 -0.589149 13.7313
    endloop
  endfacet
  facet normal -0.023541 -0.900701 -0.433801
    outer loop
      vertex -11.9093 -0.58924 13.7308
      vertex -8.16088 3.99939 4
      vertex -8.00401 3.99529 4
    endloop
  endfacet
  facet normal -0.0263472 0.207828 0.977811
    outer loop
      vertex -12 7.72825 50.4567
      vertex -12.2094 7.72711 50.4513
      vertex -12 6.7501 50.6646
    endloop
  endfacet
  facet normal -0.382684 0.192076 0.903692
    outer loop
      vertex -13.4335 7.67301 50.1968
      vertex -13.627 7.65635 50.1184
      vertex -13.4335 6.69487 50.4047
    endloop
  endfacet
  facet normal -0.0265239 0.990595 0.134232
    outer loop
      vertex -8.15701 13.9959 4.99
      vertex -12.4181 7.72369 50.4353
      vertex -12.2094 7.72711 50.4513
    endloop
  endfacet
  facet normal 0.023541 -0.900701 -0.433801
    outer loop
      vertex 8.16088 3.99939 4
      vertex 11.9093 -0.58924 13.7308
      vertex 8.00401 3.99529 4
    endloop
  endfacet
  facet normal 0.0264835 -0.900189 -0.434693
    outer loop
      vertex 11.9093 -0.58924 13.7308
      vertex 8.16088 3.99939 4
      vertex 11.9206 -0.589149 13.7313
    endloop
  endfacet
  facet normal 0.996929 0.016282 0.0766054
    outer loop
      vertex 15.9945 6.94013 46.7489
      vertex 15.9781 6.98354 46.9531
      vertex 15.9945 5.96198 46.9568
    endloop
  endfacet
  facet normal -0.608445 0.793015 0.0303854
    outer loop
      vertex -9.88795 13.3314 4.99
      vertex -15.8042 7.1536 47.7532
      vertex -9.76335 13.427 4.99
    endloop
  endfacet
  facet normal 0.390431 0.917205 0.0793591
    outer loop
      vertex 15.3547 7.34955 48.6751
      vertex 9.22021 13.7406 4.99
      vertex 15.2361 7.38543 48.8439
    endloop
  endfacet
  facet normal 0.906829 -0.131424 -0.400487
    outer loop
      vertex 15.6542 0.528902 16.5864
      vertex 10.9872 6.68084 4
      vertex 10.9873 6.68153 4
    endloop
  endfacet
  facet normal 0.921001 -0.0810272 -0.381041
    outer loop
      vertex 15.412 -0.0792108 16.1303
      vertex 15.6542 0.528902 16.5864
      vertex 15.6542 0.0398289 16.6904
    endloop
  endfacet
  facet normal 0.920986 -0.0809887 -0.381084
    outer loop
      vertex 15.6542 0.528902 16.5864
      vertex 15.412 -0.0792108 16.1303
      vertex 10.9872 6.68084 4
    endloop
  endfacet
  facet normal 0.213301 0.970679 0.11084
    outer loop
      vertex 14.3511 7.56942 49.7095
      vertex 8.62373 13.9344 4.99
      vertex 14.1786 7.59408 49.8255
    endloop
  endfacet
  facet normal 0.0471753 -0.896331 -0.440868
    outer loop
      vertex 8.16107 3.9994 4
      vertex 11.9206 -0.589149 13.7313
      vertex 8.16088 3.99939 4
    endloop
  endfacet
  facet normal 0.0485725 -0.896055 -0.441277
    outer loop
      vertex 11.9206 -0.589149 13.7313
      vertex 8.16107 3.9994 4
      vertex 12.1145 -0.585976 13.7462
    endloop
  endfacet
  facet normal -0.382648 0.923894 0
    outer loop
      vertex -9.0751 13.8007 4
      vertex -9.22021 13.7406 4.99
      vertex -9.0751 13.8007 4.99
    endloop
  endfacet
  facet normal -0.382648 0.923894 0
    outer loop
      vertex -9.22021 13.7406 4.99
      vertex -9.0751 13.8007 4
      vertex -9.22021 13.7406 4
    endloop
  endfacet
  facet normal 0.736768 0.676134 -0.00397584
    outer loop
      vertex 15.9508 7.0267 47.1562
      vertex 10.2307 13.006 4
      vertex 15.9126 7.06951 47.3576
    endloop
  endfacet
  facet normal -0 0.990538 0.137239
    outer loop
      vertex 10.2307 13.006 4
      vertex 15.9508 7.0267 47.1562
      vertex 10.2308 13.006 4
    endloop
  endfacet
  facet normal -0.0263472 0.207828 0.977811
    outer loop
      vertex -12.2094 7.72711 50.4513
      vertex -12.2094 6.74896 50.6592
      vertex -12 6.7501 50.6646
    endloop
  endfacet
  facet normal -1.27377e-05 0.2079 0.97815
    outer loop
      vertex 12 7.72825 50.4567
      vertex 8.24203 7.23918 50.5606
      vertex 12 6.7501 50.6646
    endloop
  endfacet
  facet normal 0 0.207806 0.97817
    outer loop
      vertex 12 7.72825 50.4567
      vertex -8.24203 7.23918 50.5606
      vertex 8.24203 7.23918 50.5606
    endloop
  endfacet
  facet normal 0 0.207806 0.97817
    outer loop
      vertex -8.24203 7.23918 50.5606
      vertex 12 7.72825 50.4567
      vertex -12 7.72825 50.4567
    endloop
  endfacet
  facet normal 0 0.207994 0.97813
    outer loop
      vertex 12 6.7501 50.6646
      vertex 8.24203 7.23918 50.5606
      vertex 8.24203 6.7501 50.6646
    endloop
  endfacet
  facet normal 1.27377e-05 0.2079 0.97815
    outer loop
      vertex -12 6.7501 50.6646
      vertex -8.24203 7.23918 50.5606
      vertex -12 7.72825 50.4567
    endloop
  endfacet
  facet normal 0 0.207994 0.97813
    outer loop
      vertex -8.24203 7.23918 50.5606
      vertex -12 6.7501 50.6646
      vertex -8.24203 6.7501 50.6646
    endloop
  endfacet
  facet normal -0.282567 0.954076 0.099469
    outer loop
      vertex -8.92705 13.8532 4.99
      vertex -14.8284 7.48467 49.3107
      vertex -8.77646 13.8978 4.99
    endloop
  endfacet
  facet normal -0.000774977 -0.978065 0.208296
    outer loop
      vertex -15.6542 6.25672 48.3434
      vertex -15.7343 6.21649 48.1542
      vertex -15.3547 6.3714 48.883
    endloop
  endfacet
  facet normal -0.231763 -0.839996 -0.490604
    outer loop
      vertex -8.78079 4.09757 4
      vertex -12.9226 -0.550223 13.9144
      vertex -13.1062 -0.536712 13.978
    endloop
  endfacet
  facet normal -0.224754 -0.842829 -0.489004
    outer loop
      vertex -12.9226 -0.550223 13.9144
      vertex -8.78079 4.09757 4
      vertex -8.78064 4.09753 4
    endloop
  endfacet
  facet normal 0.233291 0.202165 0.951159
    outer loop
      vertex 13.0353 7.69991 50.3234
      vertex 12.8316 7.71008 50.3712
      vertex 13.0353 6.72177 50.5313
    endloop
  endfacet
  facet normal 0.061785 0.989496 0.130692
    outer loop
      vertex 12.8316 7.71008 50.3712
      vertex 8.15701 13.9959 4.99
      vertex 12.6257 7.71801 50.4085
    endloop
  endfacet
  facet normal -0.476041 0.877276 0.0614148
    outer loop
      vertex -9.5 13.5981 4.99
      vertex -15.564 7.27416 48.3204
      vertex -9.36197 13.673 4.99
    endloop
  endfacet
  facet normal 0.958284 0.229838 -0.169899
    outer loop
      vertex 10.9381 11.6159 4
      vertex 10.9015 11.7685 4
      vertex 15.9781 0.780232 17.7688
    endloop
  endfacet
  facet normal 0.923063 -0.0725753 -0.377739
    outer loop
      vertex 15.6542 0.528902 16.5864
      vertex 10.9873 6.68153 4
      vertex 10.9996 6.83797 4
    endloop
  endfacet
  facet normal -0.87885 0.0991886 0.466673
    outer loop
      vertex -15.564 7.27416 48.3204
      vertex -15.4641 6.33428 48.7083
      vertex -15.4641 7.31243 48.5004
    endloop
  endfacet
  facet normal -0.878848 0.0991905 0.466677
    outer loop
      vertex -15.4641 6.33428 48.7083
      vertex -15.564 7.27416 48.3204
      vertex -15.564 6.29602 48.5283
    endloop
  endfacet
  facet normal -0.628781 0.777171 0.025283
    outer loop
      vertex -9.88795 13.3314 4.99
      vertex -15.8637 7.11185 47.5568
      vertex -15.8042 7.1536 47.7532
    endloop
  endfacet
  facet normal 0.515718 -0.672058 -0.531388
    outer loop
      vertex 9.89203 4.66379 4
      vertex 14.2035 -0.405443 14.5955
      vertex 9.76754 4.56826 4
    endloop
  endfacet
  facet normal 0.520079 -0.668596 -0.531506
    outer loop
      vertex 14.2035 -0.405443 14.5955
      vertex 9.89203 4.66379 4
      vertex 14.2154 -0.4035 14.6047
    endloop
  endfacet
  facet normal 0 1 -0
    outer loop
      vertex 8 14 4
      vertex -8 14 4.99
      vertex 8 14 4.99
    endloop
  endfacet
  facet normal 0 1 0
    outer loop
      vertex -8 14 4.99
      vertex 8 14 4
      vertex -8 14 4
    endloop
  endfacet
  facet normal 0.456034 -0.716625 -0.527714
    outer loop
      vertex 9.63811 4.4793 4
      vertex 13.8751 -0.455044 14.3622
      vertex 9.638 4.47923 4
    endloop
  endfacet
  facet normal 0.457036 -0.715928 -0.527793
    outer loop
      vertex 13.8751 -0.455044 14.3622
      vertex 9.63811 4.4793 4
      vertex 14.0361 -0.432031 14.4704
    endloop
  endfacet
  facet normal 0 -0.904507 -0.426459
    outer loop
      vertex -8.00382 3.99529 4
      vertex -11.0351 -0.590298 13.7259
      vertex -11.7149 -0.590298 13.7259
    endloop
  endfacet
  facet normal 0 -0.904507 -0.426459
    outer loop
      vertex -11.0351 -0.590298 13.7259
      vertex -8.00382 3.99529 4
      vertex 11.0351 -0.590298 13.7259
    endloop
  endfacet
  facet normal -0 -0.904507 -0.426459
    outer loop
      vertex 8.00382 3.99529 4
      vertex 11.0351 -0.590298 13.7259
      vertex -8.00382 3.99529 4
    endloop
  endfacet
  facet normal 0 -0.904507 -0.426459
    outer loop
      vertex 11.0351 -0.590298 13.7259
      vertex 8.00382 3.99529 4
      vertex 11.7149 -0.590298 13.7259
    endloop
  endfacet
  facet normal 0 -0.904488 -0.426498
    outer loop
      vertex -11.0351 -0.590298 13.7259
      vertex 10.7 -0.942629 14.4731
      vertex -10.7 -0.942629 14.4731
    endloop
  endfacet
  facet normal 0 -0.904488 -0.426498
    outer loop
      vertex 10.7 -0.942629 14.4731
      vertex -11.0351 -0.590298 13.7259
      vertex 11.0351 -0.590298 13.7259
    endloop
  endfacet
  facet normal 0.725292 0.143193 0.673385
    outer loop
      vertex 14.9726 7.45309 49.1621
      vertex 14.8284 7.48467 49.3107
      vertex 14.9726 6.47494 49.3701
    endloop
  endfacet
  facet normal 0.936729 0.342406 -0.0727805
    outer loop
      vertex 16 0.867165 18.1778
      vertex 10.802 12.0739 4
      vertex 16 6.8966 46.5441
    endloop
  endfacet
  facet normal 0.938529 0.33619 -0.078354
    outer loop
      vertex 10.802 12.0739 4
      vertex 16 0.867165 18.1778
      vertex 10.8044 12.0672 4
    endloop
  endfacet
  facet normal -0.557523 -0.637484 -0.531773
    outer loop
      vertex -10.0114 4.76578 4
      vertex -14.227 -0.401479 14.6142
      vertex -14.376 -0.375023 14.7387
    endloop
  endfacet
  facet normal -0.929382 0 -0.369119
    outer loop
      vertex -14.227 -0.401479 14.6142
      vertex -10.0114 4.76578 4
      vertex -10.0114 4.7657 4
    endloop
  endfacet
  facet normal -0.834018 -0.295427 -0.46598
    outer loop
      vertex -15.0988 -0.199267 15.5655
      vertex -10.8568 6.06754 4
      vertex -10.8044 5.91961 4
    endloop
  endfacet
  facet normal -0.840055 -0.284192 -0.462106
    outer loop
      vertex -10.8568 6.06754 4
      vertex -15.0988 -0.199267 15.5655
      vertex -15.1057 -0.19692 15.5766
    endloop
  endfacet
  facet normal 0.901054 0.429861 -0.0576318
    outer loop
      vertex 10.7419 12.219 4
      vertex 10.6743 12.3607 4
      vertex 15.9945 6.94013 46.7489
    endloop
  endfacet
  facet normal 0.00143463 -0.978409 0.206675
    outer loop
      vertex -14.9726 6.47494 49.3701
      vertex -15.1086 6.44183 49.2143
      vertex -14.8284 6.50652 49.5186
    endloop
  endfacet
  facet normal -0.257363 0.960726 0.103775
    outer loop
      vertex -8.77646 13.8978 4.99
      vertex -14.6765 7.51464 49.4517
      vertex -14.5173 7.54291 49.5848
    endloop
  endfacet
  facet normal 0.958919 -0.0589505 -0.277489
    outer loop
      vertex 15.8637 0.162845 17.2691
      vertex 15.834 0.141972 17.1709
      vertex 15.8637 0.651918 17.1652
    endloop
  endfacet
  facet normal 0.923983 -0.0794715 -0.374084
    outer loop
      vertex 15.7343 0.0800561 16.8796
      vertex 15.6542 0.528902 16.5864
      vertex 15.7343 0.569129 16.7757
    endloop
  endfacet
  facet normal 0.923915 -0.079579 -0.37423
    outer loop
      vertex 15.6542 0.528902 16.5864
      vertex 15.7343 0.0800561 16.8796
      vertex 15.6542 0.0398289 16.6904
    endloop
  endfacet
  facet normal 0.43021 0.187677 0.883004
    outer loop
      vertex 13.627 7.65635 50.1184
      vertex 13.627 6.6782 50.3263
      vertex 13.816 6.65946 50.2382
    endloop
  endfacet
  facet normal 0.00889734 0.990686 0.135874
    outer loop
      vertex 12.2094 7.72711 50.4513
      vertex 8 14 4.99
      vertex 12 7.72825 50.4567
    endloop
  endfacet
  facet normal -0.0258676 0.990604 0.134291
    outer loop
      vertex -8.15701 13.9959 4.99
      vertex -12.2094 7.72711 50.4513
      vertex -8 14 4.99
    endloop
  endfacet
  facet normal -0.233291 0.202165 0.951159
    outer loop
      vertex -13.0353 7.69991 50.3234
      vertex -13.0353 6.72177 50.5313
      vertex -12.8316 7.71008 50.3712
    endloop
  endfacet
  facet normal -0.161309 -0.866029 -0.473259
    outer loop
      vertex -8.62789 4.06086 4
      vertex -12.7115 -0.563157 13.8535
      vertex -12.7237 -0.562524 13.8565
    endloop
  endfacet
  facet normal -0.16047 -0.866304 -0.47304
    outer loop
      vertex -12.7115 -0.563157 13.8535
      vertex -8.62789 4.06086 4
      vertex -8.4736 4.03228 4
    endloop
  endfacet
  facet normal 0.476941 0.878935 -0
    outer loop
      vertex 9.5 13.5981 4
      vertex 9.36197 13.673 4.99
      vertex 9.5 13.5981 4.99
    endloop
  endfacet
  facet normal 0.476941 0.878935 0
    outer loop
      vertex 9.36197 13.673 4.99
      vertex 9.5 13.5981 4
      vertex 9.36197 13.673 4
    endloop
  endfacet
  facet normal 1 0 0
    outer loop
      vertex 16 5.91846 46.752
      vertex 16 5.13713 43.0762
      vertex 16 5.6262 42.9722
    endloop
  endfacet
  facet normal 1 0 0
    outer loop
      vertex 16 5.6262 42.9722
      vertex 16 6.8966 46.5441
      vertex 16 5.91846 46.752
    endloop
  endfacet
  facet normal 1 0 0
    outer loop
      vertex 16 2.19898 26.8484
      vertex 16 6.8966 46.5441
      vertex 16 5.6262 42.9722
    endloop
  endfacet
  facet normal 1 -0 0
    outer loop
      vertex 16 2.19898 26.8484
      vertex 16 0.867165 18.1778
      vertex 16 6.8966 46.5441
    endloop
  endfacet
  facet normal 1 0 0
    outer loop
      vertex 16 -0.110982 18.3857
      vertex 16 2.19898 26.8484
      vertex 16 1.7099 26.9523
    endloop
  endfacet
  facet normal 1 0 0
    outer loop
      vertex 16 2.19898 26.8484
      vertex 16 -0.110982 18.3857
      vertex 16 0.867165 18.1778
    endloop
  endfacet
  facet normal -0.0485725 -0.896055 -0.441277
    outer loop
      vertex -8.16107 3.9994 4
      vertex -11.9206 -0.589149 13.7313
      vertex -12.1145 -0.585976 13.7462
    endloop
  endfacet
  facet normal -0.0471753 -0.896331 -0.440868
    outer loop
      vertex -11.9206 -0.589149 13.7313
      vertex -8.16107 3.9994 4
      vertex -8.16088 3.99939 4
    endloop
  endfacet
  facet normal 0.422741 0.903322 0.0727909
    outer loop
      vertex 15.4641 7.31243 48.5004
      vertex 9.22021 13.7406 4.99
      vertex 15.3547 7.34955 48.6751
    endloop
  endfacet
  facet normal -0.00094924 -0.978148 0.207909
    outer loop
      vertex -15.9549 5.15441 43.1575
      vertex -15.9781 6.00539 47.161
      vertex -15.9692 5.14894 43.1317
    endloop
  endfacet
  facet normal 8.22482e-05 -0.978148 0.207911
    outer loop
      vertex -15.9136 -0.184448 18.0401
      vertex -15.8594 1.65608 26.6991
      vertex -15.9331 1.68428 26.8318
    endloop
  endfacet
  facet normal 3.4973e-05 -0.978148 0.207912
    outer loop
      vertex -15.8594 1.65608 26.6991
      vertex -15.9136 -0.184448 18.0401
      vertex -15.8093 -0.183424 18.0449
    endloop
  endfacet
  facet normal 3.12427e-05 -0.978131 0.207989
    outer loop
      vertex -15.8093 -0.183424 18.0449
      vertex -15.9136 -0.184448 18.0401
      vertex -15.8512 -0.195886 17.9863
    endloop
  endfacet
  facet normal -0.333465 -0.791934 -0.511509
    outer loop
      vertex -9.22443 4.25468 4
      vertex -13.4872 -0.501646 14.1429
      vertex -13.4998 -0.500345 14.1491
    endloop
  endfacet
  facet normal -0.328994 -0.794298 -0.510738
    outer loop
      vertex -13.4872 -0.501646 14.1429
      vertex -9.22443 4.25468 4
      vertex -9.07945 4.19463 4
    endloop
  endfacet
  facet normal -0.000732444 -0.978157 0.207865
    outer loop
      vertex -15.9679 -0.174503 18.0869
      vertex -16 -0.110982 18.3857
      vertex -15.9848 -0.171409 18.1014
    endloop
  endfacet
  facet normal -1.8609e-05 -0.978148 0.207911
    outer loop
      vertex -15.9781 6.00539 47.161
      vertex -15.4227 5.35094 44.0821
      vertex -15.3547 6.3714 48.883
    endloop
  endfacet
  facet normal -9.3249e-06 -0.978147 0.207913
    outer loop
      vertex -15.9781 6.00539 47.161
      vertex -15.5885 5.29472 43.8176
      vertex -15.4227 5.35094 44.0821
    endloop
  endfacet
  facet normal -5.36524e-07 -0.978147 0.207914
    outer loop
      vertex -15.5885 5.29472 43.8176
      vertex -15.9781 6.00539 47.161
      vertex -15.9549 5.15441 43.1575
    endloop
  endfacet
  facet normal 3.35204e-05 -0.978148 0.207912
    outer loop
      vertex -15.8093 -0.183424 18.0449
      vertex -15.674 1.58505 26.3649
      vertex -15.8594 1.65608 26.6991
    endloop
  endfacet
  facet normal 0.000273841 -0.978148 0.207908
    outer loop
      vertex -15.674 1.58505 26.3649
      vertex -15.8093 -0.183424 18.0449
      vertex -15.7916 -0.178169 18.0696
    endloop
  endfacet
  facet normal -0.0823738 -0.888571 -0.451282
    outer loop
      vertex -8.31768 4.01173 4
      vertex -12.1262 -0.585703 13.7475
      vertex -12.319 -0.580425 13.7723
    endloop
  endfacet
  facet normal -0.0471687 -0.896204 -0.441127
    outer loop
      vertex -12.1262 -0.585703 13.7475
      vertex -8.31768 4.01173 4
      vertex -8.31749 4.01172 4
    endloop
  endfacet
  facet normal -0 -0.904507 -0.426459
    outer loop
      vertex 8.00401 3.99529 4
      vertex 11.7149 -0.590298 13.7259
      vertex 8.00382 3.99529 4
    endloop
  endfacet
  facet normal 0.0157812 -0.902058 -0.431326
    outer loop
      vertex 11.7149 -0.590298 13.7259
      vertex 8.00401 3.99529 4
      vertex 11.9093 -0.58924 13.7308
    endloop
  endfacet
  facet normal -0.28716 -0.815323 -0.50278
    outer loop
      vertex -9.07931 4.19458 4
      vertex -13.2986 -0.520232 14.0555
      vertex -13.3113 -0.519089 14.0609
    endloop
  endfacet
  facet normal -0.288491 -0.814691 -0.503042
    outer loop
      vertex -13.2986 -0.520232 14.0555
      vertex -9.07931 4.19458 4
      vertex -8.93139 4.1422 4
    endloop
  endfacet
  facet normal -0.408418 -0.748299 -0.522726
    outer loop
      vertex -9.50421 4.39723 4
      vertex -13.6962 -0.477968 14.2543
      vertex -13.8628 -0.456754 14.3541
    endloop
  endfacet
  facet normal -0.428884 -0.735229 -0.524879
    outer loop
      vertex -13.6962 -0.477968 14.2543
      vertex -9.50421 4.39723 4
      vertex -9.50409 4.39716 4
    endloop
  endfacet
  facet normal 0.953331 0.0749263 -0.292482
    outer loop
      vertex 10.9996 11.149 4
      vertex 10.9873 11.3055 4
      vertex 15.8637 0.651918 17.1652
    endloop
  endfacet
  facet normal 0.680589 -0.515194 -0.520935
    outer loop
      vertex 14.6862 -0.310789 15.0408
      vertex 10.4309 5.23164 4
      vertex 14.6962 -0.308499 15.0516
    endloop
  endfacet
  facet normal 0.67697 -0.519282 -0.521592
    outer loop
      vertex 10.4309 5.23164 4
      vertex 14.6862 -0.310789 15.0408
      vertex 10.3354 5.10714 4
    endloop
  endfacet
  facet normal 0.648871 -0.550028 -0.525771
    outer loop
      vertex 14.5405 -0.342654 14.8909
      vertex 10.3353 5.10705 4
      vertex 14.5509 -0.340422 14.9014
    endloop
  endfacet
  facet normal 0.64673 -0.552265 -0.526064
    outer loop
      vertex 10.3353 5.10705 4
      vertex 14.5405 -0.342654 14.8909
      vertex 10.2334 4.98772 4
    endloop
  endfacet
  facet normal -0.951156 0.281871 -0.125905
    outer loop
      vertex -10.9014 11.7686 4
      vertex -15.9945 0.823639 17.973
      vertex -10.8568 11.9191 4
    endloop
  endfacet
  facet normal 0.943795 0.0246626 -0.32961
    outer loop
      vertex 11.0037 10.992 4
      vertex 10.9996 11.1489 4
      vertex 15.8042 0.610172 16.9688
    endloop
  endfacet
  facet normal 0.929382 0 -0.369119
    outer loop
      vertex 10.0114 4.76578 4
      vertex 14.227 -0.401479 14.6142
      vertex 10.0114 4.7657 4
    endloop
  endfacet
  facet normal 0.557523 -0.637484 -0.531773
    outer loop
      vertex 14.227 -0.401479 14.6142
      vertex 10.0114 4.76578 4
      vertex 14.376 -0.375023 14.7387
    endloop
  endfacet
  facet normal 0.529107 -0.661384 -0.531618
    outer loop
      vertex 9.76754 4.56826 4
      vertex 14.0483 -0.4302 14.4791
      vertex 9.76744 4.56818 4
    endloop
  endfacet
  facet normal 0.506583 -0.679302 -0.530964
    outer loop
      vertex 14.0483 -0.4302 14.4791
      vertex 9.76754 4.56826 4
      vertex 14.2035 -0.405443 14.5955
    endloop
  endfacet
  facet normal 0.608445 0.793015 0.0303854
    outer loop
      vertex 9.88795 13.3314 4.99
      vertex 9.76335 13.427 4.99
      vertex 15.8042 7.1536 47.7532
    endloop
  endfacet
  facet normal 0.0263472 0.207828 0.977811
    outer loop
      vertex 12 7.72825 50.4567
      vertex 12 6.7501 50.6646
      vertex 12.2094 7.72711 50.4513
    endloop
  endfacet
  facet normal 0.93344 -0.0243935 -0.357904
    outer loop
      vertex 15.7343 0.569129 16.7757
      vertex 10.9996 6.83808 4
      vertex 11.0037 6.99497 4
    endloop
  endfacet
  facet normal 0.134142 0.983411 0.122102
    outer loop
      vertex 13.627 7.65635 50.1184
      vertex 8.4693 13.9631 4.99
      vertex 13.4335 7.67301 50.1968
    endloop
  endfacet
  facet normal -0.078157 0.207264 0.975158
    outer loop
      vertex -12.4181 7.72369 50.4353
      vertex -12.2094 6.74896 50.6592
      vertex -12.2094 7.72711 50.4513
    endloop
  endfacet
  facet normal -0.0781472 0.207266 0.975158
    outer loop
      vertex -12.2094 6.74896 50.6592
      vertex -12.4181 7.72369 50.4353
      vertex -12.4181 6.74555 50.6432
    endloop
  endfacet
  facet normal -0.0705679 -0.891273 -0.447944
    outer loop
      vertex -8.31749 4.01172 4
      vertex -12.1145 -0.585976 13.7462
      vertex -12.1262 -0.585703 13.7475
    endloop
  endfacet
  facet normal -0.070205 -0.891353 -0.44784
    outer loop
      vertex -12.1145 -0.585976 13.7462
      vertex -8.31749 4.01172 4
      vertex -8.16107 3.9994 4
    endloop
  endfacet
  facet normal -0.430591 0.187726 0.882808
    outer loop
      vertex -13.816 7.63761 50.0302
      vertex -13.816 6.65946 50.2382
      vertex -13.627 7.65635 50.1184
    endloop
  endfacet
  facet normal -0.0776641 0.988607 0.128934
    outer loop
      vertex -8.31358 13.9836 4.99
      vertex -12.8316 7.71008 50.3712
      vertex -8.15701 13.9959 4.99
    endloop
  endfacet
  facet normal -0.0157812 -0.902058 -0.431326
    outer loop
      vertex -8.00401 3.99529 4
      vertex -11.7149 -0.590298 13.7259
      vertex -11.9093 -0.58924 13.7308
    endloop
  endfacet
  facet normal 0 -0.904507 -0.426459
    outer loop
      vertex -11.7149 -0.590298 13.7259
      vertex -8.00401 3.99529 4
      vertex -8.00382 3.99529 4
    endloop
  endfacet
  facet normal 0.0471687 -0.896204 -0.441127
    outer loop
      vertex 8.31768 4.01173 4
      vertex 12.1262 -0.585703 13.7475
      vertex 8.31749 4.01172 4
    endloop
  endfacet
  facet normal 0.0823738 -0.888571 -0.451282
    outer loop
      vertex 12.1262 -0.585703 13.7475
      vertex 8.31768 4.01173 4
      vertex 12.319 -0.580425 13.7723
    endloop
  endfacet
  facet normal -0.855724 0.515811 -0.040928
    outer loop
      vertex -10.5993 12.4987 4
      vertex -15.9945 6.94013 46.7489
      vertex -15.9781 6.98354 46.9531
    endloop
  endfacet
  facet normal 0.382693 0.192074 0.903689
    outer loop
      vertex 13.627 7.65635 50.1184
      vertex 13.4335 6.69487 50.4047
      vertex 13.627 6.6782 50.3263
    endloop
  endfacet
  facet normal -0.0795585 0.988483 0.128728
    outer loop
      vertex -8.31358 13.9836 4.99
      vertex -13.0353 7.69991 50.3234
      vertex -12.8316 7.71008 50.3712
    endloop
  endfacet
  facet normal -0.852739 0.108594 0.510925
    outer loop
      vertex -15.3547 7.34955 48.6751
      vertex -15.4641 6.33428 48.7083
      vertex -15.3547 6.3714 48.883
    endloop
  endfacet
  facet normal -0.495022 0.866992 0.0572575
    outer loop
      vertex -9.5 13.5981 4.99
      vertex -15.6542 7.23487 48.1355
      vertex -15.564 7.27416 48.3204
    endloop
  endfacet
  facet normal -0.939504 0 -0.342538
    outer loop
      vertex -15.3216 -0.118703 15.9445
      vertex -10.9667 6.52525 4
      vertex -10.9667 6.52514 4
    endloop
  endfacet
  facet normal -0.901234 -0.144026 -0.408697
    outer loop
      vertex -10.9667 6.52525 4
      vertex -15.3216 -0.118703 15.9445
      vertex -15.407 -0.0814761 16.1197
    endloop
  endfacet
  facet normal -0.649245 0.760317 0.0199475
    outer loop
      vertex -10.0074 13.2294 4.99
      vertex -15.8637 7.11185 47.5568
      vertex -9.88795 13.3314 4.99
    endloop
  endfacet
  facet normal -4.64662e-05 -0.978142 0.207938
    outer loop
      vertex -10.6915 -0.939136 14.4896
      vertex -9.10727 -0.367975 17.1767
      vertex -10.9371 -0.911297 14.6205
    endloop
  endfacet
  facet normal 0 -0.978148 0.207912
    outer loop
      vertex -9.10727 -0.367975 17.1767
      vertex -10.6915 -0.939136 14.4896
      vertex 9.10727 -0.367975 17.1767
    endloop
  endfacet
  facet normal 0 -0.978148 0.207912
    outer loop
      vertex 10.6915 -0.939136 14.4896
      vertex 9.10727 -0.367975 17.1767
      vertex -10.6915 -0.939136 14.4896
    endloop
  endfacet
  facet normal 4.64662e-05 -0.978142 0.207938
    outer loop
      vertex 9.10727 -0.367975 17.1767
      vertex 10.6915 -0.939136 14.4896
      vertex 10.9371 -0.911297 14.6205
    endloop
  endfacet
  facet normal 0 -0.978318 0.207107
    outer loop
      vertex -10.7 -0.942629 14.4731
      vertex 10.6915 -0.939136 14.4896
      vertex -10.6915 -0.939136 14.4896
    endloop
  endfacet
  facet normal 0 -0.978318 0.207107
    outer loop
      vertex 10.6915 -0.939136 14.4896
      vertex -10.7 -0.942629 14.4731
      vertex 10.7 -0.942629 14.4731
    endloop
  endfacet
  facet normal 0.070205 -0.891353 -0.44784
    outer loop
      vertex 8.31749 4.01172 4
      vertex 12.1145 -0.585976 13.7462
      vertex 8.16107 3.9994 4
    endloop
  endfacet
  facet normal 0.0705679 -0.891273 -0.447944
    outer loop
      vertex 12.1145 -0.585976 13.7462
      vertex 8.31749 4.01172 4
      vertex 12.1262 -0.585703 13.7475
    endloop
  endfacet
  facet normal -0.688367 0.7253 0.00950791
    outer loop
      vertex -10.1213 13.1213 4.99
      vertex -15.9126 7.06951 47.3576
      vertex -10.0074 13.2294 4.99
    endloop
  endfacet
  facet normal -0.942601 0.0694543 0.326619
    outer loop
      vertex -15.8042 7.1536 47.7532
      vertex -15.7343 6.21649 48.1542
      vertex -15.7343 7.19464 47.9462
    endloop
  endfacet
  facet normal -0.942653 0.0693917 0.326482
    outer loop
      vertex -15.7343 6.21649 48.1542
      vertex -15.8042 7.1536 47.7532
      vertex -15.8042 6.17545 47.9611
    endloop
  endfacet
  facet normal -0.172516 0.978048 0.116879
    outer loop
      vertex -8.4693 13.9631 4.99
      vertex -14 7.61683 49.9325
      vertex -13.816 7.63761 50.0302
    endloop
  endfacet
  facet normal 0.708319 -0.482534 -0.515214
    outer loop
      vertex 14.6962 -0.308499 15.0516
      vertex 10.5198 5.36097 4
      vertex 14.7057 -0.306192 15.0625
    endloop
  endfacet
  facet normal 0.706017 -0.485308 -0.515767
    outer loop
      vertex 10.5198 5.36097 4
      vertex 14.6962 -0.308499 15.0516
      vertex 10.4309 5.23164 4
    endloop
  endfacet
  facet normal 0.758642 -0.416511 -0.50098
    outer loop
      vertex 14.9626 -0.240212 15.3729
      vertex 10.6768 5.63287 4
      vertex 14.9713 -0.237837 15.3841
    endloop
  endfacet
  facet normal 0.760941 -0.413273 -0.500174
    outer loop
      vertex 10.6768 5.63287 4
      vertex 14.9626 -0.240212 15.3729
      vertex 10.6019 5.49496 4
    endloop
  endfacet
  facet normal 0.612617 -0.586813 -0.529482
    outer loop
      vertex 14.5295 -0.344844 14.8806
      vertex 10.2334 4.98772 4
      vertex 14.5405 -0.342654 14.8909
    endloop
  endfacet
  facet normal 0.615541 -0.583964 -0.52924
    outer loop
      vertex 10.2334 4.98772 4
      vertex 14.5295 -0.344844 14.8806
      vertex 10.1254 4.87388 4
    endloop
  endfacet
  facet normal 0.688398 0.725333 -0
    outer loop
      vertex 10.1213 13.1213 4
      vertex 10.0074 13.2294 4.99
      vertex 10.1213 13.1213 4.99
    endloop
  endfacet
  facet normal 0.688398 0.725333 0
    outer loop
      vertex 10.0074 13.2294 4.99
      vertex 10.1213 13.1213 4
      vertex 10.0074 13.2294 4
    endloop
  endfacet
  facet normal -0.0261041 0.999659 0
    outer loop
      vertex -8 14 4
      vertex -8.15701 13.9959 4.99
      vertex -8 14 4.99
    endloop
  endfacet
  facet normal -0.0261041 0.999659 0
    outer loop
      vertex -8.15701 13.9959 4.99
      vertex -8 14 4
      vertex -8.15701 13.9959 4
    endloop
  endfacet
  facet normal -0.901054 0.429861 -0.0576318
    outer loop
      vertex -10.7419 12.219 4
      vertex -15.9945 6.94013 46.7489
      vertex -10.6743 12.3607 4
    endloop
  endfacet
  facet normal -0.000206692 -0.978103 0.208122
    outer loop
      vertex -14.8284 6.50652 49.5186
      vertex -15.1086 6.44183 49.2143
      vertex -14.6765 6.53649 49.6596
    endloop
  endfacet
  facet normal -0.00046958 -0.977897 0.209087
    outer loop
      vertex -13.4335 6.69487 50.4047
      vertex -13.627 6.6782 50.3263
      vertex -13.2361 6.7094 50.4731
    endloop
  endfacet
  facet normal 0.872553 -0.216541 -0.437905
    outer loop
      vertex 15.3101 -0.123324 15.9228
      vertex 10.9381 6.37083 4
      vertex 15.3162 -0.120989 15.9338
    endloop
  endfacet
  facet normal 0.875428 -0.209951 -0.43537
    outer loop
      vertex 10.9381 6.37083 4
      vertex 15.3101 -0.123324 15.9228
      vertex 10.9015 6.21822 4
    endloop
  endfacet
  facet normal -0.506583 -0.679302 -0.530964
    outer loop
      vertex -9.76754 4.56826 4
      vertex -14.0483 -0.4302 14.4791
      vertex -14.2035 -0.405443 14.5955
    endloop
  endfacet
  facet normal -0.529107 -0.661384 -0.531618
    outer loop
      vertex -14.0483 -0.4302 14.4791
      vertex -9.76754 4.56826 4
      vertex -9.76744 4.56818 4
    endloop
  endfacet
  facet normal -0.943795 0.0246626 -0.32961
    outer loop
      vertex -11.0037 10.992 4
      vertex -15.8042 0.610172 16.9688
      vertex -10.9996 11.1489 4
    endloop
  endfacet
  facet normal 6.38724e-05 -0.978148 0.207911
    outer loop
      vertex 15.9331 1.68428 26.8318
      vertex 16 -0.110982 18.3857
      vertex 15.9935 1.70741 26.9406
    endloop
  endfacet
  facet normal 7.61812e-05 -0.978148 0.207911
    outer loop
      vertex 15.9136 -0.184448 18.0401
      vertex 16 -0.110982 18.3857
      vertex 15.9331 1.68428 26.8318
    endloop
  endfacet
  facet normal -8.0842e-05 -0.97814 0.207948
    outer loop
      vertex 16 -0.110982 18.3857
      vertex 15.9136 -0.184448 18.0401
      vertex 15.9679 -0.174503 18.0869
    endloop
  endfacet
  facet normal -0.000714511 -0.978147 0.207912
    outer loop
      vertex 15.9781 6.00539 47.161
      vertex 15.9692 5.14894 43.1317
      vertex 15.9812 5.14434 43.1101
    endloop
  endfacet
  facet normal -0.205536 -0.850312 -0.484483
    outer loop
      vertex -8.78064 4.09753 4
      vertex -12.9103 -0.551031 13.9106
      vertex -12.9226 -0.550223 13.9144
    endloop
  endfacet
  facet normal -0.204239 -0.850802 -0.484173
    outer loop
      vertex -12.9103 -0.551031 13.9106
      vertex -8.78064 4.09753 4
      vertex -8.62805 4.0609 4
    endloop
  endfacet
  facet normal 0.937776 0 -0.347241
    outer loop
      vertex 15.7343 0.569129 16.7757
      vertex 11.0037 6.99497 4
      vertex 11.0037 10.9918 4
    endloop
  endfacet
  facet normal 0.000732444 -0.978157 0.207865
    outer loop
      vertex 16 -0.110982 18.3857
      vertex 15.9679 -0.174503 18.0869
      vertex 15.9848 -0.171409 18.1014
    endloop
  endfacet
  facet normal 0.959139 0.126365 -0.253148
    outer loop
      vertex 10.9873 11.3056 4
      vertex 10.9668 11.4612 4
      vertex 15.9126 0.694255 17.3643
    endloop
  endfacet
  facet normal -0.0783178 0.996928 0
    outer loop
      vertex -8.15701 13.9959 4
      vertex -8.31358 13.9836 4.99
      vertex -8.15701 13.9959 4.99
    endloop
  endfacet
  facet normal -0.0783178 0.996928 0
    outer loop
      vertex -8.31358 13.9836 4.99
      vertex -8.15701 13.9959 4
      vertex -8.31358 13.9836 4
    endloop
  endfacet
  facet normal -0.811214 -0.335675 -0.478805
    outer loop
      vertex -15.0912 -0.201642 15.5543
      vertex -10.8044 5.91961 4
      vertex -10.7444 5.77461 4
    endloop
  endfacet
  facet normal -0.810904 -0.336194 -0.478965
    outer loop
      vertex -10.8044 5.91961 4
      vertex -15.0912 -0.201642 15.5543
      vertex -15.0988 -0.199267 15.5655
    endloop
  endfacet
  facet normal 0.797942 -0.357631 -0.485169
    outer loop
      vertex 14.9793 -0.235474 15.3952
      vertex 10.7444 5.77461 4
      vertex 15.0912 -0.201642 15.5543
    endloop
  endfacet
  facet normal 0.596729 -0.596729 -0.536496
    outer loop
      vertex 10.7444 5.77461 4
      vertex 14.9793 -0.235474 15.3952
      vertex 10.7443 5.77451 4
    endloop
  endfacet
  facet normal -0.000347229 -0.978249 0.207435
    outer loop
      vertex 14.5173 6.56477 49.7927
      vertex 14.1786 6.61593 50.0334
      vertex 14.6765 6.53649 49.6596
    endloop
  endfacet
  facet normal 0.823554 0.566432 -0.0302063
    outer loop
      vertex 10.5173 12.6326 4
      vertex 10.4283 12.762 4
      vertex 15.9781 6.98354 46.9531
    endloop
  endfacet
  facet normal -0.192159 -0.855361 -0.481075
    outer loop
      vertex -8.62805 4.0609 4
      vertex -12.7237 -0.562524 13.8565
      vertex -12.9103 -0.551031 13.9106
    endloop
  endfacet
  facet normal -0.211988 -0.847952 -0.485839
    outer loop
      vertex -12.7237 -0.562524 13.8565
      vertex -8.62805 4.0609 4
      vertex -8.62789 4.06086 4
    endloop
  endfacet
  facet normal 0.000284146 -0.978121 0.208036
    outer loop
      vertex 15.564 6.29602 48.5283
      vertex 15.3547 6.3714 48.883
      vertex 15.6542 6.25672 48.3434
    endloop
  endfacet
  facet normal -0.000669701 -0.978242 0.207464
    outer loop
      vertex 15.2361 6.40728 49.0518
      vertex 15.1086 6.44183 49.2143
      vertex 15.3547 6.3714 48.883
    endloop
  endfacet
  facet normal 6.17128e-05 -0.978148 0.20791
    outer loop
      vertex 15.8042 6.17545 47.9611
      vertex 15.7343 6.21649 48.1542
      vertex 15.9126 6.09137 47.5655
    endloop
  endfacet
  facet normal 0.608373 -0.591003 -0.529715
    outer loop
      vertex 14.3873 -0.372912 14.7486
      vertex 10.1254 4.87388 4
      vertex 14.5295 -0.344844 14.8806
    endloop
  endfacet
  facet normal 0.528819 -0.661024 -0.532351
    outer loop
      vertex 10.1254 4.87388 4
      vertex 14.3873 -0.372912 14.7486
      vertex 10.1253 4.8738 4
    endloop
  endfacet
  facet normal -0.153937 -0.868468 -0.47124
    outer loop
      vertex -8.4736 4.03228 4
      vertex -12.5223 -0.572601 13.8091
      vertex -12.7115 -0.563157 13.8535
    endloop
  endfacet
  facet normal -0.153295 -0.868673 -0.471071
    outer loop
      vertex -12.5223 -0.572601 13.8091
      vertex -8.4736 4.03228 4
      vertex -8.47343 4.03225 4
    endloop
  endfacet
  facet normal 0.000150724 -0.978114 0.20807
    outer loop
      vertex 14.6765 6.53649 49.6596
      vertex 14.1786 6.61593 50.0334
      vertex 15.1086 6.44183 49.2143
    endloop
  endfacet
  facet normal 0.0263472 0.207828 0.977811
    outer loop
      vertex 12.2094 7.72711 50.4513
      vertex 12 6.7501 50.6646
      vertex 12.2094 6.74896 50.6592
    endloop
  endfacet
  facet normal -5.6134e-05 -0.978358 0.206919
    outer loop
      vertex 12.4181 6.74555 50.6432
      vertex 12 6.7501 50.6646
      vertex 12.6257 6.73987 50.6164
    endloop
  endfacet
  facet normal 0.13052 0.991446 -0
    outer loop
      vertex 8.4693 13.9631 4
      vertex 8.31358 13.9836 4.99
      vertex 8.4693 13.9631 4.99
    endloop
  endfacet
  facet normal 0.13052 0.991446 0
    outer loop
      vertex 8.31358 13.9836 4.99
      vertex 8.4693 13.9631 4
      vertex 8.31358 13.9836 4
    endloop
  endfacet
  facet normal 0 0.99062 0.136648
    outer loop
      vertex 8 14 4.99
      vertex -12 7.72825 50.4567
      vertex 12 7.72825 50.4567
    endloop
  endfacet
  facet normal 0 0.99062 0.136648
    outer loop
      vertex -12 7.72825 50.4567
      vertex 8 14 4.99
      vertex -8 14 4.99
    endloop
  endfacet
  facet normal -0.00889734 0.990686 0.135874
    outer loop
      vertex -8 14 4.99
      vertex -12.2094 7.72711 50.4513
      vertex -12 7.72825 50.4567
    endloop
  endfacet
  facet normal -0.0974781 0.987143 0.126676
    outer loop
      vertex -8.31358 13.9836 4.99
      vertex -13.2361 7.68755 50.2652
      vertex -13.0353 7.69991 50.3234
    endloop
  endfacet
  facet normal -0.0441995 0.990194 0.132519
    outer loop
      vertex -8.15701 13.9959 4.99
      vertex -12.6257 7.71801 50.4085
      vertex -12.4181 7.72369 50.4353
    endloop
  endfacet
  facet normal -0.115712 0.985455 0.124458
    outer loop
      vertex -8.31358 13.9836 4.99
      vertex -13.4335 7.67301 50.1968
      vertex -13.2361 7.68755 50.2652
    endloop
  endfacet
  facet normal -0.893326 -0.16557 -0.417798
    outer loop
      vertex -15.3162 -0.120989 15.9338
      vertex -10.9667 6.52514 4
      vertex -10.9381 6.37083 4
    endloop
  endfacet
  facet normal -0.8944 -0.162736 -0.416612
    outer loop
      vertex -10.9667 6.52514 4
      vertex -15.3162 -0.120989 15.9338
      vertex -15.3216 -0.118703 15.9445
    endloop
  endfacet
  facet normal -0.477452 0.182673 0.859459
    outer loop
      vertex -14 7.61683 49.9325
      vertex -14 6.63868 50.1404
      vertex -13.816 6.65946 50.2382
    endloop
  endfacet
  facet normal 7.83679e-05 -0.978198 0.207677
    outer loop
      vertex -13.0353 6.72177 50.5313
      vertex -13.627 6.6782 50.3263
      vertex -12.6257 6.73987 50.6164
    endloop
  endfacet
  facet normal -0.000284146 -0.978121 0.208036
    outer loop
      vertex -15.564 6.29602 48.5283
      vertex -15.6542 6.25672 48.3434
      vertex -15.3547 6.3714 48.883
    endloop
  endfacet
  facet normal 0.911681 0.406217 -0.0618573
    outer loop
      vertex 16 6.8966 46.5441
      vertex 10.7419 12.219 4
      vertex 15.9945 6.94013 46.7489
    endloop
  endfacet
  facet normal -0.87758 0.476946 -0.0487401
    outer loop
      vertex -10.6743 12.3607 4
      vertex -15.9945 6.94013 46.7489
      vertex -10.5993 12.4987 4
    endloop
  endfacet
  facet normal 0 -0.978151 0.207897
    outer loop
      vertex 11.3278 6.33191 48.6972
      vertex 15.3547 6.3714 48.883
      vertex 11.0802 6.3714 48.883
    endloop
  endfacet
  facet normal 5.6558e-07 -0.978153 0.207885
    outer loop
      vertex 12.0444 6.20467 48.0985
      vertex 15.3547 6.3714 48.883
      vertex 11.3278 6.33191 48.6972
    endloop
  endfacet
  facet normal -5.68727e-06 -0.978148 0.20791
    outer loop
      vertex 12.7279 6.0698 47.464
      vertex 15.3547 6.3714 48.883
      vertex 12.0444 6.20467 48.0985
    endloop
  endfacet
  facet normal -6.76756e-06 -0.978148 0.207912
    outer loop
      vertex 13.3766 5.92768 46.7954
      vertex 15.3547 6.3714 48.883
      vertex 12.7279 6.0698 47.464
    endloop
  endfacet
  facet normal -1.03452e-05 -0.978147 0.207915
    outer loop
      vertex 13.9886 5.77869 46.0945
      vertex 15.3547 6.3714 48.883
      vertex 13.3766 5.92768 46.7954
    endloop
  endfacet
  facet normal 1.6497e-06 -0.978148 0.20791
    outer loop
      vertex 14.5623 5.62325 45.3632
      vertex 15.3547 6.3714 48.883
      vertex 13.9886 5.77869 46.0945
    endloop
  endfacet
  facet normal 1.08226e-05 -0.978148 0.207908
    outer loop
      vertex 15.0961 5.46178 44.6035
      vertex 15.3547 6.3714 48.883
      vertex 14.5623 5.62325 45.3632
    endloop
  endfacet
  facet normal -4.07926e-05 -0.978148 0.207911
    outer loop
      vertex 15.3547 6.3714 48.883
      vertex 15.0961 5.46178 44.6035
      vertex 15.4227 5.35094 44.0821
    endloop
  endfacet
  facet normal 0 -0.978151 0.207897
    outer loop
      vertex -15.3547 6.3714 48.883
      vertex -11.3278 6.33191 48.6972
      vertex -11.0802 6.3714 48.883
    endloop
  endfacet
  facet normal -5.6558e-07 -0.978153 0.207885
    outer loop
      vertex -15.3547 6.3714 48.883
      vertex -12.0444 6.20467 48.0985
      vertex -11.3278 6.33191 48.6972
    endloop
  endfacet
  facet normal 5.68727e-06 -0.978148 0.20791
    outer loop
      vertex -15.3547 6.3714 48.883
      vertex -12.7279 6.0698 47.464
      vertex -12.0444 6.20467 48.0985
    endloop
  endfacet
  facet normal 6.76756e-06 -0.978148 0.207912
    outer loop
      vertex -15.3547 6.3714 48.883
      vertex -13.3766 5.92768 46.7954
      vertex -12.7279 6.0698 47.464
    endloop
  endfacet
  facet normal 1.03452e-05 -0.978147 0.207915
    outer loop
      vertex -15.3547 6.3714 48.883
      vertex -13.9886 5.77869 46.0945
      vertex -13.3766 5.92768 46.7954
    endloop
  endfacet
  facet normal -1.6497e-06 -0.978148 0.20791
    outer loop
      vertex -15.3547 6.3714 48.883
      vertex -14.5623 5.62325 45.3632
      vertex -13.9886 5.77869 46.0945
    endloop
  endfacet
  facet normal -1.08226e-05 -0.978148 0.207908
    outer loop
      vertex -15.3547 6.3714 48.883
      vertex -15.0961 5.46178 44.6035
      vertex -14.5623 5.62325 45.3632
    endloop
  endfacet
  facet normal 4.07926e-05 -0.978148 0.207911
    outer loop
      vertex -15.0961 5.46178 44.6035
      vertex -15.3547 6.3714 48.883
      vertex -15.4227 5.35094 44.0821
    endloop
  endfacet
  facet normal -3.20964e-06 -0.97812 0.20804
    outer loop
      vertex -0.942047 -0.313765 17.4317
      vertex -9.10727 -0.367975 17.1767
      vertex 0 -0.318894 17.4076
    endloop
  endfacet
  facet normal -8.6274e-07 -0.978136 0.207968
    outer loop
      vertex -1.88151 -0.298392 17.504
      vertex -9.10727 -0.367975 17.1767
      vertex -0.942047 -0.313765 17.4317
    endloop
  endfacet
  facet normal 6.17541e-06 -0.978167 0.207819
    outer loop
      vertex -2.81582 -0.272818 17.6244
      vertex -9.10727 -0.367975 17.1767
      vertex -1.88151 -0.298392 17.504
    endloop
  endfacet
  facet normal -5.49727e-06 -0.978134 0.207976
    outer loop
      vertex -3.74241 -0.237113 17.7923
      vertex -9.10727 -0.367975 17.1767
      vertex -2.81582 -0.272818 17.6244
    endloop
  endfacet
  facet normal 2.60329e-06 -0.978148 0.207909
    outer loop
      vertex -4.65874 -0.191374 18.0075
      vertex -9.10727 -0.367975 17.1767
      vertex -3.74241 -0.237113 17.7923
    endloop
  endfacet
  facet normal 1.33507e-06 -0.978147 0.207915
    outer loop
      vertex -5.56231 -0.135727 18.2693
      vertex -9.10727 -0.367975 17.1767
      vertex -4.65874 -0.191374 18.0075
    endloop
  endfacet
  facet normal 1.81685e-06 -0.978147 0.207914
    outer loop
      vertex -6.45062 -0.0703244 18.577
      vertex -9.10727 -0.367975 17.1767
      vertex -5.56231 -0.135727 18.2693
    endloop
  endfacet
  facet normal 8.1947e-06 -0.97815 0.207902
    outer loop
      vertex -7.32126 0.00465458 18.9298
      vertex -9.10727 -0.367975 17.1767
      vertex -6.45062 -0.0703244 18.577
    endloop
  endfacet
  facet normal -1.30229e-05 -0.978145 0.207923
    outer loop
      vertex -9.10727 -0.367975 17.1767
      vertex -7.32126 0.00465458 18.9298
      vertex -7.71936 0.0441338 19.1155
    endloop
  endfacet
  facet normal 1.30229e-05 -0.978145 0.207923
    outer loop
      vertex 7.32126 0.00465458 18.9298
      vertex 9.10727 -0.367975 17.1767
      vertex 7.71936 0.0441338 19.1155
    endloop
  endfacet
  facet normal -8.1947e-06 -0.97815 0.207902
    outer loop
      vertex 6.45062 -0.0703244 18.577
      vertex 9.10727 -0.367975 17.1767
      vertex 7.32126 0.00465458 18.9298
    endloop
  endfacet
  facet normal -1.81685e-06 -0.978147 0.207914
    outer loop
      vertex 5.56231 -0.135727 18.2693
      vertex 9.10727 -0.367975 17.1767
      vertex 6.45062 -0.0703244 18.577
    endloop
  endfacet
  facet normal -1.33507e-06 -0.978147 0.207915
    outer loop
      vertex 4.65874 -0.191374 18.0075
      vertex 9.10727 -0.367975 17.1767
      vertex 5.56231 -0.135727 18.2693
    endloop
  endfacet
  facet normal -2.60329e-06 -0.978148 0.207909
    outer loop
      vertex 3.74241 -0.237113 17.7923
      vertex 9.10727 -0.367975 17.1767
      vertex 4.65874 -0.191374 18.0075
    endloop
  endfacet
  facet normal 5.49727e-06 -0.978134 0.207976
    outer loop
      vertex 2.81582 -0.272818 17.6244
      vertex 9.10727 -0.367975 17.1767
      vertex 3.74241 -0.237113 17.7923
    endloop
  endfacet
  facet normal -6.17541e-06 -0.978167 0.207819
    outer loop
      vertex 1.88151 -0.298392 17.504
      vertex 9.10727 -0.367975 17.1767
      vertex 2.81582 -0.272818 17.6244
    endloop
  endfacet
  facet normal 8.6274e-07 -0.978136 0.207968
    outer loop
      vertex 0.942047 -0.313765 17.4317
      vertex 9.10727 -0.367975 17.1767
      vertex 1.88151 -0.298392 17.504
    endloop
  endfacet
  facet normal 3.20964e-06 -0.97812 0.20804
    outer loop
      vertex 0 -0.318894 17.4076
      vertex 9.10727 -0.367975 17.1767
      vertex 0.942047 -0.313765 17.4317
    endloop
  endfacet
  facet normal 0 -0.978146 0.207919
    outer loop
      vertex 9.10727 -0.367975 17.1767
      vertex 0 -0.318894 17.4076
      vertex -9.10727 -0.367975 17.1767
    endloop
  endfacet
  facet normal 4.69836e-05 -0.978155 0.207877
    outer loop
      vertex -12.7279 0.777233 22.5645
      vertex -15.7916 -0.178169 18.0696
      vertex -12.6354 0.758982 22.4786
    endloop
  endfacet
  facet normal -8.35457e-06 -0.978147 0.207913
    outer loop
      vertex -13.3766 0.919355 23.2331
      vertex -15.7916 -0.178169 18.0696
      vertex -12.7279 0.777233 22.5645
    endloop
  endfacet
  facet normal -5.94135e-06 -0.978147 0.207912
    outer loop
      vertex -13.9886 1.06834 23.934
      vertex -15.7916 -0.178169 18.0696
      vertex -13.3766 0.919355 23.2331
    endloop
  endfacet
  facet normal 2.02519e-06 -0.978148 0.20791
    outer loop
      vertex -14.5623 1.22378 24.6653
      vertex -15.7916 -0.178169 18.0696
      vertex -13.9886 1.06834 23.934
    endloop
  endfacet
  facet normal 1.16324e-05 -0.978148 0.207908
    outer loop
      vertex -15.0961 1.38525 25.425
      vertex -15.7916 -0.178169 18.0696
      vertex -14.5623 1.22378 24.6653
    endloop
  endfacet
  facet normal -2.39661e-05 -0.978148 0.207911
    outer loop
      vertex -15.5885 1.55231 26.2109
      vertex -15.7916 -0.178169 18.0696
      vertex -15.0961 1.38525 25.425
    endloop
  endfacet
  facet normal -7.04618e-05 -0.978147 0.207912
    outer loop
      vertex -15.7916 -0.178169 18.0696
      vertex -15.5885 1.55231 26.2109
      vertex -15.674 1.58505 26.3649
    endloop
  endfacet
  facet normal 7.04618e-05 -0.978147 0.207912
    outer loop
      vertex 15.5885 1.55231 26.2109
      vertex 15.7916 -0.178169 18.0696
      vertex 15.674 1.58505 26.3649
    endloop
  endfacet
  facet normal 2.39661e-05 -0.978148 0.207911
    outer loop
      vertex 15.0961 1.38525 25.425
      vertex 15.7916 -0.178169 18.0696
      vertex 15.5885 1.55231 26.2109
    endloop
  endfacet
  facet normal -1.16324e-05 -0.978148 0.207908
    outer loop
      vertex 14.5623 1.22378 24.6653
      vertex 15.7916 -0.178169 18.0696
      vertex 15.0961 1.38525 25.425
    endloop
  endfacet
  facet normal -2.02519e-06 -0.978148 0.20791
    outer loop
      vertex 13.9886 1.06834 23.934
      vertex 15.7916 -0.178169 18.0696
      vertex 14.5623 1.22378 24.6653
    endloop
  endfacet
  facet normal 5.94135e-06 -0.978147 0.207912
    outer loop
      vertex 13.3766 0.919355 23.2331
      vertex 15.7916 -0.178169 18.0696
      vertex 13.9886 1.06834 23.934
    endloop
  endfacet
  facet normal 8.35457e-06 -0.978147 0.207913
    outer loop
      vertex 12.7279 0.777233 22.5645
      vertex 15.7916 -0.178169 18.0696
      vertex 13.3766 0.919355 23.2331
    endloop
  endfacet
  facet normal -4.69836e-05 -0.978155 0.207877
    outer loop
      vertex 15.7916 -0.178169 18.0696
      vertex 12.7279 0.777233 22.5645
      vertex 12.6354 0.758982 22.4786
    endloop
  endfacet
  facet normal -0.58056 0.813362 0.0373095
    outer loop
      vertex -9.76335 13.427 4.99
      vertex -15.8042 7.1536 47.7532
      vertex -15.7343 7.19464 47.9462
    endloop
  endfacet
  facet normal -0.923984 0.0795076 0.374076
    outer loop
      vertex -15.7343 7.19464 47.9462
      vertex -15.6542 6.25672 48.3434
      vertex -15.6542 7.23487 48.1355
    endloop
  endfacet
  facet normal -0.923915 0.0795785 0.374229
    outer loop
      vertex -15.6542 6.25672 48.3434
      vertex -15.7343 7.19464 47.9462
      vertex -15.7343 6.21649 48.1542
    endloop
  endfacet
  facet normal -0.430428 0.902625 0
    outer loop
      vertex -9.22021 13.7406 4
      vertex -9.36197 13.673 4.99
      vertex -9.22021 13.7406 4.99
    endloop
  endfacet
  facet normal -0.430428 0.902625 0
    outer loop
      vertex -9.36197 13.673 4.99
      vertex -9.22021 13.7406 4
      vertex -9.36197 13.673 4
    endloop
  endfacet
  facet normal -1 -0 0
    outer loop
      vertex -16 6.8966 46.5441
      vertex -16 5.6262 42.9722
      vertex -16 5.91846 46.752
    endloop
  endfacet
  facet normal -1 0 0
    outer loop
      vertex -16 6.8966 46.5441
      vertex -16 2.19898 26.8484
      vertex -16 5.6262 42.9722
    endloop
  endfacet
  facet normal -1 0 0
    outer loop
      vertex -16 0.867165 18.1778
      vertex -16 2.19898 26.8484
      vertex -16 6.8966 46.5441
    endloop
  endfacet
  facet normal -1 0 0
    outer loop
      vertex -16 -0.110982 18.3857
      vertex -16 2.19898 26.8484
      vertex -16 0.867165 18.1778
    endloop
  endfacet
  facet normal -1 -0 0
    outer loop
      vertex -16 2.19898 26.8484
      vertex -16 -0.110982 18.3857
      vertex -16 1.7099 26.9523
    endloop
  endfacet
  facet normal -1 0 0
    outer loop
      vertex -16 5.91846 46.752
      vertex -16 5.6262 42.9722
      vertex -16 5.13713 43.0762
    endloop
  endfacet
  facet normal -0.855426 -0.253569 -0.451607
    outer loop
      vertex -15.2091 -0.161849 15.7416
      vertex -10.9015 6.21811 4
      vertex -10.8569 6.06765 4
    endloop
  endfacet
  facet normal -0.855517 -0.253382 -0.451539
    outer loop
      vertex -10.9015 6.21811 4
      vertex -15.2091 -0.161849 15.7416
      vertex -15.2156 -0.159505 15.7526
    endloop
  endfacet
  facet normal 0.942751 -0.0693021 -0.326216
    outer loop
      vertex 15.8042 0.121098 17.0727
      vertex 15.7693 0.100577 16.9762
      vertex 15.8042 0.610172 16.9688
    endloop
  endfacet
  facet normal -0.566572 0.824012 0
    outer loop
      vertex -9.63391 13.516 4
      vertex -9.76335 13.427 4.99
      vertex -9.63391 13.516 4.99
    endloop
  endfacet
  facet normal -0.566572 0.824012 0
    outer loop
      vertex -9.76335 13.427 4.99
      vertex -9.63391 13.516 4
      vertex -9.76335 13.427 4
    endloop
  endfacet
  facet normal -0.316396 -0.800931 -0.508334
    outer loop
      vertex -9.07945 4.19463 4
      vertex -13.3113 -0.519089 14.0609
      vertex -13.4872 -0.501646 14.1429
    endloop
  endfacet
  facet normal -0.290601 -0.813683 -0.503459
    outer loop
      vertex -13.3113 -0.519089 14.0609
      vertex -9.07945 4.19463 4
      vertex -9.07931 4.19458 4
    endloop
  endfacet
  facet normal 0.33224 0.938838 0.090557
    outer loop
      vertex 15.1086 7.41998 49.0064
      vertex 8.92705 13.8532 4.99
      vertex 14.9726 7.45309 49.1621
    endloop
  endfacet
  facet normal -0.457036 -0.715928 -0.527793
    outer loop
      vertex -9.63811 4.4793 4
      vertex -13.8751 -0.455044 14.3622
      vertex -14.0361 -0.432031 14.4704
    endloop
  endfacet
  facet normal -0.456034 -0.716625 -0.527714
    outer loop
      vertex -13.8751 -0.455044 14.3622
      vertex -9.63811 4.4793 4
      vertex -9.638 4.47923 4
    endloop
  endfacet
  facet normal 0.211988 -0.847952 -0.485839
    outer loop
      vertex 8.62805 4.0609 4
      vertex 12.7237 -0.562524 13.8565
      vertex 8.62789 4.06086 4
    endloop
  endfacet
  facet normal 0.192159 -0.855361 -0.481075
    outer loop
      vertex 12.7237 -0.562524 13.8565
      vertex 8.62805 4.0609 4
      vertex 12.9103 -0.551031 13.9106
    endloop
  endfacet
  facet normal -0.64673 -0.552265 -0.526064
    outer loop
      vertex -14.5405 -0.342654 14.8909
      vertex -10.3353 5.10705 4
      vertex -10.2334 4.98772 4
    endloop
  endfacet
  facet normal -0.648871 -0.550028 -0.525771
    outer loop
      vertex -10.3353 5.10705 4
      vertex -14.5405 -0.342654 14.8909
      vertex -14.5509 -0.340422 14.9014
    endloop
  endfacet
  facet normal -0.522683 0.852527 0
    outer loop
      vertex -9.5 13.5981 4
      vertex -9.63391 13.516 4.99
      vertex -9.5 13.5981 4.99
    endloop
  endfacet
  facet normal -0.522683 0.852527 0
    outer loop
      vertex -9.63391 13.516 4.99
      vertex -9.5 13.5981 4
      vertex -9.63391 13.516 4
    endloop
  endfacet
  facet normal -0.129534 0.983956 0.122684
    outer loop
      vertex -8.4693 13.9631 4.99
      vertex -13.4335 7.67301 50.1968
      vertex -8.31358 13.9836 4.99
    endloop
  endfacet
  facet normal -0.273347 -0.821878 -0.499798
    outer loop
      vertex -8.93139 4.1422 4
      vertex -13.1187 -0.535733 13.9826
      vertex -13.2986 -0.520232 14.0555
    endloop
  endfacet
  facet normal -0.273878 -0.821635 -0.499907
    outer loop
      vertex -13.1187 -0.535733 13.9826
      vertex -8.93139 4.1422 4
      vertex -8.93124 4.14215 4
    endloop
  endfacet
  facet normal -0.447505 -0.722489 -0.527019
    outer loop
      vertex -9.638 4.47923 4
      vertex -13.8628 -0.456754 14.3541
      vertex -13.8751 -0.455044 14.3622
    endloop
  endfacet
  facet normal -0.444191 -0.724735 -0.526738
    outer loop
      vertex -13.8628 -0.456754 14.3541
      vertex -9.638 4.47923 4
      vertex -9.50421 4.39723 4
    endloop
  endfacet
  facet normal -0.615541 -0.583964 -0.52924
    outer loop
      vertex -14.5295 -0.344844 14.8806
      vertex -10.2334 4.98772 4
      vertex -10.1254 4.87388 4
    endloop
  endfacet
  facet normal -0.612617 -0.586813 -0.529482
    outer loop
      vertex -10.2334 4.98772 4
      vertex -14.5295 -0.344844 14.8806
      vertex -14.5405 -0.342654 14.8909
    endloop
  endfacet
  facet normal -0.33224 0.938838 0.090557
    outer loop
      vertex -8.92705 13.8532 4.99
      vertex -15.1086 7.41998 49.0064
      vertex -14.9726 7.45309 49.1621
    endloop
  endfacet
  facet normal -0.381387 0.920849 0.0811278
    outer loop
      vertex -9.22021 13.7406 4.99
      vertex -15.2361 7.38543 48.8439
      vertex -9.0751 13.8007 4.99
    endloop
  endfacet
  facet normal -0.565975 -0.628862 -0.533109
    outer loop
      vertex -14.5509 -0.340422 14.9014
      vertex -10.3354 5.10714 4
      vertex -10.3353 5.10705 4
    endloop
  endfacet
  facet normal -0.658504 -0.539806 -0.524387
    outer loop
      vertex -10.3354 5.10714 4
      vertex -14.5509 -0.340422 14.9014
      vertex -14.6862 -0.310789 15.0408
    endloop
  endfacet
  facet normal 0.901234 -0.144026 -0.408697
    outer loop
      vertex 15.3216 -0.118703 15.9445
      vertex 10.9667 6.52525 4
      vertex 15.407 -0.0814761 16.1197
    endloop
  endfacet
  facet normal 0.939504 0 -0.342538
    outer loop
      vertex 10.9667 6.52525 4
      vertex 15.3216 -0.118703 15.9445
      vertex 10.9667 6.52514 4
    endloop
  endfacet
  facet normal 0.793302 0.126575 0.595525
    outer loop
      vertex 15.1086 7.41998 49.0064
      vertex 15.1086 6.44183 49.2143
      vertex 15.2361 6.40728 49.0518
    endloop
  endfacet
  facet normal 0.87226 -0.217305 -0.43811
    outer loop
      vertex 15.2156 -0.159505 15.7526
      vertex 10.9015 6.21822 4
      vertex 15.3101 -0.123324 15.9228
    endloop
  endfacet
  facet normal 0.938752 0 -0.344594
    outer loop
      vertex 10.9015 6.21822 4
      vertex 15.2156 -0.159505 15.7526
      vertex 10.9015 6.21811 4
    endloop
  endfacet
  facet normal 0.707107 0.707107 0
    outer loop
      vertex 10.1213 13.1213 4.99
      vertex 10.1227 13.1199 4
      vertex 10.1213 13.1213 4
    endloop
  endfacet
  facet normal 0.722333 0.691546 4.3537e-05
    outer loop
      vertex 10.1227 13.1199 4
      vertex 10.1213 13.1213 4.99
      vertex 15.9126 7.06951 47.3576
    endloop
  endfacet
  facet normal 0.92393 -0.0690269 -0.376282
    outer loop
      vertex 15.6542 0.528902 16.5864
      vertex 10.9996 6.83808 4
      vertex 15.7343 0.569129 16.7757
    endloop
  endfacet
  facet normal 0.937919 0 -0.346854
    outer loop
      vertex 10.9996 6.83808 4
      vertex 15.6542 0.528902 16.5864
      vertex 10.9996 6.83797 4
    endloop
  endfacet
  facet normal 1.8609e-05 -0.978148 0.207911
    outer loop
      vertex 15.4227 5.35094 44.0821
      vertex 15.9781 6.00539 47.161
      vertex 15.3547 6.3714 48.883
    endloop
  endfacet
  facet normal 9.3249e-06 -0.978147 0.207913
    outer loop
      vertex 15.5885 5.29472 43.8176
      vertex 15.9781 6.00539 47.161
      vertex 15.4227 5.35094 44.0821
    endloop
  endfacet
  facet normal 5.36524e-07 -0.978147 0.207914
    outer loop
      vertex 15.9781 6.00539 47.161
      vertex 15.5885 5.29472 43.8176
      vertex 15.9549 5.15441 43.1575
    endloop
  endfacet
  facet normal -0.000273841 -0.978148 0.207908
    outer loop
      vertex 15.8093 -0.183424 18.0449
      vertex 15.674 1.58505 26.3649
      vertex 15.7916 -0.178169 18.0696
    endloop
  endfacet
  facet normal -3.35204e-05 -0.978148 0.207912
    outer loop
      vertex 15.674 1.58505 26.3649
      vertex 15.8093 -0.183424 18.0449
      vertex 15.8594 1.65608 26.6991
    endloop
  endfacet
  facet normal -0.117569 -0.879391 -0.461356
    outer loop
      vertex -8.47343 4.03225 4
      vertex -12.331 -0.579972 13.7744
      vertex -12.5223 -0.572601 13.8091
    endloop
  endfacet
  facet normal -0.145239 -0.871432 -0.468521
    outer loop
      vertex -12.331 -0.579972 13.7744
      vertex -8.47343 4.03225 4
      vertex -8.47325 4.03222 4
    endloop
  endfacet
  facet normal 0.00094924 -0.978148 0.207909
    outer loop
      vertex 15.9781 6.00539 47.161
      vertex 15.9549 5.15441 43.1575
      vertex 15.9692 5.14894 43.1317
    endloop
  endfacet
  facet normal -3.4973e-05 -0.978148 0.207912
    outer loop
      vertex 15.9136 -0.184448 18.0401
      vertex 15.8594 1.65608 26.6991
      vertex 15.8093 -0.183424 18.0449
    endloop
  endfacet
  facet normal -8.22482e-05 -0.978148 0.207911
    outer loop
      vertex 15.8594 1.65608 26.6991
      vertex 15.9136 -0.184448 18.0401
      vertex 15.9331 1.68428 26.8318
    endloop
  endfacet
  facet normal -3.12427e-05 -0.978131 0.207989
    outer loop
      vertex 15.9136 -0.184448 18.0401
      vertex 15.8093 -0.183424 18.0449
      vertex 15.8512 -0.195886 17.9863
    endloop
  endfacet
  facet normal 0.960884 0.170355 -0.218358
    outer loop
      vertex 15.9126 0.694255 17.3643
      vertex 10.9667 11.4614 4
      vertex 15.9508 0.737068 17.5658
    endloop
  endfacet
  facet normal 0.894044 0.447022 0.0292794
    outer loop
      vertex 10.9667 11.4614 4
      vertex 15.9126 0.694255 17.3643
      vertex 10.9668 11.4612 4
    endloop
  endfacet
  facet normal -0.182716 0.983166 0
    outer loop
      vertex -8.4693 13.9631 4
      vertex -8.62373 13.9344 4.99
      vertex -8.4693 13.9631 4.99
    endloop
  endfacet
  facet normal -0.182716 0.983166 0
    outer loop
      vertex -8.62373 13.9344 4.99
      vertex -8.4693 13.9631 4
      vertex -8.62373 13.9344 4
    endloop
  endfacet
  facet normal -0.958789 -0.0589479 -0.277938
    outer loop
      vertex -15.8042 0.610172 16.9688
      vertex -15.834 0.141972 17.1709
      vertex -15.8637 0.651918 17.1652
    endloop
  endfacet
  facet normal -0.958659 -0.0591327 -0.278347
    outer loop
      vertex -15.834 0.141972 17.1709
      vertex -15.8042 0.610172 16.9688
      vertex -15.8042 0.121098 17.0727
    endloop
  endfacet
  facet normal 0.153295 -0.868673 -0.471071
    outer loop
      vertex 8.4736 4.03228 4
      vertex 12.5223 -0.572601 13.8091
      vertex 8.47343 4.03225 4
    endloop
  endfacet
  facet normal 0.153937 -0.868468 -0.47124
    outer loop
      vertex 12.5223 -0.572601 13.8091
      vertex 8.4736 4.03228 4
      vertex 12.7115 -0.563157 13.8535
    endloop
  endfacet
  facet normal -0.520079 -0.668596 -0.531506
    outer loop
      vertex -9.89203 4.66379 4
      vertex -14.2035 -0.405443 14.5955
      vertex -14.2154 -0.4035 14.6047
    endloop
  endfacet
  facet normal -0.515718 -0.672058 -0.531388
    outer loop
      vertex -14.2035 -0.405443 14.5955
      vertex -9.89203 4.66379 4
      vertex -9.76754 4.56826 4
    endloop
  endfacet
  facet normal -0.649375 0.760469 0
    outer loop
      vertex -9.88795 13.3314 4
      vertex -10.0074 13.2294 4.99
      vertex -9.88795 13.3314 4.99
    endloop
  endfacet
  facet normal -0.649375 0.760469 0
    outer loop
      vertex -10.0074 13.2294 4.99
      vertex -9.88795 13.3314 4
      vertex -10.0074 13.2294 4
    endloop
  endfacet
  facet normal 0.273878 -0.821635 -0.499907
    outer loop
      vertex 8.93139 4.1422 4
      vertex 13.1187 -0.535733 13.9826
      vertex 8.93124 4.14215 4
    endloop
  endfacet
  facet normal 0.273347 -0.821878 -0.499798
    outer loop
      vertex 13.1187 -0.535733 13.9826
      vertex 8.93139 4.1422 4
      vertex 13.2986 -0.520232 14.0555
    endloop
  endfacet
  facet normal -0.734055 -0.44987 -0.508704
    outer loop
      vertex -14.8336 -0.275066 15.2089
      vertex -10.6019 5.49486 4
      vertex -10.5199 5.36106 4
    endloop
  endfacet
  facet normal -0.73218 -0.452303 -0.509249
    outer loop
      vertex -10.6019 5.49486 4
      vertex -14.8336 -0.275066 15.2089
      vertex -14.8427 -0.27272 15.2199
    endloop
  endfacet
  facet normal -0.596729 -0.596729 -0.536496
    outer loop
      vertex -14.9793 -0.235474 15.3952
      vertex -10.7444 5.77461 4
      vertex -10.7443 5.77451 4
    endloop
  endfacet
  facet normal -0.797942 -0.357631 -0.485169
    outer loop
      vertex -10.7444 5.77461 4
      vertex -14.9793 -0.235474 15.3952
      vertex -15.0912 -0.201642 15.5543
    endloop
  endfacet
  facet normal -0.760941 -0.413273 -0.500174
    outer loop
      vertex -14.9626 -0.240212 15.3729
      vertex -10.6768 5.63287 4
      vertex -10.6019 5.49496 4
    endloop
  endfacet
  facet normal -0.758642 -0.416511 -0.50098
    outer loop
      vertex -10.6768 5.63287 4
      vertex -14.9626 -0.240212 15.3729
      vertex -14.9713 -0.237837 15.3841
    endloop
  endfacet
  facet normal -0.923063 -0.0725753 -0.377739
    outer loop
      vertex -10.9873 6.68153 4
      vertex -15.6542 0.528902 16.5864
      vertex -10.9996 6.83797 4
    endloop
  endfacet
  facet normal 0.943056 0.319314 -0.0931897
    outer loop
      vertex 15.9945 0.823639 17.973
      vertex 10.8568 11.9193 4
      vertex 16 0.867165 18.1778
    endloop
  endfacet
  facet normal 0.938566 0 -0.345099
    outer loop
      vertex 10.8568 11.9193 4
      vertex 15.9945 0.823639 17.973
      vertex 10.8568 11.9191 4
    endloop
  endfacet
  facet normal -0.247155 -0.833454 -0.494235
    outer loop
      vertex -8.93124 4.14215 4
      vertex -13.1062 -0.536712 13.978
      vertex -13.1187 -0.535733 13.9826
    endloop
  endfacet
  facet normal -0.246983 -0.833527 -0.494198
    outer loop
      vertex -13.1062 -0.536712 13.978
      vertex -8.93124 4.14215 4
      vertex -8.78079 4.09757 4
    endloop
  endfacet
  facet normal 0 -0.97821 0.207616
    outer loop
      vertex 8.33272 6.73987 50.6164
      vertex 12 6.7501 50.6646
      vertex 8.24203 6.7501 50.6646
    endloop
  endfacet
  facet normal 0 -0.97821 0.207616
    outer loop
      vertex 12 6.7501 50.6646
      vertex 8.33272 6.73987 50.6164
      vertex 12.6257 6.73987 50.6164
    endloop
  endfacet
  facet normal 0 -0.97821 0.207616
    outer loop
      vertex -8.33272 6.73987 50.6164
      vertex -12 6.7501 50.6646
      vertex -12.6257 6.73987 50.6164
    endloop
  endfacet
  facet normal 0 -0.97821 0.207616
    outer loop
      vertex -12 6.7501 50.6646
      vertex -8.33272 6.73987 50.6164
      vertex -8.24203 6.7501 50.6646
    endloop
  endfacet
  facet normal 0 -0.978105 0.208114
    outer loop
      vertex -13.627 6.6782 50.3263
      vertex -9 6.66454 50.2621
      vertex -8.87896 6.6782 50.3263
    endloop
  endfacet
  facet normal -3.37488e-06 -0.978154 0.207881
    outer loop
      vertex -13.627 6.6782 50.3263
      vertex -9.8035 6.56217 49.7804
      vertex -9 6.66454 50.2621
    endloop
  endfacet
  facet normal 1.90723e-06 -0.978147 0.207917
    outer loop
      vertex -13.627 6.6782 50.3263
      vertex -10.5801 6.45119 49.2583
      vertex -9.8035 6.56217 49.7804
    endloop
  endfacet
  facet normal 0 -0.978145 0.207923
    outer loop
      vertex -11.0802 6.3714 48.883
      vertex -13.627 6.6782 50.3263
      vertex -15.3547 6.3714 48.883
    endloop
  endfacet
  facet normal 1.10005e-05 -0.978141 0.207941
    outer loop
      vertex -13.627 6.6782 50.3263
      vertex -11.0802 6.3714 48.883
      vertex -10.5801 6.45119 49.2583
    endloop
  endfacet
  facet normal 0 -0.978105 0.208114
    outer loop
      vertex 9 6.66454 50.2621
      vertex 13.627 6.6782 50.3263
      vertex 8.87896 6.6782 50.3263
    endloop
  endfacet
  facet normal 3.37488e-06 -0.978154 0.207881
    outer loop
      vertex 9.8035 6.56217 49.7804
      vertex 13.627 6.6782 50.3263
      vertex 9 6.66454 50.2621
    endloop
  endfacet
  facet normal -1.90723e-06 -0.978147 0.207917
    outer loop
      vertex 10.5801 6.45119 49.2583
      vertex 13.627 6.6782 50.3263
      vertex 9.8035 6.56217 49.7804
    endloop
  endfacet
  facet normal -1.10005e-05 -0.978141 0.207941
    outer loop
      vertex 11.0802 6.3714 48.883
      vertex 13.627 6.6782 50.3263
      vertex 10.5801 6.45119 49.2583
    endloop
  endfacet
  facet normal 0 -0.978145 0.207923
    outer loop
      vertex 13.627 6.6782 50.3263
      vertex 11.0802 6.3714 48.883
      vertex 15.3547 6.3714 48.883
    endloop
  endfacet
  facet normal -8.43077e-05 -0.978157 0.207868
    outer loop
      vertex 15.7343 6.21649 48.1542
      vertex 15.3547 6.3714 48.883
      vertex 15.9126 6.09137 47.5655
    endloop
  endfacet
  facet normal 0.824137 0.117753 0.554015
    outer loop
      vertex 15.2361 7.38543 48.8439
      vertex 15.2361 6.40728 49.0518
      vertex 15.3547 7.34955 48.6751
    endloop
  endfacet
  facet normal 0.999655 -0.00545941 -0.0256859
    outer loop
      vertex 16 -0.110982 18.3857
      vertex 15.9945 0.823639 17.973
      vertex 16 0.867165 18.1778
    endloop
  endfacet
  facet normal 0.999655 -0.00546447 -0.0256974
    outer loop
      vertex 15.9945 0.823639 17.973
      vertex 16 -0.110982 18.3857
      vertex 15.9945 -0.154508 18.181
    endloop
  endfacet
  facet normal 0.999655 0.00545937 0.0256858
    outer loop
      vertex 15.9945 5.96198 46.9568
      vertex 16 6.8966 46.5441
      vertex 15.9945 6.94013 46.7489
    endloop
  endfacet
  facet normal 0.999655 0.00545948 0.0256861
    outer loop
      vertex 16 6.8966 46.5441
      vertex 15.9945 5.96198 46.9568
      vertex 16 5.91846 46.752
    endloop
  endfacet
  facet normal 0.566101 0.823327 0.040765
    outer loop
      vertex 9.76335 13.427 4.99
      vertex 9.63391 13.516 4.99
      vertex 15.7343 7.19464 47.9462
    endloop
  endfacet
  facet normal 0.000774977 -0.978065 0.208296
    outer loop
      vertex 15.6542 6.25672 48.3434
      vertex 15.3547 6.3714 48.883
      vertex 15.7343 6.21649 48.1542
    endloop
  endfacet
  facet normal 0.991467 0.0271016 0.12751
    outer loop
      vertex 15.9781 6.98354 46.9531
      vertex 15.9508 6.04855 47.3641
      vertex 15.9781 6.00539 47.161
    endloop
  endfacet
  facet normal 0.688367 0.7253 0.00950791
    outer loop
      vertex 10.1213 13.1213 4.99
      vertex 10.0074 13.2294 4.99
      vertex 15.9126 7.06951 47.3576
    endloop
  endfacet
  facet normal -0.000245897 -0.978361 0.206905
    outer loop
      vertex 12.8316 6.73193 50.5791
      vertex 12.6257 6.73987 50.6164
      vertex 13.0353 6.72177 50.5313
    endloop
  endfacet
  facet normal 0.0783178 0.996928 -0
    outer loop
      vertex 8.31358 13.9836 4
      vertex 8.15701 13.9959 4.99
      vertex 8.31358 13.9836 4.99
    endloop
  endfacet
  facet normal 0.0783178 0.996928 0
    outer loop
      vertex 8.15701 13.9959 4.99
      vertex 8.31358 13.9836 4
      vertex 8.15701 13.9959 4
    endloop
  endfacet
  facet normal 0.234724 0.966104 0.107456
    outer loop
      vertex 14.5173 7.54291 49.5848
      vertex 8.77646 13.8978 4.99
      vertex 14.3511 7.56942 49.7095
    endloop
  endfacet
  facet normal 0.608626 0.16496 0.77612
    outer loop
      vertex 14.3511 7.56942 49.7095
      vertex 14.3511 6.59127 49.9174
      vertex 14.5173 6.56477 49.7927
    endloop
  endfacet
  facet normal 0.382684 0.192076 0.903692
    outer loop
      vertex 13.4335 7.67301 50.1968
      vertex 13.4335 6.69487 50.4047
      vertex 13.627 7.65635 50.1184
    endloop
  endfacet
  facet normal 8.5284e-05 -0.978107 0.208104
    outer loop
      vertex 14 6.63868 50.1404
      vertex 13.627 6.6782 50.3263
      vertex 14.1786 6.61593 50.0334
    endloop
  endfacet
  facet normal 7.65229e-05 -0.97783 0.209398
    outer loop
      vertex 12.2094 6.74896 50.6592
      vertex 12 6.7501 50.6646
      vertex 12.4181 6.74555 50.6432
    endloop
  endfacet
  facet normal 0.000245897 -0.978361 0.206905
    outer loop
      vertex -12.8316 6.73193 50.5791
      vertex -13.0353 6.72177 50.5313
      vertex -12.6257 6.73987 50.6164
    endloop
  endfacet
  facet normal 0.130828 0.206115 0.969743
    outer loop
      vertex 12.4181 6.74555 50.6432
      vertex 12.6257 7.71801 50.4085
      vertex 12.4181 7.72369 50.4353
    endloop
  endfacet
  facet normal 0.130828 0.206115 0.969743
    outer loop
      vertex 12.6257 7.71801 50.4085
      vertex 12.4181 6.74555 50.6432
      vertex 12.6257 6.73987 50.6164
    endloop
  endfacet
  facet normal -0.130828 0.206115 0.969743
    outer loop
      vertex -12.6257 7.71801 50.4085
      vertex -12.4181 6.74555 50.6432
      vertex -12.4181 7.72369 50.4353
    endloop
  endfacet
  facet normal -0.130828 0.206115 0.969743
    outer loop
      vertex -12.4181 6.74555 50.6432
      vertex -12.6257 7.71801 50.4085
      vertex -12.6257 6.73987 50.6164
    endloop
  endfacet
  facet normal 5.6134e-05 -0.978358 0.206919
    outer loop
      vertex -12.4181 6.74555 50.6432
      vertex -12.6257 6.73987 50.6164
      vertex -12 6.7501 50.6646
    endloop
  endfacet
  facet normal -0.061785 0.989496 0.130692
    outer loop
      vertex -8.15701 13.9959 4.99
      vertex -12.8316 7.71008 50.3712
      vertex -12.6257 7.71801 50.4085
    endloop
  endfacet
  facet normal -0.476941 0.878935 0
    outer loop
      vertex -9.36197 13.673 4
      vertex -9.5 13.5981 4.99
      vertex -9.36197 13.673 4.99
    endloop
  endfacet
  facet normal -0.476941 0.878935 0
    outer loop
      vertex -9.5 13.5981 4.99
      vertex -9.36197 13.673 4
      vertex -9.5 13.5981 4
    endloop
  endfacet
  facet normal -7.65229e-05 -0.97783 0.209398
    outer loop
      vertex -12.2094 6.74896 50.6592
      vertex -12.4181 6.74555 50.6432
      vertex -12 6.7501 50.6646
    endloop
  endfacet
  facet normal 1.10509e-05 -0.978158 0.207862
    outer loop
      vertex -13.2361 6.7094 50.4731
      vertex -13.627 6.6782 50.3263
      vertex -13.0353 6.72177 50.5313
    endloop
  endfacet
  facet normal -0.284096 0.199336 0.937846
    outer loop
      vertex -13.0353 7.69991 50.3234
      vertex -13.2361 7.68755 50.2652
      vertex -13.0353 6.72177 50.5313
    endloop
  endfacet
  facet normal -0.333914 0.195967 0.922008
    outer loop
      vertex -13.4335 7.67301 50.1968
      vertex -13.2361 6.7094 50.4731
      vertex -13.2361 7.68755 50.2652
    endloop
  endfacet
  facet normal -0.333905 0.19597 0.92201
    outer loop
      vertex -13.2361 6.7094 50.4731
      vertex -13.4335 7.67301 50.1968
      vertex -13.4335 6.69487 50.4047
    endloop
  endfacet
  facet normal -0.382693 0.192074 0.903689
    outer loop
      vertex -13.627 7.65635 50.1184
      vertex -13.627 6.6782 50.3263
      vertex -13.4335 6.69487 50.4047
    endloop
  endfacet
  facet normal -0.942653 -0.0692995 -0.3265
    outer loop
      vertex -15.7343 0.569129 16.7757
      vertex -15.7693 0.100577 16.9762
      vertex -15.8042 0.610172 16.9688
    endloop
  endfacet
  facet normal -0.942555 -0.0694176 -0.326759
    outer loop
      vertex -15.7693 0.100577 16.9762
      vertex -15.7343 0.569129 16.7757
      vertex -15.7343 0.0800561 16.8796
    endloop
  endfacet
  facet normal -0.991467 0.0271016 0.12751
    outer loop
      vertex -15.9781 6.98354 46.9531
      vertex -15.9781 6.00539 47.161
      vertex -15.9508 6.04855 47.3641
    endloop
  endfacet
  facet normal -0.911681 0.406217 -0.0618573
    outer loop
      vertex -10.7419 12.219 4
      vertex -16 6.8966 46.5441
      vertex -15.9945 6.94013 46.7489
    endloop
  endfacet
  facet normal -0.429329 0.900321 0.0714021
    outer loop
      vertex -9.36197 13.673 4.99
      vertex -15.4641 7.31243 48.5004
      vertex -9.22021 13.7406 4.99
    endloop
  endfacet
  facet normal -0.00105774 -0.978028 0.208472
    outer loop
      vertex -15.4641 6.33428 48.7083
      vertex -15.564 6.29602 48.5283
      vertex -15.3547 6.3714 48.883
    endloop
  endfacet
  facet normal -0.938752 0 -0.344594
    outer loop
      vertex -15.2156 -0.159505 15.7526
      vertex -10.9015 6.21822 4
      vertex -10.9015 6.21811 4
    endloop
  endfacet
  facet normal -0.87226 -0.217305 -0.43811
    outer loop
      vertex -10.9015 6.21822 4
      vertex -15.2156 -0.159505 15.7526
      vertex -15.3101 -0.123324 15.9228
    endloop
  endfacet
  facet normal 0.855517 -0.253382 -0.451539
    outer loop
      vertex 15.2091 -0.161849 15.7416
      vertex 10.9015 6.21811 4
      vertex 15.2156 -0.159505 15.7526
    endloop
  endfacet
  facet normal 0.855426 -0.253569 -0.451607
    outer loop
      vertex 10.9015 6.21811 4
      vertex 15.2091 -0.161849 15.7416
      vertex 10.8569 6.06765 4
    endloop
  endfacet
  facet normal -0.608726 0.793381 0
    outer loop
      vertex -9.76335 13.427 4
      vertex -9.88795 13.3314 4.99
      vertex -9.76335 13.427 4.99
    endloop
  endfacet
  facet normal -0.608726 0.793381 0
    outer loop
      vertex -9.88795 13.3314 4.99
      vertex -9.76335 13.427 4
      vertex -9.88795 13.3314 4
    endloop
  endfacet
  facet normal 0.788806 -0.371947 -0.489328
    outer loop
      vertex 14.9713 -0.237837 15.3841
      vertex 10.7443 5.77451 4
      vertex 14.9793 -0.235474 15.3952
    endloop
  endfacet
  facet normal 0.786833 -0.374973 -0.490193
    outer loop
      vertex 10.7443 5.77451 4
      vertex 14.9713 -0.237837 15.3841
      vertex 10.6768 5.63287 4
    endloop
  endfacet
  facet normal -0.902515 0.089535 0.421249
    outer loop
      vertex -15.6542 7.23487 48.1355
      vertex -15.564 6.29602 48.5283
      vertex -15.564 7.27416 48.3204
    endloop
  endfacet
  facet normal -0.902516 0.0895333 0.421246
    outer loop
      vertex -15.564 6.29602 48.5283
      vertex -15.6542 7.23487 48.1355
      vertex -15.6542 6.25672 48.3434
    endloop
  endfacet
  facet normal -0.536299 0.842671 0.047844
    outer loop
      vertex -9.63391 13.516 4.99
      vertex -15.7343 7.19464 47.9462
      vertex -15.6542 7.23487 48.1355
    endloop
  endfacet
  facet normal -0.566101 0.823327 0.040765
    outer loop
      vertex -9.76335 13.427 4.99
      vertex -15.7343 7.19464 47.9462
      vertex -9.63391 13.516 4.99
    endloop
  endfacet
  facet normal -0.938011 0 -0.346605
    outer loop
      vertex -15.9508 0.737068 17.5658
      vertex -10.9381 11.6159 4
      vertex -10.9381 11.6157 4
    endloop
  endfacet
  facet normal -0.95896 0.222147 -0.176199
    outer loop
      vertex -10.9381 11.6159 4
      vertex -15.9508 0.737068 17.5658
      vertex -15.9781 0.780232 17.7688
    endloop
  endfacet
  facet normal -0.680988 0.732204 0.0115401
    outer loop
      vertex -10.0074 13.2294 4.99
      vertex -15.9126 7.06951 47.3576
      vertex -15.8637 7.11185 47.5568
    endloop
  endfacet
  facet normal 0.305779 0.94731 0.095406
    outer loop
      vertex 14.9726 7.45309 49.1621
      vertex 8.92705 13.8532 4.99
      vertex 14.8284 7.48467 49.3107
    endloop
  endfacet
  facet normal 0.810904 -0.336194 -0.478965
    outer loop
      vertex 15.0912 -0.201642 15.5543
      vertex 10.8044 5.91961 4
      vertex 15.0988 -0.199267 15.5655
    endloop
  endfacet
  facet normal 0.811214 -0.335675 -0.478805
    outer loop
      vertex 10.8044 5.91961 4
      vertex 15.0912 -0.201642 15.5543
      vertex 10.7444 5.77461 4
    endloop
  endfacet
  facet normal -0.972336 -0.048468 -0.228504
    outer loop
      vertex -15.8882 0.184013 17.3687
      vertex -15.9126 0.694255 17.3643
      vertex -15.8637 0.651918 17.1652
    endloop
  endfacet
  facet normal -0.972469 -0.0484695 -0.227934
    outer loop
      vertex -15.9126 0.694255 17.3643
      vertex -15.8882 0.184013 17.3687
      vertex -15.9126 0.205182 17.4683
    endloop
  endfacet
  facet normal -0.935412 0 -0.353559
    outer loop
      vertex -14.8427 -0.27272 15.2199
      vertex -10.6019 5.49496 4
      vertex -10.6019 5.49486 4
    endloop
  endfacet
  facet normal -0.755055 -0.421618 -0.502125
    outer loop
      vertex -10.6019 5.49496 4
      vertex -14.8427 -0.27272 15.2199
      vertex -14.9626 -0.240212 15.3729
    endloop
  endfacet
  facet normal -0.942751 -0.0693021 -0.326216
    outer loop
      vertex -15.7693 0.100577 16.9762
      vertex -15.8042 0.121098 17.0727
      vertex -15.8042 0.610172 16.9688
    endloop
  endfacet
  facet normal 0.16047 -0.866304 -0.47304
    outer loop
      vertex 8.62789 4.06086 4
      vertex 12.7115 -0.563157 13.8535
      vertex 8.4736 4.03228 4
    endloop
  endfacet
  facet normal 0.161309 -0.866029 -0.473259
    outer loop
      vertex 12.7115 -0.563157 13.8535
      vertex 8.62789 4.06086 4
      vertex 12.7237 -0.562524 13.8565
    endloop
  endfacet
  facet normal 0.360376 0.928903 0.0852577
    outer loop
      vertex 15.2361 7.38543 48.8439
      vertex 9.0751 13.8007 4.99
      vertex 15.1086 7.41998 49.0064
    endloop
  endfacet
  facet normal -0.875428 -0.209951 -0.43537
    outer loop
      vertex -15.3101 -0.123324 15.9228
      vertex -10.9381 6.37083 4
      vertex -10.9015 6.21822 4
    endloop
  endfacet
  facet normal -0.872553 -0.216541 -0.437905
    outer loop
      vertex -10.9381 6.37083 4
      vertex -15.3101 -0.123324 15.9228
      vertex -15.3162 -0.120989 15.9338
    endloop
  endfacet
  facet normal 0.840055 -0.284192 -0.462106
    outer loop
      vertex 15.0988 -0.199267 15.5655
      vertex 10.8568 6.06754 4
      vertex 15.1057 -0.19692 15.5766
    endloop
  endfacet
  facet normal 0.834018 -0.295427 -0.46598
    outer loop
      vertex 10.8568 6.06754 4
      vertex 15.0988 -0.199267 15.5655
      vertex 10.8044 5.91961 4
    endloop
  endfacet
  facet normal 0.129534 0.983956 0.122684
    outer loop
      vertex 8.4693 13.9631 4.99
      vertex 8.31358 13.9836 4.99
      vertex 13.4335 7.67301 50.1968
    endloop
  endfacet
  facet normal 0.907349 -0.125836 -0.401103
    outer loop
      vertex 15.407 -0.0814761 16.1197
      vertex 10.9872 6.68084 4
      vertex 15.412 -0.0792108 16.1303
    endloop
  endfacet
  facet normal 0.909326 -0.11981 -0.398461
    outer loop
      vertex 10.9872 6.68084 4
      vertex 15.407 -0.0814761 16.1197
      vertex 10.9667 6.52525 4
    endloop
  endfacet
  facet normal 0.480401 -0.699035 -0.529683
    outer loop
      vertex 9.76744 4.56818 4
      vertex 14.0361 -0.432031 14.4704
      vertex 9.63811 4.4793 4
    endloop
  endfacet
  facet normal 0.482493 -0.697502 -0.529804
    outer loop
      vertex 14.0361 -0.432031 14.4704
      vertex 9.76744 4.56818 4
      vertex 14.0483 -0.4302 14.4791
    endloop
  endfacet
  facet normal -0.786833 -0.374973 -0.490193
    outer loop
      vertex -14.9713 -0.237837 15.3841
      vertex -10.7443 5.77451 4
      vertex -10.6768 5.63287 4
    endloop
  endfacet
  facet normal -0.788806 -0.371947 -0.489328
    outer loop
      vertex -10.7443 5.77451 4
      vertex -14.9713 -0.237837 15.3841
      vertex -14.9793 -0.235474 15.3952
    endloop
  endfacet
  facet normal -0.407191 -0.749064 -0.522588
    outer loop
      vertex -9.50409 4.39716 4
      vertex -13.6838 -0.479546 14.2469
      vertex -13.6962 -0.477968 14.2543
    endloop
  endfacet
  facet normal -0.406794 -0.749311 -0.522543
    outer loop
      vertex -13.6838 -0.479546 14.2469
      vertex -9.50409 4.39716 4
      vertex -9.36618 4.32229 4
    endloop
  endfacet
  facet normal 0.328994 -0.794298 -0.510738
    outer loop
      vertex 9.22443 4.25468 4
      vertex 13.4872 -0.501646 14.1429
      vertex 9.07945 4.19463 4
    endloop
  endfacet
  facet normal 0.333465 -0.791934 -0.511509
    outer loop
      vertex 13.4872 -0.501646 14.1429
      vertex 9.22443 4.25468 4
      vertex 13.4998 -0.500345 14.1491
    endloop
  endfacet
  facet normal -0.192443 0.974665 0.113988
    outer loop
      vertex -8.62373 13.9344 4.99
      vertex -14.1786 7.59408 49.8255
      vertex -14 7.61683 49.9325
    endloop
  endfacet
  facet normal -0.231679 0.966786 0.107932
    outer loop
      vertex -8.77646 13.8978 4.99
      vertex -14.3511 7.56942 49.7095
      vertex -8.62373 13.9344 4.99
    endloop
  endfacet
  facet normal 0.991467 0.0271016 0.12751
    outer loop
      vertex 15.9508 7.0267 47.1562
      vertex 15.9508 6.04855 47.3641
      vertex 15.9781 6.98354 46.9531
    endloop
  endfacet
  facet normal 0.951156 0.281871 -0.125905
    outer loop
      vertex 10.9014 11.7686 4
      vertex 10.8568 11.9191 4
      vertex 15.9945 0.823639 17.973
    endloop
  endfacet
  facet normal -0.43021 0.187677 0.883004
    outer loop
      vertex -13.627 7.65635 50.1184
      vertex -13.816 6.65946 50.2382
      vertex -13.627 6.6782 50.3263
    endloop
  endfacet
  facet normal -0.566524 0.171319 0.80604
    outer loop
      vertex -14.3511 7.56942 49.7095
      vertex -14.3511 6.59127 49.9174
      vertex -14.1786 6.61593 50.0334
    endloop
  endfacet
  facet normal 0.608726 0.793381 -0
    outer loop
      vertex 9.88795 13.3314 4
      vertex 9.76335 13.427 4.99
      vertex 9.88795 13.3314 4.99
    endloop
  endfacet
  facet normal 0.608726 0.793381 0
    outer loop
      vertex 9.76335 13.427 4.99
      vertex 9.88795 13.3314 4
      vertex 9.76335 13.427 4
    endloop
  endfacet
  facet normal 0.280929 0.95453 0.0997583
    outer loop
      vertex 14.8284 7.48467 49.3107
      vertex 8.77646 13.8978 4.99
      vertex 14.6765 7.51464 49.4517
    endloop
  endfacet
  facet normal 0.628781 0.777171 0.025283
    outer loop
      vertex 15.8637 7.11185 47.5568
      vertex 9.88795 13.3314 4.99
      vertex 15.8042 7.1536 47.7532
    endloop
  endfacet
  facet normal 0.406794 -0.749311 -0.522543
    outer loop
      vertex 9.50409 4.39716 4
      vertex 13.6838 -0.479546 14.2469
      vertex 9.36618 4.32229 4
    endloop
  endfacet
  facet normal 0.407191 -0.749064 -0.522588
    outer loop
      vertex 13.6838 -0.479546 14.2469
      vertex 9.50409 4.39716 4
      vertex 13.6962 -0.477968 14.2543
    endloop
  endfacet
  facet normal 0.852739 0.108594 0.510925
    outer loop
      vertex 15.3547 7.34955 48.6751
      vertex 15.3547 6.3714 48.883
      vertex 15.4641 6.33428 48.7083
    endloop
  endfacet
  facet normal 0.522683 0.852527 -0
    outer loop
      vertex 9.63391 13.516 4
      vertex 9.5 13.5981 4.99
      vertex 9.63391 13.516 4.99
    endloop
  endfacet
  facet normal 0.522683 0.852527 0
    outer loop
      vertex 9.5 13.5981 4.99
      vertex 9.63391 13.516 4
      vertex 9.5 13.5981 4
    endloop
  endfacet
  facet normal -0.93344 -0.0243935 -0.357904
    outer loop
      vertex -10.9996 6.83808 4
      vertex -15.7343 0.569129 16.7757
      vertex -11.0037 6.99497 4
    endloop
  endfacet
  facet normal 0.231679 0.966786 0.107932
    outer loop
      vertex 8.77646 13.8978 4.99
      vertex 8.62373 13.9344 4.99
      vertex 14.3511 7.56942 49.7095
    endloop
  endfacet
  facet normal -0.67697 -0.519282 -0.521592
    outer loop
      vertex -14.6862 -0.310789 15.0408
      vertex -10.4309 5.23164 4
      vertex -10.3354 5.10714 4
    endloop
  endfacet
  facet normal -0.680589 -0.515194 -0.520935
    outer loop
      vertex -10.4309 5.23164 4
      vertex -14.6862 -0.310789 15.0408
      vertex -14.6962 -0.308499 15.0516
    endloop
  endfacet
  facet normal 0.991459 -0.0271266 -0.127566
    outer loop
      vertex 15.9781 0.291159 17.8728
      vertex 15.9508 0.737068 17.5658
      vertex 15.9781 0.780232 17.7688
    endloop
  endfacet
  facet normal 0.991467 -0.027089 -0.127512
    outer loop
      vertex 15.9508 0.737068 17.5658
      vertex 15.9781 0.291159 17.8728
      vertex 15.9508 0.247994 17.6697
    endloop
  endfacet
  facet normal 0.368452 -0.772468 -0.517239
    outer loop
      vertex 9.36618 4.32229 4
      vertex 13.6712 -0.480998 14.2401
      vertex 9.22456 4.25474 4
    endloop
  endfacet
  facet normal 0.368158 -0.772637 -0.517195
    outer loop
      vertex 13.6712 -0.480998 14.2401
      vertex 9.36618 4.32229 4
      vertex 13.6838 -0.479546 14.2469
    endloop
  endfacet
  facet normal 0.793212 0.608596 -0.0206235
    outer loop
      vertex 10.4283 12.762 4
      vertex 10.3327 12.8866 4
      vertex 15.9508 7.0267 47.1562
    endloop
  endfacet
  facet normal 0.428884 -0.735229 -0.524879
    outer loop
      vertex 9.50421 4.39723 4
      vertex 13.6962 -0.477968 14.2543
      vertex 9.50409 4.39716 4
    endloop
  endfacet
  facet normal 0.408418 -0.748299 -0.522726
    outer loop
      vertex 13.6962 -0.477968 14.2543
      vertex 9.50421 4.39723 4
      vertex 13.8628 -0.456754 14.3541
    endloop
  endfacet
  facet normal 0.115884 -0.879851 -0.460905
    outer loop
      vertex 8.47325 4.03222 4
      vertex 12.319 -0.580425 13.7723
      vertex 8.31768 4.01173 4
    endloop
  endfacet
  facet normal 0.113797 -0.880414 -0.460349
    outer loop
      vertex 12.319 -0.580425 13.7723
      vertex 8.47325 4.03222 4
      vertex 12.331 -0.579972 13.7744
    endloop
  endfacet
  facet normal 0.755055 -0.421618 -0.502125
    outer loop
      vertex 14.8427 -0.27272 15.2199
      vertex 10.6019 5.49496 4
      vertex 14.9626 -0.240212 15.3729
    endloop
  endfacet
  facet normal 0.935412 0 -0.353559
    outer loop
      vertex 10.6019 5.49496 4
      vertex 14.8427 -0.27272 15.2199
      vertex 10.6019 5.49486 4
    endloop
  endfacet
  facet normal -0.528819 -0.661024 -0.532351
    outer loop
      vertex -14.3873 -0.372912 14.7486
      vertex -10.1254 4.87388 4
      vertex -10.1253 4.8738 4
    endloop
  endfacet
  facet normal -0.608373 -0.591003 -0.529715
    outer loop
      vertex -10.1254 4.87388 4
      vertex -14.3873 -0.372912 14.7486
      vertex -14.5295 -0.344844 14.8806
    endloop
  endfacet
  facet normal 0.288491 -0.814691 -0.503042
    outer loop
      vertex 9.07931 4.19458 4
      vertex 13.2986 -0.520232 14.0555
      vertex 8.93139 4.1422 4
    endloop
  endfacet
  facet normal 0.28716 -0.815323 -0.50278
    outer loop
      vertex 13.2986 -0.520232 14.0555
      vertex 9.07931 4.19458 4
      vertex 13.3113 -0.519089 14.0609
    endloop
  endfacet
  facet normal 0.855724 0.515811 -0.040928
    outer loop
      vertex 15.9945 6.94013 46.7489
      vertex 10.5993 12.4987 4
      vertex 15.9781 6.98354 46.9531
    endloop
  endfacet
  facet normal 0.246983 -0.833527 -0.494198
    outer loop
      vertex 8.93124 4.14215 4
      vertex 13.1062 -0.536712 13.978
      vertex 8.78079 4.09757 4
    endloop
  endfacet
  facet normal 0.247155 -0.833454 -0.494235
    outer loop
      vertex 13.1062 -0.536712 13.978
      vertex 8.93124 4.14215 4
      vertex 13.1187 -0.535733 13.9826
    endloop
  endfacet
  facet normal -0.938306 0 -0.345805
    outer loop
      vertex -10.9873 11.3055 4
      vertex -15.9126 0.694255 17.3643
      vertex -10.9873 11.3056 4
    endloop
  endfacet
  facet normal -0.958412 0.117046 -0.26028
    outer loop
      vertex -15.9126 0.694255 17.3643
      vertex -10.9873 11.3055 4
      vertex -15.8637 0.651918 17.1652
    endloop
  endfacet
  facet normal -0.113797 -0.880414 -0.460349
    outer loop
      vertex -8.47325 4.03222 4
      vertex -12.319 -0.580425 13.7723
      vertex -12.331 -0.579972 13.7744
    endloop
  endfacet
  facet normal -0.115884 -0.879851 -0.460905
    outer loop
      vertex -12.319 -0.580425 13.7723
      vertex -8.47325 4.03222 4
      vertex -8.31768 4.01173 4
    endloop
  endfacet
  facet normal -0.960854 0.178097 -0.212226
    outer loop
      vertex -10.9667 11.4614 4
      vertex -15.9508 0.737068 17.5658
      vertex -10.9381 11.6157 4
    endloop
  endfacet
  facet normal 0.290601 -0.813683 -0.503459
    outer loop
      vertex 9.07945 4.19463 4
      vertex 13.3113 -0.519089 14.0609
      vertex 9.07931 4.19458 4
    endloop
  endfacet
  facet normal 0.316396 -0.800931 -0.508334
    outer loop
      vertex 13.3113 -0.519089 14.0609
      vertex 9.07945 4.19463 4
      vertex 13.4872 -0.501646 14.1429
    endloop
  endfacet
  facet normal 0.145239 -0.871432 -0.468521
    outer loop
      vertex 8.47343 4.03225 4
      vertex 12.331 -0.579972 13.7744
      vertex 8.47325 4.03222 4
    endloop
  endfacet
  facet normal 0.117569 -0.879391 -0.461356
    outer loop
      vertex 12.331 -0.579972 13.7744
      vertex 8.47343 4.03225 4
      vertex 12.5223 -0.572601 13.8091
    endloop
  endfacet
  facet normal -0.13052 0.991446 0
    outer loop
      vertex -8.31358 13.9836 4
      vertex -8.4693 13.9631 4.99
      vertex -8.31358 13.9836 4.99
    endloop
  endfacet
  facet normal -0.13052 0.991446 0
    outer loop
      vertex -8.4693 13.9631 4.99
      vertex -8.31358 13.9836 4
      vertex -8.4693 13.9631 4
    endloop
  endfacet
  facet normal 0.444191 -0.724735 -0.526738
    outer loop
      vertex 9.638 4.47923 4
      vertex 13.8628 -0.456754 14.3541
      vertex 9.50421 4.39723 4
    endloop
  endfacet
  facet normal 0.447505 -0.722489 -0.527019
    outer loop
      vertex 13.8628 -0.456754 14.3541
      vertex 9.638 4.47923 4
      vertex 13.8751 -0.455044 14.3622
    endloop
  endfacet
  facet normal -0.334218 0.942496 0
    outer loop
      vertex -8.92705 13.8532 4
      vertex -9.0751 13.8007 4.99
      vertex -8.92705 13.8532 4.99
    endloop
  endfacet
  facet normal -0.334218 0.942496 0
    outer loop
      vertex -9.0751 13.8007 4.99
      vertex -8.92705 13.8532 4
      vertex -9.0751 13.8007 4
    endloop
  endfacet
  facet normal 0.938025 0 -0.346569
    outer loop
      vertex 15.8637 0.651918 17.1652
      vertex 10.9996 11.1489 4
      vertex 10.9996 11.149 4
    endloop
  endfacet
  facet normal 0.95139 0.0626608 -0.301546
    outer loop
      vertex 10.9996 11.1489 4
      vertex 15.8637 0.651918 17.1652
      vertex 15.8042 0.610172 16.9688
    endloop
  endfacet
  facet normal 0.938306 0 -0.345805
    outer loop
      vertex 15.9126 0.694255 17.3643
      vertex 10.9873 11.3055 4
      vertex 10.9873 11.3056 4
    endloop
  endfacet
  facet normal 0.958412 0.117046 -0.26028
    outer loop
      vertex 10.9873 11.3055 4
      vertex 15.9126 0.694255 17.3643
      vertex 15.8637 0.651918 17.1652
    endloop
  endfacet
  facet normal 0.972469 -0.0484695 -0.227934
    outer loop
      vertex 15.8882 0.184013 17.3687
      vertex 15.9126 0.694255 17.3643
      vertex 15.9126 0.205182 17.4683
    endloop
  endfacet
  facet normal 0.972336 -0.048468 -0.228504
    outer loop
      vertex 15.9126 0.694255 17.3643
      vertex 15.8882 0.184013 17.3687
      vertex 15.8637 0.651918 17.1652
    endloop
  endfacet
  facet normal -0.00318175 -0.97811 0.208064
    outer loop
      vertex 15.9848 -0.171409 18.1014
      vertex 15.9945 -0.154508 18.181
      vertex 16 -0.110982 18.3857
    endloop
  endfacet
  facet normal -0.00561745 -0.978039 0.208346
    outer loop
      vertex 15.9945 -0.154508 18.181
      vertex 15.9848 -0.171409 18.1014
      vertex 15.9884 -0.170748 18.1046
    endloop
  endfacet
  facet normal 0.457619 0.886736 0.0654486
    outer loop
      vertex 15.564 7.27416 48.3204
      vertex 9.36197 13.673 4.99
      vertex 15.4641 7.31243 48.5004
    endloop
  endfacet
  facet normal 0.923984 0.0795076 0.374076
    outer loop
      vertex 15.6542 6.25672 48.3434
      vertex 15.7343 7.19464 47.9462
      vertex 15.6542 7.23487 48.1355
    endloop
  endfacet
  facet normal 0.923915 0.0795785 0.374229
    outer loop
      vertex 15.7343 7.19464 47.9462
      vertex 15.6542 6.25672 48.3434
      vertex 15.7343 6.21649 48.1542
    endloop
  endfacet
  facet normal 0.760604 0.649125 -0.0108754
    outer loop
      vertex 10.3327 12.8866 4
      vertex 10.2308 13.006 4
      vertex 15.9508 7.0267 47.1562
    endloop
  endfacet
  facet normal 0.996929 0.016282 0.0766054
    outer loop
      vertex 15.9781 6.98354 46.9531
      vertex 15.9781 6.00539 47.161
      vertex 15.9945 5.96198 46.9568
    endloop
  endfacet
  facet normal 0.902515 0.089535 0.421249
    outer loop
      vertex 15.564 6.29602 48.5283
      vertex 15.6542 7.23487 48.1355
      vertex 15.564 7.27416 48.3204
    endloop
  endfacet
  facet normal 0.902516 0.0895333 0.421246
    outer loop
      vertex 15.6542 7.23487 48.1355
      vertex 15.564 6.29602 48.5283
      vertex 15.6542 6.25672 48.3434
    endloop
  endfacet
  facet normal 0.972361 0.0485408 0.22838
    outer loop
      vertex 15.8637 6.1337 47.7647
      vertex 15.9126 7.06951 47.3576
      vertex 15.8637 7.11185 47.5568
    endloop
  endfacet
  facet normal 0.972361 0.0485417 0.228382
    outer loop
      vertex 15.9126 7.06951 47.3576
      vertex 15.8637 6.1337 47.7647
      vertex 15.9126 6.09137 47.5655
    endloop
  endfacet
  facet normal 0.649375 0.760469 -0
    outer loop
      vertex 10.0074 13.2294 4
      vertex 9.88795 13.3314 4.99
      vertex 10.0074 13.2294 4.99
    endloop
  endfacet
  facet normal 0.649375 0.760469 0
    outer loop
      vertex 9.88795 13.3314 4.99
      vertex 10.0074 13.2294 4
      vertex 9.88795 13.3314 4
    endloop
  endfacet
  facet normal -0.00143463 -0.978409 0.206675
    outer loop
      vertex 14.9726 6.47494 49.3701
      vertex 14.8284 6.50652 49.5186
      vertex 15.1086 6.44183 49.2143
    endloop
  endfacet
  facet normal 0.72507 0.143176 0.673627
    outer loop
      vertex 14.8284 7.48467 49.3107
      vertex 14.8284 6.50652 49.5186
      vertex 14.9726 6.47494 49.3701
    endloop
  endfacet
  facet normal 0.233282 0.202164 0.951162
    outer loop
      vertex 12.8316 7.71008 50.3712
      vertex 12.8316 6.73193 50.5791
      vertex 13.0353 6.72177 50.5313
    endloop
  endfacet
  facet normal 0.608632 0.16496 0.776115
    outer loop
      vertex 14.5173 7.54291 49.5848
      vertex 14.3511 7.56942 49.7095
      vertex 14.5173 6.56477 49.7927
    endloop
  endfacet
  facet normal 0.566524 0.171319 0.80604
    outer loop
      vertex 14.3511 7.56942 49.7095
      vertex 14.1786 6.61593 50.0334
      vertex 14.3511 6.59127 49.9174
    endloop
  endfacet
  facet normal 0.182716 0.983166 -0
    outer loop
      vertex 8.62373 13.9344 4
      vertex 8.4693 13.9631 4.99
      vertex 8.62373 13.9344 4.99
    endloop
  endfacet
  facet normal 0.182716 0.983166 0
    outer loop
      vertex 8.4693 13.9631 4.99
      vertex 8.62373 13.9344 4
      vertex 8.4693 13.9631 4
    endloop
  endfacet
  facet normal 0.0258676 0.990604 0.134291
    outer loop
      vertex 8.15701 13.9959 4.99
      vertex 8 14 4.99
      vertex 12.2094 7.72711 50.4513
    endloop
  endfacet
  facet normal -0.233282 0.202164 0.951162
    outer loop
      vertex -12.8316 7.71008 50.3712
      vertex -13.0353 6.72177 50.5313
      vertex -12.8316 6.73193 50.5791
    endloop
  endfacet
  facet normal 0 -0.978143 0.207935
    outer loop
      vertex -8.87896 6.6782 50.3263
      vertex -12.6257 6.73987 50.6164
      vertex -13.627 6.6782 50.3263
    endloop
  endfacet
  facet normal 0 -0.978143 0.207935
    outer loop
      vertex -12.6257 6.73987 50.6164
      vertex -8.87896 6.6782 50.3263
      vertex -8.33272 6.73987 50.6164
    endloop
  endfacet
  facet normal 0 -0.978143 0.207935
    outer loop
      vertex 8.87896 6.6782 50.3263
      vertex 12.6257 6.73987 50.6164
      vertex 8.33272 6.73987 50.6164
    endloop
  endfacet
  facet normal 0 -0.978143 0.207935
    outer loop
      vertex 12.6257 6.73987 50.6164
      vertex 8.87896 6.6782 50.3263
      vertex 13.627 6.6782 50.3263
    endloop
  endfacet
  facet normal 0.000883912 -0.9785 0.206243
    outer loop
      vertex -13.816 6.65946 50.2382
      vertex -14 6.63868 50.1404
      vertex -13.627 6.6782 50.3263
    endloop
  endfacet
  facet normal -0.477091 0.182798 0.859633
    outer loop
      vertex -13.816 7.63761 50.0302
      vertex -14 7.61683 49.9325
      vertex -13.816 6.65946 50.2382
    endloop
  endfacet
  facet normal -0.649728 0.158039 0.743557
    outer loop
      vertex -14.6765 7.51464 49.4517
      vertex -14.6765 6.53649 49.6596
      vertex -14.5173 6.56477 49.7927
    endloop
  endfacet
  facet normal -0.284105 0.199333 0.937844
    outer loop
      vertex -13.2361 7.68755 50.2652
      vertex -13.2361 6.7094 50.4731
      vertex -13.0353 6.72177 50.5313
    endloop
  endfacet
  facet normal -4.57231e-05 -0.978146 0.207921
    outer loop
      vertex -15.9126 6.09137 47.5655
      vertex -15.9781 6.00539 47.161
      vertex -15.3547 6.3714 48.883
    endloop
  endfacet
  facet normal -0.760604 0.649125 -0.0108754
    outer loop
      vertex -10.3327 12.8866 4
      vertex -15.9508 7.0267 47.1562
      vertex -10.2308 13.006 4
    endloop
  endfacet
  facet normal 0.658504 -0.539806 -0.524387
    outer loop
      vertex 14.5509 -0.340422 14.9014
      vertex 10.3354 5.10714 4
      vertex 14.6862 -0.310789 15.0408
    endloop
  endfacet
  facet normal 0.565975 -0.628862 -0.533109
    outer loop
      vertex 10.3354 5.10714 4
      vertex 14.5509 -0.340422 14.9014
      vertex 10.3353 5.10705 4
    endloop
  endfacet
  facet normal 0 0.990538 0.137239
    outer loop
      vertex -15.9508 7.0267 47.1562
      vertex -10.2307 13.006 4
      vertex -10.2308 13.006 4
    endloop
  endfacet
  facet normal -0.736768 0.676134 -0.00397584
    outer loop
      vertex -10.2307 13.006 4
      vertex -15.9508 7.0267 47.1562
      vertex -15.9126 7.06951 47.3576
    endloop
  endfacet
  facet normal 0.00186882 -0.978207 0.207624
    outer loop
      vertex -15.9508 6.04855 47.3641
      vertex -15.9781 6.00539 47.161
      vertex -15.9126 6.09137 47.5655
    endloop
  endfacet
  facet normal -0.852739 0.108594 0.510925
    outer loop
      vertex -15.4641 7.31243 48.5004
      vertex -15.4641 6.33428 48.7083
      vertex -15.3547 7.34955 48.6751
    endloop
  endfacet
  facet normal -0.422741 0.903322 0.0727909
    outer loop
      vertex -9.22021 13.7406 4.99
      vertex -15.4641 7.31243 48.5004
      vertex -15.3547 7.34955 48.6751
    endloop
  endfacet
  facet normal -0.368158 -0.772637 -0.517195
    outer loop
      vertex -9.36618 4.32229 4
      vertex -13.6712 -0.480998 14.2401
      vertex -13.6838 -0.479546 14.2469
    endloop
  endfacet
  facet normal -0.368452 -0.772468 -0.517239
    outer loop
      vertex -13.6712 -0.480998 14.2401
      vertex -9.36618 4.32229 4
      vertex -9.22456 4.25474 4
    endloop
  endfacet
  facet normal 0.952897 0.271921 -0.134333
    outer loop
      vertex 15.9781 0.780232 17.7688
      vertex 10.9014 11.7686 4
      vertex 15.9945 0.823639 17.973
    endloop
  endfacet
  facet normal 0.676612 0.676612 0.290505
    outer loop
      vertex 10.9014 11.7686 4
      vertex 15.9781 0.780232 17.7688
      vertex 10.9015 11.7685 4
    endloop
  endfacet
  facet normal -0.707107 0.707107 0
    outer loop
      vertex -10.1227 13.1199 4
      vertex -10.1213 13.1213 4.99
      vertex -10.1213 13.1213 4
    endloop
  endfacet
  facet normal -0.722333 0.691546 4.3537e-05
    outer loop
      vertex -10.1213 13.1213 4.99
      vertex -10.1227 13.1199 4
      vertex -15.9126 7.06951 47.3576
    endloop
  endfacet
  facet normal -0.688398 0.725333 0
    outer loop
      vertex -10.0074 13.2294 4
      vertex -10.1213 13.1213 4.99
      vertex -10.0074 13.2294 4.99
    endloop
  endfacet
  facet normal -0.688398 0.725333 0
    outer loop
      vertex -10.1213 13.1213 4.99
      vertex -10.0074 13.2294 4
      vertex -10.1213 13.1213 4
    endloop
  endfacet
  facet normal -0.522 0.851413 0.0511118
    outer loop
      vertex -9.63391 13.516 4.99
      vertex -15.6542 7.23487 48.1355
      vertex -9.5 13.5981 4.99
    endloop
  endfacet
  facet normal 0.796116 0.604762 -0.0215046
    outer loop
      vertex 15.9781 6.98354 46.9531
      vertex 10.4283 12.762 4
      vertex 15.9508 7.0267 47.1562
    endloop
  endfacet
  facet normal -0.937814 0 -0.347139
    outer loop
      vertex -11.0037 10.9918 4
      vertex -15.8042 0.610172 16.9688
      vertex -11.0037 10.992 4
    endloop
  endfacet
  facet normal -0.939746 0.00757786 -0.341788
    outer loop
      vertex -15.8042 0.610172 16.9688
      vertex -11.0037 10.9918 4
      vertex -15.7343 0.569129 16.7757
    endloop
  endfacet
  facet normal -0.923983 -0.0794715 -0.374084
    outer loop
      vertex -15.6542 0.528902 16.5864
      vertex -15.7343 0.0800561 16.8796
      vertex -15.7343 0.569129 16.7757
    endloop
  endfacet
  facet normal -0.923915 -0.079579 -0.37423
    outer loop
      vertex -15.7343 0.0800561 16.8796
      vertex -15.6542 0.528902 16.5864
      vertex -15.6542 0.0398289 16.6904
    endloop
  endfacet
  facet normal -0.972253 -0.0486126 -0.228827
    outer loop
      vertex -15.8637 0.162845 17.2691
      vertex -15.8882 0.184013 17.3687
      vertex -15.8637 0.651918 17.1652
    endloop
  endfacet
  facet normal -0.958919 -0.0589505 -0.277489
    outer loop
      vertex -15.834 0.141972 17.1709
      vertex -15.8637 0.162845 17.2691
      vertex -15.8637 0.651918 17.1652
    endloop
  endfacet
  facet normal -0.991459 -0.0271266 -0.127566
    outer loop
      vertex -15.9508 0.737068 17.5658
      vertex -15.9781 0.291159 17.8728
      vertex -15.9781 0.780232 17.7688
    endloop
  endfacet
  facet normal -0.991467 -0.027089 -0.127512
    outer loop
      vertex -15.9781 0.291159 17.8728
      vertex -15.9508 0.737068 17.5658
      vertex -15.9508 0.247994 17.6697
    endloop
  endfacet
  facet normal -0.00027643 -0.978147 0.207913
    outer loop
      vertex -16 5.91846 46.752
      vertex -15.9812 5.14434 43.1101
      vertex -15.9781 6.00539 47.161
    endloop
  endfacet
  facet normal 0.000218418 -0.978147 0.207915
    outer loop
      vertex -15.9812 5.14434 43.1101
      vertex -16 5.91846 46.752
      vertex -16 5.13713 43.0762
    endloop
  endfacet
  facet normal -0.000465766 -0.978148 0.207911
    outer loop
      vertex -16 1.7099 26.9523
      vertex -16 -0.110982 18.3857
      vertex -15.9935 1.70741 26.9406
    endloop
  endfacet
  facet normal -0.361657 -0.77642 -0.516116
    outer loop
      vertex -9.22456 4.25474 4
      vertex -13.4998 -0.500345 14.1491
      vertex -13.6712 -0.480998 14.2401
    endloop
  endfacet
  facet normal -0.359034 -0.777907 -0.515708
    outer loop
      vertex -13.4998 -0.500345 14.1491
      vertex -9.22456 4.25474 4
      vertex -9.22443 4.25468 4
    endloop
  endfacet
  facet normal -0.906829 -0.131424 -0.400487
    outer loop
      vertex -10.9872 6.68084 4
      vertex -15.6542 0.528902 16.5864
      vertex -10.9873 6.68153 4
    endloop
  endfacet
  facet normal -0.920986 -0.0809887 -0.381084
    outer loop
      vertex -15.412 -0.0792108 16.1303
      vertex -15.6542 0.528902 16.5864
      vertex -10.9872 6.68084 4
    endloop
  endfacet
  facet normal -0.921001 -0.0810272 -0.381041
    outer loop
      vertex -15.6542 0.528902 16.5864
      vertex -15.412 -0.0792108 16.1303
      vertex -15.6542 0.0398289 16.6904
    endloop
  endfacet
  facet normal -0.999655 -0.00545941 -0.0256859
    outer loop
      vertex -15.9945 0.823639 17.973
      vertex -16 -0.110982 18.3857
      vertex -16 0.867165 18.1778
    endloop
  endfacet
  facet normal -0.999655 -0.00546447 -0.0256974
    outer loop
      vertex -16 -0.110982 18.3857
      vertex -15.9945 0.823639 17.973
      vertex -15.9945 -0.154508 18.181
    endloop
  endfacet
  facet normal -0.181492 0.976578 0.115567
    outer loop
      vertex -8.62373 13.9344 4.99
      vertex -14 7.61683 49.9325
      vertex -8.4693 13.9631 4.99
    endloop
  endfacet
  facet normal -0.52231 0.177288 0.834123
    outer loop
      vertex -14.1786 7.59408 49.8255
      vertex -14.1786 6.61593 50.0334
      vertex -14 7.61683 49.9325
    endloop
  endfacet
  facet normal -0.213301 0.970679 0.11084
    outer loop
      vertex -8.62373 13.9344 4.99
      vertex -14.3511 7.56942 49.7095
      vertex -14.1786 7.59408 49.8255
    endloop
  endfacet
  facet normal -0.390431 0.917205 0.0793591
    outer loop
      vertex -9.22021 13.7406 4.99
      vertex -15.3547 7.34955 48.6751
      vertex -15.2361 7.38543 48.8439
    endloop
  endfacet
  facet normal -0.793302 0.126575 0.595525
    outer loop
      vertex -15.2361 7.38543 48.8439
      vertex -15.2361 6.40728 49.0518
      vertex -15.1086 7.41998 49.0064
    endloop
  endfacet
  facet normal -0.305779 0.94731 0.095406
    outer loop
      vertex -8.92705 13.8532 4.99
      vertex -14.9726 7.45309 49.1621
      vertex -14.8284 7.48467 49.3107
    endloop
  endfacet
  facet normal -0.68836 0.150804 0.70952
    outer loop
      vertex -14.8284 7.48467 49.3107
      vertex -14.6765 6.53649 49.6596
      vertex -14.6765 7.51464 49.4517
    endloop
  endfacet
  facet normal -0.68836 0.150804 0.70952
    outer loop
      vertex -14.6765 6.53649 49.6596
      vertex -14.8284 7.48467 49.3107
      vertex -14.8284 6.50652 49.5186
    endloop
  endfacet
  facet normal -0.894044 0.447022 0.0292794
    outer loop
      vertex -15.9126 0.694255 17.3643
      vertex -10.9667 11.4614 4
      vertex -10.9668 11.4612 4
    endloop
  endfacet
  facet normal -0.960884 0.170355 -0.218358
    outer loop
      vertex -10.9667 11.4614 4
      vertex -15.9126 0.694255 17.3643
      vertex -15.9508 0.737068 17.5658
    endloop
  endfacet
  facet normal -0.580736 -0.616783 -0.531342
    outer loop
      vertex -10.1253 4.8738 4
      vertex -14.376 -0.375023 14.7387
      vertex -14.3873 -0.372912 14.7486
    endloop
  endfacet
  facet normal -0.583 -0.614735 -0.531237
    outer loop
      vertex -14.376 -0.375023 14.7387
      vertex -10.1253 4.8738 4
      vertex -10.0114 4.76578 4
    endloop
  endfacet
  facet normal 0.92186 0.381832 -0.066166
    outer loop
      vertex 10.802 12.0739 4
      vertex 10.7419 12.219 4
      vertex 16 6.8966 46.5441
    endloop
  endfacet
  facet normal -0.72507 0.143176 0.673627
    outer loop
      vertex -14.8284 7.48467 49.3107
      vertex -14.9726 6.47494 49.3701
      vertex -14.8284 6.50652 49.5186
    endloop
  endfacet
  facet normal -0.760297 0.135109 0.635369
    outer loop
      vertex -14.9726 7.45309 49.1621
      vertex -15.1086 7.41998 49.0064
      vertex -14.9726 6.47494 49.3701
    endloop
  endfacet
  facet normal -0.725292 0.143193 0.673385
    outer loop
      vertex -14.9726 7.45309 49.1621
      vertex -14.9726 6.47494 49.3701
      vertex -14.8284 7.48467 49.3107
    endloop
  endfacet
  facet normal 0.000669701 -0.978242 0.207464
    outer loop
      vertex -15.2361 6.40728 49.0518
      vertex -15.3547 6.3714 48.883
      vertex -15.1086 6.44183 49.2143
    endloop
  endfacet
  facet normal -0.233041 0.972467 0
    outer loop
      vertex -8.62373 13.9344 4
      vertex -8.77646 13.8978 4.99
      vertex -8.62373 13.9344 4.99
    endloop
  endfacet
  facet normal -0.233041 0.972467 0
    outer loop
      vertex -8.77646 13.8978 4.99
      vertex -8.62373 13.9344 4
      vertex -8.77646 13.8978 4
    endloop
  endfacet
  facet normal -0.938025 0 -0.346569
    outer loop
      vertex -10.9996 11.1489 4
      vertex -15.8637 0.651918 17.1652
      vertex -10.9996 11.149 4
    endloop
  endfacet
  facet normal -0.95139 0.0626608 -0.301546
    outer loop
      vertex -15.8637 0.651918 17.1652
      vertex -10.9996 11.1489 4
      vertex -15.8042 0.610172 16.9688
    endloop
  endfacet
  facet normal 0.8944 -0.162736 -0.416612
    outer loop
      vertex 15.3162 -0.120989 15.9338
      vertex 10.9667 6.52514 4
      vertex 15.3216 -0.118703 15.9445
    endloop
  endfacet
  facet normal 0.893326 -0.16557 -0.417798
    outer loop
      vertex 10.9667 6.52514 4
      vertex 15.3162 -0.120989 15.9338
      vertex 10.9381 6.37083 4
    endloop
  endfacet
  facet normal 0.181492 0.976578 0.115567
    outer loop
      vertex 8.62373 13.9344 4.99
      vertex 8.4693 13.9631 4.99
      vertex 14 7.61683 49.9325
    endloop
  endfacet
  facet normal 0.649723 0.158041 0.743561
    outer loop
      vertex 14.5173 7.54291 49.5848
      vertex 14.5173 6.56477 49.7927
      vertex 14.6765 7.51464 49.4517
    endloop
  endfacet
  facet normal 0.257363 0.960726 0.103775
    outer loop
      vertex 14.6765 7.51464 49.4517
      vertex 8.77646 13.8978 4.99
      vertex 14.5173 7.54291 49.5848
    endloop
  endfacet
  facet normal -0.283976 0.958832 0
    outer loop
      vertex -8.77646 13.8978 4
      vertex -8.92705 13.8532 4.99
      vertex -8.77646 13.8978 4.99
    endloop
  endfacet
  facet normal -0.283976 0.958832 0
    outer loop
      vertex -8.92705 13.8532 4.99
      vertex -8.77646 13.8978 4
      vertex -8.92705 13.8532 4
    endloop
  endfacet
  facet normal 0.115712 0.985455 0.124458
    outer loop
      vertex 13.4335 7.67301 50.1968
      vertex 8.31358 13.9836 4.99
      vertex 13.2361 7.68755 50.2652
    endloop
  endfacet
  facet normal 0.332849 0.938633 0.0904416
    outer loop
      vertex 9.0751 13.8007 4.99
      vertex 8.92705 13.8532 4.99
      vertex 15.1086 7.41998 49.0064
    endloop
  endfacet
  facet normal 0.793302 0.126575 0.595525
    outer loop
      vertex 15.2361 7.38543 48.8439
      vertex 15.1086 7.41998 49.0064
      vertex 15.2361 6.40728 49.0518
    endloop
  endfacet
  facet normal 0.824137 0.117753 0.554015
    outer loop
      vertex 15.3547 7.34955 48.6751
      vertex 15.2361 6.40728 49.0518
      vertex 15.3547 6.3714 48.883
    endloop
  endfacet
  facet normal 0.00105774 -0.978028 0.208472
    outer loop
      vertex 15.4641 6.33428 48.7083
      vertex 15.3547 6.3714 48.883
      vertex 15.564 6.29602 48.5283
    endloop
  endfacet
  facet normal -0.00129998 -0.978223 0.207553
    outer loop
      vertex 15.8637 6.1337 47.7647
      vertex 15.8042 6.17545 47.9611
      vertex 15.9126 6.09137 47.5655
    endloop
  endfacet
  facet normal 0.58056 0.813362 0.0373095
    outer loop
      vertex 15.8042 7.1536 47.7532
      vertex 9.76335 13.427 4.99
      vertex 15.7343 7.19464 47.9462
    endloop
  endfacet
  facet normal -0.983222 0.0379243 0.178429
    outer loop
      vertex -15.9508 7.0267 47.1562
      vertex -15.9126 6.09137 47.5655
      vertex -15.9126 7.06951 47.3576
    endloop
  endfacet
  facet normal -0.983222 0.0379236 0.178427
    outer loop
      vertex -15.9126 6.09137 47.5655
      vertex -15.9508 7.0267 47.1562
      vertex -15.9508 6.04855 47.3641
    endloop
  endfacet
  facet normal 0.837713 -0.288596 -0.463626
    outer loop
      vertex 15.1057 -0.19692 15.5766
      vertex 10.8569 6.06765 4
      vertex 15.2091 -0.161849 15.7416
    endloop
  endfacet
  facet normal 0.62448 -0.567709 -0.536405
    outer loop
      vertex 10.8569 6.06765 4
      vertex 15.1057 -0.19692 15.5766
      vertex 10.8568 6.06754 4
    endloop
  endfacet
  facet normal -0.548085 -0.645496 -0.531919
    outer loop
      vertex -10.0114 4.7657 4
      vertex -14.2154 -0.4035 14.6047
      vertex -14.227 -0.401479 14.6142
    endloop
  endfacet
  facet normal -0.549829 -0.64403 -0.531896
    outer loop
      vertex -14.2154 -0.4035 14.6047
      vertex -10.0114 4.7657 4
      vertex -9.89203 4.66379 4
    endloop
  endfacet
  facet normal -0.482493 -0.697502 -0.529804
    outer loop
      vertex -9.76744 4.56818 4
      vertex -14.0361 -0.432031 14.4704
      vertex -14.0483 -0.4302 14.4791
    endloop
  endfacet
  facet normal -0.480401 -0.699035 -0.529683
    outer loop
      vertex -14.0361 -0.432031 14.4704
      vertex -9.76744 4.56818 4
      vertex -9.63811 4.4793 4
    endloop
  endfacet
  facet normal -0.959139 0.126365 -0.253148
    outer loop
      vertex -10.9873 11.3056 4
      vertex -15.9126 0.694255 17.3643
      vertex -10.9668 11.4612 4
    endloop
  endfacet
  facet normal 0.707584 -0.483424 -0.515389
    outer loop
      vertex 14.7057 -0.306192 15.0625
      vertex 10.5199 5.36106 4
      vertex 14.8336 -0.275066 15.2089
    endloop
  endfacet
  facet normal 0.565008 -0.627786 -0.535397
    outer loop
      vertex 10.5199 5.36106 4
      vertex 14.7057 -0.306192 15.0625
      vertex 10.5198 5.36097 4
    endloop
  endfacet
  facet normal 0.73218 -0.452303 -0.509249
    outer loop
      vertex 14.8336 -0.275066 15.2089
      vertex 10.6019 5.49486 4
      vertex 14.8427 -0.27272 15.2199
    endloop
  endfacet
  facet normal 0.734055 -0.44987 -0.508704
    outer loop
      vertex 10.6019 5.49486 4
      vertex 14.8336 -0.275066 15.2089
      vertex 10.5199 5.36106 4
    endloop
  endfacet
  facet normal 0.852121 0.521837 -0.0397032
    outer loop
      vertex 10.5993 12.4987 4
      vertex 10.5173 12.6326 4
      vertex 15.9781 6.98354 46.9531
    endloop
  endfacet
  facet normal 0.359034 -0.777907 -0.515708
    outer loop
      vertex 9.22456 4.25474 4
      vertex 13.4998 -0.500345 14.1491
      vertex 9.22443 4.25468 4
    endloop
  endfacet
  facet normal 0.361657 -0.77642 -0.516116
    outer loop
      vertex 13.4998 -0.500345 14.1491
      vertex 9.22456 4.25474 4
      vertex 13.6712 -0.480998 14.2401
    endloop
  endfacet
  facet normal -0.937776 0 -0.347241
    outer loop
      vertex -11.0037 6.99497 4
      vertex -15.7343 0.569129 16.7757
      vertex -11.0037 10.9918 4
    endloop
  endfacet
  facet normal -0.823554 0.566432 -0.0302063
    outer loop
      vertex -10.5173 12.6326 4
      vertex -15.9781 6.98354 46.9531
      vertex -10.4283 12.762 4
    endloop
  endfacet
  facet normal 0.204239 -0.850802 -0.484173
    outer loop
      vertex 8.78064 4.09753 4
      vertex 12.9103 -0.551031 13.9106
      vertex 8.62805 4.0609 4
    endloop
  endfacet
  facet normal 0.205536 -0.850312 -0.484483
    outer loop
      vertex 12.9103 -0.551031 13.9106
      vertex 8.78064 4.09753 4
      vertex 12.9226 -0.550223 13.9144
    endloop
  endfacet
  facet normal 0.224754 -0.842829 -0.489004
    outer loop
      vertex 8.78079 4.09757 4
      vertex 12.9226 -0.550223 13.9144
      vertex 8.78064 4.09753 4
    endloop
  endfacet
  facet normal 0.231763 -0.839996 -0.490604
    outer loop
      vertex 12.9226 -0.550223 13.9144
      vertex 8.78079 4.09757 4
      vertex 13.1062 -0.536712 13.978
    endloop
  endfacet
  facet normal 0.87758 0.476946 -0.0487401
    outer loop
      vertex 10.6743 12.3607 4
      vertex 10.5993 12.4987 4
      vertex 15.9945 6.94013 46.7489
    endloop
  endfacet
  facet normal 0.958789 -0.0589479 -0.277938
    outer loop
      vertex 15.834 0.141972 17.1709
      vertex 15.8042 0.610172 16.9688
      vertex 15.8637 0.651918 17.1652
    endloop
  endfacet
  facet normal 0.958659 -0.0591327 -0.278347
    outer loop
      vertex 15.8042 0.610172 16.9688
      vertex 15.834 0.141972 17.1709
      vertex 15.8042 0.121098 17.0727
    endloop
  endfacet
  facet normal -0.725651 0.688062 -0.000885677
    outer loop
      vertex -10.2307 13.006 4
      vertex -15.9126 7.06951 47.3576
      vertex -10.1227 13.1199 4
    endloop
  endfacet
  facet normal 0.942653 -0.0692995 -0.3265
    outer loop
      vertex 15.7693 0.100577 16.9762
      vertex 15.7343 0.569129 16.7757
      vertex 15.8042 0.610172 16.9688
    endloop
  endfacet
  facet normal 0.942555 -0.0694176 -0.326759
    outer loop
      vertex 15.7343 0.569129 16.7757
      vertex 15.7693 0.100577 16.9762
      vertex 15.7343 0.0800561 16.8796
    endloop
  endfacet
  facet normal 0.937814 0 -0.347139
    outer loop
      vertex 15.8042 0.610172 16.9688
      vertex 11.0037 10.9918 4
      vertex 11.0037 10.992 4
    endloop
  endfacet
  facet normal 0.939746 0.00757786 -0.341788
    outer loop
      vertex 11.0037 10.9918 4
      vertex 15.8042 0.610172 16.9688
      vertex 15.7343 0.569129 16.7757
    endloop
  endfacet
  facet normal 0.983237 -0.0378891 -0.17835
    outer loop
      vertex 15.9508 0.247994 17.6697
      vertex 15.9126 0.694255 17.3643
      vertex 15.9508 0.737068 17.5658
    endloop
  endfacet
  facet normal 0.983222 -0.0379415 -0.178425
    outer loop
      vertex 15.9126 0.694255 17.3643
      vertex 15.9508 0.247994 17.6697
      vertex 15.9126 0.205182 17.4683
    endloop
  endfacet
  facet normal 0.972253 -0.0486126 -0.228827
    outer loop
      vertex 15.8882 0.184013 17.3687
      vertex 15.8637 0.162845 17.2691
      vertex 15.8637 0.651918 17.1652
    endloop
  endfacet
  facet normal -0.706017 -0.485308 -0.515767
    outer loop
      vertex -14.6962 -0.308499 15.0516
      vertex -10.5198 5.36097 4
      vertex -10.4309 5.23164 4
    endloop
  endfacet
  facet normal -0.708319 -0.482534 -0.515214
    outer loop
      vertex -10.5198 5.36097 4
      vertex -14.6962 -0.308499 15.0516
      vertex -14.7057 -0.306192 15.0625
    endloop
  endfacet
  facet normal 0.000465766 -0.978148 0.207911
    outer loop
      vertex 16 1.7099 26.9523
      vertex 15.9935 1.70741 26.9406
      vertex 16 -0.110982 18.3857
    endloop
  endfacet
  facet normal 0.00027643 -0.978147 0.207913
    outer loop
      vertex 15.9812 5.14434 43.1101
      vertex 16 5.91846 46.752
      vertex 15.9781 6.00539 47.161
    endloop
  endfacet
  facet normal -0.000218418 -0.978147 0.207915
    outer loop
      vertex 16 5.91846 46.752
      vertex 15.9812 5.14434 43.1101
      vertex 16 5.13713 43.0762
    endloop
  endfacet
  facet normal -0.00156813 -0.978166 0.207818
    outer loop
      vertex 15.9945 5.96198 46.9568
      vertex 15.9781 6.00539 47.161
      vertex 16 5.91846 46.752
    endloop
  endfacet
  facet normal 4.57231e-05 -0.978146 0.207921
    outer loop
      vertex 15.9126 6.09137 47.5655
      vertex 15.3547 6.3714 48.883
      vertex 15.9781 6.00539 47.161
    endloop
  endfacet
  facet normal -0.00186882 -0.978207 0.207624
    outer loop
      vertex 15.9508 6.04855 47.3641
      vertex 15.9126 6.09137 47.5655
      vertex 15.9781 6.00539 47.161
    endloop
  endfacet
  facet normal 0.649728 0.158039 0.743557
    outer loop
      vertex 14.6765 7.51464 49.4517
      vertex 14.5173 6.56477 49.7927
      vertex 14.6765 6.53649 49.6596
    endloop
  endfacet
  facet normal 0.000206692 -0.978103 0.208122
    outer loop
      vertex 14.8284 6.50652 49.5186
      vertex 14.6765 6.53649 49.6596
      vertex 15.1086 6.44183 49.2143
    endloop
  endfacet
  facet normal -0.000483105 -0.978287 0.207252
    outer loop
      vertex 14.3511 6.59127 49.9174
      vertex 14.1786 6.61593 50.0334
      vertex 14.5173 6.56477 49.7927
    endloop
  endfacet
  facet normal 0.182108 0.204426 0.961794
    outer loop
      vertex 12.6257 6.73987 50.6164
      vertex 12.8316 7.71008 50.3712
      vertex 12.6257 7.71801 50.4085
    endloop
  endfacet
  facet normal 0.182117 0.204423 0.961792
    outer loop
      vertex 12.8316 7.71008 50.3712
      vertex 12.6257 6.73987 50.6164
      vertex 12.8316 6.73193 50.5791
    endloop
  endfacet
  facet normal 0.284096 0.199336 0.937846
    outer loop
      vertex 13.0353 7.69991 50.3234
      vertex 13.0353 6.72177 50.5313
      vertex 13.2361 7.68755 50.2652
    endloop
  endfacet
  facet normal 0.0261041 0.999659 -0
    outer loop
      vertex 8.15701 13.9959 4
      vertex 8 14 4.99
      vertex 8.15701 13.9959 4.99
    endloop
  endfacet
  facet normal 0.0261041 0.999659 0
    outer loop
      vertex 8 14 4.99
      vertex 8.15701 13.9959 4
      vertex 8 14 4
    endloop
  endfacet
  facet normal 0.284105 0.199333 0.937844
    outer loop
      vertex 13.2361 7.68755 50.2652
      vertex 13.0353 6.72177 50.5313
      vertex 13.2361 6.7094 50.4731
    endloop
  endfacet
  facet normal 0.078157 0.207264 0.975158
    outer loop
      vertex 12.2094 6.74896 50.6592
      vertex 12.4181 7.72369 50.4353
      vertex 12.2094 7.72711 50.4513
    endloop
  endfacet
  facet normal 0.0781472 0.207266 0.975158
    outer loop
      vertex 12.4181 7.72369 50.4353
      vertex 12.2094 6.74896 50.6592
      vertex 12.4181 6.74555 50.6432
    endloop
  endfacet
  facet normal -0.182108 0.204426 0.961794
    outer loop
      vertex -12.8316 7.71008 50.3712
      vertex -12.6257 6.73987 50.6164
      vertex -12.6257 7.71801 50.4085
    endloop
  endfacet
  facet normal -0.182117 0.204423 0.961792
    outer loop
      vertex -12.6257 6.73987 50.6164
      vertex -12.8316 7.71008 50.3712
      vertex -12.8316 6.73193 50.5791
    endloop
  endfacet
  facet normal -0.134142 0.983411 0.122102
    outer loop
      vertex -8.4693 13.9631 4.99
      vertex -13.627 7.65635 50.1184
      vertex -13.4335 7.67301 50.1968
    endloop
  endfacet
  facet normal -0.153075 0.980951 0.119594
    outer loop
      vertex -8.4693 13.9631 4.99
      vertex -13.816 7.63761 50.0302
      vertex -13.627 7.65635 50.1184
    endloop
  endfacet
  facet normal 0.00129998 -0.978223 0.207553
    outer loop
      vertex -15.8637 6.1337 47.7647
      vertex -15.9126 6.09137 47.5655
      vertex -15.8042 6.17545 47.9611
    endloop
  endfacet
  facet normal 8.43077e-05 -0.978157 0.207868
    outer loop
      vertex -15.7343 6.21649 48.1542
      vertex -15.9126 6.09137 47.5655
      vertex -15.3547 6.3714 48.883
    endloop
  endfacet
  facet normal -0.996929 0.016282 0.0766054
    outer loop
      vertex -15.9781 6.98354 46.9531
      vertex -15.9945 5.96198 46.9568
      vertex -15.9781 6.00539 47.161
    endloop
  endfacet
  facet normal -0.996929 0.016282 0.0766054
    outer loop
      vertex -15.9945 6.94013 46.7489
      vertex -15.9945 5.96198 46.9568
      vertex -15.9781 6.98354 46.9531
    endloop
  endfacet
  facet normal -0.972361 0.0485408 0.22838
    outer loop
      vertex -15.9126 7.06951 47.3576
      vertex -15.8637 6.1337 47.7647
      vertex -15.8637 7.11185 47.5568
    endloop
  endfacet
  facet normal -0.972361 0.0485417 0.228382
    outer loop
      vertex -15.8637 6.1337 47.7647
      vertex -15.9126 7.06951 47.3576
      vertex -15.9126 6.09137 47.5655
    endloop
  endfacet
  facet normal 0.583 -0.614735 -0.531237
    outer loop
      vertex 10.1253 4.8738 4
      vertex 14.376 -0.375023 14.7387
      vertex 10.0114 4.76578 4
    endloop
  endfacet
  facet normal 0.580736 -0.616783 -0.531342
    outer loop
      vertex 14.376 -0.375023 14.7387
      vertex 10.1253 4.8738 4
      vertex 14.3873 -0.372912 14.7486
    endloop
  endfacet
  facet normal -0.457619 0.886736 0.0654486
    outer loop
      vertex -9.36197 13.673 4.99
      vertex -15.564 7.27416 48.3204
      vertex -15.4641 7.31243 48.5004
    endloop
  endfacet
  facet normal -0.565008 -0.627786 -0.535397
    outer loop
      vertex -14.7057 -0.306192 15.0625
      vertex -10.5199 5.36106 4
      vertex -10.5198 5.36097 4
    endloop
  endfacet
  facet normal -0.707584 -0.483424 -0.515389
    outer loop
      vertex -10.5199 5.36106 4
      vertex -14.7057 -0.306192 15.0625
      vertex -14.8336 -0.275066 15.2089
    endloop
  endfacet
  facet normal -0.852121 0.521837 -0.0397032
    outer loop
      vertex -10.5993 12.4987 4
      vertex -15.9781 6.98354 46.9531
      vertex -10.5173 12.6326 4
    endloop
  endfacet
  facet normal 0.549829 -0.64403 -0.531896
    outer loop
      vertex 10.0114 4.7657 4
      vertex 14.2154 -0.4035 14.6047
      vertex 9.89203 4.66379 4
    endloop
  endfacet
  facet normal 0.548085 -0.645496 -0.531919
    outer loop
      vertex 14.2154 -0.4035 14.6047
      vertex 10.0114 4.7657 4
      vertex 14.227 -0.401479 14.6142
    endloop
  endfacet
  facet normal -0.937919 0 -0.346854
    outer loop
      vertex -15.6542 0.528902 16.5864
      vertex -10.9996 6.83808 4
      vertex -10.9996 6.83797 4
    endloop
  endfacet
  facet normal -0.92393 -0.0690269 -0.376282
    outer loop
      vertex -10.9996 6.83808 4
      vertex -15.6542 0.528902 16.5864
      vertex -15.7343 0.569129 16.7757
    endloop
  endfacet
  facet normal -0.676612 0.676612 0.290505
    outer loop
      vertex -15.9781 0.780232 17.7688
      vertex -10.9014 11.7686 4
      vertex -10.9015 11.7685 4
    endloop
  endfacet
  facet normal -0.952897 0.271921 -0.134333
    outer loop
      vertex -10.9014 11.7686 4
      vertex -15.9781 0.780232 17.7688
      vertex -15.9945 0.823639 17.973
    endloop
  endfacet
  facet normal -0.958284 0.229838 -0.169899
    outer loop
      vertex -10.9381 11.6159 4
      vertex -15.9781 0.780232 17.7688
      vertex -10.9015 11.7685 4
    endloop
  endfacet
  facet normal -0.909326 -0.11981 -0.398461
    outer loop
      vertex -15.407 -0.0814761 16.1197
      vertex -10.9872 6.68084 4
      vertex -10.9667 6.52525 4
    endloop
  endfacet
  facet normal -0.907349 -0.125836 -0.401103
    outer loop
      vertex -10.9872 6.68084 4
      vertex -15.407 -0.0814761 16.1197
      vertex -15.412 -0.0792108 16.1303
    endloop
  endfacet
  facet normal -0.62448 -0.567709 -0.536405
    outer loop
      vertex -15.1057 -0.19692 15.5766
      vertex -10.8569 6.06765 4
      vertex -10.8568 6.06754 4
    endloop
  endfacet
  facet normal -0.837713 -0.288596 -0.463626
    outer loop
      vertex -10.8569 6.06765 4
      vertex -15.1057 -0.19692 15.5766
      vertex -15.2091 -0.161849 15.7416
    endloop
  endfacet
  facet normal 0.334218 0.942496 -0
    outer loop
      vertex 9.0751 13.8007 4
      vertex 8.92705 13.8532 4.99
      vertex 9.0751 13.8007 4.99
    endloop
  endfacet
  facet normal 0.334218 0.942496 0
    outer loop
      vertex 8.92705 13.8532 4.99
      vertex 9.0751 13.8007 4
      vertex 8.92705 13.8532 4
    endloop
  endfacet
  facet normal 0.939466 0.332847 -0.0813381
    outer loop
      vertex 10.8568 11.9193 4
      vertex 10.8044 12.0672 4
      vertex 16 0.867165 18.1778
    endloop
  endfacet
  facet normal 0.725651 0.688062 -0.000885677
    outer loop
      vertex 10.2307 13.006 4
      vertex 10.1227 13.1199 4
      vertex 15.9126 7.06951 47.3576
    endloop
  endfacet
  facet normal -0.566524 0.171319 0.80604
    outer loop
      vertex -14.1786 7.59408 49.8255
      vertex -14.3511 7.56942 49.7095
      vertex -14.1786 6.61593 50.0334
    endloop
  endfacet
  facet normal 0.000483105 -0.978287 0.207252
    outer loop
      vertex -14.3511 6.59127 49.9174
      vertex -14.5173 6.56477 49.7927
      vertex -14.1786 6.61593 50.0334
    endloop
  endfacet
  facet normal -0.649723 0.158041 0.743561
    outer loop
      vertex -14.5173 7.54291 49.5848
      vertex -14.6765 7.51464 49.4517
      vertex -14.5173 6.56477 49.7927
    endloop
  endfacet
  facet normal -0.234724 0.966104 0.107456
    outer loop
      vertex -8.77646 13.8978 4.99
      vertex -14.5173 7.54291 49.5848
      vertex -14.3511 7.56942 49.7095
    endloop
  endfacet
  facet normal -0.608626 0.16496 0.77612
    outer loop
      vertex -14.3511 7.56942 49.7095
      vertex -14.5173 6.56477 49.7927
      vertex -14.3511 6.59127 49.9174
    endloop
  endfacet
  facet normal -0.608632 0.16496 0.776115
    outer loop
      vertex -14.5173 7.54291 49.5848
      vertex -14.5173 6.56477 49.7927
      vertex -14.3511 7.56942 49.7095
    endloop
  endfacet
  facet normal -0.332849 0.938633 0.0904416
    outer loop
      vertex -9.0751 13.8007 4.99
      vertex -15.1086 7.41998 49.0064
      vertex -8.92705 13.8532 4.99
    endloop
  endfacet
  facet normal -0.360376 0.928903 0.0852577
    outer loop
      vertex -9.0751 13.8007 4.99
      vertex -15.2361 7.38543 48.8439
      vertex -15.1086 7.41998 49.0064
    endloop
  endfacet
  facet normal 0.566572 0.824012 -0
    outer loop
      vertex 9.76335 13.427 4
      vertex 9.63391 13.516 4.99
      vertex 9.76335 13.427 4.99
    endloop
  endfacet
  facet normal 0.566572 0.824012 0
    outer loop
      vertex 9.63391 13.516 4.99
      vertex 9.76335 13.427 4
      vertex 9.63391 13.516 4
    endloop
  endfacet
  facet normal -0.824137 0.117753 0.554015
    outer loop
      vertex -15.2361 7.38543 48.8439
      vertex -15.3547 7.34955 48.6751
      vertex -15.2361 6.40728 49.0518
    endloop
  endfacet
  facet normal -0.824137 0.117753 0.554015
    outer loop
      vertex -15.3547 7.34955 48.6751
      vertex -15.3547 6.3714 48.883
      vertex -15.2361 6.40728 49.0518
    endloop
  endfacet
  facet normal 0.0776641 0.988607 0.128934
    outer loop
      vertex 8.31358 13.9836 4.99
      vertex 8.15701 13.9959 4.99
      vertex 12.8316 7.71008 50.3712
    endloop
  endfacet
  facet normal 0.192443 0.974665 0.113988
    outer loop
      vertex 14.1786 7.59408 49.8255
      vertex 8.62373 13.9344 4.99
      vertex 14 7.61683 49.9325
    endloop
  endfacet
  facet normal 0.52231 0.177288 0.834123
    outer loop
      vertex 14 7.61683 49.9325
      vertex 14 6.63868 50.1404
      vertex 14.1786 6.61593 50.0334
    endloop
  endfacet
  facet normal 0.68836 0.150804 0.70952
    outer loop
      vertex 14.6765 6.53649 49.6596
      vertex 14.8284 7.48467 49.3107
      vertex 14.6765 7.51464 49.4517
    endloop
  endfacet
  facet normal 0.68836 0.150804 0.70952
    outer loop
      vertex 14.8284 7.48467 49.3107
      vertex 14.6765 6.53649 49.6596
      vertex 14.8284 6.50652 49.5186
    endloop
  endfacet
  facet normal -0.991467 0.0271016 0.12751
    outer loop
      vertex -15.9508 7.0267 47.1562
      vertex -15.9781 6.98354 46.9531
      vertex -15.9508 6.04855 47.3641
    endloop
  endfacet
  facet normal -0.953331 0.0749263 -0.292482
    outer loop
      vertex -10.9996 11.149 4
      vertex -15.8637 0.651918 17.1652
      vertex -10.9873 11.3055 4
    endloop
  endfacet
  facet normal 0.760297 0.135109 0.635369
    outer loop
      vertex 14.9726 7.45309 49.1621
      vertex 14.9726 6.47494 49.3701
      vertex 15.1086 7.41998 49.0064
    endloop
  endfacet
  facet normal 0.760494 0.134999 0.635157
    outer loop
      vertex 15.1086 7.41998 49.0064
      vertex 14.9726 6.47494 49.3701
      vertex 15.1086 6.44183 49.2143
    endloop
  endfacet
  facet normal 0.429329 0.900321 0.0714021
    outer loop
      vertex 9.36197 13.673 4.99
      vertex 9.22021 13.7406 4.99
      vertex 15.4641 7.31243 48.5004
    endloop
  endfacet
  facet normal 0.958789 0.0590685 0.277912
    outer loop
      vertex 15.8042 6.17545 47.9611
      vertex 15.8637 7.11185 47.5568
      vertex 15.8042 7.1536 47.7532
    endloop
  endfacet
  facet normal 0.958789 0.0590685 0.277912
    outer loop
      vertex 15.8637 7.11185 47.5568
      vertex 15.8042 6.17545 47.9611
      vertex 15.8637 6.1337 47.7647
    endloop
  endfacet
  facet normal 0.536299 0.842671 0.047844
    outer loop
      vertex 15.7343 7.19464 47.9462
      vertex 9.63391 13.516 4.99
      vertex 15.6542 7.23487 48.1355
    endloop
  endfacet
  facet normal 0.996929 -0.0162195 -0.0766189
    outer loop
      vertex 15.9945 0.823639 17.973
      vertex 15.9884 0.318325 18.0006
      vertex 15.9781 0.780232 17.7688
    endloop
  endfacet
  facet normal 0.996964 -0.0161948 -0.076158
    outer loop
      vertex 15.9945 -0.154508 18.181
      vertex 15.9884 0.318325 18.0006
      vertex 15.9945 0.823639 17.973
    endloop
  endfacet
  facet normal 0.996964 -0.0161948 -0.0761581
    outer loop
      vertex 15.9884 0.318325 18.0006
      vertex 15.9945 -0.154508 18.181
      vertex 15.9884 -0.170748 18.1046
    endloop
  endfacet
  facet normal 0.996907 -0.0163463 -0.0768707
    outer loop
      vertex 15.9781 0.780232 17.7688
      vertex 15.9884 0.318325 18.0006
      vertex 15.9781 0.291159 17.8728
    endloop
  endfacet
  facet normal -4.23895e-05 -0.978156 0.207874
    outer loop
      vertex 14.1786 6.61593 50.0334
      vertex 13.627 6.6782 50.3263
      vertex 15.3547 6.3714 48.883
    endloop
  endfacet
  facet normal 9.07442e-05 -0.978128 0.208004
    outer loop
      vertex 15.1086 6.44183 49.2143
      vertex 14.1786 6.61593 50.0334
      vertex 15.3547 6.3714 48.883
    endloop
  endfacet
  facet normal -7.83679e-05 -0.978198 0.207677
    outer loop
      vertex 13.0353 6.72177 50.5313
      vertex 12.6257 6.73987 50.6164
      vertex 13.627 6.6782 50.3263
    endloop
  endfacet
  facet normal 0.333914 0.195967 0.922008
    outer loop
      vertex 13.2361 6.7094 50.4731
      vertex 13.4335 7.67301 50.1968
      vertex 13.2361 7.68755 50.2652
    endloop
  endfacet
  facet normal 0.333905 0.19597 0.92201
    outer loop
      vertex 13.4335 7.67301 50.1968
      vertex 13.2361 6.7094 50.4731
      vertex 13.4335 6.69487 50.4047
    endloop
  endfacet
  facet normal -9.07442e-05 -0.978128 0.208004
    outer loop
      vertex -15.1086 6.44183 49.2143
      vertex -15.3547 6.3714 48.883
      vertex -14.1786 6.61593 50.0334
    endloop
  endfacet
  facet normal 4.23895e-05 -0.978156 0.207874
    outer loop
      vertex -14.1786 6.61593 50.0334
      vertex -15.3547 6.3714 48.883
      vertex -13.627 6.6782 50.3263
    endloop
  endfacet
  facet normal -6.17128e-05 -0.978148 0.20791
    outer loop
      vertex -15.8042 6.17545 47.9611
      vertex -15.9126 6.09137 47.5655
      vertex -15.7343 6.21649 48.1542
    endloop
  endfacet
  facet normal 0.00156813 -0.978166 0.207818
    outer loop
      vertex -15.9945 5.96198 46.9568
      vertex -16 5.91846 46.752
      vertex -15.9781 6.00539 47.161
    endloop
  endfacet
  facet normal -0.92186 0.381832 -0.066166
    outer loop
      vertex -10.802 12.0739 4
      vertex -16 6.8966 46.5441
      vertex -10.7419 12.219 4
    endloop
  endfacet
  facet normal -0.000150724 -0.978114 0.20807
    outer loop
      vertex -14.6765 6.53649 49.6596
      vertex -15.1086 6.44183 49.2143
      vertex -14.1786 6.61593 50.0334
    endloop
  endfacet
  facet normal 0.000347229 -0.978249 0.207435
    outer loop
      vertex -14.5173 6.56477 49.7927
      vertex -14.6765 6.53649 49.6596
      vertex -14.1786 6.61593 50.0334
    endloop
  endfacet
  facet normal -8.5284e-05 -0.978107 0.208104
    outer loop
      vertex -14 6.63868 50.1404
      vertex -14.1786 6.61593 50.0334
      vertex -13.627 6.6782 50.3263
    endloop
  endfacet
  facet normal -0.52231 0.177288 0.834123
    outer loop
      vertex -14 7.61683 49.9325
      vertex -14.1786 6.61593 50.0334
      vertex -14 6.63868 50.1404
    endloop
  endfacet
  facet normal -0.280929 0.95453 0.0997583
    outer loop
      vertex -8.77646 13.8978 4.99
      vertex -14.8284 7.48467 49.3107
      vertex -14.6765 7.51464 49.4517
    endloop
  endfacet
  facet normal -0.793302 0.126575 0.595525
    outer loop
      vertex -15.1086 7.41998 49.0064
      vertex -15.2361 6.40728 49.0518
      vertex -15.1086 6.44183 49.2143
    endloop
  endfacet
  facet normal -0.760494 0.134999 0.635157
    outer loop
      vertex -15.1086 7.41998 49.0064
      vertex -15.1086 6.44183 49.2143
      vertex -14.9726 6.47494 49.3701
    endloop
  endfacet
  facet normal 0.0265239 0.990595 0.134232
    outer loop
      vertex 12.4181 7.72369 50.4353
      vertex 8.15701 13.9959 4.99
      vertex 12.2094 7.72711 50.4513
    endloop
  endfacet
  facet normal 0.0441995 0.990194 0.132519
    outer loop
      vertex 12.6257 7.71801 50.4085
      vertex 8.15701 13.9959 4.99
      vertex 12.4181 7.72369 50.4353
    endloop
  endfacet
  facet normal 0.0974781 0.987143 0.126676
    outer loop
      vertex 13.2361 7.68755 50.2652
      vertex 8.31358 13.9836 4.99
      vertex 13.0353 7.69991 50.3234
    endloop
  endfacet
  facet normal 0.0795585 0.988483 0.128728
    outer loop
      vertex 13.0353 7.69991 50.3234
      vertex 8.31358 13.9836 4.99
      vertex 12.8316 7.71008 50.3712
    endloop
  endfacet
  facet normal 0.233041 0.972467 -0
    outer loop
      vertex 8.77646 13.8978 4
      vertex 8.62373 13.9344 4.99
      vertex 8.77646 13.8978 4.99
    endloop
  endfacet
  facet normal 0.233041 0.972467 0
    outer loop
      vertex 8.62373 13.9344 4.99
      vertex 8.77646 13.8978 4
      vertex 8.62373 13.9344 4
    endloop
  endfacet
  facet normal 0.172516 0.978048 0.116879
    outer loop
      vertex 14 7.61683 49.9325
      vertex 8.4693 13.9631 4.99
      vertex 13.816 7.63761 50.0302
    endloop
  endfacet
  facet normal 0.153075 0.980951 0.119594
    outer loop
      vertex 13.816 7.63761 50.0302
      vertex 8.4693 13.9631 4.99
      vertex 13.627 7.65635 50.1184
    endloop
  endfacet
  facet normal 0.381387 0.920849 0.0811278
    outer loop
      vertex 9.22021 13.7406 4.99
      vertex 9.0751 13.8007 4.99
      vertex 15.2361 7.38543 48.8439
    endloop
  endfacet
  facet normal 0.283976 0.958832 -0
    outer loop
      vertex 8.92705 13.8532 4
      vertex 8.77646 13.8978 4.99
      vertex 8.92705 13.8532 4.99
    endloop
  endfacet
  facet normal 0.283976 0.958832 0
    outer loop
      vertex 8.77646 13.8978 4.99
      vertex 8.92705 13.8532 4
      vertex 8.77646 13.8978 4
    endloop
  endfacet
  facet normal 0.430428 0.902625 -0
    outer loop
      vertex 9.36197 13.673 4
      vertex 9.22021 13.7406 4.99
      vertex 9.36197 13.673 4.99
    endloop
  endfacet
  facet normal 0.430428 0.902625 0
    outer loop
      vertex 9.22021 13.7406 4.99
      vertex 9.36197 13.673 4
      vertex 9.22021 13.7406 4
    endloop
  endfacet
  facet normal 0.852739 0.108594 0.510925
    outer loop
      vertex 15.4641 7.31243 48.5004
      vertex 15.3547 7.34955 48.6751
      vertex 15.4641 6.33428 48.7083
    endloop
  endfacet
  facet normal 0.87885 0.0991886 0.466673
    outer loop
      vertex 15.4641 6.33428 48.7083
      vertex 15.564 7.27416 48.3204
      vertex 15.4641 7.31243 48.5004
    endloop
  endfacet
  facet normal 0.878848 0.0991905 0.466677
    outer loop
      vertex 15.564 7.27416 48.3204
      vertex 15.4641 6.33428 48.7083
      vertex 15.564 6.29602 48.5283
    endloop
  endfacet
  facet normal 0.942601 0.0694543 0.326619
    outer loop
      vertex 15.7343 6.21649 48.1542
      vertex 15.8042 7.1536 47.7532
      vertex 15.7343 7.19464 47.9462
    endloop
  endfacet
  facet normal 0.942653 0.0693917 0.326482
    outer loop
      vertex 15.8042 7.1536 47.7532
      vertex 15.7343 6.21649 48.1542
      vertex 15.8042 6.17545 47.9611
    endloop
  endfacet
  facet normal 0.680988 0.732204 0.0115401
    outer loop
      vertex 15.9126 7.06951 47.3576
      vertex 10.0074 13.2294 4.99
      vertex 15.8637 7.11185 47.5568
    endloop
  endfacet
  facet normal 0.649245 0.760317 0.0199475
    outer loop
      vertex 10.0074 13.2294 4.99
      vertex 9.88795 13.3314 4.99
      vertex 15.8637 7.11185 47.5568
    endloop
  endfacet
  facet normal 0.983222 0.0379243 0.178429
    outer loop
      vertex 15.9126 6.09137 47.5655
      vertex 15.9508 7.0267 47.1562
      vertex 15.9126 7.06951 47.3576
    endloop
  endfacet
  facet normal 0.983222 0.0379236 0.178427
    outer loop
      vertex 15.9508 7.0267 47.1562
      vertex 15.9126 6.09137 47.5655
      vertex 15.9508 6.04855 47.3641
    endloop
  endfacet
  facet normal -1.10509e-05 -0.978158 0.207862
    outer loop
      vertex 13.2361 6.7094 50.4731
      vertex 13.0353 6.72177 50.5313
      vertex 13.627 6.6782 50.3263
    endloop
  endfacet
  facet normal 0.00046958 -0.977897 0.209087
    outer loop
      vertex 13.4335 6.69487 50.4047
      vertex 13.2361 6.7094 50.4731
      vertex 13.627 6.6782 50.3263
    endloop
  endfacet
  facet normal -0.958789 0.0590685 0.277912
    outer loop
      vertex -15.8637 7.11185 47.5568
      vertex -15.8042 6.17545 47.9611
      vertex -15.8042 7.1536 47.7532
    endloop
  endfacet
  facet normal -0.958789 0.0590685 0.277912
    outer loop
      vertex -15.8042 6.17545 47.9611
      vertex -15.8637 7.11185 47.5568
      vertex -15.8637 6.1337 47.7647
    endloop
  endfacet
  facet normal -0.999655 0.00545937 0.0256858
    outer loop
      vertex -16 6.8966 46.5441
      vertex -15.9945 5.96198 46.9568
      vertex -15.9945 6.94013 46.7489
    endloop
  endfacet
  facet normal -0.999655 0.00545948 0.0256861
    outer loop
      vertex -15.9945 5.96198 46.9568
      vertex -16 6.8966 46.5441
      vertex -16 5.91846 46.752
    endloop
  endfacet
  facet normal 0.000714511 -0.978147 0.207912
    outer loop
      vertex -15.9781 6.00539 47.161
      vertex -15.9812 5.14434 43.1101
      vertex -15.9692 5.14894 43.1317
    endloop
  endfacet
  facet normal -6.38724e-05 -0.978148 0.207911
    outer loop
      vertex -16 -0.110982 18.3857
      vertex -15.9331 1.68428 26.8318
      vertex -15.9935 1.70741 26.9406
    endloop
  endfacet
  facet normal 8.0842e-05 -0.97814 0.207948
    outer loop
      vertex -15.9136 -0.184448 18.0401
      vertex -16 -0.110982 18.3857
      vertex -15.9679 -0.174503 18.0869
    endloop
  endfacet
  facet normal -7.61812e-05 -0.978148 0.207911
    outer loop
      vertex -16 -0.110982 18.3857
      vertex -15.9136 -0.184448 18.0401
      vertex -15.9331 1.68428 26.8318
    endloop
  endfacet
  facet normal -0.938529 0.33619 -0.078354
    outer loop
      vertex -16 0.867165 18.1778
      vertex -10.802 12.0739 4
      vertex -10.8044 12.0672 4
    endloop
  endfacet
  facet normal -0.936729 0.342406 -0.0727805
    outer loop
      vertex -10.802 12.0739 4
      vertex -16 0.867165 18.1778
      vertex -16 6.8966 46.5441
    endloop
  endfacet
  facet normal -0.793212 0.608596 -0.0206235
    outer loop
      vertex -10.4283 12.762 4
      vertex -15.9508 7.0267 47.1562
      vertex -10.3327 12.8866 4
    endloop
  endfacet
  facet normal -0.796116 0.604762 -0.0215046
    outer loop
      vertex -10.4283 12.762 4
      vertex -15.9781 6.98354 46.9531
      vertex -15.9508 7.0267 47.1562
    endloop
  endfacet
  facet normal 0.52231 0.177288 0.834123
    outer loop
      vertex 14.1786 7.59408 49.8255
      vertex 14 7.61683 49.9325
      vertex 14.1786 6.61593 50.0334
    endloop
  endfacet
  facet normal 0.566524 0.171319 0.80604
    outer loop
      vertex 14.1786 7.59408 49.8255
      vertex 14.1786 6.61593 50.0334
      vertex 14.3511 7.56942 49.7095
    endloop
  endfacet
  facet normal 0.477091 0.182798 0.859633
    outer loop
      vertex 13.816 7.63761 50.0302
      vertex 13.816 6.65946 50.2382
      vertex 14 7.61683 49.9325
    endloop
  endfacet
  facet normal 0.430591 0.187726 0.882808
    outer loop
      vertex 13.816 7.63761 50.0302
      vertex 13.627 7.65635 50.1184
      vertex 13.816 6.65946 50.2382
    endloop
  endfacet
  facet normal 0.495022 0.866992 0.0572575
    outer loop
      vertex 15.6542 7.23487 48.1355
      vertex 9.5 13.5981 4.99
      vertex 15.564 7.27416 48.3204
    endloop
  endfacet
  facet normal 0.522 0.851413 0.0511118
    outer loop
      vertex 9.63391 13.516 4.99
      vertex 9.5 13.5981 4.99
      vertex 15.6542 7.23487 48.1355
    endloop
  endfacet
  facet normal 0.382648 0.923894 -0
    outer loop
      vertex 9.22021 13.7406 4
      vertex 9.0751 13.8007 4.99
      vertex 9.22021 13.7406 4.99
    endloop
  endfacet
  facet normal 0.382648 0.923894 0
    outer loop
      vertex 9.0751 13.8007 4.99
      vertex 9.22021 13.7406 4
      vertex 9.0751 13.8007 4
    endloop
  endfacet
  facet normal 0.95896 0.222147 -0.176199
    outer loop
      vertex 15.9508 0.737068 17.5658
      vertex 10.9381 11.6159 4
      vertex 15.9781 0.780232 17.7688
    endloop
  endfacet
  facet normal 0.938011 0 -0.346605
    outer loop
      vertex 10.9381 11.6159 4
      vertex 15.9508 0.737068 17.5658
      vertex 10.9381 11.6157 4
    endloop
  endfacet
  facet normal 0.960854 0.178097 -0.212226
    outer loop
      vertex 10.9667 11.4614 4
      vertex 10.9381 11.6157 4
      vertex 15.9508 0.737068 17.5658
    endloop
  endfacet
  facet normal -0.939466 0.332847 -0.0813381
    outer loop
      vertex -10.8568 11.9193 4
      vertex -16 0.867165 18.1778
      vertex -10.8044 12.0672 4
    endloop
  endfacet
  facet normal -0.938566 0 -0.345099
    outer loop
      vertex -15.9945 0.823639 17.973
      vertex -10.8568 11.9193 4
      vertex -10.8568 11.9191 4
    endloop
  endfacet
  facet normal -0.943056 0.319314 -0.0931897
    outer loop
      vertex -10.8568 11.9193 4
      vertex -15.9945 0.823639 17.973
      vertex -16 0.867165 18.1778
    endloop
  endfacet
  facet normal -0.983237 -0.0378891 -0.17835
    outer loop
      vertex -15.9126 0.694255 17.3643
      vertex -15.9508 0.247994 17.6697
      vertex -15.9508 0.737068 17.5658
    endloop
  endfacet
  facet normal -0.983222 -0.0379415 -0.178425
    outer loop
      vertex -15.9508 0.247994 17.6697
      vertex -15.9126 0.694255 17.3643
      vertex -15.9126 0.205182 17.4683
    endloop
  endfacet
  facet normal 0.477452 0.182673 0.859459
    outer loop
      vertex 14 7.61683 49.9325
      vertex 13.816 6.65946 50.2382
      vertex 14 6.63868 50.1404
    endloop
  endfacet
  facet normal -0.000883912 -0.9785 0.206243
    outer loop
      vertex 13.816 6.65946 50.2382
      vertex 13.627 6.6782 50.3263
      vertex 14 6.63868 50.1404
    endloop
  endfacet
  facet normal 0.476041 0.877276 0.0614148
    outer loop
      vertex 9.5 13.5981 4.99
      vertex 9.36197 13.673 4.99
      vertex 15.564 7.27416 48.3204
    endloop
  endfacet
  facet normal 0.282567 0.954076 0.099469
    outer loop
      vertex 8.92705 13.8532 4.99
      vertex 8.77646 13.8978 4.99
      vertex 14.8284 7.48467 49.3107
    endloop
  endfacet
  facet normal 0.00561745 -0.978039 0.208346
    outer loop
      vertex -15.9848 -0.171409 18.1014
      vertex -15.9945 -0.154508 18.181
      vertex -15.9884 -0.170748 18.1046
    endloop
  endfacet
  facet normal 0.00318175 -0.97811 0.208064
    outer loop
      vertex -15.9945 -0.154508 18.181
      vertex -15.9848 -0.171409 18.1014
      vertex -16 -0.110982 18.3857
    endloop
  endfacet
  facet normal -0.996907 -0.0163463 -0.0768707
    outer loop
      vertex -15.9781 0.780232 17.7688
      vertex -15.9781 0.291159 17.8728
      vertex -15.9884 0.318325 18.0006
    endloop
  endfacet
  facet normal -0.996929 -0.0162195 -0.0766189
    outer loop
      vertex -15.9884 0.318325 18.0006
      vertex -15.9945 0.823639 17.973
      vertex -15.9781 0.780232 17.7688
    endloop
  endfacet
  facet normal -0.996964 -0.0161948 -0.076158
    outer loop
      vertex -15.9884 0.318325 18.0006
      vertex -15.9945 -0.154508 18.181
      vertex -15.9945 0.823639 17.973
    endloop
  endfacet
  facet normal -0.996964 -0.0161948 -0.0761581
    outer loop
      vertex -15.9945 -0.154508 18.181
      vertex -15.9884 0.318325 18.0006
      vertex -15.9884 -0.170748 18.1046
    endloop
  endfacet
  facet normal -0.996918 -0.016311 -0.0767379
    outer loop
      vertex -2.80713 2.20851 35.5507
      vertex -2.82849 0.11301 36.2736
      vertex -2.82849 2.26493 35.8162
    endloop
  endfacet
  facet normal -0.996918 -0.0163108 -0.0767374
    outer loop
      vertex -2.82849 0.11301 36.2736
      vertex -2.80713 2.20851 35.5507
      vertex -2.80713 0.0565824 36.0081
    endloop
  endfacet
  facet normal -0.999657 -0.00544512 -0.0256176
    outer loop
      vertex -2.8 2.15192 35.2845
      vertex -2.80713 0.0565824 36.0081
      vertex -2.80713 2.20851 35.5507
    endloop
  endfacet
  facet normal -0.999657 -0.00544517 -0.0256178
    outer loop
      vertex -2.80713 0.0565824 36.0081
      vertex -2.8 2.15192 35.2845
      vertex -2.8 0 35.7419
    endloop
  endfacet
  facet normal -0.991446 -0.0271355 -0.127664
    outer loop
      vertex -2.82849 2.26493 35.8162
      vertex -2.86402 0.169128 36.5376
      vertex -2.86402 2.32105 36.0802
    endloop
  endfacet
  facet normal -0.991446 -0.0271355 -0.127664
    outer loop
      vertex -2.86402 0.169128 36.5376
      vertex -2.82849 2.26493 35.8162
      vertex -2.82849 0.11301 36.2736
    endloop
  endfacet
  facet normal -0.56658 0.171319 0.806
    outer loop
      vertex -5.16788 1.2452 31.0187
      vertex -4.94352 -0.874661 31.627
      vertex -4.94352 1.27726 31.1696
    endloop
  endfacet
  facet normal -0.56658 0.171319 0.806
    outer loop
      vertex -4.94352 -0.874661 31.627
      vertex -5.16788 1.2452 31.0187
      vertex -5.16788 -0.906721 31.4761
    endloop
  endfacet
  facet normal 0.942646 0.0693989 0.3265
    outer loop
      vertex -12.9455 -0.334091 34.1702
      vertex -12.8546 1.76448 33.4617
      vertex -12.9455 1.81783 33.7128
    endloop
  endfacet
  facet normal 0.942647 0.0693985 0.326499
    outer loop
      vertex -12.8546 1.76448 33.4617
      vertex -12.9455 -0.334091 34.1702
      vertex -12.8546 -0.387446 33.9191
    endloop
  endfacet
  facet normal 0.0262806 -0.207838 -0.97781
    outer loop
      vertex -8.27215 3.23158 40.3639
      vertex -8 1.08114 40.8283
      vertex -8.27215 1.07966 40.8213
    endloop
  endfacet
  facet normal 0.0262883 -0.207837 -0.97781
    outer loop
      vertex -8 1.08114 40.8283
      vertex -8.27215 3.23158 40.3639
      vertex -8 3.23307 40.3709
    endloop
  endfacet
  facet normal 0.996906 -0.0163413 -0.0768807
    outer loop
      vertex -13.1715 0.11301 36.2736
      vertex -13.1929 2.20851 35.5507
      vertex -13.1715 2.26493 35.8162
    endloop
  endfacet
  facet normal 0.996906 -0.0163412 -0.0768802
    outer loop
      vertex -13.1929 2.20851 35.5507
      vertex -13.1715 0.11301 36.2736
      vertex -13.1929 0.0565824 36.0081
    endloop
  endfacet
  facet normal -0.878886 0.0991793 0.466609
    outer loop
      vertex -3.49667 1.61135 32.7413
      vertex -3.36677 -0.490828 33.4328
      vertex -3.36677 1.6611 32.9754
    endloop
  endfacet
  facet normal -0.878884 0.0991802 0.466611
    outer loop
      vertex -3.36677 -0.490828 33.4328
      vertex -3.49667 1.61135 32.7413
      vertex -3.49667 -0.54057 33.1987
    endloop
  endfacet
  facet normal -0.130323 -0.206136 -0.969806
    outer loop
      vertex -7.45645 1.07522 40.8004
      vertex -7.18654 3.21975 40.3083
      vertex -7.18654 1.06783 40.7657
    endloop
  endfacet
  facet normal -0.130323 -0.206136 -0.969806
    outer loop
      vertex -7.18654 3.21975 40.3083
      vertex -7.45645 1.07522 40.8004
      vertex -7.45645 3.22714 40.343
    endloop
  endfacet
  facet normal 0.972344 -0.0485583 -0.228451
    outer loop
      vertex -13.0228 0.27982 37.0584
      vertex -13.0864 2.37671 36.342
      vertex -13.0228 2.43174 36.601
    endloop
  endfacet
  facet normal 0.972344 -0.0485579 -0.22845
    outer loop
      vertex -13.0864 2.37671 36.342
      vertex -13.0228 0.27982 37.0584
      vertex -13.0864 0.224782 36.7994
    endloop
  endfacet
  facet normal -0.566336 -0.171353 -0.806165
    outer loop
      vertex -5.16788 0.906721 40.0077
      vertex -4.94352 3.02659 39.3995
      vertex -4.94352 0.874661 39.8569
    endloop
  endfacet
  facet normal -0.566336 -0.171353 -0.806165
    outer loop
      vertex -4.94352 3.02659 39.3995
      vertex -5.16788 0.906721 40.0077
      vertex -5.16788 3.05865 39.5503
    endloop
  endfacet
  facet normal 0.522701 -0.177246 -0.833887
    outer loop
      vertex -10.8321 3.05865 39.5503
      vertex -10.6 0.936295 40.1469
      vertex -10.8321 0.906721 40.0077
    endloop
  endfacet
  facet normal 0.522438 -0.177317 -0.834037
    outer loop
      vertex -10.6 0.936295 40.1469
      vertex -10.8321 3.05865 39.5503
      vertex -10.6 3.08822 39.6894
    endloop
  endfacet
  facet normal -0.130669 0.206127 0.969761
    outer loop
      vertex -7.45645 1.07671 30.226
      vertex -7.18654 -1.06783 30.7182
      vertex -7.18654 1.08409 30.2608
    endloop
  endfacet
  facet normal -0.130677 0.206126 0.969761
    outer loop
      vertex -7.18654 -1.06783 30.7182
      vertex -7.45645 1.07671 30.226
      vertex -7.45645 -1.07522 30.6834
    endloop
  endfacet
  facet normal -0.972357 0.0485464 0.228395
    outer loop
      vertex -2.97719 1.87211 33.9681
      vertex -2.91363 -0.224782 34.6844
      vertex -2.91363 1.92714 34.227
    endloop
  endfacet
  facet normal -0.972358 0.0485459 0.228394
    outer loop
      vertex -2.91363 -0.224782 34.6844
      vertex -2.97719 1.87211 33.9681
      vertex -2.97719 -0.27982 34.4255
    endloop
  endfacet
  facet normal 0.608715 0.164953 0.776052
    outer loop
      vertex -11.2725 -0.840204 31.7891
      vertex -11.0565 1.27726 31.1696
      vertex -11.2725 1.31172 31.3317
    endloop
  endfacet
  facet normal 0.608713 0.164953 0.776053
    outer loop
      vertex -11.0565 1.27726 31.1696
      vertex -11.2725 -0.840204 31.7891
      vertex -11.0565 -0.874661 31.627
    endloop
  endfacet
  facet normal -0.522668 -0.17725 -0.833907
    outer loop
      vertex -5.4 0.936295 40.1469
      vertex -5.16788 3.05865 39.5503
      vertex -5.16788 0.906721 40.0077
    endloop
  endfacet
  facet normal -0.522405 -0.177321 -0.834057
    outer loop
      vertex -5.16788 3.05865 39.5503
      vertex -5.4 0.936295 40.1469
      vertex -5.4 3.08822 39.6894
    endloop
  endfacet
  facet normal 0.688306 -0.150821 -0.709569
    outer loop
      vertex -11.677 2.91641 38.8811
      vertex -11.4795 0.803444 39.5218
      vertex -11.677 0.764482 39.3385
    endloop
  endfacet
  facet normal 0.688305 -0.150822 -0.70957
    outer loop
      vertex -11.4795 0.803444 39.5218
      vertex -11.677 2.91641 38.8811
      vertex -11.4795 2.95537 39.0644
    endloop
  endfacet
  facet normal -0.333842 0.195982 0.922031
    outer loop
      vertex -6.39311 1.1237 30.4471
      vertex -6.13649 -1.00933 30.9934
      vertex -6.13649 1.14259 30.536
    endloop
  endfacet
  facet normal -0.333849 0.19598 0.922028
    outer loop
      vertex -6.13649 -1.00933 30.9934
      vertex -6.39311 1.1237 30.4471
      vertex -6.39311 -1.02823 30.9045
    endloop
  endfacet
  facet normal -0.0259292 0.207839 0.977819
    outer loop
      vertex -8 1.07078 30.1982
      vertex -7.72785 -1.07966 30.6625
      vertex -7.72785 1.07227 30.2051
    endloop
  endfacet
  facet normal -0.0259216 0.20784 0.977819
    outer loop
      vertex -7.72785 -1.07966 30.6625
      vertex -8 1.07078 30.1982
      vertex -8 -1.08114 30.6556
    endloop
  endfacet
  facet normal 0.991466 0.0271035 0.127513
    outer loop
      vertex -13.1715 -0.11301 35.2103
      vertex -13.136 1.9828 34.4888
      vertex -13.1715 2.03891 34.7529
    endloop
  endfacet
  facet normal 0.99146 0.0271186 0.127557
    outer loop
      vertex -13.136 1.9828 34.4888
      vertex -13.1715 -0.11301 35.2103
      vertex -13.136 -0.169128 34.9463
    endloop
  endfacet
  facet normal -0.958813 0.0590537 0.27783
    outer loop
      vertex -3.05451 1.81783 33.7128
      vertex -2.97719 -0.27982 34.4255
      vertex -2.97719 1.87211 33.9681
    endloop
  endfacet
  facet normal -0.958813 0.0590543 0.277832
    outer loop
      vertex -2.97719 -0.27982 34.4255
      vertex -3.05451 1.81783 33.7128
      vertex -3.05451 -0.334091 34.1702
    endloop
  endfacet
  facet normal -0.725456 0.143097 0.673228
    outer loop
      vertex -4.32304 1.38744 31.6879
      vertex -4.13565 -0.723424 32.3385
      vertex -4.13565 1.4285 31.8811
    endloop
  endfacet
  facet normal -0.725456 0.143098 0.673229
    outer loop
      vertex -4.13565 -0.723424 32.3385
      vertex -4.32304 1.38744 31.6879
      vertex -4.32304 -0.764482 32.1453
    endloop
  endfacet
  facet normal -0.923871 -0.0795681 -0.374342
    outer loop
      vertex -3.14538 2.53937 37.1073
      vertex -3.24956 0.43974 37.8107
      vertex -3.24956 2.59166 37.3533
    endloop
  endfacet
  facet normal -0.923871 -0.0795677 -0.374341
    outer loop
      vertex -3.24956 0.43974 37.8107
      vertex -3.14538 2.53937 37.1073
      vertex -3.14538 0.387446 37.5647
    endloop
  endfacet
  facet normal -0.999657 0.00544518 0.0256178
    outer loop
      vertex -2.80713 2.09534 35.0183
      vertex -2.8 0 35.7419
      vertex -2.8 2.15192 35.2845
    endloop
  endfacet
  facet normal -0.999657 0.00544517 0.0256178
    outer loop
      vertex -2.8 0 35.7419
      vertex -2.80713 2.09534 35.0183
      vertex -2.80713 -0.0565824 35.4757
    endloop
  endfacet
  facet normal -0.79327 0.12659 0.595566
    outer loop
      vertex -3.95884 1.47154 32.0836
      vertex -3.79311 -0.635479 32.7522
      vertex -3.79311 1.51645 32.2948
    endloop
  endfacet
  facet normal -0.793268 0.12659 0.595567
    outer loop
      vertex -3.79311 -0.635479 32.7522
      vertex -3.95884 1.47154 32.0836
      vertex -3.95884 -0.680384 32.541
    endloop
  endfacet
  facet normal 0.522438 0.17728 0.834045
    outer loop
      vertex -10.8321 -0.906721 31.4761
      vertex -10.6 1.21563 30.8796
      vertex -10.8321 1.2452 31.0187
    endloop
  endfacet
  facet normal 0.52244 0.177279 0.834044
    outer loop
      vertex -10.6 1.21563 30.8796
      vertex -10.8321 -0.906721 31.4761
      vertex -10.6 -0.936295 31.337
    endloop
  endfacet
  facet normal 0.99966 0.00542229 0.0255101
    outer loop
      vertex -13.2 0 35.7419
      vertex -13.1929 2.09534 35.0183
      vertex -13.2 2.15192 35.2845
    endloop
  endfacet
  facet normal 0.99966 0.00542227 0.0255101
    outer loop
      vertex -13.1929 2.09534 35.0183
      vertex -13.2 0 35.7419
      vertex -13.1929 -0.0565824 35.4757
    endloop
  endfacet
  facet normal -0.649574 -0.158073 -0.743685
    outer loop
      vertex -4.72753 0.840204 39.6948
      vertex -4.52052 2.95537 39.0644
      vertex -4.52052 0.803444 39.5218
    endloop
  endfacet
  facet normal -0.649574 -0.158073 -0.743685
    outer loop
      vertex -4.52052 2.95537 39.0644
      vertex -4.72753 0.840204 39.6948
      vertex -4.72753 2.99213 39.2374
    endloop
  endfacet
  facet normal -0.852697 -0.108613 -0.510991
    outer loop
      vertex -3.49667 2.6925 37.8277
      vertex -3.63891 0.588831 38.5122
      vertex -3.63891 2.74076 38.0548
    endloop
  endfacet
  facet normal -0.852697 -0.108613 -0.51099
    outer loop
      vertex -3.63891 0.588831 38.5122
      vertex -3.49667 2.6925 37.8277
      vertex -3.49667 0.54057 38.2851
    endloop
  endfacet
  facet normal -0.852599 0.108647 0.511147
    outer loop
      vertex -3.63891 1.56309 32.5143
      vertex -3.49667 -0.54057 33.1987
      vertex -3.49667 1.61135 32.7413
    endloop
  endfacet
  facet normal -0.852599 0.108646 0.511147
    outer loop
      vertex -3.49667 -0.54057 33.1987
      vertex -3.63891 1.56309 32.5143
      vertex -3.63891 -0.588831 32.9717
    endloop
  endfacet
  facet normal -0.942681 0.0693786 0.326404
    outer loop
      vertex -3.14538 1.76448 33.4617
      vertex -3.05451 -0.334091 34.1702
      vertex -3.05451 1.81783 33.7128
    endloop
  endfacet
  facet normal -0.942681 0.0693782 0.326403
    outer loop
      vertex -3.05451 -0.334091 34.1702
      vertex -3.14538 1.76448 33.4617
      vertex -3.14538 -0.387446 33.9191
    endloop
  endfacet
  facet normal -0.878804 -0.0992106 -0.466756
    outer loop
      vertex -3.36677 2.64275 37.5937
      vertex -3.49667 0.54057 38.2851
      vertex -3.49667 2.6925 37.8277
    endloop
  endfacet
  facet normal -0.878802 -0.0992114 -0.466758
    outer loop
      vertex -3.49667 0.54057 38.2851
      vertex -3.36677 2.64275 37.5937
      vertex -3.36677 0.490828 38.0511
    endloop
  endfacet
  facet normal -0.283909 -0.199396 -0.93789
    outer loop
      vertex -6.65414 1.0443 40.655
      vertex -6.39311 3.18015 40.1219
      vertex -6.39311 1.02823 40.5794
    endloop
  endfacet
  facet normal -0.284246 -0.199333 -0.937801
    outer loop
      vertex -6.39311 3.18015 40.1219
      vertex -6.65414 1.0443 40.655
      vertex -6.65414 3.19623 40.1976
    endloop
  endfacet
  facet normal -0.958813 -0.0590537 -0.27783
    outer loop
      vertex -2.97719 2.43174 36.601
      vertex -3.05451 0.334091 37.3137
      vertex -3.05451 2.48602 36.8563
    endloop
  endfacet
  facet normal -0.958813 -0.0590544 -0.277832
    outer loop
      vertex -3.05451 0.334091 37.3137
      vertex -2.97719 2.43174 36.601
      vertex -2.97719 0.27982 37.0584
    endloop
  endfacet
  facet normal -0.23323 -0.202175 -0.951173
    outer loop
      vertex -6.91886 1.05752 40.7171
      vertex -6.65414 3.19623 40.1976
      vertex -6.65414 1.0443 40.655
    endloop
  endfacet
  facet normal -0.233222 -0.202176 -0.951174
    outer loop
      vertex -6.65414 3.19623 40.1976
      vertex -6.91886 1.05752 40.7171
      vertex -6.91886 3.20944 40.2597
    endloop
  endfacet
  facet normal 0.283909 -0.199396 -0.93789
    outer loop
      vertex -9.60689 3.18015 40.1219
      vertex -9.34586 1.0443 40.655
      vertex -9.60689 1.02823 40.5794
    endloop
  endfacet
  facet normal 0.284246 -0.199333 -0.937801
    outer loop
      vertex -9.34586 1.0443 40.655
      vertex -9.60689 3.18015 40.1219
      vertex -9.34586 3.19623 40.1976
    endloop
  endfacet
  facet normal -0.923871 0.0795679 0.374342
    outer loop
      vertex -3.24956 1.71219 33.2157
      vertex -3.14538 -0.387446 33.9191
      vertex -3.14538 1.76448 33.4617
    endloop
  endfacet
  facet normal -0.923871 0.0795675 0.374341
    outer loop
      vertex -3.14538 -0.387446 33.9191
      vertex -3.24956 1.71219 33.2157
      vertex -3.24956 -0.43974 33.6731
    endloop
  endfacet
  facet normal -0.0262806 -0.207838 -0.97781
    outer loop
      vertex -8 1.08114 40.8283
      vertex -7.72785 3.23158 40.3639
      vertex -7.72785 1.07966 40.8213
    endloop
  endfacet
  facet normal -0.0262883 -0.207837 -0.97781
    outer loop
      vertex -7.72785 3.23158 40.3639
      vertex -8 1.08114 40.8283
      vertex -8 3.23307 40.3709
    endloop
  endfacet
  facet normal -0.902608 -0.0894975 -0.421058
    outer loop
      vertex -3.24956 2.59166 37.3533
      vertex -3.36677 0.490828 38.0511
      vertex -3.36677 2.64275 37.5937
    endloop
  endfacet
  facet normal -0.902607 -0.0894977 -0.421058
    outer loop
      vertex -3.36677 0.490828 38.0511
      vertex -3.24956 2.59166 37.3533
      vertex -3.24956 0.43974 37.8107
    endloop
  endfacet
  facet normal -0.608732 0.16495 0.776039
    outer loop
      vertex -4.94352 1.27726 31.1696
      vertex -4.72753 -0.840204 31.7891
      vertex -4.72753 1.31172 31.3317
    endloop
  endfacet
  facet normal -0.608731 0.164951 0.77604
    outer loop
      vertex -4.72753 -0.840204 31.7891
      vertex -4.94352 1.27726 31.1696
      vertex -4.94352 -0.874661 31.627
    endloop
  endfacet
  facet normal 0.958833 0.0590397 0.277764
    outer loop
      vertex -13.0228 -0.27982 34.4255
      vertex -12.9455 1.81783 33.7128
      vertex -13.0228 1.87211 33.9681
    endloop
  endfacet
  facet normal 0.958833 0.0590403 0.277766
    outer loop
      vertex -12.9455 1.81783 33.7128
      vertex -13.0228 -0.27982 34.4255
      vertex -12.9455 -0.334091 34.1702
    endloop
  endfacet
  facet normal -0.942641 -0.069402 -0.326515
    outer loop
      vertex -3.05451 2.48602 36.8563
      vertex -3.14538 0.387446 37.5647
      vertex -3.14538 2.53937 37.1073
    endloop
  endfacet
  facet normal -0.942641 -0.0694016 -0.326513
    outer loop
      vertex -3.14538 0.387446 37.5647
      vertex -3.05451 2.48602 36.8563
      vertex -3.05451 0.334091 37.3137
    endloop
  endfacet
  facet normal 0.130669 0.206127 0.969761
    outer loop
      vertex -8.81346 -1.06783 30.7182
      vertex -8.54355 1.07671 30.226
      vertex -8.81346 1.08409 30.2608
    endloop
  endfacet
  facet normal 0.130677 0.206126 0.969761
    outer loop
      vertex -8.54355 1.07671 30.226
      vertex -8.81346 -1.06783 30.7182
      vertex -8.54355 -1.07522 30.6834
    endloop
  endfacet
  facet normal -0.688341 0.150815 0.709536
    outer loop
      vertex -4.52052 1.34848 31.5046
      vertex -4.32304 -0.764482 32.1453
      vertex -4.32304 1.38744 31.6879
    endloop
  endfacet
  facet normal -0.688342 0.150815 0.709535
    outer loop
      vertex -4.32304 -0.764482 32.1453
      vertex -4.52052 1.34848 31.5046
      vertex -4.52052 -0.803444 31.962
    endloop
  endfacet
  facet normal -0.991452 0.027126 0.127619
    outer loop
      vertex -2.86402 1.9828 34.4888
      vertex -2.82849 -0.11301 35.2103
      vertex -2.82849 2.03891 34.7529
    endloop
  endfacet
  facet normal -0.991446 0.0271411 0.127663
    outer loop
      vertex -2.82849 -0.11301 35.2103
      vertex -2.86402 1.9828 34.4888
      vertex -2.86402 -0.169128 34.9463
    endloop
  endfacet
  facet normal 0.725438 0.143101 0.673247
    outer loop
      vertex -11.8644 -0.723424 32.3385
      vertex -11.677 1.38744 31.6879
      vertex -11.8644 1.4285 31.8811
    endloop
  endfacet
  facet normal 0.725437 0.143102 0.673248
    outer loop
      vertex -11.677 1.38744 31.6879
      vertex -11.8644 -0.723424 32.3385
      vertex -11.677 -0.764482 32.1453
    endloop
  endfacet
  facet normal 0.182144 0.204431 0.961786
    outer loop
      vertex -9.08114 -1.05752 30.7667
      vertex -8.81346 1.08409 30.2608
      vertex -9.08114 1.09441 30.3093
    endloop
  endfacet
  facet normal 0.182137 0.204432 0.961787
    outer loop
      vertex -8.81346 1.08409 30.2608
      vertex -9.08114 -1.05752 30.7667
      vertex -8.81346 -1.06783 30.7182
    endloop
  endfacet
  facet normal -0.760414 -0.135024 -0.635247
    outer loop
      vertex -3.95884 2.83231 38.4855
      vertex -4.13565 0.723424 39.1454
      vertex -4.13565 2.87535 38.688
    endloop
  endfacet
  facet normal -0.760414 -0.135024 -0.635247
    outer loop
      vertex -4.13565 0.723424 39.1454
      vertex -3.95884 2.83231 38.4855
      vertex -3.95884 0.680384 38.9429
    endloop
  endfacet
  facet normal 0.824171 0.117748 0.553965
    outer loop
      vertex -12.3611 -0.588831 32.9717
      vertex -12.2069 1.51645 32.2948
      vertex -12.3611 1.56309 32.5143
    endloop
  endfacet
  facet normal 0.824173 0.117747 0.553963
    outer loop
      vertex -12.2069 1.51645 32.2948
      vertex -12.3611 -0.588831 32.9717
      vertex -12.2069 -0.635479 32.7522
    endloop
  endfacet
  facet normal 0.99146 -0.0271129 -0.127558
    outer loop
      vertex -13.136 0.169128 36.5376
      vertex -13.1715 2.26493 35.8162
      vertex -13.136 2.32105 36.0802
    endloop
  endfacet
  facet normal 0.99146 -0.027113 -0.127558
    outer loop
      vertex -13.1715 2.26493 35.8162
      vertex -13.136 0.169128 36.5376
      vertex -13.1715 0.11301 36.2736
    endloop
  endfacet
  facet normal 0.996904 0.016347 0.0769076
    outer loop
      vertex -13.1929 -0.0565824 35.4757
      vertex -13.1715 2.03891 34.7529
      vertex -13.1929 2.09534 35.0183
    endloop
  endfacet
  facet normal 0.996904 0.0163471 0.0769078
    outer loop
      vertex -13.1715 2.03891 34.7529
      vertex -13.1929 -0.0565824 35.4757
      vertex -13.1715 -0.11301 35.2103
    endloop
  endfacet
  facet normal 0.0784838 -0.207268 -0.975131
    outer loop
      vertex -8.54355 3.22714 40.343
      vertex -8.27215 1.07966 40.8213
      vertex -8.54355 1.07522 40.8004
    endloop
  endfacet
  facet normal 0.0784838 -0.207268 -0.975131
    outer loop
      vertex -8.27215 1.07966 40.8213
      vertex -8.54355 3.22714 40.343
      vertex -8.27215 3.23158 40.3639
    endloop
  endfacet
  facet normal 0.333842 0.195982 0.922031
    outer loop
      vertex -9.86351 -1.00933 30.9934
      vertex -9.60689 1.1237 30.4471
      vertex -9.86351 1.14259 30.536
    endloop
  endfacet
  facet normal 0.333849 0.19598 0.922028
    outer loop
      vertex -9.60689 1.1237 30.4471
      vertex -9.86351 -1.00933 30.9934
      vertex -9.60689 -1.02823 30.9045
    endloop
  endfacet
  facet normal -0.760414 0.135024 0.635247
    outer loop
      vertex -4.13565 1.4285 31.8811
      vertex -3.95884 -0.680384 32.541
      vertex -3.95884 1.47154 32.0836
    endloop
  endfacet
  facet normal -0.760414 0.135024 0.635247
    outer loop
      vertex -3.95884 -0.680384 32.541
      vertex -4.13565 1.4285 31.8811
      vertex -4.13565 -0.723424 32.3385
    endloop
  endfacet
  facet normal 0.760433 0.13502 0.635226
    outer loop
      vertex -12.0412 -0.680384 32.541
      vertex -11.8644 1.4285 31.8811
      vertex -12.0412 1.47154 32.0836
    endloop
  endfacet
  facet normal 0.760433 0.13502 0.635226
    outer loop
      vertex -11.8644 1.4285 31.8811
      vertex -12.0412 -0.680384 32.541
      vertex -11.8644 -0.723424 32.3385
    endloop
  endfacet
  facet normal 0.902622 -0.0894913 -0.421028
    outer loop
      vertex -12.6332 0.490828 38.0511
      vertex -12.7504 2.59166 37.3533
      vertex -12.6332 2.64275 37.5937
    endloop
  endfacet
  facet normal 0.902622 -0.0894915 -0.421029
    outer loop
      vertex -12.7504 2.59166 37.3533
      vertex -12.6332 0.490828 38.0511
      vertex -12.7504 0.43974 37.8107
    endloop
  endfacet
  facet normal -0.0784838 0.207267 0.975131
    outer loop
      vertex -7.72785 1.07227 30.2051
      vertex -7.45645 -1.07522 30.6834
      vertex -7.45645 1.07671 30.226
    endloop
  endfacet
  facet normal -0.0784838 0.207267 0.975131
    outer loop
      vertex -7.45645 -1.07522 30.6834
      vertex -7.72785 1.07227 30.2051
      vertex -7.72785 -1.07966 30.6625
    endloop
  endfacet
  facet normal 0.852762 -0.108591 -0.510886
    outer loop
      vertex -12.3611 0.588831 38.5122
      vertex -12.5033 2.6925 37.8277
      vertex -12.3611 2.74076 38.0548
    endloop
  endfacet
  facet normal 0.852763 -0.10859 -0.510886
    outer loop
      vertex -12.5033 2.6925 37.8277
      vertex -12.3611 0.588831 38.5122
      vertex -12.5033 0.54057 38.2851
    endloop
  endfacet
  facet normal -0.382663 -0.192084 -0.903699
    outer loop
      vertex -6.13649 1.00933 40.4905
      vertex -5.88497 3.1396 39.9312
      vertex -5.88497 0.987671 40.3886
    endloop
  endfacet
  facet normal -0.382663 -0.192084 -0.903699
    outer loop
      vertex -5.88497 3.1396 39.9312
      vertex -6.13649 1.00933 40.4905
      vertex -6.13649 3.16126 40.0331
    endloop
  endfacet
  facet normal 0.958833 -0.0590397 -0.277764
    outer loop
      vertex -12.9455 0.334091 37.3137
      vertex -13.0228 2.43174 36.601
      vertex -12.9455 2.48602 36.8563
    endloop
  endfacet
  facet normal 0.958833 -0.0590403 -0.277766
    outer loop
      vertex -13.0228 2.43174 36.601
      vertex -12.9455 0.334091 37.3137
      vertex -13.0228 0.27982 37.0584
    endloop
  endfacet
  facet normal -0.430683 -0.187639 -0.882782
    outer loop
      vertex -5.88497 0.987671 40.3886
      vertex -5.63925 3.11523 39.8165
      vertex -5.63925 0.963303 40.2739
    endloop
  endfacet
  facet normal -0.430684 -0.187638 -0.882781
    outer loop
      vertex -5.63925 3.11523 39.8165
      vertex -5.88497 0.987671 40.3886
      vertex -5.88497 3.1396 39.9312
    endloop
  endfacet
  facet normal -0.793403 -0.126554 -0.595396
    outer loop
      vertex -3.79311 2.7874 38.2742
      vertex -3.95884 0.680384 38.9429
      vertex -3.95884 2.83231 38.4855
    endloop
  endfacet
  facet normal -0.793401 -0.126554 -0.595398
    outer loop
      vertex -3.95884 0.680384 38.9429
      vertex -3.79311 2.7874 38.2742
      vertex -3.79311 0.635479 38.7316
    endloop
  endfacet
  facet normal 0.99966 -0.00542223 -0.0255099
    outer loop
      vertex -13.1929 0.0565824 36.0081
      vertex -13.2 2.15192 35.2845
      vertex -13.1929 2.20851 35.5507
    endloop
  endfacet
  facet normal 0.99966 -0.00542228 -0.0255101
    outer loop
      vertex -13.2 2.15192 35.2845
      vertex -13.1929 0.0565824 36.0081
      vertex -13.2 0 35.7419
    endloop
  endfacet
  facet normal 0.182484 -0.204419 -0.961724
    outer loop
      vertex -9.08114 3.20944 40.2597
      vertex -8.81346 1.06783 40.7657
      vertex -9.08114 1.05752 40.7171
    endloop
  endfacet
  facet normal 0.182484 -0.204419 -0.961724
    outer loop
      vertex -8.81346 1.06783 40.7657
      vertex -9.08114 3.20944 40.2597
      vertex -8.81346 3.21975 40.3083
    endloop
  endfacet
  facet normal -0.283916 0.199353 0.937897
    outer loop
      vertex -6.65414 1.10762 30.3715
      vertex -6.39311 -1.02823 30.9045
      vertex -6.39311 1.1237 30.4471
    endloop
  endfacet
  facet normal -0.283909 0.199354 0.937898
    outer loop
      vertex -6.39311 -1.02823 30.9045
      vertex -6.65414 1.10762 30.3715
      vertex -6.65414 -1.0443 30.8289
    endloop
  endfacet
  facet normal -0.182484 -0.204419 -0.961724
    outer loop
      vertex -7.18654 1.06783 40.7657
      vertex -6.91886 3.20944 40.2597
      vertex -6.91886 1.05752 40.7171
    endloop
  endfacet
  facet normal -0.182484 -0.204419 -0.961724
    outer loop
      vertex -6.91886 3.20944 40.2597
      vertex -7.18654 1.06783 40.7657
      vertex -7.18654 3.21975 40.3083
    endloop
  endfacet
  facet normal -0.0784838 -0.207268 -0.975131
    outer loop
      vertex -7.72785 1.07966 40.8213
      vertex -7.45645 3.22714 40.343
      vertex -7.45645 1.07522 40.8004
    endloop
  endfacet
  facet normal -0.0784838 -0.207268 -0.975131
    outer loop
      vertex -7.45645 3.22714 40.343
      vertex -7.72785 1.07966 40.8213
      vertex -7.72785 3.23158 40.3639
    endloop
  endfacet
  facet normal 0.130323 -0.206136 -0.969806
    outer loop
      vertex -8.81346 3.21975 40.3083
      vertex -8.54355 1.07522 40.8004
      vertex -8.81346 1.06783 40.7657
    endloop
  endfacet
  facet normal 0.130323 -0.206136 -0.969806
    outer loop
      vertex -8.54355 1.07522 40.8004
      vertex -8.81346 3.21975 40.3083
      vertex -8.54355 3.22714 40.343
    endloop
  endfacet
  facet normal 0.983259 0.0378917 0.17823
    outer loop
      vertex -13.136 -0.169128 34.9463
      vertex -13.0864 1.92714 34.227
      vertex -13.136 1.9828 34.4888
    endloop
  endfacet
  facet normal 0.983271 0.0378707 0.178169
    outer loop
      vertex -13.0864 1.92714 34.227
      vertex -13.136 -0.169128 34.9463
      vertex -13.0864 -0.224782 34.6844
    endloop
  endfacet
  facet normal -0.824056 -0.117783 -0.554129
    outer loop
      vertex -3.63891 2.74076 38.0548
      vertex -3.79311 0.635479 38.7316
      vertex -3.79311 2.7874 38.2742
    endloop
  endfacet
  facet normal -0.824058 -0.117782 -0.554127
    outer loop
      vertex -3.79311 0.635479 38.7316
      vertex -3.63891 2.74076 38.0548
      vertex -3.63891 0.588831 38.5122
    endloop
  endfacet
  facet normal -0.382663 0.192085 0.903699
    outer loop
      vertex -6.13649 1.14259 30.536
      vertex -5.88497 -0.987671 31.0953
      vertex -5.88497 1.16425 30.6379
    endloop
  endfacet
  facet normal -0.382663 0.192085 0.903699
    outer loop
      vertex -5.88497 -0.987671 31.0953
      vertex -6.13649 1.14259 30.536
      vertex -6.13649 -1.00933 30.9934
    endloop
  endfacet
  facet normal -0.996916 0.0163167 0.0767648
    outer loop
      vertex -2.82849 2.03891 34.7529
      vertex -2.80713 -0.0565824 35.4757
      vertex -2.80713 2.09534 35.0183
    endloop
  endfacet
  facet normal -0.996916 0.0163167 0.0767649
    outer loop
      vertex -2.80713 -0.0565824 35.4757
      vertex -2.82849 2.03891 34.7529
      vertex -2.82849 -0.11301 35.2103
    endloop
  endfacet
  facet normal -0.477261 0.182703 0.859559
    outer loop
      vertex -5.63925 1.18862 30.7525
      vertex -5.4 -0.936295 31.337
      vertex -5.4 1.21563 30.8796
    endloop
  endfacet
  facet normal -0.47726 0.182703 0.85956
    outer loop
      vertex -5.4 -0.936295 31.337
      vertex -5.63925 1.18862 30.7525
      vertex -5.63925 -0.963303 31.2099
    endloop
  endfacet
  facet normal 0.793456 -0.126539 -0.595328
    outer loop
      vertex -12.0412 0.680384 38.9429
      vertex -12.2069 2.7874 38.2742
      vertex -12.0412 2.83231 38.4855
    endloop
  endfacet
  facet normal 0.793455 -0.12654 -0.59533
    outer loop
      vertex -12.2069 2.7874 38.2742
      vertex -12.0412 0.680384 38.9429
      vertex -12.2069 0.635479 38.7316
    endloop
  endfacet
  facet normal -0.983252 -0.0378912 -0.178266
    outer loop
      vertex -2.86402 2.32105 36.0802
      vertex -2.91363 0.224782 36.7994
      vertex -2.91363 2.37671 36.342
    endloop
  endfacet
  facet normal -0.983252 -0.0378914 -0.178267
    outer loop
      vertex -2.91363 0.224782 36.7994
      vertex -2.86402 2.32105 36.0802
      vertex -2.86402 0.169128 36.5376
    endloop
  endfacet
  facet normal 0.852664 0.108624 0.511042
    outer loop
      vertex -12.5033 -0.54057 33.1987
      vertex -12.3611 1.56309 32.5143
      vertex -12.5033 1.61135 32.7413
    endloop
  endfacet
  facet normal 0.852664 0.108624 0.511042
    outer loop
      vertex -12.3611 1.56309 32.5143
      vertex -12.5033 -0.54057 33.1987
      vertex -12.3611 -0.588831 32.9717
    endloop
  endfacet
  facet normal 0.430278 0.187679 0.882971
    outer loop
      vertex -10.3608 -0.963303 31.2099
      vertex -10.115 1.16425 30.6379
      vertex -10.3608 1.18862 30.7525
    endloop
  endfacet
  facet normal 0.430276 0.187679 0.882972
    outer loop
      vertex -10.115 1.16425 30.6379
      vertex -10.3608 -0.963303 31.2099
      vertex -10.115 -0.987671 31.0953
    endloop
  endfacet
  facet normal 0.983259 -0.0378838 -0.178232
    outer loop
      vertex -13.0864 0.224782 36.7994
      vertex -13.136 2.32105 36.0802
      vertex -13.0864 2.37671 36.342
    endloop
  endfacet
  facet normal 0.983259 -0.037884 -0.178232
    outer loop
      vertex -13.136 2.32105 36.0802
      vertex -13.0864 0.224782 36.7994
      vertex -13.136 0.169128 36.5376
    endloop
  endfacet
  facet normal 0.942606 -0.0694223 -0.32661
    outer loop
      vertex -12.8546 0.387446 37.5647
      vertex -12.9455 2.48602 36.8563
      vertex -12.8546 2.53937 37.1073
    endloop
  endfacet
  facet normal 0.942606 -0.0694219 -0.326609
    outer loop
      vertex -12.9455 2.48602 36.8563
      vertex -12.8546 0.387446 37.5647
      vertex -12.9455 0.334091 37.3137
    endloop
  endfacet
  facet normal 0.333849 -0.19598 -0.922028
    outer loop
      vertex -9.86351 3.16126 40.0331
      vertex -9.60689 1.02823 40.5794
      vertex -9.86351 1.00933 40.4905
    endloop
  endfacet
  facet normal 0.333523 -0.196046 -0.922132
    outer loop
      vertex -9.60689 1.02823 40.5794
      vertex -9.86351 3.16126 40.0331
      vertex -9.60689 3.18015 40.1219
    endloop
  endfacet
  facet normal 0.0784838 0.207267 0.975131
    outer loop
      vertex -8.54355 -1.07522 30.6834
      vertex -8.27215 1.07227 30.2051
      vertex -8.54355 1.07671 30.226
    endloop
  endfacet
  facet normal 0.0784838 0.207267 0.975131
    outer loop
      vertex -8.27215 1.07227 30.2051
      vertex -8.54355 -1.07522 30.6834
      vertex -8.27215 -1.07966 30.6625
    endloop
  endfacet
  facet normal -0.972377 -0.0485294 -0.228315
    outer loop
      vertex -2.91363 2.37671 36.342
      vertex -2.97719 0.27982 37.0584
      vertex -2.97719 2.43174 36.601
    endloop
  endfacet
  facet normal -0.972377 -0.048529 -0.228314
    outer loop
      vertex -2.97719 0.27982 37.0584
      vertex -2.91363 2.37671 36.342
      vertex -2.91363 0.224782 36.7994
    endloop
  endfacet
  facet normal 0.725268 -0.143138 -0.673423
    outer loop
      vertex -11.677 0.764482 39.3385
      vertex -11.8644 2.87535 38.688
      vertex -11.677 2.91641 38.8811
    endloop
  endfacet
  facet normal 0.725267 -0.143139 -0.673423
    outer loop
      vertex -11.8644 2.87535 38.688
      vertex -11.677 0.764482 39.3385
      vertex -11.8644 0.723424 39.1454
    endloop
  endfacet
  facet normal -0.522405 0.177284 0.834064
    outer loop
      vertex -5.4 1.21563 30.8796
      vertex -5.16788 -0.906721 31.4761
      vertex -5.16788 1.2452 31.0187
    endloop
  endfacet
  facet normal -0.522407 0.177283 0.834063
    outer loop
      vertex -5.16788 -0.906721 31.4761
      vertex -5.4 1.21563 30.8796
      vertex -5.4 -0.936295 31.337
    endloop
  endfacet
  facet normal -0.688342 -0.150814 -0.709535
    outer loop
      vertex -4.52052 0.803444 39.5218
      vertex -4.32304 2.91641 38.8811
      vertex -4.32304 0.764482 39.3385
    endloop
  endfacet
  facet normal -0.688341 -0.150815 -0.709536
    outer loop
      vertex -4.32304 2.91641 38.8811
      vertex -4.52052 0.803444 39.5218
      vertex -4.52052 2.95537 39.0644
    endloop
  endfacet
  facet normal 0.477059 -0.182764 -0.859658
    outer loop
      vertex -10.6 3.08822 39.6894
      vertex -10.3608 0.963303 40.2739
      vertex -10.6 0.936295 40.1469
    endloop
  endfacet
  facet normal 0.477338 -0.182694 -0.859518
    outer loop
      vertex -10.3608 0.963303 40.2739
      vertex -10.6 3.08822 39.6894
      vertex -10.3608 3.11523 39.8165
    endloop
  endfacet
  facet normal 0.649592 -0.15807 -0.74367
    outer loop
      vertex -11.4795 2.95537 39.0644
      vertex -11.2725 0.840204 39.6948
      vertex -11.4795 0.803444 39.5218
    endloop
  endfacet
  facet normal 0.649592 -0.15807 -0.74367
    outer loop
      vertex -11.2725 0.840204 39.6948
      vertex -11.4795 2.95537 39.0644
      vertex -11.2725 2.99213 39.2374
    endloop
  endfacet
  facet normal -0.608731 -0.16495 -0.77604
    outer loop
      vertex -4.94352 0.874661 39.8569
      vertex -4.72753 2.99213 39.2374
      vertex -4.72753 0.840204 39.6948
    endloop
  endfacet
  facet normal -0.608732 -0.16495 -0.776039
    outer loop
      vertex -4.72753 2.99213 39.2374
      vertex -4.94352 0.874661 39.8569
      vertex -4.94352 3.02659 39.3995
    endloop
  endfacet
  facet normal 0.793323 0.126575 0.595498
    outer loop
      vertex -12.2069 -0.635479 32.7522
      vertex -12.0412 1.47154 32.0836
      vertex -12.2069 1.51645 32.2948
    endloop
  endfacet
  facet normal 0.793321 0.126576 0.595499
    outer loop
      vertex -12.0412 1.47154 32.0836
      vertex -12.2069 -0.635479 32.7522
      vertex -12.0412 -0.680384 32.541
    endloop
  endfacet
  facet normal -0.824171 0.117748 0.553965
    outer loop
      vertex -3.79311 1.51645 32.2948
      vertex -3.63891 -0.588831 32.9717
      vertex -3.63891 1.56309 32.5143
    endloop
  endfacet
  facet normal -0.824173 0.117747 0.553963
    outer loop
      vertex -3.63891 -0.588831 32.9717
      vertex -3.79311 1.51645 32.2948
      vertex -3.79311 -0.635479 32.7522
    endloop
  endfacet
  facet normal 0.649384 0.158107 0.743843
    outer loop
      vertex -11.4795 -0.803444 31.962
      vertex -11.2725 1.31172 31.3317
      vertex -11.4795 1.34848 31.5046
    endloop
  endfacet
  facet normal 0.649384 0.158107 0.743843
    outer loop
      vertex -11.2725 1.31172 31.3317
      vertex -11.4795 -0.803444 31.962
      vertex -11.2725 -0.840204 31.7891
    endloop
  endfacet
  facet normal -0.476982 -0.182772 -0.859699
    outer loop
      vertex -5.63925 0.963303 40.2739
      vertex -5.4 3.08822 39.6894
      vertex -5.4 0.936295 40.1469
    endloop
  endfacet
  facet normal -0.477261 -0.182702 -0.859559
    outer loop
      vertex -5.4 3.08822 39.6894
      vertex -5.63925 0.963303 40.2739
      vertex -5.63925 3.11523 39.8165
    endloop
  endfacet
  facet normal -0.233562 0.202159 0.951094
    outer loop
      vertex -6.91886 1.09441 30.3093
      vertex -6.65414 -1.0443 30.8289
      vertex -6.65414 1.10762 30.3715
    endloop
  endfacet
  facet normal -0.233569 0.202158 0.951093
    outer loop
      vertex -6.65414 -1.0443 30.8289
      vertex -6.91886 1.09441 30.3093
      vertex -6.91886 -1.05752 30.7667
    endloop
  endfacet
  facet normal 0.608713 -0.164953 -0.776053
    outer loop
      vertex -11.2725 2.99213 39.2374
      vertex -11.0565 0.874661 39.8569
      vertex -11.2725 0.840204 39.6948
    endloop
  endfacet
  facet normal 0.608715 -0.164953 -0.776052
    outer loop
      vertex -11.0565 0.874661 39.8569
      vertex -11.2725 2.99213 39.2374
      vertex -11.0565 3.02659 39.3995
    endloop
  endfacet
  facet normal 0.760433 -0.13502 -0.635226
    outer loop
      vertex -11.8644 0.723424 39.1454
      vertex -12.0412 2.83231 38.4855
      vertex -11.8644 2.87535 38.688
    endloop
  endfacet
  facet normal 0.760433 -0.13502 -0.635226
    outer loop
      vertex -12.0412 2.83231 38.4855
      vertex -11.8644 0.723424 39.1454
      vertex -12.0412 0.680384 38.9429
    endloop
  endfacet
  facet normal -0.333849 -0.19598 -0.922028
    outer loop
      vertex -6.39311 1.02823 40.5794
      vertex -6.13649 3.16126 40.0331
      vertex -6.13649 1.00933 40.4905
    endloop
  endfacet
  facet normal -0.333523 -0.196046 -0.922132
    outer loop
      vertex -6.13649 3.16126 40.0331
      vertex -6.39311 1.02823 40.5794
      vertex -6.39311 3.18015 40.1219
    endloop
  endfacet
  facet normal 0.283916 0.199353 0.937897
    outer loop
      vertex -9.60689 -1.02823 30.9045
      vertex -9.34586 1.10762 30.3715
      vertex -9.60689 1.1237 30.4471
    endloop
  endfacet
  facet normal 0.283909 0.199354 0.937898
    outer loop
      vertex -9.34586 1.10762 30.3715
      vertex -9.60689 -1.02823 30.9045
      vertex -9.34586 -1.0443 30.8289
    endloop
  endfacet
  facet normal 0.430569 -0.18765 -0.882835
    outer loop
      vertex -10.3608 3.11523 39.8165
      vertex -10.115 0.987671 40.3886
      vertex -10.3608 0.963303 40.2739
    endloop
  endfacet
  facet normal 0.43057 -0.18765 -0.882835
    outer loop
      vertex -10.115 0.987671 40.3886
      vertex -10.3608 3.11523 39.8165
      vertex -10.115 3.1396 39.9312
    endloop
  endfacet
  facet normal -0.182144 0.204431 0.961786
    outer loop
      vertex -7.18654 1.08409 30.2608
      vertex -6.91886 -1.05752 30.7667
      vertex -6.91886 1.09441 30.3093
    endloop
  endfacet
  facet normal -0.182137 0.204432 0.961787
    outer loop
      vertex -6.91886 -1.05752 30.7667
      vertex -7.18654 1.08409 30.2608
      vertex -7.18654 -1.06783 30.7182
    endloop
  endfacet
  facet normal 0.233562 0.202159 0.951094
    outer loop
      vertex -9.34586 -1.0443 30.8289
      vertex -9.08114 1.09441 30.3093
      vertex -9.34586 1.10762 30.3715
    endloop
  endfacet
  facet normal 0.233569 0.202158 0.951093
    outer loop
      vertex -9.08114 1.09441 30.3093
      vertex -9.34586 -1.0443 30.8289
      vertex -9.08114 -1.05752 30.7667
    endloop
  endfacet
  facet normal 0.0259292 0.207839 0.977819
    outer loop
      vertex -8.27215 -1.07966 30.6625
      vertex -8 1.07078 30.1982
      vertex -8.27215 1.07227 30.2051
    endloop
  endfacet
  facet normal 0.0259216 0.20784 0.977819
    outer loop
      vertex -8 1.07078 30.1982
      vertex -8.27215 -1.07966 30.6625
      vertex -8 -1.08114 30.6556
    endloop
  endfacet
  facet normal -0.430392 0.187668 0.882918
    outer loop
      vertex -5.88497 1.16425 30.6379
      vertex -5.63925 -0.963303 31.2099
      vertex -5.63925 1.18862 30.7525
    endloop
  endfacet
  facet normal -0.43039 0.187668 0.882918
    outer loop
      vertex -5.63925 -0.963303 31.2099
      vertex -5.88497 1.16425 30.6379
      vertex -5.88497 -0.987671 31.0953
    endloop
  endfacet
  facet normal -0.725286 -0.143134 -0.673404
    outer loop
      vertex -4.13565 2.87535 38.688
      vertex -4.32304 0.764482 39.3385
      vertex -4.32304 2.91641 38.8811
    endloop
  endfacet
  facet normal -0.725285 -0.143135 -0.673404
    outer loop
      vertex -4.32304 0.764482 39.3385
      vertex -4.13565 2.87535 38.688
      vertex -4.13565 0.723424 39.1454
    endloop
  endfacet
  facet normal -0.983252 0.0378991 0.178265
    outer loop
      vertex -2.91363 1.92714 34.227
      vertex -2.86402 -0.169128 34.9463
      vertex -2.86402 1.9828 34.4888
    endloop
  endfacet
  facet normal -0.983264 0.037878 0.178204
    outer loop
      vertex -2.86402 -0.169128 34.9463
      vertex -2.91363 1.92714 34.227
      vertex -2.91363 -0.224782 34.6844
    endloop
  endfacet
  facet normal 0.824056 -0.117783 -0.554129
    outer loop
      vertex -12.2069 0.635479 38.7316
      vertex -12.3611 2.74076 38.0548
      vertex -12.2069 2.7874 38.2742
    endloop
  endfacet
  facet normal 0.824058 -0.117782 -0.554127
    outer loop
      vertex -12.3611 2.74076 38.0548
      vertex -12.2069 0.635479 38.7316
      vertex -12.3611 0.588831 38.5122
    endloop
  endfacet
  facet normal 0 -0.978088 0.208193
    outer loop
      vertex -8.27215 3.23158 40.3639
      vertex -7.72785 3.23158 40.3639
      vertex -8 3.23307 40.3709
    endloop
  endfacet
  facet normal 0 -0.978171 0.207803
    outer loop
      vertex -8.54355 3.22714 40.343
      vertex -7.72785 3.23158 40.3639
      vertex -8.27215 3.23158 40.3639
    endloop
  endfacet
  facet normal 0 -0.978171 0.207803
    outer loop
      vertex -8.54355 3.22714 40.343
      vertex -7.45645 3.22714 40.343
      vertex -7.72785 3.23158 40.3639
    endloop
  endfacet
  facet normal 0 -0.978066 0.208297
    outer loop
      vertex -8.81346 3.21975 40.3083
      vertex -7.45645 3.22714 40.343
      vertex -8.54355 3.22714 40.343
    endloop
  endfacet
  facet normal 0 -0.978066 0.208297
    outer loop
      vertex -8.81346 3.21975 40.3083
      vertex -7.18654 3.21975 40.3083
      vertex -7.45645 3.22714 40.343
    endloop
  endfacet
  facet normal 0 -0.97823 0.207522
    outer loop
      vertex -9.08114 3.20944 40.2597
      vertex -7.18654 3.21975 40.3083
      vertex -8.81346 3.21975 40.3083
    endloop
  endfacet
  facet normal 0 -0.97823 0.207522
    outer loop
      vertex -9.08114 3.20944 40.2597
      vertex -6.91886 3.20944 40.2597
      vertex -7.18654 3.21975 40.3083
    endloop
  endfacet
  facet normal 0 -0.978115 0.208066
    outer loop
      vertex -9.34586 3.19623 40.1976
      vertex -6.91886 3.20944 40.2597
      vertex -9.08114 3.20944 40.2597
    endloop
  endfacet
  facet normal 0 -0.978115 0.208066
    outer loop
      vertex -9.34586 3.19623 40.1976
      vertex -6.65414 3.19623 40.1976
      vertex -6.91886 3.20944 40.2597
    endloop
  endfacet
  facet normal 0 -0.978175 0.207781
    outer loop
      vertex -9.60689 3.18015 40.1219
      vertex -6.65414 3.19623 40.1976
      vertex -9.34586 3.19623 40.1976
    endloop
  endfacet
  facet normal 0 -0.978175 0.207781
    outer loop
      vertex -9.60689 3.18015 40.1219
      vertex -6.39311 3.18015 40.1219
      vertex -6.65414 3.19623 40.1976
    endloop
  endfacet
  facet normal 0 -0.978114 0.20807
    outer loop
      vertex -9.86351 3.16126 40.0331
      vertex -6.39311 3.18015 40.1219
      vertex -9.60689 3.18015 40.1219
    endloop
  endfacet
  facet normal 0 -0.978114 0.20807
    outer loop
      vertex -9.86351 3.16126 40.0331
      vertex -6.13649 3.16126 40.0331
      vertex -6.39311 3.18015 40.1219
    endloop
  endfacet
  facet normal 0 -0.978147 0.207916
    outer loop
      vertex -10.115 3.1396 39.9312
      vertex -6.13649 3.16126 40.0331
      vertex -9.86351 3.16126 40.0331
    endloop
  endfacet
  facet normal 0 -0.978147 0.207916
    outer loop
      vertex -10.115 3.1396 39.9312
      vertex -5.88497 3.1396 39.9312
      vertex -6.13649 3.16126 40.0331
    endloop
  endfacet
  facet normal 0 -0.978165 0.207828
    outer loop
      vertex -10.3608 3.11523 39.8165
      vertex -5.88497 3.1396 39.9312
      vertex -10.115 3.1396 39.9312
    endloop
  endfacet
  facet normal 0 -0.978165 0.207828
    outer loop
      vertex -10.3608 3.11523 39.8165
      vertex -5.63925 3.11523 39.8165
      vertex -5.88497 3.1396 39.9312
    endloop
  endfacet
  facet normal 0 -0.978157 0.207868
    outer loop
      vertex -10.6 3.08822 39.6894
      vertex -5.63925 3.11523 39.8165
      vertex -10.3608 3.11523 39.8165
    endloop
  endfacet
  facet normal 0 -0.978157 0.207868
    outer loop
      vertex -10.6 3.08822 39.6894
      vertex -5.4 3.08822 39.6894
      vertex -5.63925 3.11523 39.8165
    endloop
  endfacet
  facet normal 0 -0.978143 0.207934
    outer loop
      vertex -10.8321 3.05865 39.5503
      vertex -5.4 3.08822 39.6894
      vertex -10.6 3.08822 39.6894
    endloop
  endfacet
  facet normal 0 -0.978143 0.207934
    outer loop
      vertex -10.8321 3.05865 39.5503
      vertex -5.16788 3.05865 39.5503
      vertex -5.4 3.08822 39.6894
    endloop
  endfacet
  facet normal 0 -0.978139 0.207952
    outer loop
      vertex -11.0565 3.02659 39.3995
      vertex -5.16788 3.05865 39.5503
      vertex -10.8321 3.05865 39.5503
    endloop
  endfacet
  facet normal 0 -0.978139 0.207952
    outer loop
      vertex -11.0565 3.02659 39.3995
      vertex -4.94352 3.02659 39.3995
      vertex -5.16788 3.05865 39.5503
    endloop
  endfacet
  facet normal 0 -0.978142 0.207938
    outer loop
      vertex -11.2725 2.99213 39.2374
      vertex -4.94352 3.02659 39.3995
      vertex -11.0565 3.02659 39.3995
    endloop
  endfacet
  facet normal 0 -0.978142 0.207938
    outer loop
      vertex -11.2725 2.99213 39.2374
      vertex -4.72753 2.99213 39.2374
      vertex -4.94352 3.02659 39.3995
    endloop
  endfacet
  facet normal 0 -0.978162 0.207845
    outer loop
      vertex -11.4795 2.95537 39.0644
      vertex -4.72753 2.99213 39.2374
      vertex -11.2725 2.99213 39.2374
    endloop
  endfacet
  facet normal 0 -0.978162 0.207845
    outer loop
      vertex -11.4795 2.95537 39.0644
      vertex -4.52052 2.95537 39.0644
      vertex -4.72753 2.99213 39.2374
    endloop
  endfacet
  facet normal 0 -0.978149 0.207903
    outer loop
      vertex -11.677 2.91641 38.8811
      vertex -4.52052 2.95537 39.0644
      vertex -11.4795 2.95537 39.0644
    endloop
  endfacet
  facet normal 0 -0.978149 0.207903
    outer loop
      vertex -11.677 2.91641 38.8811
      vertex -4.32304 2.91641 38.8811
      vertex -4.52052 2.95537 39.0644
    endloop
  endfacet
  facet normal 0 -0.978132 0.207986
    outer loop
      vertex -11.8644 2.87535 38.688
      vertex -4.32304 2.91641 38.8811
      vertex -11.677 2.91641 38.8811
    endloop
  endfacet
  facet normal 0 -0.978132 0.207986
    outer loop
      vertex -11.8644 2.87535 38.688
      vertex -4.13565 2.87535 38.688
      vertex -4.32304 2.91641 38.8811
    endloop
  endfacet
  facet normal 0 -0.97815 0.207899
    outer loop
      vertex -12.0412 2.83231 38.4855
      vertex -4.13565 2.87535 38.688
      vertex -11.8644 2.87535 38.688
    endloop
  endfacet
  facet normal 0 -0.97815 0.207899
    outer loop
      vertex -12.0412 2.83231 38.4855
      vertex -3.95884 2.83231 38.4855
      vertex -4.13565 2.87535 38.688
    endloop
  endfacet
  facet normal 0 -0.978151 0.207898
    outer loop
      vertex -12.2069 2.7874 38.2742
      vertex -3.95884 2.83231 38.4855
      vertex -12.0412 2.83231 38.4855
    endloop
  endfacet
  facet normal 0 -0.978151 0.207898
    outer loop
      vertex -12.2069 2.7874 38.2742
      vertex -3.79311 2.7874 38.2742
      vertex -3.95884 2.83231 38.4855
    endloop
  endfacet
  facet normal 0 -0.978143 0.207933
    outer loop
      vertex -12.3611 2.74076 38.0548
      vertex -3.79311 2.7874 38.2742
      vertex -12.2069 2.7874 38.2742
    endloop
  endfacet
  facet normal 0 -0.978143 0.207933
    outer loop
      vertex -12.3611 2.74076 38.0548
      vertex -3.63891 2.74076 38.0548
      vertex -3.79311 2.7874 38.2742
    endloop
  endfacet
  facet normal 0 -0.978158 0.207864
    outer loop
      vertex -12.5033 2.6925 37.8277
      vertex -3.63891 2.74076 38.0548
      vertex -12.3611 2.74076 38.0548
    endloop
  endfacet
  facet normal 0 -0.978158 0.207864
    outer loop
      vertex -12.5033 2.6925 37.8277
      vertex -3.49667 2.6925 37.8277
      vertex -3.63891 2.74076 38.0548
    endloop
  endfacet
  facet normal 0 -0.978138 0.207959
    outer loop
      vertex -12.6332 2.64275 37.5937
      vertex -3.49667 2.6925 37.8277
      vertex -12.5033 2.6925 37.8277
    endloop
  endfacet
  facet normal 0 -0.978138 0.207959
    outer loop
      vertex -12.6332 2.64275 37.5937
      vertex -3.36677 2.64275 37.5937
      vertex -3.49667 2.6925 37.8277
    endloop
  endfacet
  facet normal 0 -0.978155 0.207878
    outer loop
      vertex -12.7504 2.59166 37.3533
      vertex -3.36677 2.64275 37.5937
      vertex -12.6332 2.64275 37.5937
    endloop
  endfacet
  facet normal 0 -0.978155 0.207878
    outer loop
      vertex -12.7504 2.59166 37.3533
      vertex -3.24956 2.59166 37.3533
      vertex -3.36677 2.64275 37.5937
    endloop
  endfacet
  facet normal 0 -0.978147 0.207916
    outer loop
      vertex -12.8546 2.53937 37.1073
      vertex -3.24956 2.59166 37.3533
      vertex -12.7504 2.59166 37.3533
    endloop
  endfacet
  facet normal 0 -0.978147 0.207916
    outer loop
      vertex -12.8546 2.53937 37.1073
      vertex -3.14538 2.53937 37.1073
      vertex -3.24956 2.59166 37.3533
    endloop
  endfacet
  facet normal 0 -0.978149 0.207905
    outer loop
      vertex -12.9455 2.48602 36.8563
      vertex -3.14538 2.53937 37.1073
      vertex -12.8546 2.53937 37.1073
    endloop
  endfacet
  facet normal 0 -0.978149 0.207905
    outer loop
      vertex -12.9455 2.48602 36.8563
      vertex -3.05451 2.48602 36.8563
      vertex -3.14538 2.53937 37.1073
    endloop
  endfacet
  facet normal 0 -0.978136 0.207964
    outer loop
      vertex -13.0228 2.43174 36.601
      vertex -3.05451 2.48602 36.8563
      vertex -12.9455 2.48602 36.8563
    endloop
  endfacet
  facet normal 0 -0.978136 0.207964
    outer loop
      vertex -13.0228 2.43174 36.601
      vertex -2.97719 2.43174 36.601
      vertex -3.05451 2.48602 36.8563
    endloop
  endfacet
  facet normal 0 -0.978165 0.207832
    outer loop
      vertex -13.0864 2.37671 36.342
      vertex -2.97719 2.43174 36.601
      vertex -13.0228 2.43174 36.601
    endloop
  endfacet
  facet normal 0 -0.978165 0.207832
    outer loop
      vertex -13.0864 2.37671 36.342
      vertex -2.91363 2.37671 36.342
      vertex -2.97719 2.43174 36.601
    endloop
  endfacet
  facet normal 0 -0.978138 0.207957
    outer loop
      vertex -13.136 2.32105 36.0802
      vertex -2.91363 2.37671 36.342
      vertex -13.0864 2.37671 36.342
    endloop
  endfacet
  facet normal 0 -0.978138 0.207957
    outer loop
      vertex -13.136 2.32105 36.0802
      vertex -2.86402 2.32105 36.0802
      vertex -2.91363 2.37671 36.342
    endloop
  endfacet
  facet normal 0 -0.978144 0.20793
    outer loop
      vertex -13.1715 2.26493 35.8162
      vertex -2.86402 2.32105 36.0802
      vertex -13.136 2.32105 36.0802
    endloop
  endfacet
  facet normal 0 -0.978144 0.20793
    outer loop
      vertex -13.1715 2.26493 35.8162
      vertex -2.82849 2.26493 35.8162
      vertex -2.86402 2.32105 36.0802
    endloop
  endfacet
  facet normal 0 -0.978158 0.207863
    outer loop
      vertex -13.1929 2.20851 35.5507
      vertex -2.82849 2.26493 35.8162
      vertex -13.1715 2.26493 35.8162
    endloop
  endfacet
  facet normal 0 -0.978158 0.207863
    outer loop
      vertex -13.1929 2.20851 35.5507
      vertex -2.80713 2.20851 35.5507
      vertex -2.82849 2.26493 35.8162
    endloop
  endfacet
  facet normal 0 -0.978142 0.207938
    outer loop
      vertex -13.2 2.15192 35.2845
      vertex -2.80713 2.20851 35.5507
      vertex -13.1929 2.20851 35.5507
    endloop
  endfacet
  facet normal 0 -0.978142 0.207938
    outer loop
      vertex -13.2 2.15192 35.2845
      vertex -2.8 2.15192 35.2845
      vertex -2.80713 2.20851 35.5507
    endloop
  endfacet
  facet normal 0 -0.97815 0.207903
    outer loop
      vertex -13.1929 2.09534 35.0183
      vertex -2.8 2.15192 35.2845
      vertex -13.2 2.15192 35.2845
    endloop
  endfacet
  facet normal 0 -0.97815 0.207903
    outer loop
      vertex -13.1929 2.09534 35.0183
      vertex -2.80713 2.09534 35.0183
      vertex -2.8 2.15192 35.2845
    endloop
  endfacet
  facet normal 0 -0.978134 0.207973
    outer loop
      vertex -13.1715 2.03891 34.7529
      vertex -2.80713 2.09534 35.0183
      vertex -13.1929 2.09534 35.0183
    endloop
  endfacet
  facet normal 0 -0.978134 0.207973
    outer loop
      vertex -13.1715 2.03891 34.7529
      vertex -2.82849 2.03891 34.7529
      vertex -2.80713 2.09534 35.0183
    endloop
  endfacet
  facet normal 0 -0.978167 0.207819
    outer loop
      vertex -13.136 1.9828 34.4888
      vertex -2.82849 2.03891 34.7529
      vertex -13.1715 2.03891 34.7529
    endloop
  endfacet
  facet normal 0 -0.978167 0.207819
    outer loop
      vertex -13.136 1.9828 34.4888
      vertex -2.86402 1.9828 34.4888
      vertex -2.82849 2.03891 34.7529
    endloop
  endfacet
  facet normal 0 -0.978138 0.207957
    outer loop
      vertex -13.0864 1.92714 34.227
      vertex -2.86402 1.9828 34.4888
      vertex -13.136 1.9828 34.4888
    endloop
  endfacet
  facet normal 0 -0.978138 0.207957
    outer loop
      vertex -13.0864 1.92714 34.227
      vertex -2.91363 1.92714 34.227
      vertex -2.86402 1.9828 34.4888
    endloop
  endfacet
  facet normal 0 -0.978148 0.207908
    outer loop
      vertex -13.0228 1.87211 33.9681
      vertex -2.91363 1.92714 34.227
      vertex -13.0864 1.92714 34.227
    endloop
  endfacet
  facet normal 0 -0.978148 0.207908
    outer loop
      vertex -13.0228 1.87211 33.9681
      vertex -2.97719 1.87211 33.9681
      vertex -2.91363 1.92714 34.227
    endloop
  endfacet
  facet normal 0 -0.978136 0.207964
    outer loop
      vertex -12.9455 1.81783 33.7128
      vertex -2.97719 1.87211 33.9681
      vertex -13.0228 1.87211 33.9681
    endloop
  endfacet
  facet normal 0 -0.978136 0.207964
    outer loop
      vertex -12.9455 1.81783 33.7128
      vertex -3.05451 1.81783 33.7128
      vertex -2.97719 1.87211 33.9681
    endloop
  endfacet
  facet normal 0 -0.978166 0.207826
    outer loop
      vertex -12.8546 1.76448 33.4617
      vertex -3.05451 1.81783 33.7128
      vertex -12.9455 1.81783 33.7128
    endloop
  endfacet
  facet normal 0 -0.978166 0.207826
    outer loop
      vertex -12.8546 1.76448 33.4617
      vertex -3.14538 1.76448 33.4617
      vertex -3.05451 1.81783 33.7128
    endloop
  endfacet
  facet normal 0 -0.978147 0.207916
    outer loop
      vertex -12.7504 1.71219 33.2157
      vertex -3.14538 1.76448 33.4617
      vertex -12.8546 1.76448 33.4617
    endloop
  endfacet
  facet normal 0 -0.978147 0.207916
    outer loop
      vertex -12.7504 1.71219 33.2157
      vertex -3.24956 1.71219 33.2157
      vertex -3.14538 1.76448 33.4617
    endloop
  endfacet
  facet normal 0 -0.978137 0.207961
    outer loop
      vertex -12.6332 1.6611 32.9754
      vertex -3.24956 1.71219 33.2157
      vertex -12.7504 1.71219 33.2157
    endloop
  endfacet
  facet normal 0 -0.978137 0.207961
    outer loop
      vertex -12.6332 1.6611 32.9754
      vertex -3.36677 1.6611 32.9754
      vertex -3.24956 1.71219 33.2157
    endloop
  endfacet
  facet normal 0 -0.978156 0.207874
    outer loop
      vertex -12.5033 1.61135 32.7413
      vertex -3.36677 1.6611 32.9754
      vertex -12.6332 1.6611 32.9754
    endloop
  endfacet
  facet normal 0 -0.978156 0.207874
    outer loop
      vertex -12.5033 1.61135 32.7413
      vertex -3.49667 1.61135 32.7413
      vertex -3.36677 1.6611 32.9754
    endloop
  endfacet
  facet normal 0 -0.978139 0.207952
    outer loop
      vertex -12.3611 1.56309 32.5143
      vertex -3.49667 1.61135 32.7413
      vertex -12.5033 1.61135 32.7413
    endloop
  endfacet
  facet normal 0 -0.978139 0.207952
    outer loop
      vertex -12.3611 1.56309 32.5143
      vertex -3.63891 1.56309 32.5143
      vertex -3.49667 1.61135 32.7413
    endloop
  endfacet
  facet normal 0 -0.978162 0.207843
    outer loop
      vertex -12.2069 1.51645 32.2948
      vertex -3.63891 1.56309 32.5143
      vertex -12.3611 1.56309 32.5143
    endloop
  endfacet
  facet normal 0 -0.978162 0.207843
    outer loop
      vertex -12.2069 1.51645 32.2948
      vertex -3.79311 1.51645 32.2948
      vertex -3.63891 1.56309 32.5143
    endloop
  endfacet
  facet normal 0 -0.978131 0.207992
    outer loop
      vertex -12.0412 1.47154 32.0836
      vertex -3.79311 1.51645 32.2948
      vertex -12.2069 1.51645 32.2948
    endloop
  endfacet
  facet normal 0 -0.978131 0.207992
    outer loop
      vertex -12.0412 1.47154 32.0836
      vertex -3.95884 1.47154 32.0836
      vertex -3.79311 1.51645 32.2948
    endloop
  endfacet
  facet normal 0 -0.97815 0.207899
    outer loop
      vertex -11.8644 1.4285 31.8811
      vertex -3.95884 1.47154 32.0836
      vertex -12.0412 1.47154 32.0836
    endloop
  endfacet
  facet normal 0 -0.97815 0.207899
    outer loop
      vertex -11.8644 1.4285 31.8811
      vertex -4.13565 1.4285 31.8811
      vertex -3.95884 1.47154 32.0836
    endloop
  endfacet
  facet normal 0 -0.978154 0.207883
    outer loop
      vertex -11.677 1.38744 31.6879
      vertex -4.13565 1.4285 31.8811
      vertex -11.8644 1.4285 31.8811
    endloop
  endfacet
  facet normal 0 -0.978154 0.207883
    outer loop
      vertex -11.677 1.38744 31.6879
      vertex -4.32304 1.38744 31.6879
      vertex -4.13565 1.4285 31.8811
    endloop
  endfacet
  facet normal 0 -0.978149 0.207903
    outer loop
      vertex -11.4795 1.34848 31.5046
      vertex -4.32304 1.38744 31.6879
      vertex -11.677 1.38744 31.6879
    endloop
  endfacet
  facet normal 0 -0.978149 0.207903
    outer loop
      vertex -11.4795 1.34848 31.5046
      vertex -4.52052 1.34848 31.5046
      vertex -4.32304 1.38744 31.6879
    endloop
  endfacet
  facet normal 0 -0.978137 0.20796
    outer loop
      vertex -11.2725 1.31172 31.3317
      vertex -4.52052 1.34848 31.5046
      vertex -11.4795 1.34848 31.5046
    endloop
  endfacet
  facet normal 0 -0.978137 0.20796
    outer loop
      vertex -11.2725 1.31172 31.3317
      vertex -4.72753 1.31172 31.3317
      vertex -4.52052 1.34848 31.5046
    endloop
  endfacet
  facet normal 0 -0.978142 0.207938
    outer loop
      vertex -11.0565 1.27726 31.1696
      vertex -4.72753 1.31172 31.3317
      vertex -11.2725 1.31172 31.3317
    endloop
  endfacet
  facet normal 0 -0.978142 0.207938
    outer loop
      vertex -11.0565 1.27726 31.1696
      vertex -4.94352 1.27726 31.1696
      vertex -4.72753 1.31172 31.3317
    endloop
  endfacet
  facet normal 0 -0.978167 0.20782
    outer loop
      vertex -10.8321 1.2452 31.0187
      vertex -4.94352 1.27726 31.1696
      vertex -11.0565 1.27726 31.1696
    endloop
  endfacet
  facet normal 0 -0.978167 0.20782
    outer loop
      vertex -10.8321 1.2452 31.0187
      vertex -5.16788 1.2452 31.0187
      vertex -4.94352 1.27726 31.1696
    endloop
  endfacet
  facet normal 0 -0.978143 0.207934
    outer loop
      vertex -10.6 1.21563 30.8796
      vertex -5.16788 1.2452 31.0187
      vertex -10.8321 1.2452 31.0187
    endloop
  endfacet
  facet normal 0 -0.978143 0.207934
    outer loop
      vertex -10.6 1.21563 30.8796
      vertex -5.4 1.21563 30.8796
      vertex -5.16788 1.2452 31.0187
    endloop
  endfacet
  facet normal 0 -0.978157 0.207868
    outer loop
      vertex -10.3608 1.18862 30.7525
      vertex -5.4 1.21563 30.8796
      vertex -10.6 1.21563 30.8796
    endloop
  endfacet
  facet normal 0 -0.978157 0.207868
    outer loop
      vertex -10.3608 1.18862 30.7525
      vertex -5.63925 1.18862 30.7525
      vertex -5.4 1.21563 30.8796
    endloop
  endfacet
  facet normal 0 -0.978128 0.208002
    outer loop
      vertex -10.115 1.16425 30.6379
      vertex -5.63925 1.18862 30.7525
      vertex -10.3608 1.18862 30.7525
    endloop
  endfacet
  facet normal 0 -0.978128 0.208002
    outer loop
      vertex -10.115 1.16425 30.6379
      vertex -5.88497 1.16425 30.6379
      vertex -5.63925 1.18862 30.7525
    endloop
  endfacet
  facet normal 0 -0.978147 0.207916
    outer loop
      vertex -9.86351 1.14259 30.536
      vertex -5.88497 1.16425 30.6379
      vertex -10.115 1.16425 30.6379
    endloop
  endfacet
  facet normal 0 -0.978147 0.207916
    outer loop
      vertex -9.86351 1.14259 30.536
      vertex -6.13649 1.14259 30.536
      vertex -5.88497 1.16425 30.6379
    endloop
  endfacet
  facet normal 0 -0.978162 0.207846
    outer loop
      vertex -9.60689 1.1237 30.4471
      vertex -6.13649 1.14259 30.536
      vertex -9.86351 1.14259 30.536
    endloop
  endfacet
  facet normal 0 -0.978162 0.207846
    outer loop
      vertex -9.60689 1.1237 30.4471
      vertex -6.39311 1.1237 30.4471
      vertex -6.13649 1.14259 30.536
    endloop
  endfacet
  facet normal 0 -0.978119 0.208044
    outer loop
      vertex -9.34586 1.10762 30.3715
      vertex -6.39311 1.1237 30.4471
      vertex -9.60689 1.1237 30.4471
    endloop
  endfacet
  facet normal 0 -0.978119 0.208044
    outer loop
      vertex -9.34586 1.10762 30.3715
      vertex -6.65414 1.10762 30.3715
      vertex -6.39311 1.1237 30.4471
    endloop
  endfacet
  facet normal 0 -0.978183 0.207746
    outer loop
      vertex -9.08114 1.09441 30.3093
      vertex -6.65414 1.10762 30.3715
      vertex -9.34586 1.10762 30.3715
    endloop
  endfacet
  facet normal 0 -0.978183 0.207746
    outer loop
      vertex -9.08114 1.09441 30.3093
      vertex -6.91886 1.09441 30.3093
      vertex -6.65414 1.10762 30.3715
    endloop
  endfacet
  facet normal 0 -0.978102 0.208124
    outer loop
      vertex -8.81346 1.08409 30.2608
      vertex -6.91886 1.09441 30.3093
      vertex -9.08114 1.09441 30.3093
    endloop
  endfacet
  facet normal 0 -0.978102 0.208124
    outer loop
      vertex -8.81346 1.08409 30.2608
      vertex -7.18654 1.08409 30.2608
      vertex -6.91886 1.09441 30.3093
    endloop
  endfacet
  facet normal 0 -0.978244 0.207455
    outer loop
      vertex -8.54355 1.07671 30.226
      vertex -7.18654 1.08409 30.2608
      vertex -8.81346 1.08409 30.2608
    endloop
  endfacet
  facet normal 0 -0.978244 0.207455
    outer loop
      vertex -8.54355 1.07671 30.226
      vertex -7.45645 1.07671 30.226
      vertex -7.18654 1.08409 30.2608
    endloop
  endfacet
  facet normal 0 -0.978171 0.207803
    outer loop
      vertex -8.27215 1.07227 30.2051
      vertex -7.45645 1.07671 30.226
      vertex -8.54355 1.07671 30.226
    endloop
  endfacet
  facet normal 0 -0.978171 0.207803
    outer loop
      vertex -8.27215 1.07227 30.2051
      vertex -7.72785 1.07227 30.2051
      vertex -7.45645 1.07671 30.226
    endloop
  endfacet
  facet normal 0 -0.977469 0.211077
    outer loop
      vertex -7.72785 1.07227 30.2051
      vertex -8.27215 1.07227 30.2051
      vertex -8 1.07078 30.1982
    endloop
  endfacet
  facet normal 0.382702 0.192082 0.903683
    outer loop
      vertex -10.115 -0.987671 31.0953
      vertex -9.86351 1.14259 30.536
      vertex -10.115 1.16425 30.6379
    endloop
  endfacet
  facet normal 0.382702 0.192082 0.903684
    outer loop
      vertex -9.86351 1.14259 30.536
      vertex -10.115 -0.987671 31.0953
      vertex -9.86351 -1.00933 30.9934
    endloop
  endfacet
  facet normal 0.566268 -0.171363 -0.806211
    outer loop
      vertex -11.0565 3.02659 39.3995
      vertex -10.8321 0.906721 40.0077
      vertex -11.0565 0.874661 39.8569
    endloop
  endfacet
  facet normal 0.566268 -0.171363 -0.806211
    outer loop
      vertex -10.8321 0.906721 40.0077
      vertex -11.0565 3.02659 39.3995
      vertex -10.8321 3.05865 39.5503
    endloop
  endfacet
  facet normal 0.23323 -0.202175 -0.951173
    outer loop
      vertex -9.34586 3.19623 40.1976
      vertex -9.08114 1.05752 40.7171
      vertex -9.34586 1.0443 40.655
    endloop
  endfacet
  facet normal 0.233222 -0.202176 -0.951174
    outer loop
      vertex -9.08114 1.05752 40.7171
      vertex -9.34586 3.19623 40.1976
      vertex -9.08114 3.20944 40.2597
    endloop
  endfacet
  facet normal -0.649366 0.15811 0.743858
    outer loop
      vertex -4.72753 1.31172 31.3317
      vertex -4.52052 -0.803444 31.962
      vertex -4.52052 1.34848 31.5046
    endloop
  endfacet
  facet normal -0.649366 0.15811 0.743858
    outer loop
      vertex -4.52052 -0.803444 31.962
      vertex -4.72753 1.31172 31.3317
      vertex -4.72753 -0.840204 31.7891
    endloop
  endfacet
  facet normal 0.878804 -0.0992106 -0.466756
    outer loop
      vertex -12.5033 0.54057 38.2851
      vertex -12.6332 2.64275 37.5937
      vertex -12.5033 2.6925 37.8277
    endloop
  endfacet
  facet normal 0.878802 -0.0992114 -0.466758
    outer loop
      vertex -12.6332 2.64275 37.5937
      vertex -12.5033 0.54057 38.2851
      vertex -12.6332 0.490828 38.0511
    endloop
  endfacet
  facet normal 0.688305 0.150822 0.70957
    outer loop
      vertex -11.677 -0.764482 32.1453
      vertex -11.4795 1.34848 31.5046
      vertex -11.677 1.38744 31.6879
    endloop
  endfacet
  facet normal 0.688306 0.150822 0.709569
    outer loop
      vertex -11.4795 1.34848 31.5046
      vertex -11.677 -0.764482 32.1453
      vertex -11.4795 -0.803444 31.962
    endloop
  endfacet
  facet normal -0.902541 0.0895262 0.421194
    outer loop
      vertex -3.36677 1.6611 32.9754
      vertex -3.24956 -0.43974 33.6731
      vertex -3.24956 1.71219 33.2157
    endloop
  endfacet
  facet normal -0.902541 0.0895264 0.421195
    outer loop
      vertex -3.24956 -0.43974 33.6731
      vertex -3.36677 1.6611 32.9754
      vertex -3.36677 -0.490828 33.4328
    endloop
  endfacet
  facet normal 0.878886 0.0991793 0.466609
    outer loop
      vertex -12.6332 -0.490828 33.4328
      vertex -12.5033 1.61135 32.7413
      vertex -12.6332 1.6611 32.9754
    endloop
  endfacet
  facet normal 0.878884 0.0991802 0.466611
    outer loop
      vertex -12.5033 1.61135 32.7413
      vertex -12.6332 -0.490828 33.4328
      vertex -12.5033 -0.54057 33.1987
    endloop
  endfacet
  facet normal 0.972324 0.0485752 0.228531
    outer loop
      vertex -13.0864 -0.224782 34.6844
      vertex -13.0228 1.87211 33.9681
      vertex -13.0864 1.92714 34.227
    endloop
  endfacet
  facet normal 0.972324 0.0485748 0.22853
    outer loop
      vertex -13.0228 1.87211 33.9681
      vertex -13.0864 -0.224782 34.6844
      vertex -13.0228 -0.27982 34.4255
    endloop
  endfacet
  facet normal 0.923845 -0.0795811 -0.374404
    outer loop
      vertex -12.7504 0.43974 37.8107
      vertex -12.8546 2.53937 37.1073
      vertex -12.7504 2.59166 37.3533
    endloop
  endfacet
  facet normal 0.923845 -0.0795808 -0.374403
    outer loop
      vertex -12.8546 2.53937 37.1073
      vertex -12.7504 0.43974 37.8107
      vertex -12.8546 0.387446 37.5647
    endloop
  endfacet
  facet normal 0.382702 -0.192081 -0.903684
    outer loop
      vertex -10.115 3.1396 39.9312
      vertex -9.86351 1.00933 40.4905
      vertex -10.115 0.987671 40.3886
    endloop
  endfacet
  facet normal 0.382702 -0.192081 -0.903683
    outer loop
      vertex -9.86351 1.00933 40.4905
      vertex -10.115 3.1396 39.9312
      vertex -9.86351 3.16126 40.0331
    endloop
  endfacet
  facet normal 0.477338 0.182694 0.859518
    outer loop
      vertex -10.6 -0.936295 31.337
      vertex -10.3608 1.18862 30.7525
      vertex -10.6 1.21563 30.8796
    endloop
  endfacet
  facet normal 0.477337 0.182694 0.859519
    outer loop
      vertex -10.3608 1.18862 30.7525
      vertex -10.6 -0.936295 31.337
      vertex -10.3608 -0.963303 31.2099
    endloop
  endfacet
  facet normal 0.923845 0.0795809 0.374404
    outer loop
      vertex -12.8546 -0.387446 33.9191
      vertex -12.7504 1.71219 33.2157
      vertex -12.8546 1.76448 33.4617
    endloop
  endfacet
  facet normal 0.923845 0.0795806 0.374403
    outer loop
      vertex -12.7504 1.71219 33.2157
      vertex -12.8546 -0.387446 33.9191
      vertex -12.7504 -0.43974 33.6731
    endloop
  endfacet
  facet normal 0.566512 0.171329 0.806047
    outer loop
      vertex -11.0565 -0.874661 31.627
      vertex -10.8321 1.2452 31.0187
      vertex -11.0565 1.27726 31.1696
    endloop
  endfacet
  facet normal 0.566512 0.171329 0.806047
    outer loop
      vertex -10.8321 1.2452 31.0187
      vertex -11.0565 -0.874661 31.627
      vertex -10.8321 -0.906721 31.4761
    endloop
  endfacet
  facet normal 0.902555 0.08952 0.421165
    outer loop
      vertex -12.7504 -0.43974 33.6731
      vertex -12.6332 1.6611 32.9754
      vertex -12.7504 1.71219 33.2157
    endloop
  endfacet
  facet normal 0.902555 0.0895202 0.421165
    outer loop
      vertex -12.6332 1.6611 32.9754
      vertex -12.7504 -0.43974 33.6731
      vertex -12.6332 -0.490828 33.4328
    endloop
  endfacet
  facet normal -0.996906 -0.0163413 -0.0768807
    outer loop
      vertex 13.1929 2.20851 35.5507
      vertex 13.1715 0.11301 36.2736
      vertex 13.1715 2.26493 35.8162
    endloop
  endfacet
  facet normal -0.996906 -0.0163412 -0.0768802
    outer loop
      vertex 13.1715 0.11301 36.2736
      vertex 13.1929 2.20851 35.5507
      vertex 13.1929 0.0565824 36.0081
    endloop
  endfacet
  facet normal -0.99966 -0.00542223 -0.0255099
    outer loop
      vertex 13.2 2.15192 35.2845
      vertex 13.1929 0.0565824 36.0081
      vertex 13.1929 2.20851 35.5507
    endloop
  endfacet
  facet normal -0.99966 -0.00542228 -0.0255101
    outer loop
      vertex 13.1929 0.0565824 36.0081
      vertex 13.2 2.15192 35.2845
      vertex 13.2 0 35.7419
    endloop
  endfacet
  facet normal -0.99146 -0.0271129 -0.127558
    outer loop
      vertex 13.1715 2.26493 35.8162
      vertex 13.136 0.169128 36.5376
      vertex 13.136 2.32105 36.0802
    endloop
  endfacet
  facet normal -0.99146 -0.027113 -0.127558
    outer loop
      vertex 13.136 0.169128 36.5376
      vertex 13.1715 2.26493 35.8162
      vertex 13.1715 0.11301 36.2736
    endloop
  endfacet
  facet normal -0.566512 0.171329 0.806047
    outer loop
      vertex 10.8321 1.2452 31.0187
      vertex 11.0565 -0.874661 31.627
      vertex 11.0565 1.27726 31.1696
    endloop
  endfacet
  facet normal -0.566512 0.171329 0.806047
    outer loop
      vertex 11.0565 -0.874661 31.627
      vertex 10.8321 1.2452 31.0187
      vertex 10.8321 -0.906721 31.4761
    endloop
  endfacet
  facet normal 0.942681 0.0693786 0.326404
    outer loop
      vertex 3.05451 -0.334091 34.1702
      vertex 3.14538 1.76448 33.4617
      vertex 3.05451 1.81783 33.7128
    endloop
  endfacet
  facet normal 0.942681 0.0693782 0.326403
    outer loop
      vertex 3.14538 1.76448 33.4617
      vertex 3.05451 -0.334091 34.1702
      vertex 3.14538 -0.387446 33.9191
    endloop
  endfacet
  facet normal 0.996918 -0.016311 -0.0767379
    outer loop
      vertex 2.82849 0.11301 36.2736
      vertex 2.80713 2.20851 35.5507
      vertex 2.82849 2.26493 35.8162
    endloop
  endfacet
  facet normal 0.996918 -0.0163108 -0.0767374
    outer loop
      vertex 2.80713 2.20851 35.5507
      vertex 2.82849 0.11301 36.2736
      vertex 2.80713 0.0565824 36.0081
    endloop
  endfacet
  facet normal -0.878886 0.0991793 0.466609
    outer loop
      vertex 12.5033 1.61135 32.7413
      vertex 12.6332 -0.490828 33.4328
      vertex 12.6332 1.6611 32.9754
    endloop
  endfacet
  facet normal -0.878884 0.0991802 0.466611
    outer loop
      vertex 12.6332 -0.490828 33.4328
      vertex 12.5033 1.61135 32.7413
      vertex 12.5033 -0.54057 33.1987
    endloop
  endfacet
  facet normal -0.130323 -0.206136 -0.969806
    outer loop
      vertex 8.54355 1.07522 40.8004
      vertex 8.81346 3.21975 40.3083
      vertex 8.81346 1.06783 40.7657
    endloop
  endfacet
  facet normal -0.130323 -0.206136 -0.969806
    outer loop
      vertex 8.81346 3.21975 40.3083
      vertex 8.54355 1.07522 40.8004
      vertex 8.54355 3.22714 40.343
    endloop
  endfacet
  facet normal 0.972377 -0.0485294 -0.228315
    outer loop
      vertex 2.97719 0.27982 37.0584
      vertex 2.91363 2.37671 36.342
      vertex 2.97719 2.43174 36.601
    endloop
  endfacet
  facet normal 0.972377 -0.048529 -0.228314
    outer loop
      vertex 2.91363 2.37671 36.342
      vertex 2.97719 0.27982 37.0584
      vertex 2.91363 0.224782 36.7994
    endloop
  endfacet
  facet normal -0.566268 -0.171363 -0.806211
    outer loop
      vertex 10.8321 0.906721 40.0077
      vertex 11.0565 3.02659 39.3995
      vertex 11.0565 0.874661 39.8569
    endloop
  endfacet
  facet normal -0.566268 -0.171363 -0.806211
    outer loop
      vertex 11.0565 3.02659 39.3995
      vertex 10.8321 0.906721 40.0077
      vertex 10.8321 3.05865 39.5503
    endloop
  endfacet
  facet normal 0.522668 -0.17725 -0.833907
    outer loop
      vertex 5.16788 3.05865 39.5503
      vertex 5.4 0.936295 40.1469
      vertex 5.16788 0.906721 40.0077
    endloop
  endfacet
  facet normal 0.522405 -0.177321 -0.834057
    outer loop
      vertex 5.4 0.936295 40.1469
      vertex 5.16788 3.05865 39.5503
      vertex 5.4 3.08822 39.6894
    endloop
  endfacet
  facet normal -0.130669 0.206127 0.969761
    outer loop
      vertex 8.54355 1.07671 30.226
      vertex 8.81346 -1.06783 30.7182
      vertex 8.81346 1.08409 30.2608
    endloop
  endfacet
  facet normal -0.130677 0.206126 0.969761
    outer loop
      vertex 8.81346 -1.06783 30.7182
      vertex 8.54355 1.07671 30.226
      vertex 8.54355 -1.07522 30.6834
    endloop
  endfacet
  facet normal -0.972324 0.0485752 0.228531
    outer loop
      vertex 13.0228 1.87211 33.9681
      vertex 13.0864 -0.224782 34.6844
      vertex 13.0864 1.92714 34.227
    endloop
  endfacet
  facet normal -0.972324 0.0485748 0.22853
    outer loop
      vertex 13.0864 -0.224782 34.6844
      vertex 13.0228 1.87211 33.9681
      vertex 13.0228 -0.27982 34.4255
    endloop
  endfacet
  facet normal 0.608732 0.16495 0.776039
    outer loop
      vertex 4.72753 -0.840204 31.7891
      vertex 4.94352 1.27726 31.1696
      vertex 4.72753 1.31172 31.3317
    endloop
  endfacet
  facet normal 0.608731 0.164951 0.77604
    outer loop
      vertex 4.94352 1.27726 31.1696
      vertex 4.72753 -0.840204 31.7891
      vertex 4.94352 -0.874661 31.627
    endloop
  endfacet
  facet normal -0.522701 -0.177246 -0.833887
    outer loop
      vertex 10.6 0.936295 40.1469
      vertex 10.8321 3.05865 39.5503
      vertex 10.8321 0.906721 40.0077
    endloop
  endfacet
  facet normal -0.522438 -0.177317 -0.834037
    outer loop
      vertex 10.8321 3.05865 39.5503
      vertex 10.6 0.936295 40.1469
      vertex 10.6 3.08822 39.6894
    endloop
  endfacet
  facet normal -0.608713 -0.164953 -0.776053
    outer loop
      vertex 11.0565 0.874661 39.8569
      vertex 11.2725 2.99213 39.2374
      vertex 11.2725 0.840204 39.6948
    endloop
  endfacet
  facet normal -0.608715 -0.164953 -0.776052
    outer loop
      vertex 11.2725 2.99213 39.2374
      vertex 11.0565 0.874661 39.8569
      vertex 11.0565 3.02659 39.3995
    endloop
  endfacet
  facet normal 0.688342 -0.150814 -0.709535
    outer loop
      vertex 4.32304 2.91641 38.8811
      vertex 4.52052 0.803444 39.5218
      vertex 4.32304 0.764482 39.3385
    endloop
  endfacet
  facet normal 0.688341 -0.150815 -0.709536
    outer loop
      vertex 4.52052 0.803444 39.5218
      vertex 4.32304 2.91641 38.8811
      vertex 4.52052 2.95537 39.0644
    endloop
  endfacet
  facet normal -0.333842 0.195982 0.922031
    outer loop
      vertex 9.60689 1.1237 30.4471
      vertex 9.86351 -1.00933 30.9934
      vertex 9.86351 1.14259 30.536
    endloop
  endfacet
  facet normal -0.333849 0.19598 0.922028
    outer loop
      vertex 9.86351 -1.00933 30.9934
      vertex 9.60689 1.1237 30.4471
      vertex 9.60689 -1.02823 30.9045
    endloop
  endfacet
  facet normal -0.0259292 0.207839 0.977819
    outer loop
      vertex 8 1.07078 30.1982
      vertex 8.27215 -1.07966 30.6625
      vertex 8.27215 1.07227 30.2051
    endloop
  endfacet
  facet normal -0.0259216 0.20784 0.977819
    outer loop
      vertex 8.27215 -1.07966 30.6625
      vertex 8 1.07078 30.1982
      vertex 8 -1.08114 30.6556
    endloop
  endfacet
  facet normal 0.991452 0.027126 0.127619
    outer loop
      vertex 2.82849 -0.11301 35.2103
      vertex 2.86402 1.9828 34.4888
      vertex 2.82849 2.03891 34.7529
    endloop
  endfacet
  facet normal 0.991446 0.0271411 0.127663
    outer loop
      vertex 2.86402 1.9828 34.4888
      vertex 2.82849 -0.11301 35.2103
      vertex 2.86402 -0.169128 34.9463
    endloop
  endfacet
  facet normal -0.958833 0.0590397 0.277764
    outer loop
      vertex 12.9455 1.81783 33.7128
      vertex 13.0228 -0.27982 34.4255
      vertex 13.0228 1.87211 33.9681
    endloop
  endfacet
  facet normal -0.958833 0.0590403 0.277766
    outer loop
      vertex 13.0228 -0.27982 34.4255
      vertex 12.9455 1.81783 33.7128
      vertex 12.9455 -0.334091 34.1702
    endloop
  endfacet
  facet normal -0.725438 0.143101 0.673247
    outer loop
      vertex 11.677 1.38744 31.6879
      vertex 11.8644 -0.723424 32.3385
      vertex 11.8644 1.4285 31.8811
    endloop
  endfacet
  facet normal -0.725437 0.143102 0.673248
    outer loop
      vertex 11.8644 -0.723424 32.3385
      vertex 11.677 1.38744 31.6879
      vertex 11.677 -0.764482 32.1453
    endloop
  endfacet
  facet normal -0.923845 -0.0795811 -0.374404
    outer loop
      vertex 12.8546 2.53937 37.1073
      vertex 12.7504 0.43974 37.8107
      vertex 12.7504 2.59166 37.3533
    endloop
  endfacet
  facet normal -0.923845 -0.0795808 -0.374403
    outer loop
      vertex 12.7504 0.43974 37.8107
      vertex 12.8546 2.53937 37.1073
      vertex 12.8546 0.387446 37.5647
    endloop
  endfacet
  facet normal -0.99966 0.00542229 0.0255101
    outer loop
      vertex 13.1929 2.09534 35.0183
      vertex 13.2 0 35.7419
      vertex 13.2 2.15192 35.2845
    endloop
  endfacet
  facet normal -0.99966 0.00542227 0.0255101
    outer loop
      vertex 13.2 0 35.7419
      vertex 13.1929 2.09534 35.0183
      vertex 13.1929 -0.0565824 35.4757
    endloop
  endfacet
  facet normal -0.793323 0.126575 0.595498
    outer loop
      vertex 12.0412 1.47154 32.0836
      vertex 12.2069 -0.635479 32.7522
      vertex 12.2069 1.51645 32.2948
    endloop
  endfacet
  facet normal -0.793321 0.126576 0.595499
    outer loop
      vertex 12.2069 -0.635479 32.7522
      vertex 12.0412 1.47154 32.0836
      vertex 12.0412 -0.680384 32.541
    endloop
  endfacet
  facet normal 0.522405 0.177284 0.834064
    outer loop
      vertex 5.16788 -0.906721 31.4761
      vertex 5.4 1.21563 30.8796
      vertex 5.16788 1.2452 31.0187
    endloop
  endfacet
  facet normal 0.522407 0.177283 0.834063
    outer loop
      vertex 5.4 1.21563 30.8796
      vertex 5.16788 -0.906721 31.4761
      vertex 5.4 -0.936295 31.337
    endloop
  endfacet
  facet normal 0.999657 0.00544518 0.0256178
    outer loop
      vertex 2.8 0 35.7419
      vertex 2.80713 2.09534 35.0183
      vertex 2.8 2.15192 35.2845
    endloop
  endfacet
  facet normal 0.999657 0.00544517 0.0256178
    outer loop
      vertex 2.80713 2.09534 35.0183
      vertex 2.8 0 35.7419
      vertex 2.80713 -0.0565824 35.4757
    endloop
  endfacet
  facet normal -0.649592 -0.15807 -0.74367
    outer loop
      vertex 11.2725 0.840204 39.6948
      vertex 11.4795 2.95537 39.0644
      vertex 11.4795 0.803444 39.5218
    endloop
  endfacet
  facet normal -0.649592 -0.15807 -0.74367
    outer loop
      vertex 11.4795 2.95537 39.0644
      vertex 11.2725 0.840204 39.6948
      vertex 11.2725 2.99213 39.2374
    endloop
  endfacet
  facet normal -0.852762 -0.108591 -0.510886
    outer loop
      vertex 12.5033 2.6925 37.8277
      vertex 12.3611 0.588831 38.5122
      vertex 12.3611 2.74076 38.0548
    endloop
  endfacet
  facet normal -0.852763 -0.10859 -0.510886
    outer loop
      vertex 12.3611 0.588831 38.5122
      vertex 12.5033 2.6925 37.8277
      vertex 12.5033 0.54057 38.2851
    endloop
  endfacet
  facet normal -0.852664 0.108624 0.511042
    outer loop
      vertex 12.3611 1.56309 32.5143
      vertex 12.5033 -0.54057 33.1987
      vertex 12.5033 1.61135 32.7413
    endloop
  endfacet
  facet normal -0.852664 0.108624 0.511042
    outer loop
      vertex 12.5033 -0.54057 33.1987
      vertex 12.3611 1.56309 32.5143
      vertex 12.3611 -0.588831 32.9717
    endloop
  endfacet
  facet normal -0.942646 0.0693989 0.3265
    outer loop
      vertex 12.8546 1.76448 33.4617
      vertex 12.9455 -0.334091 34.1702
      vertex 12.9455 1.81783 33.7128
    endloop
  endfacet
  facet normal -0.942647 0.0693985 0.326499
    outer loop
      vertex 12.9455 -0.334091 34.1702
      vertex 12.8546 1.76448 33.4617
      vertex 12.8546 -0.387446 33.9191
    endloop
  endfacet
  facet normal -0.878804 -0.0992106 -0.466756
    outer loop
      vertex 12.6332 2.64275 37.5937
      vertex 12.5033 0.54057 38.2851
      vertex 12.5033 2.6925 37.8277
    endloop
  endfacet
  facet normal -0.878802 -0.0992114 -0.466758
    outer loop
      vertex 12.5033 0.54057 38.2851
      vertex 12.6332 2.64275 37.5937
      vertex 12.6332 0.490828 38.0511
    endloop
  endfacet
  facet normal -0.283909 -0.199396 -0.93789
    outer loop
      vertex 9.34586 1.0443 40.655
      vertex 9.60689 3.18015 40.1219
      vertex 9.60689 1.02823 40.5794
    endloop
  endfacet
  facet normal -0.284246 -0.199333 -0.937801
    outer loop
      vertex 9.60689 3.18015 40.1219
      vertex 9.34586 1.0443 40.655
      vertex 9.34586 3.19623 40.1976
    endloop
  endfacet
  facet normal -0.958833 -0.0590397 -0.277764
    outer loop
      vertex 13.0228 2.43174 36.601
      vertex 12.9455 0.334091 37.3137
      vertex 12.9455 2.48602 36.8563
    endloop
  endfacet
  facet normal -0.958833 -0.0590403 -0.277766
    outer loop
      vertex 12.9455 0.334091 37.3137
      vertex 13.0228 2.43174 36.601
      vertex 13.0228 0.27982 37.0584
    endloop
  endfacet
  facet normal -0.23323 -0.202175 -0.951173
    outer loop
      vertex 9.08114 1.05752 40.7171
      vertex 9.34586 3.19623 40.1976
      vertex 9.34586 1.0443 40.655
    endloop
  endfacet
  facet normal -0.233222 -0.202176 -0.951174
    outer loop
      vertex 9.34586 3.19623 40.1976
      vertex 9.08114 1.05752 40.7171
      vertex 9.08114 3.20944 40.2597
    endloop
  endfacet
  facet normal 0.283909 -0.199396 -0.93789
    outer loop
      vertex 6.39311 3.18015 40.1219
      vertex 6.65414 1.0443 40.655
      vertex 6.39311 1.02823 40.5794
    endloop
  endfacet
  facet normal 0.284246 -0.199333 -0.937801
    outer loop
      vertex 6.65414 1.0443 40.655
      vertex 6.39311 3.18015 40.1219
      vertex 6.65414 3.19623 40.1976
    endloop
  endfacet
  facet normal -0.923845 0.0795809 0.374404
    outer loop
      vertex 12.7504 1.71219 33.2157
      vertex 12.8546 -0.387446 33.9191
      vertex 12.8546 1.76448 33.4617
    endloop
  endfacet
  facet normal -0.923845 0.0795806 0.374403
    outer loop
      vertex 12.8546 -0.387446 33.9191
      vertex 12.7504 1.71219 33.2157
      vertex 12.7504 -0.43974 33.6731
    endloop
  endfacet
  facet normal -0.0262806 -0.207838 -0.97781
    outer loop
      vertex 8 1.08114 40.8283
      vertex 8.27215 3.23158 40.3639
      vertex 8.27215 1.07966 40.8213
    endloop
  endfacet
  facet normal -0.0262883 -0.207837 -0.97781
    outer loop
      vertex 8.27215 3.23158 40.3639
      vertex 8 1.08114 40.8283
      vertex 8 3.23307 40.3709
    endloop
  endfacet
  facet normal -0.902622 -0.0894913 -0.421028
    outer loop
      vertex 12.7504 2.59166 37.3533
      vertex 12.6332 0.490828 38.0511
      vertex 12.6332 2.64275 37.5937
    endloop
  endfacet
  facet normal -0.902622 -0.0894915 -0.421029
    outer loop
      vertex 12.6332 0.490828 38.0511
      vertex 12.7504 2.59166 37.3533
      vertex 12.7504 0.43974 37.8107
    endloop
  endfacet
  facet normal -0.608715 0.164953 0.776052
    outer loop
      vertex 11.0565 1.27726 31.1696
      vertex 11.2725 -0.840204 31.7891
      vertex 11.2725 1.31172 31.3317
    endloop
  endfacet
  facet normal -0.608713 0.164953 0.776053
    outer loop
      vertex 11.2725 -0.840204 31.7891
      vertex 11.0565 1.27726 31.1696
      vertex 11.0565 -0.874661 31.627
    endloop
  endfacet
  facet normal 0.958813 0.0590537 0.27783
    outer loop
      vertex 2.97719 -0.27982 34.4255
      vertex 3.05451 1.81783 33.7128
      vertex 2.97719 1.87211 33.9681
    endloop
  endfacet
  facet normal 0.958813 0.0590543 0.277832
    outer loop
      vertex 3.05451 1.81783 33.7128
      vertex 2.97719 -0.27982 34.4255
      vertex 3.05451 -0.334091 34.1702
    endloop
  endfacet
  facet normal -0.942606 -0.0694223 -0.32661
    outer loop
      vertex 12.9455 2.48602 36.8563
      vertex 12.8546 0.387446 37.5647
      vertex 12.8546 2.53937 37.1073
    endloop
  endfacet
  facet normal -0.942606 -0.0694219 -0.326609
    outer loop
      vertex 12.8546 0.387446 37.5647
      vertex 12.9455 2.48602 36.8563
      vertex 12.9455 0.334091 37.3137
    endloop
  endfacet
  facet normal 0.130669 0.206127 0.969761
    outer loop
      vertex 7.18654 -1.06783 30.7182
      vertex 7.45645 1.07671 30.226
      vertex 7.18654 1.08409 30.2608
    endloop
  endfacet
  facet normal 0.130677 0.206126 0.969761
    outer loop
      vertex 7.45645 1.07671 30.226
      vertex 7.18654 -1.06783 30.7182
      vertex 7.45645 -1.07522 30.6834
    endloop
  endfacet
  facet normal -0.688305 0.150822 0.70957
    outer loop
      vertex 11.4795 1.34848 31.5046
      vertex 11.677 -0.764482 32.1453
      vertex 11.677 1.38744 31.6879
    endloop
  endfacet
  facet normal -0.688306 0.150822 0.709569
    outer loop
      vertex 11.677 -0.764482 32.1453
      vertex 11.4795 1.34848 31.5046
      vertex 11.4795 -0.803444 31.962
    endloop
  endfacet
  facet normal -0.991466 0.0271035 0.127513
    outer loop
      vertex 13.136 1.9828 34.4888
      vertex 13.1715 -0.11301 35.2103
      vertex 13.1715 2.03891 34.7529
    endloop
  endfacet
  facet normal -0.99146 0.0271186 0.127557
    outer loop
      vertex 13.1715 -0.11301 35.2103
      vertex 13.136 1.9828 34.4888
      vertex 13.136 -0.169128 34.9463
    endloop
  endfacet
  facet normal 0.725456 0.143097 0.673228
    outer loop
      vertex 4.13565 -0.723424 32.3385
      vertex 4.32304 1.38744 31.6879
      vertex 4.13565 1.4285 31.8811
    endloop
  endfacet
  facet normal 0.725456 0.143098 0.673229
    outer loop
      vertex 4.32304 1.38744 31.6879
      vertex 4.13565 -0.723424 32.3385
      vertex 4.32304 -0.764482 32.1453
    endloop
  endfacet
  facet normal -0.760433 -0.13502 -0.635226
    outer loop
      vertex 12.0412 2.83231 38.4855
      vertex 11.8644 0.723424 39.1454
      vertex 11.8644 2.87535 38.688
    endloop
  endfacet
  facet normal -0.760433 -0.13502 -0.635226
    outer loop
      vertex 11.8644 0.723424 39.1454
      vertex 12.0412 2.83231 38.4855
      vertex 12.0412 0.680384 38.9429
    endloop
  endfacet
  facet normal 0.824171 0.117748 0.553965
    outer loop
      vertex 3.63891 -0.588831 32.9717
      vertex 3.79311 1.51645 32.2948
      vertex 3.63891 1.56309 32.5143
    endloop
  endfacet
  facet normal 0.824173 0.117747 0.553963
    outer loop
      vertex 3.79311 1.51645 32.2948
      vertex 3.63891 -0.588831 32.9717
      vertex 3.79311 -0.635479 32.7522
    endloop
  endfacet
  facet normal 0.991446 -0.0271355 -0.127664
    outer loop
      vertex 2.86402 0.169128 36.5376
      vertex 2.82849 2.26493 35.8162
      vertex 2.86402 2.32105 36.0802
    endloop
  endfacet
  facet normal 0.991446 -0.0271355 -0.127664
    outer loop
      vertex 2.82849 2.26493 35.8162
      vertex 2.86402 0.169128 36.5376
      vertex 2.82849 0.11301 36.2736
    endloop
  endfacet
  facet normal 0.0784838 -0.207268 -0.975131
    outer loop
      vertex 7.45645 3.22714 40.343
      vertex 7.72785 1.07966 40.8213
      vertex 7.45645 1.07522 40.8004
    endloop
  endfacet
  facet normal 0.0784838 -0.207268 -0.975131
    outer loop
      vertex 7.72785 1.07966 40.8213
      vertex 7.45645 3.22714 40.343
      vertex 7.72785 3.23158 40.3639
    endloop
  endfacet
  facet normal 0.0262806 -0.207838 -0.97781
    outer loop
      vertex 7.72785 3.23158 40.3639
      vertex 8 1.08114 40.8283
      vertex 7.72785 1.07966 40.8213
    endloop
  endfacet
  facet normal 0.0262883 -0.207837 -0.97781
    outer loop
      vertex 8 1.08114 40.8283
      vertex 7.72785 3.23158 40.3639
      vertex 8 3.23307 40.3709
    endloop
  endfacet
  facet normal 0.333842 0.195982 0.922031
    outer loop
      vertex 6.13649 -1.00933 30.9934
      vertex 6.39311 1.1237 30.4471
      vertex 6.13649 1.14259 30.536
    endloop
  endfacet
  facet normal 0.333849 0.19598 0.922028
    outer loop
      vertex 6.39311 1.1237 30.4471
      vertex 6.13649 -1.00933 30.9934
      vertex 6.39311 -1.02823 30.9045
    endloop
  endfacet
  facet normal -0.760433 0.13502 0.635226
    outer loop
      vertex 11.8644 1.4285 31.8811
      vertex 12.0412 -0.680384 32.541
      vertex 12.0412 1.47154 32.0836
    endloop
  endfacet
  facet normal -0.760433 0.13502 0.635226
    outer loop
      vertex 12.0412 -0.680384 32.541
      vertex 11.8644 1.4285 31.8811
      vertex 11.8644 -0.723424 32.3385
    endloop
  endfacet
  facet normal 0.760414 0.135024 0.635247
    outer loop
      vertex 3.95884 -0.680384 32.541
      vertex 4.13565 1.4285 31.8811
      vertex 3.95884 1.47154 32.0836
    endloop
  endfacet
  facet normal 0.760414 0.135024 0.635247
    outer loop
      vertex 4.13565 1.4285 31.8811
      vertex 3.95884 -0.680384 32.541
      vertex 4.13565 -0.723424 32.3385
    endloop
  endfacet
  facet normal 0.902608 -0.0894975 -0.421058
    outer loop
      vertex 3.36677 0.490828 38.0511
      vertex 3.24956 2.59166 37.3533
      vertex 3.36677 2.64275 37.5937
    endloop
  endfacet
  facet normal 0.902607 -0.0894977 -0.421058
    outer loop
      vertex 3.24956 2.59166 37.3533
      vertex 3.36677 0.490828 38.0511
      vertex 3.24956 0.43974 37.8107
    endloop
  endfacet
  facet normal -0.0784838 0.207267 0.975131
    outer loop
      vertex 8.27215 1.07227 30.2051
      vertex 8.54355 -1.07522 30.6834
      vertex 8.54355 1.07671 30.226
    endloop
  endfacet
  facet normal -0.0784838 0.207267 0.975131
    outer loop
      vertex 8.54355 -1.07522 30.6834
      vertex 8.27215 1.07227 30.2051
      vertex 8.27215 -1.07966 30.6625
    endloop
  endfacet
  facet normal 0.852697 -0.108613 -0.510991
    outer loop
      vertex 3.63891 0.588831 38.5122
      vertex 3.49667 2.6925 37.8277
      vertex 3.63891 2.74076 38.0548
    endloop
  endfacet
  facet normal 0.852697 -0.108613 -0.51099
    outer loop
      vertex 3.49667 2.6925 37.8277
      vertex 3.63891 0.588831 38.5122
      vertex 3.49667 0.54057 38.2851
    endloop
  endfacet
  facet normal -0.382702 -0.192081 -0.903684
    outer loop
      vertex 9.86351 1.00933 40.4905
      vertex 10.115 3.1396 39.9312
      vertex 10.115 0.987671 40.3886
    endloop
  endfacet
  facet normal -0.382702 -0.192081 -0.903683
    outer loop
      vertex 10.115 3.1396 39.9312
      vertex 9.86351 1.00933 40.4905
      vertex 9.86351 3.16126 40.0331
    endloop
  endfacet
  facet normal 0.958813 -0.0590537 -0.27783
    outer loop
      vertex 3.05451 0.334091 37.3137
      vertex 2.97719 2.43174 36.601
      vertex 3.05451 2.48602 36.8563
    endloop
  endfacet
  facet normal 0.958813 -0.0590544 -0.277832
    outer loop
      vertex 2.97719 2.43174 36.601
      vertex 3.05451 0.334091 37.3137
      vertex 2.97719 0.27982 37.0584
    endloop
  endfacet
  facet normal -0.430569 -0.18765 -0.882835
    outer loop
      vertex 10.115 0.987671 40.3886
      vertex 10.3608 3.11523 39.8165
      vertex 10.3608 0.963303 40.2739
    endloop
  endfacet
  facet normal -0.43057 -0.18765 -0.882835
    outer loop
      vertex 10.3608 3.11523 39.8165
      vertex 10.115 0.987671 40.3886
      vertex 10.115 3.1396 39.9312
    endloop
  endfacet
  facet normal -0.793456 -0.126539 -0.595328
    outer loop
      vertex 12.2069 2.7874 38.2742
      vertex 12.0412 0.680384 38.9429
      vertex 12.0412 2.83231 38.4855
    endloop
  endfacet
  facet normal -0.793455 -0.12654 -0.59533
    outer loop
      vertex 12.0412 0.680384 38.9429
      vertex 12.2069 2.7874 38.2742
      vertex 12.2069 0.635479 38.7316
    endloop
  endfacet
  facet normal 0.999657 -0.00544512 -0.0256176
    outer loop
      vertex 2.80713 0.0565824 36.0081
      vertex 2.8 2.15192 35.2845
      vertex 2.80713 2.20851 35.5507
    endloop
  endfacet
  facet normal 0.999657 -0.00544517 -0.0256178
    outer loop
      vertex 2.8 2.15192 35.2845
      vertex 2.80713 0.0565824 36.0081
      vertex 2.8 0 35.7419
    endloop
  endfacet
  facet normal 0.182484 -0.204419 -0.961724
    outer loop
      vertex 6.91886 3.20944 40.2597
      vertex 7.18654 1.06783 40.7657
      vertex 6.91886 1.05752 40.7171
    endloop
  endfacet
  facet normal 0.182484 -0.204419 -0.961724
    outer loop
      vertex 7.18654 1.06783 40.7657
      vertex 6.91886 3.20944 40.2597
      vertex 7.18654 3.21975 40.3083
    endloop
  endfacet
  facet normal -0.283916 0.199353 0.937897
    outer loop
      vertex 9.34586 1.10762 30.3715
      vertex 9.60689 -1.02823 30.9045
      vertex 9.60689 1.1237 30.4471
    endloop
  endfacet
  facet normal -0.283909 0.199354 0.937898
    outer loop
      vertex 9.60689 -1.02823 30.9045
      vertex 9.34586 1.10762 30.3715
      vertex 9.34586 -1.0443 30.8289
    endloop
  endfacet
  facet normal -0.182484 -0.204419 -0.961724
    outer loop
      vertex 8.81346 1.06783 40.7657
      vertex 9.08114 3.20944 40.2597
      vertex 9.08114 1.05752 40.7171
    endloop
  endfacet
  facet normal -0.182484 -0.204419 -0.961724
    outer loop
      vertex 9.08114 3.20944 40.2597
      vertex 8.81346 1.06783 40.7657
      vertex 8.81346 3.21975 40.3083
    endloop
  endfacet
  facet normal -0.0784838 -0.207268 -0.975131
    outer loop
      vertex 8.27215 1.07966 40.8213
      vertex 8.54355 3.22714 40.343
      vertex 8.54355 1.07522 40.8004
    endloop
  endfacet
  facet normal -0.0784838 -0.207268 -0.975131
    outer loop
      vertex 8.54355 3.22714 40.343
      vertex 8.27215 1.07966 40.8213
      vertex 8.27215 3.23158 40.3639
    endloop
  endfacet
  facet normal 0.130323 -0.206136 -0.969806
    outer loop
      vertex 7.18654 3.21975 40.3083
      vertex 7.45645 1.07522 40.8004
      vertex 7.18654 1.06783 40.7657
    endloop
  endfacet
  facet normal 0.130323 -0.206136 -0.969806
    outer loop
      vertex 7.45645 1.07522 40.8004
      vertex 7.18654 3.21975 40.3083
      vertex 7.45645 3.22714 40.343
    endloop
  endfacet
  facet normal 0.983252 0.0378991 0.178265
    outer loop
      vertex 2.86402 -0.169128 34.9463
      vertex 2.91363 1.92714 34.227
      vertex 2.86402 1.9828 34.4888
    endloop
  endfacet
  facet normal 0.983264 0.037878 0.178204
    outer loop
      vertex 2.91363 1.92714 34.227
      vertex 2.86402 -0.169128 34.9463
      vertex 2.91363 -0.224782 34.6844
    endloop
  endfacet
  facet normal -0.824056 -0.117783 -0.554129
    outer loop
      vertex 12.3611 2.74076 38.0548
      vertex 12.2069 0.635479 38.7316
      vertex 12.2069 2.7874 38.2742
    endloop
  endfacet
  facet normal -0.824058 -0.117782 -0.554127
    outer loop
      vertex 12.2069 0.635479 38.7316
      vertex 12.3611 2.74076 38.0548
      vertex 12.3611 0.588831 38.5122
    endloop
  endfacet
  facet normal -0.382702 0.192082 0.903683
    outer loop
      vertex 9.86351 1.14259 30.536
      vertex 10.115 -0.987671 31.0953
      vertex 10.115 1.16425 30.6379
    endloop
  endfacet
  facet normal -0.382702 0.192082 0.903684
    outer loop
      vertex 10.115 -0.987671 31.0953
      vertex 9.86351 1.14259 30.536
      vertex 9.86351 -1.00933 30.9934
    endloop
  endfacet
  facet normal -0.996904 0.016347 0.0769076
    outer loop
      vertex 13.1715 2.03891 34.7529
      vertex 13.1929 -0.0565824 35.4757
      vertex 13.1929 2.09534 35.0183
    endloop
  endfacet
  facet normal -0.996904 0.0163471 0.0769078
    outer loop
      vertex 13.1929 -0.0565824 35.4757
      vertex 13.1715 2.03891 34.7529
      vertex 13.1715 -0.11301 35.2103
    endloop
  endfacet
  facet normal -0.477338 0.182694 0.859518
    outer loop
      vertex 10.3608 1.18862 30.7525
      vertex 10.6 -0.936295 31.337
      vertex 10.6 1.21563 30.8796
    endloop
  endfacet
  facet normal -0.477337 0.182694 0.859519
    outer loop
      vertex 10.6 -0.936295 31.337
      vertex 10.3608 1.18862 30.7525
      vertex 10.3608 -0.963303 31.2099
    endloop
  endfacet
  facet normal 0.793403 -0.126554 -0.595396
    outer loop
      vertex 3.95884 0.680384 38.9429
      vertex 3.79311 2.7874 38.2742
      vertex 3.95884 2.83231 38.4855
    endloop
  endfacet
  facet normal 0.793401 -0.126554 -0.595398
    outer loop
      vertex 3.79311 2.7874 38.2742
      vertex 3.95884 0.680384 38.9429
      vertex 3.79311 0.635479 38.7316
    endloop
  endfacet
  facet normal -0.983259 -0.0378838 -0.178232
    outer loop
      vertex 13.136 2.32105 36.0802
      vertex 13.0864 0.224782 36.7994
      vertex 13.0864 2.37671 36.342
    endloop
  endfacet
  facet normal -0.983259 -0.037884 -0.178232
    outer loop
      vertex 13.0864 0.224782 36.7994
      vertex 13.136 2.32105 36.0802
      vertex 13.136 0.169128 36.5376
    endloop
  endfacet
  facet normal 0.996916 0.0163167 0.0767648
    outer loop
      vertex 2.80713 -0.0565824 35.4757
      vertex 2.82849 2.03891 34.7529
      vertex 2.80713 2.09534 35.0183
    endloop
  endfacet
  facet normal 0.996916 0.0163167 0.0767649
    outer loop
      vertex 2.82849 2.03891 34.7529
      vertex 2.80713 -0.0565824 35.4757
      vertex 2.82849 -0.11301 35.2103
    endloop
  endfacet
  facet normal 0.852599 0.108647 0.511147
    outer loop
      vertex 3.49667 -0.54057 33.1987
      vertex 3.63891 1.56309 32.5143
      vertex 3.49667 1.61135 32.7413
    endloop
  endfacet
  facet normal 0.852599 0.108646 0.511147
    outer loop
      vertex 3.63891 1.56309 32.5143
      vertex 3.49667 -0.54057 33.1987
      vertex 3.63891 -0.588831 32.9717
    endloop
  endfacet
  facet normal 0.430392 0.187668 0.882918
    outer loop
      vertex 5.63925 -0.963303 31.2099
      vertex 5.88497 1.16425 30.6379
      vertex 5.63925 1.18862 30.7525
    endloop
  endfacet
  facet normal 0.43039 0.187668 0.882918
    outer loop
      vertex 5.88497 1.16425 30.6379
      vertex 5.63925 -0.963303 31.2099
      vertex 5.88497 -0.987671 31.0953
    endloop
  endfacet
  facet normal 0.983252 -0.0378912 -0.178266
    outer loop
      vertex 2.91363 0.224782 36.7994
      vertex 2.86402 2.32105 36.0802
      vertex 2.91363 2.37671 36.342
    endloop
  endfacet
  facet normal 0.983252 -0.0378914 -0.178267
    outer loop
      vertex 2.86402 2.32105 36.0802
      vertex 2.91363 0.224782 36.7994
      vertex 2.86402 0.169128 36.5376
    endloop
  endfacet
  facet normal 0.942641 -0.069402 -0.326515
    outer loop
      vertex 3.14538 0.387446 37.5647
      vertex 3.05451 2.48602 36.8563
      vertex 3.14538 2.53937 37.1073
    endloop
  endfacet
  facet normal 0.942641 -0.0694016 -0.326513
    outer loop
      vertex 3.05451 2.48602 36.8563
      vertex 3.14538 0.387446 37.5647
      vertex 3.05451 0.334091 37.3137
    endloop
  endfacet
  facet normal 0.333849 -0.19598 -0.922028
    outer loop
      vertex 6.13649 3.16126 40.0331
      vertex 6.39311 1.02823 40.5794
      vertex 6.13649 1.00933 40.4905
    endloop
  endfacet
  facet normal 0.333523 -0.196046 -0.922132
    outer loop
      vertex 6.39311 1.02823 40.5794
      vertex 6.13649 3.16126 40.0331
      vertex 6.39311 3.18015 40.1219
    endloop
  endfacet
  facet normal 0.0784838 0.207267 0.975131
    outer loop
      vertex 7.45645 -1.07522 30.6834
      vertex 7.72785 1.07227 30.2051
      vertex 7.45645 1.07671 30.226
    endloop
  endfacet
  facet normal 0.0784838 0.207267 0.975131
    outer loop
      vertex 7.72785 1.07227 30.2051
      vertex 7.45645 -1.07522 30.6834
      vertex 7.72785 -1.07966 30.6625
    endloop
  endfacet
  facet normal -0.972344 -0.0485583 -0.228451
    outer loop
      vertex 13.0864 2.37671 36.342
      vertex 13.0228 0.27982 37.0584
      vertex 13.0228 2.43174 36.601
    endloop
  endfacet
  facet normal -0.972344 -0.0485579 -0.22845
    outer loop
      vertex 13.0228 0.27982 37.0584
      vertex 13.0864 2.37671 36.342
      vertex 13.0864 0.224782 36.7994
    endloop
  endfacet
  facet normal 0.725286 -0.143134 -0.673404
    outer loop
      vertex 4.32304 0.764482 39.3385
      vertex 4.13565 2.87535 38.688
      vertex 4.32304 2.91641 38.8811
    endloop
  endfacet
  facet normal 0.725285 -0.143135 -0.673404
    outer loop
      vertex 4.13565 2.87535 38.688
      vertex 4.32304 0.764482 39.3385
      vertex 4.13565 0.723424 39.1454
    endloop
  endfacet
  facet normal -0.522438 0.17728 0.834045
    outer loop
      vertex 10.6 1.21563 30.8796
      vertex 10.8321 -0.906721 31.4761
      vertex 10.8321 1.2452 31.0187
    endloop
  endfacet
  facet normal -0.52244 0.177279 0.834044
    outer loop
      vertex 10.8321 -0.906721 31.4761
      vertex 10.6 1.21563 30.8796
      vertex 10.6 -0.936295 31.337
    endloop
  endfacet
  facet normal -0.688306 -0.150821 -0.709569
    outer loop
      vertex 11.4795 0.803444 39.5218
      vertex 11.677 2.91641 38.8811
      vertex 11.677 0.764482 39.3385
    endloop
  endfacet
  facet normal -0.688305 -0.150822 -0.70957
    outer loop
      vertex 11.677 2.91641 38.8811
      vertex 11.4795 0.803444 39.5218
      vertex 11.4795 2.95537 39.0644
    endloop
  endfacet
  facet normal 0.476982 -0.182772 -0.859699
    outer loop
      vertex 5.4 3.08822 39.6894
      vertex 5.63925 0.963303 40.2739
      vertex 5.4 0.936295 40.1469
    endloop
  endfacet
  facet normal 0.477261 -0.182702 -0.859559
    outer loop
      vertex 5.63925 0.963303 40.2739
      vertex 5.4 3.08822 39.6894
      vertex 5.63925 3.11523 39.8165
    endloop
  endfacet
  facet normal 0.649574 -0.158073 -0.743685
    outer loop
      vertex 4.52052 2.95537 39.0644
      vertex 4.72753 0.840204 39.6948
      vertex 4.52052 0.803444 39.5218
    endloop
  endfacet
  facet normal 0.649574 -0.158073 -0.743685
    outer loop
      vertex 4.72753 0.840204 39.6948
      vertex 4.52052 2.95537 39.0644
      vertex 4.72753 2.99213 39.2374
    endloop
  endfacet
  facet normal 0.79327 0.12659 0.595566
    outer loop
      vertex 3.79311 -0.635479 32.7522
      vertex 3.95884 1.47154 32.0836
      vertex 3.79311 1.51645 32.2948
    endloop
  endfacet
  facet normal 0.793268 0.12659 0.595567
    outer loop
      vertex 3.95884 1.47154 32.0836
      vertex 3.79311 -0.635479 32.7522
      vertex 3.95884 -0.680384 32.541
    endloop
  endfacet
  facet normal -0.824171 0.117748 0.553965
    outer loop
      vertex 12.2069 1.51645 32.2948
      vertex 12.3611 -0.588831 32.9717
      vertex 12.3611 1.56309 32.5143
    endloop
  endfacet
  facet normal -0.824173 0.117747 0.553963
    outer loop
      vertex 12.3611 -0.588831 32.9717
      vertex 12.2069 1.51645 32.2948
      vertex 12.2069 -0.635479 32.7522
    endloop
  endfacet
  facet normal -0.333849 -0.19598 -0.922028
    outer loop
      vertex 9.60689 1.02823 40.5794
      vertex 9.86351 3.16126 40.0331
      vertex 9.86351 1.00933 40.4905
    endloop
  endfacet
  facet normal -0.333523 -0.196046 -0.922132
    outer loop
      vertex 9.86351 3.16126 40.0331
      vertex 9.60689 1.02823 40.5794
      vertex 9.60689 3.18015 40.1219
    endloop
  endfacet
  facet normal 0.649366 0.15811 0.743858
    outer loop
      vertex 4.52052 -0.803444 31.962
      vertex 4.72753 1.31172 31.3317
      vertex 4.52052 1.34848 31.5046
    endloop
  endfacet
  facet normal 0.649366 0.15811 0.743858
    outer loop
      vertex 4.72753 1.31172 31.3317
      vertex 4.52052 -0.803444 31.962
      vertex 4.72753 -0.840204 31.7891
    endloop
  endfacet
  facet normal -0.477059 -0.182764 -0.859658
    outer loop
      vertex 10.3608 0.963303 40.2739
      vertex 10.6 3.08822 39.6894
      vertex 10.6 0.936295 40.1469
    endloop
  endfacet
  facet normal -0.477338 -0.182694 -0.859518
    outer loop
      vertex 10.6 3.08822 39.6894
      vertex 10.3608 0.963303 40.2739
      vertex 10.3608 3.11523 39.8165
    endloop
  endfacet
  facet normal -0.233562 0.202159 0.951094
    outer loop
      vertex 9.08114 1.09441 30.3093
      vertex 9.34586 -1.0443 30.8289
      vertex 9.34586 1.10762 30.3715
    endloop
  endfacet
  facet normal -0.233569 0.202158 0.951093
    outer loop
      vertex 9.34586 -1.0443 30.8289
      vertex 9.08114 1.09441 30.3093
      vertex 9.08114 -1.05752 30.7667
    endloop
  endfacet
  facet normal 0.608731 -0.16495 -0.77604
    outer loop
      vertex 4.72753 2.99213 39.2374
      vertex 4.94352 0.874661 39.8569
      vertex 4.72753 0.840204 39.6948
    endloop
  endfacet
  facet normal 0.608732 -0.16495 -0.776039
    outer loop
      vertex 4.94352 0.874661 39.8569
      vertex 4.72753 2.99213 39.2374
      vertex 4.94352 3.02659 39.3995
    endloop
  endfacet
  facet normal 0.760414 -0.135024 -0.635247
    outer loop
      vertex 4.13565 0.723424 39.1454
      vertex 3.95884 2.83231 38.4855
      vertex 4.13565 2.87535 38.688
    endloop
  endfacet
  facet normal 0.760414 -0.135024 -0.635247
    outer loop
      vertex 3.95884 2.83231 38.4855
      vertex 4.13565 0.723424 39.1454
      vertex 3.95884 0.680384 38.9429
    endloop
  endfacet
  facet normal 0.283916 0.199353 0.937897
    outer loop
      vertex 6.39311 -1.02823 30.9045
      vertex 6.65414 1.10762 30.3715
      vertex 6.39311 1.1237 30.4471
    endloop
  endfacet
  facet normal 0.283909 0.199354 0.937898
    outer loop
      vertex 6.65414 1.10762 30.3715
      vertex 6.39311 -1.02823 30.9045
      vertex 6.65414 -1.0443 30.8289
    endloop
  endfacet
  facet normal 0.430683 -0.187639 -0.882782
    outer loop
      vertex 5.63925 3.11523 39.8165
      vertex 5.88497 0.987671 40.3886
      vertex 5.63925 0.963303 40.2739
    endloop
  endfacet
  facet normal 0.430684 -0.187638 -0.882781
    outer loop
      vertex 5.88497 0.987671 40.3886
      vertex 5.63925 3.11523 39.8165
      vertex 5.88497 3.1396 39.9312
    endloop
  endfacet
  facet normal -0.182144 0.204431 0.961786
    outer loop
      vertex 8.81346 1.08409 30.2608
      vertex 9.08114 -1.05752 30.7667
      vertex 9.08114 1.09441 30.3093
    endloop
  endfacet
  facet normal -0.182137 0.204432 0.961787
    outer loop
      vertex 9.08114 -1.05752 30.7667
      vertex 8.81346 1.08409 30.2608
      vertex 8.81346 -1.06783 30.7182
    endloop
  endfacet
  facet normal 0.233562 0.202159 0.951094
    outer loop
      vertex 6.65414 -1.0443 30.8289
      vertex 6.91886 1.09441 30.3093
      vertex 6.65414 1.10762 30.3715
    endloop
  endfacet
  facet normal 0.233569 0.202158 0.951093
    outer loop
      vertex 6.91886 1.09441 30.3093
      vertex 6.65414 -1.0443 30.8289
      vertex 6.91886 -1.05752 30.7667
    endloop
  endfacet
  facet normal 0.0259292 0.207839 0.977819
    outer loop
      vertex 7.72785 -1.07966 30.6625
      vertex 8 1.07078 30.1982
      vertex 7.72785 1.07227 30.2051
    endloop
  endfacet
  facet normal 0.0259216 0.20784 0.977819
    outer loop
      vertex 8 1.07078 30.1982
      vertex 7.72785 -1.07966 30.6625
      vertex 8 -1.08114 30.6556
    endloop
  endfacet
  facet normal -0.430278 0.187679 0.882971
    outer loop
      vertex 10.115 1.16425 30.6379
      vertex 10.3608 -0.963303 31.2099
      vertex 10.3608 1.18862 30.7525
    endloop
  endfacet
  facet normal -0.430276 0.187679 0.882972
    outer loop
      vertex 10.3608 -0.963303 31.2099
      vertex 10.115 1.16425 30.6379
      vertex 10.115 -0.987671 31.0953
    endloop
  endfacet
  facet normal 0.182144 0.204431 0.961786
    outer loop
      vertex 6.91886 -1.05752 30.7667
      vertex 7.18654 1.08409 30.2608
      vertex 6.91886 1.09441 30.3093
    endloop
  endfacet
  facet normal 0.182137 0.204432 0.961787
    outer loop
      vertex 7.18654 1.08409 30.2608
      vertex 6.91886 -1.05752 30.7667
      vertex 7.18654 -1.06783 30.7182
    endloop
  endfacet
  facet normal -0.725268 -0.143138 -0.673423
    outer loop
      vertex 11.8644 2.87535 38.688
      vertex 11.677 0.764482 39.3385
      vertex 11.677 2.91641 38.8811
    endloop
  endfacet
  facet normal -0.725267 -0.143139 -0.673423
    outer loop
      vertex 11.677 0.764482 39.3385
      vertex 11.8644 2.87535 38.688
      vertex 11.8644 0.723424 39.1454
    endloop
  endfacet
  facet normal -0.983259 0.0378917 0.17823
    outer loop
      vertex 13.0864 1.92714 34.227
      vertex 13.136 -0.169128 34.9463
      vertex 13.136 1.9828 34.4888
    endloop
  endfacet
  facet normal -0.983271 0.0378707 0.178169
    outer loop
      vertex 13.136 -0.169128 34.9463
      vertex 13.0864 1.92714 34.227
      vertex 13.0864 -0.224782 34.6844
    endloop
  endfacet
  facet normal 0.824056 -0.117783 -0.554129
    outer loop
      vertex 3.79311 0.635479 38.7316
      vertex 3.63891 2.74076 38.0548
      vertex 3.79311 2.7874 38.2742
    endloop
  endfacet
  facet normal 0.824058 -0.117782 -0.554127
    outer loop
      vertex 3.63891 2.74076 38.0548
      vertex 3.79311 0.635479 38.7316
      vertex 3.63891 0.588831 38.5122
    endloop
  endfacet
  facet normal 0 -0.978088 0.208193
    outer loop
      vertex 7.72785 3.23158 40.3639
      vertex 8.27215 3.23158 40.3639
      vertex 8 3.23307 40.3709
    endloop
  endfacet
  facet normal 0 -0.978171 0.207803
    outer loop
      vertex 7.45645 3.22714 40.343
      vertex 8.27215 3.23158 40.3639
      vertex 7.72785 3.23158 40.3639
    endloop
  endfacet
  facet normal 0 -0.978171 0.207803
    outer loop
      vertex 7.45645 3.22714 40.343
      vertex 8.54355 3.22714 40.343
      vertex 8.27215 3.23158 40.3639
    endloop
  endfacet
  facet normal 0 -0.978066 0.208297
    outer loop
      vertex 7.18654 3.21975 40.3083
      vertex 8.54355 3.22714 40.343
      vertex 7.45645 3.22714 40.343
    endloop
  endfacet
  facet normal 0 -0.978066 0.208297
    outer loop
      vertex 7.18654 3.21975 40.3083
      vertex 8.81346 3.21975 40.3083
      vertex 8.54355 3.22714 40.343
    endloop
  endfacet
  facet normal 0 -0.97823 0.207522
    outer loop
      vertex 6.91886 3.20944 40.2597
      vertex 8.81346 3.21975 40.3083
      vertex 7.18654 3.21975 40.3083
    endloop
  endfacet
  facet normal 0 -0.97823 0.207522
    outer loop
      vertex 6.91886 3.20944 40.2597
      vertex 9.08114 3.20944 40.2597
      vertex 8.81346 3.21975 40.3083
    endloop
  endfacet
  facet normal 0 -0.978115 0.208066
    outer loop
      vertex 6.65414 3.19623 40.1976
      vertex 9.08114 3.20944 40.2597
      vertex 6.91886 3.20944 40.2597
    endloop
  endfacet
  facet normal 0 -0.978115 0.208066
    outer loop
      vertex 6.65414 3.19623 40.1976
      vertex 9.34586 3.19623 40.1976
      vertex 9.08114 3.20944 40.2597
    endloop
  endfacet
  facet normal 0 -0.978175 0.207781
    outer loop
      vertex 6.39311 3.18015 40.1219
      vertex 9.34586 3.19623 40.1976
      vertex 6.65414 3.19623 40.1976
    endloop
  endfacet
  facet normal 0 -0.978175 0.207781
    outer loop
      vertex 6.39311 3.18015 40.1219
      vertex 9.60689 3.18015 40.1219
      vertex 9.34586 3.19623 40.1976
    endloop
  endfacet
  facet normal 0 -0.978114 0.20807
    outer loop
      vertex 6.13649 3.16126 40.0331
      vertex 9.60689 3.18015 40.1219
      vertex 6.39311 3.18015 40.1219
    endloop
  endfacet
  facet normal 0 -0.978114 0.20807
    outer loop
      vertex 6.13649 3.16126 40.0331
      vertex 9.86351 3.16126 40.0331
      vertex 9.60689 3.18015 40.1219
    endloop
  endfacet
  facet normal 0 -0.978147 0.207916
    outer loop
      vertex 5.88497 3.1396 39.9312
      vertex 9.86351 3.16126 40.0331
      vertex 6.13649 3.16126 40.0331
    endloop
  endfacet
  facet normal 0 -0.978147 0.207916
    outer loop
      vertex 5.88497 3.1396 39.9312
      vertex 10.115 3.1396 39.9312
      vertex 9.86351 3.16126 40.0331
    endloop
  endfacet
  facet normal 0 -0.978165 0.207828
    outer loop
      vertex 5.63925 3.11523 39.8165
      vertex 10.115 3.1396 39.9312
      vertex 5.88497 3.1396 39.9312
    endloop
  endfacet
  facet normal 0 -0.978165 0.207828
    outer loop
      vertex 5.63925 3.11523 39.8165
      vertex 10.3608 3.11523 39.8165
      vertex 10.115 3.1396 39.9312
    endloop
  endfacet
  facet normal 0 -0.978157 0.207868
    outer loop
      vertex 5.4 3.08822 39.6894
      vertex 10.3608 3.11523 39.8165
      vertex 5.63925 3.11523 39.8165
    endloop
  endfacet
  facet normal 0 -0.978157 0.207868
    outer loop
      vertex 5.4 3.08822 39.6894
      vertex 10.6 3.08822 39.6894
      vertex 10.3608 3.11523 39.8165
    endloop
  endfacet
  facet normal 0 -0.978143 0.207934
    outer loop
      vertex 5.16788 3.05865 39.5503
      vertex 10.6 3.08822 39.6894
      vertex 5.4 3.08822 39.6894
    endloop
  endfacet
  facet normal 0 -0.978143 0.207934
    outer loop
      vertex 5.16788 3.05865 39.5503
      vertex 10.8321 3.05865 39.5503
      vertex 10.6 3.08822 39.6894
    endloop
  endfacet
  facet normal 0 -0.978139 0.207952
    outer loop
      vertex 4.94352 3.02659 39.3995
      vertex 10.8321 3.05865 39.5503
      vertex 5.16788 3.05865 39.5503
    endloop
  endfacet
  facet normal 0 -0.978139 0.207952
    outer loop
      vertex 4.94352 3.02659 39.3995
      vertex 11.0565 3.02659 39.3995
      vertex 10.8321 3.05865 39.5503
    endloop
  endfacet
  facet normal 0 -0.978142 0.207938
    outer loop
      vertex 4.72753 2.99213 39.2374
      vertex 11.0565 3.02659 39.3995
      vertex 4.94352 3.02659 39.3995
    endloop
  endfacet
  facet normal 0 -0.978142 0.207938
    outer loop
      vertex 4.72753 2.99213 39.2374
      vertex 11.2725 2.99213 39.2374
      vertex 11.0565 3.02659 39.3995
    endloop
  endfacet
  facet normal 0 -0.978162 0.207845
    outer loop
      vertex 4.52052 2.95537 39.0644
      vertex 11.2725 2.99213 39.2374
      vertex 4.72753 2.99213 39.2374
    endloop
  endfacet
  facet normal 0 -0.978162 0.207845
    outer loop
      vertex 4.52052 2.95537 39.0644
      vertex 11.4795 2.95537 39.0644
      vertex 11.2725 2.99213 39.2374
    endloop
  endfacet
  facet normal 0 -0.978149 0.207903
    outer loop
      vertex 4.32304 2.91641 38.8811
      vertex 11.4795 2.95537 39.0644
      vertex 4.52052 2.95537 39.0644
    endloop
  endfacet
  facet normal 0 -0.978149 0.207903
    outer loop
      vertex 4.32304 2.91641 38.8811
      vertex 11.677 2.91641 38.8811
      vertex 11.4795 2.95537 39.0644
    endloop
  endfacet
  facet normal 0 -0.978132 0.207986
    outer loop
      vertex 4.13565 2.87535 38.688
      vertex 11.677 2.91641 38.8811
      vertex 4.32304 2.91641 38.8811
    endloop
  endfacet
  facet normal 0 -0.978132 0.207986
    outer loop
      vertex 4.13565 2.87535 38.688
      vertex 11.8644 2.87535 38.688
      vertex 11.677 2.91641 38.8811
    endloop
  endfacet
  facet normal 0 -0.97815 0.207899
    outer loop
      vertex 3.95884 2.83231 38.4855
      vertex 11.8644 2.87535 38.688
      vertex 4.13565 2.87535 38.688
    endloop
  endfacet
  facet normal 0 -0.97815 0.207899
    outer loop
      vertex 3.95884 2.83231 38.4855
      vertex 12.0412 2.83231 38.4855
      vertex 11.8644 2.87535 38.688
    endloop
  endfacet
  facet normal 0 -0.978151 0.207898
    outer loop
      vertex 3.79311 2.7874 38.2742
      vertex 12.0412 2.83231 38.4855
      vertex 3.95884 2.83231 38.4855
    endloop
  endfacet
  facet normal 0 -0.978151 0.207898
    outer loop
      vertex 3.79311 2.7874 38.2742
      vertex 12.2069 2.7874 38.2742
      vertex 12.0412 2.83231 38.4855
    endloop
  endfacet
  facet normal 0 -0.978143 0.207933
    outer loop
      vertex 3.63891 2.74076 38.0548
      vertex 12.2069 2.7874 38.2742
      vertex 3.79311 2.7874 38.2742
    endloop
  endfacet
  facet normal 0 -0.978143 0.207933
    outer loop
      vertex 3.63891 2.74076 38.0548
      vertex 12.3611 2.74076 38.0548
      vertex 12.2069 2.7874 38.2742
    endloop
  endfacet
  facet normal 0 -0.978158 0.207864
    outer loop
      vertex 3.49667 2.6925 37.8277
      vertex 12.3611 2.74076 38.0548
      vertex 3.63891 2.74076 38.0548
    endloop
  endfacet
  facet normal 0 -0.978158 0.207864
    outer loop
      vertex 3.49667 2.6925 37.8277
      vertex 12.5033 2.6925 37.8277
      vertex 12.3611 2.74076 38.0548
    endloop
  endfacet
  facet normal 0 -0.978138 0.207959
    outer loop
      vertex 3.36677 2.64275 37.5937
      vertex 12.5033 2.6925 37.8277
      vertex 3.49667 2.6925 37.8277
    endloop
  endfacet
  facet normal 0 -0.978138 0.207959
    outer loop
      vertex 3.36677 2.64275 37.5937
      vertex 12.6332 2.64275 37.5937
      vertex 12.5033 2.6925 37.8277
    endloop
  endfacet
  facet normal 0 -0.978155 0.207878
    outer loop
      vertex 3.24956 2.59166 37.3533
      vertex 12.6332 2.64275 37.5937
      vertex 3.36677 2.64275 37.5937
    endloop
  endfacet
  facet normal 0 -0.978155 0.207878
    outer loop
      vertex 3.24956 2.59166 37.3533
      vertex 12.7504 2.59166 37.3533
      vertex 12.6332 2.64275 37.5937
    endloop
  endfacet
  facet normal 0 -0.978147 0.207916
    outer loop
      vertex 3.14538 2.53937 37.1073
      vertex 12.7504 2.59166 37.3533
      vertex 3.24956 2.59166 37.3533
    endloop
  endfacet
  facet normal 0 -0.978147 0.207916
    outer loop
      vertex 3.14538 2.53937 37.1073
      vertex 12.8546 2.53937 37.1073
      vertex 12.7504 2.59166 37.3533
    endloop
  endfacet
  facet normal 0 -0.978149 0.207905
    outer loop
      vertex 3.05451 2.48602 36.8563
      vertex 12.8546 2.53937 37.1073
      vertex 3.14538 2.53937 37.1073
    endloop
  endfacet
  facet normal 0 -0.978149 0.207905
    outer loop
      vertex 3.05451 2.48602 36.8563
      vertex 12.9455 2.48602 36.8563
      vertex 12.8546 2.53937 37.1073
    endloop
  endfacet
  facet normal 0 -0.978136 0.207964
    outer loop
      vertex 2.97719 2.43174 36.601
      vertex 12.9455 2.48602 36.8563
      vertex 3.05451 2.48602 36.8563
    endloop
  endfacet
  facet normal 0 -0.978136 0.207964
    outer loop
      vertex 2.97719 2.43174 36.601
      vertex 13.0228 2.43174 36.601
      vertex 12.9455 2.48602 36.8563
    endloop
  endfacet
  facet normal 0 -0.978165 0.207832
    outer loop
      vertex 2.91363 2.37671 36.342
      vertex 13.0228 2.43174 36.601
      vertex 2.97719 2.43174 36.601
    endloop
  endfacet
  facet normal 0 -0.978165 0.207832
    outer loop
      vertex 2.91363 2.37671 36.342
      vertex 13.0864 2.37671 36.342
      vertex 13.0228 2.43174 36.601
    endloop
  endfacet
  facet normal 0 -0.978138 0.207957
    outer loop
      vertex 2.86402 2.32105 36.0802
      vertex 13.0864 2.37671 36.342
      vertex 2.91363 2.37671 36.342
    endloop
  endfacet
  facet normal 0 -0.978138 0.207957
    outer loop
      vertex 2.86402 2.32105 36.0802
      vertex 13.136 2.32105 36.0802
      vertex 13.0864 2.37671 36.342
    endloop
  endfacet
  facet normal 0 -0.978144 0.20793
    outer loop
      vertex 2.82849 2.26493 35.8162
      vertex 13.136 2.32105 36.0802
      vertex 2.86402 2.32105 36.0802
    endloop
  endfacet
  facet normal 0 -0.978144 0.20793
    outer loop
      vertex 2.82849 2.26493 35.8162
      vertex 13.1715 2.26493 35.8162
      vertex 13.136 2.32105 36.0802
    endloop
  endfacet
  facet normal 0 -0.978158 0.207863
    outer loop
      vertex 2.80713 2.20851 35.5507
      vertex 13.1715 2.26493 35.8162
      vertex 2.82849 2.26493 35.8162
    endloop
  endfacet
  facet normal 0 -0.978158 0.207863
    outer loop
      vertex 2.80713 2.20851 35.5507
      vertex 13.1929 2.20851 35.5507
      vertex 13.1715 2.26493 35.8162
    endloop
  endfacet
  facet normal 0 -0.978142 0.207938
    outer loop
      vertex 2.8 2.15192 35.2845
      vertex 13.1929 2.20851 35.5507
      vertex 2.80713 2.20851 35.5507
    endloop
  endfacet
  facet normal 0 -0.978142 0.207938
    outer loop
      vertex 2.8 2.15192 35.2845
      vertex 13.2 2.15192 35.2845
      vertex 13.1929 2.20851 35.5507
    endloop
  endfacet
  facet normal 0 -0.97815 0.207903
    outer loop
      vertex 2.80713 2.09534 35.0183
      vertex 13.2 2.15192 35.2845
      vertex 2.8 2.15192 35.2845
    endloop
  endfacet
  facet normal 0 -0.97815 0.207903
    outer loop
      vertex 2.80713 2.09534 35.0183
      vertex 13.1929 2.09534 35.0183
      vertex 13.2 2.15192 35.2845
    endloop
  endfacet
  facet normal 0 -0.978134 0.207973
    outer loop
      vertex 2.82849 2.03891 34.7529
      vertex 13.1929 2.09534 35.0183
      vertex 2.80713 2.09534 35.0183
    endloop
  endfacet
  facet normal 0 -0.978134 0.207973
    outer loop
      vertex 2.82849 2.03891 34.7529
      vertex 13.1715 2.03891 34.7529
      vertex 13.1929 2.09534 35.0183
    endloop
  endfacet
  facet normal 0 -0.978167 0.207819
    outer loop
      vertex 2.86402 1.9828 34.4888
      vertex 13.1715 2.03891 34.7529
      vertex 2.82849 2.03891 34.7529
    endloop
  endfacet
  facet normal 0 -0.978167 0.207819
    outer loop
      vertex 2.86402 1.9828 34.4888
      vertex 13.136 1.9828 34.4888
      vertex 13.1715 2.03891 34.7529
    endloop
  endfacet
  facet normal 0 -0.978138 0.207957
    outer loop
      vertex 2.91363 1.92714 34.227
      vertex 13.136 1.9828 34.4888
      vertex 2.86402 1.9828 34.4888
    endloop
  endfacet
  facet normal 0 -0.978138 0.207957
    outer loop
      vertex 2.91363 1.92714 34.227
      vertex 13.0864 1.92714 34.227
      vertex 13.136 1.9828 34.4888
    endloop
  endfacet
  facet normal 0 -0.978148 0.207908
    outer loop
      vertex 2.97719 1.87211 33.9681
      vertex 13.0864 1.92714 34.227
      vertex 2.91363 1.92714 34.227
    endloop
  endfacet
  facet normal 0 -0.978148 0.207908
    outer loop
      vertex 2.97719 1.87211 33.9681
      vertex 13.0228 1.87211 33.9681
      vertex 13.0864 1.92714 34.227
    endloop
  endfacet
  facet normal 0 -0.978136 0.207964
    outer loop
      vertex 3.05451 1.81783 33.7128
      vertex 13.0228 1.87211 33.9681
      vertex 2.97719 1.87211 33.9681
    endloop
  endfacet
  facet normal 0 -0.978136 0.207964
    outer loop
      vertex 3.05451 1.81783 33.7128
      vertex 12.9455 1.81783 33.7128
      vertex 13.0228 1.87211 33.9681
    endloop
  endfacet
  facet normal 0 -0.978166 0.207826
    outer loop
      vertex 3.14538 1.76448 33.4617
      vertex 12.9455 1.81783 33.7128
      vertex 3.05451 1.81783 33.7128
    endloop
  endfacet
  facet normal 0 -0.978166 0.207826
    outer loop
      vertex 3.14538 1.76448 33.4617
      vertex 12.8546 1.76448 33.4617
      vertex 12.9455 1.81783 33.7128
    endloop
  endfacet
  facet normal 0 -0.978147 0.207916
    outer loop
      vertex 3.24956 1.71219 33.2157
      vertex 12.8546 1.76448 33.4617
      vertex 3.14538 1.76448 33.4617
    endloop
  endfacet
  facet normal 0 -0.978147 0.207916
    outer loop
      vertex 3.24956 1.71219 33.2157
      vertex 12.7504 1.71219 33.2157
      vertex 12.8546 1.76448 33.4617
    endloop
  endfacet
  facet normal 0 -0.978137 0.207961
    outer loop
      vertex 3.36677 1.6611 32.9754
      vertex 12.7504 1.71219 33.2157
      vertex 3.24956 1.71219 33.2157
    endloop
  endfacet
  facet normal 0 -0.978137 0.207961
    outer loop
      vertex 3.36677 1.6611 32.9754
      vertex 12.6332 1.6611 32.9754
      vertex 12.7504 1.71219 33.2157
    endloop
  endfacet
  facet normal 0 -0.978156 0.207874
    outer loop
      vertex 3.49667 1.61135 32.7413
      vertex 12.6332 1.6611 32.9754
      vertex 3.36677 1.6611 32.9754
    endloop
  endfacet
  facet normal 0 -0.978156 0.207874
    outer loop
      vertex 3.49667 1.61135 32.7413
      vertex 12.5033 1.61135 32.7413
      vertex 12.6332 1.6611 32.9754
    endloop
  endfacet
  facet normal 0 -0.978139 0.207952
    outer loop
      vertex 3.63891 1.56309 32.5143
      vertex 12.5033 1.61135 32.7413
      vertex 3.49667 1.61135 32.7413
    endloop
  endfacet
  facet normal 0 -0.978139 0.207952
    outer loop
      vertex 3.63891 1.56309 32.5143
      vertex 12.3611 1.56309 32.5143
      vertex 12.5033 1.61135 32.7413
    endloop
  endfacet
  facet normal 0 -0.978162 0.207843
    outer loop
      vertex 3.79311 1.51645 32.2948
      vertex 12.3611 1.56309 32.5143
      vertex 3.63891 1.56309 32.5143
    endloop
  endfacet
  facet normal 0 -0.978162 0.207843
    outer loop
      vertex 3.79311 1.51645 32.2948
      vertex 12.2069 1.51645 32.2948
      vertex 12.3611 1.56309 32.5143
    endloop
  endfacet
  facet normal 0 -0.978131 0.207992
    outer loop
      vertex 3.95884 1.47154 32.0836
      vertex 12.2069 1.51645 32.2948
      vertex 3.79311 1.51645 32.2948
    endloop
  endfacet
  facet normal 0 -0.978131 0.207992
    outer loop
      vertex 3.95884 1.47154 32.0836
      vertex 12.0412 1.47154 32.0836
      vertex 12.2069 1.51645 32.2948
    endloop
  endfacet
  facet normal 0 -0.97815 0.207899
    outer loop
      vertex 4.13565 1.4285 31.8811
      vertex 12.0412 1.47154 32.0836
      vertex 3.95884 1.47154 32.0836
    endloop
  endfacet
  facet normal 0 -0.97815 0.207899
    outer loop
      vertex 4.13565 1.4285 31.8811
      vertex 11.8644 1.4285 31.8811
      vertex 12.0412 1.47154 32.0836
    endloop
  endfacet
  facet normal 0 -0.978154 0.207883
    outer loop
      vertex 4.32304 1.38744 31.6879
      vertex 11.8644 1.4285 31.8811
      vertex 4.13565 1.4285 31.8811
    endloop
  endfacet
  facet normal 0 -0.978154 0.207883
    outer loop
      vertex 4.32304 1.38744 31.6879
      vertex 11.677 1.38744 31.6879
      vertex 11.8644 1.4285 31.8811
    endloop
  endfacet
  facet normal 0 -0.978149 0.207903
    outer loop
      vertex 4.52052 1.34848 31.5046
      vertex 11.677 1.38744 31.6879
      vertex 4.32304 1.38744 31.6879
    endloop
  endfacet
  facet normal 0 -0.978149 0.207903
    outer loop
      vertex 4.52052 1.34848 31.5046
      vertex 11.4795 1.34848 31.5046
      vertex 11.677 1.38744 31.6879
    endloop
  endfacet
  facet normal 0 -0.978137 0.20796
    outer loop
      vertex 4.72753 1.31172 31.3317
      vertex 11.4795 1.34848 31.5046
      vertex 4.52052 1.34848 31.5046
    endloop
  endfacet
  facet normal 0 -0.978137 0.20796
    outer loop
      vertex 4.72753 1.31172 31.3317
      vertex 11.2725 1.31172 31.3317
      vertex 11.4795 1.34848 31.5046
    endloop
  endfacet
  facet normal 0 -0.978142 0.207938
    outer loop
      vertex 4.94352 1.27726 31.1696
      vertex 11.2725 1.31172 31.3317
      vertex 4.72753 1.31172 31.3317
    endloop
  endfacet
  facet normal 0 -0.978142 0.207938
    outer loop
      vertex 4.94352 1.27726 31.1696
      vertex 11.0565 1.27726 31.1696
      vertex 11.2725 1.31172 31.3317
    endloop
  endfacet
  facet normal 0 -0.978167 0.20782
    outer loop
      vertex 5.16788 1.2452 31.0187
      vertex 11.0565 1.27726 31.1696
      vertex 4.94352 1.27726 31.1696
    endloop
  endfacet
  facet normal 0 -0.978167 0.20782
    outer loop
      vertex 5.16788 1.2452 31.0187
      vertex 10.8321 1.2452 31.0187
      vertex 11.0565 1.27726 31.1696
    endloop
  endfacet
  facet normal 0 -0.978143 0.207934
    outer loop
      vertex 5.4 1.21563 30.8796
      vertex 10.8321 1.2452 31.0187
      vertex 5.16788 1.2452 31.0187
    endloop
  endfacet
  facet normal 0 -0.978143 0.207934
    outer loop
      vertex 5.4 1.21563 30.8796
      vertex 10.6 1.21563 30.8796
      vertex 10.8321 1.2452 31.0187
    endloop
  endfacet
  facet normal 0 -0.978157 0.207868
    outer loop
      vertex 5.63925 1.18862 30.7525
      vertex 10.6 1.21563 30.8796
      vertex 5.4 1.21563 30.8796
    endloop
  endfacet
  facet normal 0 -0.978157 0.207868
    outer loop
      vertex 5.63925 1.18862 30.7525
      vertex 10.3608 1.18862 30.7525
      vertex 10.6 1.21563 30.8796
    endloop
  endfacet
  facet normal 0 -0.978128 0.208002
    outer loop
      vertex 5.88497 1.16425 30.6379
      vertex 10.3608 1.18862 30.7525
      vertex 5.63925 1.18862 30.7525
    endloop
  endfacet
  facet normal 0 -0.978128 0.208002
    outer loop
      vertex 5.88497 1.16425 30.6379
      vertex 10.115 1.16425 30.6379
      vertex 10.3608 1.18862 30.7525
    endloop
  endfacet
  facet normal 0 -0.978147 0.207916
    outer loop
      vertex 6.13649 1.14259 30.536
      vertex 10.115 1.16425 30.6379
      vertex 5.88497 1.16425 30.6379
    endloop
  endfacet
  facet normal 0 -0.978147 0.207916
    outer loop
      vertex 6.13649 1.14259 30.536
      vertex 9.86351 1.14259 30.536
      vertex 10.115 1.16425 30.6379
    endloop
  endfacet
  facet normal 0 -0.978162 0.207846
    outer loop
      vertex 6.39311 1.1237 30.4471
      vertex 9.86351 1.14259 30.536
      vertex 6.13649 1.14259 30.536
    endloop
  endfacet
  facet normal 0 -0.978162 0.207846
    outer loop
      vertex 6.39311 1.1237 30.4471
      vertex 9.60689 1.1237 30.4471
      vertex 9.86351 1.14259 30.536
    endloop
  endfacet
  facet normal 0 -0.978119 0.208044
    outer loop
      vertex 6.65414 1.10762 30.3715
      vertex 9.60689 1.1237 30.4471
      vertex 6.39311 1.1237 30.4471
    endloop
  endfacet
  facet normal 0 -0.978119 0.208044
    outer loop
      vertex 6.65414 1.10762 30.3715
      vertex 9.34586 1.10762 30.3715
      vertex 9.60689 1.1237 30.4471
    endloop
  endfacet
  facet normal 0 -0.978183 0.207746
    outer loop
      vertex 6.91886 1.09441 30.3093
      vertex 9.34586 1.10762 30.3715
      vertex 6.65414 1.10762 30.3715
    endloop
  endfacet
  facet normal 0 -0.978183 0.207746
    outer loop
      vertex 6.91886 1.09441 30.3093
      vertex 9.08114 1.09441 30.3093
      vertex 9.34586 1.10762 30.3715
    endloop
  endfacet
  facet normal 0 -0.978102 0.208124
    outer loop
      vertex 7.18654 1.08409 30.2608
      vertex 9.08114 1.09441 30.3093
      vertex 6.91886 1.09441 30.3093
    endloop
  endfacet
  facet normal 0 -0.978102 0.208124
    outer loop
      vertex 7.18654 1.08409 30.2608
      vertex 8.81346 1.08409 30.2608
      vertex 9.08114 1.09441 30.3093
    endloop
  endfacet
  facet normal 0 -0.978244 0.207455
    outer loop
      vertex 7.45645 1.07671 30.226
      vertex 8.81346 1.08409 30.2608
      vertex 7.18654 1.08409 30.2608
    endloop
  endfacet
  facet normal 0 -0.978244 0.207455
    outer loop
      vertex 7.45645 1.07671 30.226
      vertex 8.54355 1.07671 30.226
      vertex 8.81346 1.08409 30.2608
    endloop
  endfacet
  facet normal 0 -0.978171 0.207803
    outer loop
      vertex 7.72785 1.07227 30.2051
      vertex 8.54355 1.07671 30.226
      vertex 7.45645 1.07671 30.226
    endloop
  endfacet
  facet normal 0 -0.978171 0.207803
    outer loop
      vertex 7.72785 1.07227 30.2051
      vertex 8.27215 1.07227 30.2051
      vertex 8.54355 1.07671 30.226
    endloop
  endfacet
  facet normal 0 -0.977469 0.211077
    outer loop
      vertex 8.27215 1.07227 30.2051
      vertex 7.72785 1.07227 30.2051
      vertex 8 1.07078 30.1982
    endloop
  endfacet
  facet normal 0.382663 0.192085 0.903699
    outer loop
      vertex 5.88497 -0.987671 31.0953
      vertex 6.13649 1.14259 30.536
      vertex 5.88497 1.16425 30.6379
    endloop
  endfacet
  facet normal 0.382663 0.192085 0.903699
    outer loop
      vertex 6.13649 1.14259 30.536
      vertex 5.88497 -0.987671 31.0953
      vertex 6.13649 -1.00933 30.9934
    endloop
  endfacet
  facet normal 0.566336 -0.171353 -0.806165
    outer loop
      vertex 4.94352 3.02659 39.3995
      vertex 5.16788 0.906721 40.0077
      vertex 4.94352 0.874661 39.8569
    endloop
  endfacet
  facet normal 0.566336 -0.171353 -0.806165
    outer loop
      vertex 5.16788 0.906721 40.0077
      vertex 4.94352 3.02659 39.3995
      vertex 5.16788 3.05865 39.5503
    endloop
  endfacet
  facet normal 0.23323 -0.202175 -0.951173
    outer loop
      vertex 6.65414 3.19623 40.1976
      vertex 6.91886 1.05752 40.7171
      vertex 6.65414 1.0443 40.655
    endloop
  endfacet
  facet normal 0.233222 -0.202176 -0.951174
    outer loop
      vertex 6.91886 1.05752 40.7171
      vertex 6.65414 3.19623 40.1976
      vertex 6.91886 3.20944 40.2597
    endloop
  endfacet
  facet normal -0.649384 0.158107 0.743843
    outer loop
      vertex 11.2725 1.31172 31.3317
      vertex 11.4795 -0.803444 31.962
      vertex 11.4795 1.34848 31.5046
    endloop
  endfacet
  facet normal -0.649384 0.158107 0.743843
    outer loop
      vertex 11.4795 -0.803444 31.962
      vertex 11.2725 1.31172 31.3317
      vertex 11.2725 -0.840204 31.7891
    endloop
  endfacet
  facet normal 0.878804 -0.0992106 -0.466756
    outer loop
      vertex 3.49667 0.54057 38.2851
      vertex 3.36677 2.64275 37.5937
      vertex 3.49667 2.6925 37.8277
    endloop
  endfacet
  facet normal 0.878802 -0.0992114 -0.466758
    outer loop
      vertex 3.36677 2.64275 37.5937
      vertex 3.49667 0.54057 38.2851
      vertex 3.36677 0.490828 38.0511
    endloop
  endfacet
  facet normal 0.688341 0.150815 0.709536
    outer loop
      vertex 4.32304 -0.764482 32.1453
      vertex 4.52052 1.34848 31.5046
      vertex 4.32304 1.38744 31.6879
    endloop
  endfacet
  facet normal 0.688342 0.150815 0.709535
    outer loop
      vertex 4.52052 1.34848 31.5046
      vertex 4.32304 -0.764482 32.1453
      vertex 4.52052 -0.803444 31.962
    endloop
  endfacet
  facet normal 0.878886 0.0991793 0.466609
    outer loop
      vertex 3.36677 -0.490828 33.4328
      vertex 3.49667 1.61135 32.7413
      vertex 3.36677 1.6611 32.9754
    endloop
  endfacet
  facet normal 0.878884 0.0991802 0.466611
    outer loop
      vertex 3.49667 1.61135 32.7413
      vertex 3.36677 -0.490828 33.4328
      vertex 3.49667 -0.54057 33.1987
    endloop
  endfacet
  facet normal 0.972357 0.0485464 0.228395
    outer loop
      vertex 2.91363 -0.224782 34.6844
      vertex 2.97719 1.87211 33.9681
      vertex 2.91363 1.92714 34.227
    endloop
  endfacet
  facet normal 0.972358 0.0485459 0.228394
    outer loop
      vertex 2.97719 1.87211 33.9681
      vertex 2.91363 -0.224782 34.6844
      vertex 2.97719 -0.27982 34.4255
    endloop
  endfacet
  facet normal -0.902555 0.08952 0.421165
    outer loop
      vertex 12.6332 1.6611 32.9754
      vertex 12.7504 -0.43974 33.6731
      vertex 12.7504 1.71219 33.2157
    endloop
  endfacet
  facet normal -0.902555 0.0895202 0.421165
    outer loop
      vertex 12.7504 -0.43974 33.6731
      vertex 12.6332 1.6611 32.9754
      vertex 12.6332 -0.490828 33.4328
    endloop
  endfacet
  facet normal 0.923871 -0.0795681 -0.374342
    outer loop
      vertex 3.24956 0.43974 37.8107
      vertex 3.14538 2.53937 37.1073
      vertex 3.24956 2.59166 37.3533
    endloop
  endfacet
  facet normal 0.923871 -0.0795677 -0.374341
    outer loop
      vertex 3.14538 2.53937 37.1073
      vertex 3.24956 0.43974 37.8107
      vertex 3.14538 0.387446 37.5647
    endloop
  endfacet
  facet normal 0.382663 -0.192084 -0.903699
    outer loop
      vertex 5.88497 3.1396 39.9312
      vertex 6.13649 1.00933 40.4905
      vertex 5.88497 0.987671 40.3886
    endloop
  endfacet
  facet normal 0.382663 -0.192084 -0.903699
    outer loop
      vertex 6.13649 1.00933 40.4905
      vertex 5.88497 3.1396 39.9312
      vertex 6.13649 3.16126 40.0331
    endloop
  endfacet
  facet normal 0.477261 0.182703 0.859559
    outer loop
      vertex 5.4 -0.936295 31.337
      vertex 5.63925 1.18862 30.7525
      vertex 5.4 1.21563 30.8796
    endloop
  endfacet
  facet normal 0.47726 0.182703 0.85956
    outer loop
      vertex 5.63925 1.18862 30.7525
      vertex 5.4 -0.936295 31.337
      vertex 5.63925 -0.963303 31.2099
    endloop
  endfacet
  facet normal 0.923871 0.0795679 0.374342
    outer loop
      vertex 3.14538 -0.387446 33.9191
      vertex 3.24956 1.71219 33.2157
      vertex 3.14538 1.76448 33.4617
    endloop
  endfacet
  facet normal 0.923871 0.0795675 0.374341
    outer loop
      vertex 3.24956 1.71219 33.2157
      vertex 3.14538 -0.387446 33.9191
      vertex 3.24956 -0.43974 33.6731
    endloop
  endfacet
  facet normal 0.56658 0.171319 0.806
    outer loop
      vertex 4.94352 -0.874661 31.627
      vertex 5.16788 1.2452 31.0187
      vertex 4.94352 1.27726 31.1696
    endloop
  endfacet
  facet normal 0.56658 0.171319 0.806
    outer loop
      vertex 5.16788 1.2452 31.0187
      vertex 4.94352 -0.874661 31.627
      vertex 5.16788 -0.906721 31.4761
    endloop
  endfacet
  facet normal 0.902541 0.0895262 0.421194
    outer loop
      vertex 3.24956 -0.43974 33.6731
      vertex 3.36677 1.6611 32.9754
      vertex 3.24956 1.71219 33.2157
    endloop
  endfacet
  facet normal 0.902541 0.0895264 0.421195
    outer loop
      vertex 3.36677 1.6611 32.9754
      vertex 3.24956 -0.43974 33.6731
      vertex 3.36677 -0.490828 33.4328
    endloop
  endfacet
  facet normal -0.129911 0.991526 0
    outer loop
      vertex 20.3129 -18.9754 0
      vertex 20.2091 -18.989 0.589999
      vertex 20.3129 -18.9754 0.589999
    endloop
  endfacet
  facet normal -0.129911 0.991526 0
    outer loop
      vertex 20.2091 -18.989 0.589999
      vertex 20.3129 -18.9754 0
      vertex 20.2091 -18.989 0
    endloop
  endfacet
  facet normal 0 1 -0
    outer loop
      vertex 20 -19 0
      vertex -20 -19 0.589999
      vertex 20 -19 0.589999
    endloop
  endfacet
  facet normal 0 1 0
    outer loop
      vertex -20 -19 0.589999
      vertex 20 -19 0
      vertex -20 -19 0
    endloop
  endfacet
  facet normal -0.0792519 0.996855 0
    outer loop
      vertex 20.2091 -18.989 0
      vertex 20.1047 -18.9973 0.589999
      vertex 20.2091 -18.989 0.589999
    endloop
  endfacet
  facet normal -0.0792519 0.996855 0
    outer loop
      vertex 20.1047 -18.9973 0.589999
      vertex 20.2091 -18.989 0
      vertex 20.1047 -18.9973 0
    endloop
  endfacet
  facet normal 0.793299 -0.608833 0
    outer loop
      vertex -21.618 18.1756 0.589999
      vertex -21.5543 18.2586 0
      vertex -21.5543 18.2586 0.589999
    endloop
  endfacet
  facet normal 0.793299 -0.608833 0
    outer loop
      vertex -21.5543 18.2586 0
      vertex -21.618 18.1756 0.589999
      vertex -21.618 18.1756 0
    endloop
  endfacet
  facet normal 0.284543 -0.958663 0
    outer loop
      vertex -20.618 18.9021 0
      vertex -20.5176 18.9319 0.589999
      vertex -20.618 18.9021 0.589999
    endloop
  endfacet
  facet normal 0.284543 -0.958663 0
    outer loop
      vertex -20.5176 18.9319 0.589999
      vertex -20.618 18.9021 0
      vertex -20.5176 18.9319 0
    endloop
  endfacet
  facet normal 0.688724 -0.725023 0
    outer loop
      vertex -21.4142 18.4142 0
      vertex -21.3383 18.4863 0.589999
      vertex -21.4142 18.4142 0.589999
    endloop
  endfacet
  facet normal 0.688724 -0.725023 0
    outer loop
      vertex -21.3383 18.4863 0.589999
      vertex -21.4142 18.4142 0
      vertex -21.3383 18.4863 0
    endloop
  endfacet
  facet normal -0.0257794 0.999668 0
    outer loop
      vertex 20.1047 -18.9973 0
      vertex 20 -19 0.589999
      vertex 20.1047 -18.9973 0.589999
    endloop
  endfacet
  facet normal -0.0257794 0.999668 0
    outer loop
      vertex 20 -19 0.589999
      vertex 20.1047 -18.9973 0
      vertex 20 -19 0
    endloop
  endfacet
  facet normal -0.688724 -0.725023 0
    outer loop
      vertex 21.3383 18.4863 0
      vertex 21.4142 18.4142 0.589999
      vertex 21.3383 18.4863 0.589999
    endloop
  endfacet
  facet normal -0.688724 -0.725023 -0
    outer loop
      vertex 21.4142 18.4142 0.589999
      vertex 21.3383 18.4863 0
      vertex 21.4142 18.4142 0
    endloop
  endfacet
  facet normal -0.793299 -0.608833 0
    outer loop
      vertex 21.618 18.1756 0
      vertex 21.5543 18.2586 0.589999
      vertex 21.5543 18.2586 0
    endloop
  endfacet
  facet normal -0.793299 -0.608833 0
    outer loop
      vertex 21.5543 18.2586 0.589999
      vertex 21.618 18.1756 0
      vertex 21.618 18.1756 0.589999
    endloop
  endfacet
  facet normal -0.608833 0.793299 0
    outer loop
      vertex 21.2586 -18.5543 0
      vertex 21.1756 -18.618 0.589999
      vertex 21.2586 -18.5543 0.589999
    endloop
  endfacet
  facet normal -0.608833 0.793299 0
    outer loop
      vertex 21.1756 -18.618 0.589999
      vertex 21.2586 -18.5543 0
      vertex 21.1756 -18.618 0
    endloop
  endfacet
  facet normal 0.430712 0.902489 -0
    outer loop
      vertex -20.8135 -18.8271 0
      vertex -20.908 -18.782 0.589999
      vertex -20.8135 -18.8271 0.589999
    endloop
  endfacet
  facet normal 0.430712 0.902489 0
    outer loop
      vertex -20.908 -18.782 0.589999
      vertex -20.8135 -18.8271 0
      vertex -20.908 -18.782 0
    endloop
  endfacet
  facet normal 0.382717 0.923866 -0
    outer loop
      vertex -20.7167 -18.8672 0
      vertex -20.8135 -18.8271 0.589999
      vertex -20.7167 -18.8672 0.589999
    endloop
  endfacet
  facet normal 0.382717 0.923866 0
    outer loop
      vertex -20.8135 -18.8271 0.589999
      vertex -20.7167 -18.8672 0
      vertex -20.8135 -18.8271 0
    endloop
  endfacet
  facet normal 0.824181 -0.566326 0
    outer loop
      vertex -21.6773 18.0893 0.589999
      vertex -21.618 18.1756 0
      vertex -21.618 18.1756 0.589999
    endloop
  endfacet
  facet normal 0.824181 -0.566326 0
    outer loop
      vertex -21.618 18.1756 0
      vertex -21.6773 18.0893 0.589999
      vertex -21.6773 18.0893 0
    endloop
  endfacet
  facet normal 0.476776 0.879025 -0
    outer loop
      vertex -20.908 -18.782 0
      vertex -21 -18.7321 0.589999
      vertex -20.908 -18.782 0.589999
    endloop
  endfacet
  facet normal 0.476776 0.879025 0
    outer loop
      vertex -21 -18.7321 0.589999
      vertex -20.908 -18.782 0
      vertex -21 -18.7321 0
    endloop
  endfacet
  facet normal -0.0792519 -0.996855 0
    outer loop
      vertex 20.1047 18.9973 0
      vertex 20.2091 18.989 0.589999
      vertex 20.1047 18.9973 0.589999
    endloop
  endfacet
  facet normal -0.0792519 -0.996855 -0
    outer loop
      vertex 20.2091 18.989 0.589999
      vertex 20.1047 18.9973 0
      vertex 20.2091 18.989 0
    endloop
  endfacet
  facet normal 0.523032 0.852313 -0
    outer loop
      vertex -21 -18.7321 0
      vertex -21.0893 -18.6773 0.589999
      vertex -21 -18.7321 0.589999
    endloop
  endfacet
  facet normal 0.523032 0.852313 0
    outer loop
      vertex -21.0893 -18.6773 0.589999
      vertex -21 -18.7321 0
      vertex -21.0893 -18.6773 0
    endloop
  endfacet
  facet normal 0.233084 -0.972457 0
    outer loop
      vertex -20.5176 18.9319 0
      vertex -20.4158 18.9563 0.589999
      vertex -20.5176 18.9319 0.589999
    endloop
  endfacet
  facet normal 0.233084 -0.972457 0
    outer loop
      vertex -20.4158 18.9563 0.589999
      vertex -20.5176 18.9319 0
      vertex -20.4158 18.9563 0
    endloop
  endfacet
  facet normal -0.233084 -0.972457 0
    outer loop
      vertex 20.4158 18.9563 0
      vertex 20.5176 18.9319 0.589999
      vertex 20.4158 18.9563 0.589999
    endloop
  endfacet
  facet normal -0.233084 -0.972457 -0
    outer loop
      vertex 20.5176 18.9319 0.589999
      vertex 20.4158 18.9563 0
      vertex 20.5176 18.9319 0
    endloop
  endfacet
  facet normal -1 0 0
    outer loop
      vertex 22 -17 0
      vertex 22 17 0.589999
      vertex 22 17 0
    endloop
  endfacet
  facet normal -1 -0 0
    outer loop
      vertex 22 17 0.589999
      vertex 22 -17 0
      vertex 22 -17 0.589999
    endloop
  endfacet
  facet normal 0.566326 0.824181 -0
    outer loop
      vertex -21.0893 -18.6773 0
      vertex -21.1756 -18.618 0.589999
      vertex -21.0893 -18.6773 0.589999
    endloop
  endfacet
  facet normal 0.566326 0.824181 0
    outer loop
      vertex -21.1756 -18.618 0.589999
      vertex -21.0893 -18.6773 0
      vertex -21.1756 -18.618 0
    endloop
  endfacet
  facet normal 0 -1 0
    outer loop
      vertex -20 19 0
      vertex 20 19 0.589999
      vertex -20 19 0.589999
    endloop
  endfacet
  facet normal 0 -1 -0
    outer loop
      vertex 20 19 0.589999
      vertex -20 19 0
      vertex 20 19 0
    endloop
  endfacet
  facet normal -0.999668 0.0257794 0
    outer loop
      vertex 21.9973 -17.1047 0
      vertex 22 -17 0.589999
      vertex 22 -17 0
    endloop
  endfacet
  facet normal -0.999668 0.0257794 0
    outer loop
      vertex 22 -17 0.589999
      vertex 21.9973 -17.1047 0
      vertex 21.9973 -17.1047 0.589999
    endloop
  endfacet
  facet normal 0.0257794 -0.999668 0
    outer loop
      vertex -20.1047 18.9973 0
      vertex -20 19 0.589999
      vertex -20.1047 18.9973 0.589999
    endloop
  endfacet
  facet normal 0.0257794 -0.999668 0
    outer loop
      vertex -20 19 0.589999
      vertex -20.1047 18.9973 0
      vertex -20 19 0
    endloop
  endfacet
  facet normal 1 -0 0
    outer loop
      vertex -22 -17 0.589999
      vertex -22 17 0
      vertex -22 17 0.589999
    endloop
  endfacet
  facet normal 1 0 0
    outer loop
      vertex -22 17 0
      vertex -22 -17 0.589999
      vertex -22 -17 0
    endloop
  endfacet
  facet normal 0.523032 -0.852313 0
    outer loop
      vertex -21.0893 18.6773 0
      vertex -21 18.7321 0.589999
      vertex -21.0893 18.6773 0.589999
    endloop
  endfacet
  facet normal 0.523032 -0.852313 0
    outer loop
      vertex -21 18.7321 0.589999
      vertex -21.0893 18.6773 0
      vertex -21 18.7321 0
    endloop
  endfacet
  facet normal -0.983206 0.1825 0
    outer loop
      vertex 21.9563 -17.4158 0
      vertex 21.9754 -17.3129 0.589999
      vertex 21.9754 -17.3129 0
    endloop
  endfacet
  facet normal -0.983206 0.1825 0
    outer loop
      vertex 21.9754 -17.3129 0.589999
      vertex 21.9563 -17.4158 0
      vertex 21.9563 -17.4158 0.589999
    endloop
  endfacet
  facet normal 0.999668 -0.0257794 0
    outer loop
      vertex -22 17 0.589999
      vertex -21.9973 17.1047 0
      vertex -21.9973 17.1047 0.589999
    endloop
  endfacet
  facet normal 0.999668 -0.0257794 0
    outer loop
      vertex -21.9973 17.1047 0
      vertex -22 17 0.589999
      vertex -22 17 0
    endloop
  endfacet
  facet normal -0.284543 0.958663 0
    outer loop
      vertex 20.618 -18.9021 0
      vertex 20.5176 -18.9319 0.589999
      vertex 20.618 -18.9021 0.589999
    endloop
  endfacet
  facet normal -0.284543 0.958663 0
    outer loop
      vertex 20.5176 -18.9319 0.589999
      vertex 20.618 -18.9021 0
      vertex 20.5176 -18.9319 0
    endloop
  endfacet
  facet normal -0.760737 0.64906 0
    outer loop
      vertex 21.4863 -18.3383 0
      vertex 21.5543 -18.2586 0.589999
      vertex 21.5543 -18.2586 0
    endloop
  endfacet
  facet normal -0.760737 0.64906 0
    outer loop
      vertex 21.5543 -18.2586 0.589999
      vertex 21.4863 -18.3383 0
      vertex 21.4863 -18.3383 0.589999
    endloop
  endfacet
  facet normal 0.0257794 0.999668 -0
    outer loop
      vertex -20 -19 0
      vertex -20.1047 -18.9973 0.589999
      vertex -20 -19 0.589999
    endloop
  endfacet
  facet normal 0.0257794 0.999668 0
    outer loop
      vertex -20.1047 -18.9973 0.589999
      vertex -20 -19 0
      vertex -20.1047 -18.9973 0
    endloop
  endfacet
  facet normal 0.852313 -0.523032 0
    outer loop
      vertex -21.7321 18 0.589999
      vertex -21.6773 18.0893 0
      vertex -21.6773 18.0893 0.589999
    endloop
  endfacet
  facet normal 0.852313 -0.523032 0
    outer loop
      vertex -21.6773 18.0893 0
      vertex -21.7321 18 0.589999
      vertex -21.7321 18 0
    endloop
  endfacet
  facet normal 0.0792519 -0.996855 0
    outer loop
      vertex -20.2091 18.989 0
      vertex -20.1047 18.9973 0.589999
      vertex -20.2091 18.989 0.589999
    endloop
  endfacet
  facet normal 0.0792519 -0.996855 0
    outer loop
      vertex -20.1047 18.9973 0.589999
      vertex -20.2091 18.989 0
      vertex -20.1047 18.9973 0
    endloop
  endfacet
  facet normal -0.824181 -0.566326 0
    outer loop
      vertex 21.6773 18.0893 0
      vertex 21.618 18.1756 0.589999
      vertex 21.618 18.1756 0
    endloop
  endfacet
  facet normal -0.824181 -0.566326 0
    outer loop
      vertex 21.618 18.1756 0.589999
      vertex 21.6773 18.0893 0
      vertex 21.6773 18.0893 0.589999
    endloop
  endfacet
  facet normal -0.996855 -0.0792519 0
    outer loop
      vertex 21.9973 17.1047 0
      vertex 21.989 17.2091 0.589999
      vertex 21.989 17.2091 0
    endloop
  endfacet
  facet normal -0.996855 -0.0792519 0
    outer loop
      vertex 21.989 17.2091 0.589999
      vertex 21.9973 17.1047 0
      vertex 21.9973 17.1047 0.589999
    endloop
  endfacet
  facet normal 0.725023 0.688724 0
    outer loop
      vertex -21.4142 -18.4142 0.589999
      vertex -21.4863 -18.3383 0
      vertex -21.4863 -18.3383 0.589999
    endloop
  endfacet
  facet normal 0.725023 0.688724 0
    outer loop
      vertex -21.4863 -18.3383 0
      vertex -21.4142 -18.4142 0.589999
      vertex -21.4142 -18.4142 0
    endloop
  endfacet
  facet normal -0.523032 0.852313 0
    outer loop
      vertex 21.0893 -18.6773 0
      vertex 21 -18.7321 0.589999
      vertex 21.0893 -18.6773 0.589999
    endloop
  endfacet
  facet normal -0.523032 0.852313 0
    outer loop
      vertex 21 -18.7321 0.589999
      vertex 21.0893 -18.6773 0
      vertex 21 -18.7321 0
    endloop
  endfacet
  facet normal 0.430712 -0.902489 0
    outer loop
      vertex -20.908 18.782 0
      vertex -20.8135 18.8271 0.589999
      vertex -20.908 18.782 0.589999
    endloop
  endfacet
  facet normal 0.430712 -0.902489 0
    outer loop
      vertex -20.8135 18.8271 0.589999
      vertex -20.908 18.782 0
      vertex -20.8135 18.8271 0
    endloop
  endfacet
  facet normal -0.942796 0.33337 0
    outer loop
      vertex 21.8672 -17.7167 0
      vertex 21.9021 -17.618 0.589999
      vertex 21.9021 -17.618 0
    endloop
  endfacet
  facet normal -0.942796 0.33337 0
    outer loop
      vertex 21.9021 -17.618 0.589999
      vertex 21.8672 -17.7167 0
      vertex 21.8672 -17.7167 0.589999
    endloop
  endfacet
  facet normal 0.923866 0.382717 0
    outer loop
      vertex -21.8271 -17.8135 0.589999
      vertex -21.8672 -17.7167 0
      vertex -21.8672 -17.7167 0.589999
    endloop
  endfacet
  facet normal 0.923866 0.382717 0
    outer loop
      vertex -21.8672 -17.7167 0
      vertex -21.8271 -17.8135 0.589999
      vertex -21.8271 -17.8135 0
    endloop
  endfacet
  facet normal -0.33337 -0.942796 0
    outer loop
      vertex 20.618 18.9021 0
      vertex 20.7167 18.8672 0.589999
      vertex 20.618 18.9021 0.589999
    endloop
  endfacet
  facet normal -0.33337 -0.942796 -0
    outer loop
      vertex 20.7167 18.8672 0.589999
      vertex 20.618 18.9021 0
      vertex 20.7167 18.8672 0
    endloop
  endfacet
  facet normal 0.1825 -0.983206 0
    outer loop
      vertex -20.4158 18.9563 0
      vertex -20.3129 18.9754 0.589999
      vertex -20.4158 18.9563 0.589999
    endloop
  endfacet
  facet normal 0.1825 -0.983206 0
    outer loop
      vertex -20.3129 18.9754 0.589999
      vertex -20.4158 18.9563 0
      vertex -20.3129 18.9754 0
    endloop
  endfacet
  facet normal -0.972457 -0.233084 0
    outer loop
      vertex 21.9563 17.4158 0
      vertex 21.9319 17.5176 0.589999
      vertex 21.9319 17.5176 0
    endloop
  endfacet
  facet normal -0.972457 -0.233084 0
    outer loop
      vertex 21.9319 17.5176 0.589999
      vertex 21.9563 17.4158 0
      vertex 21.9563 17.4158 0.589999
    endloop
  endfacet
  facet normal 0.64906 0.760737 -0
    outer loop
      vertex -21.2586 -18.5543 0
      vertex -21.3383 -18.4863 0.589999
      vertex -21.2586 -18.5543 0.589999
    endloop
  endfacet
  facet normal 0.64906 0.760737 0
    outer loop
      vertex -21.3383 -18.4863 0.589999
      vertex -21.2586 -18.5543 0
      vertex -21.3383 -18.4863 0
    endloop
  endfacet
  facet normal 0.233084 0.972457 -0
    outer loop
      vertex -20.4158 -18.9563 0
      vertex -20.5176 -18.9319 0.589999
      vertex -20.4158 -18.9563 0.589999
    endloop
  endfacet
  facet normal 0.233084 0.972457 0
    outer loop
      vertex -20.5176 -18.9319 0.589999
      vertex -20.4158 -18.9563 0
      vertex -20.5176 -18.9319 0
    endloop
  endfacet
  facet normal 0.983206 0.1825 0
    outer loop
      vertex -21.9563 -17.4158 0.589999
      vertex -21.9754 -17.3129 0
      vertex -21.9754 -17.3129 0.589999
    endloop
  endfacet
  facet normal 0.983206 0.1825 0
    outer loop
      vertex -21.9754 -17.3129 0
      vertex -21.9563 -17.4158 0.589999
      vertex -21.9563 -17.4158 0
    endloop
  endfacet
  facet normal 0.608833 0.793299 -0
    outer loop
      vertex -21.1756 -18.618 0
      vertex -21.2586 -18.5543 0.589999
      vertex -21.1756 -18.618 0.589999
    endloop
  endfacet
  facet normal 0.608833 0.793299 0
    outer loop
      vertex -21.2586 -18.5543 0.589999
      vertex -21.1756 -18.618 0
      vertex -21.2586 -18.5543 0
    endloop
  endfacet
  facet normal -0.33337 0.942796 0
    outer loop
      vertex 20.7167 -18.8672 0
      vertex 20.618 -18.9021 0.589999
      vertex 20.7167 -18.8672 0.589999
    endloop
  endfacet
  facet normal -0.33337 0.942796 0
    outer loop
      vertex 20.618 -18.9021 0.589999
      vertex 20.7167 -18.8672 0
      vertex 20.618 -18.9021 0
    endloop
  endfacet
  facet normal 0.33337 0.942796 -0
    outer loop
      vertex -20.618 -18.9021 0
      vertex -20.7167 -18.8672 0.589999
      vertex -20.618 -18.9021 0.589999
    endloop
  endfacet
  facet normal 0.33337 0.942796 0
    outer loop
      vertex -20.7167 -18.8672 0.589999
      vertex -20.618 -18.9021 0
      vertex -20.7167 -18.8672 0
    endloop
  endfacet
  facet normal 0.129911 -0.991526 0
    outer loop
      vertex -20.3129 18.9754 0
      vertex -20.2091 18.989 0.589999
      vertex -20.3129 18.9754 0.589999
    endloop
  endfacet
  facet normal 0.129911 -0.991526 0
    outer loop
      vertex -20.2091 18.989 0.589999
      vertex -20.3129 18.9754 0
      vertex -20.2091 18.989 0
    endloop
  endfacet
  facet normal 0.991526 0.129911 0
    outer loop
      vertex -21.9754 -17.3129 0.589999
      vertex -21.989 -17.2091 0
      vertex -21.989 -17.2091 0.589999
    endloop
  endfacet
  facet normal 0.991526 0.129911 0
    outer loop
      vertex -21.989 -17.2091 0
      vertex -21.9754 -17.3129 0.589999
      vertex -21.9754 -17.3129 0
    endloop
  endfacet
  facet normal -0.983206 -0.1825 0
    outer loop
      vertex 21.9754 17.3129 0
      vertex 21.9563 17.4158 0.589999
      vertex 21.9563 17.4158 0
    endloop
  endfacet
  facet normal -0.983206 -0.1825 0
    outer loop
      vertex 21.9563 17.4158 0.589999
      vertex 21.9754 17.3129 0
      vertex 21.9754 17.3129 0.589999
    endloop
  endfacet
  facet normal 0.793299 0.608833 0
    outer loop
      vertex -21.5543 -18.2586 0.589999
      vertex -21.618 -18.1756 0
      vertex -21.618 -18.1756 0.589999
    endloop
  endfacet
  facet normal 0.793299 0.608833 0
    outer loop
      vertex -21.618 -18.1756 0
      vertex -21.5543 -18.2586 0.589999
      vertex -21.5543 -18.2586 0
    endloop
  endfacet
  facet normal 0.879025 -0.476776 0
    outer loop
      vertex -21.782 17.908 0.589999
      vertex -21.7321 18 0
      vertex -21.7321 18 0.589999
    endloop
  endfacet
  facet normal 0.879025 -0.476776 0
    outer loop
      vertex -21.7321 18 0
      vertex -21.782 17.908 0.589999
      vertex -21.782 17.908 0
    endloop
  endfacet
  facet normal 0 0 -1
    outer loop
      vertex 20 -19 0.589999
      vertex 22 -17 0.589999
      vertex 21.9973 -17.1047 0.589999
    endloop
  endfacet
  facet normal -0 0 -1
    outer loop
      vertex 22 -17 0.589999
      vertex 20 -19 0.589999
      vertex 22 17 0.589999
    endloop
  endfacet
  facet normal 0 0 -1
    outer loop
      vertex 20 -19 0.589999
      vertex 21.9973 -17.1047 0.589999
      vertex 21.989 -17.2091 0.589999
    endloop
  endfacet
  facet normal 0 0 -1
    outer loop
      vertex 20 19 0.589999
      vertex 22 17 0.589999
      vertex 20 -19 0.589999
    endloop
  endfacet
  facet normal 0 0 -1
    outer loop
      vertex 20 -19 0.589999
      vertex 21.989 -17.2091 0.589999
      vertex 21.9754 -17.3129 0.589999
    endloop
  endfacet
  facet normal 0 0 -1
    outer loop
      vertex 22 17 0.589999
      vertex 20 19 0.589999
      vertex 21.9973 17.1047 0.589999
    endloop
  endfacet
  facet normal 0 0 -1
    outer loop
      vertex 20 -19 0.589999
      vertex 21.9754 -17.3129 0.589999
      vertex 21.9563 -17.4158 0.589999
    endloop
  endfacet
  facet normal 0 0 -1
    outer loop
      vertex 21.9973 17.1047 0.589999
      vertex 20 19 0.589999
      vertex 21.989 17.2091 0.589999
    endloop
  endfacet
  facet normal 0 0 -1
    outer loop
      vertex 20 -19 0.589999
      vertex 21.9563 -17.4158 0.589999
      vertex 21.9319 -17.5176 0.589999
    endloop
  endfacet
  facet normal 0 0 -1
    outer loop
      vertex 21.989 17.2091 0.589999
      vertex 20 19 0.589999
      vertex 21.9754 17.3129 0.589999
    endloop
  endfacet
  facet normal 0 0 -1
    outer loop
      vertex 20 -19 0.589999
      vertex 21.9319 -17.5176 0.589999
      vertex 21.9021 -17.618 0.589999
    endloop
  endfacet
  facet normal 0 0 -1
    outer loop
      vertex 21.9754 17.3129 0.589999
      vertex 20 19 0.589999
      vertex 21.9563 17.4158 0.589999
    endloop
  endfacet
  facet normal 0 0 -1
    outer loop
      vertex 20 -19 0.589999
      vertex 21.9021 -17.618 0.589999
      vertex 21.8672 -17.7167 0.589999
    endloop
  endfacet
  facet normal 0 0 -1
    outer loop
      vertex 21.9563 17.4158 0.589999
      vertex 20 19 0.589999
      vertex 21.9319 17.5176 0.589999
    endloop
  endfacet
  facet normal 0 0 -1
    outer loop
      vertex 20 -19 0.589999
      vertex 21.8672 -17.7167 0.589999
      vertex 21.8271 -17.8135 0.589999
    endloop
  endfacet
  facet normal 0 0 -1
    outer loop
      vertex 21.9319 17.5176 0.589999
      vertex 20 19 0.589999
      vertex 21.9021 17.618 0.589999
    endloop
  endfacet
  facet normal 0 0 -1
    outer loop
      vertex 20 -19 0.589999
      vertex 21.8271 -17.8135 0.589999
      vertex 21.782 -17.908 0.589999
    endloop
  endfacet
  facet normal 0 0 -1
    outer loop
      vertex 21.9021 17.618 0.589999
      vertex 20 19 0.589999
      vertex 21.8672 17.7167 0.589999
    endloop
  endfacet
  facet normal 0 0 -1
    outer loop
      vertex 20 -19 0.589999
      vertex 21.782 -17.908 0.589999
      vertex 21.7321 -18 0.589999
    endloop
  endfacet
  facet normal 0 0 -1
    outer loop
      vertex 21.8672 17.7167 0.589999
      vertex 20 19 0.589999
      vertex 21.8271 17.8135 0.589999
    endloop
  endfacet
  facet normal 0 0 -1
    outer loop
      vertex 20 -19 0.589999
      vertex 21.7321 -18 0.589999
      vertex 21.6773 -18.0893 0.589999
    endloop
  endfacet
  facet normal 0 0 -1
    outer loop
      vertex 21.8271 17.8135 0.589999
      vertex 20 19 0.589999
      vertex 21.782 17.908 0.589999
    endloop
  endfacet
  facet normal 0 0 -1
    outer loop
      vertex 20 -19 0.589999
      vertex 21.6773 -18.0893 0.589999
      vertex 21.618 -18.1756 0.589999
    endloop
  endfacet
  facet normal 0 0 -1
    outer loop
      vertex 21.782 17.908 0.589999
      vertex 20 19 0.589999
      vertex 21.7321 18 0.589999
    endloop
  endfacet
  facet normal 0 0 -1
    outer loop
      vertex 20 -19 0.589999
      vertex 21.618 -18.1756 0.589999
      vertex 21.5543 -18.2586 0.589999
    endloop
  endfacet
  facet normal 0 0 -1
    outer loop
      vertex 21.7321 18 0.589999
      vertex 20 19 0.589999
      vertex 21.6773 18.0893 0.589999
    endloop
  endfacet
  facet normal 0 0 -1
    outer loop
      vertex 20 -19 0.589999
      vertex 21.5543 -18.2586 0.589999
      vertex 21.4863 -18.3383 0.589999
    endloop
  endfacet
  facet normal 0 0 -1
    outer loop
      vertex 21.6773 18.0893 0.589999
      vertex 20 19 0.589999
      vertex 21.618 18.1756 0.589999
    endloop
  endfacet
  facet normal 0 0 -1
    outer loop
      vertex 20 -19 0.589999
      vertex 21.4863 -18.3383 0.589999
      vertex 21.4142 -18.4142 0.589999
    endloop
  endfacet
  facet normal 0 0 -1
    outer loop
      vertex 21.618 18.1756 0.589999
      vertex 20 19 0.589999
      vertex 21.5543 18.2586 0.589999
    endloop
  endfacet
  facet normal 0 0 -1
    outer loop
      vertex 20 -19 0.589999
      vertex 21.4142 -18.4142 0.589999
      vertex 21.3383 -18.4863 0.589999
    endloop
  endfacet
  facet normal 0 0 -1
    outer loop
      vertex 21.5543 18.2586 0.589999
      vertex 20 19 0.589999
      vertex 21.4863 18.3383 0.589999
    endloop
  endfacet
  facet normal 0 0 -1
    outer loop
      vertex 20 -19 0.589999
      vertex 21.3383 -18.4863 0.589999
      vertex 21.2586 -18.5543 0.589999
    endloop
  endfacet
  facet normal 0 0 -1
    outer loop
      vertex 21.4863 18.3383 0.589999
      vertex 20 19 0.589999
      vertex 21.4142 18.4142 0.589999
    endloop
  endfacet
  facet normal 0 0 -1
    outer loop
      vertex 20 -19 0.589999
      vertex 21.2586 -18.5543 0.589999
      vertex 21.1756 -18.618 0.589999
    endloop
  endfacet
  facet normal 0 0 -1
    outer loop
      vertex 21.4142 18.4142 0.589999
      vertex 20 19 0.589999
      vertex 21.3383 18.4863 0.589999
    endloop
  endfacet
  facet normal 0 0 -1
    outer loop
      vertex 20 -19 0.589999
      vertex 21.1756 -18.618 0.589999
      vertex 21.0893 -18.6773 0.589999
    endloop
  endfacet
  facet normal 0 0 -1
    outer loop
      vertex 21.3383 18.4863 0.589999
      vertex 20 19 0.589999
      vertex 21.2586 18.5543 0.589999
    endloop
  endfacet
  facet normal 0 0 -1
    outer loop
      vertex 20 -19 0.589999
      vertex 21.0893 -18.6773 0.589999
      vertex 21 -18.7321 0.589999
    endloop
  endfacet
  facet normal 0 0 -1
    outer loop
      vertex 21.2586 18.5543 0.589999
      vertex 20 19 0.589999
      vertex 21.1756 18.618 0.589999
    endloop
  endfacet
  facet normal 0 0 -1
    outer loop
      vertex 20 -19 0.589999
      vertex 21 -18.7321 0.589999
      vertex 20.908 -18.782 0.589999
    endloop
  endfacet
  facet normal 0 0 -1
    outer loop
      vertex 21.1756 18.618 0.589999
      vertex 20 19 0.589999
      vertex 21.0893 18.6773 0.589999
    endloop
  endfacet
  facet normal 0 0 -1
    outer loop
      vertex 20 -19 0.589999
      vertex 20.908 -18.782 0.589999
      vertex 20.8135 -18.8271 0.589999
    endloop
  endfacet
  facet normal 0 0 -1
    outer loop
      vertex 21.0893 18.6773 0.589999
      vertex 20 19 0.589999
      vertex 21 18.7321 0.589999
    endloop
  endfacet
  facet normal 0 0 -1
    outer loop
      vertex 20 -19 0.589999
      vertex 20.8135 -18.8271 0.589999
      vertex 20.7167 -18.8672 0.589999
    endloop
  endfacet
  facet normal 0 0 -1
    outer loop
      vertex 21 18.7321 0.589999
      vertex 20 19 0.589999
      vertex 20.908 18.782 0.589999
    endloop
  endfacet
  facet normal 0 0 -1
    outer loop
      vertex 20 -19 0.589999
      vertex 20.7167 -18.8672 0.589999
      vertex 20.618 -18.9021 0.589999
    endloop
  endfacet
  facet normal 0 0 -1
    outer loop
      vertex 20.908 18.782 0.589999
      vertex 20 19 0.589999
      vertex 20.8135 18.8271 0.589999
    endloop
  endfacet
  facet normal 0 0 -1
    outer loop
      vertex 20 -19 0.589999
      vertex 20.618 -18.9021 0.589999
      vertex 20.5176 -18.9319 0.589999
    endloop
  endfacet
  facet normal 0 0 -1
    outer loop
      vertex 20.8135 18.8271 0.589999
      vertex 20 19 0.589999
      vertex 20.7167 18.8672 0.589999
    endloop
  endfacet
  facet normal 0 0 -1
    outer loop
      vertex 20 -19 0.589999
      vertex 20.5176 -18.9319 0.589999
      vertex 20.4158 -18.9563 0.589999
    endloop
  endfacet
  facet normal 0 0 -1
    outer loop
      vertex 20.7167 18.8672 0.589999
      vertex 20 19 0.589999
      vertex 20.618 18.9021 0.589999
    endloop
  endfacet
  facet normal 0 0 -1
    outer loop
      vertex 20 -19 0.589999
      vertex 20.4158 -18.9563 0.589999
      vertex 20.3129 -18.9754 0.589999
    endloop
  endfacet
  facet normal 0 0 -1
    outer loop
      vertex 20.618 18.9021 0.589999
      vertex 20 19 0.589999
      vertex 20.5176 18.9319 0.589999
    endloop
  endfacet
  facet normal 0 0 -1
    outer loop
      vertex 20 -19 0.589999
      vertex 20.3129 -18.9754 0.589999
      vertex 20.2091 -18.989 0.589999
    endloop
  endfacet
  facet normal 0 0 -1
    outer loop
      vertex 20.5176 18.9319 0.589999
      vertex 20 19 0.589999
      vertex 20.4158 18.9563 0.589999
    endloop
  endfacet
  facet normal 0 0 -1
    outer loop
      vertex 20 -19 0.589999
      vertex 20.2091 -18.989 0.589999
      vertex 20.1047 -18.9973 0.589999
    endloop
  endfacet
  facet normal 0 0 -1
    outer loop
      vertex 20.4158 18.9563 0.589999
      vertex 20 19 0.589999
      vertex 20.3129 18.9754 0.589999
    endloop
  endfacet
  facet normal 0 0 -1
    outer loop
      vertex 20.3129 18.9754 0.589999
      vertex 20 19 0.589999
      vertex 20.2091 18.989 0.589999
    endloop
  endfacet
  facet normal 0 0 -1
    outer loop
      vertex 20.2091 18.989 0.589999
      vertex 20 19 0.589999
      vertex 20.1047 18.9973 0.589999
    endloop
  endfacet
  facet normal 0 0 -1
    outer loop
      vertex -20 -19 0.589999
      vertex 20 19 0.589999
      vertex 20 -19 0.589999
    endloop
  endfacet
  facet normal 0 0 -1
    outer loop
      vertex -20 -19 0.589999
      vertex -20 19 0.589999
      vertex 20 19 0.589999
    endloop
  endfacet
  facet normal 0 0 -1
    outer loop
      vertex -22 -17 0.589999
      vertex -20 -19 0.589999
      vertex -20.1047 -18.9973 0.589999
    endloop
  endfacet
  facet normal 0 0 -1
    outer loop
      vertex -20 -19 0.589999
      vertex -22 -17 0.589999
      vertex -20 19 0.589999
    endloop
  endfacet
  facet normal 0 0 -1
    outer loop
      vertex -22 -17 0.589999
      vertex -20.1047 -18.9973 0.589999
      vertex -20.2091 -18.989 0.589999
    endloop
  endfacet
  facet normal 0 0 -1
    outer loop
      vertex -22 17 0.589999
      vertex -20 19 0.589999
      vertex -22 -17 0.589999
    endloop
  endfacet
  facet normal 0 0 -1
    outer loop
      vertex -22 -17 0.589999
      vertex -20.2091 -18.989 0.589999
      vertex -20.3129 -18.9754 0.589999
    endloop
  endfacet
  facet normal 0 0 -1
    outer loop
      vertex -20 19 0.589999
      vertex -22 17 0.589999
      vertex -20.1047 18.9973 0.589999
    endloop
  endfacet
  facet normal 0 0 -1
    outer loop
      vertex -22 -17 0.589999
      vertex -20.3129 -18.9754 0.589999
      vertex -20.4158 -18.9563 0.589999
    endloop
  endfacet
  facet normal 0 0 -1
    outer loop
      vertex -20.1047 18.9973 0.589999
      vertex -22 17 0.589999
      vertex -20.2091 18.989 0.589999
    endloop
  endfacet
  facet normal 0 0 -1
    outer loop
      vertex -22 -17 0.589999
      vertex -20.4158 -18.9563 0.589999
      vertex -20.5176 -18.9319 0.589999
    endloop
  endfacet
  facet normal 0 0 -1
    outer loop
      vertex -20.2091 18.989 0.589999
      vertex -22 17 0.589999
      vertex -20.3129 18.9754 0.589999
    endloop
  endfacet
  facet normal 0 0 -1
    outer loop
      vertex -22 -17 0.589999
      vertex -20.5176 -18.9319 0.589999
      vertex -20.618 -18.9021 0.589999
    endloop
  endfacet
  facet normal 0 0 -1
    outer loop
      vertex -20.3129 18.9754 0.589999
      vertex -22 17 0.589999
      vertex -20.4158 18.9563 0.589999
    endloop
  endfacet
  facet normal 0 0 -1
    outer loop
      vertex -22 -17 0.589999
      vertex -20.618 -18.9021 0.589999
      vertex -20.7167 -18.8672 0.589999
    endloop
  endfacet
  facet normal 0 0 -1
    outer loop
      vertex -20.4158 18.9563 0.589999
      vertex -22 17 0.589999
      vertex -20.5176 18.9319 0.589999
    endloop
  endfacet
  facet normal 0 0 -1
    outer loop
      vertex -22 -17 0.589999
      vertex -20.7167 -18.8672 0.589999
      vertex -20.8135 -18.8271 0.589999
    endloop
  endfacet
  facet normal 0 0 -1
    outer loop
      vertex -20.5176 18.9319 0.589999
      vertex -22 17 0.589999
      vertex -20.618 18.9021 0.589999
    endloop
  endfacet
  facet normal 0 0 -1
    outer loop
      vertex -22 -17 0.589999
      vertex -20.8135 -18.8271 0.589999
      vertex -20.908 -18.782 0.589999
    endloop
  endfacet
  facet normal 0 0 -1
    outer loop
      vertex -20.618 18.9021 0.589999
      vertex -22 17 0.589999
      vertex -20.7167 18.8672 0.589999
    endloop
  endfacet
  facet normal 0 0 -1
    outer loop
      vertex -22 -17 0.589999
      vertex -20.908 -18.782 0.589999
      vertex -21 -18.7321 0.589999
    endloop
  endfacet
  facet normal 0 0 -1
    outer loop
      vertex -20.7167 18.8672 0.589999
      vertex -22 17 0.589999
      vertex -20.8135 18.8271 0.589999
    endloop
  endfacet
  facet normal 0 0 -1
    outer loop
      vertex -22 -17 0.589999
      vertex -21 -18.7321 0.589999
      vertex -21.0893 -18.6773 0.589999
    endloop
  endfacet
  facet normal 0 0 -1
    outer loop
      vertex -20.8135 18.8271 0.589999
      vertex -22 17 0.589999
      vertex -20.908 18.782 0.589999
    endloop
  endfacet
  facet normal 0 0 -1
    outer loop
      vertex -22 -17 0.589999
      vertex -21.0893 -18.6773 0.589999
      vertex -21.1756 -18.618 0.589999
    endloop
  endfacet
  facet normal 0 0 -1
    outer loop
      vertex -20.908 18.782 0.589999
      vertex -22 17 0.589999
      vertex -21 18.7321 0.589999
    endloop
  endfacet
  facet normal 0 0 -1
    outer loop
      vertex -22 -17 0.589999
      vertex -21.1756 -18.618 0.589999
      vertex -21.2586 -18.5543 0.589999
    endloop
  endfacet
  facet normal 0 0 -1
    outer loop
      vertex -21 18.7321 0.589999
      vertex -22 17 0.589999
      vertex -21.0893 18.6773 0.589999
    endloop
  endfacet
  facet normal 0 0 -1
    outer loop
      vertex -22 -17 0.589999
      vertex -21.2586 -18.5543 0.589999
      vertex -21.3383 -18.4863 0.589999
    endloop
  endfacet
  facet normal 0 0 -1
    outer loop
      vertex -21.0893 18.6773 0.589999
      vertex -22 17 0.589999
      vertex -21.1756 18.618 0.589999
    endloop
  endfacet
  facet normal 0 0 -1
    outer loop
      vertex -22 -17 0.589999
      vertex -21.3383 -18.4863 0.589999
      vertex -21.4142 -18.4142 0.589999
    endloop
  endfacet
  facet normal 0 0 -1
    outer loop
      vertex -21.1756 18.618 0.589999
      vertex -22 17 0.589999
      vertex -21.2586 18.5543 0.589999
    endloop
  endfacet
  facet normal 0 0 -1
    outer loop
      vertex -22 -17 0.589999
      vertex -21.4142 -18.4142 0.589999
      vertex -21.4863 -18.3383 0.589999
    endloop
  endfacet
  facet normal 0 0 -1
    outer loop
      vertex -21.2586 18.5543 0.589999
      vertex -22 17 0.589999
      vertex -21.3383 18.4863 0.589999
    endloop
  endfacet
  facet normal 0 0 -1
    outer loop
      vertex -22 -17 0.589999
      vertex -21.4863 -18.3383 0.589999
      vertex -21.5543 -18.2586 0.589999
    endloop
  endfacet
  facet normal 0 0 -1
    outer loop
      vertex -21.3383 18.4863 0.589999
      vertex -22 17 0.589999
      vertex -21.4142 18.4142 0.589999
    endloop
  endfacet
  facet normal 0 0 -1
    outer loop
      vertex -22 -17 0.589999
      vertex -21.5543 -18.2586 0.589999
      vertex -21.618 -18.1756 0.589999
    endloop
  endfacet
  facet normal 0 0 -1
    outer loop
      vertex -21.4142 18.4142 0.589999
      vertex -22 17 0.589999
      vertex -21.4863 18.3383 0.589999
    endloop
  endfacet
  facet normal 0 0 -1
    outer loop
      vertex -22 -17 0.589999
      vertex -21.618 -18.1756 0.589999
      vertex -21.6773 -18.0893 0.589999
    endloop
  endfacet
  facet normal 0 0 -1
    outer loop
      vertex -21.4863 18.3383 0.589999
      vertex -22 17 0.589999
      vertex -21.5543 18.2586 0.589999
    endloop
  endfacet
  facet normal 0 0 -1
    outer loop
      vertex -22 -17 0.589999
      vertex -21.6773 -18.0893 0.589999
      vertex -21.7321 -18 0.589999
    endloop
  endfacet
  facet normal 0 0 -1
    outer loop
      vertex -21.5543 18.2586 0.589999
      vertex -22 17 0.589999
      vertex -21.618 18.1756 0.589999
    endloop
  endfacet
  facet normal 0 0 -1
    outer loop
      vertex -22 -17 0.589999
      vertex -21.7321 -18 0.589999
      vertex -21.782 -17.908 0.589999
    endloop
  endfacet
  facet normal 0 0 -1
    outer loop
      vertex -21.618 18.1756 0.589999
      vertex -22 17 0.589999
      vertex -21.6773 18.0893 0.589999
    endloop
  endfacet
  facet normal 0 0 -1
    outer loop
      vertex -22 -17 0.589999
      vertex -21.782 -17.908 0.589999
      vertex -21.8271 -17.8135 0.589999
    endloop
  endfacet
  facet normal 0 0 -1
    outer loop
      vertex -21.6773 18.0893 0.589999
      vertex -22 17 0.589999
      vertex -21.7321 18 0.589999
    endloop
  endfacet
  facet normal 0 0 -1
    outer loop
      vertex -22 -17 0.589999
      vertex -21.8271 -17.8135 0.589999
      vertex -21.8672 -17.7167 0.589999
    endloop
  endfacet
  facet normal 0 0 -1
    outer loop
      vertex -21.7321 18 0.589999
      vertex -22 17 0.589999
      vertex -21.782 17.908 0.589999
    endloop
  endfacet
  facet normal 0 0 -1
    outer loop
      vertex -22 -17 0.589999
      vertex -21.8672 -17.7167 0.589999
      vertex -21.9021 -17.618 0.589999
    endloop
  endfacet
  facet normal 0 0 -1
    outer loop
      vertex -21.782 17.908 0.589999
      vertex -22 17 0.589999
      vertex -21.8271 17.8135 0.589999
    endloop
  endfacet
  facet normal 0 0 -1
    outer loop
      vertex -22 -17 0.589999
      vertex -21.9021 -17.618 0.589999
      vertex -21.9319 -17.5176 0.589999
    endloop
  endfacet
  facet normal 0 0 -1
    outer loop
      vertex -21.8271 17.8135 0.589999
      vertex -22 17 0.589999
      vertex -21.8672 17.7167 0.589999
    endloop
  endfacet
  facet normal 0 0 -1
    outer loop
      vertex -22 -17 0.589999
      vertex -21.9319 -17.5176 0.589999
      vertex -21.9563 -17.4158 0.589999
    endloop
  endfacet
  facet normal 0 0 -1
    outer loop
      vertex -21.8672 17.7167 0.589999
      vertex -22 17 0.589999
      vertex -21.9021 17.618 0.589999
    endloop
  endfacet
  facet normal 0 0 -1
    outer loop
      vertex -22 -17 0.589999
      vertex -21.9563 -17.4158 0.589999
      vertex -21.9754 -17.3129 0.589999
    endloop
  endfacet
  facet normal 0 0 -1
    outer loop
      vertex -21.9021 17.618 0.589999
      vertex -22 17 0.589999
      vertex -21.9319 17.5176 0.589999
    endloop
  endfacet
  facet normal 0 0 -1
    outer loop
      vertex -22 -17 0.589999
      vertex -21.9754 -17.3129 0.589999
      vertex -21.989 -17.2091 0.589999
    endloop
  endfacet
  facet normal 0 0 -1
    outer loop
      vertex -21.9319 17.5176 0.589999
      vertex -22 17 0.589999
      vertex -21.9563 17.4158 0.589999
    endloop
  endfacet
  facet normal 0 0 -1
    outer loop
      vertex -22 -17 0.589999
      vertex -21.989 -17.2091 0.589999
      vertex -21.9973 -17.1047 0.589999
    endloop
  endfacet
  facet normal 0 0 -1
    outer loop
      vertex -21.9563 17.4158 0.589999
      vertex -22 17 0.589999
      vertex -21.9754 17.3129 0.589999
    endloop
  endfacet
  facet normal 0 0 -1
    outer loop
      vertex -21.9754 17.3129 0.589999
      vertex -22 17 0.589999
      vertex -21.989 17.2091 0.589999
    endloop
  endfacet
  facet normal 0 0 -1
    outer loop
      vertex -21.989 17.2091 0.589999
      vertex -22 17 0.589999
      vertex -21.9973 17.1047 0.589999
    endloop
  endfacet
  facet normal 0.760737 -0.64906 0
    outer loop
      vertex -21.5543 18.2586 0.589999
      vertex -21.4863 18.3383 0
      vertex -21.4863 18.3383 0.589999
    endloop
  endfacet
  facet normal 0.760737 -0.64906 0
    outer loop
      vertex -21.4863 18.3383 0
      vertex -21.5543 18.2586 0.589999
      vertex -21.5543 18.2586 0
    endloop
  endfacet
  facet normal 0.566326 -0.824181 0
    outer loop
      vertex -21.1756 18.618 0
      vertex -21.0893 18.6773 0.589999
      vertex -21.1756 18.618 0.589999
    endloop
  endfacet
  facet normal 0.566326 -0.824181 0
    outer loop
      vertex -21.0893 18.6773 0.589999
      vertex -21.1756 18.618 0
      vertex -21.0893 18.6773 0
    endloop
  endfacet
  facet normal -0.382717 -0.923866 0
    outer loop
      vertex 20.7167 18.8672 0
      vertex 20.8135 18.8271 0.589999
      vertex 20.7167 18.8672 0.589999
    endloop
  endfacet
  facet normal -0.382717 -0.923866 -0
    outer loop
      vertex 20.8135 18.8271 0.589999
      vertex 20.7167 18.8672 0
      vertex 20.8135 18.8271 0
    endloop
  endfacet
  facet normal -0.608833 -0.793299 0
    outer loop
      vertex 21.1756 18.618 0
      vertex 21.2586 18.5543 0.589999
      vertex 21.1756 18.618 0.589999
    endloop
  endfacet
  facet normal -0.608833 -0.793299 -0
    outer loop
      vertex 21.2586 18.5543 0.589999
      vertex 21.1756 18.618 0
      vertex 21.2586 18.5543 0
    endloop
  endfacet
  facet normal 0.902489 0.430712 0
    outer loop
      vertex -21.782 -17.908 0.589999
      vertex -21.8271 -17.8135 0
      vertex -21.8271 -17.8135 0.589999
    endloop
  endfacet
  facet normal 0.902489 0.430712 0
    outer loop
      vertex -21.8271 -17.8135 0
      vertex -21.782 -17.908 0.589999
      vertex -21.782 -17.908 0
    endloop
  endfacet
  facet normal 0.942796 0.33337 0
    outer loop
      vertex -21.8672 -17.7167 0.589999
      vertex -21.9021 -17.618 0
      vertex -21.9021 -17.618 0.589999
    endloop
  endfacet
  facet normal 0.942796 0.33337 0
    outer loop
      vertex -21.9021 -17.618 0
      vertex -21.8672 -17.7167 0.589999
      vertex -21.8672 -17.7167 0
    endloop
  endfacet
  facet normal -0.991526 0.129911 0
    outer loop
      vertex 21.9754 -17.3129 0
      vertex 21.989 -17.2091 0.589999
      vertex 21.989 -17.2091 0
    endloop
  endfacet
  facet normal -0.991526 0.129911 0
    outer loop
      vertex 21.989 -17.2091 0.589999
      vertex 21.9754 -17.3129 0
      vertex 21.9754 -17.3129 0.589999
    endloop
  endfacet
  facet normal 0.991526 -0.129911 0
    outer loop
      vertex -21.989 17.2091 0.589999
      vertex -21.9754 17.3129 0
      vertex -21.9754 17.3129 0.589999
    endloop
  endfacet
  facet normal 0.991526 -0.129911 0
    outer loop
      vertex -21.9754 17.3129 0
      vertex -21.989 17.2091 0.589999
      vertex -21.989 17.2091 0
    endloop
  endfacet
  facet normal 0.476776 -0.879025 0
    outer loop
      vertex -21 18.7321 0
      vertex -20.908 18.782 0.589999
      vertex -21 18.7321 0.589999
    endloop
  endfacet
  facet normal 0.476776 -0.879025 0
    outer loop
      vertex -20.908 18.782 0.589999
      vertex -21 18.7321 0
      vertex -20.908 18.782 0
    endloop
  endfacet
  facet normal -0.430712 -0.902489 0
    outer loop
      vertex 20.8135 18.8271 0
      vertex 20.908 18.782 0.589999
      vertex 20.8135 18.8271 0.589999
    endloop
  endfacet
  facet normal -0.430712 -0.902489 -0
    outer loop
      vertex 20.908 18.782 0.589999
      vertex 20.8135 18.8271 0
      vertex 20.908 18.782 0
    endloop
  endfacet
  facet normal -0.64906 0.760737 0
    outer loop
      vertex 21.3383 -18.4863 0
      vertex 21.2586 -18.5543 0.589999
      vertex 21.3383 -18.4863 0.589999
    endloop
  endfacet
  facet normal -0.64906 0.760737 0
    outer loop
      vertex 21.2586 -18.5543 0.589999
      vertex 21.3383 -18.4863 0
      vertex 21.2586 -18.5543 0
    endloop
  endfacet
  facet normal -0.902489 -0.430712 0
    outer loop
      vertex 21.8271 17.8135 0
      vertex 21.782 17.908 0.589999
      vertex 21.782 17.908 0
    endloop
  endfacet
  facet normal -0.902489 -0.430712 0
    outer loop
      vertex 21.782 17.908 0.589999
      vertex 21.8271 17.8135 0
      vertex 21.8271 17.8135 0.589999
    endloop
  endfacet
  facet normal 0.760737 0.64906 0
    outer loop
      vertex -21.4863 -18.3383 0.589999
      vertex -21.5543 -18.2586 0
      vertex -21.5543 -18.2586 0.589999
    endloop
  endfacet
  facet normal 0.760737 0.64906 0
    outer loop
      vertex -21.5543 -18.2586 0
      vertex -21.4863 -18.3383 0.589999
      vertex -21.4863 -18.3383 0
    endloop
  endfacet
  facet normal -0.64906 -0.760737 0
    outer loop
      vertex 21.2586 18.5543 0
      vertex 21.3383 18.4863 0.589999
      vertex 21.2586 18.5543 0.589999
    endloop
  endfacet
  facet normal -0.64906 -0.760737 -0
    outer loop
      vertex 21.3383 18.4863 0.589999
      vertex 21.2586 18.5543 0
      vertex 21.3383 18.4863 0
    endloop
  endfacet
  facet normal -0.793299 0.608833 0
    outer loop
      vertex 21.5543 -18.2586 0
      vertex 21.618 -18.1756 0.589999
      vertex 21.618 -18.1756 0
    endloop
  endfacet
  facet normal -0.793299 0.608833 0
    outer loop
      vertex 21.618 -18.1756 0.589999
      vertex 21.5543 -18.2586 0
      vertex 21.5543 -18.2586 0.589999
    endloop
  endfacet
  facet normal 0.284543 0.958663 -0
    outer loop
      vertex -20.5176 -18.9319 0
      vertex -20.618 -18.9021 0.589999
      vertex -20.5176 -18.9319 0.589999
    endloop
  endfacet
  facet normal 0.284543 0.958663 0
    outer loop
      vertex -20.618 -18.9021 0.589999
      vertex -20.5176 -18.9319 0
      vertex -20.618 -18.9021 0
    endloop
  endfacet
  facet normal 0.608833 -0.793299 0
    outer loop
      vertex -21.2586 18.5543 0
      vertex -21.1756 18.618 0.589999
      vertex -21.2586 18.5543 0.589999
    endloop
  endfacet
  facet normal 0.608833 -0.793299 0
    outer loop
      vertex -21.1756 18.618 0.589999
      vertex -21.2586 18.5543 0
      vertex -21.1756 18.618 0
    endloop
  endfacet
  facet normal -0.760737 -0.64906 0
    outer loop
      vertex 21.5543 18.2586 0
      vertex 21.4863 18.3383 0.589999
      vertex 21.4863 18.3383 0
    endloop
  endfacet
  facet normal -0.760737 -0.64906 0
    outer loop
      vertex 21.4863 18.3383 0.589999
      vertex 21.5543 18.2586 0
      vertex 21.5543 18.2586 0.589999
    endloop
  endfacet
  facet normal 0.64906 -0.760737 0
    outer loop
      vertex -21.3383 18.4863 0
      vertex -21.2586 18.5543 0.589999
      vertex -21.3383 18.4863 0.589999
    endloop
  endfacet
  facet normal 0.64906 -0.760737 0
    outer loop
      vertex -21.2586 18.5543 0.589999
      vertex -21.3383 18.4863 0
      vertex -21.2586 18.5543 0
    endloop
  endfacet
  facet normal -0.879025 -0.476776 0
    outer loop
      vertex 21.782 17.908 0
      vertex 21.7321 18 0.589999
      vertex 21.7321 18 0
    endloop
  endfacet
  facet normal -0.879025 -0.476776 0
    outer loop
      vertex 21.7321 18 0.589999
      vertex 21.782 17.908 0
      vertex 21.782 17.908 0.589999
    endloop
  endfacet
  facet normal -0.999668 -0.0257794 0
    outer loop
      vertex 22 17 0
      vertex 21.9973 17.1047 0.589999
      vertex 21.9973 17.1047 0
    endloop
  endfacet
  facet normal -0.999668 -0.0257794 0
    outer loop
      vertex 21.9973 17.1047 0.589999
      vertex 22 17 0
      vertex 22 17 0.589999
    endloop
  endfacet
  facet normal 0.1825 0.983206 -0
    outer loop
      vertex -20.3129 -18.9754 0
      vertex -20.4158 -18.9563 0.589999
      vertex -20.3129 -18.9754 0.589999
    endloop
  endfacet
  facet normal 0.1825 0.983206 0
    outer loop
      vertex -20.4158 -18.9563 0.589999
      vertex -20.3129 -18.9754 0
      vertex -20.4158 -18.9563 0
    endloop
  endfacet
  facet normal 0.129911 0.991526 -0
    outer loop
      vertex -20.2091 -18.989 0
      vertex -20.3129 -18.9754 0.589999
      vertex -20.2091 -18.989 0.589999
    endloop
  endfacet
  facet normal 0.129911 0.991526 0
    outer loop
      vertex -20.3129 -18.9754 0.589999
      vertex -20.2091 -18.989 0
      vertex -20.3129 -18.9754 0
    endloop
  endfacet
  facet normal -0.476776 -0.879025 0
    outer loop
      vertex 20.908 18.782 0
      vertex 21 18.7321 0.589999
      vertex 20.908 18.782 0.589999
    endloop
  endfacet
  facet normal -0.476776 -0.879025 -0
    outer loop
      vertex 21 18.7321 0.589999
      vertex 20.908 18.782 0
      vertex 21 18.7321 0
    endloop
  endfacet
  facet normal 0.879025 0.476776 0
    outer loop
      vertex -21.7321 -18 0.589999
      vertex -21.782 -17.908 0
      vertex -21.782 -17.908 0.589999
    endloop
  endfacet
  facet normal 0.879025 0.476776 0
    outer loop
      vertex -21.782 -17.908 0
      vertex -21.7321 -18 0.589999
      vertex -21.7321 -18 0
    endloop
  endfacet
  facet normal 0.902489 -0.430712 0
    outer loop
      vertex -21.8271 17.8135 0.589999
      vertex -21.782 17.908 0
      vertex -21.782 17.908 0.589999
    endloop
  endfacet
  facet normal 0.902489 -0.430712 0
    outer loop
      vertex -21.782 17.908 0
      vertex -21.8271 17.8135 0.589999
      vertex -21.8271 17.8135 0
    endloop
  endfacet
  facet normal -0.382717 0.923866 0
    outer loop
      vertex 20.8135 -18.8271 0
      vertex 20.7167 -18.8672 0.589999
      vertex 20.8135 -18.8271 0.589999
    endloop
  endfacet
  facet normal -0.382717 0.923866 0
    outer loop
      vertex 20.7167 -18.8672 0.589999
      vertex 20.8135 -18.8271 0
      vertex 20.7167 -18.8672 0
    endloop
  endfacet
  facet normal 0.725023 -0.688724 0
    outer loop
      vertex -21.4863 18.3383 0.589999
      vertex -21.4142 18.4142 0
      vertex -21.4142 18.4142 0.589999
    endloop
  endfacet
  facet normal 0.725023 -0.688724 0
    outer loop
      vertex -21.4142 18.4142 0
      vertex -21.4863 18.3383 0.589999
      vertex -21.4863 18.3383 0
    endloop
  endfacet
  facet normal -0.972457 0.233084 0
    outer loop
      vertex 21.9319 -17.5176 0
      vertex 21.9563 -17.4158 0.589999
      vertex 21.9563 -17.4158 0
    endloop
  endfacet
  facet normal -0.972457 0.233084 0
    outer loop
      vertex 21.9563 -17.4158 0.589999
      vertex 21.9319 -17.5176 0
      vertex 21.9319 -17.5176 0.589999
    endloop
  endfacet
  facet normal -0.1825 0.983206 0
    outer loop
      vertex 20.4158 -18.9563 0
      vertex 20.3129 -18.9754 0.589999
      vertex 20.4158 -18.9563 0.589999
    endloop
  endfacet
  facet normal -0.1825 0.983206 0
    outer loop
      vertex 20.3129 -18.9754 0.589999
      vertex 20.4158 -18.9563 0
      vertex 20.3129 -18.9754 0
    endloop
  endfacet
  facet normal 0.958663 -0.284543 0
    outer loop
      vertex -21.9319 17.5176 0.589999
      vertex -21.9021 17.618 0
      vertex -21.9021 17.618 0.589999
    endloop
  endfacet
  facet normal 0.958663 -0.284543 0
    outer loop
      vertex -21.9021 17.618 0
      vertex -21.9319 17.5176 0.589999
      vertex -21.9319 17.5176 0
    endloop
  endfacet
  facet normal 0.972457 -0.233084 0
    outer loop
      vertex -21.9563 17.4158 0.589999
      vertex -21.9319 17.5176 0
      vertex -21.9319 17.5176 0.589999
    endloop
  endfacet
  facet normal 0.972457 -0.233084 0
    outer loop
      vertex -21.9319 17.5176 0
      vertex -21.9563 17.4158 0.589999
      vertex -21.9563 17.4158 0
    endloop
  endfacet
  facet normal 0.0792519 0.996855 -0
    outer loop
      vertex -20.1047 -18.9973 0
      vertex -20.2091 -18.989 0.589999
      vertex -20.1047 -18.9973 0.589999
    endloop
  endfacet
  facet normal 0.0792519 0.996855 0
    outer loop
      vertex -20.2091 -18.989 0.589999
      vertex -20.1047 -18.9973 0
      vertex -20.2091 -18.989 0
    endloop
  endfacet
  facet normal 0.996855 0.0792519 0
    outer loop
      vertex -21.989 -17.2091 0.589999
      vertex -21.9973 -17.1047 0
      vertex -21.9973 -17.1047 0.589999
    endloop
  endfacet
  facet normal 0.996855 0.0792519 0
    outer loop
      vertex -21.9973 -17.1047 0
      vertex -21.989 -17.2091 0.589999
      vertex -21.989 -17.2091 0
    endloop
  endfacet
  facet normal -0.523032 -0.852313 0
    outer loop
      vertex 21 18.7321 0
      vertex 21.0893 18.6773 0.589999
      vertex 21 18.7321 0.589999
    endloop
  endfacet
  facet normal -0.523032 -0.852313 -0
    outer loop
      vertex 21.0893 18.6773 0.589999
      vertex 21 18.7321 0
      vertex 21.0893 18.6773 0
    endloop
  endfacet
  facet normal -0.566326 -0.824181 0
    outer loop
      vertex 21.0893 18.6773 0
      vertex 21.1756 18.618 0.589999
      vertex 21.0893 18.6773 0.589999
    endloop
  endfacet
  facet normal -0.566326 -0.824181 -0
    outer loop
      vertex 21.1756 18.618 0.589999
      vertex 21.0893 18.6773 0
      vertex 21.1756 18.618 0
    endloop
  endfacet
  facet normal 0.688724 0.725023 -0
    outer loop
      vertex -21.3383 -18.4863 0
      vertex -21.4142 -18.4142 0.589999
      vertex -21.3383 -18.4863 0.589999
    endloop
  endfacet
  facet normal 0.688724 0.725023 0
    outer loop
      vertex -21.4142 -18.4142 0.589999
      vertex -21.3383 -18.4863 0
      vertex -21.4142 -18.4142 0
    endloop
  endfacet
  facet normal 0.958663 0.284543 0
    outer loop
      vertex -21.9021 -17.618 0.589999
      vertex -21.9319 -17.5176 0
      vertex -21.9319 -17.5176 0.589999
    endloop
  endfacet
  facet normal 0.958663 0.284543 0
    outer loop
      vertex -21.9319 -17.5176 0
      vertex -21.9021 -17.618 0.589999
      vertex -21.9021 -17.618 0
    endloop
  endfacet
  facet normal 0.983206 -0.1825 0
    outer loop
      vertex -21.9754 17.3129 0.589999
      vertex -21.9563 17.4158 0
      vertex -21.9563 17.4158 0.589999
    endloop
  endfacet
  facet normal 0.983206 -0.1825 0
    outer loop
      vertex -21.9563 17.4158 0
      vertex -21.9754 17.3129 0.589999
      vertex -21.9754 17.3129 0
    endloop
  endfacet
  facet normal 0.942796 -0.33337 0
    outer loop
      vertex -21.9021 17.618 0.589999
      vertex -21.8672 17.7167 0
      vertex -21.8672 17.7167 0.589999
    endloop
  endfacet
  facet normal 0.942796 -0.33337 0
    outer loop
      vertex -21.8672 17.7167 0
      vertex -21.9021 17.618 0.589999
      vertex -21.9021 17.618 0
    endloop
  endfacet
  facet normal 0.972457 0.233084 0
    outer loop
      vertex -21.9319 -17.5176 0.589999
      vertex -21.9563 -17.4158 0
      vertex -21.9563 -17.4158 0.589999
    endloop
  endfacet
  facet normal 0.972457 0.233084 0
    outer loop
      vertex -21.9563 -17.4158 0
      vertex -21.9319 -17.5176 0.589999
      vertex -21.9319 -17.5176 0
    endloop
  endfacet
  facet normal 0.999668 0.0257794 0
    outer loop
      vertex -21.9973 -17.1047 0.589999
      vertex -22 -17 0
      vertex -22 -17 0.589999
    endloop
  endfacet
  facet normal 0.999668 0.0257794 0
    outer loop
      vertex -22 -17 0
      vertex -21.9973 -17.1047 0.589999
      vertex -21.9973 -17.1047 0
    endloop
  endfacet
  facet normal 0.33337 -0.942796 0
    outer loop
      vertex -20.7167 18.8672 0
      vertex -20.618 18.9021 0.589999
      vertex -20.7167 18.8672 0.589999
    endloop
  endfacet
  facet normal 0.33337 -0.942796 0
    outer loop
      vertex -20.618 18.9021 0.589999
      vertex -20.7167 18.8672 0
      vertex -20.618 18.9021 0
    endloop
  endfacet
  facet normal 0.382717 -0.923866 0
    outer loop
      vertex -20.8135 18.8271 0
      vertex -20.7167 18.8672 0.589999
      vertex -20.8135 18.8271 0.589999
    endloop
  endfacet
  facet normal 0.382717 -0.923866 0
    outer loop
      vertex -20.7167 18.8672 0.589999
      vertex -20.8135 18.8271 0
      vertex -20.7167 18.8672 0
    endloop
  endfacet
  facet normal -0.0257794 -0.999668 0
    outer loop
      vertex 20 19 0
      vertex 20.1047 18.9973 0.589999
      vertex 20 19 0.589999
    endloop
  endfacet
  facet normal -0.0257794 -0.999668 -0
    outer loop
      vertex 20.1047 18.9973 0.589999
      vertex 20 19 0
      vertex 20.1047 18.9973 0
    endloop
  endfacet
  facet normal -0.879025 0.476776 0
    outer loop
      vertex 21.7321 -18 0
      vertex 21.782 -17.908 0.589999
      vertex 21.782 -17.908 0
    endloop
  endfacet
  facet normal -0.879025 0.476776 0
    outer loop
      vertex 21.782 -17.908 0.589999
      vertex 21.7321 -18 0
      vertex 21.7321 -18 0.589999
    endloop
  endfacet
  facet normal -0.725023 -0.688724 0
    outer loop
      vertex 21.4863 18.3383 0
      vertex 21.4142 18.4142 0.589999
      vertex 21.4142 18.4142 0
    endloop
  endfacet
  facet normal -0.725023 -0.688724 0
    outer loop
      vertex 21.4142 18.4142 0.589999
      vertex 21.4863 18.3383 0
      vertex 21.4863 18.3383 0.589999
    endloop
  endfacet
  facet normal -0.902489 0.430712 0
    outer loop
      vertex 21.782 -17.908 0
      vertex 21.8271 -17.8135 0.589999
      vertex 21.8271 -17.8135 0
    endloop
  endfacet
  facet normal -0.902489 0.430712 0
    outer loop
      vertex 21.8271 -17.8135 0.589999
      vertex 21.782 -17.908 0
      vertex 21.782 -17.908 0.589999
    endloop
  endfacet
  facet normal 0.996855 -0.0792519 0
    outer loop
      vertex -21.9973 17.1047 0.589999
      vertex -21.989 17.2091 0
      vertex -21.989 17.2091 0.589999
    endloop
  endfacet
  facet normal 0.996855 -0.0792519 0
    outer loop
      vertex -21.989 17.2091 0
      vertex -21.9973 17.1047 0.589999
      vertex -21.9973 17.1047 0
    endloop
  endfacet
  facet normal 0.824181 0.566326 0
    outer loop
      vertex -21.618 -18.1756 0.589999
      vertex -21.6773 -18.0893 0
      vertex -21.6773 -18.0893 0.589999
    endloop
  endfacet
  facet normal 0.824181 0.566326 0
    outer loop
      vertex -21.6773 -18.0893 0
      vertex -21.618 -18.1756 0.589999
      vertex -21.618 -18.1756 0
    endloop
  endfacet
  facet normal -0.991526 -0.129911 0
    outer loop
      vertex 21.989 17.2091 0
      vertex 21.9754 17.3129 0.589999
      vertex 21.9754 17.3129 0
    endloop
  endfacet
  facet normal -0.991526 -0.129911 0
    outer loop
      vertex 21.9754 17.3129 0.589999
      vertex 21.989 17.2091 0
      vertex 21.989 17.2091 0.589999
    endloop
  endfacet
  facet normal -0.923866 0.382717 0
    outer loop
      vertex 21.8271 -17.8135 0
      vertex 21.8672 -17.7167 0.589999
      vertex 21.8672 -17.7167 0
    endloop
  endfacet
  facet normal -0.923866 0.382717 0
    outer loop
      vertex 21.8672 -17.7167 0.589999
      vertex 21.8271 -17.8135 0
      vertex 21.8271 -17.8135 0.589999
    endloop
  endfacet
  facet normal -0.129911 -0.991526 0
    outer loop
      vertex 20.2091 18.989 0
      vertex 20.3129 18.9754 0.589999
      vertex 20.2091 18.989 0.589999
    endloop
  endfacet
  facet normal -0.129911 -0.991526 -0
    outer loop
      vertex 20.3129 18.9754 0.589999
      vertex 20.2091 18.989 0
      vertex 20.3129 18.9754 0
    endloop
  endfacet
  facet normal -0.1825 -0.983206 0
    outer loop
      vertex 20.3129 18.9754 0
      vertex 20.4158 18.9563 0.589999
      vertex 20.3129 18.9754 0.589999
    endloop
  endfacet
  facet normal -0.1825 -0.983206 -0
    outer loop
      vertex 20.4158 18.9563 0.589999
      vertex 20.3129 18.9754 0
      vertex 20.4158 18.9563 0
    endloop
  endfacet
  facet normal 0.923866 -0.382717 0
    outer loop
      vertex -21.8672 17.7167 0.589999
      vertex -21.8271 17.8135 0
      vertex -21.8271 17.8135 0.589999
    endloop
  endfacet
  facet normal 0.923866 -0.382717 0
    outer loop
      vertex -21.8271 17.8135 0
      vertex -21.8672 17.7167 0.589999
      vertex -21.8672 17.7167 0
    endloop
  endfacet
  facet normal -0.958663 0.284543 0
    outer loop
      vertex 21.9021 -17.618 0
      vertex 21.9319 -17.5176 0.589999
      vertex 21.9319 -17.5176 0
    endloop
  endfacet
  facet normal -0.958663 0.284543 0
    outer loop
      vertex 21.9319 -17.5176 0.589999
      vertex 21.9021 -17.618 0
      vertex 21.9021 -17.618 0.589999
    endloop
  endfacet
  facet normal -0.996855 0.0792519 0
    outer loop
      vertex 21.989 -17.2091 0
      vertex 21.9973 -17.1047 0.589999
      vertex 21.9973 -17.1047 0
    endloop
  endfacet
  facet normal -0.996855 0.0792519 0
    outer loop
      vertex 21.9973 -17.1047 0.589999
      vertex 21.989 -17.2091 0
      vertex 21.989 -17.2091 0.589999
    endloop
  endfacet
  facet normal -0.233084 0.972457 0
    outer loop
      vertex 20.5176 -18.9319 0
      vertex 20.4158 -18.9563 0.589999
      vertex 20.5176 -18.9319 0.589999
    endloop
  endfacet
  facet normal -0.233084 0.972457 0
    outer loop
      vertex 20.4158 -18.9563 0.589999
      vertex 20.5176 -18.9319 0
      vertex 20.4158 -18.9563 0
    endloop
  endfacet
  facet normal -0.958663 -0.284543 0
    outer loop
      vertex 21.9319 17.5176 0
      vertex 21.9021 17.618 0.589999
      vertex 21.9021 17.618 0
    endloop
  endfacet
  facet normal -0.958663 -0.284543 0
    outer loop
      vertex 21.9021 17.618 0.589999
      vertex 21.9319 17.5176 0
      vertex 21.9319 17.5176 0.589999
    endloop
  endfacet
  facet normal -0.923866 -0.382717 0
    outer loop
      vertex 21.8672 17.7167 0
      vertex 21.8271 17.8135 0.589999
      vertex 21.8271 17.8135 0
    endloop
  endfacet
  facet normal -0.923866 -0.382717 0
    outer loop
      vertex 21.8271 17.8135 0.589999
      vertex 21.8672 17.7167 0
      vertex 21.8672 17.7167 0.589999
    endloop
  endfacet
  facet normal 0.852313 0.523032 0
    outer loop
      vertex -21.6773 -18.0893 0.589999
      vertex -21.7321 -18 0
      vertex -21.7321 -18 0.589999
    endloop
  endfacet
  facet normal 0.852313 0.523032 0
    outer loop
      vertex -21.7321 -18 0
      vertex -21.6773 -18.0893 0.589999
      vertex -21.6773 -18.0893 0
    endloop
  endfacet
  facet normal -0.725023 0.688724 0
    outer loop
      vertex 21.4142 -18.4142 0
      vertex 21.4863 -18.3383 0.589999
      vertex 21.4863 -18.3383 0
    endloop
  endfacet
  facet normal -0.725023 0.688724 0
    outer loop
      vertex 21.4863 -18.3383 0.589999
      vertex 21.4142 -18.4142 0
      vertex 21.4142 -18.4142 0.589999
    endloop
  endfacet
  facet normal -0.284543 -0.958663 0
    outer loop
      vertex 20.5176 18.9319 0
      vertex 20.618 18.9021 0.589999
      vertex 20.5176 18.9319 0.589999
    endloop
  endfacet
  facet normal -0.284543 -0.958663 -0
    outer loop
      vertex 20.618 18.9021 0.589999
      vertex 20.5176 18.9319 0
      vertex 20.618 18.9021 0
    endloop
  endfacet
  facet normal -0.852313 -0.523032 0
    outer loop
      vertex 21.7321 18 0
      vertex 21.6773 18.0893 0.589999
      vertex 21.6773 18.0893 0
    endloop
  endfacet
  facet normal -0.852313 -0.523032 0
    outer loop
      vertex 21.6773 18.0893 0.589999
      vertex 21.7321 18 0
      vertex 21.7321 18 0.589999
    endloop
  endfacet
  facet normal -0.824181 0.566326 0
    outer loop
      vertex 21.618 -18.1756 0
      vertex 21.6773 -18.0893 0.589999
      vertex 21.6773 -18.0893 0
    endloop
  endfacet
  facet normal -0.824181 0.566326 0
    outer loop
      vertex 21.6773 -18.0893 0.589999
      vertex 21.618 -18.1756 0
      vertex 21.618 -18.1756 0.589999
    endloop
  endfacet
  facet normal -0.430712 0.902489 0
    outer loop
      vertex 20.908 -18.782 0
      vertex 20.8135 -18.8271 0.589999
      vertex 20.908 -18.782 0.589999
    endloop
  endfacet
  facet normal -0.430712 0.902489 0
    outer loop
      vertex 20.8135 -18.8271 0.589999
      vertex 20.908 -18.782 0
      vertex 20.8135 -18.8271 0
    endloop
  endfacet
  facet normal -0.942796 -0.33337 0
    outer loop
      vertex 21.9021 17.618 0
      vertex 21.8672 17.7167 0.589999
      vertex 21.8672 17.7167 0
    endloop
  endfacet
  facet normal -0.942796 -0.33337 0
    outer loop
      vertex 21.8672 17.7167 0.589999
      vertex 21.9021 17.618 0
      vertex 21.9021 17.618 0.589999
    endloop
  endfacet
  facet normal -0.852313 0.523032 0
    outer loop
      vertex 21.6773 -18.0893 0
      vertex 21.7321 -18 0.589999
      vertex 21.7321 -18 0
    endloop
  endfacet
  facet normal -0.852313 0.523032 0
    outer loop
      vertex 21.7321 -18 0.589999
      vertex 21.6773 -18.0893 0
      vertex 21.6773 -18.0893 0.589999
    endloop
  endfacet
  facet normal -0.688724 0.725023 0
    outer loop
      vertex 21.4142 -18.4142 0
      vertex 21.3383 -18.4863 0.589999
      vertex 21.4142 -18.4142 0.589999
    endloop
  endfacet
  facet normal -0.688724 0.725023 0
    outer loop
      vertex 21.3383 -18.4863 0.589999
      vertex 21.4142 -18.4142 0
      vertex 21.3383 -18.4863 0
    endloop
  endfacet
  facet normal -0.566326 0.824181 0
    outer loop
      vertex 21.1756 -18.618 0
      vertex 21.0893 -18.6773 0.589999
      vertex 21.1756 -18.618 0.589999
    endloop
  endfacet
  facet normal -0.566326 0.824181 0
    outer loop
      vertex 21.0893 -18.6773 0.589999
      vertex 21.1756 -18.618 0
      vertex 21.0893 -18.6773 0
    endloop
  endfacet
  facet normal -0.476776 0.879025 0
    outer loop
      vertex 21 -18.7321 0
      vertex 20.908 -18.782 0.589999
      vertex 21 -18.7321 0.589999
    endloop
  endfacet
  facet normal -0.476776 0.879025 0
    outer loop
      vertex 20.908 -18.782 0.589999
      vertex 21 -18.7321 0
      vertex 20.908 -18.782 0
    endloop
  endfacet
endsolid OpenSCAD_Model
