solid OpenSCAD_Model
  facet normal -0.94246 -0.334319 0
    outer loop
      vertex -25.8007 -23.0751 0
      vertex -25.8532 -22.9271 4
      vertex -25.8532 -22.9271 0
    endloop
  endfacet
  facet normal -0.94246 -0.334319 0
    outer loop
      vertex -25.8532 -22.9271 4
      vertex -25.8007 -23.0751 0
      vertex -25.8007 -23.0751 4
    endloop
  endfacet
  facet normal 0.824432 0.565961 0
    outer loop
      vertex 25.516 23.6339 20.0147
      vertex 25.4271 23.7634 0
      vertex 25.4271 23.7634 20.0147
    endloop
  endfacet
  facet normal 0.824432 0.565961 0
    outer loop
      vertex 25.4271 23.7634 0
      vertex 25.516 23.6339 20.0147
      vertex 25.516 23.6339 0
    endloop
  endfacet
  facet normal -0.760334 -0.649532 0
    outer loop
      vertex -25.2294 -24.0074 0
      vertex -25.3314 -23.888 4
      vertex -25.3314 -23.888 0
    endloop
  endfacet
  facet normal -0.760334 -0.649532 0
    outer loop
      vertex -25.3314 -23.888 4
      vertex -25.2294 -24.0074 0
      vertex -25.2294 -24.0074 4
    endloop
  endfacet
  facet normal 0.94246 -0.334319 0
    outer loop
      vertex 25.8007 -23.0751 4
      vertex 25.8532 -22.9271 0
      vertex 25.8532 -22.9271 4
    endloop
  endfacet
  facet normal 0.94246 -0.334319 0
    outer loop
      vertex 25.8532 -22.9271 0
      vertex 25.8007 -23.0751 4
      vertex 25.8007 -23.0751 0
    endloop
  endfacet
  facet normal -0.760334 0.649532 0
    outer loop
      vertex -25.3314 23.888 0
      vertex -25.2294 24.0074 20.0147
      vertex -25.2294 24.0074 0
    endloop
  endfacet
  facet normal -0.760334 0.649532 0
    outer loop
      vertex -25.2294 24.0074 20.0147
      vertex -25.3314 23.888 0
      vertex -25.3314 23.888 20.0147
    endloop
  endfacet
  facet normal -0.725333 -0.688398 0
    outer loop
      vertex -25.1213 -24.1213 0
      vertex -25.2294 -24.0074 4
      vertex -25.2294 -24.0074 0
    endloop
  endfacet
  facet normal -0.725333 -0.688398 0
    outer loop
      vertex -25.2294 -24.0074 4
      vertex -25.1213 -24.1213 0
      vertex -25.1213 -24.1213 4
    endloop
  endfacet
  facet normal 0.99693 -0.0783029 0
    outer loop
      vertex 25.9836 -22.3136 4
      vertex 25.9959 -22.157 0
      vertex 25.9959 -22.157 4
    endloop
  endfacet
  facet normal 0.99693 -0.0783029 0
    outer loop
      vertex 25.9959 -22.157 0
      vertex 25.9836 -22.3136 4
      vertex 25.9836 -22.3136 0
    endloop
  endfacet
  facet normal -0.533133 -0.28936 0.795009
    outer loop
      vertex -25.5981 20.5 20.0147
      vertex -25.673 20.638 20.0147
      vertex -25.5981 -23.5 4
    endloop
  endfacet
  facet normal -0.00898954 -0.342006 0.939655
    outer loop
      vertex -23.157 -24.9959 4
      vertex -23.055 -9.58505 9.61006
      vertex -23.157 -9.31405 9.70772
    endloop
  endfacet
  facet normal -0.00893138 -0.342006 0.939655
    outer loop
      vertex -23.055 -9.58505 9.61006
      vertex -23.157 -24.9959 4
      vertex -23 -25 4
    endloop
  endfacet
  facet normal -0.00854499 -0.342008 0.939658
    outer loop
      vertex -23.157 19.0041 20.0147
      vertex -23.157 5.95962 15.2669
      vertex -23.1109 6.08183 15.3118
    endloop
  endfacet
  facet normal 0.371683 -0.317518 0.872373
    outer loop
      vertex 25.2294 19.9926 20.0147
      vertex 25.3314 -23.888 4
      vertex 25.3314 20.112 20.0147
    endloop
  endfacet
  facet normal 0.371683 -0.317518 0.872373
    outer loop
      vertex 25.3314 -23.888 4
      vertex 25.2294 19.9926 20.0147
      vertex 25.2294 -24.0074 4
    endloop
  endfacet
  facet normal -0.18275 -0.983159 0
    outer loop
      vertex -23.6237 -24.9344 0
      vertex -23.4693 -24.9631 4
      vertex -23.6237 -24.9344 4
    endloop
  endfacet
  facet normal -0.18275 -0.983159 -0
    outer loop
      vertex -23.4693 -24.9631 4
      vertex -23.6237 -24.9344 0
      vertex -23.4693 -24.9631 0
    endloop
  endfacet
  facet normal 0.997098 -0.0260389 0.0715411
    outer loop
      vertex 26 22 20.0147
      vertex 25.9959 21.843 20.0147
      vertex 26 -22 4
    endloop
  endfacet
  facet normal 0.0088782 -0.342006 0.939656
    outer loop
      vertex 23 -9.73116 9.5574
      vertex 23 -25 4
      vertex 23.055 -9.58505 9.61006
    endloop
  endfacet
  facet normal 0.00893148 -0.34201 0.939654
    outer loop
      vertex 23 6.37577 15.4198
      vertex 23.157 19.0041 20.0147
      vertex 23 19 20.0147
    endloop
  endfacet
  facet normal 0.00859661 -0.342008 0.939658
    outer loop
      vertex 23.157 19.0041 20.0147
      vertex 23 6.37577 15.4198
      vertex 23.1109 6.08183 15.3118
    endloop
  endfacet
  facet normal 0.933238 -0.122873 0.337592
    outer loop
      vertex 25.9631 21.5307 20.0147
      vertex 25.9836 -22.3136 4
      vertex 25.9836 21.6864 20.0147
    endloop
  endfacet
  facet normal 0.933238 -0.122873 0.337592
    outer loop
      vertex 25.9836 -22.3136 4
      vertex 25.9631 21.5307 20.0147
      vertex 25.9631 -22.4693 4
    endloop
  endfacet
  facet normal 0.958837 -0.283958 0
    outer loop
      vertex 25.8532 -22.9271 4
      vertex 25.8978 -22.7765 0
      vertex 25.8978 -22.7765 4
    endloop
  endfacet
  facet normal 0.958837 -0.283958 0
    outer loop
      vertex 25.8978 -22.7765 0
      vertex 25.8532 -22.9271 4
      vertex 25.8532 -22.9271 0
    endloop
  endfacet
  facet normal -0.205243 -0.334738 0.919688
    outer loop
      vertex -24.6339 19.484 20.0147
      vertex -24.5 -0.228046 12.87
      vertex -24.5 19.4019 20.0147
    endloop
  endfacet
  facet normal -0.204926 -0.334759 0.919751
    outer loop
      vertex -24.5 -0.228046 12.87
      vertex -24.6339 19.484 20.0147
      vertex -24.5164 -0.422146 12.7957
    endloop
  endfacet
  facet normal -0.205144 -0.334745 0.919708
    outer loop
      vertex -24.5164 -0.422146 12.7957
      vertex -24.6339 19.484 20.0147
      vertex -24.546 -1.48377 12.4027
    endloop
  endfacet
  facet normal -0.213511 -0.334164 0.918013
    outer loop
      vertex -24.546 -1.48377 12.4027
      vertex -24.6339 19.484 20.0147
      vertex -24.55 -1.62709 12.3496
    endloop
  endfacet
  facet normal -0.20617 -0.334665 0.919507
    outer loop
      vertex -24.6339 -24.516 4
      vertex -24.5 -3.03331 11.8489
      vertex -24.5043 -2.98148 11.8668
    endloop
  endfacet
  facet normal -0.200692 -0.335085 0.920566
    outer loop
      vertex -24.6339 -24.516 4
      vertex -24.5043 -2.98148 11.8668
      vertex -24.5164 -2.83687 11.9168
    endloop
  endfacet
  facet normal -0.205777 -0.334699 0.919583
    outer loop
      vertex -24.6339 -24.516 4
      vertex -24.5164 -2.83687 11.9168
      vertex -24.5204 -2.69264 11.9684
    endloop
  endfacet
  facet normal -0.205835 -0.334694 0.919572
    outer loop
      vertex -24.6339 -24.516 4
      vertex -24.5204 -2.69264 11.9684
      vertex -24.55 -1.62709 12.3496
    endloop
  endfacet
  facet normal -0.205132 -0.334747 0.919709
    outer loop
      vertex -24.6339 -24.516 4
      vertex -24.55 -1.62709 12.3496
      vertex -24.6339 19.484 20.0147
    endloop
  endfacet
  facet normal -0.205242 -0.334737 0.919688
    outer loop
      vertex -24.5 -3.03331 11.8489
      vertex -24.6339 -24.516 4
      vertex -24.5 -24.5981 4
    endloop
  endfacet
  facet normal 0 -1 0
    outer loop
      vertex -23 -25 0
      vertex 23 -25 4
      vertex -23 -25 4
    endloop
  endfacet
  facet normal 0 -1 -0
    outer loop
      vertex 23 -25 4
      vertex -23 -25 0
      vertex 23 -25 0
    endloop
  endfacet
  facet normal -0.477022 -0.878892 0
    outer loop
      vertex -24.5 -24.5981 0
      vertex -24.362 -24.673 4
      vertex -24.5 -24.5981 4
    endloop
  endfacet
  facet normal -0.477022 -0.878892 -0
    outer loop
      vertex -24.362 -24.673 4
      vertex -24.5 -24.5981 0
      vertex -24.362 -24.673 0
    endloop
  endfacet
  facet normal 0.430329 0.902672 -0
    outer loop
      vertex 24.362 24.673 0
      vertex 24.2202 24.7406 20.0147
      vertex 24.362 24.673 20.0147
    endloop
  endfacet
  facet normal 0.430329 0.902672 0
    outer loop
      vertex 24.2202 24.7406 20.0147
      vertex 24.362 24.673 0
      vertex 24.2202 24.7406 0
    endloop
  endfacet
  facet normal 0.725333 -0.688398 0
    outer loop
      vertex 25.1213 -24.1213 4
      vertex 25.2294 -24.0074 0
      vertex 25.2294 -24.0074 4
    endloop
  endfacet
  facet normal 0.725333 -0.688398 0
    outer loop
      vertex 25.2294 -24.0074 0
      vertex 25.1213 -24.1213 4
      vertex 25.1213 -24.1213 0
    endloop
  endfacet
  facet normal 0.725333 0.688398 0
    outer loop
      vertex 25.2294 24.0074 20.0147
      vertex 25.1213 24.1213 0
      vertex 25.1213 24.1213 20.0147
    endloop
  endfacet
  facet normal 0.725333 0.688398 0
    outer loop
      vertex 25.1213 24.1213 0
      vertex 25.2294 24.0074 20.0147
      vertex 25.2294 24.0074 0
    endloop
  endfacet
  facet normal 0.522711 -0.85251 0
    outer loop
      vertex 24.5 -24.5981 0
      vertex 24.6339 -24.516 4
      vertex 24.5 -24.5981 4
    endloop
  endfacet
  facet normal 0.522711 -0.85251 0
    outer loop
      vertex 24.6339 -24.516 4
      vertex 24.5 -24.5981 0
      vertex 24.6339 -24.516 0
    endloop
  endfacet
  facet normal 0.130537 -0.991443 0
    outer loop
      vertex 23.3136 -24.9836 0
      vertex 23.4693 -24.9631 4
      vertex 23.3136 -24.9836 4
    endloop
  endfacet
  facet normal 0.130537 -0.991443 0
    outer loop
      vertex 23.4693 -24.9631 4
      vertex 23.3136 -24.9836 0
      vertex 23.4693 -24.9631 0
    endloop
  endfacet
  facet normal -0.0268564 -0.341896 0.939354
    outer loop
      vertex -23.3136 -24.9836 4
      vertex -23.157 -9.31405 9.70772
      vertex -23.2944 -8.94831 9.83691
    endloop
  endfacet
  facet normal -0.0271644 -0.341893 0.939346
    outer loop
      vertex -23.3136 -24.9836 4
      vertex -23.2944 -8.94831 9.83691
      vertex -23.3136 -8.89711 9.85499
    endloop
  endfacet
  facet normal -0.0268539 -0.341896 0.939354
    outer loop
      vertex -23.157 -9.31405 9.70772
      vertex -23.3136 -24.9836 4
      vertex -23.157 -24.9959 4
    endloop
  endfacet
  facet normal -0.026854 -0.341897 0.939354
    outer loop
      vertex -23.3136 19.0164 20.0147
      vertex -23.157 5.95962 15.2669
      vertex -23.157 19.0041 20.0147
    endloop
  endfacet
  facet normal -0.026957 -0.341897 0.939351
    outer loop
      vertex -23.157 5.95962 15.2669
      vertex -23.3136 19.0164 20.0147
      vertex -23.3136 5.54556 15.1117
    endloop
  endfacet
  facet normal -0.725333 0.688398 0
    outer loop
      vertex -25.2294 24.0074 0
      vertex -25.1213 24.1213 20.0147
      vertex -25.1213 24.1213 0
    endloop
  endfacet
  facet normal -0.725333 0.688398 0
    outer loop
      vertex -25.1213 24.1213 20.0147
      vertex -25.2294 24.0074 0
      vertex -25.2294 24.0074 20.0147
    endloop
  endfacet
  facet normal 0.063359 -0.341332 0.937805
    outer loop
      vertex 23.4693 -8.4188 10.0216
      vertex 23.6237 -24.9344 4
      vertex 23.6237 -7.92554 10.1907
    endloop
  endfacet
  facet normal 0.0634466 -0.341329 0.9378
    outer loop
      vertex 23.6237 -24.9344 4
      vertex 23.4693 -8.4188 10.0216
      vertex 23.4693 -24.9631 4
    endloop
  endfacet
  facet normal 0.063447 -0.341332 0.937799
    outer loop
      vertex 23.4693 5.07205 14.9319
      vertex 23.6237 19.0656 20.0147
      vertex 23.4693 19.0369 20.0147
    endloop
  endfacet
  facet normal 0.0632151 -0.341334 0.937814
    outer loop
      vertex 23.6237 19.0656 20.0147
      vertex 23.4693 5.07205 14.9319
      vertex 23.6237 4.58549 14.7444
    endloop
  endfacet
  facet normal 0 1 -0
    outer loop
      vertex 23 25 0
      vertex -23 25 20.0147
      vertex 23 25 20.0147
    endloop
  endfacet
  facet normal 0 1 0
    outer loop
      vertex -23 25 20.0147
      vertex 23 25 0
      vertex -23 25 0
    endloop
  endfacet
  facet normal 0.477022 0.878892 -0
    outer loop
      vertex 24.5 24.5981 0
      vertex 24.362 24.673 20.0147
      vertex 24.5 24.5981 20.0147
    endloop
  endfacet
  facet normal 0.477022 0.878892 0
    outer loop
      vertex 24.362 24.673 20.0147
      vertex 24.5 24.5981 0
      vertex 24.362 24.673 0
    endloop
  endfacet
  facet normal -0.97463 -0.0765514 0.210323
    outer loop
      vertex -25.9959 -22.157 4
      vertex -25.9836 21.6864 20.0147
      vertex -25.9959 21.843 20.0147
    endloop
  endfacet
  facet normal -0.97463 -0.0765514 0.210323
    outer loop
      vertex -25.9836 21.6864 20.0147
      vertex -25.9959 -22.157 4
      vertex -25.9836 -22.3136 4
    endloop
  endfacet
  facet normal -1 0 0
    outer loop
      vertex -26 -22 4
      vertex -26 22 0
      vertex -26 -22 0
    endloop
  endfacet
  facet normal -1 0 0
    outer loop
      vertex -26 22 0
      vertex -26 -22 4
      vertex -26 22 20.0147
    endloop
  endfacet
  facet normal -0.991443 0.130537 0
    outer loop
      vertex -25.9836 22.3136 0
      vertex -25.9631 22.4693 20.0147
      vertex -25.9631 22.4693 0
    endloop
  endfacet
  facet normal -0.991443 0.130537 0
    outer loop
      vertex -25.9631 22.4693 20.0147
      vertex -25.9836 22.3136 0
      vertex -25.9836 22.3136 20.0147
    endloop
  endfacet
  facet normal -0.308745 -0.325311 0.893784
    outer loop
      vertex -25.1213 -24.1213 4
      vertex -25.0074 19.7706 20.0147
      vertex -25.1213 19.8787 20.0147
    endloop
  endfacet
  facet normal -0.308745 -0.325311 0.893784
    outer loop
      vertex -25.0074 19.7706 20.0147
      vertex -25.1213 -24.1213 4
      vertex -25.0074 -24.2294 4
    endloop
  endfacet
  facet normal -0.636724 -0.263729 0.724589
    outer loop
      vertex -25.8007 -23.0751 4
      vertex -25.7406 20.7798 20.0147
      vertex -25.8007 20.9249 20.0147
    endloop
  endfacet
  facet normal -0.636724 -0.263729 0.724589
    outer loop
      vertex -25.7406 20.7798 20.0147
      vertex -25.8007 -23.0751 4
      vertex -25.7406 -23.2202 4
    endloop
  endfacet
  facet normal 1 -0 0
    outer loop
      vertex 26 -22 4
      vertex 26 22 0
      vertex 26 22 20.0147
    endloop
  endfacet
  facet normal 1 0 0
    outer loop
      vertex 26 22 0
      vertex 26 -22 4
      vertex 26 -22 0
    endloop
  endfacet
  facet normal -0.23294 0.972491 0
    outer loop
      vertex -23.6237 24.9344 0
      vertex -23.7765 24.8978 20.0147
      vertex -23.6237 24.9344 20.0147
    endloop
  endfacet
  facet normal -0.23294 0.972491 0
    outer loop
      vertex -23.7765 24.8978 20.0147
      vertex -23.6237 24.9344 0
      vertex -23.7765 24.8978 0
    endloop
  endfacet
  facet normal -0.688398 0.725333 0
    outer loop
      vertex -25.0074 24.2294 0
      vertex -25.1213 24.1213 20.0147
      vertex -25.0074 24.2294 20.0147
    endloop
  endfacet
  facet normal -0.688398 0.725333 0
    outer loop
      vertex -25.1213 24.1213 20.0147
      vertex -25.0074 24.2294 0
      vertex -25.1213 24.1213 0
    endloop
  endfacet
  facet normal 0.997098 -0.0260389 0.0715411
    outer loop
      vertex 25.9959 21.843 20.0147
      vertex 25.9959 -22.157 4
      vertex 26 -22 4
    endloop
  endfacet
  facet normal -0.565961 -0.824432 0
    outer loop
      vertex -24.7634 -24.4271 0
      vertex -24.6339 -24.516 4
      vertex -24.7634 -24.4271 4
    endloop
  endfacet
  facet normal -0.565961 -0.824432 -0
    outer loop
      vertex -24.6339 -24.516 4
      vertex -24.7634 -24.4271 0
      vertex -24.6339 -24.516 0
    endloop
  endfacet
  facet normal 0.23294 0.972491 -0
    outer loop
      vertex 23.7765 24.8978 0
      vertex 23.6237 24.9344 20.0147
      vertex 23.7765 24.8978 20.0147
    endloop
  endfacet
  facet normal 0.23294 0.972491 0
    outer loop
      vertex 23.6237 24.9344 20.0147
      vertex 23.7765 24.8978 0
      vertex 23.6237 24.9344 0
    endloop
  endfacet
  facet normal -0.533133 -0.28936 0.795009
    outer loop
      vertex -25.673 20.638 20.0147
      vertex -25.673 -23.362 4
      vertex -25.5981 -23.5 4
    endloop
  endfacet
  facet normal -0.999659 -0.0261057 0
    outer loop
      vertex -25.9959 -22.157 0
      vertex -26 -22 4
      vertex -26 -22 0
    endloop
  endfacet
  facet normal -0.999659 -0.0261057 0
    outer loop
      vertex -26 -22 4
      vertex -25.9959 -22.157 0
      vertex -25.9959 -22.157 4
    endloop
  endfacet
  facet normal -0.0783029 0.99693 0
    outer loop
      vertex -23.157 24.9959 0
      vertex -23.3136 24.9836 20.0147
      vertex -23.157 24.9959 20.0147
    endloop
  endfacet
  facet normal -0.0783029 0.99693 0
    outer loop
      vertex -23.3136 24.9836 20.0147
      vertex -23.157 24.9959 0
      vertex -23.3136 24.9836 0
    endloop
  endfacet
  facet normal 0.923885 0.38267 0
    outer loop
      vertex 25.8007 23.0751 20.0147
      vertex 25.7406 23.2202 0
      vertex 25.7406 23.2202 20.0147
    endloop
  endfacet
  facet normal 0.923885 0.38267 0
    outer loop
      vertex 25.7406 23.2202 0
      vertex 25.8007 23.0751 20.0147
      vertex 25.8007 23.0751 0
    endloop
  endfacet
  facet normal -0.878892 -0.477022 0
    outer loop
      vertex -25.5981 -23.5 0
      vertex -25.673 -23.362 4
      vertex -25.673 -23.362 0
    endloop
  endfacet
  facet normal -0.878892 -0.477022 0
    outer loop
      vertex -25.673 -23.362 4
      vertex -25.5981 -23.5 0
      vertex -25.5981 -23.5 4
    endloop
  endfacet
  facet normal 0.119217 -0.339583 0.93299
    outer loop
      vertex 24.0135 -6.45335 10.6858
      vertex 24.0751 -24.8007 4
      vertex 24.0751 -6.13857 10.7925
    endloop
  endfacet
  facet normal 0.120824 -0.339511 0.93281
    outer loop
      vertex 23.9271 -6.79539 10.5725
      vertex 24.0751 -24.8007 4
      vertex 24.0135 -6.45335 10.6858
    endloop
  endfacet
  facet normal 0.120441 -0.33953 0.932852
    outer loop
      vertex 24.0751 -24.8007 4
      vertex 23.9271 -6.79539 10.5725
      vertex 23.9271 -24.8532 4
    endloop
  endfacet
  facet normal 0.119491 -0.339569 0.93296
    outer loop
      vertex 24.0751 19.1993 20.0147
      vertex 24.0135 3.13947 14.1773
      vertex 24.0751 2.8298 14.0567
    endloop
  endfacet
  facet normal 0.120441 -0.33953 0.932852
    outer loop
      vertex 23.9271 3.47435 14.3104
      vertex 24.0751 19.1993 20.0147
      vertex 23.9271 19.1468 20.0147
    endloop
  endfacet
  facet normal 0.121042 -0.33951 0.932782
    outer loop
      vertex 24.0751 19.1993 20.0147
      vertex 23.9271 3.47435 14.3104
      vertex 24.0135 3.13947 14.1773
    endloop
  endfacet
  facet normal 0.983159 0.18275 0
    outer loop
      vertex 25.9631 22.4693 20.0147
      vertex 25.9344 22.6237 0
      vertex 25.9344 22.6237 20.0147
    endloop
  endfacet
  facet normal 0.983159 0.18275 0
    outer loop
      vertex 25.9344 22.6237 0
      vertex 25.9631 22.4693 20.0147
      vertex 25.9631 22.4693 0
    endloop
  endfacet
  facet normal -0.0088782 -0.342006 0.939656
    outer loop
      vertex -23 -9.73116 9.5574
      vertex -23.055 -9.58505 9.61006
      vertex -23 -25 4
    endloop
  endfacet
  facet normal -0.00893148 -0.34201 0.939654
    outer loop
      vertex -23.157 19.0041 20.0147
      vertex -23 6.37577 15.4198
      vertex -23 19 20.0147
    endloop
  endfacet
  facet normal -0.00859661 -0.342008 0.939658
    outer loop
      vertex -23 6.37577 15.4198
      vertex -23.157 19.0041 20.0147
      vertex -23.1109 6.08183 15.3118
    endloop
  endfacet
  facet normal -0.0783029 -0.99693 0
    outer loop
      vertex -23.3136 -24.9836 0
      vertex -23.157 -24.9959 4
      vertex -23.3136 -24.9836 4
    endloop
  endfacet
  facet normal -0.0783029 -0.99693 -0
    outer loop
      vertex -23.157 -24.9959 4
      vertex -23.3136 -24.9836 0
      vertex -23.157 -24.9959 0
    endloop
  endfacet
  facet normal -0.0261057 0.999659 0
    outer loop
      vertex -23 25 0
      vertex -23.157 24.9959 20.0147
      vertex -23 25 20.0147
    endloop
  endfacet
  facet normal -0.0261057 0.999659 0
    outer loop
      vertex -23.157 24.9959 20.0147
      vertex -23 25 0
      vertex -23.157 24.9959 0
    endloop
  endfacet
  facet normal -5.27469e-06 -0.34202 0.939693
    outer loop
      vertex 22.9194 -9.94505 9.47955
      vertex 23 -25 4
      vertex 23 -9.73116 9.5574
    endloop
  endfacet
  facet normal 4.87039e-05 -0.34202 0.939693
    outer loop
      vertex 22.4897 -10.92 9.12472
      vertex 23 -25 4
      vertex 22.9194 -9.94505 9.47955
    endloop
  endfacet
  facet normal -0.000229005 -0.342029 0.93969
    outer loop
      vertex 22.4275 -11.0609 9.07342
      vertex 23 -25 4
      vertex 22.4897 -10.92 9.12472
    endloop
  endfacet
  facet normal -9.19393e-06 -0.342021 0.939692
    outer loop
      vertex 21.8742 -12.151 8.67665
      vertex 23 -25 4
      vertex 22.4275 -11.0609 9.07342
    endloop
  endfacet
  facet normal 0.000193431 -0.342005 0.939698
    outer loop
      vertex 21.7967 -12.2851 8.62786
      vertex 23 -25 4
      vertex 21.8742 -12.151 8.67665
    endloop
  endfacet
  facet normal -2.91111e-05 -0.342024 0.939691
    outer loop
      vertex 21.2609 -13.2124 8.29033
      vertex 23 -25 4
      vertex 21.7967 -12.2851 8.62786
    endloop
  endfacet
  facet normal 2.61151e-05 -0.342016 0.939694
    outer loop
      vertex 20.6742 -14.1122 7.96285
      vertex 23 -25 4
      vertex 21.2609 -13.2124 8.29033
    endloop
  endfacet
  facet normal -0.000197768 -0.342059 0.939679
    outer loop
      vertex 20.5894 -14.2422 7.91551
      vertex 23 -25 4
      vertex 20.6742 -14.1122 7.96285
    endloop
  endfacet
  facet normal 2.73504e-05 -0.342014 0.939695
    outer loop
      vertex 19.9533 -15.1119 7.59899
      vertex 23 -25 4
      vertex 20.5894 -14.2422 7.91551
    endloop
  endfacet
  facet normal -6.28644e-05 -0.342039 0.939686
    outer loop
      vertex 19.8614 -15.2376 7.55323
      vertex 23 -25 4
      vertex 19.9533 -15.1119 7.59899
    endloop
  endfacet
  facet normal -6.48846e-05 -0.342039 0.939686
    outer loop
      vertex 19.7625 -15.3586 7.50918
      vertex 23 -25 4
      vertex 19.8614 -15.2376 7.55323
    endloop
  endfacet
  facet normal 1.52468e-05 -0.342015 0.939694
    outer loop
      vertex 19.0789 -16.1958 7.20448
      vertex 23 -25 4
      vertex 19.7625 -15.3586 7.50918
    endloop
  endfacet
  facet normal 4.31924e-06 -0.34202 0.939693
    outer loop
      vertex 18.9735 -16.3118 7.16226
      vertex 23 -25 4
      vertex 19.0789 -16.1958 7.20448
    endloop
  endfacet
  facet normal 8.46072e-07 -0.342021 0.939692
    outer loop
      vertex 18.2442 -17.1142 6.87021
      vertex 23 -25 4
      vertex 18.9735 -16.3118 7.16226
    endloop
  endfacet
  facet normal -1.2079e-05 -0.342028 0.93969
    outer loop
      vertex 17.4712 -17.8796 6.59161
      vertex 23 -25 4
      vertex 18.2442 -17.1142 6.87021
    endloop
  endfacet
  facet normal 0.000101971 -0.34195 0.939718
    outer loop
      vertex 17.3595 -17.9903 6.55134
      vertex 23 -25 4
      vertex 17.4712 -17.8796 6.59161
    endloop
  endfacet
  facet normal -1.72697e-05 -0.342035 0.939687
    outer loop
      vertex 16.4272 -18.8216 6.24874
      vertex 23 -25 4
      vertex 17.3595 -17.9903 6.55134
    endloop
  endfacet
  facet normal 1.4056e-05 -0.342005 0.939698
    outer loop
      vertex 15.5733 -19.507 5.9993
      vertex 23 -25 4
      vertex 16.4272 -18.8216 6.24874
    endloop
  endfacet
  facet normal -9.76322e-05 -0.342138 0.93965
    outer loop
      vertex 15.4498 -19.606 5.96324
      vertex 23 -25 4
      vertex 15.5733 -19.507 5.9993
    endloop
  endfacet
  facet normal 1.15611e-05 -0.342003 0.939699
    outer loop
      vertex 14.4301 -20.3413 5.69564
      vertex 23 -25 4
      vertex 15.4498 -19.606 5.96324
    endloop
  endfacet
  facet normal -8.83273e-06 -0.342037 0.939687
    outer loop
      vertex 14.2963 -20.4277 5.66419
      vertex 23 -25 4
      vertex 14.4301 -20.3413 5.69564
    endloop
  endfacet
  facet normal 2.81119e-06 -0.342017 0.939694
    outer loop
      vertex 13.3709 -21.0254 5.44665
      vertex 23 -25 4
      vertex 14.2963 -20.4277 5.66419
    endloop
  endfacet
  facet normal -3.66668e-06 -0.342031 0.939689
    outer loop
      vertex 13.2325 -21.1051 5.41764
      vertex 23 -25 4
      vertex 13.3709 -21.0254 5.44665
    endloop
  endfacet
  facet normal -8.61927e-06 -0.342042 0.939685
    outer loop
      vertex 12.275 -21.6564 5.21696
      vertex 23 -25 4
      vertex 13.2325 -21.1051 5.41764
    endloop
  endfacet
  facet normal -9.47919e-07 -0.34202 0.939693
    outer loop
      vertex 11.2881 -22.1599 5.0337
      vertex 23 -25 4
      vertex 12.275 -21.6564 5.21696
    endloop
  endfacet
  facet normal -6.9414e-06 -0.342042 0.939685
    outer loop
      vertex 11.1455 -22.2327 5.0072
      vertex 23 -25 4
      vertex 11.2881 -22.1599 5.0337
    endloop
  endfacet
  facet normal 3.25521e-06 -0.342003 0.939699
    outer loop
      vertex 9.98538 -22.7527 4.81795
      vertex 23 -25 4
      vertex 11.1455 -22.2327 5.0072
    endloop
  endfacet
  facet normal 3.05186e-05 -0.341864 0.939749
    outer loop
      vertex 9.83541 -22.8111 4.79671
      vertex 23 -25 4
      vertex 9.98538 -22.7527 4.81795
    endloop
  endfacet
  facet normal -1.61313e-06 -0.342035 0.939687
    outer loop
      vertex 8.79793 -23.2149 4.64973
      vertex 23 -25 4
      vertex 9.83541 -22.8111 4.79671
    endloop
  endfacet
  facet normal -4.46758e-06 -0.342055 0.93968
    outer loop
      vertex 7.73939 -23.5671 4.52152
      vertex 23 -25 4
      vertex 8.79793 -23.2149 4.64973
    endloop
  endfacet
  facet normal -5.91432e-06 -0.342068 0.939675
    outer loop
      vertex 7.58637 -23.618 4.50299
      vertex 23 -25 4
      vertex 7.73939 -23.5671 4.52152
    endloop
  endfacet
  facet normal 3.78735e-05 -0.341637 0.939832
    outer loop
      vertex 7.43072 -23.6614 4.48722
      vertex 23 -25 4
      vertex 7.58637 -23.618 4.50299
    endloop
  endfacet
  facet normal 8.22544e-07 -0.342018 0.939694
    outer loop
      vertex 6.35401 -23.9611 4.37814
      vertex 23 -25 4
      vertex 7.43072 -23.6614 4.48722
    endloop
  endfacet
  facet normal -2.13488e-06 -0.342059 0.939678
    outer loop
      vertex 5.26208 -24.2074 4.28848
      vertex 23 -25 4
      vertex 6.35401 -23.9611 4.37814
    endloop
  endfacet
  facet normal -2.74233e-06 -0.342071 0.939674
    outer loop
      vertex 5.10423 -24.243 4.27552
      vertex 23 -25 4
      vertex 5.26208 -24.2074 4.28848
    endloop
  endfacet
  facet normal -1.6486e-06 -0.342049 0.939682
    outer loop
      vertex 4.00008 -24.4353 4.20552
      vertex 23 -25 4
      vertex 5.10423 -24.243 4.27552
    endloop
  endfacet
  facet normal 6.59465e-06 -0.341804 0.939771
    outer loop
      vertex 3.84047 -24.4631 4.19541
      vertex 23 -25 4
      vertex 4.00008 -24.4353 4.20552
    endloop
  endfacet
  facet normal -7.76696e-06 -0.342256 0.939607
    outer loop
      vertex 3.67952 -24.483 4.18816
      vertex 23 -25 4
      vertex 3.84047 -24.4631 4.19541
    endloop
  endfacet
  facet normal 3.26155e-06 -0.341892 0.939739
    outer loop
      vertex 2.56617 -24.6208 4.13803
      vertex 23 -25 4
      vertex 3.67952 -24.483 4.18816
    endloop
  endfacet
  facet normal -9.05746e-08 -0.342052 0.939681
    outer loop
      vertex 1.44668 -24.7036 4.10789
      vertex 23 -25 4
      vertex 2.56617 -24.6208 4.13803
    endloop
  endfacet
  facet normal -1.68112e-05 -0.343125 0.93929
    outer loop
      vertex 1.28485 -24.7155 4.10354
      vertex 23 -25 4
      vertex 1.44668 -24.7036 4.10789
    endloop
  endfacet
  facet normal 6.11136e-06 -0.34158 0.939853
    outer loop
      vertex 0.16228 -24.7432 4.09348
      vertex 23 -25 4
      vertex 1.28485 -24.7155 4.10354
    endloop
  endfacet
  facet normal -5.58793e-05 -0.346445 0.93807
    outer loop
      vertex 0 -24.7471 4.09203
      vertex 23 -25 4
      vertex 0.16228 -24.7432 4.09348
    endloop
  endfacet
  facet normal -0.0194112 0.0996805 -0.99483
    outer loop
      vertex -2.56617 -24.6208 4.13803
      vertex -1.28485 -24.7155 4.10354
      vertex -1.44668 -24.7036 4.10789
    endloop
  endfacet
  facet normal 2.13488e-06 -0.342059 0.939678
    outer loop
      vertex -23 -25 4
      vertex -5.26208 -24.2074 4.28848
      vertex -6.35401 -23.9611 4.37814
    endloop
  endfacet
  facet normal 3.66668e-06 -0.342031 0.939689
    outer loop
      vertex -23 -25 4
      vertex -13.2325 -21.1051 5.41764
      vertex -13.3709 -21.0254 5.44665
    endloop
  endfacet
  facet normal 8.83273e-06 -0.342037 0.939687
    outer loop
      vertex -23 -25 4
      vertex -14.2963 -20.4277 5.66419
      vertex -14.4301 -20.3413 5.69564
    endloop
  endfacet
  facet normal -4.31924e-06 -0.34202 0.939693
    outer loop
      vertex -23 -25 4
      vertex -18.9735 -16.3118 7.16226
      vertex -19.0789 -16.1958 7.20448
    endloop
  endfacet
  facet normal 6.48846e-05 -0.342039 0.939686
    outer loop
      vertex -23 -25 4
      vertex -19.7625 -15.3586 7.50918
      vertex -19.8614 -15.2376 7.55323
    endloop
  endfacet
  facet normal -2.73504e-05 -0.342014 0.939695
    outer loop
      vertex -23 -25 4
      vertex -19.9533 -15.1119 7.59899
      vertex -20.5894 -14.2422 7.91551
    endloop
  endfacet
  facet normal -0.000193431 -0.342005 0.939698
    outer loop
      vertex -23 -25 4
      vertex -21.7967 -12.2851 8.62786
      vertex -21.8742 -12.151 8.67665
    endloop
  endfacet
  facet normal 0 -0.341961 0.939714
    outer loop
      vertex 0 -24.7471 4.09203
      vertex -23 -25 4
      vertex 23 -25 4
    endloop
  endfacet
  facet normal 5.58793e-05 -0.346445 0.93807
    outer loop
      vertex -0.16228 -24.7432 4.09348
      vertex -23 -25 4
      vertex 0 -24.7471 4.09203
    endloop
  endfacet
  facet normal -6.11136e-06 -0.34158 0.939853
    outer loop
      vertex -1.28485 -24.7155 4.10354
      vertex -23 -25 4
      vertex -0.16228 -24.7432 4.09348
    endloop
  endfacet
  facet normal 2.78169e-06 -0.34218 0.939634
    outer loop
      vertex -2.56617 -24.6208 4.13803
      vertex -23 -25 4
      vertex -1.28485 -24.7155 4.10354
    endloop
  endfacet
  facet normal -3.26155e-06 -0.341892 0.939739
    outer loop
      vertex -3.67952 -24.483 4.18816
      vertex -23 -25 4
      vertex -2.56617 -24.6208 4.13803
    endloop
  endfacet
  facet normal 7.76696e-06 -0.342256 0.939607
    outer loop
      vertex -3.84047 -24.4631 4.19541
      vertex -23 -25 4
      vertex -3.67952 -24.483 4.18816
    endloop
  endfacet
  facet normal -6.59465e-06 -0.341804 0.939771
    outer loop
      vertex -4.00008 -24.4353 4.20552
      vertex -23 -25 4
      vertex -3.84047 -24.4631 4.19541
    endloop
  endfacet
  facet normal 1.6486e-06 -0.342049 0.939682
    outer loop
      vertex -5.10423 -24.243 4.27552
      vertex -23 -25 4
      vertex -4.00008 -24.4353 4.20552
    endloop
  endfacet
  facet normal 2.74233e-06 -0.342071 0.939674
    outer loop
      vertex -5.26208 -24.2074 4.28848
      vertex -23 -25 4
      vertex -5.10423 -24.243 4.27552
    endloop
  endfacet
  facet normal -8.22544e-07 -0.342018 0.939694
    outer loop
      vertex -7.43072 -23.6614 4.48722
      vertex -23 -25 4
      vertex -6.35401 -23.9611 4.37814
    endloop
  endfacet
  facet normal -3.78735e-05 -0.341637 0.939832
    outer loop
      vertex -7.58637 -23.618 4.50299
      vertex -23 -25 4
      vertex -7.43072 -23.6614 4.48722
    endloop
  endfacet
  facet normal 5.91432e-06 -0.342068 0.939675
    outer loop
      vertex -7.73939 -23.5671 4.52152
      vertex -23 -25 4
      vertex -7.58637 -23.618 4.50299
    endloop
  endfacet
  facet normal 4.46758e-06 -0.342055 0.93968
    outer loop
      vertex -8.79793 -23.2149 4.64973
      vertex -23 -25 4
      vertex -7.73939 -23.5671 4.52152
    endloop
  endfacet
  facet normal 1.61313e-06 -0.342035 0.939687
    outer loop
      vertex -9.83541 -22.8111 4.79671
      vertex -23 -25 4
      vertex -8.79793 -23.2149 4.64973
    endloop
  endfacet
  facet normal -3.05186e-05 -0.341864 0.939749
    outer loop
      vertex -9.98538 -22.7527 4.81795
      vertex -23 -25 4
      vertex -9.83541 -22.8111 4.79671
    endloop
  endfacet
  facet normal -3.25521e-06 -0.342003 0.939699
    outer loop
      vertex -11.1455 -22.2327 5.0072
      vertex -23 -25 4
      vertex -9.98538 -22.7527 4.81795
    endloop
  endfacet
  facet normal 6.9414e-06 -0.342042 0.939685
    outer loop
      vertex -11.2881 -22.1599 5.0337
      vertex -23 -25 4
      vertex -11.1455 -22.2327 5.0072
    endloop
  endfacet
  facet normal 9.47919e-07 -0.34202 0.939693
    outer loop
      vertex -12.275 -21.6564 5.21696
      vertex -23 -25 4
      vertex -11.2881 -22.1599 5.0337
    endloop
  endfacet
  facet normal 8.61927e-06 -0.342042 0.939685
    outer loop
      vertex -13.2325 -21.1051 5.41764
      vertex -23 -25 4
      vertex -12.275 -21.6564 5.21696
    endloop
  endfacet
  facet normal -2.81119e-06 -0.342017 0.939694
    outer loop
      vertex -14.2963 -20.4277 5.66419
      vertex -23 -25 4
      vertex -13.3709 -21.0254 5.44665
    endloop
  endfacet
  facet normal -1.15611e-05 -0.342003 0.939699
    outer loop
      vertex -15.4498 -19.606 5.96324
      vertex -23 -25 4
      vertex -14.4301 -20.3413 5.69564
    endloop
  endfacet
  facet normal 9.76322e-05 -0.342138 0.93965
    outer loop
      vertex -15.5733 -19.507 5.9993
      vertex -23 -25 4
      vertex -15.4498 -19.606 5.96324
    endloop
  endfacet
  facet normal -1.4056e-05 -0.342005 0.939698
    outer loop
      vertex -16.4272 -18.8216 6.24874
      vertex -23 -25 4
      vertex -15.5733 -19.507 5.9993
    endloop
  endfacet
  facet normal 1.72697e-05 -0.342035 0.939687
    outer loop
      vertex -17.3595 -17.9903 6.55134
      vertex -23 -25 4
      vertex -16.4272 -18.8216 6.24874
    endloop
  endfacet
  facet normal -0.000101971 -0.34195 0.939718
    outer loop
      vertex -17.4712 -17.8796 6.59161
      vertex -23 -25 4
      vertex -17.3595 -17.9903 6.55134
    endloop
  endfacet
  facet normal 1.2079e-05 -0.342028 0.93969
    outer loop
      vertex -18.2442 -17.1142 6.87021
      vertex -23 -25 4
      vertex -17.4712 -17.8796 6.59161
    endloop
  endfacet
  facet normal -8.46072e-07 -0.342021 0.939692
    outer loop
      vertex -18.9735 -16.3118 7.16226
      vertex -23 -25 4
      vertex -18.2442 -17.1142 6.87021
    endloop
  endfacet
  facet normal -1.52468e-05 -0.342015 0.939694
    outer loop
      vertex -19.7625 -15.3586 7.50918
      vertex -23 -25 4
      vertex -19.0789 -16.1958 7.20448
    endloop
  endfacet
  facet normal 6.28644e-05 -0.342039 0.939686
    outer loop
      vertex -19.9533 -15.1119 7.59899
      vertex -23 -25 4
      vertex -19.8614 -15.2376 7.55323
    endloop
  endfacet
  facet normal 0.000197768 -0.342059 0.939679
    outer loop
      vertex -20.6742 -14.1122 7.96285
      vertex -23 -25 4
      vertex -20.5894 -14.2422 7.91551
    endloop
  endfacet
  facet normal -2.61151e-05 -0.342016 0.939694
    outer loop
      vertex -21.2609 -13.2124 8.29033
      vertex -23 -25 4
      vertex -20.6742 -14.1122 7.96285
    endloop
  endfacet
  facet normal 2.91111e-05 -0.342024 0.939691
    outer loop
      vertex -21.7967 -12.2851 8.62786
      vertex -23 -25 4
      vertex -21.2609 -13.2124 8.29033
    endloop
  endfacet
  facet normal 9.19393e-06 -0.342021 0.939692
    outer loop
      vertex -22.4275 -11.0609 9.07342
      vertex -23 -25 4
      vertex -21.8742 -12.151 8.67665
    endloop
  endfacet
  facet normal 0.000229005 -0.342029 0.93969
    outer loop
      vertex -22.4897 -10.92 9.12472
      vertex -23 -25 4
      vertex -22.4275 -11.0609 9.07342
    endloop
  endfacet
  facet normal -4.87039e-05 -0.34202 0.939693
    outer loop
      vertex -22.9194 -9.94505 9.47955
      vertex -23 -25 4
      vertex -22.4897 -10.92 9.12472
    endloop
  endfacet
  facet normal 5.27469e-06 -0.34202 0.939693
    outer loop
      vertex -23 -25 4
      vertex -22.9194 -9.94505 9.47955
      vertex -23 -9.73116 9.5574
    endloop
  endfacet
  facet normal 0 -0.342801 0.939408
    outer loop
      vertex -23 19 20.0147
      vertex -10.9989 18.943 19.9939
      vertex -10.8718 19 20.0147
    endloop
  endfacet
  facet normal 4.29138e-06 -0.34193 0.939725
    outer loop
      vertex -23 19 20.0147
      vertex -12.1323 18.3738 19.7868
      vertex -11.1455 18.8773 19.97
    endloop
  endfacet
  facet normal 6.03236e-06 -0.342009 0.939697
    outer loop
      vertex -23 19 20.0147
      vertex -15.321 16.3435 19.0478
      vertex -14.4301 16.9859 19.2816
    endloop
  endfacet
  facet normal 4.08337e-05 -0.342016 0.939694
    outer loop
      vertex -23 19 20.0147
      vertex -21.7967 8.92968 16.3494
      vertex -21.2609 9.85703 16.6869
    endloop
  endfacet
  facet normal 5.02408e-06 -0.341868 0.939748
    outer loop
      vertex -10.9989 18.943 19.9939
      vertex -23 19 20.0147
      vertex -11.1455 18.8773 19.97
    endloop
  endfacet
  facet normal -3.39364e-06 -0.342048 0.939682
    outer loop
      vertex -12.1323 18.3738 19.7868
      vertex -23 19 20.0147
      vertex -12.275 18.301 19.7603
    endloop
  endfacet
  facet normal 4.62195e-06 -0.341939 0.939722
    outer loop
      vertex -23 19 20.0147
      vertex -12.4134 18.2213 19.7313
      vertex -12.275 18.301 19.7603
    endloop
  endfacet
  facet normal -6.6628e-06 -0.342075 0.939673
    outer loop
      vertex -23 19 20.0147
      vertex -13.3709 17.67 19.5306
      vertex -12.4134 18.2213 19.7313
    endloop
  endfacet
  facet normal 3.30231e-07 -0.34203 0.939689
    outer loop
      vertex -23 19 20.0147
      vertex -14.4301 16.9859 19.2816
      vertex -13.3709 17.67 19.5306
    endloop
  endfacet
  facet normal 3.14357e-05 -0.341944 0.93972
    outer loop
      vertex -15.321 16.3435 19.0478
      vertex -23 19 20.0147
      vertex -15.4498 16.2506 19.014
    endloop
  endfacet
  facet normal -5.04246e-07 -0.342021 0.939692
    outer loop
      vertex -23 19 20.0147
      vertex -16.4272 15.4662 18.7285
      vertex -15.4498 16.2506 19.014
    endloop
  endfacet
  facet normal 5.08403e-05 -0.341937 0.939723
    outer loop
      vertex -23 19 20.0147
      vertex -16.5449 15.3612 18.6903
      vertex -16.4272 15.4662 18.7285
    endloop
  endfacet
  facet normal -2.29625e-05 -0.342053 0.939681
    outer loop
      vertex -23 19 20.0147
      vertex -17.3595 14.6349 18.4259
      vertex -16.5449 15.3612 18.6903
    endloop
  endfacet
  facet normal -8.82853e-06 -0.342037 0.939687
    outer loop
      vertex -23 19 20.0147
      vertex -18.2442 13.7588 18.107
      vertex -17.3595 14.6349 18.4259
    endloop
  endfacet
  facet normal 4.54279e-05 -0.341993 0.939702
    outer loop
      vertex -23 19 20.0147
      vertex -19.0789 12.8404 17.7728
      vertex -18.2442 13.7588 18.107
    endloop
  endfacet
  facet normal -3.06652e-05 -0.342036 0.939687
    outer loop
      vertex -23 19 20.0147
      vertex -19.8614 11.8822 17.424
      vertex -19.0789 12.8404 17.7728
    endloop
  endfacet
  facet normal 4.34439e-07 -0.342024 0.939691
    outer loop
      vertex -23 19 20.0147
      vertex -20.5894 10.8868 17.0617
      vertex -19.8614 11.8822 17.424
    endloop
  endfacet
  facet normal 9.88822e-06 -0.342021 0.939692
    outer loop
      vertex -23 19 20.0147
      vertex -21.2609 9.85703 16.6869
      vertex -20.5894 10.8868 17.0617
    endloop
  endfacet
  facet normal -6.13626e-05 -0.342027 0.93969
    outer loop
      vertex -21.7967 8.92968 16.3494
      vertex -23 19 20.0147
      vertex -21.8742 8.79562 16.3006
    endloop
  endfacet
  facet normal -6.27613e-05 -0.342027 0.93969
    outer loop
      vertex -23 19 20.0147
      vertex -22.3577 7.84318 15.9539
      vertex -21.8742 8.79562 16.3006
    endloop
  endfacet
  facet normal 0.000145489 -0.342016 0.939694
    outer loop
      vertex -23 19 20.0147
      vertex -22.4275 7.7055 15.9038
      vertex -22.3577 7.84318 15.9539
    endloop
  endfacet
  facet normal -2.11213e-05 -0.342024 0.939691
    outer loop
      vertex -23 19 20.0147
      vertex -22.4897 7.56456 15.8525
      vertex -22.4275 7.7055 15.9038
    endloop
  endfacet
  facet normal 7.54817e-05 -0.34202 0.939693
    outer loop
      vertex -23 19 20.0147
      vertex -22.9194 6.58966 15.4977
      vertex -22.4897 7.56456 15.8525
    endloop
  endfacet
  facet normal 0.000664455 -0.342017 0.939694
    outer loop
      vertex -23 19 20.0147
      vertex -22.9736 6.44586 15.4454
      vertex -22.9194 6.58966 15.4977
    endloop
  endfacet
  facet normal -0.00316842 -0.342022 0.939687
    outer loop
      vertex -22.9736 6.44586 15.4454
      vertex -23 19 20.0147
      vertex -23 6.37577 15.4198
    endloop
  endfacet
  facet normal 0.00316842 -0.342022 0.939687
    outer loop
      vertex 23 19 20.0147
      vertex 22.9736 6.44586 15.4454
      vertex 23 6.37577 15.4198
    endloop
  endfacet
  facet normal -0.000664455 -0.342017 0.939694
    outer loop
      vertex 23 19 20.0147
      vertex 22.9194 6.58966 15.4977
      vertex 22.9736 6.44586 15.4454
    endloop
  endfacet
  facet normal -7.54817e-05 -0.34202 0.939693
    outer loop
      vertex 23 19 20.0147
      vertex 22.4897 7.56456 15.8525
      vertex 22.9194 6.58966 15.4977
    endloop
  endfacet
  facet normal 2.11213e-05 -0.342024 0.939691
    outer loop
      vertex 23 19 20.0147
      vertex 22.4275 7.7055 15.9038
      vertex 22.4897 7.56456 15.8525
    endloop
  endfacet
  facet normal -0.000145489 -0.342016 0.939694
    outer loop
      vertex 23 19 20.0147
      vertex 22.3577 7.84318 15.9539
      vertex 22.4275 7.7055 15.9038
    endloop
  endfacet
  facet normal 6.27613e-05 -0.342027 0.93969
    outer loop
      vertex 23 19 20.0147
      vertex 21.8742 8.79562 16.3006
      vertex 22.3577 7.84318 15.9539
    endloop
  endfacet
  facet normal 6.13626e-05 -0.342027 0.93969
    outer loop
      vertex 23 19 20.0147
      vertex 21.7967 8.92968 16.3494
      vertex 21.8742 8.79562 16.3006
    endloop
  endfacet
  facet normal -4.08337e-05 -0.342016 0.939694
    outer loop
      vertex 23 19 20.0147
      vertex 21.2609 9.85703 16.6869
      vertex 21.7967 8.92968 16.3494
    endloop
  endfacet
  facet normal -9.88822e-06 -0.342021 0.939692
    outer loop
      vertex 23 19 20.0147
      vertex 20.5894 10.8868 17.0617
      vertex 21.2609 9.85703 16.6869
    endloop
  endfacet
  facet normal -4.34439e-07 -0.342024 0.939691
    outer loop
      vertex 23 19 20.0147
      vertex 19.8614 11.8822 17.424
      vertex 20.5894 10.8868 17.0617
    endloop
  endfacet
  facet normal 3.06652e-05 -0.342036 0.939687
    outer loop
      vertex 23 19 20.0147
      vertex 19.0789 12.8404 17.7728
      vertex 19.8614 11.8822 17.424
    endloop
  endfacet
  facet normal -4.54279e-05 -0.341993 0.939702
    outer loop
      vertex 23 19 20.0147
      vertex 18.2442 13.7588 18.107
      vertex 19.0789 12.8404 17.7728
    endloop
  endfacet
  facet normal 8.82853e-06 -0.342037 0.939687
    outer loop
      vertex 23 19 20.0147
      vertex 17.3595 14.6349 18.4259
      vertex 18.2442 13.7588 18.107
    endloop
  endfacet
  facet normal 2.29625e-05 -0.342053 0.939681
    outer loop
      vertex 23 19 20.0147
      vertex 16.5449 15.3612 18.6903
      vertex 17.3595 14.6349 18.4259
    endloop
  endfacet
  facet normal -5.08403e-05 -0.341937 0.939723
    outer loop
      vertex 23 19 20.0147
      vertex 16.4272 15.4662 18.7285
      vertex 16.5449 15.3612 18.6903
    endloop
  endfacet
  facet normal 5.04246e-07 -0.342021 0.939692
    outer loop
      vertex 23 19 20.0147
      vertex 15.4498 16.2506 19.014
      vertex 16.4272 15.4662 18.7285
    endloop
  endfacet
  facet normal -3.14357e-05 -0.341944 0.93972
    outer loop
      vertex 23 19 20.0147
      vertex 15.321 16.3435 19.0478
      vertex 15.4498 16.2506 19.014
    endloop
  endfacet
  facet normal -6.03236e-06 -0.342009 0.939697
    outer loop
      vertex 23 19 20.0147
      vertex 14.4301 16.9859 19.2816
      vertex 15.321 16.3435 19.0478
    endloop
  endfacet
  facet normal -3.30231e-07 -0.34203 0.939689
    outer loop
      vertex 23 19 20.0147
      vertex 13.3709 17.67 19.5306
      vertex 14.4301 16.9859 19.2816
    endloop
  endfacet
  facet normal 6.6628e-06 -0.342075 0.939673
    outer loop
      vertex 23 19 20.0147
      vertex 12.4134 18.2213 19.7313
      vertex 13.3709 17.67 19.5306
    endloop
  endfacet
  facet normal -4.62195e-06 -0.341939 0.939722
    outer loop
      vertex 23 19 20.0147
      vertex 12.275 18.301 19.7603
      vertex 12.4134 18.2213 19.7313
    endloop
  endfacet
  facet normal 3.39364e-06 -0.342048 0.939682
    outer loop
      vertex 23 19 20.0147
      vertex 12.1323 18.3738 19.7868
      vertex 12.275 18.301 19.7603
    endloop
  endfacet
  facet normal -4.29138e-06 -0.34193 0.939725
    outer loop
      vertex 23 19 20.0147
      vertex 11.1455 18.8773 19.97
      vertex 12.1323 18.3738 19.7868
    endloop
  endfacet
  facet normal -5.02408e-06 -0.341868 0.939748
    outer loop
      vertex 23 19 20.0147
      vertex 10.9989 18.943 19.9939
      vertex 11.1455 18.8773 19.97
    endloop
  endfacet
  facet normal 0 -0.342801 0.939408
    outer loop
      vertex 10.9989 18.943 19.9939
      vertex 23 19 20.0147
      vertex 10.8718 19 20.0147
    endloop
  endfacet
  facet normal -0.793073 0.609126 0
    outer loop
      vertex -25.4271 23.7634 0
      vertex -25.3314 23.888 20.0147
      vertex -25.3314 23.888 0
    endloop
  endfacet
  facet normal -0.793073 0.609126 0
    outer loop
      vertex -25.3314 23.888 20.0147
      vertex -25.4271 23.7634 0
      vertex -25.4271 23.7634 20.0147
    endloop
  endfacet
  facet normal 0.533133 -0.28936 0.795009
    outer loop
      vertex 25.5981 20.5 20.0147
      vertex 25.5981 -23.5 4
      vertex 25.673 20.638 20.0147
    endloop
  endfacet
  facet normal -0.793073 -0.609126 0
    outer loop
      vertex -25.3314 -23.888 0
      vertex -25.4271 -23.7634 4
      vertex -25.4271 -23.7634 0
    endloop
  endfacet
  facet normal -0.793073 -0.609126 0
    outer loop
      vertex -25.4271 -23.7634 4
      vertex -25.3314 -23.888 0
      vertex -25.3314 -23.888 4
    endloop
  endfacet
  facet normal -0.85251 -0.522711 0
    outer loop
      vertex -25.516 -23.6339 0
      vertex -25.5981 -23.5 4
      vertex -25.5981 -23.5 0
    endloop
  endfacet
  facet normal -0.85251 -0.522711 0
    outer loop
      vertex -25.5981 -23.5 4
      vertex -25.516 -23.6339 0
      vertex -25.516 -23.6339 4
    endloop
  endfacet
  facet normal -0.334319 0.94246 0
    outer loop
      vertex -23.9271 24.8532 0
      vertex -24.0751 24.8007 20.0147
      vertex -23.9271 24.8532 20.0147
    endloop
  endfacet
  facet normal -0.334319 0.94246 0
    outer loop
      vertex -24.0751 24.8007 20.0147
      vertex -23.9271 24.8532 0
      vertex -24.0751 24.8007 0
    endloop
  endfacet
  facet normal -0.445938 -0.30613 0.841085
    outer loop
      vertex -25.516 -23.6339 4
      vertex -25.4271 20.2366 20.0147
      vertex -25.516 20.3661 20.0147
    endloop
  endfacet
  facet normal -0.445938 -0.30613 0.841085
    outer loop
      vertex -25.4271 20.2366 20.0147
      vertex -25.516 -23.6339 4
      vertex -25.4271 -23.7634 4
    endloop
  endfacet
  facet normal -0.923885 -0.38267 0
    outer loop
      vertex -25.7406 -23.2202 0
      vertex -25.8007 -23.0751 4
      vertex -25.8007 -23.0751 0
    endloop
  endfacet
  facet normal -0.923885 -0.38267 0
    outer loop
      vertex -25.8007 -23.0751 4
      vertex -25.7406 -23.2202 0
      vertex -25.7406 -23.2202 4
    endloop
  endfacet
  facet normal 0.999659 -0.0261057 0
    outer loop
      vertex 25.9959 -22.157 4
      vertex 26 -22 0
      vertex 26 -22 4
    endloop
  endfacet
  facet normal 0.999659 -0.0261057 0
    outer loop
      vertex 26 -22 0
      vertex 25.9959 -22.157 4
      vertex 25.9959 -22.157 0
    endloop
  endfacet
  facet normal 0.161763 -0.337515 0.927317
    outer loop
      vertex 24.2192 -5.40099 11.0392
      vertex 24.2202 -24.7406 4
      vertex 24.2202 -5.39584 11.0409
    endloop
  endfacet
  facet normal 0.140476 -0.338629 0.930375
    outer loop
      vertex 24.0751 -6.13857 10.7925
      vertex 24.2202 -24.7406 4
      vertex 24.2192 -5.40099 11.0392
    endloop
  endfacet
  facet normal 0.140264 -0.338641 0.930402
    outer loop
      vertex 24.2202 -24.7406 4
      vertex 24.0751 -6.13857 10.7925
      vertex 24.0751 -24.8007 4
    endloop
  endfacet
  facet normal 0.140263 -0.338638 0.930403
    outer loop
      vertex 24.0751 2.8298 14.0567
      vertex 24.2202 19.2594 20.0147
      vertex 24.0751 19.1993 20.0147
    endloop
  endfacet
  facet normal 0.140334 -0.338636 0.930394
    outer loop
      vertex 24.2202 19.2594 20.0147
      vertex 24.0751 2.8298 14.0567
      vertex 24.2202 2.10113 13.7696
    endloop
  endfacet
  facet normal 0.0783029 0.99693 -0
    outer loop
      vertex 23.3136 24.9836 0
      vertex 23.157 24.9959 20.0147
      vertex 23.3136 24.9836 20.0147
    endloop
  endfacet
  facet normal 0.0783029 0.99693 0
    outer loop
      vertex 23.157 24.9959 20.0147
      vertex 23.3136 24.9836 0
      vertex 23.157 24.9959 0
    endloop
  endfacet
  facet normal 0.760334 -0.649532 0
    outer loop
      vertex 25.2294 -24.0074 4
      vertex 25.3314 -23.888 0
      vertex 25.3314 -23.888 4
    endloop
  endfacet
  facet normal 0.760334 -0.649532 0
    outer loop
      vertex 25.3314 -23.888 0
      vertex 25.2294 -24.0074 4
      vertex 25.2294 -24.0074 0
    endloop
  endfacet
  facet normal -0.819103 -0.196199 0.539051
    outer loop
      vertex -25.9344 -22.6237 4
      vertex -25.8978 21.2235 20.0147
      vertex -25.9344 21.3763 20.0147
    endloop
  endfacet
  facet normal -0.819103 -0.196199 0.539051
    outer loop
      vertex -25.8978 21.2235 20.0147
      vertex -25.9344 -22.6237 4
      vertex -25.8978 -22.7765 4
    endloop
  endfacet
  facet normal -0.997098 -0.0260389 0.0715411
    outer loop
      vertex -26 22 20.0147
      vertex -26 -22 4
      vertex -25.9959 21.843 20.0147
    endloop
  endfacet
  facet normal -0.878892 0.477022 0
    outer loop
      vertex -25.673 23.362 0
      vertex -25.5981 23.5 20.0147
      vertex -25.5981 23.5 0
    endloop
  endfacet
  facet normal -0.878892 0.477022 0
    outer loop
      vertex -25.5981 23.5 20.0147
      vertex -25.673 23.362 0
      vertex -25.673 23.362 20.0147
    endloop
  endfacet
  facet normal 0.308745 -0.325311 0.893784
    outer loop
      vertex 25.0074 19.7706 20.0147
      vertex 25.1213 -24.1213 4
      vertex 25.1213 19.8787 20.0147
    endloop
  endfacet
  facet normal 0.308745 -0.325311 0.893784
    outer loop
      vertex 25.1213 -24.1213 4
      vertex 25.0074 19.7706 20.0147
      vertex 25.0074 -24.2294 4
    endloop
  endfacet
  facet normal -0.487149 -0.298693 0.820651
    outer loop
      vertex -25.516 20.3661 20.0147
      vertex -25.5981 -23.5 4
      vertex -25.516 -23.6339 4
    endloop
  endfacet
  facet normal -0.120824 -0.339511 0.93281
    outer loop
      vertex -24.0751 -24.8007 4
      vertex -23.9271 -6.79539 10.5725
      vertex -24.0135 -6.45335 10.6858
    endloop
  endfacet
  facet normal -0.119217 -0.339583 0.93299
    outer loop
      vertex -24.0751 -24.8007 4
      vertex -24.0135 -6.45335 10.6858
      vertex -24.0751 -6.13857 10.7925
    endloop
  endfacet
  facet normal -0.120441 -0.33953 0.932852
    outer loop
      vertex -23.9271 -6.79539 10.5725
      vertex -24.0751 -24.8007 4
      vertex -23.9271 -24.8532 4
    endloop
  endfacet
  facet normal -0.120441 -0.33953 0.932852
    outer loop
      vertex -24.0751 19.1993 20.0147
      vertex -23.9271 3.47435 14.3104
      vertex -23.9271 19.1468 20.0147
    endloop
  endfacet
  facet normal -0.121042 -0.33951 0.932782
    outer loop
      vertex -23.9271 3.47435 14.3104
      vertex -24.0751 19.1993 20.0147
      vertex -24.0135 3.13947 14.1773
    endloop
  endfacet
  facet normal -0.119491 -0.339569 0.93296
    outer loop
      vertex -24.0135 3.13947 14.1773
      vertex -24.0751 19.1993 20.0147
      vertex -24.0751 2.8298 14.0567
    endloop
  endfacet
  facet normal -0.694093 -0.246215 0.676471
    outer loop
      vertex -25.8532 -22.9271 4
      vertex -25.8007 20.9249 20.0147
      vertex -25.8532 21.0729 20.0147
    endloop
  endfacet
  facet normal -0.694093 -0.246215 0.676471
    outer loop
      vertex -25.8007 20.9249 20.0147
      vertex -25.8532 -22.9271 4
      vertex -25.8007 -23.0751 4
    endloop
  endfacet
  facet normal 0.182787 -0.336256 0.923862
    outer loop
      vertex 24.4155 -4.04746 11.4965
      vertex 24.5 -24.5981 4
      vertex 24.5 -3.03331 11.8489
    endloop
  endfacet
  facet normal 0.183542 -0.336205 0.923731
    outer loop
      vertex 24.362 -4.43302 11.3668
      vertex 24.5 -24.5981 4
      vertex 24.4155 -4.04746 11.4965
    endloop
  endfacet
  facet normal 0.182516 -0.336277 0.923908
    outer loop
      vertex 24.5 -24.5981 4
      vertex 24.362 -4.43302 11.3668
      vertex 24.362 -24.673 4
    endloop
  endfacet
  facet normal 0.182462 -0.336278 0.923918
    outer loop
      vertex 24.5 19.4019 20.0147
      vertex 24.4155 0.775369 13.2519
      vertex 24.5 -0.228046 12.87
    endloop
  endfacet
  facet normal 0.182582 -0.336271 0.923897
    outer loop
      vertex 24.5 19.4019 20.0147
      vertex 24.3953 0.91826 13.3079
      vertex 24.4155 0.775369 13.2519
    endloop
  endfacet
  facet normal 0.182515 -0.336276 0.923908
    outer loop
      vertex 24.362 1.15413 13.4003
      vertex 24.5 19.4019 20.0147
      vertex 24.362 19.327 20.0147
    endloop
  endfacet
  facet normal 0.181798 -0.336316 0.924035
    outer loop
      vertex 24.5 19.4019 20.0147
      vertex 24.362 1.15413 13.4003
      vertex 24.3953 0.91826 13.3079
    endloop
  endfacet
  facet normal -0.983159 0.18275 0
    outer loop
      vertex -25.9631 22.4693 0
      vertex -25.9344 22.6237 20.0147
      vertex -25.9344 22.6237 0
    endloop
  endfacet
  facet normal -0.983159 0.18275 0
    outer loop
      vertex -25.9344 22.6237 20.0147
      vertex -25.9631 22.4693 0
      vertex -25.9631 22.4693 20.0147
    endloop
  endfacet
  facet normal 0.23294 -0.972491 0
    outer loop
      vertex 23.6237 -24.9344 0
      vertex 23.7765 -24.8978 4
      vertex 23.6237 -24.9344 4
    endloop
  endfacet
  facet normal 0.23294 -0.972491 0
    outer loop
      vertex 23.7765 -24.8978 4
      vertex 23.6237 -24.9344 0
      vertex 23.7765 -24.8978 0
    endloop
  endfacet
  facet normal 0.760334 0.649532 0
    outer loop
      vertex 25.3314 23.888 20.0147
      vertex 25.2294 24.0074 0
      vertex 25.2294 24.0074 20.0147
    endloop
  endfacet
  facet normal 0.760334 0.649532 0
    outer loop
      vertex 25.2294 24.0074 0
      vertex 25.3314 23.888 20.0147
      vertex 25.3314 23.888 0
    endloop
  endfacet
  facet normal -0.487149 -0.298693 0.820651
    outer loop
      vertex -25.5981 20.5 20.0147
      vertex -25.5981 -23.5 4
      vertex -25.516 20.3661 20.0147
    endloop
  endfacet
  facet normal -0.430329 0.902672 0
    outer loop
      vertex -24.2202 24.7406 0
      vertex -24.362 24.673 20.0147
      vertex -24.2202 24.7406 20.0147
    endloop
  endfacet
  facet normal -0.430329 0.902672 0
    outer loop
      vertex -24.362 24.673 20.0147
      vertex -24.2202 24.7406 0
      vertex -24.362 24.673 0
    endloop
  endfacet
  facet normal -0.902672 -0.430329 0
    outer loop
      vertex -25.673 -23.362 0
      vertex -25.7406 -23.2202 4
      vertex -25.7406 -23.2202 0
    endloop
  endfacet
  facet normal -0.902672 -0.430329 0
    outer loop
      vertex -25.7406 -23.2202 4
      vertex -25.673 -23.362 0
      vertex -25.673 -23.362 4
    endloop
  endfacet
  facet normal 0.339029 -0.321765 0.88404
    outer loop
      vertex 25.1213 19.8787 20.0147
      vertex 25.2294 -24.0074 4
      vertex 25.2294 19.9926 20.0147
    endloop
  endfacet
  facet normal 0.339029 -0.321765 0.88404
    outer loop
      vertex 25.2294 -24.0074 4
      vertex 25.1213 19.8787 20.0147
      vertex 25.1213 -24.1213 4
    endloop
  endfacet
  facet normal 0.85251 0.522711 0
    outer loop
      vertex 25.5981 23.5 20.0147
      vertex 25.516 23.6339 0
      vertex 25.516 23.6339 20.0147
    endloop
  endfacet
  facet normal 0.85251 0.522711 0
    outer loop
      vertex 25.516 23.6339 0
      vertex 25.5981 23.5 20.0147
      vertex 25.5981 23.5 0
    endloop
  endfacet
  facet normal -0.430329 -0.902672 0
    outer loop
      vertex -24.362 -24.673 0
      vertex -24.2202 -24.7406 4
      vertex -24.362 -24.673 4
    endloop
  endfacet
  facet normal -0.430329 -0.902672 -0
    outer loop
      vertex -24.2202 -24.7406 4
      vertex -24.362 -24.673 0
      vertex -24.2202 -24.7406 0
    endloop
  endfacet
  facet normal -0.522711 0.85251 0
    outer loop
      vertex -24.5 24.5981 0
      vertex -24.6339 24.516 20.0147
      vertex -24.5 24.5981 20.0147
    endloop
  endfacet
  facet normal -0.522711 0.85251 0
    outer loop
      vertex -24.6339 24.516 20.0147
      vertex -24.5 24.5981 0
      vertex -24.6339 24.516 0
    endloop
  endfacet
  facet normal 0.983159 -0.18275 0
    outer loop
      vertex 25.9344 -22.6237 4
      vertex 25.9631 -22.4693 0
      vertex 25.9631 -22.4693 4
    endloop
  endfacet
  facet normal 0.983159 -0.18275 0
    outer loop
      vertex 25.9631 -22.4693 0
      vertex 25.9344 -22.6237 4
      vertex 25.9344 -22.6237 0
    endloop
  endfacet
  facet normal 0.991443 -0.130537 0
    outer loop
      vertex 25.9631 -22.4693 4
      vertex 25.9836 -22.3136 0
      vertex 25.9836 -22.3136 4
    endloop
  endfacet
  facet normal 0.991443 -0.130537 0
    outer loop
      vertex 25.9836 -22.3136 0
      vertex 25.9631 -22.4693 4
      vertex 25.9631 -22.4693 0
    endloop
  endfacet
  facet normal 0.999659 0.0261057 0
    outer loop
      vertex 26 22 20.0147
      vertex 25.9959 22.157 0
      vertex 25.9959 22.157 20.0147
    endloop
  endfacet
  facet normal 0.999659 0.0261057 0
    outer loop
      vertex 25.9959 22.157 0
      vertex 26 22 20.0147
      vertex 26 22 0
    endloop
  endfacet
  facet normal 0.533133 -0.28936 0.795009
    outer loop
      vertex 25.673 20.638 20.0147
      vertex 25.5981 -23.5 4
      vertex 25.673 -23.362 4
    endloop
  endfacet
  facet normal 0.878892 -0.477022 0
    outer loop
      vertex 25.5981 -23.5 4
      vertex 25.673 -23.362 0
      vertex 25.673 -23.362 4
    endloop
  endfacet
  facet normal 0.878892 -0.477022 0
    outer loop
      vertex 25.673 -23.362 0
      vertex 25.5981 -23.5 4
      vertex 25.5981 -23.5 0
    endloop
  endfacet
  facet normal 0.972491 0.23294 0
    outer loop
      vertex 25.9344 22.6237 20.0147
      vertex 25.8978 22.7765 0
      vertex 25.8978 22.7765 20.0147
    endloop
  endfacet
  facet normal 0.972491 0.23294 0
    outer loop
      vertex 25.8978 22.7765 0
      vertex 25.9344 22.6237 20.0147
      vertex 25.9344 22.6237 0
    endloop
  endfacet
  facet normal -0.182515 -0.336276 0.923908
    outer loop
      vertex -24.5 19.4019 20.0147
      vertex -24.362 1.15413 13.4003
      vertex -24.362 19.327 20.0147
    endloop
  endfacet
  facet normal -0.181798 -0.336316 0.924035
    outer loop
      vertex -24.362 1.15413 13.4003
      vertex -24.5 19.4019 20.0147
      vertex -24.3953 0.91826 13.3079
    endloop
  endfacet
  facet normal -0.182582 -0.336271 0.923897
    outer loop
      vertex -24.3953 0.91826 13.3079
      vertex -24.5 19.4019 20.0147
      vertex -24.4155 0.775369 13.2519
    endloop
  endfacet
  facet normal -0.182462 -0.336278 0.923918
    outer loop
      vertex -24.4155 0.775369 13.2519
      vertex -24.5 19.4019 20.0147
      vertex -24.5 -0.228046 12.87
    endloop
  endfacet
  facet normal -0.183542 -0.336205 0.923731
    outer loop
      vertex -24.5 -24.5981 4
      vertex -24.362 -4.43302 11.3668
      vertex -24.4155 -4.04746 11.4965
    endloop
  endfacet
  facet normal -0.182787 -0.336256 0.923862
    outer loop
      vertex -24.5 -24.5981 4
      vertex -24.4155 -4.04746 11.4965
      vertex -24.5 -3.03331 11.8489
    endloop
  endfacet
  facet normal -0.182516 -0.336277 0.923908
    outer loop
      vertex -24.362 -4.43302 11.3668
      vertex -24.5 -24.5981 4
      vertex -24.362 -24.673 4
    endloop
  endfacet
  facet normal 0.0261057 0.999659 -0
    outer loop
      vertex 23.157 24.9959 0
      vertex 23 25 20.0147
      vertex 23.157 24.9959 20.0147
    endloop
  endfacet
  facet normal 0.0261057 0.999659 0
    outer loop
      vertex 23 25 20.0147
      vertex 23.157 24.9959 0
      vertex 23 25 0
    endloop
  endfacet
  facet normal 0.565961 0.824432 -0
    outer loop
      vertex 24.7634 24.4271 0
      vertex 24.6339 24.516 20.0147
      vertex 24.7634 24.4271 20.0147
    endloop
  endfacet
  facet normal 0.565961 0.824432 0
    outer loop
      vertex 24.6339 24.516 20.0147
      vertex 24.7634 24.4271 0
      vertex 24.6339 24.516 0
    endloop
  endfacet
  facet normal 0.522711 0.85251 -0
    outer loop
      vertex 24.6339 24.516 0
      vertex 24.5 24.5981 20.0147
      vertex 24.6339 24.516 20.0147
    endloop
  endfacet
  facet normal 0.522711 0.85251 0
    outer loop
      vertex 24.5 24.5981 20.0147
      vertex 24.6339 24.516 0
      vertex 24.5 24.5981 0
    endloop
  endfacet
  facet normal 0.430329 -0.902672 0
    outer loop
      vertex 24.2202 -24.7406 0
      vertex 24.362 -24.673 4
      vertex 24.2202 -24.7406 4
    endloop
  endfacet
  facet normal 0.430329 -0.902672 0
    outer loop
      vertex 24.362 -24.673 4
      vertex 24.2202 -24.7406 0
      vertex 24.362 -24.673 0
    endloop
  endfacet
  facet normal -0.406795 -0.312442 0.858427
    outer loop
      vertex -25.4271 -23.7634 4
      vertex -25.3314 20.112 20.0147
      vertex -25.4271 20.2366 20.0147
    endloop
  endfacet
  facet normal -0.406795 -0.312442 0.858427
    outer loop
      vertex -25.3314 20.112 20.0147
      vertex -25.4271 -23.7634 4
      vertex -25.3314 -23.888 4
    endloop
  endfacet
  facet normal -0.972491 -0.23294 0
    outer loop
      vertex -25.8978 -22.7765 0
      vertex -25.9344 -22.6237 4
      vertex -25.9344 -22.6237 0
    endloop
  endfacet
  facet normal -0.972491 -0.23294 0
    outer loop
      vertex -25.9344 -22.6237 4
      vertex -25.8978 -22.7765 0
      vertex -25.8978 -22.7765 4
    endloop
  endfacet
  facet normal -0.824432 -0.565961 0
    outer loop
      vertex -25.4271 -23.7634 0
      vertex -25.516 -23.6339 4
      vertex -25.516 -23.6339 0
    endloop
  endfacet
  facet normal -0.824432 -0.565961 0
    outer loop
      vertex -25.516 -23.6339 4
      vertex -25.4271 -23.7634 0
      vertex -25.4271 -23.7634 4
    endloop
  endfacet
  facet normal -0.0449535 -0.341674 0.938743
    outer loop
      vertex -23.4693 -24.9631 4
      vertex -23.3136 -8.89711 9.85499
      vertex -23.3484 -8.80409 9.88718
    endloop
  endfacet
  facet normal -0.0451379 -0.34167 0.938735
    outer loop
      vertex -23.4693 -24.9631 4
      vertex -23.3484 -8.80409 9.88718
      vertex -23.4693 -8.4188 10.0216
    endloop
  endfacet
  facet normal -0.0449859 -0.341673 0.938742
    outer loop
      vertex -23.3136 -8.89711 9.85499
      vertex -23.4693 -24.9631 4
      vertex -23.3136 -24.9836 4
    endloop
  endfacet
  facet normal -0.0449861 -0.341675 0.938741
    outer loop
      vertex -23.4693 19.0369 20.0147
      vertex -23.3136 5.54556 15.1117
      vertex -23.3136 19.0164 20.0147
    endloop
  endfacet
  facet normal -0.044171 -0.341679 0.938778
    outer loop
      vertex -23.3136 5.54556 15.1117
      vertex -23.4693 19.0369 20.0147
      vertex -23.3484 5.45362 15.0766
    endloop
  endfacet
  facet normal -0.0451865 -0.341671 0.938733
    outer loop
      vertex -23.3484 5.45362 15.0766
      vertex -23.4693 19.0369 20.0147
      vertex -23.4693 5.07205 14.9319
    endloop
  endfacet
  facet normal 0.130537 0.991443 -0
    outer loop
      vertex 23.4693 24.9631 0
      vertex 23.3136 24.9836 20.0147
      vertex 23.4693 24.9631 20.0147
    endloop
  endfacet
  facet normal 0.130537 0.991443 0
    outer loop
      vertex 23.3136 24.9836 20.0147
      vertex 23.4693 24.9631 0
      vertex 23.3136 24.9836 0
    endloop
  endfacet
  facet normal 0.97463 -0.0765514 0.210323
    outer loop
      vertex 25.9836 21.6864 20.0147
      vertex 25.9959 -22.157 4
      vertex 25.9959 21.843 20.0147
    endloop
  endfacet
  facet normal 0.97463 -0.0765514 0.210323
    outer loop
      vertex 25.9959 -22.157 4
      vertex 25.9836 21.6864 20.0147
      vertex 25.9836 -22.3136 4
    endloop
  endfacet
  facet normal -0.94246 0.334319 0
    outer loop
      vertex -25.8532 22.9271 0
      vertex -25.8007 23.0751 20.0147
      vertex -25.8007 23.0751 0
    endloop
  endfacet
  facet normal -0.94246 0.334319 0
    outer loop
      vertex -25.8007 23.0751 20.0147
      vertex -25.8532 22.9271 0
      vertex -25.8532 22.9271 20.0147
    endloop
  endfacet
  facet normal 0.824432 -0.565961 0
    outer loop
      vertex 25.4271 -23.7634 4
      vertex 25.516 -23.6339 0
      vertex 25.516 -23.6339 4
    endloop
  endfacet
  facet normal 0.824432 -0.565961 0
    outer loop
      vertex 25.516 -23.6339 0
      vertex 25.4271 -23.7634 4
      vertex 25.4271 -23.7634 0
    endloop
  endfacet
  facet normal 0.0261057 -0.999659 0
    outer loop
      vertex 23 -25 0
      vertex 23.157 -24.9959 4
      vertex 23 -25 4
    endloop
  endfacet
  facet normal 0.0261057 -0.999659 0
    outer loop
      vertex 23.157 -24.9959 4
      vertex 23 -25 0
      vertex 23.157 -24.9959 0
    endloop
  endfacet
  facet normal 0.0271644 -0.341893 0.939346
    outer loop
      vertex 23.2944 -8.94831 9.83691
      vertex 23.3136 -24.9836 4
      vertex 23.3136 -8.89711 9.85499
    endloop
  endfacet
  facet normal 0.0268564 -0.341896 0.939354
    outer loop
      vertex 23.157 -9.31405 9.70772
      vertex 23.3136 -24.9836 4
      vertex 23.2944 -8.94831 9.83691
    endloop
  endfacet
  facet normal 0.0268539 -0.341896 0.939354
    outer loop
      vertex 23.3136 -24.9836 4
      vertex 23.157 -9.31405 9.70772
      vertex 23.157 -24.9959 4
    endloop
  endfacet
  facet normal 0.026854 -0.341897 0.939354
    outer loop
      vertex 23.157 5.95962 15.2669
      vertex 23.3136 19.0164 20.0147
      vertex 23.157 19.0041 20.0147
    endloop
  endfacet
  facet normal 0.026957 -0.341897 0.939351
    outer loop
      vertex 23.3136 19.0164 20.0147
      vertex 23.157 5.95962 15.2669
      vertex 23.3136 5.54556 15.1117
    endloop
  endfacet
  facet normal 0.283958 -0.958837 0
    outer loop
      vertex 23.7765 -24.8978 0
      vertex 23.9271 -24.8532 4
      vertex 23.7765 -24.8978 4
    endloop
  endfacet
  facet normal 0.283958 -0.958837 0
    outer loop
      vertex 23.9271 -24.8532 4
      vertex 23.7765 -24.8978 0
      vertex 23.9271 -24.8532 0
    endloop
  endfacet
  facet normal -0.997098 -0.0260389 0.0715411
    outer loop
      vertex -25.9959 21.843 20.0147
      vertex -26 -22 4
      vertex -25.9959 -22.157 4
    endloop
  endfacet
  facet normal -0.58293 -0.277899 0.763521
    outer loop
      vertex -25.7406 -23.2202 4
      vertex -25.673 20.638 20.0147
      vertex -25.7406 20.7798 20.0147
    endloop
  endfacet
  facet normal -0.58293 -0.277899 0.763521
    outer loop
      vertex -25.673 20.638 20.0147
      vertex -25.7406 -23.2202 4
      vertex -25.673 -23.362 4
    endloop
  endfacet
  facet normal 0.609126 0.793073 -0
    outer loop
      vertex 24.888 24.3314 0
      vertex 24.7634 24.4271 20.0147
      vertex 24.888 24.3314 20.0147
    endloop
  endfacet
  facet normal 0.609126 0.793073 0
    outer loop
      vertex 24.7634 24.4271 20.0147
      vertex 24.888 24.3314 0
      vertex 24.7634 24.4271 0
    endloop
  endfacet
  facet normal -0.609126 0.793073 0
    outer loop
      vertex -24.7634 24.4271 0
      vertex -24.888 24.3314 20.0147
      vertex -24.7634 24.4271 20.0147
    endloop
  endfacet
  facet normal -0.609126 0.793073 0
    outer loop
      vertex -24.888 24.3314 20.0147
      vertex -24.7634 24.4271 0
      vertex -24.888 24.3314 0
    endloop
  endfacet
  facet normal -0.824432 0.565961 0
    outer loop
      vertex -25.516 23.6339 0
      vertex -25.4271 23.7634 20.0147
      vertex -25.4271 23.7634 0
    endloop
  endfacet
  facet normal -0.824432 0.565961 0
    outer loop
      vertex -25.4271 23.7634 20.0147
      vertex -25.516 23.6339 0
      vertex -25.516 23.6339 20.0147
    endloop
  endfacet
  facet normal -0.283958 0.958837 0
    outer loop
      vertex -23.7765 24.8978 0
      vertex -23.9271 24.8532 20.0147
      vertex -23.7765 24.8978 20.0147
    endloop
  endfacet
  facet normal -0.283958 0.958837 0
    outer loop
      vertex -23.9271 24.8532 20.0147
      vertex -23.7765 24.8978 0
      vertex -23.9271 24.8532 0
    endloop
  endfacet
  facet normal 0.38267 -0.923885 0
    outer loop
      vertex 24.0751 -24.8007 0
      vertex 24.2202 -24.7406 4
      vertex 24.0751 -24.8007 4
    endloop
  endfacet
  facet normal 0.38267 -0.923885 0
    outer loop
      vertex 24.2202 -24.7406 4
      vertex 24.0751 -24.8007 0
      vertex 24.2202 -24.7406 0
    endloop
  endfacet
  facet normal 0.923885 -0.38267 0
    outer loop
      vertex 25.7406 -23.2202 4
      vertex 25.8007 -23.0751 0
      vertex 25.8007 -23.0751 4
    endloop
  endfacet
  facet normal 0.923885 -0.38267 0
    outer loop
      vertex 25.8007 -23.0751 0
      vertex 25.7406 -23.2202 4
      vertex 25.7406 -23.2202 0
    endloop
  endfacet
  facet normal 0.0783029 -0.99693 0
    outer loop
      vertex 23.157 -24.9959 0
      vertex 23.3136 -24.9836 4
      vertex 23.157 -24.9959 4
    endloop
  endfacet
  facet normal 0.0783029 -0.99693 0
    outer loop
      vertex 23.3136 -24.9836 4
      vertex 23.157 -24.9959 0
      vertex 23.3136 -24.9836 0
    endloop
  endfacet
  facet normal -0.130537 -0.991443 0
    outer loop
      vertex -23.4693 -24.9631 0
      vertex -23.3136 -24.9836 4
      vertex -23.4693 -24.9631 4
    endloop
  endfacet
  facet normal -0.130537 -0.991443 -0
    outer loop
      vertex -23.3136 -24.9836 4
      vertex -23.4693 -24.9631 0
      vertex -23.3136 -24.9836 0
    endloop
  endfacet
  facet normal 0.283958 0.958837 -0
    outer loop
      vertex 23.9271 24.8532 0
      vertex 23.7765 24.8978 20.0147
      vertex 23.9271 24.8532 20.0147
    endloop
  endfacet
  facet normal 0.283958 0.958837 0
    outer loop
      vertex 23.7765 24.8978 20.0147
      vertex 23.9271 24.8532 0
      vertex 23.7765 24.8978 0
    endloop
  endfacet
  facet normal -0.477022 0.878892 0
    outer loop
      vertex -24.362 24.673 0
      vertex -24.5 24.5981 20.0147
      vertex -24.362 24.673 20.0147
    endloop
  endfacet
  facet normal -0.477022 0.878892 0
    outer loop
      vertex -24.5 24.5981 20.0147
      vertex -24.362 24.673 0
      vertex -24.5 24.5981 0
    endloop
  endfacet
  facet normal -0.283958 -0.958837 0
    outer loop
      vertex -23.9271 -24.8532 0
      vertex -23.7765 -24.8978 4
      vertex -23.9271 -24.8532 4
    endloop
  endfacet
  facet normal -0.283958 -0.958837 -0
    outer loop
      vertex -23.7765 -24.8978 4
      vertex -23.9271 -24.8532 0
      vertex -23.7765 -24.8978 0
    endloop
  endfacet
  facet normal 0.487149 -0.298693 0.820651
    outer loop
      vertex 25.516 20.3661 20.0147
      vertex 25.516 -23.6339 4
      vertex 25.5981 -23.5 4
    endloop
  endfacet
  facet normal 0.636724 -0.263729 0.724589
    outer loop
      vertex 25.7406 20.7798 20.0147
      vertex 25.8007 -23.0751 4
      vertex 25.8007 20.9249 20.0147
    endloop
  endfacet
  facet normal 0.636724 -0.263729 0.724589
    outer loop
      vertex 25.8007 -23.0751 4
      vertex 25.7406 20.7798 20.0147
      vertex 25.7406 -23.2202 4
    endloop
  endfacet
  facet normal -0.649532 0.760334 0
    outer loop
      vertex -24.888 24.3314 0
      vertex -25.0074 24.2294 20.0147
      vertex -24.888 24.3314 20.0147
    endloop
  endfacet
  facet normal -0.649532 0.760334 0
    outer loop
      vertex -25.0074 24.2294 20.0147
      vertex -24.888 24.3314 0
      vertex -25.0074 24.2294 0
    endloop
  endfacet
  facet normal -0.85251 0.522711 0
    outer loop
      vertex -25.5981 23.5 0
      vertex -25.516 23.6339 20.0147
      vertex -25.516 23.6339 0
    endloop
  endfacet
  facet normal -0.85251 0.522711 0
    outer loop
      vertex -25.516 23.6339 20.0147
      vertex -25.5981 23.5 0
      vertex -25.5981 23.5 20.0147
    endloop
  endfacet
  facet normal -0.160925 -0.337562 0.927445
    outer loop
      vertex -24.362 19.327 20.0147
      vertex -24.2202 2.10113 13.7696
      vertex -24.2202 19.2594 20.0147
    endloop
  endfacet
  facet normal -0.159906 -0.337612 0.927604
    outer loop
      vertex -24.2202 2.10113 13.7696
      vertex -24.362 19.327 20.0147
      vertex -24.2477 1.96304 13.7146
    endloop
  endfacet
  facet normal -0.1613 -0.337542 0.927388
    outer loop
      vertex -24.2477 1.96304 13.7146
      vertex -24.362 19.327 20.0147
      vertex -24.362 1.15413 13.4003
    endloop
  endfacet
  facet normal -0.161124 -0.337549 0.927416
    outer loop
      vertex -24.362 -24.673 4
      vertex -24.2202 -5.39584 11.0409
      vertex -24.2477 -5.25468 11.0875
    endloop
  endfacet
  facet normal -0.161697 -0.337514 0.927329
    outer loop
      vertex -24.362 -24.673 4
      vertex -24.2477 -5.25468 11.0875
      vertex -24.2681 -5.10808 11.1373
    endloop
  endfacet
  facet normal -0.160063 -0.337612 0.927576
    outer loop
      vertex -24.362 -24.673 4
      vertex -24.2681 -5.10808 11.1373
      vertex -24.362 -4.43302 11.3668
    endloop
  endfacet
  facet normal -0.160925 -0.337562 0.927446
    outer loop
      vertex -24.2202 -5.39584 11.0409
      vertex -24.362 -24.673 4
      vertex -24.2202 -24.7406 4
    endloop
  endfacet
  facet normal -0.0261057 -0.999659 0
    outer loop
      vertex -23.157 -24.9959 0
      vertex -23 -25 4
      vertex -23.157 -24.9959 4
    endloop
  endfacet
  facet normal -0.0261057 -0.999659 -0
    outer loop
      vertex -23 -25 4
      vertex -23.157 -24.9959 0
      vertex -23 -25 0
    endloop
  endfacet
  facet normal 0.902672 -0.430329 0
    outer loop
      vertex 25.673 -23.362 4
      vertex 25.7406 -23.2202 0
      vertex 25.7406 -23.2202 4
    endloop
  endfacet
  facet normal 0.902672 -0.430329 0
    outer loop
      vertex 25.7406 -23.2202 0
      vertex 25.673 -23.362 4
      vertex 25.673 -23.362 0
    endloop
  endfacet
  facet normal -0.99693 0.0783029 0
    outer loop
      vertex -25.9959 22.157 0
      vertex -25.9836 22.3136 20.0147
      vertex -25.9836 22.3136 0
    endloop
  endfacet
  facet normal -0.99693 0.0783029 0
    outer loop
      vertex -25.9836 22.3136 20.0147
      vertex -25.9959 22.157 0
      vertex -25.9959 22.157 20.0147
    endloop
  endfacet
  facet normal -0.130537 0.991443 0
    outer loop
      vertex -23.3136 24.9836 0
      vertex -23.4693 24.9631 20.0147
      vertex -23.3136 24.9836 20.0147
    endloop
  endfacet
  facet normal -0.130537 0.991443 0
    outer loop
      vertex -23.4693 24.9631 20.0147
      vertex -23.3136 24.9836 0
      vertex -23.4693 24.9631 0
    endloop
  endfacet
  facet normal 0.688398 0.725333 -0
    outer loop
      vertex 25.1213 24.1213 0
      vertex 25.0074 24.2294 20.0147
      vertex 25.1213 24.1213 20.0147
    endloop
  endfacet
  facet normal 0.688398 0.725333 0
    outer loop
      vertex 25.0074 24.2294 20.0147
      vertex 25.1213 24.1213 0
      vertex 25.0074 24.2294 0
    endloop
  endfacet
  facet normal -0.334319 -0.94246 0
    outer loop
      vertex -24.0751 -24.8007 0
      vertex -23.9271 -24.8532 4
      vertex -24.0751 -24.8007 4
    endloop
  endfacet
  facet normal -0.334319 -0.94246 -0
    outer loop
      vertex -23.9271 -24.8532 4
      vertex -24.0751 -24.8007 0
      vertex -23.9271 -24.8532 0
    endloop
  endfacet
  facet normal -0.902672 0.430329 0
    outer loop
      vertex -25.7406 23.2202 0
      vertex -25.673 23.362 20.0147
      vertex -25.673 23.362 0
    endloop
  endfacet
  facet normal -0.902672 0.430329 0
    outer loop
      vertex -25.673 23.362 20.0147
      vertex -25.7406 23.2202 0
      vertex -25.7406 23.2202 20.0147
    endloop
  endfacet
  facet normal -0.371683 -0.317518 0.872373
    outer loop
      vertex -25.3314 -23.888 4
      vertex -25.2294 19.9926 20.0147
      vertex -25.3314 20.112 20.0147
    endloop
  endfacet
  facet normal -0.371683 -0.317518 0.872373
    outer loop
      vertex -25.2294 19.9926 20.0147
      vertex -25.3314 -23.888 4
      vertex -25.2294 -24.0074 4
    endloop
  endfacet
  facet normal 0.334319 -0.94246 0
    outer loop
      vertex 23.9271 -24.8532 0
      vertex 24.0751 -24.8007 4
      vertex 23.9271 -24.8532 4
    endloop
  endfacet
  facet normal 0.334319 -0.94246 0
    outer loop
      vertex 24.0751 -24.8007 4
      vertex 23.9271 -24.8532 0
      vertex 24.0751 -24.8007 0
    endloop
  endfacet
  facet normal -0.339029 -0.321765 0.88404
    outer loop
      vertex -25.2294 -24.0074 4
      vertex -25.1213 19.8787 20.0147
      vertex -25.2294 19.9926 20.0147
    endloop
  endfacet
  facet normal -0.339029 -0.321765 0.88404
    outer loop
      vertex -25.1213 19.8787 20.0147
      vertex -25.2294 -24.0074 4
      vertex -25.1213 -24.1213 4
    endloop
  endfacet
  facet normal -0.999659 0.0261057 0
    outer loop
      vertex -26 22 0
      vertex -25.9959 22.157 20.0147
      vertex -25.9959 22.157 0
    endloop
  endfacet
  facet normal -0.999659 0.0261057 0
    outer loop
      vertex -25.9959 22.157 20.0147
      vertex -26 22 0
      vertex -26 22 20.0147
    endloop
  endfacet
  facet normal -0.063447 -0.341332 0.937799
    outer loop
      vertex -23.6237 19.0656 20.0147
      vertex -23.4693 5.07205 14.9319
      vertex -23.4693 19.0369 20.0147
    endloop
  endfacet
  facet normal -0.0632151 -0.341334 0.937814
    outer loop
      vertex -23.4693 5.07205 14.9319
      vertex -23.6237 19.0656 20.0147
      vertex -23.6237 4.58549 14.7444
    endloop
  endfacet
  facet normal -0.063359 -0.341332 0.937805
    outer loop
      vertex -23.6237 -24.9344 4
      vertex -23.4693 -8.4188 10.0216
      vertex -23.6237 -7.92554 10.1907
    endloop
  endfacet
  facet normal -0.0634466 -0.341329 0.9378
    outer loop
      vertex -23.4693 -8.4188 10.0216
      vertex -23.6237 -24.9344 4
      vertex -23.4693 -24.9631 4
    endloop
  endfacet
  facet normal -0.0816497 -0.340877 0.936556
    outer loop
      vertex -23.7765 19.1022 20.0147
      vertex -23.6237 4.58549 14.7444
      vertex -23.6237 19.0656 20.0147
    endloop
  endfacet
  facet normal -0.0823174 -0.340864 0.936502
    outer loop
      vertex -23.6237 4.58549 14.7444
      vertex -23.7765 19.1022 20.0147
      vertex -23.7135 4.30331 14.6338
    endloop
  endfacet
  facet normal -0.0820696 -0.34087 0.936521
    outer loop
      vertex -23.7135 4.30331 14.6338
      vertex -23.7765 19.1022 20.0147
      vertex -23.7765 4.05857 14.5392
    endloop
  endfacet
  facet normal -0.0817542 -0.340873 0.936548
    outer loop
      vertex -23.7765 -24.8978 4
      vertex -23.6237 -7.92554 10.1907
      vertex -23.7135 -7.63832 10.2874
    endloop
  endfacet
  facet normal -0.0818115 -0.340872 0.936543
    outer loop
      vertex -23.7765 -24.8978 4
      vertex -23.7135 -7.63832 10.2874
      vertex -23.7509 -7.49087 10.3378
    endloop
  endfacet
  facet normal -0.0803285 -0.340915 0.936656
    outer loop
      vertex -23.7765 -24.8978 4
      vertex -23.7509 -7.49087 10.3378
      vertex -23.7765 -7.39005 10.3723
    endloop
  endfacet
  facet normal -0.0816499 -0.340877 0.936555
    outer loop
      vertex -23.6237 -7.92554 10.1907
      vertex -23.7765 -24.8978 4
      vertex -23.6237 -24.9344 4
    endloop
  endfacet
  facet normal 0.958837 0.283958 0
    outer loop
      vertex 25.8978 22.7765 20.0147
      vertex 25.8532 22.9271 0
      vertex 25.8532 22.9271 20.0147
    endloop
  endfacet
  facet normal 0.958837 0.283958 0
    outer loop
      vertex 25.8532 22.9271 0
      vertex 25.8978 22.7765 20.0147
      vertex 25.8978 22.7765 0
    endloop
  endfacet
  facet normal -0.983159 -0.18275 0
    outer loop
      vertex -25.9344 -22.6237 0
      vertex -25.9631 -22.4693 4
      vertex -25.9631 -22.4693 0
    endloop
  endfacet
  facet normal -0.983159 -0.18275 0
    outer loop
      vertex -25.9631 -22.4693 4
      vertex -25.9344 -22.6237 0
      vertex -25.9344 -22.6237 4
    endloop
  endfacet
  facet normal 0.334319 0.94246 -0
    outer loop
      vertex 24.0751 24.8007 0
      vertex 23.9271 24.8532 20.0147
      vertex 24.0751 24.8007 20.0147
    endloop
  endfacet
  facet normal 0.334319 0.94246 0
    outer loop
      vertex 23.9271 24.8532 20.0147
      vertex 24.0751 24.8007 0
      vertex 23.9271 24.8532 0
    endloop
  endfacet
  facet normal 0.878624 -0.163319 0.448716
    outer loop
      vertex 25.9344 21.3763 20.0147
      vertex 25.9631 -22.4693 4
      vertex 25.9631 21.5307 20.0147
    endloop
  endfacet
  facet normal 0.878624 -0.163319 0.448716
    outer loop
      vertex 25.9631 -22.4693 4
      vertex 25.9344 21.3763 20.0147
      vertex 25.9344 -22.6237 4
    endloop
  endfacet
  facet normal -0.958837 -0.283958 0
    outer loop
      vertex -25.8532 -22.9271 0
      vertex -25.8978 -22.7765 4
      vertex -25.8978 -22.7765 0
    endloop
  endfacet
  facet normal -0.958837 -0.283958 0
    outer loop
      vertex -25.8978 -22.7765 4
      vertex -25.8532 -22.9271 0
      vertex -25.8532 -22.9271 4
    endloop
  endfacet
  facet normal -0.99693 -0.0783029 0
    outer loop
      vertex -25.9836 -22.3136 0
      vertex -25.9959 -22.157 4
      vertex -25.9959 -22.157 0
    endloop
  endfacet
  facet normal -0.99693 -0.0783029 0
    outer loop
      vertex -25.9959 -22.157 4
      vertex -25.9836 -22.3136 0
      vertex -25.9836 -22.3136 4
    endloop
  endfacet
  facet normal -0.18275 0.983159 0
    outer loop
      vertex -23.4693 24.9631 0
      vertex -23.6237 24.9344 20.0147
      vertex -23.4693 24.9631 20.0147
    endloop
  endfacet
  facet normal -0.18275 0.983159 0
    outer loop
      vertex -23.6237 24.9344 20.0147
      vertex -23.4693 24.9631 0
      vertex -23.6237 24.9344 0
    endloop
  endfacet
  facet normal 0.58293 -0.277899 0.763521
    outer loop
      vertex 25.673 20.638 20.0147
      vertex 25.7406 -23.2202 4
      vertex 25.7406 20.7798 20.0147
    endloop
  endfacet
  facet normal 0.58293 -0.277899 0.763521
    outer loop
      vertex 25.7406 -23.2202 4
      vertex 25.673 20.638 20.0147
      vertex 25.673 -23.362 4
    endloop
  endfacet
  facet normal 0.160063 -0.337612 0.927576
    outer loop
      vertex 24.2681 -5.10808 11.1373
      vertex 24.362 -24.673 4
      vertex 24.362 -4.43302 11.3668
    endloop
  endfacet
  facet normal 0.161697 -0.337514 0.927329
    outer loop
      vertex 24.2477 -5.25468 11.0875
      vertex 24.362 -24.673 4
      vertex 24.2681 -5.10808 11.1373
    endloop
  endfacet
  facet normal 0.161124 -0.337549 0.927416
    outer loop
      vertex 24.2202 -5.39584 11.0409
      vertex 24.362 -24.673 4
      vertex 24.2477 -5.25468 11.0875
    endloop
  endfacet
  facet normal 0.160925 -0.337562 0.927446
    outer loop
      vertex 24.362 -24.673 4
      vertex 24.2202 -5.39584 11.0409
      vertex 24.2202 -24.7406 4
    endloop
  endfacet
  facet normal 0.1613 -0.337542 0.927388
    outer loop
      vertex 24.362 19.327 20.0147
      vertex 24.2477 1.96304 13.7146
      vertex 24.362 1.15413 13.4003
    endloop
  endfacet
  facet normal 0.160925 -0.337562 0.927445
    outer loop
      vertex 24.2202 2.10113 13.7696
      vertex 24.362 19.327 20.0147
      vertex 24.2202 19.2594 20.0147
    endloop
  endfacet
  facet normal 0.159906 -0.337612 0.927604
    outer loop
      vertex 24.362 19.327 20.0147
      vertex 24.2202 2.10113 13.7696
      vertex 24.2477 1.96304 13.7146
    endloop
  endfacet
  facet normal -0.565961 0.824432 0
    outer loop
      vertex -24.6339 24.516 0
      vertex -24.7634 24.4271 20.0147
      vertex -24.6339 24.516 20.0147
    endloop
  endfacet
  facet normal -0.565961 0.824432 0
    outer loop
      vertex -24.7634 24.4271 20.0147
      vertex -24.6339 24.516 0
      vertex -24.7634 24.4271 0
    endloop
  endfacet
  facet normal 0.00898954 -0.342006 0.939655
    outer loop
      vertex 23.055 -9.58505 9.61006
      vertex 23.157 -24.9959 4
      vertex 23.157 -9.31405 9.70772
    endloop
  endfacet
  facet normal 0.00893138 -0.342006 0.939655
    outer loop
      vertex 23.157 -24.9959 4
      vertex 23.055 -9.58505 9.61006
      vertex 23 -25 4
    endloop
  endfacet
  facet normal 0.00854499 -0.342008 0.939658
    outer loop
      vertex 23.157 19.0041 20.0147
      vertex 23.1109 6.08183 15.3118
      vertex 23.157 5.95962 15.2669
    endloop
  endfacet
  facet normal 0.18275 -0.983159 0
    outer loop
      vertex 23.4693 -24.9631 0
      vertex 23.6237 -24.9344 4
      vertex 23.4693 -24.9631 4
    endloop
  endfacet
  facet normal 0.18275 -0.983159 0
    outer loop
      vertex 23.6237 -24.9344 4
      vertex 23.4693 -24.9631 0
      vertex 23.6237 -24.9344 0
    endloop
  endfacet
  facet normal 0.688398 -0.725333 0
    outer loop
      vertex 25.0074 -24.2294 0
      vertex 25.1213 -24.1213 4
      vertex 25.0074 -24.2294 4
    endloop
  endfacet
  facet normal 0.688398 -0.725333 0
    outer loop
      vertex 25.1213 -24.1213 4
      vertex 25.0074 -24.2294 0
      vertex 25.1213 -24.1213 0
    endloop
  endfacet
  facet normal 0.609126 -0.793073 0
    outer loop
      vertex 24.7634 -24.4271 0
      vertex 24.888 -24.3314 4
      vertex 24.7634 -24.4271 4
    endloop
  endfacet
  facet normal 0.609126 -0.793073 0
    outer loop
      vertex 24.888 -24.3314 4
      vertex 24.7634 -24.4271 0
      vertex 24.888 -24.3314 0
    endloop
  endfacet
  facet normal 0.487149 -0.298693 0.820651
    outer loop
      vertex 25.5981 20.5 20.0147
      vertex 25.516 20.3661 20.0147
      vertex 25.5981 -23.5 4
    endloop
  endfacet
  facet normal 0.99693 0.0783029 0
    outer loop
      vertex 25.9959 22.157 20.0147
      vertex 25.9836 22.3136 0
      vertex 25.9836 22.3136 20.0147
    endloop
  endfacet
  facet normal 0.99693 0.0783029 0
    outer loop
      vertex 25.9836 22.3136 0
      vertex 25.9959 22.157 20.0147
      vertex 25.9959 22.157 0
    endloop
  endfacet
  facet normal -0.140476 -0.338629 0.930375
    outer loop
      vertex -24.2202 -24.7406 4
      vertex -24.0751 -6.13857 10.7925
      vertex -24.2192 -5.40099 11.0392
    endloop
  endfacet
  facet normal -0.161763 -0.337515 0.927317
    outer loop
      vertex -24.2202 -24.7406 4
      vertex -24.2192 -5.40099 11.0392
      vertex -24.2202 -5.39584 11.0409
    endloop
  endfacet
  facet normal -0.140264 -0.338641 0.930402
    outer loop
      vertex -24.0751 -6.13857 10.7925
      vertex -24.2202 -24.7406 4
      vertex -24.0751 -24.8007 4
    endloop
  endfacet
  facet normal -0.140263 -0.338638 0.930403
    outer loop
      vertex -24.2202 19.2594 20.0147
      vertex -24.0751 2.8298 14.0567
      vertex -24.0751 19.1993 20.0147
    endloop
  endfacet
  facet normal -0.140334 -0.338636 0.930394
    outer loop
      vertex -24.0751 2.8298 14.0567
      vertex -24.2202 19.2594 20.0147
      vertex -24.2202 2.10113 13.7696
    endloop
  endfacet
  facet normal 0.406795 -0.312442 0.858427
    outer loop
      vertex 25.3314 20.112 20.0147
      vertex 25.4271 -23.7634 4
      vertex 25.4271 20.2366 20.0147
    endloop
  endfacet
  facet normal 0.406795 -0.312442 0.858427
    outer loop
      vertex 25.4271 -23.7634 4
      vertex 25.3314 20.112 20.0147
      vertex 25.3314 -23.888 4
    endloop
  endfacet
  facet normal -0.38267 0.923885 0
    outer loop
      vertex -24.0751 24.8007 0
      vertex -24.2202 24.7406 20.0147
      vertex -24.0751 24.8007 20.0147
    endloop
  endfacet
  facet normal -0.38267 0.923885 0
    outer loop
      vertex -24.2202 24.7406 20.0147
      vertex -24.0751 24.8007 0
      vertex -24.2202 24.7406 0
    endloop
  endfacet
  facet normal 0.100806 -0.340278 0.934906
    outer loop
      vertex 23.7765 -7.39005 10.3723
      vertex 23.9271 -24.8532 4
      vertex 23.9271 -6.79539 10.5725
    endloop
  endfacet
  facet normal 0.100773 -0.340279 0.934909
    outer loop
      vertex 23.9271 -24.8532 4
      vertex 23.7765 -7.39005 10.3723
      vertex 23.7765 -24.8978 4
    endloop
  endfacet
  facet normal 0.100774 -0.340283 0.934908
    outer loop
      vertex 23.7765 4.05857 14.5392
      vertex 23.9271 19.1468 20.0147
      vertex 23.7765 19.1022 20.0147
    endloop
  endfacet
  facet normal 0.100333 -0.340294 0.934951
    outer loop
      vertex 23.9271 19.1468 20.0147
      vertex 23.7765 4.05857 14.5392
      vertex 23.9271 3.47435 14.3104
    endloop
  endfacet
  facet normal 0.205132 -0.334747 0.919709
    outer loop
      vertex 24.6339 19.484 20.0147
      vertex 24.55 -1.62709 12.3496
      vertex 24.6339 -24.516 4
    endloop
  endfacet
  facet normal 0.213511 -0.334164 0.918013
    outer loop
      vertex 24.6339 19.484 20.0147
      vertex 24.546 -1.48377 12.4027
      vertex 24.55 -1.62709 12.3496
    endloop
  endfacet
  facet normal 0.205144 -0.334745 0.919708
    outer loop
      vertex 24.6339 19.484 20.0147
      vertex 24.5164 -0.422146 12.7957
      vertex 24.546 -1.48377 12.4027
    endloop
  endfacet
  facet normal 0.205243 -0.334738 0.919688
    outer loop
      vertex 24.5 -0.228046 12.87
      vertex 24.6339 19.484 20.0147
      vertex 24.5 19.4019 20.0147
    endloop
  endfacet
  facet normal 0.204926 -0.334759 0.919751
    outer loop
      vertex 24.6339 19.484 20.0147
      vertex 24.5 -0.228046 12.87
      vertex 24.5164 -0.422146 12.7957
    endloop
  endfacet
  facet normal 0.205835 -0.334694 0.919572
    outer loop
      vertex 24.5204 -2.69264 11.9684
      vertex 24.6339 -24.516 4
      vertex 24.55 -1.62709 12.3496
    endloop
  endfacet
  facet normal 0.205777 -0.334699 0.919583
    outer loop
      vertex 24.5164 -2.83687 11.9168
      vertex 24.6339 -24.516 4
      vertex 24.5204 -2.69264 11.9684
    endloop
  endfacet
  facet normal 0.200692 -0.335085 0.920566
    outer loop
      vertex 24.5043 -2.98148 11.8668
      vertex 24.6339 -24.516 4
      vertex 24.5164 -2.83687 11.9168
    endloop
  endfacet
  facet normal 0.20617 -0.334665 0.919507
    outer loop
      vertex 24.5 -3.03331 11.8489
      vertex 24.6339 -24.516 4
      vertex 24.5043 -2.98148 11.8668
    endloop
  endfacet
  facet normal 0.205242 -0.334737 0.919688
    outer loop
      vertex 24.6339 -24.516 4
      vertex 24.5 -3.03331 11.8489
      vertex 24.5 -24.5981 4
    endloop
  endfacet
  facet normal 0.445938 -0.30613 0.841085
    outer loop
      vertex 25.4271 20.2366 20.0147
      vertex 25.516 -23.6339 4
      vertex 25.516 20.3661 20.0147
    endloop
  endfacet
  facet normal 0.445938 -0.30613 0.841085
    outer loop
      vertex 25.516 -23.6339 4
      vertex 25.4271 20.2366 20.0147
      vertex 25.4271 -23.7634 4
    endloop
  endfacet
  facet normal 0.991443 0.130537 0
    outer loop
      vertex 25.9836 22.3136 20.0147
      vertex 25.9631 22.4693 0
      vertex 25.9631 22.4693 20.0147
    endloop
  endfacet
  facet normal 0.991443 0.130537 0
    outer loop
      vertex 25.9631 22.4693 0
      vertex 25.9836 22.3136 20.0147
      vertex 25.9836 22.3136 0
    endloop
  endfacet
  facet normal 0 0 1
    outer loop
      vertex 25.9959 22.157 20.0147
      vertex 25.9959 21.843 20.0147
      vertex 26 22 20.0147
    endloop
  endfacet
  facet normal 0 0 1
    outer loop
      vertex 25.9836 22.3136 20.0147
      vertex 25.9959 21.843 20.0147
      vertex 25.9959 22.157 20.0147
    endloop
  endfacet
  facet normal 0 0 1
    outer loop
      vertex 25.9836 22.3136 20.0147
      vertex 25.9836 21.6864 20.0147
      vertex 25.9959 21.843 20.0147
    endloop
  endfacet
  facet normal 0 0 1
    outer loop
      vertex 25.9631 22.4693 20.0147
      vertex 25.9836 21.6864 20.0147
      vertex 25.9836 22.3136 20.0147
    endloop
  endfacet
  facet normal 0 0 1
    outer loop
      vertex 25.9631 22.4693 20.0147
      vertex 25.9631 21.5307 20.0147
      vertex 25.9836 21.6864 20.0147
    endloop
  endfacet
  facet normal 0 0 1
    outer loop
      vertex 25.9344 22.6237 20.0147
      vertex 25.9631 21.5307 20.0147
      vertex 25.9631 22.4693 20.0147
    endloop
  endfacet
  facet normal 0 0 1
    outer loop
      vertex 25.9344 22.6237 20.0147
      vertex 25.9344 21.3763 20.0147
      vertex 25.9631 21.5307 20.0147
    endloop
  endfacet
  facet normal 0 0 1
    outer loop
      vertex 25.8978 22.7765 20.0147
      vertex 25.9344 21.3763 20.0147
      vertex 25.9344 22.6237 20.0147
    endloop
  endfacet
  facet normal 0 0 1
    outer loop
      vertex 25.8978 22.7765 20.0147
      vertex 25.8978 21.2235 20.0147
      vertex 25.9344 21.3763 20.0147
    endloop
  endfacet
  facet normal 0 0 1
    outer loop
      vertex 25.8532 22.9271 20.0147
      vertex 25.8978 21.2235 20.0147
      vertex 25.8978 22.7765 20.0147
    endloop
  endfacet
  facet normal 0 0 1
    outer loop
      vertex 25.8532 22.9271 20.0147
      vertex 25.8532 21.0729 20.0147
      vertex 25.8978 21.2235 20.0147
    endloop
  endfacet
  facet normal 0 0 1
    outer loop
      vertex 25.8007 23.0751 20.0147
      vertex 25.8532 21.0729 20.0147
      vertex 25.8532 22.9271 20.0147
    endloop
  endfacet
  facet normal 0 0 1
    outer loop
      vertex 25.8007 23.0751 20.0147
      vertex 25.8007 20.9249 20.0147
      vertex 25.8532 21.0729 20.0147
    endloop
  endfacet
  facet normal 0 0 1
    outer loop
      vertex 25.7406 23.2202 20.0147
      vertex 25.8007 20.9249 20.0147
      vertex 25.8007 23.0751 20.0147
    endloop
  endfacet
  facet normal 0 0 1
    outer loop
      vertex 25.7406 23.2202 20.0147
      vertex 25.7406 20.7798 20.0147
      vertex 25.8007 20.9249 20.0147
    endloop
  endfacet
  facet normal 0 0 1
    outer loop
      vertex 25.673 23.362 20.0147
      vertex 25.7406 20.7798 20.0147
      vertex 25.7406 23.2202 20.0147
    endloop
  endfacet
  facet normal 0 0 1
    outer loop
      vertex 25.673 23.362 20.0147
      vertex 25.673 20.638 20.0147
      vertex 25.7406 20.7798 20.0147
    endloop
  endfacet
  facet normal 0 0 1
    outer loop
      vertex 25.5981 23.5 20.0147
      vertex 25.673 20.638 20.0147
      vertex 25.673 23.362 20.0147
    endloop
  endfacet
  facet normal 0 0 1
    outer loop
      vertex 25.5981 23.5 20.0147
      vertex 25.5981 20.5 20.0147
      vertex 25.673 20.638 20.0147
    endloop
  endfacet
  facet normal 0 0 1
    outer loop
      vertex 25.516 23.6339 20.0147
      vertex 25.5981 20.5 20.0147
      vertex 25.5981 23.5 20.0147
    endloop
  endfacet
  facet normal 0 0 1
    outer loop
      vertex 25.516 23.6339 20.0147
      vertex 25.516 20.3661 20.0147
      vertex 25.5981 20.5 20.0147
    endloop
  endfacet
  facet normal 0 0 1
    outer loop
      vertex 25.4271 23.7634 20.0147
      vertex 25.516 20.3661 20.0147
      vertex 25.516 23.6339 20.0147
    endloop
  endfacet
  facet normal 0 0 1
    outer loop
      vertex 25.4271 23.7634 20.0147
      vertex 25.4271 20.2366 20.0147
      vertex 25.516 20.3661 20.0147
    endloop
  endfacet
  facet normal 0 0 1
    outer loop
      vertex 25.3314 23.888 20.0147
      vertex 25.4271 20.2366 20.0147
      vertex 25.4271 23.7634 20.0147
    endloop
  endfacet
  facet normal 0 0 1
    outer loop
      vertex 25.3314 23.888 20.0147
      vertex 25.3314 20.112 20.0147
      vertex 25.4271 20.2366 20.0147
    endloop
  endfacet
  facet normal 0 0 1
    outer loop
      vertex 25.2294 24.0074 20.0147
      vertex 25.3314 20.112 20.0147
      vertex 25.3314 23.888 20.0147
    endloop
  endfacet
  facet normal 0 0 1
    outer loop
      vertex 25.2294 24.0074 20.0147
      vertex 25.2294 19.9926 20.0147
      vertex 25.3314 20.112 20.0147
    endloop
  endfacet
  facet normal 0 0 1
    outer loop
      vertex 25.1213 24.1213 20.0147
      vertex 25.2294 19.9926 20.0147
      vertex 25.2294 24.0074 20.0147
    endloop
  endfacet
  facet normal 0 0 1
    outer loop
      vertex 25.1213 24.1213 20.0147
      vertex 25.1213 19.8787 20.0147
      vertex 25.2294 19.9926 20.0147
    endloop
  endfacet
  facet normal 0 0 1
    outer loop
      vertex 25.0074 24.2294 20.0147
      vertex 25.1213 19.8787 20.0147
      vertex 25.1213 24.1213 20.0147
    endloop
  endfacet
  facet normal 0 0 1
    outer loop
      vertex 25.0074 24.2294 20.0147
      vertex 25.0074 19.7706 20.0147
      vertex 25.1213 19.8787 20.0147
    endloop
  endfacet
  facet normal 0 0 1
    outer loop
      vertex 24.888 24.3314 20.0147
      vertex 25.0074 19.7706 20.0147
      vertex 25.0074 24.2294 20.0147
    endloop
  endfacet
  facet normal 0 0 1
    outer loop
      vertex 24.888 24.3314 20.0147
      vertex 24.888 19.6686 20.0147
      vertex 25.0074 19.7706 20.0147
    endloop
  endfacet
  facet normal 0 0 1
    outer loop
      vertex 24.7634 24.4271 20.0147
      vertex 24.888 19.6686 20.0147
      vertex 24.888 24.3314 20.0147
    endloop
  endfacet
  facet normal 0 0 1
    outer loop
      vertex 24.7634 24.4271 20.0147
      vertex 24.7634 19.5729 20.0147
      vertex 24.888 19.6686 20.0147
    endloop
  endfacet
  facet normal 0 0 1
    outer loop
      vertex 24.6339 24.516 20.0147
      vertex 24.7634 19.5729 20.0147
      vertex 24.7634 24.4271 20.0147
    endloop
  endfacet
  facet normal 0 0 1
    outer loop
      vertex 24.6339 24.516 20.0147
      vertex 24.6339 19.484 20.0147
      vertex 24.7634 19.5729 20.0147
    endloop
  endfacet
  facet normal 0 0 1
    outer loop
      vertex 24.5 24.5981 20.0147
      vertex 24.6339 19.484 20.0147
      vertex 24.6339 24.516 20.0147
    endloop
  endfacet
  facet normal 0 0 1
    outer loop
      vertex 24.5 24.5981 20.0147
      vertex 24.5 19.4019 20.0147
      vertex 24.6339 19.484 20.0147
    endloop
  endfacet
  facet normal 0 0 1
    outer loop
      vertex 24.362 24.673 20.0147
      vertex 24.5 19.4019 20.0147
      vertex 24.5 24.5981 20.0147
    endloop
  endfacet
  facet normal 0 0 1
    outer loop
      vertex 24.362 24.673 20.0147
      vertex 24.362 19.327 20.0147
      vertex 24.5 19.4019 20.0147
    endloop
  endfacet
  facet normal 0 0 1
    outer loop
      vertex 24.2202 24.7406 20.0147
      vertex 24.362 19.327 20.0147
      vertex 24.362 24.673 20.0147
    endloop
  endfacet
  facet normal 0 0 1
    outer loop
      vertex 24.2202 24.7406 20.0147
      vertex 24.2202 19.2594 20.0147
      vertex 24.362 19.327 20.0147
    endloop
  endfacet
  facet normal 0 0 1
    outer loop
      vertex 24.0751 24.8007 20.0147
      vertex 24.2202 19.2594 20.0147
      vertex 24.2202 24.7406 20.0147
    endloop
  endfacet
  facet normal 0 0 1
    outer loop
      vertex 24.0751 24.8007 20.0147
      vertex 24.0751 19.1993 20.0147
      vertex 24.2202 19.2594 20.0147
    endloop
  endfacet
  facet normal 0 0 1
    outer loop
      vertex 23.9271 24.8532 20.0147
      vertex 24.0751 19.1993 20.0147
      vertex 24.0751 24.8007 20.0147
    endloop
  endfacet
  facet normal 0 0 1
    outer loop
      vertex 23.9271 24.8532 20.0147
      vertex 23.9271 19.1468 20.0147
      vertex 24.0751 19.1993 20.0147
    endloop
  endfacet
  facet normal 0 0 1
    outer loop
      vertex 23.7765 24.8978 20.0147
      vertex 23.9271 19.1468 20.0147
      vertex 23.9271 24.8532 20.0147
    endloop
  endfacet
  facet normal 0 0 1
    outer loop
      vertex 23.7765 24.8978 20.0147
      vertex 23.7765 19.1022 20.0147
      vertex 23.9271 19.1468 20.0147
    endloop
  endfacet
  facet normal 0 0 1
    outer loop
      vertex 23.6237 24.9344 20.0147
      vertex 23.7765 19.1022 20.0147
      vertex 23.7765 24.8978 20.0147
    endloop
  endfacet
  facet normal 0 0 1
    outer loop
      vertex 23.6237 24.9344 20.0147
      vertex 23.6237 19.0656 20.0147
      vertex 23.7765 19.1022 20.0147
    endloop
  endfacet
  facet normal 0 0 1
    outer loop
      vertex 23.4693 24.9631 20.0147
      vertex 23.6237 19.0656 20.0147
      vertex 23.6237 24.9344 20.0147
    endloop
  endfacet
  facet normal 0 0 1
    outer loop
      vertex 23.4693 24.9631 20.0147
      vertex 23.4693 19.0369 20.0147
      vertex 23.6237 19.0656 20.0147
    endloop
  endfacet
  facet normal 0 0 1
    outer loop
      vertex 23.3136 24.9836 20.0147
      vertex 23.4693 19.0369 20.0147
      vertex 23.4693 24.9631 20.0147
    endloop
  endfacet
  facet normal 0 0 1
    outer loop
      vertex 23.3136 24.9836 20.0147
      vertex 23.3136 19.0164 20.0147
      vertex 23.4693 19.0369 20.0147
    endloop
  endfacet
  facet normal 0 0 1
    outer loop
      vertex 23.157 24.9959 20.0147
      vertex 23.3136 19.0164 20.0147
      vertex 23.3136 24.9836 20.0147
    endloop
  endfacet
  facet normal 0 0 1
    outer loop
      vertex 23.157 24.9959 20.0147
      vertex 23.157 19.0041 20.0147
      vertex 23.3136 19.0164 20.0147
    endloop
  endfacet
  facet normal 0 0 1
    outer loop
      vertex 23 25 20.0147
      vertex 23.157 19.0041 20.0147
      vertex 23.157 24.9959 20.0147
    endloop
  endfacet
  facet normal 0 0 1
    outer loop
      vertex 23 25 20.0147
      vertex 23 19 20.0147
      vertex 23.157 19.0041 20.0147
    endloop
  endfacet
  facet normal 0 0 1
    outer loop
      vertex 23 25 20.0147
      vertex 10.8718 19 20.0147
      vertex 23 19 20.0147
    endloop
  endfacet
  facet normal 0 0 1
    outer loop
      vertex 23 25 20.0147
      vertex 9.98538 19.4499 20.0147
      vertex 10.8718 19 20.0147
    endloop
  endfacet
  facet normal 0 0 1
    outer loop
      vertex 23 25 20.0147
      vertex 8.92932 19.9154 20.0147
      vertex 9.98538 19.4499 20.0147
    endloop
  endfacet
  facet normal 0 0 1
    outer loop
      vertex 23 25 20.0147
      vertex 8.79793 19.9734 20.0147
      vertex 8.92932 19.9154 20.0147
    endloop
  endfacet
  facet normal 0 0 1
    outer loop
      vertex 23 25 20.0147
      vertex 8.6661 20.023 20.0147
      vertex 8.79793 19.9734 20.0147
    endloop
  endfacet
  facet normal 0 0 1
    outer loop
      vertex 23 25 20.0147
      vertex 7.58637 20.4299 20.0147
      vertex 8.6661 20.023 20.0147
    endloop
  endfacet
  facet normal 0 0 1
    outer loop
      vertex 23 25 20.0147
      vertex 7.46168 20.4692 20.0147
      vertex 7.58637 20.4299 20.0147
    endloop
  endfacet
  facet normal 0 0 1
    outer loop
      vertex 23 25 20.0147
      vertex 6.35401 20.8184 20.0147
      vertex 7.46168 20.4692 20.0147
    endloop
  endfacet
  facet normal 0 0 1
    outer loop
      vertex 23 25 20.0147
      vertex 6.23567 20.8486 20.0147
      vertex 6.35401 20.8184 20.0147
    endloop
  endfacet
  facet normal 0 0 1
    outer loop
      vertex 23 25 20.0147
      vertex 5.10423 21.1377 20.0147
      vertex 6.23567 20.8486 20.0147
    endloop
  endfacet
  facet normal 0 0 1
    outer loop
      vertex 23 25 20.0147
      vertex 3.84047 21.387 20.0147
      vertex 5.10423 21.1377 20.0147
    endloop
  endfacet
  facet normal 0 0 1
    outer loop
      vertex 23 25 20.0147
      vertex 2.56617 21.5655 20.0147
      vertex 3.84047 21.387 20.0147
    endloop
  endfacet
  facet normal 0 0 1
    outer loop
      vertex 23 25 20.0147
      vertex 1.38831 21.6641 20.0147
      vertex 2.56617 21.5655 20.0147
    endloop
  endfacet
  facet normal 0 0 1
    outer loop
      vertex 23 25 20.0147
      vertex 1.28485 21.6728 20.0147
      vertex 1.38831 21.6641 20.0147
    endloop
  endfacet
  facet normal 0 0 1
    outer loop
      vertex 23 25 20.0147
      vertex 0 21.7086 20.0147
      vertex 1.28485 21.6728 20.0147
    endloop
  endfacet
  facet normal -0 0 1
    outer loop
      vertex -23 25 20.0147
      vertex 0 21.7086 20.0147
      vertex 23 25 20.0147
    endloop
  endfacet
  facet normal 0 0 1
    outer loop
      vertex 0 21.7086 20.0147
      vertex -23 25 20.0147
      vertex -1.28485 21.6728 20.0147
    endloop
  endfacet
  facet normal 0 0 1
    outer loop
      vertex -1.28485 21.6728 20.0147
      vertex -23 25 20.0147
      vertex -1.38831 21.6641 20.0147
    endloop
  endfacet
  facet normal 0 0 1
    outer loop
      vertex -23 25 20.0147
      vertex -6.23567 20.8486 20.0147
      vertex -5.10423 21.1377 20.0147
    endloop
  endfacet
  facet normal 0 0 1
    outer loop
      vertex -23 25 20.0147
      vertex -8.92932 19.9154 20.0147
      vertex -8.79793 19.9734 20.0147
    endloop
  endfacet
  facet normal 0 0 1
    outer loop
      vertex -1.38831 21.6641 20.0147
      vertex -23 25 20.0147
      vertex -2.56617 21.5655 20.0147
    endloop
  endfacet
  facet normal 0 0 1
    outer loop
      vertex -23 25 20.0147
      vertex -3.84047 21.387 20.0147
      vertex -2.56617 21.5655 20.0147
    endloop
  endfacet
  facet normal 0 0 1
    outer loop
      vertex -23 25 20.0147
      vertex -5.10423 21.1377 20.0147
      vertex -3.84047 21.387 20.0147
    endloop
  endfacet
  facet normal 0 0 1
    outer loop
      vertex -6.23567 20.8486 20.0147
      vertex -23 25 20.0147
      vertex -6.35401 20.8184 20.0147
    endloop
  endfacet
  facet normal 0 0 1
    outer loop
      vertex -23 25 20.0147
      vertex -7.46168 20.4692 20.0147
      vertex -6.35401 20.8184 20.0147
    endloop
  endfacet
  facet normal 0 0 1
    outer loop
      vertex -23 25 20.0147
      vertex -7.58637 20.4299 20.0147
      vertex -7.46168 20.4692 20.0147
    endloop
  endfacet
  facet normal 0 0 1
    outer loop
      vertex -23 25 20.0147
      vertex -8.6661 20.023 20.0147
      vertex -7.58637 20.4299 20.0147
    endloop
  endfacet
  facet normal 0 0 1
    outer loop
      vertex -23 25 20.0147
      vertex -8.79793 19.9734 20.0147
      vertex -8.6661 20.023 20.0147
    endloop
  endfacet
  facet normal 0 0 1
    outer loop
      vertex -8.92932 19.9154 20.0147
      vertex -23 25 20.0147
      vertex -9.98538 19.4499 20.0147
    endloop
  endfacet
  facet normal 0 0 1
    outer loop
      vertex -23 25 20.0147
      vertex -10.8718 19 20.0147
      vertex -9.98538 19.4499 20.0147
    endloop
  endfacet
  facet normal 0 0 1
    outer loop
      vertex -23 25 20.0147
      vertex -23 19 20.0147
      vertex -10.8718 19 20.0147
    endloop
  endfacet
  facet normal -0 0 1
    outer loop
      vertex -23.157 24.9959 20.0147
      vertex -23 19 20.0147
      vertex -23 25 20.0147
    endloop
  endfacet
  facet normal 0 0 1
    outer loop
      vertex -23.157 24.9959 20.0147
      vertex -23.157 19.0041 20.0147
      vertex -23 19 20.0147
    endloop
  endfacet
  facet normal -0 0 1
    outer loop
      vertex -23.3136 24.9836 20.0147
      vertex -23.157 19.0041 20.0147
      vertex -23.157 24.9959 20.0147
    endloop
  endfacet
  facet normal 0 0 1
    outer loop
      vertex -23.3136 24.9836 20.0147
      vertex -23.3136 19.0164 20.0147
      vertex -23.157 19.0041 20.0147
    endloop
  endfacet
  facet normal -0 0 1
    outer loop
      vertex -23.4693 24.9631 20.0147
      vertex -23.3136 19.0164 20.0147
      vertex -23.3136 24.9836 20.0147
    endloop
  endfacet
  facet normal 0 0 1
    outer loop
      vertex -23.4693 24.9631 20.0147
      vertex -23.4693 19.0369 20.0147
      vertex -23.3136 19.0164 20.0147
    endloop
  endfacet
  facet normal -0 0 1
    outer loop
      vertex -23.6237 24.9344 20.0147
      vertex -23.4693 19.0369 20.0147
      vertex -23.4693 24.9631 20.0147
    endloop
  endfacet
  facet normal 0 0 1
    outer loop
      vertex -23.6237 24.9344 20.0147
      vertex -23.6237 19.0656 20.0147
      vertex -23.4693 19.0369 20.0147
    endloop
  endfacet
  facet normal -0 0 1
    outer loop
      vertex -23.7765 24.8978 20.0147
      vertex -23.6237 19.0656 20.0147
      vertex -23.6237 24.9344 20.0147
    endloop
  endfacet
  facet normal 0 0 1
    outer loop
      vertex -23.7765 24.8978 20.0147
      vertex -23.7765 19.1022 20.0147
      vertex -23.6237 19.0656 20.0147
    endloop
  endfacet
  facet normal -0 0 1
    outer loop
      vertex -23.9271 24.8532 20.0147
      vertex -23.7765 19.1022 20.0147
      vertex -23.7765 24.8978 20.0147
    endloop
  endfacet
  facet normal 0 0 1
    outer loop
      vertex -23.9271 24.8532 20.0147
      vertex -23.9271 19.1468 20.0147
      vertex -23.7765 19.1022 20.0147
    endloop
  endfacet
  facet normal -0 0 1
    outer loop
      vertex -24.0751 24.8007 20.0147
      vertex -23.9271 19.1468 20.0147
      vertex -23.9271 24.8532 20.0147
    endloop
  endfacet
  facet normal 0 0 1
    outer loop
      vertex -24.0751 24.8007 20.0147
      vertex -24.0751 19.1993 20.0147
      vertex -23.9271 19.1468 20.0147
    endloop
  endfacet
  facet normal -0 0 1
    outer loop
      vertex -24.2202 24.7406 20.0147
      vertex -24.0751 19.1993 20.0147
      vertex -24.0751 24.8007 20.0147
    endloop
  endfacet
  facet normal 0 0 1
    outer loop
      vertex -24.2202 24.7406 20.0147
      vertex -24.2202 19.2594 20.0147
      vertex -24.0751 19.1993 20.0147
    endloop
  endfacet
  facet normal -0 0 1
    outer loop
      vertex -24.362 24.673 20.0147
      vertex -24.2202 19.2594 20.0147
      vertex -24.2202 24.7406 20.0147
    endloop
  endfacet
  facet normal 0 0 1
    outer loop
      vertex -24.362 24.673 20.0147
      vertex -24.362 19.327 20.0147
      vertex -24.2202 19.2594 20.0147
    endloop
  endfacet
  facet normal -0 0 1
    outer loop
      vertex -24.5 24.5981 20.0147
      vertex -24.362 19.327 20.0147
      vertex -24.362 24.673 20.0147
    endloop
  endfacet
  facet normal 0 0 1
    outer loop
      vertex -24.5 24.5981 20.0147
      vertex -24.5 19.4019 20.0147
      vertex -24.362 19.327 20.0147
    endloop
  endfacet
  facet normal -0 0 1
    outer loop
      vertex -24.6339 24.516 20.0147
      vertex -24.5 19.4019 20.0147
      vertex -24.5 24.5981 20.0147
    endloop
  endfacet
  facet normal 0 0 1
    outer loop
      vertex -24.6339 24.516 20.0147
      vertex -24.6339 19.484 20.0147
      vertex -24.5 19.4019 20.0147
    endloop
  endfacet
  facet normal -0 0 1
    outer loop
      vertex -24.7634 24.4271 20.0147
      vertex -24.6339 19.484 20.0147
      vertex -24.6339 24.516 20.0147
    endloop
  endfacet
  facet normal 0 0 1
    outer loop
      vertex -24.7634 24.4271 20.0147
      vertex -24.7634 19.5729 20.0147
      vertex -24.6339 19.484 20.0147
    endloop
  endfacet
  facet normal -0 0 1
    outer loop
      vertex -24.888 24.3314 20.0147
      vertex -24.7634 19.5729 20.0147
      vertex -24.7634 24.4271 20.0147
    endloop
  endfacet
  facet normal 0 0 1
    outer loop
      vertex -24.888 24.3314 20.0147
      vertex -24.888 19.6686 20.0147
      vertex -24.7634 19.5729 20.0147
    endloop
  endfacet
  facet normal -0 0 1
    outer loop
      vertex -25.0074 24.2294 20.0147
      vertex -24.888 19.6686 20.0147
      vertex -24.888 24.3314 20.0147
    endloop
  endfacet
  facet normal 0 0 1
    outer loop
      vertex -25.0074 24.2294 20.0147
      vertex -25.0074 19.7706 20.0147
      vertex -24.888 19.6686 20.0147
    endloop
  endfacet
  facet normal -0 0 1
    outer loop
      vertex -25.1213 24.1213 20.0147
      vertex -25.0074 19.7706 20.0147
      vertex -25.0074 24.2294 20.0147
    endloop
  endfacet
  facet normal 0 0 1
    outer loop
      vertex -25.1213 24.1213 20.0147
      vertex -25.1213 19.8787 20.0147
      vertex -25.0074 19.7706 20.0147
    endloop
  endfacet
  facet normal -0 0 1
    outer loop
      vertex -25.2294 24.0074 20.0147
      vertex -25.1213 19.8787 20.0147
      vertex -25.1213 24.1213 20.0147
    endloop
  endfacet
  facet normal 0 0 1
    outer loop
      vertex -25.2294 24.0074 20.0147
      vertex -25.2294 19.9926 20.0147
      vertex -25.1213 19.8787 20.0147
    endloop
  endfacet
  facet normal -0 0 1
    outer loop
      vertex -25.3314 23.888 20.0147
      vertex -25.2294 19.9926 20.0147
      vertex -25.2294 24.0074 20.0147
    endloop
  endfacet
  facet normal 0 0 1
    outer loop
      vertex -25.3314 23.888 20.0147
      vertex -25.3314 20.112 20.0147
      vertex -25.2294 19.9926 20.0147
    endloop
  endfacet
  facet normal -0 0 1
    outer loop
      vertex -25.4271 23.7634 20.0147
      vertex -25.3314 20.112 20.0147
      vertex -25.3314 23.888 20.0147
    endloop
  endfacet
  facet normal 0 0 1
    outer loop
      vertex -25.4271 23.7634 20.0147
      vertex -25.4271 20.2366 20.0147
      vertex -25.3314 20.112 20.0147
    endloop
  endfacet
  facet normal -0 0 1
    outer loop
      vertex -25.516 23.6339 20.0147
      vertex -25.4271 20.2366 20.0147
      vertex -25.4271 23.7634 20.0147
    endloop
  endfacet
  facet normal 0 0 1
    outer loop
      vertex -25.516 23.6339 20.0147
      vertex -25.516 20.3661 20.0147
      vertex -25.4271 20.2366 20.0147
    endloop
  endfacet
  facet normal -0 0 1
    outer loop
      vertex -25.5981 23.5 20.0147
      vertex -25.516 20.3661 20.0147
      vertex -25.516 23.6339 20.0147
    endloop
  endfacet
  facet normal 0 0 1
    outer loop
      vertex -25.5981 23.5 20.0147
      vertex -25.5981 20.5 20.0147
      vertex -25.516 20.3661 20.0147
    endloop
  endfacet
  facet normal -0 0 1
    outer loop
      vertex -25.673 23.362 20.0147
      vertex -25.5981 20.5 20.0147
      vertex -25.5981 23.5 20.0147
    endloop
  endfacet
  facet normal 0 0 1
    outer loop
      vertex -25.673 23.362 20.0147
      vertex -25.673 20.638 20.0147
      vertex -25.5981 20.5 20.0147
    endloop
  endfacet
  facet normal -0 0 1
    outer loop
      vertex -25.7406 23.2202 20.0147
      vertex -25.673 20.638 20.0147
      vertex -25.673 23.362 20.0147
    endloop
  endfacet
  facet normal 0 0 1
    outer loop
      vertex -25.7406 23.2202 20.0147
      vertex -25.7406 20.7798 20.0147
      vertex -25.673 20.638 20.0147
    endloop
  endfacet
  facet normal -0 0 1
    outer loop
      vertex -25.8007 23.0751 20.0147
      vertex -25.7406 20.7798 20.0147
      vertex -25.7406 23.2202 20.0147
    endloop
  endfacet
  facet normal 0 0 1
    outer loop
      vertex -25.8007 23.0751 20.0147
      vertex -25.8007 20.9249 20.0147
      vertex -25.7406 20.7798 20.0147
    endloop
  endfacet
  facet normal -0 0 1
    outer loop
      vertex -25.8532 22.9271 20.0147
      vertex -25.8007 20.9249 20.0147
      vertex -25.8007 23.0751 20.0147
    endloop
  endfacet
  facet normal 0 0 1
    outer loop
      vertex -25.8532 22.9271 20.0147
      vertex -25.8532 21.0729 20.0147
      vertex -25.8007 20.9249 20.0147
    endloop
  endfacet
  facet normal -0 0 1
    outer loop
      vertex -25.8978 22.7765 20.0147
      vertex -25.8532 21.0729 20.0147
      vertex -25.8532 22.9271 20.0147
    endloop
  endfacet
  facet normal 0 0 1
    outer loop
      vertex -25.8978 22.7765 20.0147
      vertex -25.8978 21.2235 20.0147
      vertex -25.8532 21.0729 20.0147
    endloop
  endfacet
  facet normal -0 0 1
    outer loop
      vertex -25.9344 22.6237 20.0147
      vertex -25.8978 21.2235 20.0147
      vertex -25.8978 22.7765 20.0147
    endloop
  endfacet
  facet normal 0 0 1
    outer loop
      vertex -25.9344 22.6237 20.0147
      vertex -25.9344 21.3763 20.0147
      vertex -25.8978 21.2235 20.0147
    endloop
  endfacet
  facet normal -0 0 1
    outer loop
      vertex -25.9631 22.4693 20.0147
      vertex -25.9344 21.3763 20.0147
      vertex -25.9344 22.6237 20.0147
    endloop
  endfacet
  facet normal 0 0 1
    outer loop
      vertex -25.9631 22.4693 20.0147
      vertex -25.9631 21.5307 20.0147
      vertex -25.9344 21.3763 20.0147
    endloop
  endfacet
  facet normal -0 0 1
    outer loop
      vertex -25.9836 22.3136 20.0147
      vertex -25.9631 21.5307 20.0147
      vertex -25.9631 22.4693 20.0147
    endloop
  endfacet
  facet normal 0 0 1
    outer loop
      vertex -25.9836 22.3136 20.0147
      vertex -25.9836 21.6864 20.0147
      vertex -25.9631 21.5307 20.0147
    endloop
  endfacet
  facet normal -0 0 1
    outer loop
      vertex -25.9959 22.157 20.0147
      vertex -25.9836 21.6864 20.0147
      vertex -25.9836 22.3136 20.0147
    endloop
  endfacet
  facet normal 0 0 1
    outer loop
      vertex -25.9959 22.157 20.0147
      vertex -25.9959 21.843 20.0147
      vertex -25.9836 21.6864 20.0147
    endloop
  endfacet
  facet normal 0 -0 1
    outer loop
      vertex -25.9959 21.843 20.0147
      vertex -25.9959 22.157 20.0147
      vertex -26 22 20.0147
    endloop
  endfacet
  facet normal -0.280452 -0.328294 0.901981
    outer loop
      vertex -25.0074 -24.2294 4
      vertex -24.888 19.6686 20.0147
      vertex -25.0074 19.7706 20.0147
    endloop
  endfacet
  facet normal -0.280452 -0.328294 0.901981
    outer loop
      vertex -24.888 19.6686 20.0147
      vertex -25.0074 -24.2294 4
      vertex -24.888 -24.3314 4
    endloop
  endfacet
  facet normal 0.694093 -0.246215 0.676471
    outer loop
      vertex 25.8007 20.9249 20.0147
      vertex 25.8532 -22.9271 4
      vertex 25.8532 21.0729 20.0147
    endloop
  endfacet
  facet normal 0.694093 -0.246215 0.676471
    outer loop
      vertex 25.8532 -22.9271 4
      vertex 25.8007 20.9249 20.0147
      vertex 25.8007 -23.0751 4
    endloop
  endfacet
  facet normal -0.878624 -0.163319 0.448716
    outer loop
      vertex -25.9631 -22.4693 4
      vertex -25.9344 21.3763 20.0147
      vertex -25.9631 21.5307 20.0147
    endloop
  endfacet
  facet normal -0.878624 -0.163319 0.448716
    outer loop
      vertex -25.9344 21.3763 20.0147
      vertex -25.9631 -22.4693 4
      vertex -25.9344 -22.6237 4
    endloop
  endfacet
  facet normal -0.228576 -0.332966 0.914815
    outer loop
      vertex -24.7634 -24.4271 4
      vertex -24.6339 19.484 20.0147
      vertex -24.7634 19.5729 20.0147
    endloop
  endfacet
  facet normal -0.228576 -0.332966 0.914815
    outer loop
      vertex -24.6339 19.484 20.0147
      vertex -24.7634 -24.4271 4
      vertex -24.6339 -24.516 4
    endloop
  endfacet
  facet normal -0.100806 -0.340278 0.934906
    outer loop
      vertex -23.9271 -24.8532 4
      vertex -23.7765 -7.39005 10.3723
      vertex -23.9271 -6.79539 10.5725
    endloop
  endfacet
  facet normal -0.100773 -0.340279 0.934909
    outer loop
      vertex -23.7765 -7.39005 10.3723
      vertex -23.9271 -24.8532 4
      vertex -23.7765 -24.8978 4
    endloop
  endfacet
  facet normal -0.100774 -0.340283 0.934908
    outer loop
      vertex -23.9271 19.1468 20.0147
      vertex -23.7765 4.05857 14.5392
      vertex -23.7765 19.1022 20.0147
    endloop
  endfacet
  facet normal -0.100333 -0.340294 0.934951
    outer loop
      vertex -23.7765 4.05857 14.5392
      vertex -23.9271 19.1468 20.0147
      vertex -23.9271 3.47435 14.3104
    endloop
  endfacet
  facet normal -0.38267 -0.923885 0
    outer loop
      vertex -24.2202 -24.7406 0
      vertex -24.0751 -24.8007 4
      vertex -24.2202 -24.7406 4
    endloop
  endfacet
  facet normal -0.38267 -0.923885 -0
    outer loop
      vertex -24.0751 -24.8007 4
      vertex -24.2202 -24.7406 0
      vertex -24.0751 -24.8007 0
    endloop
  endfacet
  facet normal -0.522711 -0.85251 0
    outer loop
      vertex -24.6339 -24.516 0
      vertex -24.5 -24.5981 4
      vertex -24.6339 -24.516 4
    endloop
  endfacet
  facet normal -0.522711 -0.85251 -0
    outer loop
      vertex -24.5 -24.5981 4
      vertex -24.6339 -24.516 0
      vertex -24.5 -24.5981 0
    endloop
  endfacet
  facet normal 0.0451379 -0.34167 0.938735
    outer loop
      vertex 23.3484 -8.80409 9.88718
      vertex 23.4693 -24.9631 4
      vertex 23.4693 -8.4188 10.0216
    endloop
  endfacet
  facet normal 0.0449535 -0.341674 0.938743
    outer loop
      vertex 23.3136 -8.89711 9.85499
      vertex 23.4693 -24.9631 4
      vertex 23.3484 -8.80409 9.88718
    endloop
  endfacet
  facet normal 0.0449859 -0.341673 0.938742
    outer loop
      vertex 23.4693 -24.9631 4
      vertex 23.3136 -8.89711 9.85499
      vertex 23.3136 -24.9836 4
    endloop
  endfacet
  facet normal 0.0451865 -0.341671 0.938733
    outer loop
      vertex 23.4693 19.0369 20.0147
      vertex 23.3484 5.45362 15.0766
      vertex 23.4693 5.07205 14.9319
    endloop
  endfacet
  facet normal 0.0449861 -0.341675 0.938741
    outer loop
      vertex 23.3136 5.54556 15.1117
      vertex 23.4693 19.0369 20.0147
      vertex 23.3136 19.0164 20.0147
    endloop
  endfacet
  facet normal 0.044171 -0.341679 0.938778
    outer loop
      vertex 23.4693 19.0369 20.0147
      vertex 23.3136 5.54556 15.1117
      vertex 23.3484 5.45362 15.0766
    endloop
  endfacet
  facet normal -0.688398 -0.725333 0
    outer loop
      vertex -25.1213 -24.1213 0
      vertex -25.0074 -24.2294 4
      vertex -25.1213 -24.1213 4
    endloop
  endfacet
  facet normal -0.688398 -0.725333 -0
    outer loop
      vertex -25.0074 -24.2294 4
      vertex -25.1213 -24.1213 0
      vertex -25.0074 -24.2294 0
    endloop
  endfacet
  facet normal 0 0 -1
    outer loop
      vertex 21.4863 -20.3383 0
      vertex 26 -22 0
      vertex 25.9959 -22.157 0
    endloop
  endfacet
  facet normal 0 0 -1
    outer loop
      vertex 26 -22 0
      vertex 22 -19 0
      vertex 26 22 0
    endloop
  endfacet
  facet normal 0 0 -1
    outer loop
      vertex 21.4863 -20.3383 0
      vertex 25.9959 -22.157 0
      vertex 25.9836 -22.3136 0
    endloop
  endfacet
  facet normal 0 0 -1
    outer loop
      vertex 22 19 0
      vertex 26 22 0
      vertex 22 -19 0
    endloop
  endfacet
  facet normal 0 0 -1
    outer loop
      vertex 21.4863 -20.3383 0
      vertex 25.9836 -22.3136 0
      vertex 25.9631 -22.4693 0
    endloop
  endfacet
  facet normal 0 0 -1
    outer loop
      vertex 21.9973 19.1047 0
      vertex 26 22 0
      vertex 22 19 0
    endloop
  endfacet
  facet normal 0 0 -1
    outer loop
      vertex 21.4863 -20.3383 0
      vertex 25.9631 -22.4693 0
      vertex 25.9344 -22.6237 0
    endloop
  endfacet
  facet normal 0 0 -1
    outer loop
      vertex 21.989 19.2091 0
      vertex 26 22 0
      vertex 21.9973 19.1047 0
    endloop
  endfacet
  facet normal 0 0 -1
    outer loop
      vertex 21.4863 -20.3383 0
      vertex 25.9344 -22.6237 0
      vertex 25.8978 -22.7765 0
    endloop
  endfacet
  facet normal 0 0 -1
    outer loop
      vertex 21.9754 19.3129 0
      vertex 26 22 0
      vertex 21.989 19.2091 0
    endloop
  endfacet
  facet normal 0 0 -1
    outer loop
      vertex 21.4863 -20.3383 0
      vertex 25.8978 -22.7765 0
      vertex 25.8532 -22.9271 0
    endloop
  endfacet
  facet normal 0 0 -1
    outer loop
      vertex 21.9563 19.4158 0
      vertex 26 22 0
      vertex 21.9754 19.3129 0
    endloop
  endfacet
  facet normal 0 0 -1
    outer loop
      vertex 21.4863 -20.3383 0
      vertex 25.8532 -22.9271 0
      vertex 25.8007 -23.0751 0
    endloop
  endfacet
  facet normal 0 0 -1
    outer loop
      vertex 21.9319 19.5176 0
      vertex 26 22 0
      vertex 21.9563 19.4158 0
    endloop
  endfacet
  facet normal 0 0 -1
    outer loop
      vertex 21.4863 -20.3383 0
      vertex 25.8007 -23.0751 0
      vertex 25.7406 -23.2202 0
    endloop
  endfacet
  facet normal 0 0 -1
    outer loop
      vertex 21.9021 19.618 0
      vertex 26 22 0
      vertex 21.9319 19.5176 0
    endloop
  endfacet
  facet normal 0 0 -1
    outer loop
      vertex 21.4863 -20.3383 0
      vertex 25.7406 -23.2202 0
      vertex 25.673 -23.362 0
    endloop
  endfacet
  facet normal 0 0 -1
    outer loop
      vertex 21.8672 19.7167 0
      vertex 26 22 0
      vertex 21.9021 19.618 0
    endloop
  endfacet
  facet normal 0 0 -1
    outer loop
      vertex 21.4863 -20.3383 0
      vertex 25.673 -23.362 0
      vertex 25.5981 -23.5 0
    endloop
  endfacet
  facet normal 0 0 -1
    outer loop
      vertex 21.8271 19.8135 0
      vertex 26 22 0
      vertex 21.8672 19.7167 0
    endloop
  endfacet
  facet normal 0 0 -1
    outer loop
      vertex 21.4142 -20.4142 0
      vertex 25.5981 -23.5 0
      vertex 25.516 -23.6339 0
    endloop
  endfacet
  facet normal 0 0 -1
    outer loop
      vertex 21.782 19.908 0
      vertex 26 22 0
      vertex 21.8271 19.8135 0
    endloop
  endfacet
  facet normal 0 0 -1
    outer loop
      vertex 21.4142 -20.4142 0
      vertex 25.516 -23.6339 0
      vertex 25.4271 -23.7634 0
    endloop
  endfacet
  facet normal 0 0 -1
    outer loop
      vertex 21.7321 20 0
      vertex 26 22 0
      vertex 21.782 19.908 0
    endloop
  endfacet
  facet normal 0 0 -1
    outer loop
      vertex 21.4142 -20.4142 0
      vertex 25.4271 -23.7634 0
      vertex 25.3314 -23.888 0
    endloop
  endfacet
  facet normal 0 0 -1
    outer loop
      vertex 21.6773 20.0893 0
      vertex 26 22 0
      vertex 21.7321 20 0
    endloop
  endfacet
  facet normal 0 0 -1
    outer loop
      vertex 21.4142 -20.4142 0
      vertex 25.3314 -23.888 0
      vertex 25.2294 -24.0074 0
    endloop
  endfacet
  facet normal 0 0 -1
    outer loop
      vertex 21.618 20.1756 0
      vertex 26 22 0
      vertex 21.6773 20.0893 0
    endloop
  endfacet
  facet normal 0 0 -1
    outer loop
      vertex 21.4142 -20.4142 0
      vertex 25.2294 -24.0074 0
      vertex 25.1213 -24.1213 0
    endloop
  endfacet
  facet normal 0 0 -1
    outer loop
      vertex 21.5543 20.2586 0
      vertex 26 22 0
      vertex 21.618 20.1756 0
    endloop
  endfacet
  facet normal 0 0 -1
    outer loop
      vertex 21.4142 -20.4142 0
      vertex 25.1213 -24.1213 0
      vertex 25.0074 -24.2294 0
    endloop
  endfacet
  facet normal 0 0 -1
    outer loop
      vertex 21.4863 20.3383 0
      vertex 26 22 0
      vertex 21.5543 20.2586 0
    endloop
  endfacet
  facet normal 0 0 -1
    outer loop
      vertex 21.4142 -20.4142 0
      vertex 25.0074 -24.2294 0
      vertex 24.888 -24.3314 0
    endloop
  endfacet
  facet normal -0 0 -1
    outer loop
      vertex 26 22 0
      vertex 21.4863 20.3383 0
      vertex 25.9959 22.157 0
    endloop
  endfacet
  facet normal 0 0 -1
    outer loop
      vertex 21.4142 -20.4142 0
      vertex 24.888 -24.3314 0
      vertex 24.7634 -24.4271 0
    endloop
  endfacet
  facet normal -0 0 -1
    outer loop
      vertex 25.9959 22.157 0
      vertex 21.4863 20.3383 0
      vertex 25.9836 22.3136 0
    endloop
  endfacet
  facet normal 0 0 -1
    outer loop
      vertex 21.4142 -20.4142 0
      vertex 24.7634 -24.4271 0
      vertex 24.6339 -24.516 0
    endloop
  endfacet
  facet normal -0 0 -1
    outer loop
      vertex 25.9836 22.3136 0
      vertex 21.4863 20.3383 0
      vertex 25.9631 22.4693 0
    endloop
  endfacet
  facet normal 0 0 -1
    outer loop
      vertex 21.4142 -20.4142 0
      vertex 24.6339 -24.516 0
      vertex 24.5 -24.5981 0
    endloop
  endfacet
  facet normal -0 0 -1
    outer loop
      vertex 25.9631 22.4693 0
      vertex 21.4863 20.3383 0
      vertex 25.9344 22.6237 0
    endloop
  endfacet
  facet normal 0 0 -1
    outer loop
      vertex 21.4142 -20.4142 0
      vertex 24.5 -24.5981 0
      vertex 24.362 -24.673 0
    endloop
  endfacet
  facet normal -0 0 -1
    outer loop
      vertex 25.9344 22.6237 0
      vertex 21.4863 20.3383 0
      vertex 25.8978 22.7765 0
    endloop
  endfacet
  facet normal 0 0 -1
    outer loop
      vertex 21.4142 -20.4142 0
      vertex 24.362 -24.673 0
      vertex 24.2202 -24.7406 0
    endloop
  endfacet
  facet normal -0 0 -1
    outer loop
      vertex 25.8978 22.7765 0
      vertex 21.4863 20.3383 0
      vertex 25.8532 22.9271 0
    endloop
  endfacet
  facet normal 0 0 -1
    outer loop
      vertex 21.3383 -20.4863 0
      vertex 24.2202 -24.7406 0
      vertex 24.0751 -24.8007 0
    endloop
  endfacet
  facet normal -0 0 -1
    outer loop
      vertex 25.8532 22.9271 0
      vertex 21.4863 20.3383 0
      vertex 25.8007 23.0751 0
    endloop
  endfacet
  facet normal 0 0 -1
    outer loop
      vertex 21.3383 -20.4863 0
      vertex 24.0751 -24.8007 0
      vertex 23.9271 -24.8532 0
    endloop
  endfacet
  facet normal -0 0 -1
    outer loop
      vertex 25.8007 23.0751 0
      vertex 21.4863 20.3383 0
      vertex 25.7406 23.2202 0
    endloop
  endfacet
  facet normal 0 0 -1
    outer loop
      vertex 21.3383 -20.4863 0
      vertex 23.9271 -24.8532 0
      vertex 23.7765 -24.8978 0
    endloop
  endfacet
  facet normal -0 0 -1
    outer loop
      vertex 25.7406 23.2202 0
      vertex 21.4863 20.3383 0
      vertex 25.673 23.362 0
    endloop
  endfacet
  facet normal 0 0 -1
    outer loop
      vertex 21.3383 -20.4863 0
      vertex 23.7765 -24.8978 0
      vertex 23.6237 -24.9344 0
    endloop
  endfacet
  facet normal -0 0 -1
    outer loop
      vertex 25.673 23.362 0
      vertex 21.4863 20.3383 0
      vertex 25.5981 23.5 0
    endloop
  endfacet
  facet normal 0 0 -1
    outer loop
      vertex 21.3383 -20.4863 0
      vertex 23.6237 -24.9344 0
      vertex 23.4693 -24.9631 0
    endloop
  endfacet
  facet normal 0 0 -1
    outer loop
      vertex 21.4142 20.4142 0
      vertex 25.5981 23.5 0
      vertex 21.4863 20.3383 0
    endloop
  endfacet
  facet normal 0 0 -1
    outer loop
      vertex 21.3383 -20.4863 0
      vertex 23.4693 -24.9631 0
      vertex 23.3136 -24.9836 0
    endloop
  endfacet
  facet normal -0 0 -1
    outer loop
      vertex 25.5981 23.5 0
      vertex 21.4142 20.4142 0
      vertex 25.516 23.6339 0
    endloop
  endfacet
  facet normal 0 0 -1
    outer loop
      vertex 21.3383 -20.4863 0
      vertex 23.3136 -24.9836 0
      vertex 23.157 -24.9959 0
    endloop
  endfacet
  facet normal -0 0 -1
    outer loop
      vertex 25.516 23.6339 0
      vertex 21.4142 20.4142 0
      vertex 25.4271 23.7634 0
    endloop
  endfacet
  facet normal 0 0 -1
    outer loop
      vertex 21.3383 -20.4863 0
      vertex 23.157 -24.9959 0
      vertex 23 -25 0
    endloop
  endfacet
  facet normal -0 0 -1
    outer loop
      vertex 25.4271 23.7634 0
      vertex 21.4142 20.4142 0
      vertex 25.3314 23.888 0
    endloop
  endfacet
  facet normal -0 0 -1
    outer loop
      vertex 25.3314 23.888 0
      vertex 21.4142 20.4142 0
      vertex 25.2294 24.0074 0
    endloop
  endfacet
  facet normal 0 0 -1
    outer loop
      vertex 26 -22 0
      vertex 21.9973 -19.1047 0
      vertex 22 -19 0
    endloop
  endfacet
  facet normal 0 0 -1
    outer loop
      vertex 26 -22 0
      vertex 21.989 -19.2091 0
      vertex 21.9973 -19.1047 0
    endloop
  endfacet
  facet normal 0 0 -1
    outer loop
      vertex 26 -22 0
      vertex 21.9754 -19.3129 0
      vertex 21.989 -19.2091 0
    endloop
  endfacet
  facet normal 0 0 -1
    outer loop
      vertex 26 -22 0
      vertex 21.9563 -19.4158 0
      vertex 21.9754 -19.3129 0
    endloop
  endfacet
  facet normal 0 0 -1
    outer loop
      vertex 26 -22 0
      vertex 21.9319 -19.5176 0
      vertex 21.9563 -19.4158 0
    endloop
  endfacet
  facet normal 0 0 -1
    outer loop
      vertex 26 -22 0
      vertex 21.9021 -19.618 0
      vertex 21.9319 -19.5176 0
    endloop
  endfacet
  facet normal 0 0 -1
    outer loop
      vertex 26 -22 0
      vertex 21.8672 -19.7167 0
      vertex 21.9021 -19.618 0
    endloop
  endfacet
  facet normal 0 0 -1
    outer loop
      vertex 26 -22 0
      vertex 21.8271 -19.8135 0
      vertex 21.8672 -19.7167 0
    endloop
  endfacet
  facet normal 0 0 -1
    outer loop
      vertex 26 -22 0
      vertex 21.782 -19.908 0
      vertex 21.8271 -19.8135 0
    endloop
  endfacet
  facet normal 0 0 -1
    outer loop
      vertex 26 -22 0
      vertex 21.7321 -20 0
      vertex 21.782 -19.908 0
    endloop
  endfacet
  facet normal 0 0 -1
    outer loop
      vertex 26 -22 0
      vertex 21.6773 -20.0893 0
      vertex 21.7321 -20 0
    endloop
  endfacet
  facet normal 0 0 -1
    outer loop
      vertex 26 -22 0
      vertex 21.618 -20.1756 0
      vertex 21.6773 -20.0893 0
    endloop
  endfacet
  facet normal 0 0 -1
    outer loop
      vertex 26 -22 0
      vertex 21.5543 -20.2586 0
      vertex 21.618 -20.1756 0
    endloop
  endfacet
  facet normal 0 0 -1
    outer loop
      vertex 26 -22 0
      vertex 21.4863 -20.3383 0
      vertex 21.5543 -20.2586 0
    endloop
  endfacet
  facet normal 0 0 -1
    outer loop
      vertex 25.5981 -23.5 0
      vertex 21.4142 -20.4142 0
      vertex 21.4863 -20.3383 0
    endloop
  endfacet
  facet normal 0 0 -1
    outer loop
      vertex 24.2202 -24.7406 0
      vertex 21.3383 -20.4863 0
      vertex 21.4142 -20.4142 0
    endloop
  endfacet
  facet normal 0 0 -1
    outer loop
      vertex 23 -25 0
      vertex 21.2586 -20.5543 0
      vertex 21.3383 -20.4863 0
    endloop
  endfacet
  facet normal 0 0 -1
    outer loop
      vertex 23 -25 0
      vertex 21.1756 -20.618 0
      vertex 21.2586 -20.5543 0
    endloop
  endfacet
  facet normal 0 0 -1
    outer loop
      vertex 23 -25 0
      vertex 21.0893 -20.6773 0
      vertex 21.1756 -20.618 0
    endloop
  endfacet
  facet normal 0 0 -1
    outer loop
      vertex 23 -25 0
      vertex 21 -20.7321 0
      vertex 21.0893 -20.6773 0
    endloop
  endfacet
  facet normal 0 0 -1
    outer loop
      vertex 23 -25 0
      vertex 20.908 -20.782 0
      vertex 21 -20.7321 0
    endloop
  endfacet
  facet normal 0 0 -1
    outer loop
      vertex 23 -25 0
      vertex 20.8135 -20.8271 0
      vertex 20.908 -20.782 0
    endloop
  endfacet
  facet normal 0 0 -1
    outer loop
      vertex 23 -25 0
      vertex 20.7167 -20.8672 0
      vertex 20.8135 -20.8271 0
    endloop
  endfacet
  facet normal 0 0 -1
    outer loop
      vertex 23 -25 0
      vertex 20.618 -20.9021 0
      vertex 20.7167 -20.8672 0
    endloop
  endfacet
  facet normal 0 0 -1
    outer loop
      vertex 23 -25 0
      vertex 20.5176 -20.9319 0
      vertex 20.618 -20.9021 0
    endloop
  endfacet
  facet normal 0 0 -1
    outer loop
      vertex 23 -25 0
      vertex 20.4158 -20.9563 0
      vertex 20.5176 -20.9319 0
    endloop
  endfacet
  facet normal 0 0 -1
    outer loop
      vertex 23 -25 0
      vertex 20.3129 -20.9754 0
      vertex 20.4158 -20.9563 0
    endloop
  endfacet
  facet normal 0 0 -1
    outer loop
      vertex 23 -25 0
      vertex 20.2091 -20.989 0
      vertex 20.3129 -20.9754 0
    endloop
  endfacet
  facet normal 0 0 -1
    outer loop
      vertex 23 -25 0
      vertex 20.1047 -20.9973 0
      vertex 20.2091 -20.989 0
    endloop
  endfacet
  facet normal 0 0 -1
    outer loop
      vertex 23 -25 0
      vertex 20 -21 0
      vertex 20.1047 -20.9973 0
    endloop
  endfacet
  facet normal 0 0 -1
    outer loop
      vertex 23 -25 0
      vertex -20 -21 0
      vertex 20 -21 0
    endloop
  endfacet
  facet normal 0 0 -1
    outer loop
      vertex -23 -25 0
      vertex -20 -21 0
      vertex 23 -25 0
    endloop
  endfacet
  facet normal -0 0 -1
    outer loop
      vertex -20 -21 0
      vertex -23 -25 0
      vertex -20.1047 -20.9973 0
    endloop
  endfacet
  facet normal -0 0 -1
    outer loop
      vertex -21.9973 -19.1047 0
      vertex -26 -22 0
      vertex -22 -19 0
    endloop
  endfacet
  facet normal -0 0 -1
    outer loop
      vertex -21.989 -19.2091 0
      vertex -26 -22 0
      vertex -21.9973 -19.1047 0
    endloop
  endfacet
  facet normal -0 0 -1
    outer loop
      vertex -21.9754 -19.3129 0
      vertex -26 -22 0
      vertex -21.989 -19.2091 0
    endloop
  endfacet
  facet normal -0 0 -1
    outer loop
      vertex -21.9563 -19.4158 0
      vertex -26 -22 0
      vertex -21.9754 -19.3129 0
    endloop
  endfacet
  facet normal -0 0 -1
    outer loop
      vertex -21.9319 -19.5176 0
      vertex -26 -22 0
      vertex -21.9563 -19.4158 0
    endloop
  endfacet
  facet normal -0 0 -1
    outer loop
      vertex -21.9021 -19.618 0
      vertex -26 -22 0
      vertex -21.9319 -19.5176 0
    endloop
  endfacet
  facet normal -0 0 -1
    outer loop
      vertex -21.8672 -19.7167 0
      vertex -26 -22 0
      vertex -21.9021 -19.618 0
    endloop
  endfacet
  facet normal -0 0 -1
    outer loop
      vertex -21.8271 -19.8135 0
      vertex -26 -22 0
      vertex -21.8672 -19.7167 0
    endloop
  endfacet
  facet normal -0 0 -1
    outer loop
      vertex -21.782 -19.908 0
      vertex -26 -22 0
      vertex -21.8271 -19.8135 0
    endloop
  endfacet
  facet normal -0 0 -1
    outer loop
      vertex -21.7321 -20 0
      vertex -26 -22 0
      vertex -21.782 -19.908 0
    endloop
  endfacet
  facet normal -0 0 -1
    outer loop
      vertex -21.6773 -20.0893 0
      vertex -26 -22 0
      vertex -21.7321 -20 0
    endloop
  endfacet
  facet normal -0 0 -1
    outer loop
      vertex -21.618 -20.1756 0
      vertex -26 -22 0
      vertex -21.6773 -20.0893 0
    endloop
  endfacet
  facet normal -0 0 -1
    outer loop
      vertex -21.5543 -20.2586 0
      vertex -26 -22 0
      vertex -21.618 -20.1756 0
    endloop
  endfacet
  facet normal -0 0 -1
    outer loop
      vertex -21.4863 -20.3383 0
      vertex -26 -22 0
      vertex -21.5543 -20.2586 0
    endloop
  endfacet
  facet normal -0 0 -1
    outer loop
      vertex -21.4142 -20.4142 0
      vertex -26 -22 0
      vertex -21.4863 -20.3383 0
    endloop
  endfacet
  facet normal 0 0 -1
    outer loop
      vertex -26 -22 0
      vertex -21.4142 -20.4142 0
      vertex -23 -25 0
    endloop
  endfacet
  facet normal -0 0 -1
    outer loop
      vertex -21.3383 -20.4863 0
      vertex -23 -25 0
      vertex -21.4142 -20.4142 0
    endloop
  endfacet
  facet normal -0 0 -1
    outer loop
      vertex -21.2586 -20.5543 0
      vertex -23 -25 0
      vertex -21.3383 -20.4863 0
    endloop
  endfacet
  facet normal -0 0 -1
    outer loop
      vertex -21.1756 -20.618 0
      vertex -23 -25 0
      vertex -21.2586 -20.5543 0
    endloop
  endfacet
  facet normal -0 0 -1
    outer loop
      vertex -21.0893 -20.6773 0
      vertex -23 -25 0
      vertex -21.1756 -20.618 0
    endloop
  endfacet
  facet normal -0 0 -1
    outer loop
      vertex -21 -20.7321 0
      vertex -23 -25 0
      vertex -21.0893 -20.6773 0
    endloop
  endfacet
  facet normal -0 0 -1
    outer loop
      vertex -20.908 -20.782 0
      vertex -23 -25 0
      vertex -21 -20.7321 0
    endloop
  endfacet
  facet normal -0 0 -1
    outer loop
      vertex -20.8135 -20.8271 0
      vertex -23 -25 0
      vertex -20.908 -20.782 0
    endloop
  endfacet
  facet normal -0 0 -1
    outer loop
      vertex -20.7167 -20.8672 0
      vertex -23 -25 0
      vertex -20.8135 -20.8271 0
    endloop
  endfacet
  facet normal -0 0 -1
    outer loop
      vertex -20.618 -20.9021 0
      vertex -23 -25 0
      vertex -20.7167 -20.8672 0
    endloop
  endfacet
  facet normal -0 0 -1
    outer loop
      vertex -20.5176 -20.9319 0
      vertex -23 -25 0
      vertex -20.618 -20.9021 0
    endloop
  endfacet
  facet normal -0 0 -1
    outer loop
      vertex -20.4158 -20.9563 0
      vertex -23 -25 0
      vertex -20.5176 -20.9319 0
    endloop
  endfacet
  facet normal -0 0 -1
    outer loop
      vertex -20.3129 -20.9754 0
      vertex -23 -25 0
      vertex -20.4158 -20.9563 0
    endloop
  endfacet
  facet normal -0 0 -1
    outer loop
      vertex -20.2091 -20.989 0
      vertex -23 -25 0
      vertex -20.3129 -20.9754 0
    endloop
  endfacet
  facet normal -0 0 -1
    outer loop
      vertex -20.1047 -20.9973 0
      vertex -23 -25 0
      vertex -20.2091 -20.989 0
    endloop
  endfacet
  facet normal -0 0 -1
    outer loop
      vertex 25.2294 24.0074 0
      vertex 21.4142 20.4142 0
      vertex 25.1213 24.1213 0
    endloop
  endfacet
  facet normal -0 0 -1
    outer loop
      vertex 25.1213 24.1213 0
      vertex 21.4142 20.4142 0
      vertex 25.0074 24.2294 0
    endloop
  endfacet
  facet normal -0 0 -1
    outer loop
      vertex 25.0074 24.2294 0
      vertex 21.4142 20.4142 0
      vertex 24.888 24.3314 0
    endloop
  endfacet
  facet normal -0 0 -1
    outer loop
      vertex 24.888 24.3314 0
      vertex 21.4142 20.4142 0
      vertex 24.7634 24.4271 0
    endloop
  endfacet
  facet normal -0 0 -1
    outer loop
      vertex 24.7634 24.4271 0
      vertex 21.4142 20.4142 0
      vertex 24.6339 24.516 0
    endloop
  endfacet
  facet normal -0 0 -1
    outer loop
      vertex 24.6339 24.516 0
      vertex 21.4142 20.4142 0
      vertex 24.5 24.5981 0
    endloop
  endfacet
  facet normal -0 0 -1
    outer loop
      vertex 24.5 24.5981 0
      vertex 21.4142 20.4142 0
      vertex 24.362 24.673 0
    endloop
  endfacet
  facet normal -0 0 -1
    outer loop
      vertex 24.362 24.673 0
      vertex 21.4142 20.4142 0
      vertex 24.2202 24.7406 0
    endloop
  endfacet
  facet normal 0 0 -1
    outer loop
      vertex 21.3383 20.4863 0
      vertex 24.2202 24.7406 0
      vertex 21.4142 20.4142 0
    endloop
  endfacet
  facet normal -0 0 -1
    outer loop
      vertex 24.2202 24.7406 0
      vertex 21.3383 20.4863 0
      vertex 24.0751 24.8007 0
    endloop
  endfacet
  facet normal -0 0 -1
    outer loop
      vertex 24.0751 24.8007 0
      vertex 21.3383 20.4863 0
      vertex 23.9271 24.8532 0
    endloop
  endfacet
  facet normal -0 0 -1
    outer loop
      vertex 23.9271 24.8532 0
      vertex 21.3383 20.4863 0
      vertex 23.7765 24.8978 0
    endloop
  endfacet
  facet normal -0 0 -1
    outer loop
      vertex 23.7765 24.8978 0
      vertex 21.3383 20.4863 0
      vertex 23.6237 24.9344 0
    endloop
  endfacet
  facet normal -0 0 -1
    outer loop
      vertex 23.6237 24.9344 0
      vertex 21.3383 20.4863 0
      vertex 23.4693 24.9631 0
    endloop
  endfacet
  facet normal -0 0 -1
    outer loop
      vertex 23.4693 24.9631 0
      vertex 21.3383 20.4863 0
      vertex 23.3136 24.9836 0
    endloop
  endfacet
  facet normal -0 0 -1
    outer loop
      vertex 23.3136 24.9836 0
      vertex 21.3383 20.4863 0
      vertex 23.157 24.9959 0
    endloop
  endfacet
  facet normal -0 0 -1
    outer loop
      vertex 23.157 24.9959 0
      vertex 21.3383 20.4863 0
      vertex 23 25 0
    endloop
  endfacet
  facet normal 0 0 -1
    outer loop
      vertex 21.2586 20.5543 0
      vertex 23 25 0
      vertex 21.3383 20.4863 0
    endloop
  endfacet
  facet normal 0 0 -1
    outer loop
      vertex 21.1756 20.618 0
      vertex 23 25 0
      vertex 21.2586 20.5543 0
    endloop
  endfacet
  facet normal 0 0 -1
    outer loop
      vertex 21.0893 20.6773 0
      vertex 23 25 0
      vertex 21.1756 20.618 0
    endloop
  endfacet
  facet normal 0 0 -1
    outer loop
      vertex 21 20.7321 0
      vertex 23 25 0
      vertex 21.0893 20.6773 0
    endloop
  endfacet
  facet normal 0 0 -1
    outer loop
      vertex 20.908 20.782 0
      vertex 23 25 0
      vertex 21 20.7321 0
    endloop
  endfacet
  facet normal 0 0 -1
    outer loop
      vertex 20.8135 20.8271 0
      vertex 23 25 0
      vertex 20.908 20.782 0
    endloop
  endfacet
  facet normal 0 0 -1
    outer loop
      vertex 20.7167 20.8672 0
      vertex 23 25 0
      vertex 20.8135 20.8271 0
    endloop
  endfacet
  facet normal 0 0 -1
    outer loop
      vertex 20.618 20.9021 0
      vertex 23 25 0
      vertex 20.7167 20.8672 0
    endloop
  endfacet
  facet normal 0 0 -1
    outer loop
      vertex 20.5176 20.9319 0
      vertex 23 25 0
      vertex 20.618 20.9021 0
    endloop
  endfacet
  facet normal 0 0 -1
    outer loop
      vertex 20.4158 20.9563 0
      vertex 23 25 0
      vertex 20.5176 20.9319 0
    endloop
  endfacet
  facet normal 0 0 -1
    outer loop
      vertex 20.3129 20.9754 0
      vertex 23 25 0
      vertex 20.4158 20.9563 0
    endloop
  endfacet
  facet normal 0 0 -1
    outer loop
      vertex 20.2091 20.989 0
      vertex 23 25 0
      vertex 20.3129 20.9754 0
    endloop
  endfacet
  facet normal 0 0 -1
    outer loop
      vertex 20.1047 20.9973 0
      vertex 23 25 0
      vertex 20.2091 20.989 0
    endloop
  endfacet
  facet normal 0 0 -1
    outer loop
      vertex 20 21 0
      vertex 23 25 0
      vertex 20.1047 20.9973 0
    endloop
  endfacet
  facet normal 0 0 -1
    outer loop
      vertex -20 21 0
      vertex 23 25 0
      vertex 20 21 0
    endloop
  endfacet
  facet normal 0 0 -1
    outer loop
      vertex -23 25 0
      vertex -20 21 0
      vertex -20.1047 20.9973 0
    endloop
  endfacet
  facet normal 0 0 -1
    outer loop
      vertex -23 25 0
      vertex -20.1047 20.9973 0
      vertex -20.2091 20.989 0
    endloop
  endfacet
  facet normal 0 0 -1
    outer loop
      vertex -20 21 0
      vertex -23 25 0
      vertex 23 25 0
    endloop
  endfacet
  facet normal 0 0 -1
    outer loop
      vertex -20.3129 20.9754 0
      vertex -23 25 0
      vertex -20.2091 20.989 0
    endloop
  endfacet
  facet normal 0 0 -1
    outer loop
      vertex -20.4158 20.9563 0
      vertex -23 25 0
      vertex -20.3129 20.9754 0
    endloop
  endfacet
  facet normal 0 0 -1
    outer loop
      vertex -20.5176 20.9319 0
      vertex -23 25 0
      vertex -20.4158 20.9563 0
    endloop
  endfacet
  facet normal 0 0 -1
    outer loop
      vertex -20.618 20.9021 0
      vertex -23 25 0
      vertex -20.5176 20.9319 0
    endloop
  endfacet
  facet normal 0 0 -1
    outer loop
      vertex -20.7167 20.8672 0
      vertex -23 25 0
      vertex -20.618 20.9021 0
    endloop
  endfacet
  facet normal 0 0 -1
    outer loop
      vertex -20.8135 20.8271 0
      vertex -23 25 0
      vertex -20.7167 20.8672 0
    endloop
  endfacet
  facet normal 0 0 -1
    outer loop
      vertex -20.908 20.782 0
      vertex -23 25 0
      vertex -20.8135 20.8271 0
    endloop
  endfacet
  facet normal 0 0 -1
    outer loop
      vertex -21 20.7321 0
      vertex -23 25 0
      vertex -20.908 20.782 0
    endloop
  endfacet
  facet normal 0 0 -1
    outer loop
      vertex -21.0893 20.6773 0
      vertex -23 25 0
      vertex -21 20.7321 0
    endloop
  endfacet
  facet normal 0 0 -1
    outer loop
      vertex -21.1756 20.618 0
      vertex -23 25 0
      vertex -21.0893 20.6773 0
    endloop
  endfacet
  facet normal 0 0 -1
    outer loop
      vertex -21.2586 20.5543 0
      vertex -23 25 0
      vertex -21.1756 20.618 0
    endloop
  endfacet
  facet normal 0 0 -1
    outer loop
      vertex -21.3383 20.4863 0
      vertex -23 25 0
      vertex -21.2586 20.5543 0
    endloop
  endfacet
  facet normal 0 0 -1
    outer loop
      vertex -24.2202 24.7406 0
      vertex -21.3383 20.4863 0
      vertex -21.4142 20.4142 0
    endloop
  endfacet
  facet normal 0 0 -1
    outer loop
      vertex -25.5981 23.5 0
      vertex -21.4142 20.4142 0
      vertex -21.4863 20.3383 0
    endloop
  endfacet
  facet normal 0 0 -1
    outer loop
      vertex -26 22 0
      vertex -21.4863 20.3383 0
      vertex -21.5543 20.2586 0
    endloop
  endfacet
  facet normal 0 0 -1
    outer loop
      vertex -26 22 0
      vertex -21.5543 20.2586 0
      vertex -21.618 20.1756 0
    endloop
  endfacet
  facet normal 0 0 -1
    outer loop
      vertex -26 22 0
      vertex -21.618 20.1756 0
      vertex -21.6773 20.0893 0
    endloop
  endfacet
  facet normal 0 0 -1
    outer loop
      vertex -26 22 0
      vertex -21.6773 20.0893 0
      vertex -21.7321 20 0
    endloop
  endfacet
  facet normal 0 0 -1
    outer loop
      vertex -26 22 0
      vertex -21.7321 20 0
      vertex -21.782 19.908 0
    endloop
  endfacet
  facet normal 0 0 -1
    outer loop
      vertex -26 22 0
      vertex -21.782 19.908 0
      vertex -21.8271 19.8135 0
    endloop
  endfacet
  facet normal 0 0 -1
    outer loop
      vertex -26 22 0
      vertex -21.8271 19.8135 0
      vertex -21.8672 19.7167 0
    endloop
  endfacet
  facet normal 0 0 -1
    outer loop
      vertex -26 22 0
      vertex -21.8672 19.7167 0
      vertex -21.9021 19.618 0
    endloop
  endfacet
  facet normal 0 0 -1
    outer loop
      vertex -26 22 0
      vertex -21.9021 19.618 0
      vertex -21.9319 19.5176 0
    endloop
  endfacet
  facet normal 0 0 -1
    outer loop
      vertex -26 22 0
      vertex -21.9319 19.5176 0
      vertex -21.9563 19.4158 0
    endloop
  endfacet
  facet normal 0 0 -1
    outer loop
      vertex -26 22 0
      vertex -21.9563 19.4158 0
      vertex -21.9754 19.3129 0
    endloop
  endfacet
  facet normal 0 0 -1
    outer loop
      vertex -26 22 0
      vertex -21.9754 19.3129 0
      vertex -21.989 19.2091 0
    endloop
  endfacet
  facet normal 0 0 -1
    outer loop
      vertex -26 22 0
      vertex -21.989 19.2091 0
      vertex -21.9973 19.1047 0
    endloop
  endfacet
  facet normal 0 0 -1
    outer loop
      vertex -26 22 0
      vertex -21.9973 19.1047 0
      vertex -22 19 0
    endloop
  endfacet
  facet normal -0 0 -1
    outer loop
      vertex -22 -19 0
      vertex -26 -22 0
      vertex -22 19 0
    endloop
  endfacet
  facet normal 0 0 -1
    outer loop
      vertex -26 -22 0
      vertex -23 -25 0
      vertex -23.157 -24.9959 0
    endloop
  endfacet
  facet normal 0 0 -1
    outer loop
      vertex -26 22 0
      vertex -22 19 0
      vertex -26 -22 0
    endloop
  endfacet
  facet normal 0 0 -1
    outer loop
      vertex -26 -22 0
      vertex -23.157 -24.9959 0
      vertex -23.3136 -24.9836 0
    endloop
  endfacet
  facet normal 0 0 -1
    outer loop
      vertex -21.4863 20.3383 0
      vertex -26 22 0
      vertex -25.9836 22.3136 0
    endloop
  endfacet
  facet normal 0 0 -1
    outer loop
      vertex -26 -22 0
      vertex -23.3136 -24.9836 0
      vertex -23.4693 -24.9631 0
    endloop
  endfacet
  facet normal 0 0 -1
    outer loop
      vertex -21.3383 20.4863 0
      vertex -23.157 24.9959 0
      vertex -23 25 0
    endloop
  endfacet
  facet normal 0 0 -1
    outer loop
      vertex -26 -22 0
      vertex -23.4693 -24.9631 0
      vertex -23.6237 -24.9344 0
    endloop
  endfacet
  facet normal 0 0 -1
    outer loop
      vertex -21.3383 20.4863 0
      vertex -23.3136 24.9836 0
      vertex -23.157 24.9959 0
    endloop
  endfacet
  facet normal 0 0 -1
    outer loop
      vertex -26 -22 0
      vertex -23.6237 -24.9344 0
      vertex -23.7765 -24.8978 0
    endloop
  endfacet
  facet normal 0 0 -1
    outer loop
      vertex -21.3383 20.4863 0
      vertex -23.4693 24.9631 0
      vertex -23.3136 24.9836 0
    endloop
  endfacet
  facet normal 0 0 -1
    outer loop
      vertex -26 -22 0
      vertex -23.7765 -24.8978 0
      vertex -23.9271 -24.8532 0
    endloop
  endfacet
  facet normal 0 0 -1
    outer loop
      vertex -21.3383 20.4863 0
      vertex -23.6237 24.9344 0
      vertex -23.4693 24.9631 0
    endloop
  endfacet
  facet normal 0 0 -1
    outer loop
      vertex -26 -22 0
      vertex -23.9271 -24.8532 0
      vertex -24.0751 -24.8007 0
    endloop
  endfacet
  facet normal 0 0 -1
    outer loop
      vertex -21.3383 20.4863 0
      vertex -23.7765 24.8978 0
      vertex -23.6237 24.9344 0
    endloop
  endfacet
  facet normal 0 0 -1
    outer loop
      vertex -26 -22 0
      vertex -24.0751 -24.8007 0
      vertex -24.2202 -24.7406 0
    endloop
  endfacet
  facet normal 0 0 -1
    outer loop
      vertex -21.3383 20.4863 0
      vertex -23.9271 24.8532 0
      vertex -23.7765 24.8978 0
    endloop
  endfacet
  facet normal 0 0 -1
    outer loop
      vertex -26 -22 0
      vertex -24.2202 -24.7406 0
      vertex -24.362 -24.673 0
    endloop
  endfacet
  facet normal 0 0 -1
    outer loop
      vertex -21.3383 20.4863 0
      vertex -24.0751 24.8007 0
      vertex -23.9271 24.8532 0
    endloop
  endfacet
  facet normal 0 0 -1
    outer loop
      vertex -26 -22 0
      vertex -24.362 -24.673 0
      vertex -24.5 -24.5981 0
    endloop
  endfacet
  facet normal 0 0 -1
    outer loop
      vertex -21.3383 20.4863 0
      vertex -24.2202 24.7406 0
      vertex -24.0751 24.8007 0
    endloop
  endfacet
  facet normal 0 0 -1
    outer loop
      vertex -26 -22 0
      vertex -24.5 -24.5981 0
      vertex -24.6339 -24.516 0
    endloop
  endfacet
  facet normal 0 0 -1
    outer loop
      vertex -21.4142 20.4142 0
      vertex -24.362 24.673 0
      vertex -24.2202 24.7406 0
    endloop
  endfacet
  facet normal 0 0 -1
    outer loop
      vertex -26 -22 0
      vertex -24.6339 -24.516 0
      vertex -24.7634 -24.4271 0
    endloop
  endfacet
  facet normal 0 0 -1
    outer loop
      vertex -21.4142 20.4142 0
      vertex -24.5 24.5981 0
      vertex -24.362 24.673 0
    endloop
  endfacet
  facet normal 0 0 -1
    outer loop
      vertex -26 -22 0
      vertex -24.7634 -24.4271 0
      vertex -24.888 -24.3314 0
    endloop
  endfacet
  facet normal 0 0 -1
    outer loop
      vertex -21.4142 20.4142 0
      vertex -24.6339 24.516 0
      vertex -24.5 24.5981 0
    endloop
  endfacet
  facet normal 0 0 -1
    outer loop
      vertex -26 -22 0
      vertex -24.888 -24.3314 0
      vertex -25.0074 -24.2294 0
    endloop
  endfacet
  facet normal 0 0 -1
    outer loop
      vertex -21.4142 20.4142 0
      vertex -24.7634 24.4271 0
      vertex -24.6339 24.516 0
    endloop
  endfacet
  facet normal 0 0 -1
    outer loop
      vertex -26 -22 0
      vertex -25.0074 -24.2294 0
      vertex -25.1213 -24.1213 0
    endloop
  endfacet
  facet normal 0 0 -1
    outer loop
      vertex -21.4142 20.4142 0
      vertex -24.888 24.3314 0
      vertex -24.7634 24.4271 0
    endloop
  endfacet
  facet normal 0 0 -1
    outer loop
      vertex -26 -22 0
      vertex -25.1213 -24.1213 0
      vertex -25.2294 -24.0074 0
    endloop
  endfacet
  facet normal 0 0 -1
    outer loop
      vertex -21.4142 20.4142 0
      vertex -25.0074 24.2294 0
      vertex -24.888 24.3314 0
    endloop
  endfacet
  facet normal 0 0 -1
    outer loop
      vertex -26 -22 0
      vertex -25.2294 -24.0074 0
      vertex -25.3314 -23.888 0
    endloop
  endfacet
  facet normal 0 0 -1
    outer loop
      vertex -21.4142 20.4142 0
      vertex -25.1213 24.1213 0
      vertex -25.0074 24.2294 0
    endloop
  endfacet
  facet normal 0 0 -1
    outer loop
      vertex -26 -22 0
      vertex -25.3314 -23.888 0
      vertex -25.4271 -23.7634 0
    endloop
  endfacet
  facet normal 0 0 -1
    outer loop
      vertex -21.4142 20.4142 0
      vertex -25.2294 24.0074 0
      vertex -25.1213 24.1213 0
    endloop
  endfacet
  facet normal 0 0 -1
    outer loop
      vertex -26 -22 0
      vertex -25.4271 -23.7634 0
      vertex -25.516 -23.6339 0
    endloop
  endfacet
  facet normal 0 0 -1
    outer loop
      vertex -21.4142 20.4142 0
      vertex -25.3314 23.888 0
      vertex -25.2294 24.0074 0
    endloop
  endfacet
  facet normal 0 0 -1
    outer loop
      vertex -26 -22 0
      vertex -25.516 -23.6339 0
      vertex -25.5981 -23.5 0
    endloop
  endfacet
  facet normal 0 0 -1
    outer loop
      vertex -21.4142 20.4142 0
      vertex -25.4271 23.7634 0
      vertex -25.3314 23.888 0
    endloop
  endfacet
  facet normal 0 0 -1
    outer loop
      vertex -26 -22 0
      vertex -25.5981 -23.5 0
      vertex -25.673 -23.362 0
    endloop
  endfacet
  facet normal 0 0 -1
    outer loop
      vertex -21.4142 20.4142 0
      vertex -25.516 23.6339 0
      vertex -25.4271 23.7634 0
    endloop
  endfacet
  facet normal 0 0 -1
    outer loop
      vertex -26 -22 0
      vertex -25.673 -23.362 0
      vertex -25.7406 -23.2202 0
    endloop
  endfacet
  facet normal 0 0 -1
    outer loop
      vertex -21.4142 20.4142 0
      vertex -25.5981 23.5 0
      vertex -25.516 23.6339 0
    endloop
  endfacet
  facet normal 0 0 -1
    outer loop
      vertex -26 -22 0
      vertex -25.7406 -23.2202 0
      vertex -25.8007 -23.0751 0
    endloop
  endfacet
  facet normal 0 0 -1
    outer loop
      vertex -21.4863 20.3383 0
      vertex -25.673 23.362 0
      vertex -25.5981 23.5 0
    endloop
  endfacet
  facet normal 0 0 -1
    outer loop
      vertex -26 -22 0
      vertex -25.8007 -23.0751 0
      vertex -25.8532 -22.9271 0
    endloop
  endfacet
  facet normal 0 0 -1
    outer loop
      vertex -21.4863 20.3383 0
      vertex -25.7406 23.2202 0
      vertex -25.673 23.362 0
    endloop
  endfacet
  facet normal 0 0 -1
    outer loop
      vertex -26 -22 0
      vertex -25.8532 -22.9271 0
      vertex -25.8978 -22.7765 0
    endloop
  endfacet
  facet normal 0 0 -1
    outer loop
      vertex -21.4863 20.3383 0
      vertex -25.8007 23.0751 0
      vertex -25.7406 23.2202 0
    endloop
  endfacet
  facet normal 0 0 -1
    outer loop
      vertex -26 -22 0
      vertex -25.8978 -22.7765 0
      vertex -25.9344 -22.6237 0
    endloop
  endfacet
  facet normal 0 0 -1
    outer loop
      vertex -21.4863 20.3383 0
      vertex -25.8532 22.9271 0
      vertex -25.8007 23.0751 0
    endloop
  endfacet
  facet normal 0 0 -1
    outer loop
      vertex -26 -22 0
      vertex -25.9344 -22.6237 0
      vertex -25.9631 -22.4693 0
    endloop
  endfacet
  facet normal 0 0 -1
    outer loop
      vertex -21.4863 20.3383 0
      vertex -25.8978 22.7765 0
      vertex -25.8532 22.9271 0
    endloop
  endfacet
  facet normal 0 0 -1
    outer loop
      vertex -26 -22 0
      vertex -25.9631 -22.4693 0
      vertex -25.9836 -22.3136 0
    endloop
  endfacet
  facet normal 0 0 -1
    outer loop
      vertex -21.4863 20.3383 0
      vertex -25.9344 22.6237 0
      vertex -25.8978 22.7765 0
    endloop
  endfacet
  facet normal 0 0 -1
    outer loop
      vertex -26 -22 0
      vertex -25.9836 -22.3136 0
      vertex -25.9959 -22.157 0
    endloop
  endfacet
  facet normal 0 0 -1
    outer loop
      vertex -21.4863 20.3383 0
      vertex -25.9631 22.4693 0
      vertex -25.9344 22.6237 0
    endloop
  endfacet
  facet normal 0 0 -1
    outer loop
      vertex -21.4863 20.3383 0
      vertex -25.9836 22.3136 0
      vertex -25.9631 22.4693 0
    endloop
  endfacet
  facet normal 0 0 -1
    outer loop
      vertex -25.9836 22.3136 0
      vertex -26 22 0
      vertex -25.9959 22.157 0
    endloop
  endfacet
  facet normal 0.18275 0.983159 -0
    outer loop
      vertex 23.6237 24.9344 0
      vertex 23.4693 24.9631 20.0147
      vertex 23.6237 24.9344 20.0147
    endloop
  endfacet
  facet normal 0.18275 0.983159 0
    outer loop
      vertex 23.4693 24.9631 20.0147
      vertex 23.6237 24.9344 0
      vertex 23.4693 24.9631 0
    endloop
  endfacet
  facet normal 0.649532 0.760334 -0
    outer loop
      vertex 25.0074 24.2294 0
      vertex 24.888 24.3314 20.0147
      vertex 25.0074 24.2294 20.0147
    endloop
  endfacet
  facet normal 0.649532 0.760334 0
    outer loop
      vertex 24.888 24.3314 20.0147
      vertex 25.0074 24.2294 0
      vertex 24.888 24.3314 0
    endloop
  endfacet
  facet normal -0.933238 -0.122873 0.337592
    outer loop
      vertex -25.9836 -22.3136 4
      vertex -25.9631 21.5307 20.0147
      vertex -25.9836 21.6864 20.0147
    endloop
  endfacet
  facet normal -0.933238 -0.122873 0.337592
    outer loop
      vertex -25.9631 21.5307 20.0147
      vertex -25.9836 -22.3136 4
      vertex -25.9631 -22.4693 4
    endloop
  endfacet
  facet normal -0.991443 -0.130537 0
    outer loop
      vertex -25.9631 -22.4693 0
      vertex -25.9836 -22.3136 4
      vertex -25.9836 -22.3136 0
    endloop
  endfacet
  facet normal -0.991443 -0.130537 0
    outer loop
      vertex -25.9836 -22.3136 4
      vertex -25.9631 -22.4693 0
      vertex -25.9631 -22.4693 4
    endloop
  endfacet
  facet normal 0.94246 0.334319 0
    outer loop
      vertex 25.8532 22.9271 20.0147
      vertex 25.8007 23.0751 0
      vertex 25.8007 23.0751 20.0147
    endloop
  endfacet
  facet normal 0.94246 0.334319 0
    outer loop
      vertex 25.8007 23.0751 0
      vertex 25.8532 22.9271 20.0147
      vertex 25.8532 22.9271 0
    endloop
  endfacet
  facet normal 0.85251 -0.522711 0
    outer loop
      vertex 25.516 -23.6339 4
      vertex 25.5981 -23.5 0
      vertex 25.5981 -23.5 4
    endloop
  endfacet
  facet normal 0.85251 -0.522711 0
    outer loop
      vertex 25.5981 -23.5 0
      vertex 25.516 -23.6339 4
      vertex 25.516 -23.6339 0
    endloop
  endfacet
  facet normal 0.972491 -0.23294 0
    outer loop
      vertex 25.8978 -22.7765 4
      vertex 25.9344 -22.6237 0
      vertex 25.9344 -22.6237 4
    endloop
  endfacet
  facet normal 0.972491 -0.23294 0
    outer loop
      vertex 25.9344 -22.6237 0
      vertex 25.8978 -22.7765 4
      vertex 25.8978 -22.7765 0
    endloop
  endfacet
  facet normal 0.38267 0.923885 -0
    outer loop
      vertex 24.2202 24.7406 0
      vertex 24.0751 24.8007 20.0147
      vertex 24.2202 24.7406 20.0147
    endloop
  endfacet
  facet normal 0.38267 0.923885 0
    outer loop
      vertex 24.0751 24.8007 20.0147
      vertex 24.2202 24.7406 0
      vertex 24.0751 24.8007 0
    endloop
  endfacet
  facet normal 0.819103 -0.196199 0.539051
    outer loop
      vertex 25.8978 21.2235 20.0147
      vertex 25.9344 -22.6237 4
      vertex 25.9344 21.3763 20.0147
    endloop
  endfacet
  facet normal 0.819103 -0.196199 0.539051
    outer loop
      vertex 25.9344 -22.6237 4
      vertex 25.8978 21.2235 20.0147
      vertex 25.8978 -22.7765 4
    endloop
  endfacet
  facet normal -0.923885 0.38267 0
    outer loop
      vertex -25.8007 23.0751 0
      vertex -25.7406 23.2202 20.0147
      vertex -25.7406 23.2202 0
    endloop
  endfacet
  facet normal -0.923885 0.38267 0
    outer loop
      vertex -25.7406 23.2202 20.0147
      vertex -25.8007 23.0751 0
      vertex -25.8007 23.0751 20.0147
    endloop
  endfacet
  facet normal 0.793073 -0.609126 0
    outer loop
      vertex 25.3314 -23.888 4
      vertex 25.4271 -23.7634 0
      vertex 25.4271 -23.7634 4
    endloop
  endfacet
  facet normal 0.793073 -0.609126 0
    outer loop
      vertex 25.4271 -23.7634 0
      vertex 25.3314 -23.888 4
      vertex 25.3314 -23.888 0
    endloop
  endfacet
  facet normal 0.254071 -0.330797 0.908857
    outer loop
      vertex 24.7634 19.5729 20.0147
      vertex 24.888 -24.3314 4
      vertex 24.888 19.6686 20.0147
    endloop
  endfacet
  facet normal 0.254071 -0.330797 0.908857
    outer loop
      vertex 24.888 -24.3314 4
      vertex 24.7634 19.5729 20.0147
      vertex 24.7634 -24.4271 4
    endloop
  endfacet
  facet normal 0.0803285 -0.340915 0.936656
    outer loop
      vertex 23.7509 -7.49087 10.3378
      vertex 23.7765 -24.8978 4
      vertex 23.7765 -7.39005 10.3723
    endloop
  endfacet
  facet normal 0.0818115 -0.340872 0.936543
    outer loop
      vertex 23.7135 -7.63832 10.2874
      vertex 23.7765 -24.8978 4
      vertex 23.7509 -7.49087 10.3378
    endloop
  endfacet
  facet normal 0.0817542 -0.340873 0.936548
    outer loop
      vertex 23.6237 -7.92554 10.1907
      vertex 23.7765 -24.8978 4
      vertex 23.7135 -7.63832 10.2874
    endloop
  endfacet
  facet normal 0.0816499 -0.340877 0.936555
    outer loop
      vertex 23.7765 -24.8978 4
      vertex 23.6237 -7.92554 10.1907
      vertex 23.6237 -24.9344 4
    endloop
  endfacet
  facet normal 0.0820696 -0.34087 0.936521
    outer loop
      vertex 23.7765 19.1022 20.0147
      vertex 23.7135 4.30331 14.6338
      vertex 23.7765 4.05857 14.5392
    endloop
  endfacet
  facet normal 0.0816497 -0.340877 0.936556
    outer loop
      vertex 23.6237 4.58549 14.7444
      vertex 23.7765 19.1022 20.0147
      vertex 23.6237 19.0656 20.0147
    endloop
  endfacet
  facet normal 0.0823174 -0.340864 0.936502
    outer loop
      vertex 23.7765 19.1022 20.0147
      vertex 23.6237 4.58549 14.7444
      vertex 23.7135 4.30331 14.6338
    endloop
  endfacet
  facet normal -0.254071 -0.330797 0.908857
    outer loop
      vertex -24.888 -24.3314 4
      vertex -24.7634 19.5729 20.0147
      vertex -24.888 19.6686 20.0147
    endloop
  endfacet
  facet normal -0.254071 -0.330797 0.908857
    outer loop
      vertex -24.7634 19.5729 20.0147
      vertex -24.888 -24.3314 4
      vertex -24.7634 -24.4271 4
    endloop
  endfacet
  facet normal 0.793073 0.609126 0
    outer loop
      vertex 25.4271 23.7634 20.0147
      vertex 25.3314 23.888 0
      vertex 25.3314 23.888 20.0147
    endloop
  endfacet
  facet normal 0.793073 0.609126 0
    outer loop
      vertex 25.3314 23.888 0
      vertex 25.4271 23.7634 20.0147
      vertex 25.4271 23.7634 0
    endloop
  endfacet
  facet normal -0.755983 -0.223883 0.615114
    outer loop
      vertex -25.8978 -22.7765 4
      vertex -25.8532 21.0729 20.0147
      vertex -25.8978 21.2235 20.0147
    endloop
  endfacet
  facet normal -0.755983 -0.223883 0.615114
    outer loop
      vertex -25.8532 21.0729 20.0147
      vertex -25.8978 -22.7765 4
      vertex -25.8532 -22.9271 4
    endloop
  endfacet
  facet normal 0.755983 -0.223883 0.615114
    outer loop
      vertex 25.8532 21.0729 20.0147
      vertex 25.8978 -22.7765 4
      vertex 25.8978 21.2235 20.0147
    endloop
  endfacet
  facet normal 0.755983 -0.223883 0.615114
    outer loop
      vertex 25.8978 -22.7765 4
      vertex 25.8532 21.0729 20.0147
      vertex 25.8532 -22.9271 4
    endloop
  endfacet
  facet normal 0.878892 0.477022 0
    outer loop
      vertex 25.673 23.362 20.0147
      vertex 25.5981 23.5 0
      vertex 25.5981 23.5 20.0147
    endloop
  endfacet
  facet normal 0.878892 0.477022 0
    outer loop
      vertex 25.5981 23.5 0
      vertex 25.673 23.362 20.0147
      vertex 25.673 23.362 0
    endloop
  endfacet
  facet normal -0.972491 0.23294 0
    outer loop
      vertex -25.9344 22.6237 0
      vertex -25.8978 22.7765 20.0147
      vertex -25.8978 22.7765 0
    endloop
  endfacet
  facet normal -0.972491 0.23294 0
    outer loop
      vertex -25.8978 22.7765 20.0147
      vertex -25.9344 22.6237 0
      vertex -25.9344 22.6237 20.0147
    endloop
  endfacet
  facet normal -0.958837 0.283958 0
    outer loop
      vertex -25.8978 22.7765 0
      vertex -25.8532 22.9271 20.0147
      vertex -25.8532 22.9271 0
    endloop
  endfacet
  facet normal -0.958837 0.283958 0
    outer loop
      vertex -25.8532 22.9271 20.0147
      vertex -25.8978 22.7765 0
      vertex -25.8978 22.7765 20.0147
    endloop
  endfacet
  facet normal -0.649532 -0.760334 0
    outer loop
      vertex -25.0074 -24.2294 0
      vertex -24.888 -24.3314 4
      vertex -25.0074 -24.2294 4
    endloop
  endfacet
  facet normal -0.649532 -0.760334 -0
    outer loop
      vertex -24.888 -24.3314 4
      vertex -25.0074 -24.2294 0
      vertex -24.888 -24.3314 0
    endloop
  endfacet
  facet normal -0.609126 -0.793073 0
    outer loop
      vertex -24.888 -24.3314 0
      vertex -24.7634 -24.4271 4
      vertex -24.888 -24.3314 4
    endloop
  endfacet
  facet normal -0.609126 -0.793073 -0
    outer loop
      vertex -24.7634 -24.4271 4
      vertex -24.888 -24.3314 0
      vertex -24.7634 -24.4271 0
    endloop
  endfacet
  facet normal -0.23294 -0.972491 0
    outer loop
      vertex -23.7765 -24.8978 0
      vertex -23.6237 -24.9344 4
      vertex -23.7765 -24.8978 4
    endloop
  endfacet
  facet normal -0.23294 -0.972491 -0
    outer loop
      vertex -23.6237 -24.9344 4
      vertex -23.7765 -24.8978 0
      vertex -23.6237 -24.9344 0
    endloop
  endfacet
  facet normal 0.280452 -0.328294 0.901981
    outer loop
      vertex 24.888 19.6686 20.0147
      vertex 25.0074 -24.2294 4
      vertex 25.0074 19.7706 20.0147
    endloop
  endfacet
  facet normal 0.280452 -0.328294 0.901981
    outer loop
      vertex 25.0074 -24.2294 4
      vertex 24.888 19.6686 20.0147
      vertex 24.888 -24.3314 4
    endloop
  endfacet
  facet normal 0.649532 -0.760334 0
    outer loop
      vertex 24.888 -24.3314 0
      vertex 25.0074 -24.2294 4
      vertex 24.888 -24.3314 4
    endloop
  endfacet
  facet normal 0.649532 -0.760334 0
    outer loop
      vertex 25.0074 -24.2294 4
      vertex 24.888 -24.3314 0
      vertex 25.0074 -24.2294 0
    endloop
  endfacet
  facet normal 0.228576 -0.332966 0.914815
    outer loop
      vertex 24.6339 19.484 20.0147
      vertex 24.7634 -24.4271 4
      vertex 24.7634 19.5729 20.0147
    endloop
  endfacet
  facet normal 0.228576 -0.332966 0.914815
    outer loop
      vertex 24.7634 -24.4271 4
      vertex 24.6339 19.484 20.0147
      vertex 24.6339 -24.516 4
    endloop
  endfacet
  facet normal 0.565961 -0.824432 0
    outer loop
      vertex 24.6339 -24.516 0
      vertex 24.7634 -24.4271 4
      vertex 24.6339 -24.516 4
    endloop
  endfacet
  facet normal 0.565961 -0.824432 0
    outer loop
      vertex 24.7634 -24.4271 4
      vertex 24.6339 -24.516 0
      vertex 24.7634 -24.4271 0
    endloop
  endfacet
  facet normal 0.477022 -0.878892 0
    outer loop
      vertex 24.362 -24.673 0
      vertex 24.5 -24.5981 4
      vertex 24.362 -24.673 4
    endloop
  endfacet
  facet normal 0.477022 -0.878892 0
    outer loop
      vertex 24.5 -24.5981 4
      vertex 24.362 -24.673 0
      vertex 24.5 -24.5981 0
    endloop
  endfacet
  facet normal 0.902672 0.430329 0
    outer loop
      vertex 25.7406 23.2202 20.0147
      vertex 25.673 23.362 0
      vertex 25.673 23.362 20.0147
    endloop
  endfacet
  facet normal 0.902672 0.430329 0
    outer loop
      vertex 25.673 23.362 0
      vertex 25.7406 23.2202 20.0147
      vertex 25.7406 23.2202 0
    endloop
  endfacet
  facet normal -0.999658 -0.0245654 -0.00894238
    outer loop
      vertex 24.546 -1.48377 12.4027
      vertex 24.5164 0.393629 10.5543
      vertex 24.55 -0.813731 10.1149
    endloop
  endfacet
  facet normal -0.999658 -0.0245629 -0.00893985
    outer loop
      vertex 24.5164 0.393629 10.5543
      vertex 24.546 -1.48377 12.4027
      vertex 24.5164 -0.422146 12.7957
    endloop
  endfacet
  facet normal 0.00145379 -0.341954 0.939715
    outer loop
      vertex 24.55 -0.813731 10.1149
      vertex 24.5164 0.393629 10.5543
      vertex 24.4155 1.59768 10.9926
    endloop
  endfacet
  facet normal -0.999658 -0.0245848 -0.00894806
    outer loop
      vertex 24.55 -0.813731 10.1149
      vertex 24.55 -1.62709 12.3496
      vertex 24.546 -1.48377 12.4027
    endloop
  endfacet
  facet normal -0.00011841 -0.342074 0.939673
    outer loop
      vertex 23.3484 6.31512 12.7096
      vertex 22.9194 7.45362 13.124
      vertex 19.8614 12.7462 15.0503
    endloop
  endfacet
  facet normal 0 -0.342024 0.939691
    outer loop
      vertex 24.55 -0.813731 10.1149
      vertex 14.9904 -0.469477 10.2402
      vertex 15 -0.813731 10.1149
    endloop
  endfacet
  facet normal -3.78858e-07 -0.342034 0.939688
    outer loop
      vertex 24.55 -0.813731 10.1149
      vertex 14.962 -0.131003 10.3634
      vertex 14.9904 -0.469477 10.2402
    endloop
  endfacet
  facet normal -0.000557448 -0.348933 0.937148
    outer loop
      vertex 24.55 -0.813731 10.1149
      vertex 14.9616 -0.126168 10.3652
      vertex 14.962 -0.131003 10.3634
    endloop
  endfacet
  facet normal 0.000713704 -0.333274 0.94283
    outer loop
      vertex 24.55 -0.813731 10.1149
      vertex 14.961 -0.12136 10.3669
      vertex 14.9616 -0.126168 10.3652
    endloop
  endfacet
  facet normal 3.83642e-06 -0.34197 0.939711
    outer loop
      vertex 24.55 -0.813731 10.1149
      vertex 14.9138 0.215261 10.4894
      vertex 14.961 -0.12136 10.3669
    endloop
  endfacet
  facet normal -1.70531e-07 -0.342003 0.939699
    outer loop
      vertex 24.55 -0.813731 10.1149
      vertex 14.848 0.549098 10.6109
      vertex 14.9138 0.215261 10.4894
    endloop
  endfacet
  facet normal -0.00183692 -0.353523 0.935424
    outer loop
      vertex 24.55 -0.813731 10.1149
      vertex 14.847 0.553866 10.6127
      vertex 14.848 0.549098 10.6109
    endloop
  endfacet
  facet normal 0.000484269 -0.339006 0.940784
    outer loop
      vertex 24.55 -0.813731 10.1149
      vertex 14.8458 0.558582 10.6144
      vertex 14.847 0.553866 10.6127
    endloop
  endfacet
  facet normal 2.84943e-05 -0.341854 0.939753
    outer loop
      vertex 24.55 -0.813731 10.1149
      vertex 14.7615 0.888729 10.7345
      vertex 14.8458 0.558582 10.6144
    endloop
  endfacet
  facet normal -1.32733e-05 -0.342066 0.939676
    outer loop
      vertex 24.55 -0.813731 10.1149
      vertex 14.6574 1.21893 10.8547
      vertex 14.7615 0.888729 10.7345
    endloop
  endfacet
  facet normal -7.91953e-06 -0.342043 0.939684
    outer loop
      vertex 24.55 -0.813731 10.1149
      vertex 14.5368 1.53899 10.9712
      vertex 14.6574 1.21893 10.8547
    endloop
  endfacet
  facet normal -0.0019481 -0.349323 0.937
    outer loop
      vertex 24.55 -0.813731 10.1149
      vertex 14.535 1.54356 10.9729
      vertex 14.5368 1.53899 10.9712
    endloop
  endfacet
  facet normal 0.0016833 -0.335703 0.941966
    outer loop
      vertex 24.55 -0.813731 10.1149
      vertex 14.5331 1.54804 10.9745
      vertex 14.535 1.54356 10.9729
    endloop
  endfacet
  facet normal -2.50046e-05 -0.342109 0.93966
    outer loop
      vertex 24.55 -0.813731 10.1149
      vertex 14.3948 1.86172 11.0887
      vertex 14.5331 1.54804 10.9745
    endloop
  endfacet
  facet normal 3.18745e-05 -0.341918 0.93973
    outer loop
      vertex 24.55 -0.813731 10.1149
      vertex 14.237 2.17255 11.2018
      vertex 14.3948 1.86172 11.0887
    endloop
  endfacet
  facet normal -5.37761e-05 -0.342179 0.939635
    outer loop
      vertex 24.55 -0.813731 10.1149
      vertex 14.0622 2.47519 11.312
      vertex 14.237 2.17255 11.2018
    endloop
  endfacet
  facet normal 8.75891e-05 -0.341781 0.93978
    outer loop
      vertex 24.55 -0.813731 10.1149
      vertex 13.8734 2.76468 11.4173
      vertex 14.0622 2.47519 11.312
    endloop
  endfacet
  facet normal 0.000662094 -0.340267 0.940329
    outer loop
      vertex 24.55 -0.813731 10.1149
      vertex 13.8707 2.76882 11.4188
      vertex 13.8734 2.76468 11.4173
    endloop
  endfacet
  facet normal -9.61503e-05 -0.342264 0.939604
    outer loop
      vertex 24.55 -0.813731 10.1149
      vertex 13.666 3.04862 11.5207
      vertex 13.8707 2.76882 11.4188
    endloop
  endfacet
  facet normal 0.00631168 -0.326264 0.945258
    outer loop
      vertex 24.55 -0.813731 10.1149
      vertex 13.6631 3.05262 11.5221
      vertex 13.666 3.04862 11.5207
    endloop
  endfacet
  facet normal 0.000151629 -0.341635 0.939833
    outer loop
      vertex 24.55 -0.813731 10.1149
      vertex 13.66 3.05647 11.5235
      vertex 13.6631 3.05262 11.5221
    endloop
  endfacet
  facet normal -0.000111125 -0.342288 0.939595
    outer loop
      vertex 24.55 -0.813731 10.1149
      vertex 13.44 3.32583 11.6216
      vertex 13.66 3.05647 11.5235
    endloop
  endfacet
  facet normal 3.63494e-05 -0.341939 0.939722
    outer loop
      vertex 24.55 -0.813731 10.1149
      vertex 13.202 3.58771 11.7169
      vertex 13.44 3.32583 11.6216
    endloop
  endfacet
  facet normal 8.59183e-05 -0.341826 0.939763
    outer loop
      vertex 24.55 -0.813731 10.1149
      vertex 12.9533 3.83398 11.8065
      vertex 13.202 3.58771 11.7169
    endloop
  endfacet
  facet normal -0.0034069 -0.349509 0.936927
    outer loop
      vertex 24.55 -0.813731 10.1149
      vertex 12.9497 3.8375 11.8078
      vertex 12.9533 3.83398 11.8065
    endloop
  endfacet
  facet normal -4.49071e-07 -0.342019 0.939693
    outer loop
      vertex 7.58637 21.1266 18.1005
      vertex 12.9497 3.8375 11.8078
      vertex 24.55 -0.813731 10.1149
    endloop
  endfacet
  facet normal 8.53384e-05 -0.341996 0.939701
    outer loop
      vertex 12.9497 3.8375 11.8078
      vertex 7.58637 21.1266 18.1005
      vertex 12.6839 4.07456 11.8941
    endloop
  endfacet
  facet normal -0.0147463 -0.345871 0.938166
    outer loop
      vertex 12.6839 4.07456 11.8941
      vertex 7.58637 21.1266 18.1005
      vertex 12.68 4.07771 11.8952
    endloop
  endfacet
  facet normal 0.000199772 -0.341968 0.939712
    outer loop
      vertex 12.68 4.07771 11.8952
      vertex 7.58637 21.1266 18.1005
      vertex 12.4052 4.29821 11.9755
    endloop
  endfacet
  facet normal -0.000118184 -0.342048 0.939682
    outer loop
      vertex 12.4052 4.29821 11.9755
      vertex 7.58637 21.1266 18.1005
      vertex 12.1186 4.5049 12.0507
    endloop
  endfacet
  facet normal 0.00646704 -0.340455 0.940238
    outer loop
      vertex 12.1186 4.5049 12.0507
      vertex 7.58637 21.1266 18.1005
      vertex 12.1145 4.50786 12.0518
    endloop
  endfacet
  facet normal 4.36464e-05 -0.342008 0.939697
    outer loop
      vertex 12.1145 4.50786 12.0518
      vertex 7.58637 21.1266 18.1005
      vertex 11.8125 4.7029 12.1228
    endloop
  endfacet
  facet normal 0.000114898 -0.341992 0.939703
    outer loop
      vertex 11.8125 4.7029 12.1228
      vertex 7.58637 21.1266 18.1005
      vertex 11.5044 4.8803 12.1874
    endloop
  endfacet
  facet normal -0.00606891 -0.343302 0.939205
    outer loop
      vertex 11.5044 4.8803 12.1874
      vertex 7.58637 21.1266 18.1005
      vertex 11.5 4.88284 12.1883
    endloop
  endfacet
  facet normal -3.58304e-05 -0.342025 0.939691
    outer loop
      vertex 11.5 4.88284 12.1883
      vertex 7.58637 21.1266 18.1005
      vertex 11.1779 5.04717 12.2481
    endloop
  endfacet
  facet normal 0.00894225 -0.34024 0.940296
    outer loop
      vertex 11.1779 5.04717 12.2481
      vertex 7.58637 21.1266 18.1005
      vertex 11.1733 5.04926 12.2489
    endloop
  endfacet
  facet normal -6.06649e-05 -0.342026 0.93969
    outer loop
      vertex 7.58637 21.1266 18.1005
      vertex 9.10011 5.68225 12.4792
      vertex 9.45537 5.62037 12.4567
    endloop
  endfacet
  facet normal -0.00796191 -0.342362 0.939534
    outer loop
      vertex 7.58637 21.1266 18.1005
      vertex 8.36119 5.75522 12.5058
      vertex 8.36635 5.7551 12.5058
    endloop
  endfacet
  facet normal 8.88841e-06 -0.342015 0.939695
    outer loop
      vertex 11.1733 5.04926 12.2489
      vertex 7.58637 21.1266 18.1005
      vertex 10.8472 5.19542 12.3021
    endloop
  endfacet
  facet normal -0.000275318 -0.342066 0.939676
    outer loop
      vertex 7.58637 21.1266 18.1005
      vertex 10.5133 5.32535 12.3493
      vertex 10.8472 5.19542 12.3021
    endloop
  endfacet
  facet normal 0.00496668 -0.341204 0.939976
    outer loop
      vertex 7.58637 21.1266 18.1005
      vertex 10.5086 5.32721 12.35
      vertex 10.5133 5.32535 12.3493
    endloop
  endfacet
  facet normal 0.000168205 -0.341992 0.939703
    outer loop
      vertex 7.58637 21.1266 18.1005
      vertex 10.1631 5.44217 12.3919
      vertex 10.5086 5.32721 12.35
    endloop
  endfacet
  facet normal -0.000457067 -0.342083 0.93967
    outer loop
      vertex 7.58637 21.1266 18.1005
      vertex 10.1582 5.44355 12.3924
      vertex 10.1631 5.44217 12.3919
    endloop
  endfacet
  facet normal 7.78666e-06 -0.342016 0.939694
    outer loop
      vertex 7.58637 21.1266 18.1005
      vertex 9.81172 5.53998 12.4275
      vertex 10.1582 5.44355 12.3924
    endloop
  endfacet
  facet normal -0.000132509 -0.342033 0.939688
    outer loop
      vertex 7.58637 21.1266 18.1005
      vertex 9.46039 5.61924 12.4563
      vertex 9.81172 5.53998 12.4275
    endloop
  endfacet
  facet normal -0.00217133 -0.34225 0.939606
    outer loop
      vertex 7.58637 21.1266 18.1005
      vertex 9.45537 5.62037 12.4567
      vertex 9.46039 5.61924 12.4563
    endloop
  endfacet
  facet normal 0.0150043 -0.340684 0.940058
    outer loop
      vertex 9.10011 5.68225 12.4792
      vertex 7.58637 21.1266 18.1005
      vertex 9.09503 5.68313 12.4796
    endloop
  endfacet
  facet normal -0.000148271 -0.34203 0.939689
    outer loop
      vertex 7.58637 21.1266 18.1005
      vertex 8.73169 5.72807 12.4959
      vertex 9.09503 5.68313 12.4796
    endloop
  endfacet
  facet normal 5.36794e-07 -0.34202 0.939693
    outer loop
      vertex 7.58637 21.1266 18.1005
      vertex 8.37149 5.75472 12.5056
      vertex 8.73169 5.72807 12.4959
    endloop
  endfacet
  facet normal 0.0113227 -0.341487 0.939818
    outer loop
      vertex 7.58637 21.1266 18.1005
      vertex 8.36635 5.7551 12.5058
      vertex 8.37149 5.75472 12.5056
    endloop
  endfacet
  facet normal -0.000102426 -0.342023 0.939691
    outer loop
      vertex 8.36119 5.75522 12.5058
      vertex 7.58637 21.1266 18.1005
      vertex 8 5.76412 12.509
    endloop
  endfacet
  facet normal 0 -0.342021 0.939692
    outer loop
      vertex -7.58637 21.1266 18.1005
      vertex 8 5.76412 12.509
      vertex 7.58637 21.1266 18.1005
    endloop
  endfacet
  facet normal 0 -0.342021 0.939692
    outer loop
      vertex -7.58637 21.1266 18.1005
      vertex -8 5.76412 12.509
      vertex 8 5.76412 12.509
    endloop
  endfacet
  facet normal 0.000102426 -0.342023 0.939691
    outer loop
      vertex -7.58637 21.1266 18.1005
      vertex -8.36119 5.75522 12.5058
      vertex -8 5.76412 12.509
    endloop
  endfacet
  facet normal 0.00796191 -0.342362 0.939534
    outer loop
      vertex -7.58637 21.1266 18.1005
      vertex -8.36635 5.7551 12.5058
      vertex -8.36119 5.75522 12.5058
    endloop
  endfacet
  facet normal -0.0113227 -0.341487 0.939818
    outer loop
      vertex -7.58637 21.1266 18.1005
      vertex -8.37149 5.75472 12.5056
      vertex -8.36635 5.7551 12.5058
    endloop
  endfacet
  facet normal -5.36794e-07 -0.34202 0.939693
    outer loop
      vertex -7.58637 21.1266 18.1005
      vertex -8.73169 5.72807 12.4959
      vertex -8.37149 5.75472 12.5056
    endloop
  endfacet
  facet normal 0.000148271 -0.34203 0.939689
    outer loop
      vertex -7.58637 21.1266 18.1005
      vertex -9.09503 5.68313 12.4796
      vertex -8.73169 5.72807 12.4959
    endloop
  endfacet
  facet normal -0.0150043 -0.340684 0.940058
    outer loop
      vertex -7.58637 21.1266 18.1005
      vertex -9.10011 5.68225 12.4792
      vertex -9.09503 5.68313 12.4796
    endloop
  endfacet
  facet normal 6.06649e-05 -0.342026 0.93969
    outer loop
      vertex -7.58637 21.1266 18.1005
      vertex -9.45537 5.62037 12.4567
      vertex -9.10011 5.68225 12.4792
    endloop
  endfacet
  facet normal 0.00217133 -0.34225 0.939606
    outer loop
      vertex -7.58637 21.1266 18.1005
      vertex -9.46039 5.61924 12.4563
      vertex -9.45537 5.62037 12.4567
    endloop
  endfacet
  facet normal 0.000132509 -0.342033 0.939688
    outer loop
      vertex -7.58637 21.1266 18.1005
      vertex -9.81172 5.53998 12.4275
      vertex -9.46039 5.61924 12.4563
    endloop
  endfacet
  facet normal -7.78666e-06 -0.342016 0.939694
    outer loop
      vertex -7.58637 21.1266 18.1005
      vertex -10.1582 5.44355 12.3924
      vertex -9.81172 5.53998 12.4275
    endloop
  endfacet
  facet normal 0.000457067 -0.342083 0.93967
    outer loop
      vertex -7.58637 21.1266 18.1005
      vertex -10.1631 5.44217 12.3919
      vertex -10.1582 5.44355 12.3924
    endloop
  endfacet
  facet normal -0.000168205 -0.341992 0.939703
    outer loop
      vertex -7.58637 21.1266 18.1005
      vertex -10.5086 5.32721 12.35
      vertex -10.1631 5.44217 12.3919
    endloop
  endfacet
  facet normal -0.00496668 -0.341204 0.939976
    outer loop
      vertex -7.58637 21.1266 18.1005
      vertex -10.5133 5.32535 12.3493
      vertex -10.5086 5.32721 12.35
    endloop
  endfacet
  facet normal 0.000275318 -0.342066 0.939676
    outer loop
      vertex -7.58637 21.1266 18.1005
      vertex -10.8472 5.19542 12.3021
      vertex -10.5133 5.32535 12.3493
    endloop
  endfacet
  facet normal -8.88841e-06 -0.342015 0.939695
    outer loop
      vertex -7.58637 21.1266 18.1005
      vertex -11.1733 5.04926 12.2489
      vertex -10.8472 5.19542 12.3021
    endloop
  endfacet
  facet normal -0.00894225 -0.34024 0.940296
    outer loop
      vertex -7.58637 21.1266 18.1005
      vertex -11.1779 5.04717 12.2481
      vertex -11.1733 5.04926 12.2489
    endloop
  endfacet
  facet normal 3.58304e-05 -0.342025 0.939691
    outer loop
      vertex -7.58637 21.1266 18.1005
      vertex -11.5 4.88284 12.1883
      vertex -11.1779 5.04717 12.2481
    endloop
  endfacet
  facet normal 0.00606891 -0.343302 0.939205
    outer loop
      vertex -7.58637 21.1266 18.1005
      vertex -11.5044 4.8803 12.1874
      vertex -11.5 4.88284 12.1883
    endloop
  endfacet
  facet normal -0.000114898 -0.341992 0.939703
    outer loop
      vertex -7.58637 21.1266 18.1005
      vertex -11.8125 4.7029 12.1228
      vertex -11.5044 4.8803 12.1874
    endloop
  endfacet
  facet normal -4.36464e-05 -0.342008 0.939697
    outer loop
      vertex -7.58637 21.1266 18.1005
      vertex -12.1145 4.50786 12.0518
      vertex -11.8125 4.7029 12.1228
    endloop
  endfacet
  facet normal -0.00646704 -0.340455 0.940238
    outer loop
      vertex -7.58637 21.1266 18.1005
      vertex -12.1186 4.5049 12.0507
      vertex -12.1145 4.50786 12.0518
    endloop
  endfacet
  facet normal 0.000118184 -0.342048 0.939682
    outer loop
      vertex -7.58637 21.1266 18.1005
      vertex -12.4052 4.29821 11.9755
      vertex -12.1186 4.5049 12.0507
    endloop
  endfacet
  facet normal -0.000199772 -0.341968 0.939712
    outer loop
      vertex -7.58637 21.1266 18.1005
      vertex -12.68 4.07771 11.8952
      vertex -12.4052 4.29821 11.9755
    endloop
  endfacet
  facet normal 0.0147463 -0.345871 0.938166
    outer loop
      vertex -7.58637 21.1266 18.1005
      vertex -12.6839 4.07456 11.8941
      vertex -12.68 4.07771 11.8952
    endloop
  endfacet
  facet normal -8.53384e-05 -0.341996 0.939701
    outer loop
      vertex -7.58637 21.1266 18.1005
      vertex -12.9497 3.8375 11.8078
      vertex -12.6839 4.07456 11.8941
    endloop
  endfacet
  facet normal 4.49071e-07 -0.342019 0.939693
    outer loop
      vertex -24.55 -0.813731 10.1149
      vertex -12.9497 3.8375 11.8078
      vertex -7.58637 21.1266 18.1005
    endloop
  endfacet
  facet normal 0.0034069 -0.349509 0.936927
    outer loop
      vertex -12.9497 3.8375 11.8078
      vertex -24.55 -0.813731 10.1149
      vertex -12.9533 3.83398 11.8065
    endloop
  endfacet
  facet normal -8.59183e-05 -0.341826 0.939763
    outer loop
      vertex -12.9533 3.83398 11.8065
      vertex -24.55 -0.813731 10.1149
      vertex -13.202 3.58771 11.7169
    endloop
  endfacet
  facet normal -3.63494e-05 -0.341939 0.939722
    outer loop
      vertex -13.202 3.58771 11.7169
      vertex -24.55 -0.813731 10.1149
      vertex -13.44 3.32583 11.6216
    endloop
  endfacet
  facet normal 0.000111125 -0.342288 0.939595
    outer loop
      vertex -13.44 3.32583 11.6216
      vertex -24.55 -0.813731 10.1149
      vertex -13.66 3.05647 11.5235
    endloop
  endfacet
  facet normal -0.000151629 -0.341635 0.939833
    outer loop
      vertex -13.66 3.05647 11.5235
      vertex -24.55 -0.813731 10.1149
      vertex -13.6631 3.05262 11.5221
    endloop
  endfacet
  facet normal -0.00631168 -0.326264 0.945258
    outer loop
      vertex -13.6631 3.05262 11.5221
      vertex -24.55 -0.813731 10.1149
      vertex -13.666 3.04862 11.5207
    endloop
  endfacet
  facet normal 9.61503e-05 -0.342264 0.939604
    outer loop
      vertex -13.666 3.04862 11.5207
      vertex -24.55 -0.813731 10.1149
      vertex -13.8707 2.76882 11.4188
    endloop
  endfacet
  facet normal -0.000662094 -0.340267 0.940329
    outer loop
      vertex -13.8707 2.76882 11.4188
      vertex -24.55 -0.813731 10.1149
      vertex -13.8734 2.76468 11.4173
    endloop
  endfacet
  facet normal -8.75891e-05 -0.341781 0.93978
    outer loop
      vertex -13.8734 2.76468 11.4173
      vertex -24.55 -0.813731 10.1149
      vertex -14.0622 2.47519 11.312
    endloop
  endfacet
  facet normal 5.37761e-05 -0.342179 0.939635
    outer loop
      vertex -14.0622 2.47519 11.312
      vertex -24.55 -0.813731 10.1149
      vertex -14.237 2.17255 11.2018
    endloop
  endfacet
  facet normal -3.18745e-05 -0.341918 0.93973
    outer loop
      vertex -14.237 2.17255 11.2018
      vertex -24.55 -0.813731 10.1149
      vertex -14.3948 1.86172 11.0887
    endloop
  endfacet
  facet normal 2.50046e-05 -0.342109 0.93966
    outer loop
      vertex -14.3948 1.86172 11.0887
      vertex -24.55 -0.813731 10.1149
      vertex -14.5331 1.54804 10.9745
    endloop
  endfacet
  facet normal -0.0016833 -0.335703 0.941966
    outer loop
      vertex -14.5331 1.54804 10.9745
      vertex -24.55 -0.813731 10.1149
      vertex -14.535 1.54356 10.9729
    endloop
  endfacet
  facet normal 0.0019481 -0.349323 0.937
    outer loop
      vertex -14.535 1.54356 10.9729
      vertex -24.55 -0.813731 10.1149
      vertex -14.5368 1.53899 10.9712
    endloop
  endfacet
  facet normal 0.00183692 -0.353523 0.935424
    outer loop
      vertex -24.55 -0.813731 10.1149
      vertex -14.848 0.549098 10.6109
      vertex -14.847 0.553866 10.6127
    endloop
  endfacet
  facet normal 0 -0.342024 0.939691
    outer loop
      vertex -14.9904 -0.469477 10.2402
      vertex -24.55 -0.813731 10.1149
      vertex -15 -0.813731 10.1149
    endloop
  endfacet
  facet normal 3.78858e-07 -0.342034 0.939688
    outer loop
      vertex -14.962 -0.131003 10.3634
      vertex -24.55 -0.813731 10.1149
      vertex -14.9904 -0.469477 10.2402
    endloop
  endfacet
  facet normal 0.000557448 -0.348933 0.937148
    outer loop
      vertex -14.9616 -0.126168 10.3652
      vertex -24.55 -0.813731 10.1149
      vertex -14.962 -0.131003 10.3634
    endloop
  endfacet
  facet normal -0.000713704 -0.333274 0.94283
    outer loop
      vertex -14.961 -0.12136 10.3669
      vertex -24.55 -0.813731 10.1149
      vertex -14.9616 -0.126168 10.3652
    endloop
  endfacet
  facet normal -3.83642e-06 -0.34197 0.939711
    outer loop
      vertex -14.9138 0.215261 10.4894
      vertex -24.55 -0.813731 10.1149
      vertex -14.961 -0.12136 10.3669
    endloop
  endfacet
  facet normal 1.70531e-07 -0.342003 0.939699
    outer loop
      vertex -14.848 0.549098 10.6109
      vertex -24.55 -0.813731 10.1149
      vertex -14.9138 0.215261 10.4894
    endloop
  endfacet
  facet normal -0.000484269 -0.339006 0.940784
    outer loop
      vertex -14.8458 0.558582 10.6144
      vertex -24.55 -0.813731 10.1149
      vertex -14.847 0.553866 10.6127
    endloop
  endfacet
  facet normal -2.84943e-05 -0.341854 0.939753
    outer loop
      vertex -14.7615 0.888729 10.7345
      vertex -24.55 -0.813731 10.1149
      vertex -14.8458 0.558582 10.6144
    endloop
  endfacet
  facet normal 1.32733e-05 -0.342066 0.939676
    outer loop
      vertex -14.6574 1.21893 10.8547
      vertex -24.55 -0.813731 10.1149
      vertex -14.7615 0.888729 10.7345
    endloop
  endfacet
  facet normal 7.91953e-06 -0.342043 0.939684
    outer loop
      vertex -14.5368 1.53899 10.9712
      vertex -24.55 -0.813731 10.1149
      vertex -14.6574 1.21893 10.8547
    endloop
  endfacet
  facet normal 0.878824 -0.448369 -0.163196
    outer loop
      vertex -21.7967 8.92968 16.3494
      vertex -21.2609 10.721 14.3132
      vertex -21.2609 9.85703 16.6869
    endloop
  endfacet
  facet normal 0.878812 -0.448386 -0.163214
    outer loop
      vertex -21.2609 10.721 14.3132
      vertex -21.7967 8.92968 16.3494
      vertex -21.8742 9.65958 13.9269
    endloop
  endfacet
  facet normal 0 -0.342115 0.939658
    outer loop
      vertex 3.84047 21.9717 18.4081
      vertex 0 22.2557 18.5115
      vertex -3.84047 21.9717 18.4081
    endloop
  endfacet
  facet normal -0.60878 0.745502 0.27132
    outer loop
      vertex 15.4498 -18.7421 3.58952
      vertex 14.4301 -20.3413 5.69564
      vertex 15.4498 -19.606 5.96324
    endloop
  endfacet
  facet normal -0.608734 0.745525 0.27136
    outer loop
      vertex 14.4301 -20.3413 5.69564
      vertex 15.4498 -18.7421 3.58952
      vertex 14.4301 -19.4773 3.32192
    endloop
  endfacet
  facet normal -2.88947e-05 -0.342054 0.93968
    outer loop
      vertex 19.8614 12.7462 15.0503
      vertex 17.3595 15.4988 16.0522
      vertex 14.4301 17.8498 16.9079
    endloop
  endfacet
  facet normal 0.999658 0.0245703 0.0089428
    outer loop
      vertex -24.5204 -2.69264 11.9684
      vertex -24.55 -0.813731 10.1149
      vertex -24.55 -1.62709 12.3496
    endloop
  endfacet
  facet normal 0.999658 0.0245664 0.00893882
    outer loop
      vertex -24.55 -0.813731 10.1149
      vertex -24.5204 -2.69264 11.9684
      vertex -24.5164 -2.02109 9.67546
    endloop
  endfacet
  facet normal -0.972378 0.219327 0.0798531
    outer loop
      vertex 23.9271 -6.79539 10.5725
      vertex 24.0135 -5.61014 8.36915
      vertex 23.7135 -6.78455 7.9417
    endloop
  endfacet
  facet normal -0.972411 0.219204 0.0797856
    outer loop
      vertex 24.0135 -5.61014 8.36915
      vertex 23.9271 -6.79539 10.5725
      vertex 24.0135 -6.45335 10.6858
    endloop
  endfacet
  facet normal -0.972368 0.219373 0.0798524
    outer loop
      vertex 23.7135 -6.78455 7.9417
      vertex 23.7765 -7.39005 10.3723
      vertex 23.9271 -6.79539 10.5725
    endloop
  endfacet
  facet normal -0.972324 0.219551 0.0798956
    outer loop
      vertex 23.7765 -7.39005 10.3723
      vertex 23.7135 -6.78455 7.9417
      vertex 23.7509 -7.49087 10.3378
    endloop
  endfacet
  facet normal -0.760502 0.610173 0.222094
    outer loop
      vertex 19.0789 -16.1958 7.20448
      vertex 19.0789 -15.3318 4.83076
      vertex 18.9735 -16.3118 7.16226
    endloop
  endfacet
  facet normal -1.21634e-05 -0.342023 0.939692
    outer loop
      vertex 24.55 -0.813731 10.1149
      vertex 23.3484 6.31512 12.7096
      vertex 19.8614 12.7462 15.0503
    endloop
  endfacet
  facet normal -9.20978e-07 -0.34202 0.939693
    outer loop
      vertex 24.55 -0.813731 10.1149
      vertex 19.8614 12.7462 15.0503
      vertex 7.58637 21.1266 18.1005
    endloop
  endfacet
  facet normal -0.902783 -0.404158 -0.147102
    outer loop
      vertex 22.4275 8.56946 13.5301
      vertex 22.4275 7.7055 15.9038
      vertex 22.3577 7.84318 15.9539
    endloop
  endfacet
  facet normal 0.000146223 -0.341939 0.939722
    outer loop
      vertex 22.9194 7.45362 13.124
      vertex 22.4275 8.56946 13.5301
      vertex 19.8614 12.7462 15.0503
    endloop
  endfacet
  facet normal 0.0256308 0.939392 0.341886
    outer loop
      vertex 0 -24.7471 4.09203
      vertex 0 -23.8832 1.71831
      vertex -0.16228 -24.7432 4.09348
    endloop
  endfacet
  facet normal -0.0256308 0.939392 0.341886
    outer loop
      vertex 0.16228 -24.7432 4.09348
      vertex 0 -23.8832 1.71831
      vertex 0 -24.7471 4.09203
    endloop
  endfacet
  facet normal -3.53449e-05 -0.342316 0.939585
    outer loop
      vertex -2.56617 -23.7568 1.76431
      vertex -1.28485 -23.8516 1.72982
      vertex -3.84047 -23.5992 1.82168
    endloop
  endfacet
  facet normal 0 -0.342244 0.939611
    outer loop
      vertex 0 -23.8832 1.71831
      vertex 1.28485 -23.8516 1.72982
      vertex -1.28485 -23.8516 1.72982
    endloop
  endfacet
  facet normal -3.34739e-06 -0.342011 0.939696
    outer loop
      vertex 11.1455 -21.3688 2.63348
      vertex 14.4301 -19.4773 3.32192
      vertex 3.84047 -23.5992 1.82168
    endloop
  endfacet
  facet normal -0.923719 -0.359969 -0.131019
    outer loop
      vertex 22.4275 8.56946 13.5301
      vertex 22.4897 7.56456 15.8525
      vertex 22.4275 7.7055 15.9038
    endloop
  endfacet
  facet normal -0.000420316 -0.342047 0.939683
    outer loop
      vertex 24.55 -0.813731 10.1149
      vertex 24.4155 1.59768 10.9926
      vertex 24.2477 2.79513 11.4284
    endloop
  endfacet
  facet normal -0.333814 -0.885793 -0.322397
    outer loop
      vertex 7.58637 21.1266 18.1005
      vertex 8.6661 20.023 20.0147
      vertex 7.58637 20.4299 20.0147
    endloop
  endfacet
  facet normal -0.333757 -0.885801 -0.322433
    outer loop
      vertex 8.6661 20.023 20.0147
      vertex 7.58637 21.1266 18.1005
      vertex 8.79793 20.7235 17.9538
    endloop
  endfacet
  facet normal 7.1445e-05 -0.342011 0.939696
    outer loop
      vertex 24.55 -0.813731 10.1149
      vertex 24.2477 2.79513 11.4284
      vertex 23.3484 6.31512 12.7096
    endloop
  endfacet
  facet normal -0.283981 -0.901007 -0.327934
    outer loop
      vertex 7.58637 21.1266 18.1005
      vertex 7.58637 20.4299 20.0147
      vertex 7.46168 20.4692 20.0147
    endloop
  endfacet
  facet normal -0.649431 -0.714557 -0.260091
    outer loop
      vertex 15.4498 17.1146 16.6403
      vertex 16.4272 15.4662 18.7285
      vertex 15.4498 16.2506 19.014
    endloop
  endfacet
  facet normal -0.649431 -0.714557 -0.260091
    outer loop
      vertex 16.4272 15.4662 18.7285
      vertex 15.4498 17.1146 16.6403
      vertex 16.4272 16.3302 16.3548
    endloop
  endfacet
  facet normal -0.688369 -0.681608 -0.248108
    outer loop
      vertex 17.3595 15.4988 16.0522
      vertex 16.5449 15.3612 18.6903
      vertex 16.4272 16.3302 16.3548
    endloop
  endfacet
  facet normal -0.688309 -0.681675 -0.248093
    outer loop
      vertex 16.5449 15.3612 18.6903
      vertex 17.3595 15.4988 16.0522
      vertex 17.3595 14.6349 18.4259
    endloop
  endfacet
  facet normal -0.608768 -0.745509 -0.271326
    outer loop
      vertex 14.4301 17.8498 16.9079
      vertex 15.321 16.3435 19.0478
      vertex 14.4301 16.9859 19.2816
    endloop
  endfacet
  facet normal -0.608734 -0.745527 -0.271352
    outer loop
      vertex 15.321 16.3435 19.0478
      vertex 14.4301 17.8498 16.9079
      vertex 15.4498 17.1146 16.6403
    endloop
  endfacet
  facet normal -0.430448 -0.848176 -0.308726
    outer loop
      vertex 11.1455 19.7413 17.5963
      vertex 11.1455 18.8773 19.97
      vertex 10.9989 18.943 19.9939
    endloop
  endfacet
  facet normal -7.1445e-05 -0.342011 0.939696
    outer loop
      vertex -23.3484 6.31512 12.7096
      vertex -24.2477 2.79513 11.4284
      vertex -24.55 -0.813731 10.1149
    endloop
  endfacet
  facet normal -0.383156 -0.86798 -0.315916
    outer loop
      vertex 8.79793 20.7235 17.9538
      vertex 8.92932 19.9154 20.0147
      vertex 8.79793 19.9734 20.0147
    endloop
  endfacet
  facet normal -2.45581e-06 -0.342021 0.939692
    outer loop
      vertex -22.9194 -9.08108 7.10583
      vertex -19.0789 -15.3318 4.83076
      vertex -24.55 -0.813731 10.1149
    endloop
  endfacet
  facet normal 0.182231 0.923966 0.33627
    outer loop
      vertex -3.84047 -24.4631 4.19541
      vertex -3.84047 -23.5992 1.82168
      vertex -4.00008 -24.4353 4.20552
    endloop
  endfacet
  facet normal 0.0262434 0.939377 0.34188
    outer loop
      vertex -0.16228 -24.7432 4.09348
      vertex -1.28485 -23.8516 1.72982
      vertex -1.28485 -24.7155 4.10354
    endloop
  endfacet
  facet normal 0.026166 0.939367 0.341913
    outer loop
      vertex -1.28485 -23.8516 1.72982
      vertex -0.16228 -24.7432 4.09348
      vertex 0 -23.8832 1.71831
    endloop
  endfacet
  facet normal -9.74133e-05 -0.34197 0.939711
    outer loop
      vertex 21.2609 -12.3485 5.91661
      vertex 22.9194 -9.08108 7.10583
      vertex 19.8614 -14.3736 5.17951
    endloop
  endfacet
  facet normal 0.942604 0.313762 0.11424
    outer loop
      vertex -23.157 -9.31405 9.70772
      vertex -23.3484 -7.94258 7.52021
      vertex -23.2944 -8.94831 9.83691
    endloop
  endfacet
  facet normal 0.942651 0.313649 0.114165
    outer loop
      vertex -23.3484 -7.94258 7.52021
      vertex -23.157 -9.31405 9.70772
      vertex -22.9194 -9.08108 7.10583
    endloop
  endfacet
  facet normal 0.942649 0.313656 0.114165
    outer loop
      vertex -23.055 -9.58505 9.61006
      vertex -22.9194 -9.08108 7.10583
      vertex -23.157 -9.31405 9.70772
    endloop
  endfacet
  facet normal 0.942637 0.313687 0.114171
    outer loop
      vertex -23 -9.73116 9.5574
      vertex -22.9194 -9.08108 7.10583
      vertex -23.055 -9.58505 9.61006
    endloop
  endfacet
  facet normal 0.942646 0.313664 0.114165
    outer loop
      vertex -22.9194 -9.08108 7.10583
      vertex -23 -9.73116 9.5574
      vertex -22.9194 -9.94505 9.47955
    endloop
  endfacet
  facet normal 1.2142e-05 -0.341971 0.93971
    outer loop
      vertex -7.58637 -22.7541 2.12927
      vertex -3.84047 -23.5992 1.82168
      vertex -9.98538 -21.8887 2.44423
    endloop
  endfacet
  facet normal -0.972374 0.219349 0.079837
    outer loop
      vertex 23.7509 -7.49087 10.3378
      vertex 23.7135 -6.78455 7.9417
      vertex 23.7135 -7.63832 10.2874
    endloop
  endfacet
  facet normal 4.32544e-05 -0.342055 0.93968
    outer loop
      vertex 18.2442 -16.2502 4.49649
      vertex 19.0789 -15.3318 4.83076
      vertex 17.3595 -17.1263 4.17762
    endloop
  endfacet
  facet normal 2.84356e-05 -0.34213 0.939653
    outer loop
      vertex 6.35401 -23.0971 2.00442
      vertex 7.58637 -22.7541 2.12927
      vertex 3.84047 -23.5992 1.82168
    endloop
  endfacet
  facet normal -1.95207e-05 -0.342031 0.939689
    outer loop
      vertex 24.2477 2.79513 11.4284
      vertex 23.7135 5.15708 12.2881
      vertex 23.3484 6.31512 12.7096
    endloop
  endfacet
  facet normal -0.991444 -0.122661 -0.0446444
    outer loop
      vertex 24.4155 1.59768 10.9926
      vertex 24.4155 0.775369 13.2519
      vertex 24.3953 0.91826 13.3079
    endloop
  endfacet
  facet normal -3.95483e-05 -0.342184 0.939633
    outer loop
      vertex 7.58637 21.1266 18.1005
      vertex 5.10423 21.7516 18.328
      vertex 3.84047 21.9717 18.4081
    endloop
  endfacet
  facet normal -2.22384e-05 -0.34238 0.939561
    outer loop
      vertex 3.84047 21.9717 18.4081
      vertex 2.56617 22.1293 18.4655
      vertex 0 22.2557 18.5115
    endloop
  endfacet
  facet normal -0.000720524 -0.342609 0.939478
    outer loop
      vertex 19.8614 12.7462 15.0503
      vertex 19.0789 13.7043 15.3991
      vertex 17.3595 15.4988 16.0522
    endloop
  endfacet
  facet normal -0.958808 -0.266928 -0.0971472
    outer loop
      vertex 23.4693 5.07205 14.9319
      vertex 23.3484 6.31512 12.7096
      vertex 23.7135 5.15708 12.2881
    endloop
  endfacet
  facet normal -0.9588 -0.26695 -0.0971597
    outer loop
      vertex 23.3484 6.31512 12.7096
      vertex 23.4693 5.07205 14.9319
      vertex 23.3484 5.45362 15.0766
    endloop
  endfacet
  facet normal -0.958835 -0.266831 -0.0971465
    outer loop
      vertex 23.7135 5.15708 12.2881
      vertex 23.6237 4.58549 14.7444
      vertex 23.4693 5.07205 14.9319
    endloop
  endfacet
  facet normal -0.958776 -0.267024 -0.0971895
    outer loop
      vertex 23.6237 4.58549 14.7444
      vertex 23.7135 5.15708 12.2881
      vertex 23.7135 4.30331 14.6338
    endloop
  endfacet
  facet normal -0.991441 -0.122688 -0.044632
    outer loop
      vertex 24.362 1.15413 13.4003
      vertex 24.2477 2.79513 11.4284
      vertex 24.4155 1.59768 10.9926
    endloop
  endfacet
  facet normal -0.991434 -0.122734 -0.0446706
    outer loop
      vertex 24.2477 2.79513 11.4284
      vertex 24.362 1.15413 13.4003
      vertex 24.2477 1.96304 13.7146
    endloop
  endfacet
  facet normal -0.991466 -0.122503 -0.0445985
    outer loop
      vertex 24.362 1.15413 13.4003
      vertex 24.4155 1.59768 10.9926
      vertex 24.3953 0.91826 13.3079
    endloop
  endfacet
  facet normal -0.688483 -0.68151 -0.248062
    outer loop
      vertex 16.4272 16.3302 16.3548
      vertex 16.5449 15.3612 18.6903
      vertex 16.4272 15.4662 18.7285
    endloop
  endfacet
  facet normal -4.92475e-05 -0.342045 0.939684
    outer loop
      vertex 22.4275 8.56946 13.5301
      vertex 21.2609 10.721 14.3132
      vertex 19.8614 12.7462 15.0503
    endloop
  endfacet
  facet normal -0.477162 -0.825811 -0.300586
    outer loop
      vertex 11.1455 19.7413 17.5963
      vertex 12.1323 18.3738 19.7868
      vertex 11.1455 18.8773 19.97
    endloop
  endfacet
  facet normal -0.477158 -0.825813 -0.300589
    outer loop
      vertex 12.1323 18.3738 19.7868
      vertex 11.1455 19.7413 17.5963
      vertex 12.275 19.165 17.3866
    endloop
  endfacet
  facet normal -0.477127 -0.825829 -0.300592
    outer loop
      vertex 12.275 19.165 17.3866
      vertex 12.275 18.301 19.7603
      vertex 12.1323 18.3738 19.7868
    endloop
  endfacet
  facet normal 0.0784215 -0.936811 -0.340933
    outer loop
      vertex -2.56617 22.1293 18.4655
      vertex -1.38831 21.6641 20.0147
      vertex -2.56617 21.5655 20.0147
    endloop
  endfacet
  facet normal 0.0784904 -0.936788 -0.340979
    outer loop
      vertex -1.38831 21.6641 20.0147
      vertex -2.56617 22.1293 18.4655
      vertex -1.28485 22.2241 18.5
    endloop
  endfacet
  facet normal 6.31708e-05 -0.341953 0.939717
    outer loop
      vertex 17.3595 15.4988 16.0522
      vertex 16.4272 16.3302 16.3548
      vertex 14.4301 17.8498 16.9079
    endloop
  endfacet
  facet normal -0.923867 -0.359642 -0.130873
    outer loop
      vertex 22.9194 7.45362 13.124
      vertex 22.4897 7.56456 15.8525
      vertex 22.4275 8.56946 13.5301
    endloop
  endfacet
  facet normal -0.923888 -0.359585 -0.130879
    outer loop
      vertex 22.4897 7.56456 15.8525
      vertex 22.9194 7.45362 13.124
      vertex 22.9194 6.58966 15.4977
    endloop
  endfacet
  facet normal -0.522501 -0.801214 -0.291633
    outer loop
      vertex 12.275 19.165 17.3866
      vertex 12.4134 18.2213 19.7313
      vertex 12.275 18.301 19.7603
    endloop
  endfacet
  facet normal -0.522459 -0.801236 -0.291644
    outer loop
      vertex 12.275 19.165 17.3866
      vertex 13.3709 17.67 19.5306
      vertex 12.4134 18.2213 19.7313
    endloop
  endfacet
  facet normal -0.522518 -0.801215 -0.291599
    outer loop
      vertex 13.3709 17.67 19.5306
      vertex 12.275 19.165 17.3866
      vertex 13.3709 18.5339 17.1569
    endloop
  endfacet
  facet normal -0.878717 -0.448556 -0.163262
    outer loop
      vertex 21.8742 9.65958 13.9269
      vertex 21.8742 8.79562 16.3006
      vertex 21.7967 8.92968 16.3494
    endloop
  endfacet
  facet normal 0.522501 -0.801214 -0.291633
    outer loop
      vertex -12.275 19.165 17.3866
      vertex -12.275 18.301 19.7603
      vertex -12.4134 18.2213 19.7313
    endloop
  endfacet
  facet normal 0 -0.342029 0.939689
    outer loop
      vertex -3.84047 21.9717 18.4081
      vertex 7.58637 21.1266 18.1005
      vertex 3.84047 21.9717 18.4081
    endloop
  endfacet
  facet normal 0 -0.342029 0.939689
    outer loop
      vertex 7.58637 21.1266 18.1005
      vertex -3.84047 21.9717 18.4081
      vertex -7.58637 21.1266 18.1005
    endloop
  endfacet
  facet normal 0.130505 -0.931668 -0.339062
    outer loop
      vertex -3.84047 21.387 20.0147
      vertex -2.56617 22.1293 18.4655
      vertex -2.56617 21.5655 20.0147
    endloop
  endfacet
  facet normal 0.130498 -0.931667 -0.339067
    outer loop
      vertex -2.56617 22.1293 18.4655
      vertex -3.84047 21.387 20.0147
      vertex -3.84047 21.9717 18.4081
    endloop
  endfacet
  facet normal 0.382674 -0.868156 -0.316016
    outer loop
      vertex -9.98538 19.4499 20.0147
      vertex -8.79793 20.7235 17.9538
      vertex -8.92932 19.9154 20.0147
    endloop
  endfacet
  facet normal 0.382681 -0.868155 -0.316011
    outer loop
      vertex -8.79793 20.7235 17.9538
      vertex -9.98538 19.4499 20.0147
      vertex -9.98538 20.2613 17.7856
    endloop
  endfacet
  facet normal -0.85259 0.491069 0.178721
    outer loop
      vertex 20.6742 -14.1122 7.96285
      vertex 20.5894 -13.3783 5.54179
      vertex 20.5894 -14.2422 7.91551
    endloop
  endfacet
  facet normal -0.852662 0.490956 0.17869
    outer loop
      vertex 20.6742 -14.1122 7.96285
      vertex 21.2609 -12.3485 5.91661
      vertex 20.5894 -13.3783 5.54179
    endloop
  endfacet
  facet normal -0.852672 0.490943 0.178675
    outer loop
      vertex 21.2609 -12.3485 5.91661
      vertex 20.6742 -14.1122 7.96285
      vertex 21.2609 -13.2124 8.29033
    endloop
  endfacet
  facet normal 3.15905e-06 -0.34202 0.939693
    outer loop
      vertex -23.7135 -6.78455 7.9417
      vertex -22.9194 -9.08108 7.10583
      vertex -24.55 -0.813731 10.1149
    endloop
  endfacet
  facet normal 0 -0.34202 0.939693
    outer loop
      vertex -15 -0.813731 10.1149
      vertex -24.55 -0.813731 10.1149
      vertex -19.0789 -15.3318 4.83076
    endloop
  endfacet
  facet normal 0 -0.348007 0.937492
    outer loop
      vertex 14.9999 -0.81858 10.1131
      vertex 24.55 -0.813731 10.1149
      vertex 15 -0.813731 10.1149
    endloop
  endfacet
  facet normal -3.50408e-06 -0.341934 0.939724
    outer loop
      vertex 14.9904 -1.15799 9.9896
      vertex 24.55 -0.813731 10.1149
      vertex 14.9999 -0.81858 10.1131
    endloop
  endfacet
  facet normal -9.41877e-08 -0.342018 0.939693
    outer loop
      vertex 14.9616 -1.50129 9.86465
      vertex 24.55 -0.813731 10.1149
      vertex 14.9904 -1.15799 9.9896
    endloop
  endfacet
  facet normal -5.6723e-07 -0.342012 0.939696
    outer loop
      vertex 14.9145 -1.83792 9.74213
      vertex 24.55 -0.813731 10.1149
      vertex 14.9616 -1.50129 9.86465
    endloop
  endfacet
  facet normal -1.42712e-05 -0.341898 0.939737
    outer loop
      vertex 14.9138 -1.84273 9.74038
      vertex 24.55 -0.813731 10.1149
      vertex 14.9145 -1.83792 9.74213
    endloop
  endfacet
  facet normal 4.0151e-07 -0.342019 0.939693
    outer loop
      vertex 14.847 -2.18133 9.61714
      vertex 24.55 -0.813731 10.1149
      vertex 14.9138 -1.84273 9.74038
    endloop
  endfacet
  facet normal 6.04939e-05 -0.342396 0.939556
    outer loop
      vertex 14.8458 -2.18605 9.61542
      vertex 24.55 -0.813731 10.1149
      vertex 14.847 -2.18133 9.61714
    endloop
  endfacet
  facet normal -1.44895e-07 -0.342017 0.939694
    outer loop
      vertex 14.7615 -2.51619 9.49526
      vertex 24.55 -0.813731 10.1149
      vertex 14.8458 -2.18605 9.61542
    endloop
  endfacet
  facet normal -9.12299e-05 -0.341555 0.939862
    outer loop
      vertex 14.76 -2.52084 9.49357
      vertex 24.55 -0.813731 10.1149
      vertex 14.7615 -2.51619 9.49526
    endloop
  endfacet
  facet normal 3.81283e-06 -0.342036 0.939687
    outer loop
      vertex 14.6574 -2.8464 9.37507
      vertex 24.55 -0.813731 10.1149
      vertex 14.76 -2.52084 9.49357
    endloop
  endfacet
  facet normal 9.71644e-07 -0.342024 0.939691
    outer loop
      vertex 14.5368 -3.16645 9.25858
      vertex 24.55 -0.813731 10.1149
      vertex 14.6574 -2.8464 9.37507
    endloop
  endfacet
  facet normal -0.000178113 -0.341351 0.939936
    outer loop
      vertex 14.535 -3.17102 9.25692
      vertex 24.55 -0.813731 10.1149
      vertex 14.5368 -3.16645 9.25858
    endloop
  endfacet
  facet normal -2.7988e-07 -0.342018 0.939693
    outer loop
      vertex 14.3948 -3.48918 9.14112
      vertex 24.55 -0.813731 10.1149
      vertex 14.535 -3.17102 9.25692
    endloop
  endfacet
  facet normal -2.23107e-06 -0.342011 0.939696
    outer loop
      vertex 14.237 -3.80001 9.02799
      vertex 24.55 -0.813731 10.1149
      vertex 14.3948 -3.48918 9.14112
    endloop
  endfacet
  facet normal 5.77245e-07 -0.34202 0.939693
    outer loop
      vertex 24.55 -0.813731 10.1149
      vertex 14.237 -3.80001 9.02799
      vertex 19.0789 -15.3318 4.83076
    endloop
  endfacet
  facet normal -0.00212749 -0.342808 0.939403
    outer loop
      vertex 14.2346 -3.80427 9.02643
      vertex 19.0789 -15.3318 4.83076
      vertex 14.237 -3.80001 9.02799
    endloop
  endfacet
  facet normal 1.53877e-05 -0.342014 0.939695
    outer loop
      vertex 14.0622 -4.10266 8.91783
      vertex 19.0789 -15.3318 4.83076
      vertex 14.2346 -3.80427 9.02643
    endloop
  endfacet
  facet normal 0.000660848 -0.341759 0.939787
    outer loop
      vertex 14.0595 -4.10679 8.91633
      vertex 19.0789 -15.3318 4.83076
      vertex 14.0622 -4.10266 8.91783
    endloop
  endfacet
  facet normal -1.25327e-05 -0.342025 0.939691
    outer loop
      vertex 13.8707 -4.39628 8.81096
      vertex 19.0789 -15.3318 4.83076
      vertex 14.0595 -4.10679 8.91633
    endloop
  endfacet
  facet normal 6.71377e-06 -0.342017 0.939694
    outer loop
      vertex 13.666 -4.67609 8.70912
      vertex 19.0789 -15.3318 4.83076
      vertex 13.8707 -4.39628 8.81096
    endloop
  endfacet
  facet normal 0.00042741 -0.341828 0.939762
    outer loop
      vertex 13.6631 -4.68008 8.70767
      vertex 19.0789 -15.3318 4.83076
      vertex 13.666 -4.67609 8.70912
    endloop
  endfacet
  facet normal 0.000238905 -0.341913 0.939732
    outer loop
      vertex 13.66 -4.68393 8.70627
      vertex 19.0789 -15.3318 4.83076
      vertex 13.6631 -4.68008 8.70767
    endloop
  endfacet
  facet normal -2.42233e-06 -0.342021 0.939692
    outer loop
      vertex 13.44 -4.95329 8.60823
      vertex 19.0789 -15.3318 4.83076
      vertex 13.66 -4.68393 8.70627
    endloop
  endfacet
  facet normal -1.62763e-05 -0.342028 0.93969
    outer loop
      vertex 13.2054 -5.21148 8.51425
      vertex 19.0789 -15.3318 4.83076
      vertex 13.44 -4.95329 8.60823
    endloop
  endfacet
  facet normal 0.000516952 -0.341755 0.939789
    outer loop
      vertex 13.202 -5.21517 8.51291
      vertex 19.0789 -15.3318 4.83076
      vertex 13.2054 -5.21148 8.51425
    endloop
  endfacet
  facet normal -1.2242e-05 -0.342026 0.93969
    outer loop
      vertex 12.9533 -5.46144 8.42327
      vertex 19.0789 -15.3318 4.83076
      vertex 13.202 -5.21517 8.51291
    endloop
  endfacet
  facet normal 0.000190503 -0.341915 0.939731
    outer loop
      vertex 12.9497 -5.46496 8.42199
      vertex 19.0789 -15.3318 4.83076
      vertex 12.9533 -5.46144 8.42327
    endloop
  endfacet
  facet normal 6.00131e-06 -0.342016 0.939694
    outer loop
      vertex 12.6839 -5.70202 8.33571
      vertex 19.0789 -15.3318 4.83076
      vertex 12.9497 -5.46496 8.42199
    endloop
  endfacet
  facet normal -0.00054802 -0.342341 0.939576
    outer loop
      vertex 12.68 -5.70517 8.33456
      vertex 19.0789 -15.3318 4.83076
      vertex 12.6839 -5.70202 8.33571
    endloop
  endfacet
  facet normal 1.98948e-05 -0.342008 0.939697
    outer loop
      vertex 12.4052 -5.92568 8.25431
      vertex 19.0789 -15.3318 4.83076
      vertex 12.68 -5.70517 8.33456
    endloop
  endfacet
  facet normal -1.54579e-05 -0.34203 0.939689
    outer loop
      vertex 12.1145 -6.13532 8.178
      vertex 19.0789 -15.3318 4.83076
      vertex 12.4052 -5.92568 8.25431
    endloop
  endfacet
  facet normal 2.90731e-06 -0.342018 0.939693
    outer loop
      vertex 11.8167 -6.32762 8.10801
      vertex 19.0789 -15.3318 4.83076
      vertex 12.1145 -6.13532 8.178
    endloop
  endfacet
  facet normal 0.000134279 -0.341924 0.939728
    outer loop
      vertex 11.8125 -6.33037 8.10701
      vertex 19.0789 -15.3318 4.83076
      vertex 11.8167 -6.32762 8.10801
    endloop
  endfacet
  facet normal -1.82178e-06 -0.342021 0.939692
    outer loop
      vertex 11.5 -6.5103 8.04152
      vertex 19.0789 -15.3318 4.83076
      vertex 11.8125 -6.33037 8.10701
    endloop
  endfacet
  facet normal 0.000638338 -0.341535 0.939869
    outer loop
      vertex 11.4955 -6.51262 8.04068
      vertex 19.0789 -15.3318 4.83076
      vertex 11.5 -6.5103 8.04152
    endloop
  endfacet
  facet normal 9.77976e-07 -0.342019 0.939693
    outer loop
      vertex 11.1779 -6.67464 7.98171
      vertex 19.0789 -15.3318 4.83076
      vertex 11.4955 -6.51262 8.04068
    endloop
  endfacet
  facet normal -4.26627e-06 -0.342024 0.939691
    outer loop
      vertex 10.8518 -6.8208 7.92851
      vertex 19.0789 -15.3318 4.83076
      vertex 11.1779 -6.67464 7.98171
    endloop
  endfacet
  facet normal -0.000418155 -0.342377 0.939563
    outer loop
      vertex 10.8472 -6.82288 7.92775
      vertex 19.0789 -15.3318 4.83076
      vertex 10.8518 -6.8208 7.92851
    endloop
  endfacet
  facet normal -4.87626e-06 -0.342024 0.939691
    outer loop
      vertex 10.5086 -6.95467 7.87978
      vertex 19.0789 -15.3318 4.83076
      vertex 10.8472 -6.82288 7.92775
    endloop
  endfacet
  facet normal 0.00138077 -0.340772 0.940145
    outer loop
      vertex 10.5037 -6.95629 7.8792
      vertex 19.0789 -15.3318 4.83076
      vertex 10.5086 -6.95467 7.87978
    endloop
  endfacet
  facet normal -8.07549e-06 -0.342028 0.93969
    outer loop
      vertex 10.1631 -7.06964 7.83794
      vertex 19.0789 -15.3318 4.83076
      vertex 10.5037 -6.95629 7.8792
    endloop
  endfacet
  facet normal -1.25026e-05 -0.342032 0.939688
    outer loop
      vertex 9.81667 -7.16606 7.80284
      vertex 19.0789 -15.3318 4.83076
      vertex 10.1631 -7.06964 7.83794
    endloop
  endfacet
  facet normal 0.000328574 -0.34169 0.939813
    outer loop
      vertex 9.81172 -7.16744 7.80234
      vertex 19.0789 -15.3318 4.83076
      vertex 9.81667 -7.16606 7.80284
    endloop
  endfacet
  facet normal 0.000191722 -0.341828 0.939763
    outer loop
      vertex 9.8067 -7.16857 7.80193
      vertex 19.0789 -15.3318 4.83076
      vertex 9.81172 -7.16744 7.80234
    endloop
  endfacet
  facet normal 4.03221e-06 -0.342016 0.939694
    outer loop
      vertex 9.45537 -7.24784 7.77308
      vertex 19.0789 -15.3318 4.83076
      vertex 9.8067 -7.16857 7.80193
    endloop
  endfacet
  facet normal -2.55859e-06 -0.342023 0.939692
    outer loop
      vertex 9.10011 -7.30971 7.75056
      vertex 19.0789 -15.3318 4.83076
      vertex 9.45537 -7.24784 7.77308
    endloop
  endfacet
  facet normal 0.000597539 -0.341363 0.939931
    outer loop
      vertex 9.09503 -7.3106 7.75024
      vertex 19.0789 -15.3318 4.83076
      vertex 9.10011 -7.30971 7.75056
    endloop
  endfacet
  facet normal -0.000111182 -0.342143 0.939648
    outer loop
      vertex 9.08991 -7.31123 7.75001
      vertex 19.0789 -15.3318 4.83076
      vertex 9.09503 -7.3106 7.75024
    endloop
  endfacet
  facet normal -1.38925e-05 -0.342036 0.939687
    outer loop
      vertex 8.73169 -7.35553 7.73388
      vertex 19.0789 -15.3318 4.83076
      vertex 9.08991 -7.31123 7.75001
    endloop
  endfacet
  facet normal -4.98674e-07 -0.34202 0.939693
    outer loop
      vertex 8.37149 -7.38218 7.72418
      vertex 19.0789 -15.3318 4.83076
      vertex 8.73169 -7.35553 7.73388
    endloop
  endfacet
  facet normal -0.000281207 -0.342354 0.939571
    outer loop
      vertex 8.36635 -7.38256 7.72404
      vertex 19.0789 -15.3318 4.83076
      vertex 8.37149 -7.38218 7.72418
    endloop
  endfacet
  facet normal 7.45753e-06 -0.342011 0.939696
    outer loop
      vertex 8 -7.39158 7.72076
      vertex 19.0789 -15.3318 4.83076
      vertex 8.36635 -7.38256 7.72404
    endloop
  endfacet
  facet normal 0 -0.34202 0.939693
    outer loop
      vertex -8 -7.39158 7.72076
      vertex 19.0789 -15.3318 4.83076
      vertex 8 -7.39158 7.72076
    endloop
  endfacet
  facet normal -7.45753e-06 -0.342011 0.939696
    outer loop
      vertex -19.0789 -15.3318 4.83076
      vertex -8 -7.39158 7.72076
      vertex -8.36635 -7.38256 7.72404
    endloop
  endfacet
  facet normal 0.000281207 -0.342354 0.939571
    outer loop
      vertex -19.0789 -15.3318 4.83076
      vertex -8.36635 -7.38256 7.72404
      vertex -8.37149 -7.38218 7.72418
    endloop
  endfacet
  facet normal 4.98674e-07 -0.34202 0.939693
    outer loop
      vertex -19.0789 -15.3318 4.83076
      vertex -8.37149 -7.38218 7.72418
      vertex -8.73169 -7.35553 7.73388
    endloop
  endfacet
  facet normal 1.38925e-05 -0.342036 0.939687
    outer loop
      vertex -19.0789 -15.3318 4.83076
      vertex -8.73169 -7.35553 7.73388
      vertex -9.08991 -7.31123 7.75001
    endloop
  endfacet
  facet normal 0.000111182 -0.342143 0.939648
    outer loop
      vertex -19.0789 -15.3318 4.83076
      vertex -9.08991 -7.31123 7.75001
      vertex -9.09503 -7.3106 7.75024
    endloop
  endfacet
  facet normal -0.000597539 -0.341363 0.939931
    outer loop
      vertex -19.0789 -15.3318 4.83076
      vertex -9.09503 -7.3106 7.75024
      vertex -9.10011 -7.30971 7.75056
    endloop
  endfacet
  facet normal 2.55859e-06 -0.342023 0.939692
    outer loop
      vertex -19.0789 -15.3318 4.83076
      vertex -9.10011 -7.30971 7.75056
      vertex -9.45537 -7.24784 7.77308
    endloop
  endfacet
  facet normal -4.03221e-06 -0.342016 0.939694
    outer loop
      vertex -19.0789 -15.3318 4.83076
      vertex -9.45537 -7.24784 7.77308
      vertex -9.8067 -7.16857 7.80193
    endloop
  endfacet
  facet normal -0.000191722 -0.341828 0.939763
    outer loop
      vertex -19.0789 -15.3318 4.83076
      vertex -9.8067 -7.16857 7.80193
      vertex -9.81172 -7.16744 7.80234
    endloop
  endfacet
  facet normal -0.000328574 -0.34169 0.939813
    outer loop
      vertex -19.0789 -15.3318 4.83076
      vertex -9.81172 -7.16744 7.80234
      vertex -9.81667 -7.16606 7.80284
    endloop
  endfacet
  facet normal 1.25026e-05 -0.342032 0.939688
    outer loop
      vertex -19.0789 -15.3318 4.83076
      vertex -9.81667 -7.16606 7.80284
      vertex -10.1631 -7.06964 7.83794
    endloop
  endfacet
  facet normal -0.00138077 -0.340772 0.940145
    outer loop
      vertex -19.0789 -15.3318 4.83076
      vertex -10.5037 -6.95629 7.8792
      vertex -10.5086 -6.95467 7.87978
    endloop
  endfacet
  facet normal 4.26627e-06 -0.342024 0.939691
    outer loop
      vertex -19.0789 -15.3318 4.83076
      vertex -10.8518 -6.8208 7.92851
      vertex -11.1779 -6.67464 7.98171
    endloop
  endfacet
  facet normal -2.90731e-06 -0.342018 0.939693
    outer loop
      vertex -19.0789 -15.3318 4.83076
      vertex -11.8167 -6.32762 8.10801
      vertex -12.1145 -6.13532 8.178
    endloop
  endfacet
  facet normal 0.00054802 -0.342341 0.939576
    outer loop
      vertex -19.0789 -15.3318 4.83076
      vertex -12.68 -5.70517 8.33456
      vertex -12.6839 -5.70202 8.33571
    endloop
  endfacet
  facet normal 1.2242e-05 -0.342026 0.93969
    outer loop
      vertex -19.0789 -15.3318 4.83076
      vertex -12.9533 -5.46144 8.42327
      vertex -13.202 -5.21517 8.51291
    endloop
  endfacet
  facet normal -0.000238905 -0.341913 0.939732
    outer loop
      vertex -19.0789 -15.3318 4.83076
      vertex -13.66 -4.68393 8.70627
      vertex -13.6631 -4.68008 8.70767
    endloop
  endfacet
  facet normal -6.71377e-06 -0.342017 0.939694
    outer loop
      vertex -19.0789 -15.3318 4.83076
      vertex -13.666 -4.67609 8.70912
      vertex -13.8707 -4.39628 8.81096
    endloop
  endfacet
  facet normal -0.000660848 -0.341759 0.939787
    outer loop
      vertex -19.0789 -15.3318 4.83076
      vertex -14.0595 -4.10679 8.91633
      vertex -14.0622 -4.10266 8.91783
    endloop
  endfacet
  facet normal 0.00212749 -0.342808 0.939403
    outer loop
      vertex -19.0789 -15.3318 4.83076
      vertex -14.2346 -3.80427 9.02643
      vertex -14.237 -3.80001 9.02799
    endloop
  endfacet
  facet normal 0.000712032 -0.342222 0.939619
    outer loop
      vertex -19.0789 -15.3318 4.83076
      vertex -14.8458 -2.18605 9.61542
      vertex -14.847 -2.18133 9.61714
    endloop
  endfacet
  facet normal 0.0225782 0.344713 -0.938437
    outer loop
      vertex -14.9616 -1.50129 9.86465
      vertex -14.9138 -1.84273 9.74038
      vertex -14.9145 -1.83792 9.74213
    endloop
  endfacet
  facet normal 0.680296 0.267357 -0.682435
    outer loop
      vertex -15 -0.813731 10.1149
      vertex -14.9904 -1.15799 9.9896
      vertex -14.9999 -0.81858 10.1131
    endloop
  endfacet
  facet normal 0 -0.34202 0.939693
    outer loop
      vertex -8 -7.39158 7.72076
      vertex -19.0789 -15.3318 4.83076
      vertex 19.0789 -15.3318 4.83076
    endloop
  endfacet
  facet normal 8.07549e-06 -0.342028 0.93969
    outer loop
      vertex -10.5037 -6.95629 7.8792
      vertex -19.0789 -15.3318 4.83076
      vertex -10.1631 -7.06964 7.83794
    endloop
  endfacet
  facet normal 4.87626e-06 -0.342024 0.939691
    outer loop
      vertex -10.8472 -6.82288 7.92775
      vertex -19.0789 -15.3318 4.83076
      vertex -10.5086 -6.95467 7.87978
    endloop
  endfacet
  facet normal 0.000418155 -0.342377 0.939563
    outer loop
      vertex -10.8518 -6.8208 7.92851
      vertex -19.0789 -15.3318 4.83076
      vertex -10.8472 -6.82288 7.92775
    endloop
  endfacet
  facet normal -9.77976e-07 -0.342019 0.939693
    outer loop
      vertex -11.4955 -6.51262 8.04068
      vertex -19.0789 -15.3318 4.83076
      vertex -11.1779 -6.67464 7.98171
    endloop
  endfacet
  facet normal -0.000638338 -0.341535 0.939869
    outer loop
      vertex -11.5 -6.5103 8.04152
      vertex -19.0789 -15.3318 4.83076
      vertex -11.4955 -6.51262 8.04068
    endloop
  endfacet
  facet normal 1.82178e-06 -0.342021 0.939692
    outer loop
      vertex -11.8125 -6.33037 8.10701
      vertex -19.0789 -15.3318 4.83076
      vertex -11.5 -6.5103 8.04152
    endloop
  endfacet
  facet normal -0.000134279 -0.341924 0.939728
    outer loop
      vertex -11.8167 -6.32762 8.10801
      vertex -19.0789 -15.3318 4.83076
      vertex -11.8125 -6.33037 8.10701
    endloop
  endfacet
  facet normal 1.54579e-05 -0.34203 0.939689
    outer loop
      vertex -12.4052 -5.92568 8.25431
      vertex -19.0789 -15.3318 4.83076
      vertex -12.1145 -6.13532 8.178
    endloop
  endfacet
  facet normal -1.98948e-05 -0.342008 0.939697
    outer loop
      vertex -12.68 -5.70517 8.33456
      vertex -19.0789 -15.3318 4.83076
      vertex -12.4052 -5.92568 8.25431
    endloop
  endfacet
  facet normal -6.00131e-06 -0.342016 0.939694
    outer loop
      vertex -12.9497 -5.46496 8.42199
      vertex -19.0789 -15.3318 4.83076
      vertex -12.6839 -5.70202 8.33571
    endloop
  endfacet
  facet normal -0.000190503 -0.341915 0.939731
    outer loop
      vertex -12.9533 -5.46144 8.42327
      vertex -19.0789 -15.3318 4.83076
      vertex -12.9497 -5.46496 8.42199
    endloop
  endfacet
  facet normal -0.000516952 -0.341755 0.939789
    outer loop
      vertex -13.2054 -5.21148 8.51425
      vertex -19.0789 -15.3318 4.83076
      vertex -13.202 -5.21517 8.51291
    endloop
  endfacet
  facet normal 1.62763e-05 -0.342028 0.93969
    outer loop
      vertex -13.44 -4.95329 8.60823
      vertex -19.0789 -15.3318 4.83076
      vertex -13.2054 -5.21148 8.51425
    endloop
  endfacet
  facet normal 2.42233e-06 -0.342021 0.939692
    outer loop
      vertex -13.66 -4.68393 8.70627
      vertex -19.0789 -15.3318 4.83076
      vertex -13.44 -4.95329 8.60823
    endloop
  endfacet
  facet normal -0.00042741 -0.341828 0.939762
    outer loop
      vertex -13.666 -4.67609 8.70912
      vertex -19.0789 -15.3318 4.83076
      vertex -13.6631 -4.68008 8.70767
    endloop
  endfacet
  facet normal 1.25327e-05 -0.342025 0.939691
    outer loop
      vertex -14.0595 -4.10679 8.91633
      vertex -19.0789 -15.3318 4.83076
      vertex -13.8707 -4.39628 8.81096
    endloop
  endfacet
  facet normal -1.53877e-05 -0.342014 0.939695
    outer loop
      vertex -14.2346 -3.80427 9.02643
      vertex -19.0789 -15.3318 4.83076
      vertex -14.0622 -4.10266 8.91783
    endloop
  endfacet
  facet normal -9.49613e-06 -0.342017 0.939694
    outer loop
      vertex -14.3948 -3.48918 9.14112
      vertex -19.0789 -15.3318 4.83076
      vertex -14.237 -3.80001 9.02799
    endloop
  endfacet
  facet normal -2.60723e-06 -0.342019 0.939693
    outer loop
      vertex -14.535 -3.17102 9.25692
      vertex -19.0789 -15.3318 4.83076
      vertex -14.3948 -3.48918 9.14112
    endloop
  endfacet
  facet normal -0.000895765 -0.341724 0.9398
    outer loop
      vertex -14.5368 -3.16645 9.25858
      vertex -19.0789 -15.3318 4.83076
      vertex -14.535 -3.17102 9.25692
    endloop
  endfacet
  facet normal 5.73642e-06 -0.342022 0.939692
    outer loop
      vertex -14.6574 -2.8464 9.37507
      vertex -19.0789 -15.3318 4.83076
      vertex -14.5368 -3.16645 9.25858
    endloop
  endfacet
  facet normal 2.56769e-05 -0.342028 0.93969
    outer loop
      vertex -14.76 -2.52084 9.49357
      vertex -19.0789 -15.3318 4.83076
      vertex -14.6574 -2.8464 9.37507
    endloop
  endfacet
  facet normal -0.000754321 -0.341796 0.939774
    outer loop
      vertex -14.7615 -2.51619 9.49526
      vertex -19.0789 -15.3318 4.83076
      vertex -14.76 -2.52084 9.49357
    endloop
  endfacet
  facet normal -5.37496e-06 -0.342019 0.939693
    outer loop
      vertex -14.8458 -2.18605 9.61542
      vertex -19.0789 -15.3318 4.83076
      vertex -14.7615 -2.51619 9.49526
    endloop
  endfacet
  facet normal -1.76655e-06 -0.34202 0.939693
    outer loop
      vertex -14.9138 -1.84273 9.74038
      vertex -19.0789 -15.3318 4.83076
      vertex -14.847 -2.18133 9.61714
    endloop
  endfacet
  facet normal -2.45158e-05 -0.342013 0.939695
    outer loop
      vertex -14.9616 -1.50129 9.86465
      vertex -19.0789 -15.3318 4.83076
      vertex -14.9138 -1.84273 9.74038
    endloop
  endfacet
  facet normal -6.33408e-06 -0.342018 0.939693
    outer loop
      vertex -14.9904 -1.15799 9.9896
      vertex -19.0789 -15.3318 4.83076
      vertex -14.9616 -1.50129 9.86465
    endloop
  endfacet
  facet normal 7.87418e-07 -0.34202 0.939693
    outer loop
      vertex -19.0789 -15.3318 4.83076
      vertex -14.9904 -1.15799 9.9896
      vertex -15 -0.813731 10.1149
    endloop
  endfacet
  facet normal 0.130579 0.931658 0.339062
    outer loop
      vertex -2.56617 -24.6208 4.13803
      vertex -3.84047 -23.5992 1.82168
      vertex -3.67952 -24.483 4.18816
    endloop
  endfacet
  facet normal 0.13049 0.931653 0.339108
    outer loop
      vertex -3.84047 -23.5992 1.82168
      vertex -2.56617 -24.6208 4.13803
      vertex -2.56617 -23.7568 1.76431
    endloop
  endfacet
  facet normal -3.55949e-05 -0.342088 0.939668
    outer loop
      vertex -8.79793 -22.3509 2.27601
      vertex -7.58637 -22.7541 2.12927
      vertex -9.98538 -21.8887 2.44423
    endloop
  endfacet
  facet normal -6.7529e-05 -0.341948 0.939719
    outer loop
      vertex 15.4498 -18.7421 3.58952
      vertex 16.4272 -17.9577 3.87502
      vertex 14.4301 -19.4773 3.32192
    endloop
  endfacet
  facet normal -0.649489 0.714521 0.260045
    outer loop
      vertex 16.4272 -17.9577 3.87502
      vertex 15.5733 -19.507 5.9993
      vertex 16.4272 -18.8216 6.24874
    endloop
  endfacet
  facet normal -0.649431 0.714556 0.260094
    outer loop
      vertex 15.5733 -19.507 5.9993
      vertex 16.4272 -17.9577 3.87502
      vertex 15.4498 -18.7421 3.58952
    endloop
  endfacet
  facet normal 0 -0.342 0.9397
    outer loop
      vertex 3.84047 -23.5992 1.82168
      vertex -1.28485 -23.8516 1.72982
      vertex 1.28485 -23.8516 1.72982
    endloop
  endfacet
  facet normal 0 -0.342 0.9397
    outer loop
      vertex -1.28485 -23.8516 1.72982
      vertex 3.84047 -23.5992 1.82168
      vertex -3.84047 -23.5992 1.82168
    endloop
  endfacet
  facet normal -0.333702 0.885836 0.322394
    outer loop
      vertex 7.73939 -23.5671 4.52152
      vertex 7.58637 -22.7541 2.12927
      vertex 7.58637 -23.618 4.50299
    endloop
  endfacet
  facet normal 0.0784673 0.936791 0.340978
    outer loop
      vertex -1.44668 -24.7036 4.10789
      vertex -2.56617 -23.7568 1.76431
      vertex -2.56617 -24.6208 4.13803
    endloop
  endfacet
  facet normal 0.0784878 0.936792 0.340969
    outer loop
      vertex -2.56617 -23.7568 1.76431
      vertex -1.44668 -24.7036 4.10789
      vertex -1.28485 -23.8516 1.72982
    endloop
  endfacet
  facet normal 0.078054 0.936834 0.340955
    outer loop
      vertex -1.28485 -24.7155 4.10354
      vertex -1.28485 -23.8516 1.72982
      vertex -1.44668 -24.7036 4.10789
    endloop
  endfacet
  facet normal -4.32254e-06 -0.342018 0.939693
    outer loop
      vertex 24.5164 -2.02109 9.67546
      vertex 24.55 -0.813731 10.1149
      vertex 24.2477 -4.42259 8.80139
    endloop
  endfacet
  facet normal -0.23347 -0.913725 -0.332564
    outer loop
      vertex 5.10423 21.7516 18.328
      vertex 6.23567 20.8486 20.0147
      vertex 5.10423 21.1377 20.0147
    endloop
  endfacet
  facet normal -0.233474 -0.913725 -0.332562
    outer loop
      vertex 6.23567 20.8486 20.0147
      vertex 5.10423 21.7516 18.328
      vertex 6.35401 21.4696 18.2254
    endloop
  endfacet
  facet normal 8.31965e-16 -0.341982 0.939707
    outer loop
      vertex 2.56617 22.1293 18.4655
      vertex 1.28485 22.2241 18.5
      vertex 0 22.2557 18.5115
    endloop
  endfacet
  facet normal -0.878812 -0.448386 -0.163214
    outer loop
      vertex 21.7967 8.92968 16.3494
      vertex 21.2609 10.721 14.3132
      vertex 21.8742 9.65958 13.9269
    endloop
  endfacet
  facet normal -0.878824 -0.448369 -0.163196
    outer loop
      vertex 21.2609 10.721 14.3132
      vertex 21.7967 8.92968 16.3494
      vertex 21.2609 9.85703 16.6869
    endloop
  endfacet
  facet normal -0.942614 -0.31375 -0.114196
    outer loop
      vertex 22.9194 7.45362 13.124
      vertex 22.9736 6.44586 15.4454
      vertex 22.9194 6.58966 15.4977
    endloop
  endfacet
  facet normal -0.824136 -0.532232 -0.193726
    outer loop
      vertex 20.5894 11.7508 14.688
      vertex 19.8614 11.8822 17.424
      vertex 19.8614 12.7462 15.0503
    endloop
  endfacet
  facet normal -0.824136 -0.532232 -0.193726
    outer loop
      vertex 19.8614 11.8822 17.424
      vertex 20.5894 11.7508 14.688
      vertex 20.5894 10.8868 17.0617
    endloop
  endfacet
  facet normal 0.0787737 -0.936774 -0.340954
    outer loop
      vertex -1.28485 22.2241 18.5
      vertex -1.28485 21.6728 20.0147
      vertex -1.38831 21.6641 20.0147
    endloop
  endfacet
  facet normal 0.000238396 -0.34187 0.939747
    outer loop
      vertex 21.2609 10.721 14.3132
      vertex 20.5894 11.7508 14.688
      vertex 19.8614 12.7462 15.0503
    endloop
  endfacet
  facet normal 0.000985276 -0.341166 0.940003
    outer loop
      vertex 19.0789 13.7043 15.3991
      vertex 18.2442 14.6227 15.7333
      vertex 17.3595 15.4988 16.0522
    endloop
  endfacet
  facet normal -4.80929e-05 -0.342072 0.939674
    outer loop
      vertex 19.8614 12.7462 15.0503
      vertex 14.4301 17.8498 16.9079
      vertex 11.1455 19.7413 17.5963
    endloop
  endfacet
  facet normal -3.25241e-06 -0.342023 0.939692
    outer loop
      vertex 19.8614 12.7462 15.0503
      vertex 11.1455 19.7413 17.5963
      vertex 7.58637 21.1266 18.1005
    endloop
  endfacet
  facet normal 6.7529e-05 -0.341948 0.939719
    outer loop
      vertex 16.4272 16.3302 16.3548
      vertex 15.4498 17.1146 16.6403
      vertex 14.4301 17.8498 16.9079
    endloop
  endfacet
  facet normal -0.43048 -0.848158 -0.308732
    outer loop
      vertex 9.98538 20.2613 17.7856
      vertex 10.8718 19 20.0147
      vertex 9.98538 19.4499 20.0147
    endloop
  endfacet
  facet normal -0.430817 -0.848056 -0.308541
    outer loop
      vertex 10.8718 19 20.0147
      vertex 9.98538 20.2613 17.7856
      vertex 10.9989 18.943 19.9939
    endloop
  endfacet
  facet normal -0.430534 -0.848135 -0.308718
    outer loop
      vertex 10.9989 18.943 19.9939
      vertex 9.98538 20.2613 17.7856
      vertex 11.1455 19.7413 17.5963
    endloop
  endfacet
  facet normal -0.000352109 -0.34277 0.939419
    outer loop
      vertex 11.1455 19.7413 17.5963
      vertex 9.98538 20.2613 17.7856
      vertex 8.79793 20.7235 17.9538
    endloop
  endfacet
  facet normal -7.5228e-05 -0.342186 0.939632
    outer loop
      vertex 11.1455 19.7413 17.5963
      vertex 8.79793 20.7235 17.9538
      vertex 7.58637 21.1266 18.1005
    endloop
  endfacet
  facet normal 0.284045 -0.900996 -0.32791
    outer loop
      vertex -7.46168 20.4692 20.0147
      vertex -6.35401 21.4696 18.2254
      vertex -6.35401 20.8184 20.0147
    endloop
  endfacet
  facet normal 0.284009 -0.900999 -0.327933
    outer loop
      vertex -6.35401 21.4696 18.2254
      vertex -7.46168 20.4692 20.0147
      vertex -7.58637 21.1266 18.1005
    endloop
  endfacet
  facet normal -0.0784904 -0.936788 -0.340979
    outer loop
      vertex 2.56617 22.1293 18.4655
      vertex 1.38831 21.6641 20.0147
      vertex 1.28485 22.2241 18.5
    endloop
  endfacet
  facet normal -0.0784215 -0.936811 -0.340933
    outer loop
      vertex 1.38831 21.6641 20.0147
      vertex 2.56617 22.1293 18.4655
      vertex 2.56617 21.5655 20.0147
    endloop
  endfacet
  facet normal -0.182269 -0.923962 -0.336263
    outer loop
      vertex 3.84047 21.9717 18.4081
      vertex 5.10423 21.1377 20.0147
      vertex 3.84047 21.387 20.0147
    endloop
  endfacet
  facet normal -0.182234 -0.923959 -0.336289
    outer loop
      vertex 5.10423 21.1377 20.0147
      vertex 3.84047 21.9717 18.4081
      vertex 5.10423 21.7516 18.328
    endloop
  endfacet
  facet normal -0.000347228 -0.343262 0.93924
    outer loop
      vertex 7.58637 21.1266 18.1005
      vertex 6.35401 21.4696 18.2254
      vertex 5.10423 21.7516 18.328
    endloop
  endfacet
  facet normal 3.25241e-06 -0.342023 0.939692
    outer loop
      vertex -7.58637 21.1266 18.1005
      vertex -11.1455 19.7413 17.5963
      vertex -19.8614 12.7462 15.0503
    endloop
  endfacet
  facet normal 2.22384e-05 -0.34238 0.939561
    outer loop
      vertex 0 22.2557 18.5115
      vertex -2.56617 22.1293 18.4655
      vertex -3.84047 21.9717 18.4081
    endloop
  endfacet
  facet normal 0.000420316 -0.342047 0.939683
    outer loop
      vertex -24.2477 2.79513 11.4284
      vertex -24.4155 1.59768 10.9926
      vertex -24.55 -0.813731 10.1149
    endloop
  endfacet
  facet normal 7.5228e-05 -0.342186 0.939632
    outer loop
      vertex -7.58637 21.1266 18.1005
      vertex -8.79793 20.7235 17.9538
      vertex -11.1455 19.7413 17.5963
    endloop
  endfacet
  facet normal 0.972354 -0.219429 -0.079866
    outer loop
      vertex -23.7765 4.05857 14.5392
      vertex -23.7135 5.15708 12.2881
      vertex -23.7135 4.30331 14.6338
    endloop
  endfacet
  facet normal 0.972365 -0.219386 -0.0798449
    outer loop
      vertex -23.9271 3.47435 14.3104
      vertex -23.7135 5.15708 12.2881
      vertex -23.7765 4.05857 14.5392
    endloop
  endfacet
  facet normal 0.972377 -0.219347 -0.0798115
    outer loop
      vertex -23.7135 5.15708 12.2881
      vertex -23.9271 3.47435 14.3104
      vertex -24.0135 3.98268 11.8607
    endloop
  endfacet
  facet normal 0.972418 -0.219178 -0.0797779
    outer loop
      vertex -24.0135 3.98268 11.8607
      vertex -23.9271 3.47435 14.3104
      vertex -24.0135 3.13947 14.1773
    endloop
  endfacet
  facet normal 0.00011841 -0.342074 0.939673
    outer loop
      vertex -19.8614 12.7462 15.0503
      vertex -22.9194 7.45362 13.124
      vertex -23.3484 6.31512 12.7096
    endloop
  endfacet
  facet normal -0.382804 0.868112 0.31598
    outer loop
      vertex 9.98538 -22.7527 4.81795
      vertex 9.98538 -21.8887 2.44423
      vertex 9.83541 -22.8111 4.79671
    endloop
  endfacet
  facet normal -0.902592 0.404533 0.147244
    outer loop
      vertex 21.8742 -11.287 6.30293
      vertex 22.4275 -11.0609 9.07342
      vertex 22.4275 -10.1969 6.6997
    endloop
  endfacet
  facet normal -0.902592 0.404533 0.147244
    outer loop
      vertex 22.4275 -11.0609 9.07342
      vertex 21.8742 -11.287 6.30293
      vertex 21.8742 -12.151 8.67665
    endloop
  endfacet
  facet normal -2.19331e-05 -0.342027 0.93969
    outer loop
      vertex -23.3484 -7.94258 7.52021
      vertex -22.9194 -9.08108 7.10583
      vertex -23.7135 -6.78455 7.9417
    endloop
  endfacet
  facet normal -7.35607e-06 -0.342019 0.939693
    outer loop
      vertex -24.4155 -3.22515 9.23722
      vertex -24.2477 -4.42259 8.80139
      vertex -24.5164 -2.02109 9.67546
    endloop
  endfacet
  facet normal -0.878827 0.448366 0.16319
    outer loop
      vertex 21.2609 -12.3485 5.91661
      vertex 21.7967 -12.2851 8.62786
      vertex 21.8742 -11.287 6.30293
    endloop
  endfacet
  facet normal -0.878817 0.448387 0.163188
    outer loop
      vertex 21.7967 -12.2851 8.62786
      vertex 21.2609 -12.3485 5.91661
      vertex 21.2609 -13.2124 8.29033
    endloop
  endfacet
  facet normal 2.45581e-06 -0.342021 0.939692
    outer loop
      vertex 22.9194 -9.08108 7.10583
      vertex 24.55 -0.813731 10.1149
      vertex 19.0789 -15.3318 4.83076
    endloop
  endfacet
  facet normal -1.88938e-05 -0.342034 0.939688
    outer loop
      vertex -17.3595 -17.1263 4.17762
      vertex -16.4272 -17.9577 3.87502
      vertex -19.0789 -15.3318 4.83076
    endloop
  endfacet
  facet normal -3.31007e-05 -0.341988 0.939704
    outer loop
      vertex 16.4272 -17.9577 3.87502
      vertex 19.0789 -15.3318 4.83076
      vertex 14.4301 -19.4773 3.32192
    endloop
  endfacet
  facet normal 1.88938e-05 -0.342034 0.939688
    outer loop
      vertex 17.3595 -17.1263 4.17762
      vertex 19.0789 -15.3318 4.83076
      vertex 16.4272 -17.9577 3.87502
    endloop
  endfacet
  facet normal 1.62112e-06 -0.342022 0.939692
    outer loop
      vertex 14.4301 -19.4773 3.32192
      vertex 19.0789 -15.3318 4.83076
      vertex 3.84047 -23.5992 1.82168
    endloop
  endfacet
  facet normal 0 -0.342019 0.939693
    outer loop
      vertex 19.0789 -15.3318 4.83076
      vertex -3.84047 -23.5992 1.82168
      vertex 3.84047 -23.5992 1.82168
    endloop
  endfacet
  facet normal 0 -0.342019 0.939693
    outer loop
      vertex -3.84047 -23.5992 1.82168
      vertex 19.0789 -15.3318 4.83076
      vertex -19.0789 -15.3318 4.83076
    endloop
  endfacet
  facet normal 3.75596e-05 -0.342129 0.939653
    outer loop
      vertex 9.98538 -21.8887 2.44423
      vertex 11.1455 -21.3688 2.63348
      vertex 3.84047 -23.5992 1.82168
    endloop
  endfacet
  facet normal 0.566435 0.774405 0.281866
    outer loop
      vertex -13.3709 -21.0254 5.44665
      vertex -14.4301 -19.4773 3.32192
      vertex -14.2963 -20.4277 5.66419
    endloop
  endfacet
  facet normal 0.566425 0.774409 0.281874
    outer loop
      vertex -14.4301 -19.4773 3.32192
      vertex -13.3709 -21.0254 5.44665
      vertex -13.3709 -20.1614 3.07293
    endloop
  endfacet
  facet normal -0.991427 0.12278 0.0446891
    outer loop
      vertex 24.2681 -5.10808 11.1373
      vertex 24.2477 -4.42259 8.80139
      vertex 24.2477 -5.25468 11.0875
    endloop
  endfacet
  facet normal -0.996939 0.0734876 0.0267023
    outer loop
      vertex 24.5164 -2.02109 9.67546
      vertex 24.5 -3.03331 11.8489
      vertex 24.5043 -2.98148 11.8668
    endloop
  endfacet
  facet normal -0.996914 0.0737738 0.0268358
    outer loop
      vertex 24.4155 -3.22515 9.23722
      vertex 24.5 -3.03331 11.8489
      vertex 24.5164 -2.02109 9.67546
    endloop
  endfacet
  facet normal -0.996916 0.0737382 0.0268385
    outer loop
      vertex 24.5 -3.03331 11.8489
      vertex 24.4155 -3.22515 9.23722
      vertex 24.4155 -4.04746 11.4965
    endloop
  endfacet
  facet normal -0.983243 -0.171305 -0.0623526
    outer loop
      vertex 24.0135 3.98268 11.8607
      vertex 24.0751 2.8298 14.0567
      vertex 24.0135 3.13947 14.1773
    endloop
  endfacet
  facet normal -0.983259 -0.171228 -0.0623118
    outer loop
      vertex 24.2477 2.79513 11.4284
      vertex 24.0751 2.8298 14.0567
      vertex 24.0135 3.98268 11.8607
    endloop
  endfacet
  facet normal -0.983256 -0.171245 -0.0623114
    outer loop
      vertex 24.2477 2.79513 11.4284
      vertex 24.2202 2.10113 13.7696
      vertex 24.0751 2.8298 14.0567
    endloop
  endfacet
  facet normal -0.983298 -0.171027 -0.0622473
    outer loop
      vertex 24.2202 2.10113 13.7696
      vertex 24.2477 2.79513 11.4284
      vertex 24.2477 1.96304 13.7146
    endloop
  endfacet
  facet normal -0.942736 -0.313432 -0.114055
    outer loop
      vertex 22.9194 7.45362 13.124
      vertex 23 6.37577 15.4198
      vertex 22.9736 6.44586 15.4454
    endloop
  endfacet
  facet normal -0.942651 -0.313651 -0.114154
    outer loop
      vertex 23.1109 6.08183 15.3118
      vertex 22.9194 7.45362 13.124
      vertex 23.3484 6.31512 12.7096
    endloop
  endfacet
  facet normal -0.942635 -0.313692 -0.114181
    outer loop
      vertex 22.9194 7.45362 13.124
      vertex 23.1109 6.08183 15.3118
      vertex 23 6.37577 15.4198
    endloop
  endfacet
  facet normal -0.942653 -0.313647 -0.114154
    outer loop
      vertex 23.3484 6.31512 12.7096
      vertex 23.157 5.95962 15.2669
      vertex 23.1109 6.08183 15.3118
    endloop
  endfacet
  facet normal -0.942629 -0.313717 -0.114162
    outer loop
      vertex 23.3484 6.31512 12.7096
      vertex 23.3136 5.54556 15.1117
      vertex 23.157 5.95962 15.2669
    endloop
  endfacet
  facet normal -0.942778 -0.313314 -0.114035
    outer loop
      vertex 23.3136 5.54556 15.1117
      vertex 23.3484 6.31512 12.7096
      vertex 23.3484 5.45362 15.0766
    endloop
  endfacet
  facet normal -0.902596 -0.404537 -0.14721
    outer loop
      vertex 22.3577 7.84318 15.9539
      vertex 21.8742 9.65958 13.9269
      vertex 22.4275 8.56946 13.5301
    endloop
  endfacet
  facet normal -0.902569 -0.40458 -0.147256
    outer loop
      vertex 21.8742 9.65958 13.9269
      vertex 22.3577 7.84318 15.9539
      vertex 21.8742 8.79562 16.3006
    endloop
  endfacet
  facet normal -0.000671563 -0.342343 0.939575
    outer loop
      vertex 22.4275 8.56946 13.5301
      vertex 21.8742 9.65958 13.9269
      vertex 21.2609 10.721 14.3132
    endloop
  endfacet
  facet normal -0.000189294 -0.342289 0.939595
    outer loop
      vertex 14.4301 17.8498 16.9079
      vertex 13.3709 18.5339 17.1569
      vertex 11.1455 19.7413 17.5963
    endloop
  endfacet
  facet normal -0.00039817 -0.342628 0.939471
    outer loop
      vertex 13.3709 18.5339 17.1569
      vertex 12.275 19.165 17.3866
      vertex 11.1455 19.7413 17.5963
    endloop
  endfacet
  facet normal -0.608862 -0.745431 -0.271329
    outer loop
      vertex 15.4498 17.1146 16.6403
      vertex 15.4498 16.2506 19.014
      vertex 15.321 16.3435 19.0478
    endloop
  endfacet
  facet normal -0.382674 -0.868156 -0.316016
    outer loop
      vertex 8.79793 20.7235 17.9538
      vertex 9.98538 19.4499 20.0147
      vertex 8.92932 19.9154 20.0147
    endloop
  endfacet
  facet normal -0.382681 -0.868155 -0.316011
    outer loop
      vertex 9.98538 19.4499 20.0147
      vertex 8.79793 20.7235 17.9538
      vertex 9.98538 20.2613 17.7856
    endloop
  endfacet
  facet normal -0.333332 -0.885952 -0.322457
    outer loop
      vertex 8.79793 20.7235 17.9538
      vertex 8.79793 19.9734 20.0147
      vertex 8.6661 20.023 20.0147
    endloop
  endfacet
  facet normal -0.026174 -0.939375 -0.341892
    outer loop
      vertex 0 22.2557 18.5115
      vertex 1.28485 21.6728 20.0147
      vertex 0 21.7086 20.0147
    endloop
  endfacet
  facet normal -0.0261634 -0.939372 -0.3419
    outer loop
      vertex 1.28485 21.6728 20.0147
      vertex 0 22.2557 18.5115
      vertex 1.28485 22.2241 18.5
    endloop
  endfacet
  facet normal -0.233197 -0.913793 -0.332567
    outer loop
      vertex 6.35401 21.4696 18.2254
      vertex 6.35401 20.8184 20.0147
      vertex 6.23567 20.8486 20.0147
    endloop
  endfacet
  facet normal -0.284045 -0.900996 -0.32791
    outer loop
      vertex 6.35401 21.4696 18.2254
      vertex 7.46168 20.4692 20.0147
      vertex 6.35401 20.8184 20.0147
    endloop
  endfacet
  facet normal -0.284009 -0.900999 -0.327933
    outer loop
      vertex 7.46168 20.4692 20.0147
      vertex 6.35401 21.4696 18.2254
      vertex 7.58637 21.1266 18.1005
    endloop
  endfacet
  facet normal 0.760409 -0.610283 -0.22211
    outer loop
      vertex -18.2442 13.7588 18.107
      vertex -19.0789 13.7043 15.3991
      vertex -18.2442 14.6227 15.7333
    endloop
  endfacet
  facet normal 0.760409 -0.610283 -0.22211
    outer loop
      vertex -19.0789 13.7043 15.3991
      vertex -18.2442 13.7588 18.107
      vertex -19.0789 12.8404 17.7728
    endloop
  endfacet
  facet normal 3.95483e-05 -0.342184 0.939633
    outer loop
      vertex -3.84047 21.9717 18.4081
      vertex -5.10423 21.7516 18.328
      vertex -7.58637 21.1266 18.1005
    endloop
  endfacet
  facet normal 0.000347228 -0.343262 0.93924
    outer loop
      vertex -5.10423 21.7516 18.328
      vertex -6.35401 21.4696 18.2254
      vertex -7.58637 21.1266 18.1005
    endloop
  endfacet
  facet normal 0.182269 -0.923962 -0.336263
    outer loop
      vertex -5.10423 21.1377 20.0147
      vertex -3.84047 21.9717 18.4081
      vertex -3.84047 21.387 20.0147
    endloop
  endfacet
  facet normal 0.182234 -0.923959 -0.336289
    outer loop
      vertex -3.84047 21.9717 18.4081
      vertex -5.10423 21.1377 20.0147
      vertex -5.10423 21.7516 18.328
    endloop
  endfacet
  facet normal -8.26953e-16 -0.341982 0.939707
    outer loop
      vertex 0 22.2557 18.5115
      vertex -1.28485 22.2241 18.5
      vertex -2.56617 22.1293 18.4655
    endloop
  endfacet
  facet normal 0.983243 -0.171305 -0.0623526
    outer loop
      vertex -24.0751 2.8298 14.0567
      vertex -24.0135 3.98268 11.8607
      vertex -24.0135 3.13947 14.1773
    endloop
  endfacet
  facet normal 0.983259 -0.171228 -0.0623118
    outer loop
      vertex -24.0751 2.8298 14.0567
      vertex -24.2477 2.79513 11.4284
      vertex -24.0135 3.98268 11.8607
    endloop
  endfacet
  facet normal 0.983256 -0.171245 -0.0623114
    outer loop
      vertex -24.2202 2.10113 13.7696
      vertex -24.2477 2.79513 11.4284
      vertex -24.0751 2.8298 14.0567
    endloop
  endfacet
  facet normal 0.983298 -0.171027 -0.0622473
    outer loop
      vertex -24.2477 2.79513 11.4284
      vertex -24.2202 2.10113 13.7696
      vertex -24.2477 1.96304 13.7146
    endloop
  endfacet
  facet normal 0.996916 -0.0737381 -0.0268382
    outer loop
      vertex -24.5 -0.228046 12.87
      vertex -24.4155 1.59768 10.9926
      vertex -24.4155 0.775369 13.2519
    endloop
  endfacet
  facet normal 0.996914 -0.0737632 -0.0268628
    outer loop
      vertex -24.4155 1.59768 10.9926
      vertex -24.5 -0.228046 12.87
      vertex -24.5164 0.393629 10.5543
    endloop
  endfacet
  facet normal 0.9969 -0.0739306 -0.0269076
    outer loop
      vertex -24.5164 0.393629 10.5543
      vertex -24.5 -0.228046 12.87
      vertex -24.5164 -0.422146 12.7957
    endloop
  endfacet
  facet normal 0.991434 -0.122734 -0.0446706
    outer loop
      vertex -24.362 1.15413 13.4003
      vertex -24.2477 2.79513 11.4284
      vertex -24.2477 1.96304 13.7146
    endloop
  endfacet
  facet normal 0.991441 -0.122688 -0.044632
    outer loop
      vertex -24.2477 2.79513 11.4284
      vertex -24.362 1.15413 13.4003
      vertex -24.4155 1.59768 10.9926
    endloop
  endfacet
  facet normal 0.991466 -0.122503 -0.0445985
    outer loop
      vertex -24.4155 1.59768 10.9926
      vertex -24.362 1.15413 13.4003
      vertex -24.3953 0.91826 13.3079
    endloop
  endfacet
  facet normal 4.80929e-05 -0.342072 0.939674
    outer loop
      vertex -11.1455 19.7413 17.5963
      vertex -14.4301 17.8498 16.9079
      vertex -19.8614 12.7462 15.0503
    endloop
  endfacet
  facet normal 9.20978e-07 -0.34202 0.939693
    outer loop
      vertex -7.58637 21.1266 18.1005
      vertex -19.8614 12.7462 15.0503
      vertex -24.55 -0.813731 10.1149
    endloop
  endfacet
  facet normal 0.608862 -0.745431 -0.271329
    outer loop
      vertex -15.4498 17.1146 16.6403
      vertex -15.321 16.3435 19.0478
      vertex -15.4498 16.2506 19.014
    endloop
  endfacet
  facet normal 0.000189294 -0.342289 0.939595
    outer loop
      vertex -11.1455 19.7413 17.5963
      vertex -13.3709 18.5339 17.1569
      vertex -14.4301 17.8498 16.9079
    endloop
  endfacet
  facet normal 0.477127 -0.825829 -0.300592
    outer loop
      vertex -12.275 19.165 17.3866
      vertex -12.1323 18.3738 19.7868
      vertex -12.275 18.301 19.7603
    endloop
  endfacet
  facet normal -0.760417 0.610264 0.222136
    outer loop
      vertex 18.2442 -16.2502 4.49649
      vertex 18.9735 -16.3118 7.16226
      vertex 19.0789 -15.3318 4.83076
    endloop
  endfacet
  facet normal -0.760404 0.61028 0.222133
    outer loop
      vertex 18.9735 -16.3118 7.16226
      vertex 18.2442 -16.2502 4.49649
      vertex 18.2442 -17.1142 6.87021
    endloop
  endfacet
  facet normal -0.725391 0.64683 0.235412
    outer loop
      vertex 17.4712 -17.8796 6.59161
      vertex 18.2442 -16.2502 4.49649
      vertex 17.3595 -17.1263 4.17762
    endloop
  endfacet
  facet normal -0.725356 0.646857 0.235447
    outer loop
      vertex 18.2442 -16.2502 4.49649
      vertex 17.4712 -17.8796 6.59161
      vertex 18.2442 -17.1142 6.87021
    endloop
  endfacet
  facet normal 2.19331e-05 -0.342027 0.93969
    outer loop
      vertex 23.3484 -7.94258 7.52021
      vertex 23.7135 -6.78455 7.9417
      vertex 22.9194 -9.08108 7.10583
    endloop
  endfacet
  facet normal -0.923685 0.360045 0.131051
    outer loop
      vertex 22.4897 -10.92 9.12472
      vertex 22.4275 -10.1969 6.6997
      vertex 22.4275 -11.0609 9.07342
    endloop
  endfacet
  facet normal 4.32254e-06 -0.342018 0.939693
    outer loop
      vertex -24.5164 -2.02109 9.67546
      vertex -24.2477 -4.42259 8.80139
      vertex -24.55 -0.813731 10.1149
    endloop
  endfacet
  facet normal 0.999659 0.0245299 0.00892814
    outer loop
      vertex -24.5164 -2.83687 11.9168
      vertex -24.5164 -2.02109 9.67546
      vertex -24.5204 -2.69264 11.9684
    endloop
  endfacet
  facet normal 0.923896 0.359568 0.130873
    outer loop
      vertex -22.4897 -10.92 9.12472
      vertex -22.9194 -9.08108 7.10583
      vertex -22.9194 -9.94505 9.47955
    endloop
  endfacet
  facet normal 0.923866 0.359623 0.13093
    outer loop
      vertex -22.9194 -9.08108 7.10583
      vertex -22.4897 -10.92 9.12472
      vertex -22.4275 -10.1969 6.6997
    endloop
  endfacet
  facet normal 0.85259 0.491069 0.178721
    outer loop
      vertex -20.5894 -14.2422 7.91551
      vertex -20.5894 -13.3783 5.54179
      vertex -20.6742 -14.1122 7.96285
    endloop
  endfacet
  facet normal 0.983254 0.171243 0.0623475
    outer loop
      vertex -24.0751 -6.13857 10.7925
      vertex -24.2477 -4.42259 8.80139
      vertex -24.2192 -5.40099 11.0392
    endloop
  endfacet
  facet normal 0.983258 0.171224 0.0623306
    outer loop
      vertex -24.2477 -4.42259 8.80139
      vertex -24.0751 -6.13857 10.7925
      vertex -24.0135 -5.61014 8.36915
    endloop
  endfacet
  facet normal 0.983248 0.171282 0.0623428
    outer loop
      vertex -24.0135 -5.61014 8.36915
      vertex -24.0751 -6.13857 10.7925
      vertex -24.0135 -6.45335 10.6858
    endloop
  endfacet
  facet normal 3.2448e-05 -0.342016 0.939694
    outer loop
      vertex -24.2477 -4.42259 8.80139
      vertex -23.7135 -6.78455 7.9417
      vertex -24.55 -0.813731 10.1149
    endloop
  endfacet
  facet normal -0.824235 0.532097 0.193676
    outer loop
      vertex 19.9533 -15.1119 7.59899
      vertex 19.8614 -14.3736 5.17951
      vertex 19.8614 -15.2376 7.55323
    endloop
  endfacet
  facet normal -1.83903e-05 -0.342017 0.939694
    outer loop
      vertex 22.4275 -10.1969 6.6997
      vertex 22.9194 -9.08108 7.10583
      vertex 21.8742 -11.287 6.30293
    endloop
  endfacet
  facet normal -1.62112e-06 -0.342022 0.939692
    outer loop
      vertex -14.4301 -19.4773 3.32192
      vertex -3.84047 -23.5992 1.82168
      vertex -19.0789 -15.3318 4.83076
    endloop
  endfacet
  facet normal 0.725356 0.646857 0.235447
    outer loop
      vertex -17.4712 -17.8796 6.59161
      vertex -18.2442 -16.2502 4.49649
      vertex -18.2442 -17.1142 6.87021
    endloop
  endfacet
  facet normal 0.725391 0.64683 0.235412
    outer loop
      vertex -18.2442 -16.2502 4.49649
      vertex -17.4712 -17.8796 6.59161
      vertex -17.3595 -17.1263 4.17762
    endloop
  endfacet
  facet normal -0.725637 0.646579 0.235345
    outer loop
      vertex 17.4712 -17.8796 6.59161
      vertex 17.3595 -17.1263 4.17762
      vertex 17.3595 -17.9903 6.55134
    endloop
  endfacet
  facet normal -0.649034 0.714886 0.260178
    outer loop
      vertex 15.5733 -19.507 5.9993
      vertex 15.4498 -18.7421 3.58952
      vertex 15.4498 -19.606 5.96324
    endloop
  endfacet
  facet normal -0.333776 0.885799 0.322418
    outer loop
      vertex 8.79793 -22.3509 2.27601
      vertex 7.73939 -23.5671 4.52152
      vertex 8.79793 -23.2149 4.64973
    endloop
  endfacet
  facet normal -0.333832 0.885789 0.322387
    outer loop
      vertex 7.73939 -23.5671 4.52152
      vertex 8.79793 -22.3509 2.27601
      vertex 7.58637 -22.7541 2.12927
    endloop
  endfacet
  facet normal -5.04253e-05 -0.341939 0.939722
    outer loop
      vertex 12.275 -20.7925 2.84324
      vertex 14.4301 -19.4773 3.32192
      vertex 11.1455 -21.3688 2.63348
    endloop
  endfacet
  facet normal 5.04253e-05 -0.341939 0.939722
    outer loop
      vertex -12.275 -20.7925 2.84324
      vertex -11.1455 -21.3688 2.63348
      vertex -14.4301 -19.4773 3.32192
    endloop
  endfacet
  facet normal 0.130466 0.931669 0.339074
    outer loop
      vertex -3.67952 -24.483 4.18816
      vertex -3.84047 -23.5992 1.82168
      vertex -3.84047 -24.4631 4.19541
    endloop
  endfacet
  facet normal 7.35607e-06 -0.342019 0.939693
    outer loop
      vertex 24.4155 -3.22515 9.23722
      vertex 24.5164 -2.02109 9.67546
      vertex 24.2477 -4.42259 8.80139
    endloop
  endfacet
  facet normal -0.983301 0.171013 0.0622446
    outer loop
      vertex 24.2477 -4.42259 8.80139
      vertex 24.2202 -5.39584 11.0409
      vertex 24.2477 -5.25468 11.0875
    endloop
  endfacet
  facet normal -0.983407 0.170483 0.0620129
    outer loop
      vertex 24.2202 -5.39584 11.0409
      vertex 24.2477 -4.42259 8.80139
      vertex 24.2192 -5.40099 11.0392
    endloop
  endfacet
  facet normal -0.942799 0.313257 0.114017
    outer loop
      vertex 23.3484 -7.94258 7.52021
      vertex 23.3136 -8.89711 9.85499
      vertex 23.3484 -8.80409 9.88718
    endloop
  endfacet
  facet normal -0.94279 0.313281 0.114026
    outer loop
      vertex 23.3136 -8.89711 9.85499
      vertex 23.3484 -7.94258 7.52021
      vertex 23.2944 -8.94831 9.83691
    endloop
  endfacet
  facet normal -3.15905e-06 -0.34202 0.939693
    outer loop
      vertex 23.7135 -6.78455 7.9417
      vertex 24.55 -0.813731 10.1149
      vertex 22.9194 -9.08108 7.10583
    endloop
  endfacet
  facet normal -0.996914 -0.0737632 -0.0268628
    outer loop
      vertex 24.5 -0.228046 12.87
      vertex 24.4155 1.59768 10.9926
      vertex 24.5164 0.393629 10.5543
    endloop
  endfacet
  facet normal -0.996916 -0.0737381 -0.0268382
    outer loop
      vertex 24.4155 1.59768 10.9926
      vertex 24.5 -0.228046 12.87
      vertex 24.4155 0.775369 13.2519
    endloop
  endfacet
  facet normal -0.9969 -0.0739306 -0.0269076
    outer loop
      vertex 24.5 -0.228046 12.87
      vertex 24.5164 0.393629 10.5543
      vertex 24.5164 -0.422146 12.7957
    endloop
  endfacet
  facet normal -0.00155303 -0.342337 0.939576
    outer loop
      vertex 24.2477 2.79513 11.4284
      vertex 24.0135 3.98268 11.8607
      vertex 23.7135 5.15708 12.2881
    endloop
  endfacet
  facet normal -0.852661 -0.490954 -0.178702
    outer loop
      vertex 21.2609 10.721 14.3132
      vertex 20.5894 10.8868 17.0617
      vertex 20.5894 11.7508 14.688
    endloop
  endfacet
  facet normal -0.852655 -0.490965 -0.1787
    outer loop
      vertex 20.5894 10.8868 17.0617
      vertex 21.2609 10.721 14.3132
      vertex 21.2609 9.85703 16.6869
    endloop
  endfacet
  facet normal -0.0787737 -0.936774 -0.340954
    outer loop
      vertex 1.28485 22.2241 18.5
      vertex 1.38831 21.6641 20.0147
      vertex 1.28485 21.6728 20.0147
    endloop
  endfacet
  facet normal -0.566427 -0.774418 -0.281847
    outer loop
      vertex 13.3709 18.5339 17.1569
      vertex 14.4301 16.9859 19.2816
      vertex 13.3709 17.67 19.5306
    endloop
  endfacet
  facet normal -0.566427 -0.774418 -0.281847
    outer loop
      vertex 14.4301 16.9859 19.2816
      vertex 13.3709 18.5339 17.1569
      vertex 14.4301 17.8498 16.9079
    endloop
  endfacet
  facet normal 0.333332 -0.885952 -0.322457
    outer loop
      vertex -8.79793 20.7235 17.9538
      vertex -8.6661 20.023 20.0147
      vertex -8.79793 19.9734 20.0147
    endloop
  endfacet
  facet normal 0.283981 -0.901007 -0.327934
    outer loop
      vertex -7.58637 21.1266 18.1005
      vertex -7.46168 20.4692 20.0147
      vertex -7.58637 20.4299 20.0147
    endloop
  endfacet
  facet normal 0.23347 -0.913725 -0.332564
    outer loop
      vertex -6.23567 20.8486 20.0147
      vertex -5.10423 21.7516 18.328
      vertex -5.10423 21.1377 20.0147
    endloop
  endfacet
  facet normal 0.233474 -0.913725 -0.332562
    outer loop
      vertex -5.10423 21.7516 18.328
      vertex -6.23567 20.8486 20.0147
      vertex -6.35401 21.4696 18.2254
    endloop
  endfacet
  facet normal 0.026174 -0.939375 -0.341892
    outer loop
      vertex -1.28485 21.6728 20.0147
      vertex 0 22.2557 18.5115
      vertex 0 21.7086 20.0147
    endloop
  endfacet
  facet normal 0.0261634 -0.939372 -0.3419
    outer loop
      vertex 0 22.2557 18.5115
      vertex -1.28485 21.6728 20.0147
      vertex -1.28485 22.2241 18.5
    endloop
  endfacet
  facet normal -0.000146223 -0.341939 0.939722
    outer loop
      vertex -19.8614 12.7462 15.0503
      vertex -22.4275 8.56946 13.5301
      vertex -22.9194 7.45362 13.124
    endloop
  endfacet
  facet normal 0.999658 -0.0245629 -0.00893985
    outer loop
      vertex -24.546 -1.48377 12.4027
      vertex -24.5164 0.393629 10.5543
      vertex -24.5164 -0.422146 12.7957
    endloop
  endfacet
  facet normal 0.999658 -0.0245654 -0.00894238
    outer loop
      vertex -24.5164 0.393629 10.5543
      vertex -24.546 -1.48377 12.4027
      vertex -24.55 -0.813731 10.1149
    endloop
  endfacet
  facet normal 0.999658 -0.0245848 -0.00894806
    outer loop
      vertex -24.55 -0.813731 10.1149
      vertex -24.546 -1.48377 12.4027
      vertex -24.55 -1.62709 12.3496
    endloop
  endfacet
  facet normal 0.9588 -0.26695 -0.0971597
    outer loop
      vertex -23.4693 5.07205 14.9319
      vertex -23.3484 6.31512 12.7096
      vertex -23.3484 5.45362 15.0766
    endloop
  endfacet
  facet normal 0.958808 -0.266928 -0.0971472
    outer loop
      vertex -23.3484 6.31512 12.7096
      vertex -23.4693 5.07205 14.9319
      vertex -23.7135 5.15708 12.2881
    endloop
  endfacet
  facet normal 0.958835 -0.266831 -0.0971465
    outer loop
      vertex -23.6237 4.58549 14.7444
      vertex -23.7135 5.15708 12.2881
      vertex -23.4693 5.07205 14.9319
    endloop
  endfacet
  facet normal 0.958776 -0.267024 -0.0971895
    outer loop
      vertex -23.7135 5.15708 12.2881
      vertex -23.6237 4.58549 14.7444
      vertex -23.7135 4.30331 14.6338
    endloop
  endfacet
  facet normal 0.902783 -0.404158 -0.147102
    outer loop
      vertex -22.4275 8.56946 13.5301
      vertex -22.3577 7.84318 15.9539
      vertex -22.4275 7.7055 15.9038
    endloop
  endfacet
  facet normal 0.902569 -0.40458 -0.147256
    outer loop
      vertex -22.3577 7.84318 15.9539
      vertex -21.8742 9.65958 13.9269
      vertex -21.8742 8.79562 16.3006
    endloop
  endfacet
  facet normal 0.902596 -0.404537 -0.14721
    outer loop
      vertex -21.8742 9.65958 13.9269
      vertex -22.3577 7.84318 15.9539
      vertex -22.4275 8.56946 13.5301
    endloop
  endfacet
  facet normal 0.725395 -0.646826 -0.23541
    outer loop
      vertex -17.3595 14.6349 18.4259
      vertex -18.2442 14.6227 15.7333
      vertex -17.3595 15.4988 16.0522
    endloop
  endfacet
  facet normal 0.725395 -0.646826 -0.23541
    outer loop
      vertex -18.2442 14.6227 15.7333
      vertex -17.3595 14.6349 18.4259
      vertex -18.2442 13.7588 18.107
    endloop
  endfacet
  facet normal -6.31708e-05 -0.341953 0.939717
    outer loop
      vertex -14.4301 17.8498 16.9079
      vertex -16.4272 16.3302 16.3548
      vertex -17.3595 15.4988 16.0522
    endloop
  endfacet
  facet normal 2.88947e-05 -0.342054 0.93968
    outer loop
      vertex -14.4301 17.8498 16.9079
      vertex -17.3595 15.4988 16.0522
      vertex -19.8614 12.7462 15.0503
    endloop
  endfacet
  facet normal 0.00039817 -0.342628 0.939471
    outer loop
      vertex -11.1455 19.7413 17.5963
      vertex -12.275 19.165 17.3866
      vertex -13.3709 18.5339 17.1569
    endloop
  endfacet
  facet normal 0.477162 -0.825811 -0.300586
    outer loop
      vertex -12.1323 18.3738 19.7868
      vertex -11.1455 19.7413 17.5963
      vertex -11.1455 18.8773 19.97
    endloop
  endfacet
  facet normal 0.477158 -0.825813 -0.300589
    outer loop
      vertex -11.1455 19.7413 17.5963
      vertex -12.1323 18.3738 19.7868
      vertex -12.275 19.165 17.3866
    endloop
  endfacet
  facet normal -0.991441 0.122674 0.0446717
    outer loop
      vertex 24.362 -4.43302 11.3668
      vertex 24.4155 -3.22515 9.23722
      vertex 24.2477 -4.42259 8.80139
    endloop
  endfacet
  facet normal -0.991457 0.122567 0.0446107
    outer loop
      vertex 24.4155 -3.22515 9.23722
      vertex 24.362 -4.43302 11.3668
      vertex 24.4155 -4.04746 11.4965
    endloop
  endfacet
  facet normal -0.991435 0.12272 0.0446716
    outer loop
      vertex 24.362 -4.43302 11.3668
      vertex 24.2477 -4.42259 8.80139
      vertex 24.2681 -5.10808 11.1373
    endloop
  endfacet
  facet normal -0.942651 0.313649 0.114165
    outer loop
      vertex 23.157 -9.31405 9.70772
      vertex 23.3484 -7.94258 7.52021
      vertex 22.9194 -9.08108 7.10583
    endloop
  endfacet
  facet normal -0.942604 0.313762 0.11424
    outer loop
      vertex 23.3484 -7.94258 7.52021
      vertex 23.157 -9.31405 9.70772
      vertex 23.2944 -8.94831 9.83691
    endloop
  endfacet
  facet normal -0.942649 0.313656 0.114165
    outer loop
      vertex 22.9194 -9.08108 7.10583
      vertex 23.055 -9.58505 9.61006
      vertex 23.157 -9.31405 9.70772
    endloop
  endfacet
  facet normal -0.942637 0.313687 0.114171
    outer loop
      vertex 22.9194 -9.08108 7.10583
      vertex 23 -9.73116 9.5574
      vertex 23.055 -9.58505 9.61006
    endloop
  endfacet
  facet normal -0.942646 0.313664 0.114165
    outer loop
      vertex 23 -9.73116 9.5574
      vertex 22.9194 -9.08108 7.10583
      vertex 22.9194 -9.94505 9.47955
    endloop
  endfacet
  facet normal -0.923866 0.359623 0.13093
    outer loop
      vertex 22.4897 -10.92 9.12472
      vertex 22.9194 -9.08108 7.10583
      vertex 22.4275 -10.1969 6.6997
    endloop
  endfacet
  facet normal -0.923896 0.359568 0.130873
    outer loop
      vertex 22.9194 -9.08108 7.10583
      vertex 22.4897 -10.92 9.12472
      vertex 22.9194 -9.94505 9.47955
    endloop
  endfacet
  facet normal -0.79333 0.572083 0.208202
    outer loop
      vertex 19.0789 -15.3318 4.83076
      vertex 19.7625 -15.3586 7.50918
      vertex 19.8614 -14.3736 5.17951
    endloop
  endfacet
  facet normal -0.793366 0.57203 0.208211
    outer loop
      vertex 19.7625 -15.3586 7.50918
      vertex 19.0789 -15.3318 4.83076
      vertex 19.0789 -16.1958 7.20448
    endloop
  endfacet
  facet normal 2.59697e-05 -0.342033 0.939688
    outer loop
      vertex 19.8614 -14.3736 5.17951
      vertex 22.9194 -9.08108 7.10583
      vertex 19.0789 -15.3318 4.83076
    endloop
  endfacet
  facet normal 0.996887 0.0740891 0.0269662
    outer loop
      vertex -24.5043 -2.98148 11.8668
      vertex -24.5164 -2.02109 9.67546
      vertex -24.5164 -2.83687 11.9168
    endloop
  endfacet
  facet normal -0.000101015 -0.342043 0.939684
    outer loop
      vertex -24.0135 -5.61014 8.36915
      vertex -23.7135 -6.78455 7.9417
      vertex -24.2477 -4.42259 8.80139
    endloop
  endfacet
  facet normal 0.972411 0.219204 0.0797856
    outer loop
      vertex -23.9271 -6.79539 10.5725
      vertex -24.0135 -5.61014 8.36915
      vertex -24.0135 -6.45335 10.6858
    endloop
  endfacet
  facet normal 0.972378 0.219327 0.0798531
    outer loop
      vertex -24.0135 -5.61014 8.36915
      vertex -23.9271 -6.79539 10.5725
      vertex -23.7135 -6.78455 7.9417
    endloop
  endfacet
  facet normal 0.972368 0.219373 0.0798524
    outer loop
      vertex -23.7765 -7.39005 10.3723
      vertex -23.7135 -6.78455 7.9417
      vertex -23.9271 -6.79539 10.5725
    endloop
  endfacet
  facet normal 0.972324 0.219551 0.0798956
    outer loop
      vertex -23.7135 -6.78455 7.9417
      vertex -23.7765 -7.39005 10.3723
      vertex -23.7509 -7.49087 10.3378
    endloop
  endfacet
  facet normal -0.793079 0.572382 0.208339
    outer loop
      vertex 19.8614 -15.2376 7.55323
      vertex 19.8614 -14.3736 5.17951
      vertex 19.7625 -15.3586 7.50918
    endloop
  endfacet
  facet normal 0.000337142 -0.342165 0.93964
    outer loop
      vertex 21.8742 -11.287 6.30293
      vertex 22.9194 -9.08108 7.10583
      vertex 21.2609 -12.3485 5.91661
    endloop
  endfacet
  facet normal -7.70284e-05 -0.342123 0.939655
    outer loop
      vertex -13.3709 -20.1614 3.07293
      vertex -12.275 -20.7925 2.84324
      vertex -14.4301 -19.4773 3.32192
    endloop
  endfacet
  facet normal -0.0262434 0.939377 0.34188
    outer loop
      vertex 1.28485 -23.8516 1.72982
      vertex 0.16228 -24.7432 4.09348
      vertex 1.28485 -24.7155 4.10354
    endloop
  endfacet
  facet normal -0.026166 0.939367 0.341913
    outer loop
      vertex 0.16228 -24.7432 4.09348
      vertex 1.28485 -23.8516 1.72982
      vertex 0 -23.8832 1.71831
    endloop
  endfacet
  facet normal -0.382668 0.868161 0.316008
    outer loop
      vertex 9.98538 -21.8887 2.44423
      vertex 8.79793 -23.2149 4.64973
      vertex 9.83541 -22.8111 4.79671
    endloop
  endfacet
  facet normal -0.382685 0.868158 0.315997
    outer loop
      vertex 8.79793 -23.2149 4.64973
      vertex 9.98538 -21.8887 2.44423
      vertex 8.79793 -22.3509 2.27601
    endloop
  endfacet
  facet normal -0.284416 0.900892 0.327874
    outer loop
      vertex 7.58637 -23.618 4.50299
      vertex 7.58637 -22.7541 2.12927
      vertex 7.43072 -23.6614 4.48722
    endloop
  endfacet
  facet normal -0.182237 0.923965 0.336271
    outer loop
      vertex 5.10423 -23.3791 1.9018
      vertex 4.00008 -24.4353 4.20552
      vertex 5.10423 -24.243 4.27552
    endloop
  endfacet
  facet normal -0.182239 0.923965 0.33627
    outer loop
      vertex 4.00008 -24.4353 4.20552
      vertex 5.10423 -23.3791 1.9018
      vertex 3.84047 -23.5992 1.82168
    endloop
  endfacet
  facet normal -0.566435 0.774405 0.281866
    outer loop
      vertex 14.4301 -19.4773 3.32192
      vertex 13.3709 -21.0254 5.44665
      vertex 14.2963 -20.4277 5.66419
    endloop
  endfacet
  facet normal -0.566425 0.774409 0.281874
    outer loop
      vertex 13.3709 -21.0254 5.44665
      vertex 14.4301 -19.4773 3.32192
      vertex 13.3709 -20.1614 3.07293
    endloop
  endfacet
  facet normal -0.566355 0.774454 0.28189
    outer loop
      vertex 14.4301 -20.3413 5.69564
      vertex 14.4301 -19.4773 3.32192
      vertex 14.2963 -20.4277 5.66419
    endloop
  endfacet
  facet normal 0.284416 0.900892 0.327874
    outer loop
      vertex -7.43072 -23.6614 4.48722
      vertex -7.58637 -22.7541 2.12927
      vertex -7.58637 -23.618 4.50299
    endloop
  endfacet
  facet normal 0.333702 0.885836 0.322394
    outer loop
      vertex -7.58637 -23.618 4.50299
      vertex -7.58637 -22.7541 2.12927
      vertex -7.73939 -23.5671 4.52152
    endloop
  endfacet
  facet normal 0.477139 0.825835 0.300557
    outer loop
      vertex -11.2881 -22.1599 5.0337
      vertex -12.275 -20.7925 2.84324
      vertex -12.275 -21.6564 5.21696
    endloop
  endfacet
  facet normal 0.47717 0.825825 0.300537
    outer loop
      vertex -12.275 -20.7925 2.84324
      vertex -11.2881 -22.1599 5.0337
      vertex -11.1455 -21.3688 2.63348
    endloop
  endfacet
  facet normal 3.34739e-06 -0.342011 0.939696
    outer loop
      vertex -11.1455 -21.3688 2.63348
      vertex -3.84047 -23.5992 1.82168
      vertex -14.4301 -19.4773 3.32192
    endloop
  endfacet
  facet normal -3.75596e-05 -0.342129 0.939653
    outer loop
      vertex -9.98538 -21.8887 2.44423
      vertex -3.84047 -23.5992 1.82168
      vertex -11.1455 -21.3688 2.63348
    endloop
  endfacet
  facet normal -0.983258 0.171224 0.0623306
    outer loop
      vertex 24.0751 -6.13857 10.7925
      vertex 24.2477 -4.42259 8.80139
      vertex 24.0135 -5.61014 8.36915
    endloop
  endfacet
  facet normal -0.983254 0.171243 0.0623475
    outer loop
      vertex 24.2477 -4.42259 8.80139
      vertex 24.0751 -6.13857 10.7925
      vertex 24.2192 -5.40099 11.0392
    endloop
  endfacet
  facet normal -0.983248 0.171282 0.0623428
    outer loop
      vertex 24.0751 -6.13857 10.7925
      vertex 24.0135 -5.61014 8.36915
      vertex 24.0135 -6.45335 10.6858
    endloop
  endfacet
  facet normal -0.999658 0.0245664 0.00893882
    outer loop
      vertex 24.5204 -2.69264 11.9684
      vertex 24.55 -0.813731 10.1149
      vertex 24.5164 -2.02109 9.67546
    endloop
  endfacet
  facet normal -0.999658 0.0245703 0.0089428
    outer loop
      vertex 24.55 -0.813731 10.1149
      vertex 24.5204 -2.69264 11.9684
      vertex 24.55 -1.62709 12.3496
    endloop
  endfacet
  facet normal -0.958772 0.267039 0.0971948
    outer loop
      vertex 23.7135 -6.78455 7.9417
      vertex 23.6237 -7.92554 10.1907
      vertex 23.7135 -7.63832 10.2874
    endloop
  endfacet
  facet normal -0.958807 0.266926 0.0971601
    outer loop
      vertex 23.4693 -8.4188 10.0216
      vertex 23.7135 -6.78455 7.9417
      vertex 23.3484 -7.94258 7.52021
    endloop
  endfacet
  facet normal -0.958835 0.266848 0.0970953
    outer loop
      vertex 23.7135 -6.78455 7.9417
      vertex 23.4693 -8.4188 10.0216
      vertex 23.6237 -7.92554 10.1907
    endloop
  endfacet
  facet normal -0.958796 0.266961 0.0971662
    outer loop
      vertex 23.4693 -8.4188 10.0216
      vertex 23.3484 -7.94258 7.52021
      vertex 23.3484 -8.80409 9.88718
    endloop
  endfacet
  facet normal -0.972354 -0.219429 -0.079866
    outer loop
      vertex 23.7135 5.15708 12.2881
      vertex 23.7765 4.05857 14.5392
      vertex 23.7135 4.30331 14.6338
    endloop
  endfacet
  facet normal -0.972377 -0.219347 -0.0798115
    outer loop
      vertex 23.9271 3.47435 14.3104
      vertex 23.7135 5.15708 12.2881
      vertex 24.0135 3.98268 11.8607
    endloop
  endfacet
  facet normal -0.972365 -0.219386 -0.0798449
    outer loop
      vertex 23.7135 5.15708 12.2881
      vertex 23.9271 3.47435 14.3104
      vertex 23.7765 4.05857 14.5392
    endloop
  endfacet
  facet normal -0.972418 -0.219178 -0.0797779
    outer loop
      vertex 23.9271 3.47435 14.3104
      vertex 24.0135 3.98268 11.8607
      vertex 24.0135 3.13947 14.1773
    endloop
  endfacet
  facet normal -0.793308 -0.572109 -0.208217
    outer loop
      vertex 19.8614 12.7462 15.0503
      vertex 19.0789 12.8404 17.7728
      vertex 19.0789 13.7043 15.3991
    endloop
  endfacet
  facet normal -0.793335 -0.572068 -0.208226
    outer loop
      vertex 19.0789 12.8404 17.7728
      vertex 19.8614 12.7462 15.0503
      vertex 19.8614 11.8822 17.424
    endloop
  endfacet
  facet normal -0.130505 -0.931668 -0.339062
    outer loop
      vertex 2.56617 22.1293 18.4655
      vertex 3.84047 21.387 20.0147
      vertex 2.56617 21.5655 20.0147
    endloop
  endfacet
  facet normal -0.130498 -0.931667 -0.339067
    outer loop
      vertex 3.84047 21.387 20.0147
      vertex 2.56617 22.1293 18.4655
      vertex 3.84047 21.9717 18.4081
    endloop
  endfacet
  facet normal -0.688369 0.681612 0.248097
    outer loop
      vertex 16.4272 -17.9577 3.87502
      vertex 17.3595 -17.9903 6.55134
      vertex 17.3595 -17.1263 4.17762
    endloop
  endfacet
  facet normal -0.688331 0.681656 0.248084
    outer loop
      vertex 17.3595 -17.9903 6.55134
      vertex 16.4272 -17.9577 3.87502
      vertex 16.4272 -18.8216 6.24874
    endloop
  endfacet
  facet normal 0.333814 -0.885793 -0.322397
    outer loop
      vertex -8.6661 20.023 20.0147
      vertex -7.58637 21.1266 18.1005
      vertex -7.58637 20.4299 20.0147
    endloop
  endfacet
  facet normal 0.333757 -0.885801 -0.322433
    outer loop
      vertex -7.58637 21.1266 18.1005
      vertex -8.6661 20.023 20.0147
      vertex -8.79793 20.7235 17.9538
    endloop
  endfacet
  facet normal 0.000352109 -0.34277 0.939419
    outer loop
      vertex -8.79793 20.7235 17.9538
      vertex -9.98538 20.2613 17.7856
      vertex -11.1455 19.7413 17.5963
    endloop
  endfacet
  facet normal 0.383156 -0.86798 -0.315916
    outer loop
      vertex -8.79793 20.7235 17.9538
      vertex -8.79793 19.9734 20.0147
      vertex -8.92932 19.9154 20.0147
    endloop
  endfacet
  facet normal 0.430817 -0.848056 -0.308541
    outer loop
      vertex -9.98538 20.2613 17.7856
      vertex -10.8718 19 20.0147
      vertex -10.9989 18.943 19.9939
    endloop
  endfacet
  facet normal 0.43048 -0.848158 -0.308732
    outer loop
      vertex -10.8718 19 20.0147
      vertex -9.98538 20.2613 17.7856
      vertex -9.98538 19.4499 20.0147
    endloop
  endfacet
  facet normal 0.430534 -0.848135 -0.308718
    outer loop
      vertex -9.98538 20.2613 17.7856
      vertex -10.9989 18.943 19.9939
      vertex -11.1455 19.7413 17.5963
    endloop
  endfacet
  facet normal 0.430448 -0.848176 -0.308726
    outer loop
      vertex -11.1455 19.7413 17.5963
      vertex -10.9989 18.943 19.9939
      vertex -11.1455 18.8773 19.97
    endloop
  endfacet
  facet normal 0.942736 -0.313432 -0.114055
    outer loop
      vertex -23 6.37577 15.4198
      vertex -22.9194 7.45362 13.124
      vertex -22.9736 6.44586 15.4454
    endloop
  endfacet
  facet normal 0.942635 -0.313692 -0.114181
    outer loop
      vertex -23.1109 6.08183 15.3118
      vertex -22.9194 7.45362 13.124
      vertex -23 6.37577 15.4198
    endloop
  endfacet
  facet normal 0.942651 -0.313651 -0.114154
    outer loop
      vertex -22.9194 7.45362 13.124
      vertex -23.1109 6.08183 15.3118
      vertex -23.3484 6.31512 12.7096
    endloop
  endfacet
  facet normal 0.942653 -0.313647 -0.114154
    outer loop
      vertex -23.157 5.95962 15.2669
      vertex -23.3484 6.31512 12.7096
      vertex -23.1109 6.08183 15.3118
    endloop
  endfacet
  facet normal 0.942629 -0.313717 -0.114162
    outer loop
      vertex -23.3136 5.54556 15.1117
      vertex -23.3484 6.31512 12.7096
      vertex -23.157 5.95962 15.2669
    endloop
  endfacet
  facet normal 0.942778 -0.313314 -0.114035
    outer loop
      vertex -23.3484 6.31512 12.7096
      vertex -23.3136 5.54556 15.1117
      vertex -23.3484 5.45362 15.0766
    endloop
  endfacet
  facet normal 1.95207e-05 -0.342031 0.939689
    outer loop
      vertex -23.3484 6.31512 12.7096
      vertex -23.7135 5.15708 12.2881
      vertex -24.2477 2.79513 11.4284
    endloop
  endfacet
  facet normal 0.991444 -0.122661 -0.0446444
    outer loop
      vertex -24.4155 1.59768 10.9926
      vertex -24.3953 0.91826 13.3079
      vertex -24.4155 0.775369 13.2519
    endloop
  endfacet
  facet normal -0.00145379 -0.341954 0.939715
    outer loop
      vertex -24.4155 1.59768 10.9926
      vertex -24.5164 0.393629 10.5543
      vertex -24.55 -0.813731 10.1149
    endloop
  endfacet
  facet normal 0.942614 -0.31375 -0.114196
    outer loop
      vertex -22.9194 7.45362 13.124
      vertex -22.9194 6.58966 15.4977
      vertex -22.9736 6.44586 15.4454
    endloop
  endfacet
  facet normal 1.21634e-05 -0.342023 0.939692
    outer loop
      vertex -19.8614 12.7462 15.0503
      vertex -23.3484 6.31512 12.7096
      vertex -24.55 -0.813731 10.1149
    endloop
  endfacet
  facet normal 0.878717 -0.448556 -0.163262
    outer loop
      vertex -21.8742 9.65958 13.9269
      vertex -21.7967 8.92968 16.3494
      vertex -21.8742 8.79562 16.3006
    endloop
  endfacet
  facet normal 0.824136 -0.532232 -0.193726
    outer loop
      vertex -19.8614 11.8822 17.424
      vertex -20.5894 11.7508 14.688
      vertex -19.8614 12.7462 15.0503
    endloop
  endfacet
  facet normal 0.824136 -0.532232 -0.193726
    outer loop
      vertex -20.5894 11.7508 14.688
      vertex -19.8614 11.8822 17.424
      vertex -20.5894 10.8868 17.0617
    endloop
  endfacet
  facet normal 0.000720524 -0.342609 0.939478
    outer loop
      vertex -17.3595 15.4988 16.0522
      vertex -19.0789 13.7043 15.3991
      vertex -19.8614 12.7462 15.0503
    endloop
  endfacet
  facet normal 0.688369 -0.681608 -0.248108
    outer loop
      vertex -16.5449 15.3612 18.6903
      vertex -17.3595 15.4988 16.0522
      vertex -16.4272 16.3302 16.3548
    endloop
  endfacet
  facet normal 0.688309 -0.681675 -0.248093
    outer loop
      vertex -17.3595 15.4988 16.0522
      vertex -16.5449 15.3612 18.6903
      vertex -17.3595 14.6349 18.4259
    endloop
  endfacet
  facet normal 0.608768 -0.745509 -0.271326
    outer loop
      vertex -15.321 16.3435 19.0478
      vertex -14.4301 17.8498 16.9079
      vertex -14.4301 16.9859 19.2816
    endloop
  endfacet
  facet normal 0.608734 -0.745527 -0.271352
    outer loop
      vertex -14.4301 17.8498 16.9079
      vertex -15.321 16.3435 19.0478
      vertex -15.4498 17.1146 16.6403
    endloop
  endfacet
  facet normal 0.566427 -0.774418 -0.281847
    outer loop
      vertex -14.4301 16.9859 19.2816
      vertex -13.3709 18.5339 17.1569
      vertex -13.3709 17.67 19.5306
    endloop
  endfacet
  facet normal 0.566427 -0.774418 -0.281847
    outer loop
      vertex -13.3709 18.5339 17.1569
      vertex -14.4301 16.9859 19.2816
      vertex -14.4301 17.8498 16.9079
    endloop
  endfacet
  facet normal 0.522459 -0.801236 -0.291644
    outer loop
      vertex -13.3709 17.67 19.5306
      vertex -12.275 19.165 17.3866
      vertex -12.4134 18.2213 19.7313
    endloop
  endfacet
  facet normal 0.522518 -0.801215 -0.291599
    outer loop
      vertex -12.275 19.165 17.3866
      vertex -13.3709 17.67 19.5306
      vertex -13.3709 18.5339 17.1569
    endloop
  endfacet
  facet normal 0.000101015 -0.342043 0.939684
    outer loop
      vertex 24.0135 -5.61014 8.36915
      vertex 24.2477 -4.42259 8.80139
      vertex 23.7135 -6.78455 7.9417
    endloop
  endfacet
  facet normal -3.2448e-05 -0.342016 0.939694
    outer loop
      vertex 24.2477 -4.42259 8.80139
      vertex 24.55 -0.813731 10.1149
      vertex 23.7135 -6.78455 7.9417
    endloop
  endfacet
  facet normal -0.996887 0.0740891 0.0269662
    outer loop
      vertex 24.5164 -2.83687 11.9168
      vertex 24.5164 -2.02109 9.67546
      vertex 24.5043 -2.98148 11.8668
    endloop
  endfacet
  facet normal -0.999659 0.0245299 0.00892814
    outer loop
      vertex 24.5204 -2.69264 11.9684
      vertex 24.5164 -2.02109 9.67546
      vertex 24.5164 -2.83687 11.9168
    endloop
  endfacet
  facet normal -0.878765 0.448471 0.163237
    outer loop
      vertex 21.8742 -12.151 8.67665
      vertex 21.8742 -11.287 6.30293
      vertex 21.7967 -12.2851 8.62786
    endloop
  endfacet
  facet normal 0.991427 0.12278 0.0446891
    outer loop
      vertex -24.2477 -5.25468 11.0875
      vertex -24.2477 -4.42259 8.80139
      vertex -24.2681 -5.10808 11.1373
    endloop
  endfacet
  facet normal 0.983301 0.171013 0.0622446
    outer loop
      vertex -24.2202 -5.39584 11.0409
      vertex -24.2477 -4.42259 8.80139
      vertex -24.2477 -5.25468 11.0875
    endloop
  endfacet
  facet normal 0.983407 0.170483 0.0620129
    outer loop
      vertex -24.2477 -4.42259 8.80139
      vertex -24.2202 -5.39584 11.0409
      vertex -24.2192 -5.40099 11.0392
    endloop
  endfacet
  facet normal 0.991457 0.122567 0.0446107
    outer loop
      vertex -24.362 -4.43302 11.3668
      vertex -24.4155 -3.22515 9.23722
      vertex -24.4155 -4.04746 11.4965
    endloop
  endfacet
  facet normal 0.991441 0.122674 0.0446717
    outer loop
      vertex -24.4155 -3.22515 9.23722
      vertex -24.362 -4.43302 11.3668
      vertex -24.2477 -4.42259 8.80139
    endloop
  endfacet
  facet normal 0.991435 0.12272 0.0446716
    outer loop
      vertex -24.2477 -4.42259 8.80139
      vertex -24.362 -4.43302 11.3668
      vertex -24.2681 -5.10808 11.1373
    endloop
  endfacet
  facet normal 0.996939 0.0734876 0.0267023
    outer loop
      vertex -24.5 -3.03331 11.8489
      vertex -24.5164 -2.02109 9.67546
      vertex -24.5043 -2.98148 11.8668
    endloop
  endfacet
  facet normal 0.996914 0.0737738 0.0268358
    outer loop
      vertex -24.5 -3.03331 11.8489
      vertex -24.4155 -3.22515 9.23722
      vertex -24.5164 -2.02109 9.67546
    endloop
  endfacet
  facet normal 0.996916 0.0737382 0.0268385
    outer loop
      vertex -24.4155 -3.22515 9.23722
      vertex -24.5 -3.03331 11.8489
      vertex -24.4155 -4.04746 11.4965
    endloop
  endfacet
  facet normal 0.972374 0.219349 0.079837
    outer loop
      vertex -23.7135 -7.63832 10.2874
      vertex -23.7135 -6.78455 7.9417
      vertex -23.7509 -7.49087 10.3378
    endloop
  endfacet
  facet normal 0.760502 0.610173 0.222094
    outer loop
      vertex -18.9735 -16.3118 7.16226
      vertex -19.0789 -15.3318 4.83076
      vertex -19.0789 -16.1958 7.20448
    endloop
  endfacet
  facet normal -0.000203286 -0.341906 0.939734
    outer loop
      vertex 20.5894 -13.3783 5.54179
      vertex 21.2609 -12.3485 5.91661
      vertex 19.8614 -14.3736 5.17951
    endloop
  endfacet
  facet normal -0.82411 0.532272 0.193724
    outer loop
      vertex 19.9533 -15.1119 7.59899
      vertex 20.5894 -13.3783 5.54179
      vertex 19.8614 -14.3736 5.17951
    endloop
  endfacet
  facet normal -0.824119 0.532262 0.193713
    outer loop
      vertex 20.5894 -13.3783 5.54179
      vertex 19.9533 -15.1119 7.59899
      vertex 20.5894 -14.2422 7.91551
    endloop
  endfacet
  facet normal 0.522455 0.801239 0.291645
    outer loop
      vertex -12.275 -21.6564 5.21696
      vertex -13.3709 -20.1614 3.07293
      vertex -13.2325 -21.1051 5.41764
    endloop
  endfacet
  facet normal 0.522516 0.801217 0.291598
    outer loop
      vertex -13.3709 -20.1614 3.07293
      vertex -12.275 -21.6564 5.21696
      vertex -12.275 -20.7925 2.84324
    endloop
  endfacet
  facet normal 0.522516 0.801206 0.291627
    outer loop
      vertex -13.2325 -21.1051 5.41764
      vertex -13.3709 -20.1614 3.07293
      vertex -13.3709 -21.0254 5.44665
    endloop
  endfacet
  facet normal 3.31007e-05 -0.341988 0.939704
    outer loop
      vertex -16.4272 -17.9577 3.87502
      vertex -14.4301 -19.4773 3.32192
      vertex -19.0789 -15.3318 4.83076
    endloop
  endfacet
  facet normal 6.7529e-05 -0.341948 0.939719
    outer loop
      vertex -15.4498 -18.7421 3.58952
      vertex -14.4301 -19.4773 3.32192
      vertex -16.4272 -17.9577 3.87502
    endloop
  endfacet
  facet normal -0.078054 0.936834 0.340955
    outer loop
      vertex 1.44668 -24.7036 4.10789
      vertex 1.28485 -23.8516 1.72982
      vertex 1.28485 -24.7155 4.10354
    endloop
  endfacet
  facet normal 3.53449e-05 -0.342316 0.939585
    outer loop
      vertex 2.56617 -23.7568 1.76431
      vertex 3.84047 -23.5992 1.82168
      vertex 1.28485 -23.8516 1.72982
    endloop
  endfacet
  facet normal -0.522516 0.801206 0.291627
    outer loop
      vertex 13.3709 -21.0254 5.44665
      vertex 13.3709 -20.1614 3.07293
      vertex 13.2325 -21.1051 5.41764
    endloop
  endfacet
  facet normal 7.70284e-05 -0.342123 0.939655
    outer loop
      vertex 13.3709 -20.1614 3.07293
      vertex 14.4301 -19.4773 3.32192
      vertex 12.275 -20.7925 2.84324
    endloop
  endfacet
  facet normal 3.55949e-05 -0.342088 0.939668
    outer loop
      vertex 8.79793 -22.3509 2.27601
      vertex 9.98538 -21.8887 2.44423
      vertex 7.58637 -22.7541 2.12927
    endloop
  endfacet
  facet normal -1.2142e-05 -0.341971 0.93971
    outer loop
      vertex 7.58637 -22.7541 2.12927
      vertex 9.98538 -21.8887 2.44423
      vertex 3.84047 -23.5992 1.82168
    endloop
  endfacet
  facet normal -0.284013 0.900995 0.32794
    outer loop
      vertex 7.58637 -22.7541 2.12927
      vertex 6.35401 -23.9611 4.37814
      vertex 7.43072 -23.6614 4.48722
    endloop
  endfacet
  facet normal -0.283997 0.900997 0.32795
    outer loop
      vertex 6.35401 -23.9611 4.37814
      vertex 7.58637 -22.7541 2.12927
      vertex 6.35401 -23.0971 2.00442
    endloop
  endfacet
  facet normal -0.233382 0.913751 0.332554
    outer loop
      vertex 5.26208 -24.2074 4.28848
      vertex 5.10423 -23.3791 1.9018
      vertex 5.10423 -24.243 4.27552
    endloop
  endfacet
  facet normal -0.130466 0.931669 0.339074
    outer loop
      vertex 3.84047 -24.4631 4.19541
      vertex 3.84047 -23.5992 1.82168
      vertex 3.67952 -24.483 4.18816
    endloop
  endfacet
  facet normal 0.233414 0.913731 0.332585
    outer loop
      vertex -5.26208 -24.2074 4.28848
      vertex -6.35401 -23.0971 2.00442
      vertex -6.35401 -23.9611 4.37814
    endloop
  endfacet
  facet normal 0.233479 0.913727 0.332552
    outer loop
      vertex -6.35401 -23.0971 2.00442
      vertex -5.26208 -24.2074 4.28848
      vertex -5.10423 -23.3791 1.9018
    endloop
  endfacet
  facet normal 0.182237 0.923965 0.336271
    outer loop
      vertex -4.00008 -24.4353 4.20552
      vertex -5.10423 -23.3791 1.9018
      vertex -5.10423 -24.243 4.27552
    endloop
  endfacet
  facet normal 0.182239 0.923965 0.33627
    outer loop
      vertex -5.10423 -23.3791 1.9018
      vertex -4.00008 -24.4353 4.20552
      vertex -3.84047 -23.5992 1.82168
    endloop
  endfacet
  facet normal 0.333776 0.885799 0.322418
    outer loop
      vertex -7.73939 -23.5671 4.52152
      vertex -8.79793 -22.3509 2.27601
      vertex -8.79793 -23.2149 4.64973
    endloop
  endfacet
  facet normal 0.333832 0.885789 0.322387
    outer loop
      vertex -8.79793 -22.3509 2.27601
      vertex -7.73939 -23.5671 4.52152
      vertex -7.58637 -22.7541 2.12927
    endloop
  endfacet
  facet normal 0.382668 0.868161 0.316008
    outer loop
      vertex -8.79793 -23.2149 4.64973
      vertex -9.98538 -21.8887 2.44423
      vertex -9.83541 -22.8111 4.79671
    endloop
  endfacet
  facet normal 0.382685 0.868158 0.315997
    outer loop
      vertex -9.98538 -21.8887 2.44423
      vertex -8.79793 -23.2149 4.64973
      vertex -8.79793 -22.3509 2.27601
    endloop
  endfacet
  facet normal -0.725395 -0.646826 -0.23541
    outer loop
      vertex 18.2442 14.6227 15.7333
      vertex 17.3595 14.6349 18.4259
      vertex 17.3595 15.4988 16.0522
    endloop
  endfacet
  facet normal -0.725395 -0.646826 -0.23541
    outer loop
      vertex 17.3595 14.6349 18.4259
      vertex 18.2442 14.6227 15.7333
      vertex 18.2442 13.7588 18.107
    endloop
  endfacet
  facet normal -0.760409 -0.610283 -0.22211
    outer loop
      vertex 19.0789 13.7043 15.3991
      vertex 18.2442 13.7588 18.107
      vertex 18.2442 14.6227 15.7333
    endloop
  endfacet
  facet normal -0.760409 -0.610283 -0.22211
    outer loop
      vertex 18.2442 13.7588 18.107
      vertex 19.0789 13.7043 15.3991
      vertex 19.0789 12.8404 17.7728
    endloop
  endfacet
  facet normal 0.233197 -0.913793 -0.332567
    outer loop
      vertex -6.35401 21.4696 18.2254
      vertex -6.23567 20.8486 20.0147
      vertex -6.35401 20.8184 20.0147
    endloop
  endfacet
  facet normal 0.00155303 -0.342337 0.939576
    outer loop
      vertex -23.7135 5.15708 12.2881
      vertex -24.0135 3.98268 11.8607
      vertex -24.2477 2.79513 11.4284
    endloop
  endfacet
  facet normal 0.923867 -0.359642 -0.130873
    outer loop
      vertex -22.4897 7.56456 15.8525
      vertex -22.9194 7.45362 13.124
      vertex -22.4275 8.56946 13.5301
    endloop
  endfacet
  facet normal 0.923888 -0.359585 -0.130879
    outer loop
      vertex -22.9194 7.45362 13.124
      vertex -22.4897 7.56456 15.8525
      vertex -22.9194 6.58966 15.4977
    endloop
  endfacet
  facet normal 0.923719 -0.359969 -0.131019
    outer loop
      vertex -22.4275 8.56946 13.5301
      vertex -22.4275 7.7055 15.9038
      vertex -22.4897 7.56456 15.8525
    endloop
  endfacet
  facet normal 0.852661 -0.490954 -0.178702
    outer loop
      vertex -20.5894 10.8868 17.0617
      vertex -21.2609 10.721 14.3132
      vertex -20.5894 11.7508 14.688
    endloop
  endfacet
  facet normal 0.852655 -0.490965 -0.1787
    outer loop
      vertex -21.2609 10.721 14.3132
      vertex -20.5894 10.8868 17.0617
      vertex -21.2609 9.85703 16.6869
    endloop
  endfacet
  facet normal -0.000238396 -0.34187 0.939747
    outer loop
      vertex -19.8614 12.7462 15.0503
      vertex -20.5894 11.7508 14.688
      vertex -21.2609 10.721 14.3132
    endloop
  endfacet
  facet normal -6.7529e-05 -0.341948 0.939719
    outer loop
      vertex -14.4301 17.8498 16.9079
      vertex -15.4498 17.1146 16.6403
      vertex -16.4272 16.3302 16.3548
    endloop
  endfacet
  facet normal 0.649431 -0.714557 -0.260091
    outer loop
      vertex -16.4272 15.4662 18.7285
      vertex -15.4498 17.1146 16.6403
      vertex -15.4498 16.2506 19.014
    endloop
  endfacet
  facet normal 0.649431 -0.714557 -0.260091
    outer loop
      vertex -15.4498 17.1146 16.6403
      vertex -16.4272 15.4662 18.7285
      vertex -16.4272 16.3302 16.3548
    endloop
  endfacet
  facet normal 0.688483 -0.68151 -0.248062
    outer loop
      vertex -16.4272 16.3302 16.3548
      vertex -16.4272 15.4662 18.7285
      vertex -16.5449 15.3612 18.6903
    endloop
  endfacet
  facet normal 0.942799 0.313257 0.114017
    outer loop
      vertex -23.3136 -8.89711 9.85499
      vertex -23.3484 -7.94258 7.52021
      vertex -23.3484 -8.80409 9.88718
    endloop
  endfacet
  facet normal 0.94279 0.313281 0.114026
    outer loop
      vertex -23.3484 -7.94258 7.52021
      vertex -23.3136 -8.89711 9.85499
      vertex -23.2944 -8.94831 9.83691
    endloop
  endfacet
  facet normal -0.000337142 -0.342165 0.93964
    outer loop
      vertex -21.8742 -11.287 6.30293
      vertex -21.2609 -12.3485 5.91661
      vertex -22.9194 -9.08108 7.10583
    endloop
  endfacet
  facet normal 0.923685 0.360045 0.131051
    outer loop
      vertex -22.4275 -11.0609 9.07342
      vertex -22.4275 -10.1969 6.6997
      vertex -22.4897 -10.92 9.12472
    endloop
  endfacet
  facet normal 0.382804 0.868112 0.31598
    outer loop
      vertex -9.83541 -22.8111 4.79671
      vertex -9.98538 -21.8887 2.44423
      vertex -9.98538 -22.7527 4.81795
    endloop
  endfacet
  facet normal -0.522455 0.801239 0.291645
    outer loop
      vertex 13.3709 -20.1614 3.07293
      vertex 12.275 -21.6564 5.21696
      vertex 13.2325 -21.1051 5.41764
    endloop
  endfacet
  facet normal -0.522516 0.801217 0.291598
    outer loop
      vertex 12.275 -21.6564 5.21696
      vertex 13.3709 -20.1614 3.07293
      vertex 12.275 -20.7925 2.84324
    endloop
  endfacet
  facet normal -0.477139 0.825835 0.300557
    outer loop
      vertex 12.275 -20.7925 2.84324
      vertex 11.2881 -22.1599 5.0337
      vertex 12.275 -21.6564 5.21696
    endloop
  endfacet
  facet normal -0.47717 0.825825 0.300537
    outer loop
      vertex 11.2881 -22.1599 5.0337
      vertex 12.275 -20.7925 2.84324
      vertex 11.1455 -21.3688 2.63348
    endloop
  endfacet
  facet normal -0.233414 0.913731 0.332585
    outer loop
      vertex 6.35401 -23.0971 2.00442
      vertex 5.26208 -24.2074 4.28848
      vertex 6.35401 -23.9611 4.37814
    endloop
  endfacet
  facet normal -0.233479 0.913727 0.332552
    outer loop
      vertex 5.26208 -24.2074 4.28848
      vertex 6.35401 -23.0971 2.00442
      vertex 5.10423 -23.3791 1.9018
    endloop
  endfacet
  facet normal -8.29742e-05 -0.341638 0.939832
    outer loop
      vertex 5.10423 -23.3791 1.9018
      vertex 6.35401 -23.0971 2.00442
      vertex 3.84047 -23.5992 1.82168
    endloop
  endfacet
  facet normal -0.430523 0.848155 0.30868
    outer loop
      vertex 11.1455 -21.3688 2.63348
      vertex 9.98538 -22.7527 4.81795
      vertex 11.1455 -22.2327 5.0072
    endloop
  endfacet
  facet normal -0.430463 0.84817 0.308722
    outer loop
      vertex 9.98538 -22.7527 4.81795
      vertex 11.1455 -21.3688 2.63348
      vertex 9.98538 -21.8887 2.44423
    endloop
  endfacet
  facet normal -0.477386 0.825709 0.300512
    outer loop
      vertex 11.2881 -22.1599 5.0337
      vertex 11.1455 -21.3688 2.63348
      vertex 11.1455 -22.2327 5.0072
    endloop
  endfacet
  facet normal -0.182231 0.923966 0.33627
    outer loop
      vertex 4.00008 -24.4353 4.20552
      vertex 3.84047 -23.5992 1.82168
      vertex 3.84047 -24.4631 4.19541
    endloop
  endfacet
  facet normal -0.0784673 0.936791 0.340978
    outer loop
      vertex 2.56617 -23.7568 1.76431
      vertex 1.44668 -24.7036 4.10789
      vertex 2.56617 -24.6208 4.13803
    endloop
  endfacet
  facet normal -0.0784878 0.936792 0.340969
    outer loop
      vertex 1.44668 -24.7036 4.10789
      vertex 2.56617 -23.7568 1.76431
      vertex 1.28485 -23.8516 1.72982
    endloop
  endfacet
  facet normal -0.130579 0.931658 0.339062
    outer loop
      vertex 3.84047 -23.5992 1.82168
      vertex 2.56617 -24.6208 4.13803
      vertex 3.67952 -24.483 4.18816
    endloop
  endfacet
  facet normal -0.13049 0.931653 0.339108
    outer loop
      vertex 2.56617 -24.6208 4.13803
      vertex 3.84047 -23.5992 1.82168
      vertex 2.56617 -23.7568 1.76431
    endloop
  endfacet
  facet normal 8.29742e-05 -0.341638 0.939832
    outer loop
      vertex -5.10423 -23.3791 1.9018
      vertex -3.84047 -23.5992 1.82168
      vertex -6.35401 -23.0971 2.00442
    endloop
  endfacet
  facet normal 0.233382 0.913751 0.332554
    outer loop
      vertex -5.10423 -24.243 4.27552
      vertex -5.10423 -23.3791 1.9018
      vertex -5.26208 -24.2074 4.28848
    endloop
  endfacet
  facet normal -0.000985276 -0.341166 0.940003
    outer loop
      vertex -17.3595 15.4988 16.0522
      vertex -18.2442 14.6227 15.7333
      vertex -19.0789 13.7043 15.3991
    endloop
  endfacet
  facet normal 0.000671563 -0.342343 0.939575
    outer loop
      vertex -21.2609 10.721 14.3132
      vertex -21.8742 9.65958 13.9269
      vertex -22.4275 8.56946 13.5301
    endloop
  endfacet
  facet normal 4.92475e-05 -0.342045 0.939684
    outer loop
      vertex -19.8614 12.7462 15.0503
      vertex -21.2609 10.721 14.3132
      vertex -22.4275 8.56946 13.5301
    endloop
  endfacet
  facet normal 0.793308 -0.572109 -0.208217
    outer loop
      vertex -19.0789 12.8404 17.7728
      vertex -19.8614 12.7462 15.0503
      vertex -19.0789 13.7043 15.3991
    endloop
  endfacet
  facet normal 0.793335 -0.572068 -0.208226
    outer loop
      vertex -19.8614 12.7462 15.0503
      vertex -19.0789 12.8404 17.7728
      vertex -19.8614 11.8822 17.424
    endloop
  endfacet
  facet normal 0.958772 0.267039 0.0971948
    outer loop
      vertex -23.6237 -7.92554 10.1907
      vertex -23.7135 -6.78455 7.9417
      vertex -23.7135 -7.63832 10.2874
    endloop
  endfacet
  facet normal 0.958835 0.266848 0.0970953
    outer loop
      vertex -23.4693 -8.4188 10.0216
      vertex -23.7135 -6.78455 7.9417
      vertex -23.6237 -7.92554 10.1907
    endloop
  endfacet
  facet normal 0.958807 0.266926 0.0971601
    outer loop
      vertex -23.7135 -6.78455 7.9417
      vertex -23.4693 -8.4188 10.0216
      vertex -23.3484 -7.94258 7.52021
    endloop
  endfacet
  facet normal 0.958796 0.266961 0.0971662
    outer loop
      vertex -23.3484 -7.94258 7.52021
      vertex -23.4693 -8.4188 10.0216
      vertex -23.3484 -8.80409 9.88718
    endloop
  endfacet
  facet normal 0.878827 0.448366 0.16319
    outer loop
      vertex -21.7967 -12.2851 8.62786
      vertex -21.2609 -12.3485 5.91661
      vertex -21.8742 -11.287 6.30293
    endloop
  endfacet
  facet normal 0.878817 0.448387 0.163188
    outer loop
      vertex -21.2609 -12.3485 5.91661
      vertex -21.7967 -12.2851 8.62786
      vertex -21.2609 -13.2124 8.29033
    endloop
  endfacet
  facet normal 0.000203286 -0.341906 0.939734
    outer loop
      vertex -20.5894 -13.3783 5.54179
      vertex -19.8614 -14.3736 5.17951
      vertex -21.2609 -12.3485 5.91661
    endloop
  endfacet
  facet normal 0.649034 0.714886 0.260178
    outer loop
      vertex -15.4498 -19.606 5.96324
      vertex -15.4498 -18.7421 3.58952
      vertex -15.5733 -19.507 5.9993
    endloop
  endfacet
  facet normal 0.688369 0.681612 0.248097
    outer loop
      vertex -17.3595 -17.9903 6.55134
      vertex -16.4272 -17.9577 3.87502
      vertex -17.3595 -17.1263 4.17762
    endloop
  endfacet
  facet normal 0.688331 0.681656 0.248084
    outer loop
      vertex -16.4272 -17.9577 3.87502
      vertex -17.3595 -17.9903 6.55134
      vertex -16.4272 -18.8216 6.24874
    endloop
  endfacet
  facet normal 0.793079 0.572382 0.208339
    outer loop
      vertex -19.7625 -15.3586 7.50918
      vertex -19.8614 -14.3736 5.17951
      vertex -19.8614 -15.2376 7.55323
    endloop
  endfacet
  facet normal 0.79333 0.572083 0.208202
    outer loop
      vertex -19.7625 -15.3586 7.50918
      vertex -19.0789 -15.3318 4.83076
      vertex -19.8614 -14.3736 5.17951
    endloop
  endfacet
  facet normal 0.793366 0.57203 0.208211
    outer loop
      vertex -19.0789 -15.3318 4.83076
      vertex -19.7625 -15.3586 7.50918
      vertex -19.0789 -16.1958 7.20448
    endloop
  endfacet
  facet normal 0.760417 0.610264 0.222136
    outer loop
      vertex -18.9735 -16.3118 7.16226
      vertex -18.2442 -16.2502 4.49649
      vertex -19.0789 -15.3318 4.83076
    endloop
  endfacet
  facet normal 0.760404 0.61028 0.222133
    outer loop
      vertex -18.2442 -16.2502 4.49649
      vertex -18.9735 -16.3118 7.16226
      vertex -18.2442 -17.1142 6.87021
    endloop
  endfacet
  facet normal -4.32544e-05 -0.342055 0.93968
    outer loop
      vertex -18.2442 -16.2502 4.49649
      vertex -17.3595 -17.1263 4.17762
      vertex -19.0789 -15.3318 4.83076
    endloop
  endfacet
  facet normal 0.284013 0.900995 0.32794
    outer loop
      vertex -6.35401 -23.9611 4.37814
      vertex -7.58637 -22.7541 2.12927
      vertex -7.43072 -23.6614 4.48722
    endloop
  endfacet
  facet normal 0.283997 0.900997 0.32795
    outer loop
      vertex -7.58637 -22.7541 2.12927
      vertex -6.35401 -23.9611 4.37814
      vertex -6.35401 -23.0971 2.00442
    endloop
  endfacet
  facet normal -2.84356e-05 -0.34213 0.939653
    outer loop
      vertex -6.35401 -23.0971 2.00442
      vertex -3.84047 -23.5992 1.82168
      vertex -7.58637 -22.7541 2.12927
    endloop
  endfacet
  facet normal 0.902592 0.404533 0.147244
    outer loop
      vertex -22.4275 -11.0609 9.07342
      vertex -21.8742 -11.287 6.30293
      vertex -22.4275 -10.1969 6.6997
    endloop
  endfacet
  facet normal 0.902592 0.404533 0.147244
    outer loop
      vertex -21.8742 -11.287 6.30293
      vertex -22.4275 -11.0609 9.07342
      vertex -21.8742 -12.151 8.67665
    endloop
  endfacet
  facet normal 1.83903e-05 -0.342017 0.939694
    outer loop
      vertex -22.4275 -10.1969 6.6997
      vertex -21.8742 -11.287 6.30293
      vertex -22.9194 -9.08108 7.10583
    endloop
  endfacet
  facet normal 0.60878 0.745502 0.27132
    outer loop
      vertex -14.4301 -20.3413 5.69564
      vertex -15.4498 -18.7421 3.58952
      vertex -15.4498 -19.606 5.96324
    endloop
  endfacet
  facet normal 0.608734 0.745525 0.27136
    outer loop
      vertex -15.4498 -18.7421 3.58952
      vertex -14.4301 -20.3413 5.69564
      vertex -14.4301 -19.4773 3.32192
    endloop
  endfacet
  facet normal 0.725637 0.646579 0.235345
    outer loop
      vertex -17.3595 -17.9903 6.55134
      vertex -17.3595 -17.1263 4.17762
      vertex -17.4712 -17.8796 6.59161
    endloop
  endfacet
  facet normal 0.852672 0.490943 0.178675
    outer loop
      vertex -20.6742 -14.1122 7.96285
      vertex -21.2609 -12.3485 5.91661
      vertex -21.2609 -13.2124 8.29033
    endloop
  endfacet
  facet normal 0.852662 0.490956 0.17869
    outer loop
      vertex -21.2609 -12.3485 5.91661
      vertex -20.6742 -14.1122 7.96285
      vertex -20.5894 -13.3783 5.54179
    endloop
  endfacet
  facet normal 0.824119 0.532262 0.193713
    outer loop
      vertex -19.9533 -15.1119 7.59899
      vertex -20.5894 -13.3783 5.54179
      vertex -20.5894 -14.2422 7.91551
    endloop
  endfacet
  facet normal 0.82411 0.532272 0.193724
    outer loop
      vertex -20.5894 -13.3783 5.54179
      vertex -19.9533 -15.1119 7.59899
      vertex -19.8614 -14.3736 5.17951
    endloop
  endfacet
  facet normal 0.878765 0.448471 0.163237
    outer loop
      vertex -21.7967 -12.2851 8.62786
      vertex -21.8742 -11.287 6.30293
      vertex -21.8742 -12.151 8.67665
    endloop
  endfacet
  facet normal 0.566355 0.774454 0.28189
    outer loop
      vertex -14.2963 -20.4277 5.66419
      vertex -14.4301 -19.4773 3.32192
      vertex -14.4301 -20.3413 5.69564
    endloop
  endfacet
  facet normal 0.824235 0.532097 0.193676
    outer loop
      vertex -19.8614 -15.2376 7.55323
      vertex -19.8614 -14.3736 5.17951
      vertex -19.9533 -15.1119 7.59899
    endloop
  endfacet
  facet normal 0.649489 0.714521 0.260045
    outer loop
      vertex -15.5733 -19.507 5.9993
      vertex -16.4272 -17.9577 3.87502
      vertex -16.4272 -18.8216 6.24874
    endloop
  endfacet
  facet normal 0.649431 0.714556 0.260094
    outer loop
      vertex -16.4272 -17.9577 3.87502
      vertex -15.5733 -19.507 5.9993
      vertex -15.4498 -18.7421 3.58952
    endloop
  endfacet
  facet normal 0.477386 0.825709 0.300512
    outer loop
      vertex -11.1455 -22.2327 5.0072
      vertex -11.1455 -21.3688 2.63348
      vertex -11.2881 -22.1599 5.0337
    endloop
  endfacet
  facet normal 0.430523 0.848155 0.30868
    outer loop
      vertex -9.98538 -22.7527 4.81795
      vertex -11.1455 -21.3688 2.63348
      vertex -11.1455 -22.2327 5.0072
    endloop
  endfacet
  facet normal 0.430463 0.84817 0.308722
    outer loop
      vertex -11.1455 -21.3688 2.63348
      vertex -9.98538 -22.7527 4.81795
      vertex -9.98538 -21.8887 2.44423
    endloop
  endfacet
  facet normal 9.74133e-05 -0.34197 0.939711
    outer loop
      vertex -21.2609 -12.3485 5.91661
      vertex -19.8614 -14.3736 5.17951
      vertex -22.9194 -9.08108 7.10583
    endloop
  endfacet
  facet normal -2.59697e-05 -0.342033 0.939688
    outer loop
      vertex -19.8614 -14.3736 5.17951
      vertex -19.0789 -15.3318 4.83076
      vertex -22.9194 -9.08108 7.10583
    endloop
  endfacet
  facet normal -0.0257794 0.999668 0
    outer loop
      vertex 20.1047 -20.9973 0
      vertex 20 -21 0.589999
      vertex 20.1047 -20.9973 0.589999
    endloop
  endfacet
  facet normal -0.0257794 0.999668 0
    outer loop
      vertex 20 -21 0.589999
      vertex 20.1047 -20.9973 0
      vertex 20 -21 0
    endloop
  endfacet
  facet normal -0.129911 0.991526 0
    outer loop
      vertex 20.3129 -20.9754 0
      vertex 20.2091 -20.989 0.589999
      vertex 20.3129 -20.9754 0.589999
    endloop
  endfacet
  facet normal -0.129911 0.991526 0
    outer loop
      vertex 20.2091 -20.989 0.589999
      vertex 20.3129 -20.9754 0
      vertex 20.2091 -20.989 0
    endloop
  endfacet
  facet normal 0.999668 -0.0257794 0
    outer loop
      vertex -22 19 0.589999
      vertex -21.9973 19.1047 0
      vertex -21.9973 19.1047 0.589999
    endloop
  endfacet
  facet normal 0.999668 -0.0257794 0
    outer loop
      vertex -21.9973 19.1047 0
      vertex -22 19 0.589999
      vertex -22 19 0
    endloop
  endfacet
  facet normal 0 1 -0
    outer loop
      vertex 20 -21 0
      vertex -20 -21 0.589999
      vertex 20 -21 0.589999
    endloop
  endfacet
  facet normal 0 1 0
    outer loop
      vertex -20 -21 0.589999
      vertex 20 -21 0
      vertex -20 -21 0
    endloop
  endfacet
  facet normal -0.0792519 0.996855 0
    outer loop
      vertex 20.2091 -20.989 0
      vertex 20.1047 -20.9973 0.589999
      vertex 20.2091 -20.989 0.589999
    endloop
  endfacet
  facet normal -0.0792519 0.996855 0
    outer loop
      vertex 20.1047 -20.9973 0.589999
      vertex 20.2091 -20.989 0
      vertex 20.1047 -20.9973 0
    endloop
  endfacet
  facet normal -0.382717 -0.923866 0
    outer loop
      vertex 20.7167 20.8672 0
      vertex 20.8135 20.8271 0.589999
      vertex 20.7167 20.8672 0.589999
    endloop
  endfacet
  facet normal -0.382717 -0.923866 -0
    outer loop
      vertex 20.8135 20.8271 0.589999
      vertex 20.7167 20.8672 0
      vertex 20.8135 20.8271 0
    endloop
  endfacet
  facet normal 0.824181 -0.566326 0
    outer loop
      vertex -21.6773 20.0893 0.589999
      vertex -21.618 20.1756 0
      vertex -21.618 20.1756 0.589999
    endloop
  endfacet
  facet normal 0.824181 -0.566326 0
    outer loop
      vertex -21.618 20.1756 0
      vertex -21.6773 20.0893 0.589999
      vertex -21.6773 20.0893 0
    endloop
  endfacet
  facet normal 0.760737 -0.64906 0
    outer loop
      vertex -21.5543 20.2586 0.589999
      vertex -21.4863 20.3383 0
      vertex -21.4863 20.3383 0.589999
    endloop
  endfacet
  facet normal 0.760737 -0.64906 0
    outer loop
      vertex -21.4863 20.3383 0
      vertex -21.5543 20.2586 0.589999
      vertex -21.5543 20.2586 0
    endloop
  endfacet
  facet normal 0.566326 0.824181 -0
    outer loop
      vertex -21.0893 -20.6773 0
      vertex -21.1756 -20.618 0.589999
      vertex -21.0893 -20.6773 0.589999
    endloop
  endfacet
  facet normal 0.566326 0.824181 0
    outer loop
      vertex -21.1756 -20.618 0.589999
      vertex -21.0893 -20.6773 0
      vertex -21.1756 -20.618 0
    endloop
  endfacet
  facet normal 0.688724 -0.725023 0
    outer loop
      vertex -21.4142 20.4142 0
      vertex -21.3383 20.4863 0.589999
      vertex -21.4142 20.4142 0.589999
    endloop
  endfacet
  facet normal 0.688724 -0.725023 0
    outer loop
      vertex -21.3383 20.4863 0.589999
      vertex -21.4142 20.4142 0
      vertex -21.3383 20.4863 0
    endloop
  endfacet
  facet normal 0.476776 0.879025 -0
    outer loop
      vertex -20.908 -20.782 0
      vertex -21 -20.7321 0.589999
      vertex -20.908 -20.782 0.589999
    endloop
  endfacet
  facet normal 0.476776 0.879025 0
    outer loop
      vertex -21 -20.7321 0.589999
      vertex -20.908 -20.782 0
      vertex -21 -20.7321 0
    endloop
  endfacet
  facet normal 0.523032 0.852313 -0
    outer loop
      vertex -21 -20.7321 0
      vertex -21.0893 -20.6773 0.589999
      vertex -21 -20.7321 0.589999
    endloop
  endfacet
  facet normal 0.523032 0.852313 0
    outer loop
      vertex -21.0893 -20.6773 0.589999
      vertex -21 -20.7321 0
      vertex -21.0893 -20.6773 0
    endloop
  endfacet
  facet normal 0.64906 0.760737 -0
    outer loop
      vertex -21.2586 -20.5543 0
      vertex -21.3383 -20.4863 0.589999
      vertex -21.2586 -20.5543 0.589999
    endloop
  endfacet
  facet normal 0.64906 0.760737 0
    outer loop
      vertex -21.3383 -20.4863 0.589999
      vertex -21.2586 -20.5543 0
      vertex -21.3383 -20.4863 0
    endloop
  endfacet
  facet normal 0.0792519 -0.996855 0
    outer loop
      vertex -20.2091 20.989 0
      vertex -20.1047 20.9973 0.589999
      vertex -20.2091 20.989 0.589999
    endloop
  endfacet
  facet normal 0.0792519 -0.996855 0
    outer loop
      vertex -20.1047 20.9973 0.589999
      vertex -20.2091 20.989 0
      vertex -20.1047 20.9973 0
    endloop
  endfacet
  facet normal 0 -1 0
    outer loop
      vertex -20 21 0
      vertex 20 21 0.589999
      vertex -20 21 0.589999
    endloop
  endfacet
  facet normal 0 -1 -0
    outer loop
      vertex 20 21 0.589999
      vertex -20 21 0
      vertex 20 21 0
    endloop
  endfacet
  facet normal 0.476776 -0.879025 0
    outer loop
      vertex -21 20.7321 0
      vertex -20.908 20.782 0.589999
      vertex -21 20.7321 0.589999
    endloop
  endfacet
  facet normal 0.476776 -0.879025 0
    outer loop
      vertex -20.908 20.782 0.589999
      vertex -21 20.7321 0
      vertex -20.908 20.782 0
    endloop
  endfacet
  facet normal 0.1825 0.983206 -0
    outer loop
      vertex -20.3129 -20.9754 0
      vertex -20.4158 -20.9563 0.589999
      vertex -20.3129 -20.9754 0.589999
    endloop
  endfacet
  facet normal 0.1825 0.983206 0
    outer loop
      vertex -20.4158 -20.9563 0.589999
      vertex -20.3129 -20.9754 0
      vertex -20.4158 -20.9563 0
    endloop
  endfacet
  facet normal -0.284543 0.958663 0
    outer loop
      vertex 20.618 -20.9021 0
      vertex 20.5176 -20.9319 0.589999
      vertex 20.618 -20.9021 0.589999
    endloop
  endfacet
  facet normal -0.284543 0.958663 0
    outer loop
      vertex 20.5176 -20.9319 0.589999
      vertex 20.618 -20.9021 0
      vertex 20.5176 -20.9319 0
    endloop
  endfacet
  facet normal 0.382717 -0.923866 0
    outer loop
      vertex -20.8135 20.8271 0
      vertex -20.7167 20.8672 0.589999
      vertex -20.8135 20.8271 0.589999
    endloop
  endfacet
  facet normal 0.382717 -0.923866 0
    outer loop
      vertex -20.7167 20.8672 0.589999
      vertex -20.8135 20.8271 0
      vertex -20.7167 20.8672 0
    endloop
  endfacet
  facet normal 0.608833 0.793299 -0
    outer loop
      vertex -21.1756 -20.618 0
      vertex -21.2586 -20.5543 0.589999
      vertex -21.1756 -20.618 0.589999
    endloop
  endfacet
  facet normal 0.608833 0.793299 0
    outer loop
      vertex -21.2586 -20.5543 0.589999
      vertex -21.1756 -20.618 0
      vertex -21.2586 -20.5543 0
    endloop
  endfacet
  facet normal 0.902489 -0.430712 0
    outer loop
      vertex -21.8271 19.8135 0.589999
      vertex -21.782 19.908 0
      vertex -21.782 19.908 0.589999
    endloop
  endfacet
  facet normal 0.902489 -0.430712 0
    outer loop
      vertex -21.782 19.908 0
      vertex -21.8271 19.8135 0.589999
      vertex -21.8271 19.8135 0
    endloop
  endfacet
  facet normal -0.996855 0.0792519 0
    outer loop
      vertex 21.989 -19.2091 0
      vertex 21.9973 -19.1047 0.589999
      vertex 21.9973 -19.1047 0
    endloop
  endfacet
  facet normal -0.996855 0.0792519 0
    outer loop
      vertex 21.9973 -19.1047 0.589999
      vertex 21.989 -19.2091 0
      vertex 21.989 -19.2091 0.589999
    endloop
  endfacet
  facet normal 0.0257794 -0.999668 0
    outer loop
      vertex -20.1047 20.9973 0
      vertex -20 21 0.589999
      vertex -20.1047 20.9973 0.589999
    endloop
  endfacet
  facet normal 0.0257794 -0.999668 0
    outer loop
      vertex -20 21 0.589999
      vertex -20.1047 20.9973 0
      vertex -20 21 0
    endloop
  endfacet
  facet normal 0.284543 0.958663 -0
    outer loop
      vertex -20.5176 -20.9319 0
      vertex -20.618 -20.9021 0.589999
      vertex -20.5176 -20.9319 0.589999
    endloop
  endfacet
  facet normal 0.284543 0.958663 0
    outer loop
      vertex -20.618 -20.9021 0.589999
      vertex -20.5176 -20.9319 0
      vertex -20.618 -20.9021 0
    endloop
  endfacet
  facet normal 1 -0 0
    outer loop
      vertex -22 -19 0.589999
      vertex -22 19 0
      vertex -22 19 0.589999
    endloop
  endfacet
  facet normal 1 0 0
    outer loop
      vertex -22 19 0
      vertex -22 -19 0.589999
      vertex -22 -19 0
    endloop
  endfacet
  facet normal -0.999668 -0.0257794 0
    outer loop
      vertex 22 19 0
      vertex 21.9973 19.1047 0.589999
      vertex 21.9973 19.1047 0
    endloop
  endfacet
  facet normal -0.999668 -0.0257794 0
    outer loop
      vertex 21.9973 19.1047 0.589999
      vertex 22 19 0
      vertex 22 19 0.589999
    endloop
  endfacet
  facet normal 0.991526 -0.129911 0
    outer loop
      vertex -21.989 19.2091 0.589999
      vertex -21.9754 19.3129 0
      vertex -21.9754 19.3129 0.589999
    endloop
  endfacet
  facet normal 0.991526 -0.129911 0
    outer loop
      vertex -21.9754 19.3129 0
      vertex -21.989 19.2091 0.589999
      vertex -21.989 19.2091 0
    endloop
  endfacet
  facet normal -1 0 0
    outer loop
      vertex 22 -19 0
      vertex 22 19 0.589999
      vertex 22 19 0
    endloop
  endfacet
  facet normal -1 -0 0
    outer loop
      vertex 22 19 0.589999
      vertex 22 -19 0
      vertex 22 -19 0.589999
    endloop
  endfacet
  facet normal 0.958663 -0.284543 0
    outer loop
      vertex -21.9319 19.5176 0.589999
      vertex -21.9021 19.618 0
      vertex -21.9021 19.618 0.589999
    endloop
  endfacet
  facet normal 0.958663 -0.284543 0
    outer loop
      vertex -21.9021 19.618 0
      vertex -21.9319 19.5176 0.589999
      vertex -21.9319 19.5176 0
    endloop
  endfacet
  facet normal 0.1825 -0.983206 0
    outer loop
      vertex -20.4158 20.9563 0
      vertex -20.3129 20.9754 0.589999
      vertex -20.4158 20.9563 0.589999
    endloop
  endfacet
  facet normal 0.1825 -0.983206 0
    outer loop
      vertex -20.3129 20.9754 0.589999
      vertex -20.4158 20.9563 0
      vertex -20.3129 20.9754 0
    endloop
  endfacet
  facet normal -0.923866 0.382717 0
    outer loop
      vertex 21.8271 -19.8135 0
      vertex 21.8672 -19.7167 0.589999
      vertex 21.8672 -19.7167 0
    endloop
  endfacet
  facet normal -0.923866 0.382717 0
    outer loop
      vertex 21.8672 -19.7167 0.589999
      vertex 21.8271 -19.8135 0
      vertex 21.8271 -19.8135 0.589999
    endloop
  endfacet
  facet normal 0.284543 -0.958663 0
    outer loop
      vertex -20.618 20.9021 0
      vertex -20.5176 20.9319 0.589999
      vertex -20.618 20.9021 0.589999
    endloop
  endfacet
  facet normal 0.284543 -0.958663 0
    outer loop
      vertex -20.5176 20.9319 0.589999
      vertex -20.618 20.9021 0
      vertex -20.5176 20.9319 0
    endloop
  endfacet
  facet normal 0.991526 0.129911 0
    outer loop
      vertex -21.9754 -19.3129 0.589999
      vertex -21.989 -19.2091 0
      vertex -21.989 -19.2091 0.589999
    endloop
  endfacet
  facet normal 0.991526 0.129911 0
    outer loop
      vertex -21.989 -19.2091 0
      vertex -21.9754 -19.3129 0.589999
      vertex -21.9754 -19.3129 0
    endloop
  endfacet
  facet normal -0.958663 0.284543 0
    outer loop
      vertex 21.9021 -19.618 0
      vertex 21.9319 -19.5176 0.589999
      vertex 21.9319 -19.5176 0
    endloop
  endfacet
  facet normal -0.958663 0.284543 0
    outer loop
      vertex 21.9319 -19.5176 0.589999
      vertex 21.9021 -19.618 0
      vertex 21.9021 -19.618 0.589999
    endloop
  endfacet
  facet normal -0.972457 -0.233084 0
    outer loop
      vertex 21.9563 19.4158 0
      vertex 21.9319 19.5176 0.589999
      vertex 21.9319 19.5176 0
    endloop
  endfacet
  facet normal -0.972457 -0.233084 0
    outer loop
      vertex 21.9319 19.5176 0.589999
      vertex 21.9563 19.4158 0
      vertex 21.9563 19.4158 0.589999
    endloop
  endfacet
  facet normal -0.958663 -0.284543 0
    outer loop
      vertex 21.9319 19.5176 0
      vertex 21.9021 19.618 0.589999
      vertex 21.9021 19.618 0
    endloop
  endfacet
  facet normal -0.958663 -0.284543 0
    outer loop
      vertex 21.9021 19.618 0.589999
      vertex 21.9319 19.5176 0
      vertex 21.9319 19.5176 0.589999
    endloop
  endfacet
  facet normal 0.0257794 0.999668 -0
    outer loop
      vertex -20 -21 0
      vertex -20.1047 -20.9973 0.589999
      vertex -20 -21 0.589999
    endloop
  endfacet
  facet normal 0.0257794 0.999668 0
    outer loop
      vertex -20.1047 -20.9973 0.589999
      vertex -20 -21 0
      vertex -20.1047 -20.9973 0
    endloop
  endfacet
  facet normal -0.608833 0.793299 0
    outer loop
      vertex 21.2586 -20.5543 0
      vertex 21.1756 -20.618 0.589999
      vertex 21.2586 -20.5543 0.589999
    endloop
  endfacet
  facet normal -0.608833 0.793299 0
    outer loop
      vertex 21.1756 -20.618 0.589999
      vertex 21.2586 -20.5543 0
      vertex 21.1756 -20.618 0
    endloop
  endfacet
  facet normal 0 0 -1
    outer loop
      vertex 20 -21 0.589999
      vertex 22 -19 0.589999
      vertex 21.9973 -19.1047 0.589999
    endloop
  endfacet
  facet normal -0 0 -1
    outer loop
      vertex 22 -19 0.589999
      vertex 20 -21 0.589999
      vertex 22 19 0.589999
    endloop
  endfacet
  facet normal 0 0 -1
    outer loop
      vertex 20 -21 0.589999
      vertex 21.9973 -19.1047 0.589999
      vertex 21.989 -19.2091 0.589999
    endloop
  endfacet
  facet normal 0 0 -1
    outer loop
      vertex 20 21 0.589999
      vertex 22 19 0.589999
      vertex 20 -21 0.589999
    endloop
  endfacet
  facet normal 0 0 -1
    outer loop
      vertex 20 -21 0.589999
      vertex 21.989 -19.2091 0.589999
      vertex 21.9754 -19.3129 0.589999
    endloop
  endfacet
  facet normal 0 0 -1
    outer loop
      vertex 22 19 0.589999
      vertex 20 21 0.589999
      vertex 21.9973 19.1047 0.589999
    endloop
  endfacet
  facet normal 0 0 -1
    outer loop
      vertex 20 -21 0.589999
      vertex 21.9754 -19.3129 0.589999
      vertex 21.9563 -19.4158 0.589999
    endloop
  endfacet
  facet normal 0 0 -1
    outer loop
      vertex 21.9973 19.1047 0.589999
      vertex 20 21 0.589999
      vertex 21.989 19.2091 0.589999
    endloop
  endfacet
  facet normal 0 0 -1
    outer loop
      vertex 20 -21 0.589999
      vertex 21.9563 -19.4158 0.589999
      vertex 21.9319 -19.5176 0.589999
    endloop
  endfacet
  facet normal 0 0 -1
    outer loop
      vertex 21.989 19.2091 0.589999
      vertex 20 21 0.589999
      vertex 21.9754 19.3129 0.589999
    endloop
  endfacet
  facet normal 0 0 -1
    outer loop
      vertex 20 -21 0.589999
      vertex 21.9319 -19.5176 0.589999
      vertex 21.9021 -19.618 0.589999
    endloop
  endfacet
  facet normal 0 0 -1
    outer loop
      vertex 21.9754 19.3129 0.589999
      vertex 20 21 0.589999
      vertex 21.9563 19.4158 0.589999
    endloop
  endfacet
  facet normal 0 0 -1
    outer loop
      vertex 20 -21 0.589999
      vertex 21.9021 -19.618 0.589999
      vertex 21.8672 -19.7167 0.589999
    endloop
  endfacet
  facet normal 0 0 -1
    outer loop
      vertex 21.9563 19.4158 0.589999
      vertex 20 21 0.589999
      vertex 21.9319 19.5176 0.589999
    endloop
  endfacet
  facet normal 0 0 -1
    outer loop
      vertex 20 -21 0.589999
      vertex 21.8672 -19.7167 0.589999
      vertex 21.8271 -19.8135 0.589999
    endloop
  endfacet
  facet normal 0 0 -1
    outer loop
      vertex 21.9319 19.5176 0.589999
      vertex 20 21 0.589999
      vertex 21.9021 19.618 0.589999
    endloop
  endfacet
  facet normal 0 0 -1
    outer loop
      vertex 20 -21 0.589999
      vertex 21.8271 -19.8135 0.589999
      vertex 21.782 -19.908 0.589999
    endloop
  endfacet
  facet normal 0 0 -1
    outer loop
      vertex 21.9021 19.618 0.589999
      vertex 20 21 0.589999
      vertex 21.8672 19.7167 0.589999
    endloop
  endfacet
  facet normal 0 0 -1
    outer loop
      vertex 20 -21 0.589999
      vertex 21.782 -19.908 0.589999
      vertex 21.7321 -20 0.589999
    endloop
  endfacet
  facet normal 0 0 -1
    outer loop
      vertex 21.8672 19.7167 0.589999
      vertex 20 21 0.589999
      vertex 21.8271 19.8135 0.589999
    endloop
  endfacet
  facet normal 0 0 -1
    outer loop
      vertex 20 -21 0.589999
      vertex 21.7321 -20 0.589999
      vertex 21.6773 -20.0893 0.589999
    endloop
  endfacet
  facet normal 0 0 -1
    outer loop
      vertex 21.8271 19.8135 0.589999
      vertex 20 21 0.589999
      vertex 21.782 19.908 0.589999
    endloop
  endfacet
  facet normal 0 0 -1
    outer loop
      vertex 20 -21 0.589999
      vertex 21.6773 -20.0893 0.589999
      vertex 21.618 -20.1756 0.589999
    endloop
  endfacet
  facet normal 0 0 -1
    outer loop
      vertex 21.782 19.908 0.589999
      vertex 20 21 0.589999
      vertex 21.7321 20 0.589999
    endloop
  endfacet
  facet normal 0 0 -1
    outer loop
      vertex 20 -21 0.589999
      vertex 21.618 -20.1756 0.589999
      vertex 21.5543 -20.2586 0.589999
    endloop
  endfacet
  facet normal 0 0 -1
    outer loop
      vertex 21.7321 20 0.589999
      vertex 20 21 0.589999
      vertex 21.6773 20.0893 0.589999
    endloop
  endfacet
  facet normal 0 0 -1
    outer loop
      vertex 20 -21 0.589999
      vertex 21.5543 -20.2586 0.589999
      vertex 21.4863 -20.3383 0.589999
    endloop
  endfacet
  facet normal 0 0 -1
    outer loop
      vertex 21.6773 20.0893 0.589999
      vertex 20 21 0.589999
      vertex 21.618 20.1756 0.589999
    endloop
  endfacet
  facet normal 0 0 -1
    outer loop
      vertex 20 -21 0.589999
      vertex 21.4863 -20.3383 0.589999
      vertex 21.4142 -20.4142 0.589999
    endloop
  endfacet
  facet normal 0 0 -1
    outer loop
      vertex 21.618 20.1756 0.589999
      vertex 20 21 0.589999
      vertex 21.5543 20.2586 0.589999
    endloop
  endfacet
  facet normal 0 0 -1
    outer loop
      vertex 20 -21 0.589999
      vertex 21.4142 -20.4142 0.589999
      vertex 21.3383 -20.4863 0.589999
    endloop
  endfacet
  facet normal 0 0 -1
    outer loop
      vertex 21.5543 20.2586 0.589999
      vertex 20 21 0.589999
      vertex 21.4863 20.3383 0.589999
    endloop
  endfacet
  facet normal 0 0 -1
    outer loop
      vertex 20 -21 0.589999
      vertex 21.3383 -20.4863 0.589999
      vertex 21.2586 -20.5543 0.589999
    endloop
  endfacet
  facet normal 0 0 -1
    outer loop
      vertex 21.4863 20.3383 0.589999
      vertex 20 21 0.589999
      vertex 21.4142 20.4142 0.589999
    endloop
  endfacet
  facet normal 0 0 -1
    outer loop
      vertex 20 -21 0.589999
      vertex 21.2586 -20.5543 0.589999
      vertex 21.1756 -20.618 0.589999
    endloop
  endfacet
  facet normal 0 0 -1
    outer loop
      vertex 21.4142 20.4142 0.589999
      vertex 20 21 0.589999
      vertex 21.3383 20.4863 0.589999
    endloop
  endfacet
  facet normal 0 0 -1
    outer loop
      vertex 20 -21 0.589999
      vertex 21.1756 -20.618 0.589999
      vertex 21.0893 -20.6773 0.589999
    endloop
  endfacet
  facet normal 0 0 -1
    outer loop
      vertex 21.3383 20.4863 0.589999
      vertex 20 21 0.589999
      vertex 21.2586 20.5543 0.589999
    endloop
  endfacet
  facet normal 0 0 -1
    outer loop
      vertex 20 -21 0.589999
      vertex 21.0893 -20.6773 0.589999
      vertex 21 -20.7321 0.589999
    endloop
  endfacet
  facet normal 0 0 -1
    outer loop
      vertex 21.2586 20.5543 0.589999
      vertex 20 21 0.589999
      vertex 21.1756 20.618 0.589999
    endloop
  endfacet
  facet normal 0 0 -1
    outer loop
      vertex 20 -21 0.589999
      vertex 21 -20.7321 0.589999
      vertex 20.908 -20.782 0.589999
    endloop
  endfacet
  facet normal 0 0 -1
    outer loop
      vertex 21.1756 20.618 0.589999
      vertex 20 21 0.589999
      vertex 21.0893 20.6773 0.589999
    endloop
  endfacet
  facet normal 0 0 -1
    outer loop
      vertex 20 -21 0.589999
      vertex 20.908 -20.782 0.589999
      vertex 20.8135 -20.8271 0.589999
    endloop
  endfacet
  facet normal 0 0 -1
    outer loop
      vertex 21.0893 20.6773 0.589999
      vertex 20 21 0.589999
      vertex 21 20.7321 0.589999
    endloop
  endfacet
  facet normal 0 0 -1
    outer loop
      vertex 20 -21 0.589999
      vertex 20.8135 -20.8271 0.589999
      vertex 20.7167 -20.8672 0.589999
    endloop
  endfacet
  facet normal 0 0 -1
    outer loop
      vertex 21 20.7321 0.589999
      vertex 20 21 0.589999
      vertex 20.908 20.782 0.589999
    endloop
  endfacet
  facet normal 0 0 -1
    outer loop
      vertex 20 -21 0.589999
      vertex 20.7167 -20.8672 0.589999
      vertex 20.618 -20.9021 0.589999
    endloop
  endfacet
  facet normal 0 0 -1
    outer loop
      vertex 20.908 20.782 0.589999
      vertex 20 21 0.589999
      vertex 20.8135 20.8271 0.589999
    endloop
  endfacet
  facet normal 0 0 -1
    outer loop
      vertex 20 -21 0.589999
      vertex 20.618 -20.9021 0.589999
      vertex 20.5176 -20.9319 0.589999
    endloop
  endfacet
  facet normal 0 0 -1
    outer loop
      vertex 20.8135 20.8271 0.589999
      vertex 20 21 0.589999
      vertex 20.7167 20.8672 0.589999
    endloop
  endfacet
  facet normal 0 0 -1
    outer loop
      vertex 20 -21 0.589999
      vertex 20.5176 -20.9319 0.589999
      vertex 20.4158 -20.9563 0.589999
    endloop
  endfacet
  facet normal 0 0 -1
    outer loop
      vertex 20.7167 20.8672 0.589999
      vertex 20 21 0.589999
      vertex 20.618 20.9021 0.589999
    endloop
  endfacet
  facet normal 0 0 -1
    outer loop
      vertex 20 -21 0.589999
      vertex 20.4158 -20.9563 0.589999
      vertex 20.3129 -20.9754 0.589999
    endloop
  endfacet
  facet normal 0 0 -1
    outer loop
      vertex 20.618 20.9021 0.589999
      vertex 20 21 0.589999
      vertex 20.5176 20.9319 0.589999
    endloop
  endfacet
  facet normal 0 0 -1
    outer loop
      vertex 20 -21 0.589999
      vertex 20.3129 -20.9754 0.589999
      vertex 20.2091 -20.989 0.589999
    endloop
  endfacet
  facet normal 0 0 -1
    outer loop
      vertex 20.5176 20.9319 0.589999
      vertex 20 21 0.589999
      vertex 20.4158 20.9563 0.589999
    endloop
  endfacet
  facet normal 0 0 -1
    outer loop
      vertex 20 -21 0.589999
      vertex 20.2091 -20.989 0.589999
      vertex 20.1047 -20.9973 0.589999
    endloop
  endfacet
  facet normal 0 0 -1
    outer loop
      vertex 20.4158 20.9563 0.589999
      vertex 20 21 0.589999
      vertex 20.3129 20.9754 0.589999
    endloop
  endfacet
  facet normal 0 0 -1
    outer loop
      vertex 20.3129 20.9754 0.589999
      vertex 20 21 0.589999
      vertex 20.2091 20.989 0.589999
    endloop
  endfacet
  facet normal 0 0 -1
    outer loop
      vertex 20.2091 20.989 0.589999
      vertex 20 21 0.589999
      vertex 20.1047 20.9973 0.589999
    endloop
  endfacet
  facet normal 0 0 -1
    outer loop
      vertex -20 -21 0.589999
      vertex 20 21 0.589999
      vertex 20 -21 0.589999
    endloop
  endfacet
  facet normal 0 0 -1
    outer loop
      vertex -20 -21 0.589999
      vertex -20 21 0.589999
      vertex 20 21 0.589999
    endloop
  endfacet
  facet normal 0 0 -1
    outer loop
      vertex -22 -19 0.589999
      vertex -20 -21 0.589999
      vertex -20.1047 -20.9973 0.589999
    endloop
  endfacet
  facet normal 0 0 -1
    outer loop
      vertex -20 -21 0.589999
      vertex -22 -19 0.589999
      vertex -20 21 0.589999
    endloop
  endfacet
  facet normal 0 0 -1
    outer loop
      vertex -22 -19 0.589999
      vertex -20.1047 -20.9973 0.589999
      vertex -20.2091 -20.989 0.589999
    endloop
  endfacet
  facet normal 0 0 -1
    outer loop
      vertex -22 19 0.589999
      vertex -20 21 0.589999
      vertex -22 -19 0.589999
    endloop
  endfacet
  facet normal 0 0 -1
    outer loop
      vertex -22 -19 0.589999
      vertex -20.2091 -20.989 0.589999
      vertex -20.3129 -20.9754 0.589999
    endloop
  endfacet
  facet normal 0 0 -1
    outer loop
      vertex -20 21 0.589999
      vertex -22 19 0.589999
      vertex -20.1047 20.9973 0.589999
    endloop
  endfacet
  facet normal 0 0 -1
    outer loop
      vertex -22 -19 0.589999
      vertex -20.3129 -20.9754 0.589999
      vertex -20.4158 -20.9563 0.589999
    endloop
  endfacet
  facet normal 0 0 -1
    outer loop
      vertex -20.1047 20.9973 0.589999
      vertex -22 19 0.589999
      vertex -20.2091 20.989 0.589999
    endloop
  endfacet
  facet normal 0 0 -1
    outer loop
      vertex -22 -19 0.589999
      vertex -20.4158 -20.9563 0.589999
      vertex -20.5176 -20.9319 0.589999
    endloop
  endfacet
  facet normal 0 0 -1
    outer loop
      vertex -20.2091 20.989 0.589999
      vertex -22 19 0.589999
      vertex -20.3129 20.9754 0.589999
    endloop
  endfacet
  facet normal 0 0 -1
    outer loop
      vertex -22 -19 0.589999
      vertex -20.5176 -20.9319 0.589999
      vertex -20.618 -20.9021 0.589999
    endloop
  endfacet
  facet normal 0 0 -1
    outer loop
      vertex -20.3129 20.9754 0.589999
      vertex -22 19 0.589999
      vertex -20.4158 20.9563 0.589999
    endloop
  endfacet
  facet normal 0 0 -1
    outer loop
      vertex -22 -19 0.589999
      vertex -20.618 -20.9021 0.589999
      vertex -20.7167 -20.8672 0.589999
    endloop
  endfacet
  facet normal 0 0 -1
    outer loop
      vertex -20.4158 20.9563 0.589999
      vertex -22 19 0.589999
      vertex -20.5176 20.9319 0.589999
    endloop
  endfacet
  facet normal 0 0 -1
    outer loop
      vertex -22 -19 0.589999
      vertex -20.7167 -20.8672 0.589999
      vertex -20.8135 -20.8271 0.589999
    endloop
  endfacet
  facet normal 0 0 -1
    outer loop
      vertex -20.5176 20.9319 0.589999
      vertex -22 19 0.589999
      vertex -20.618 20.9021 0.589999
    endloop
  endfacet
  facet normal 0 0 -1
    outer loop
      vertex -22 -19 0.589999
      vertex -20.8135 -20.8271 0.589999
      vertex -20.908 -20.782 0.589999
    endloop
  endfacet
  facet normal 0 0 -1
    outer loop
      vertex -20.618 20.9021 0.589999
      vertex -22 19 0.589999
      vertex -20.7167 20.8672 0.589999
    endloop
  endfacet
  facet normal 0 0 -1
    outer loop
      vertex -22 -19 0.589999
      vertex -20.908 -20.782 0.589999
      vertex -21 -20.7321 0.589999
    endloop
  endfacet
  facet normal 0 0 -1
    outer loop
      vertex -20.7167 20.8672 0.589999
      vertex -22 19 0.589999
      vertex -20.8135 20.8271 0.589999
    endloop
  endfacet
  facet normal 0 0 -1
    outer loop
      vertex -22 -19 0.589999
      vertex -21 -20.7321 0.589999
      vertex -21.0893 -20.6773 0.589999
    endloop
  endfacet
  facet normal 0 0 -1
    outer loop
      vertex -20.8135 20.8271 0.589999
      vertex -22 19 0.589999
      vertex -20.908 20.782 0.589999
    endloop
  endfacet
  facet normal 0 0 -1
    outer loop
      vertex -22 -19 0.589999
      vertex -21.0893 -20.6773 0.589999
      vertex -21.1756 -20.618 0.589999
    endloop
  endfacet
  facet normal 0 0 -1
    outer loop
      vertex -20.908 20.782 0.589999
      vertex -22 19 0.589999
      vertex -21 20.7321 0.589999
    endloop
  endfacet
  facet normal 0 0 -1
    outer loop
      vertex -22 -19 0.589999
      vertex -21.1756 -20.618 0.589999
      vertex -21.2586 -20.5543 0.589999
    endloop
  endfacet
  facet normal 0 0 -1
    outer loop
      vertex -21 20.7321 0.589999
      vertex -22 19 0.589999
      vertex -21.0893 20.6773 0.589999
    endloop
  endfacet
  facet normal 0 0 -1
    outer loop
      vertex -22 -19 0.589999
      vertex -21.2586 -20.5543 0.589999
      vertex -21.3383 -20.4863 0.589999
    endloop
  endfacet
  facet normal 0 0 -1
    outer loop
      vertex -21.0893 20.6773 0.589999
      vertex -22 19 0.589999
      vertex -21.1756 20.618 0.589999
    endloop
  endfacet
  facet normal 0 0 -1
    outer loop
      vertex -22 -19 0.589999
      vertex -21.3383 -20.4863 0.589999
      vertex -21.4142 -20.4142 0.589999
    endloop
  endfacet
  facet normal 0 0 -1
    outer loop
      vertex -21.1756 20.618 0.589999
      vertex -22 19 0.589999
      vertex -21.2586 20.5543 0.589999
    endloop
  endfacet
  facet normal 0 0 -1
    outer loop
      vertex -22 -19 0.589999
      vertex -21.4142 -20.4142 0.589999
      vertex -21.4863 -20.3383 0.589999
    endloop
  endfacet
  facet normal 0 0 -1
    outer loop
      vertex -21.2586 20.5543 0.589999
      vertex -22 19 0.589999
      vertex -21.3383 20.4863 0.589999
    endloop
  endfacet
  facet normal 0 0 -1
    outer loop
      vertex -22 -19 0.589999
      vertex -21.4863 -20.3383 0.589999
      vertex -21.5543 -20.2586 0.589999
    endloop
  endfacet
  facet normal 0 0 -1
    outer loop
      vertex -21.3383 20.4863 0.589999
      vertex -22 19 0.589999
      vertex -21.4142 20.4142 0.589999
    endloop
  endfacet
  facet normal 0 0 -1
    outer loop
      vertex -22 -19 0.589999
      vertex -21.5543 -20.2586 0.589999
      vertex -21.618 -20.1756 0.589999
    endloop
  endfacet
  facet normal 0 0 -1
    outer loop
      vertex -21.4142 20.4142 0.589999
      vertex -22 19 0.589999
      vertex -21.4863 20.3383 0.589999
    endloop
  endfacet
  facet normal 0 0 -1
    outer loop
      vertex -22 -19 0.589999
      vertex -21.618 -20.1756 0.589999
      vertex -21.6773 -20.0893 0.589999
    endloop
  endfacet
  facet normal 0 0 -1
    outer loop
      vertex -21.4863 20.3383 0.589999
      vertex -22 19 0.589999
      vertex -21.5543 20.2586 0.589999
    endloop
  endfacet
  facet normal 0 0 -1
    outer loop
      vertex -22 -19 0.589999
      vertex -21.6773 -20.0893 0.589999
      vertex -21.7321 -20 0.589999
    endloop
  endfacet
  facet normal 0 0 -1
    outer loop
      vertex -21.5543 20.2586 0.589999
      vertex -22 19 0.589999
      vertex -21.618 20.1756 0.589999
    endloop
  endfacet
  facet normal 0 0 -1
    outer loop
      vertex -22 -19 0.589999
      vertex -21.7321 -20 0.589999
      vertex -21.782 -19.908 0.589999
    endloop
  endfacet
  facet normal 0 0 -1
    outer loop
      vertex -21.618 20.1756 0.589999
      vertex -22 19 0.589999
      vertex -21.6773 20.0893 0.589999
    endloop
  endfacet
  facet normal 0 0 -1
    outer loop
      vertex -22 -19 0.589999
      vertex -21.782 -19.908 0.589999
      vertex -21.8271 -19.8135 0.589999
    endloop
  endfacet
  facet normal 0 0 -1
    outer loop
      vertex -21.6773 20.0893 0.589999
      vertex -22 19 0.589999
      vertex -21.7321 20 0.589999
    endloop
  endfacet
  facet normal 0 0 -1
    outer loop
      vertex -22 -19 0.589999
      vertex -21.8271 -19.8135 0.589999
      vertex -21.8672 -19.7167 0.589999
    endloop
  endfacet
  facet normal 0 0 -1
    outer loop
      vertex -21.7321 20 0.589999
      vertex -22 19 0.589999
      vertex -21.782 19.908 0.589999
    endloop
  endfacet
  facet normal 0 0 -1
    outer loop
      vertex -22 -19 0.589999
      vertex -21.8672 -19.7167 0.589999
      vertex -21.9021 -19.618 0.589999
    endloop
  endfacet
  facet normal 0 0 -1
    outer loop
      vertex -21.782 19.908 0.589999
      vertex -22 19 0.589999
      vertex -21.8271 19.8135 0.589999
    endloop
  endfacet
  facet normal 0 0 -1
    outer loop
      vertex -22 -19 0.589999
      vertex -21.9021 -19.618 0.589999
      vertex -21.9319 -19.5176 0.589999
    endloop
  endfacet
  facet normal 0 0 -1
    outer loop
      vertex -21.8271 19.8135 0.589999
      vertex -22 19 0.589999
      vertex -21.8672 19.7167 0.589999
    endloop
  endfacet
  facet normal 0 0 -1
    outer loop
      vertex -22 -19 0.589999
      vertex -21.9319 -19.5176 0.589999
      vertex -21.9563 -19.4158 0.589999
    endloop
  endfacet
  facet normal 0 0 -1
    outer loop
      vertex -21.8672 19.7167 0.589999
      vertex -22 19 0.589999
      vertex -21.9021 19.618 0.589999
    endloop
  endfacet
  facet normal 0 0 -1
    outer loop
      vertex -22 -19 0.589999
      vertex -21.9563 -19.4158 0.589999
      vertex -21.9754 -19.3129 0.589999
    endloop
  endfacet
  facet normal 0 0 -1
    outer loop
      vertex -21.9021 19.618 0.589999
      vertex -22 19 0.589999
      vertex -21.9319 19.5176 0.589999
    endloop
  endfacet
  facet normal 0 0 -1
    outer loop
      vertex -22 -19 0.589999
      vertex -21.9754 -19.3129 0.589999
      vertex -21.989 -19.2091 0.589999
    endloop
  endfacet
  facet normal 0 0 -1
    outer loop
      vertex -21.9319 19.5176 0.589999
      vertex -22 19 0.589999
      vertex -21.9563 19.4158 0.589999
    endloop
  endfacet
  facet normal 0 0 -1
    outer loop
      vertex -22 -19 0.589999
      vertex -21.989 -19.2091 0.589999
      vertex -21.9973 -19.1047 0.589999
    endloop
  endfacet
  facet normal 0 0 -1
    outer loop
      vertex -21.9563 19.4158 0.589999
      vertex -22 19 0.589999
      vertex -21.9754 19.3129 0.589999
    endloop
  endfacet
  facet normal 0 0 -1
    outer loop
      vertex -21.9754 19.3129 0.589999
      vertex -22 19 0.589999
      vertex -21.989 19.2091 0.589999
    endloop
  endfacet
  facet normal 0 0 -1
    outer loop
      vertex -21.989 19.2091 0.589999
      vertex -22 19 0.589999
      vertex -21.9973 19.1047 0.589999
    endloop
  endfacet
  facet normal -0.999668 0.0257794 0
    outer loop
      vertex 21.9973 -19.1047 0
      vertex 22 -19 0.589999
      vertex 22 -19 0
    endloop
  endfacet
  facet normal -0.999668 0.0257794 0
    outer loop
      vertex 22 -19 0.589999
      vertex 21.9973 -19.1047 0
      vertex 21.9973 -19.1047 0.589999
    endloop
  endfacet
  facet normal 0.942796 0.33337 0
    outer loop
      vertex -21.8672 -19.7167 0.589999
      vertex -21.9021 -19.618 0
      vertex -21.9021 -19.618 0.589999
    endloop
  endfacet
  facet normal 0.942796 0.33337 0
    outer loop
      vertex -21.9021 -19.618 0
      vertex -21.8672 -19.7167 0.589999
      vertex -21.8672 -19.7167 0
    endloop
  endfacet
  facet normal 0.972457 0.233084 0
    outer loop
      vertex -21.9319 -19.5176 0.589999
      vertex -21.9563 -19.4158 0
      vertex -21.9563 -19.4158 0.589999
    endloop
  endfacet
  facet normal 0.972457 0.233084 0
    outer loop
      vertex -21.9563 -19.4158 0
      vertex -21.9319 -19.5176 0.589999
      vertex -21.9319 -19.5176 0
    endloop
  endfacet
  facet normal 0.996855 0.0792519 0
    outer loop
      vertex -21.989 -19.2091 0.589999
      vertex -21.9973 -19.1047 0
      vertex -21.9973 -19.1047 0.589999
    endloop
  endfacet
  facet normal 0.996855 0.0792519 0
    outer loop
      vertex -21.9973 -19.1047 0
      vertex -21.989 -19.2091 0.589999
      vertex -21.989 -19.2091 0
    endloop
  endfacet
  facet normal 0.430712 0.902489 -0
    outer loop
      vertex -20.8135 -20.8271 0
      vertex -20.908 -20.782 0.589999
      vertex -20.8135 -20.8271 0.589999
    endloop
  endfacet
  facet normal 0.430712 0.902489 0
    outer loop
      vertex -20.908 -20.782 0.589999
      vertex -20.8135 -20.8271 0
      vertex -20.908 -20.782 0
    endloop
  endfacet
  facet normal -0.760737 0.64906 0
    outer loop
      vertex 21.4863 -20.3383 0
      vertex 21.5543 -20.2586 0.589999
      vertex 21.5543 -20.2586 0
    endloop
  endfacet
  facet normal -0.760737 0.64906 0
    outer loop
      vertex 21.5543 -20.2586 0.589999
      vertex 21.4863 -20.3383 0
      vertex 21.4863 -20.3383 0.589999
    endloop
  endfacet
  facet normal -0.476776 -0.879025 0
    outer loop
      vertex 20.908 20.782 0
      vertex 21 20.7321 0.589999
      vertex 20.908 20.782 0.589999
    endloop
  endfacet
  facet normal -0.476776 -0.879025 -0
    outer loop
      vertex 21 20.7321 0.589999
      vertex 20.908 20.782 0
      vertex 21 20.7321 0
    endloop
  endfacet
  facet normal 0.879025 -0.476776 0
    outer loop
      vertex -21.782 19.908 0.589999
      vertex -21.7321 20 0
      vertex -21.7321 20 0.589999
    endloop
  endfacet
  facet normal 0.879025 -0.476776 0
    outer loop
      vertex -21.7321 20 0
      vertex -21.782 19.908 0.589999
      vertex -21.782 19.908 0
    endloop
  endfacet
  facet normal 0.688724 0.725023 -0
    outer loop
      vertex -21.3383 -20.4863 0
      vertex -21.4142 -20.4142 0.589999
      vertex -21.3383 -20.4863 0.589999
    endloop
  endfacet
  facet normal 0.688724 0.725023 0
    outer loop
      vertex -21.4142 -20.4142 0.589999
      vertex -21.3383 -20.4863 0
      vertex -21.4142 -20.4142 0
    endloop
  endfacet
  facet normal -0.902489 -0.430712 0
    outer loop
      vertex 21.8271 19.8135 0
      vertex 21.782 19.908 0.589999
      vertex 21.782 19.908 0
    endloop
  endfacet
  facet normal -0.902489 -0.430712 0
    outer loop
      vertex 21.782 19.908 0.589999
      vertex 21.8271 19.8135 0
      vertex 21.8271 19.8135 0.589999
    endloop
  endfacet
  facet normal 0.824181 0.566326 0
    outer loop
      vertex -21.618 -20.1756 0.589999
      vertex -21.6773 -20.0893 0
      vertex -21.6773 -20.0893 0.589999
    endloop
  endfacet
  facet normal 0.824181 0.566326 0
    outer loop
      vertex -21.6773 -20.0893 0
      vertex -21.618 -20.1756 0.589999
      vertex -21.618 -20.1756 0
    endloop
  endfacet
  facet normal 0.725023 -0.688724 0
    outer loop
      vertex -21.4863 20.3383 0.589999
      vertex -21.4142 20.4142 0
      vertex -21.4142 20.4142 0.589999
    endloop
  endfacet
  facet normal 0.725023 -0.688724 0
    outer loop
      vertex -21.4142 20.4142 0
      vertex -21.4863 20.3383 0.589999
      vertex -21.4863 20.3383 0
    endloop
  endfacet
  facet normal 0.233084 0.972457 -0
    outer loop
      vertex -20.4158 -20.9563 0
      vertex -20.5176 -20.9319 0.589999
      vertex -20.4158 -20.9563 0.589999
    endloop
  endfacet
  facet normal 0.233084 0.972457 0
    outer loop
      vertex -20.5176 -20.9319 0.589999
      vertex -20.4158 -20.9563 0
      vertex -20.5176 -20.9319 0
    endloop
  endfacet
  facet normal 0.958663 0.284543 0
    outer loop
      vertex -21.9021 -19.618 0.589999
      vertex -21.9319 -19.5176 0
      vertex -21.9319 -19.5176 0.589999
    endloop
  endfacet
  facet normal 0.958663 0.284543 0
    outer loop
      vertex -21.9319 -19.5176 0
      vertex -21.9021 -19.618 0.589999
      vertex -21.9021 -19.618 0
    endloop
  endfacet
  facet normal -0.688724 -0.725023 0
    outer loop
      vertex 21.3383 20.4863 0
      vertex 21.4142 20.4142 0.589999
      vertex 21.3383 20.4863 0.589999
    endloop
  endfacet
  facet normal -0.688724 -0.725023 -0
    outer loop
      vertex 21.4142 20.4142 0.589999
      vertex 21.3383 20.4863 0
      vertex 21.4142 20.4142 0
    endloop
  endfacet
  facet normal 0.983206 -0.1825 0
    outer loop
      vertex -21.9754 19.3129 0.589999
      vertex -21.9563 19.4158 0
      vertex -21.9563 19.4158 0.589999
    endloop
  endfacet
  facet normal 0.983206 -0.1825 0
    outer loop
      vertex -21.9563 19.4158 0
      vertex -21.9754 19.3129 0.589999
      vertex -21.9754 19.3129 0
    endloop
  endfacet
  facet normal 0.972457 -0.233084 0
    outer loop
      vertex -21.9563 19.4158 0.589999
      vertex -21.9319 19.5176 0
      vertex -21.9319 19.5176 0.589999
    endloop
  endfacet
  facet normal 0.972457 -0.233084 0
    outer loop
      vertex -21.9319 19.5176 0
      vertex -21.9563 19.4158 0.589999
      vertex -21.9563 19.4158 0
    endloop
  endfacet
  facet normal -0.0792519 -0.996855 0
    outer loop
      vertex 20.1047 20.9973 0
      vertex 20.2091 20.989 0.589999
      vertex 20.1047 20.9973 0.589999
    endloop
  endfacet
  facet normal -0.0792519 -0.996855 -0
    outer loop
      vertex 20.2091 20.989 0.589999
      vertex 20.1047 20.9973 0
      vertex 20.2091 20.989 0
    endloop
  endfacet
  facet normal 0.129911 -0.991526 0
    outer loop
      vertex -20.3129 20.9754 0
      vertex -20.2091 20.989 0.589999
      vertex -20.3129 20.9754 0.589999
    endloop
  endfacet
  facet normal 0.129911 -0.991526 0
    outer loop
      vertex -20.2091 20.989 0.589999
      vertex -20.3129 20.9754 0
      vertex -20.2091 20.989 0
    endloop
  endfacet
  facet normal -0.991526 -0.129911 0
    outer loop
      vertex 21.989 19.2091 0
      vertex 21.9754 19.3129 0.589999
      vertex 21.9754 19.3129 0
    endloop
  endfacet
  facet normal -0.991526 -0.129911 0
    outer loop
      vertex 21.9754 19.3129 0.589999
      vertex 21.989 19.2091 0
      vertex 21.989 19.2091 0.589999
    endloop
  endfacet
  facet normal 0.129911 0.991526 -0
    outer loop
      vertex -20.2091 -20.989 0
      vertex -20.3129 -20.9754 0.589999
      vertex -20.2091 -20.989 0.589999
    endloop
  endfacet
  facet normal 0.129911 0.991526 0
    outer loop
      vertex -20.3129 -20.9754 0.589999
      vertex -20.2091 -20.989 0
      vertex -20.3129 -20.9754 0
    endloop
  endfacet
  facet normal -0.382717 0.923866 0
    outer loop
      vertex 20.8135 -20.8271 0
      vertex 20.7167 -20.8672 0.589999
      vertex 20.8135 -20.8271 0.589999
    endloop
  endfacet
  facet normal -0.382717 0.923866 0
    outer loop
      vertex 20.7167 -20.8672 0.589999
      vertex 20.8135 -20.8271 0
      vertex 20.7167 -20.8672 0
    endloop
  endfacet
  facet normal 0.879025 0.476776 0
    outer loop
      vertex -21.7321 -20 0.589999
      vertex -21.782 -19.908 0
      vertex -21.782 -19.908 0.589999
    endloop
  endfacet
  facet normal 0.879025 0.476776 0
    outer loop
      vertex -21.782 -19.908 0
      vertex -21.7321 -20 0.589999
      vertex -21.7321 -20 0
    endloop
  endfacet
  facet normal -0.523032 -0.852313 0
    outer loop
      vertex 21 20.7321 0
      vertex 21.0893 20.6773 0.589999
      vertex 21 20.7321 0.589999
    endloop
  endfacet
  facet normal -0.523032 -0.852313 -0
    outer loop
      vertex 21.0893 20.6773 0.589999
      vertex 21 20.7321 0
      vertex 21.0893 20.6773 0
    endloop
  endfacet
  facet normal 0.382717 0.923866 -0
    outer loop
      vertex -20.7167 -20.8672 0
      vertex -20.8135 -20.8271 0.589999
      vertex -20.7167 -20.8672 0.589999
    endloop
  endfacet
  facet normal 0.382717 0.923866 0
    outer loop
      vertex -20.8135 -20.8271 0.589999
      vertex -20.7167 -20.8672 0
      vertex -20.8135 -20.8271 0
    endloop
  endfacet
  facet normal 0.852313 -0.523032 0
    outer loop
      vertex -21.7321 20 0.589999
      vertex -21.6773 20.0893 0
      vertex -21.6773 20.0893 0.589999
    endloop
  endfacet
  facet normal 0.852313 -0.523032 0
    outer loop
      vertex -21.6773 20.0893 0
      vertex -21.7321 20 0.589999
      vertex -21.7321 20 0
    endloop
  endfacet
  facet normal 0.999668 0.0257794 0
    outer loop
      vertex -21.9973 -19.1047 0.589999
      vertex -22 -19 0
      vertex -22 -19 0.589999
    endloop
  endfacet
  facet normal 0.999668 0.0257794 0
    outer loop
      vertex -22 -19 0
      vertex -21.9973 -19.1047 0.589999
      vertex -21.9973 -19.1047 0
    endloop
  endfacet
  facet normal -0.33337 -0.942796 0
    outer loop
      vertex 20.618 20.9021 0
      vertex 20.7167 20.8672 0.589999
      vertex 20.618 20.9021 0.589999
    endloop
  endfacet
  facet normal -0.33337 -0.942796 -0
    outer loop
      vertex 20.7167 20.8672 0.589999
      vertex 20.618 20.9021 0
      vertex 20.7167 20.8672 0
    endloop
  endfacet
  facet normal 0.33337 -0.942796 0
    outer loop
      vertex -20.7167 20.8672 0
      vertex -20.618 20.9021 0.589999
      vertex -20.7167 20.8672 0.589999
    endloop
  endfacet
  facet normal 0.33337 -0.942796 0
    outer loop
      vertex -20.618 20.9021 0.589999
      vertex -20.7167 20.8672 0
      vertex -20.618 20.9021 0
    endloop
  endfacet
  facet normal -0.972457 0.233084 0
    outer loop
      vertex 21.9319 -19.5176 0
      vertex 21.9563 -19.4158 0.589999
      vertex 21.9563 -19.4158 0
    endloop
  endfacet
  facet normal -0.972457 0.233084 0
    outer loop
      vertex 21.9563 -19.4158 0.589999
      vertex 21.9319 -19.5176 0
      vertex 21.9319 -19.5176 0.589999
    endloop
  endfacet
  facet normal 0.33337 0.942796 -0
    outer loop
      vertex -20.618 -20.9021 0
      vertex -20.7167 -20.8672 0.589999
      vertex -20.618 -20.9021 0.589999
    endloop
  endfacet
  facet normal 0.33337 0.942796 0
    outer loop
      vertex -20.7167 -20.8672 0.589999
      vertex -20.618 -20.9021 0
      vertex -20.7167 -20.8672 0
    endloop
  endfacet
  facet normal 0.793299 0.608833 0
    outer loop
      vertex -21.5543 -20.2586 0.589999
      vertex -21.618 -20.1756 0
      vertex -21.618 -20.1756 0.589999
    endloop
  endfacet
  facet normal 0.793299 0.608833 0
    outer loop
      vertex -21.618 -20.1756 0
      vertex -21.5543 -20.2586 0.589999
      vertex -21.5543 -20.2586 0
    endloop
  endfacet
  facet normal -0.824181 -0.566326 0
    outer loop
      vertex 21.6773 20.0893 0
      vertex 21.618 20.1756 0.589999
      vertex 21.618 20.1756 0
    endloop
  endfacet
  facet normal -0.824181 -0.566326 0
    outer loop
      vertex 21.618 20.1756 0.589999
      vertex 21.6773 20.0893 0
      vertex 21.6773 20.0893 0.589999
    endloop
  endfacet
  facet normal 0.942796 -0.33337 0
    outer loop
      vertex -21.9021 19.618 0.589999
      vertex -21.8672 19.7167 0
      vertex -21.8672 19.7167 0.589999
    endloop
  endfacet
  facet normal 0.942796 -0.33337 0
    outer loop
      vertex -21.8672 19.7167 0
      vertex -21.9021 19.618 0.589999
      vertex -21.9021 19.618 0
    endloop
  endfacet
  facet normal 0.64906 -0.760737 0
    outer loop
      vertex -21.3383 20.4863 0
      vertex -21.2586 20.5543 0.589999
      vertex -21.3383 20.4863 0.589999
    endloop
  endfacet
  facet normal 0.64906 -0.760737 0
    outer loop
      vertex -21.2586 20.5543 0.589999
      vertex -21.3383 20.4863 0
      vertex -21.2586 20.5543 0
    endloop
  endfacet
  facet normal -0.64906 -0.760737 0
    outer loop
      vertex 21.2586 20.5543 0
      vertex 21.3383 20.4863 0.589999
      vertex 21.2586 20.5543 0.589999
    endloop
  endfacet
  facet normal -0.64906 -0.760737 -0
    outer loop
      vertex 21.3383 20.4863 0.589999
      vertex 21.2586 20.5543 0
      vertex 21.3383 20.4863 0
    endloop
  endfacet
  facet normal -0.233084 -0.972457 0
    outer loop
      vertex 20.4158 20.9563 0
      vertex 20.5176 20.9319 0.589999
      vertex 20.4158 20.9563 0.589999
    endloop
  endfacet
  facet normal -0.233084 -0.972457 -0
    outer loop
      vertex 20.5176 20.9319 0.589999
      vertex 20.4158 20.9563 0
      vertex 20.5176 20.9319 0
    endloop
  endfacet
  facet normal 0.233084 -0.972457 0
    outer loop
      vertex -20.5176 20.9319 0
      vertex -20.4158 20.9563 0.589999
      vertex -20.5176 20.9319 0.589999
    endloop
  endfacet
  facet normal 0.233084 -0.972457 0
    outer loop
      vertex -20.4158 20.9563 0.589999
      vertex -20.5176 20.9319 0
      vertex -20.4158 20.9563 0
    endloop
  endfacet
  facet normal 0.996855 -0.0792519 0
    outer loop
      vertex -21.9973 19.1047 0.589999
      vertex -21.989 19.2091 0
      vertex -21.989 19.2091 0.589999
    endloop
  endfacet
  facet normal 0.996855 -0.0792519 0
    outer loop
      vertex -21.989 19.2091 0
      vertex -21.9973 19.1047 0.589999
      vertex -21.9973 19.1047 0
    endloop
  endfacet
  facet normal 0.923866 0.382717 0
    outer loop
      vertex -21.8271 -19.8135 0.589999
      vertex -21.8672 -19.7167 0
      vertex -21.8672 -19.7167 0.589999
    endloop
  endfacet
  facet normal 0.923866 0.382717 0
    outer loop
      vertex -21.8672 -19.7167 0
      vertex -21.8271 -19.8135 0.589999
      vertex -21.8271 -19.8135 0
    endloop
  endfacet
  facet normal -0.688724 0.725023 0
    outer loop
      vertex 21.4142 -20.4142 0
      vertex 21.3383 -20.4863 0.589999
      vertex 21.4142 -20.4142 0.589999
    endloop
  endfacet
  facet normal -0.688724 0.725023 0
    outer loop
      vertex 21.3383 -20.4863 0.589999
      vertex 21.4142 -20.4142 0
      vertex 21.3383 -20.4863 0
    endloop
  endfacet
  facet normal -0.566326 -0.824181 0
    outer loop
      vertex 21.0893 20.6773 0
      vertex 21.1756 20.618 0.589999
      vertex 21.0893 20.6773 0.589999
    endloop
  endfacet
  facet normal -0.566326 -0.824181 -0
    outer loop
      vertex 21.1756 20.618 0.589999
      vertex 21.0893 20.6773 0
      vertex 21.1756 20.618 0
    endloop
  endfacet
  facet normal 0.523032 -0.852313 0
    outer loop
      vertex -21.0893 20.6773 0
      vertex -21 20.7321 0.589999
      vertex -21.0893 20.6773 0.589999
    endloop
  endfacet
  facet normal 0.523032 -0.852313 0
    outer loop
      vertex -21 20.7321 0.589999
      vertex -21.0893 20.6773 0
      vertex -21 20.7321 0
    endloop
  endfacet
  facet normal 0.793299 -0.608833 0
    outer loop
      vertex -21.618 20.1756 0.589999
      vertex -21.5543 20.2586 0
      vertex -21.5543 20.2586 0.589999
    endloop
  endfacet
  facet normal 0.793299 -0.608833 0
    outer loop
      vertex -21.5543 20.2586 0
      vertex -21.618 20.1756 0.589999
      vertex -21.618 20.1756 0
    endloop
  endfacet
  facet normal 0.902489 0.430712 0
    outer loop
      vertex -21.782 -19.908 0.589999
      vertex -21.8271 -19.8135 0
      vertex -21.8271 -19.8135 0.589999
    endloop
  endfacet
  facet normal 0.902489 0.430712 0
    outer loop
      vertex -21.8271 -19.8135 0
      vertex -21.782 -19.908 0.589999
      vertex -21.782 -19.908 0
    endloop
  endfacet
  facet normal -0.852313 -0.523032 0
    outer loop
      vertex 21.7321 20 0
      vertex 21.6773 20.0893 0.589999
      vertex 21.6773 20.0893 0
    endloop
  endfacet
  facet normal -0.852313 -0.523032 0
    outer loop
      vertex 21.6773 20.0893 0.589999
      vertex 21.7321 20 0
      vertex 21.7321 20 0.589999
    endloop
  endfacet
  facet normal -0.725023 0.688724 0
    outer loop
      vertex 21.4142 -20.4142 0
      vertex 21.4863 -20.3383 0.589999
      vertex 21.4863 -20.3383 0
    endloop
  endfacet
  facet normal -0.725023 0.688724 0
    outer loop
      vertex 21.4863 -20.3383 0.589999
      vertex 21.4142 -20.4142 0
      vertex 21.4142 -20.4142 0.589999
    endloop
  endfacet
  facet normal -0.879025 -0.476776 0
    outer loop
      vertex 21.782 19.908 0
      vertex 21.7321 20 0.589999
      vertex 21.7321 20 0
    endloop
  endfacet
  facet normal -0.879025 -0.476776 0
    outer loop
      vertex 21.7321 20 0.589999
      vertex 21.782 19.908 0
      vertex 21.782 19.908 0.589999
    endloop
  endfacet
  facet normal -0.430712 0.902489 0
    outer loop
      vertex 20.908 -20.782 0
      vertex 20.8135 -20.8271 0.589999
      vertex 20.908 -20.782 0.589999
    endloop
  endfacet
  facet normal -0.430712 0.902489 0
    outer loop
      vertex 20.8135 -20.8271 0.589999
      vertex 20.908 -20.782 0
      vertex 20.8135 -20.8271 0
    endloop
  endfacet
  facet normal 0.852313 0.523032 0
    outer loop
      vertex -21.6773 -20.0893 0.589999
      vertex -21.7321 -20 0
      vertex -21.7321 -20 0.589999
    endloop
  endfacet
  facet normal 0.852313 0.523032 0
    outer loop
      vertex -21.7321 -20 0
      vertex -21.6773 -20.0893 0.589999
      vertex -21.6773 -20.0893 0
    endloop
  endfacet
  facet normal -0.430712 -0.902489 0
    outer loop
      vertex 20.8135 20.8271 0
      vertex 20.908 20.782 0.589999
      vertex 20.8135 20.8271 0.589999
    endloop
  endfacet
  facet normal -0.430712 -0.902489 -0
    outer loop
      vertex 20.908 20.782 0.589999
      vertex 20.8135 20.8271 0
      vertex 20.908 20.782 0
    endloop
  endfacet
  facet normal -0.942796 -0.33337 0
    outer loop
      vertex 21.9021 19.618 0
      vertex 21.8672 19.7167 0.589999
      vertex 21.8672 19.7167 0
    endloop
  endfacet
  facet normal -0.942796 -0.33337 0
    outer loop
      vertex 21.8672 19.7167 0.589999
      vertex 21.9021 19.618 0
      vertex 21.9021 19.618 0.589999
    endloop
  endfacet
  facet normal -0.523032 0.852313 0
    outer loop
      vertex 21.0893 -20.6773 0
      vertex 21 -20.7321 0.589999
      vertex 21.0893 -20.6773 0.589999
    endloop
  endfacet
  facet normal -0.523032 0.852313 0
    outer loop
      vertex 21 -20.7321 0.589999
      vertex 21.0893 -20.6773 0
      vertex 21 -20.7321 0
    endloop
  endfacet
  facet normal 0.430712 -0.902489 0
    outer loop
      vertex -20.908 20.782 0
      vertex -20.8135 20.8271 0.589999
      vertex -20.908 20.782 0.589999
    endloop
  endfacet
  facet normal 0.430712 -0.902489 0
    outer loop
      vertex -20.8135 20.8271 0.589999
      vertex -20.908 20.782 0
      vertex -20.8135 20.8271 0
    endloop
  endfacet
  facet normal -0.725023 -0.688724 0
    outer loop
      vertex 21.4863 20.3383 0
      vertex 21.4142 20.4142 0.589999
      vertex 21.4142 20.4142 0
    endloop
  endfacet
  facet normal -0.725023 -0.688724 0
    outer loop
      vertex 21.4142 20.4142 0.589999
      vertex 21.4863 20.3383 0
      vertex 21.4863 20.3383 0.589999
    endloop
  endfacet
  facet normal -0.284543 -0.958663 0
    outer loop
      vertex 20.5176 20.9319 0
      vertex 20.618 20.9021 0.589999
      vertex 20.5176 20.9319 0.589999
    endloop
  endfacet
  facet normal -0.284543 -0.958663 -0
    outer loop
      vertex 20.618 20.9021 0.589999
      vertex 20.5176 20.9319 0
      vertex 20.618 20.9021 0
    endloop
  endfacet
  facet normal 0.0792519 0.996855 -0
    outer loop
      vertex -20.1047 -20.9973 0
      vertex -20.2091 -20.989 0.589999
      vertex -20.1047 -20.9973 0.589999
    endloop
  endfacet
  facet normal 0.0792519 0.996855 0
    outer loop
      vertex -20.2091 -20.989 0.589999
      vertex -20.1047 -20.9973 0
      vertex -20.2091 -20.989 0
    endloop
  endfacet
  facet normal -0.233084 0.972457 0
    outer loop
      vertex 20.5176 -20.9319 0
      vertex 20.4158 -20.9563 0.589999
      vertex 20.5176 -20.9319 0.589999
    endloop
  endfacet
  facet normal -0.233084 0.972457 0
    outer loop
      vertex 20.4158 -20.9563 0.589999
      vertex 20.5176 -20.9319 0
      vertex 20.4158 -20.9563 0
    endloop
  endfacet
  facet normal -0.793299 -0.608833 0
    outer loop
      vertex 21.618 20.1756 0
      vertex 21.5543 20.2586 0.589999
      vertex 21.5543 20.2586 0
    endloop
  endfacet
  facet normal -0.793299 -0.608833 0
    outer loop
      vertex 21.5543 20.2586 0.589999
      vertex 21.618 20.1756 0
      vertex 21.618 20.1756 0.589999
    endloop
  endfacet
  facet normal -0.942796 0.33337 0
    outer loop
      vertex 21.8672 -19.7167 0
      vertex 21.9021 -19.618 0.589999
      vertex 21.9021 -19.618 0
    endloop
  endfacet
  facet normal -0.942796 0.33337 0
    outer loop
      vertex 21.9021 -19.618 0.589999
      vertex 21.8672 -19.7167 0
      vertex 21.8672 -19.7167 0.589999
    endloop
  endfacet
  facet normal 0.760737 0.64906 0
    outer loop
      vertex -21.4863 -20.3383 0.589999
      vertex -21.5543 -20.2586 0
      vertex -21.5543 -20.2586 0.589999
    endloop
  endfacet
  facet normal 0.760737 0.64906 0
    outer loop
      vertex -21.5543 -20.2586 0
      vertex -21.4863 -20.3383 0.589999
      vertex -21.4863 -20.3383 0
    endloop
  endfacet
  facet normal 0.923866 -0.382717 0
    outer loop
      vertex -21.8672 19.7167 0.589999
      vertex -21.8271 19.8135 0
      vertex -21.8271 19.8135 0.589999
    endloop
  endfacet
  facet normal 0.923866 -0.382717 0
    outer loop
      vertex -21.8271 19.8135 0
      vertex -21.8672 19.7167 0.589999
      vertex -21.8672 19.7167 0
    endloop
  endfacet
  facet normal -0.1825 0.983206 0
    outer loop
      vertex 20.4158 -20.9563 0
      vertex 20.3129 -20.9754 0.589999
      vertex 20.4158 -20.9563 0.589999
    endloop
  endfacet
  facet normal -0.1825 0.983206 0
    outer loop
      vertex 20.3129 -20.9754 0.589999
      vertex 20.4158 -20.9563 0
      vertex 20.3129 -20.9754 0
    endloop
  endfacet
  facet normal 0.725023 0.688724 0
    outer loop
      vertex -21.4142 -20.4142 0.589999
      vertex -21.4863 -20.3383 0
      vertex -21.4863 -20.3383 0.589999
    endloop
  endfacet
  facet normal 0.725023 0.688724 0
    outer loop
      vertex -21.4863 -20.3383 0
      vertex -21.4142 -20.4142 0.589999
      vertex -21.4142 -20.4142 0
    endloop
  endfacet
  facet normal -0.760737 -0.64906 0
    outer loop
      vertex 21.5543 20.2586 0
      vertex 21.4863 20.3383 0.589999
      vertex 21.4863 20.3383 0
    endloop
  endfacet
  facet normal -0.760737 -0.64906 0
    outer loop
      vertex 21.4863 20.3383 0.589999
      vertex 21.5543 20.2586 0
      vertex 21.5543 20.2586 0.589999
    endloop
  endfacet
  facet normal -0.566326 0.824181 0
    outer loop
      vertex 21.1756 -20.618 0
      vertex 21.0893 -20.6773 0.589999
      vertex 21.1756 -20.618 0.589999
    endloop
  endfacet
  facet normal -0.566326 0.824181 0
    outer loop
      vertex 21.0893 -20.6773 0.589999
      vertex 21.1756 -20.618 0
      vertex 21.0893 -20.6773 0
    endloop
  endfacet
  facet normal 0.608833 -0.793299 0
    outer loop
      vertex -21.2586 20.5543 0
      vertex -21.1756 20.618 0.589999
      vertex -21.2586 20.5543 0.589999
    endloop
  endfacet
  facet normal 0.608833 -0.793299 0
    outer loop
      vertex -21.1756 20.618 0.589999
      vertex -21.2586 20.5543 0
      vertex -21.1756 20.618 0
    endloop
  endfacet
  facet normal 0.566326 -0.824181 0
    outer loop
      vertex -21.1756 20.618 0
      vertex -21.0893 20.6773 0.589999
      vertex -21.1756 20.618 0.589999
    endloop
  endfacet
  facet normal 0.566326 -0.824181 0
    outer loop
      vertex -21.0893 20.6773 0.589999
      vertex -21.1756 20.618 0
      vertex -21.0893 20.6773 0
    endloop
  endfacet
  facet normal -0.476776 0.879025 0
    outer loop
      vertex 21 -20.7321 0
      vertex 20.908 -20.782 0.589999
      vertex 21 -20.7321 0.589999
    endloop
  endfacet
  facet normal -0.476776 0.879025 0
    outer loop
      vertex 20.908 -20.782 0.589999
      vertex 21 -20.7321 0
      vertex 20.908 -20.782 0
    endloop
  endfacet
  facet normal -0.996855 -0.0792519 0
    outer loop
      vertex 21.9973 19.1047 0
      vertex 21.989 19.2091 0.589999
      vertex 21.989 19.2091 0
    endloop
  endfacet
  facet normal -0.996855 -0.0792519 0
    outer loop
      vertex 21.989 19.2091 0.589999
      vertex 21.9973 19.1047 0
      vertex 21.9973 19.1047 0.589999
    endloop
  endfacet
  facet normal -0.0257794 -0.999668 0
    outer loop
      vertex 20 21 0
      vertex 20.1047 20.9973 0.589999
      vertex 20 21 0.589999
    endloop
  endfacet
  facet normal -0.0257794 -0.999668 -0
    outer loop
      vertex 20.1047 20.9973 0.589999
      vertex 20 21 0
      vertex 20.1047 20.9973 0
    endloop
  endfacet
  facet normal -0.852313 0.523032 0
    outer loop
      vertex 21.6773 -20.0893 0
      vertex 21.7321 -20 0.589999
      vertex 21.7321 -20 0
    endloop
  endfacet
  facet normal -0.852313 0.523032 0
    outer loop
      vertex 21.7321 -20 0.589999
      vertex 21.6773 -20.0893 0
      vertex 21.6773 -20.0893 0.589999
    endloop
  endfacet
  facet normal -0.991526 0.129911 0
    outer loop
      vertex 21.9754 -19.3129 0
      vertex 21.989 -19.2091 0.589999
      vertex 21.989 -19.2091 0
    endloop
  endfacet
  facet normal -0.991526 0.129911 0
    outer loop
      vertex 21.989 -19.2091 0.589999
      vertex 21.9754 -19.3129 0
      vertex 21.9754 -19.3129 0.589999
    endloop
  endfacet
  facet normal -0.902489 0.430712 0
    outer loop
      vertex 21.782 -19.908 0
      vertex 21.8271 -19.8135 0.589999
      vertex 21.8271 -19.8135 0
    endloop
  endfacet
  facet normal -0.902489 0.430712 0
    outer loop
      vertex 21.8271 -19.8135 0.589999
      vertex 21.782 -19.908 0
      vertex 21.782 -19.908 0.589999
    endloop
  endfacet
  facet normal -0.923866 -0.382717 0
    outer loop
      vertex 21.8672 19.7167 0
      vertex 21.8271 19.8135 0.589999
      vertex 21.8271 19.8135 0
    endloop
  endfacet
  facet normal -0.923866 -0.382717 0
    outer loop
      vertex 21.8271 19.8135 0.589999
      vertex 21.8672 19.7167 0
      vertex 21.8672 19.7167 0.589999
    endloop
  endfacet
  facet normal 0.983206 0.1825 0
    outer loop
      vertex -21.9563 -19.4158 0.589999
      vertex -21.9754 -19.3129 0
      vertex -21.9754 -19.3129 0.589999
    endloop
  endfacet
  facet normal 0.983206 0.1825 0
    outer loop
      vertex -21.9754 -19.3129 0
      vertex -21.9563 -19.4158 0.589999
      vertex -21.9563 -19.4158 0
    endloop
  endfacet
  facet normal -0.129911 -0.991526 0
    outer loop
      vertex 20.2091 20.989 0
      vertex 20.3129 20.9754 0.589999
      vertex 20.2091 20.989 0.589999
    endloop
  endfacet
  facet normal -0.129911 -0.991526 -0
    outer loop
      vertex 20.3129 20.9754 0.589999
      vertex 20.2091 20.989 0
      vertex 20.3129 20.9754 0
    endloop
  endfacet
  facet normal -0.1825 -0.983206 0
    outer loop
      vertex 20.3129 20.9754 0
      vertex 20.4158 20.9563 0.589999
      vertex 20.3129 20.9754 0.589999
    endloop
  endfacet
  facet normal -0.1825 -0.983206 -0
    outer loop
      vertex 20.4158 20.9563 0.589999
      vertex 20.3129 20.9754 0
      vertex 20.4158 20.9563 0
    endloop
  endfacet
  facet normal -0.33337 0.942796 0
    outer loop
      vertex 20.7167 -20.8672 0
      vertex 20.618 -20.9021 0.589999
      vertex 20.7167 -20.8672 0.589999
    endloop
  endfacet
  facet normal -0.33337 0.942796 0
    outer loop
      vertex 20.618 -20.9021 0.589999
      vertex 20.7167 -20.8672 0
      vertex 20.618 -20.9021 0
    endloop
  endfacet
  facet normal -0.983206 0.1825 0
    outer loop
      vertex 21.9563 -19.4158 0
      vertex 21.9754 -19.3129 0.589999
      vertex 21.9754 -19.3129 0
    endloop
  endfacet
  facet normal -0.983206 0.1825 0
    outer loop
      vertex 21.9754 -19.3129 0.589999
      vertex 21.9563 -19.4158 0
      vertex 21.9563 -19.4158 0.589999
    endloop
  endfacet
  facet normal -0.824181 0.566326 0
    outer loop
      vertex 21.618 -20.1756 0
      vertex 21.6773 -20.0893 0.589999
      vertex 21.6773 -20.0893 0
    endloop
  endfacet
  facet normal -0.824181 0.566326 0
    outer loop
      vertex 21.6773 -20.0893 0.589999
      vertex 21.618 -20.1756 0
      vertex 21.618 -20.1756 0.589999
    endloop
  endfacet
  facet normal -0.64906 0.760737 0
    outer loop
      vertex 21.3383 -20.4863 0
      vertex 21.2586 -20.5543 0.589999
      vertex 21.3383 -20.4863 0.589999
    endloop
  endfacet
  facet normal -0.64906 0.760737 0
    outer loop
      vertex 21.2586 -20.5543 0.589999
      vertex 21.3383 -20.4863 0
      vertex 21.2586 -20.5543 0
    endloop
  endfacet
  facet normal -0.983206 -0.1825 0
    outer loop
      vertex 21.9754 19.3129 0
      vertex 21.9563 19.4158 0.589999
      vertex 21.9563 19.4158 0
    endloop
  endfacet
  facet normal -0.983206 -0.1825 0
    outer loop
      vertex 21.9563 19.4158 0.589999
      vertex 21.9754 19.3129 0
      vertex 21.9754 19.3129 0.589999
    endloop
  endfacet
  facet normal -0.793299 0.608833 0
    outer loop
      vertex 21.5543 -20.2586 0
      vertex 21.618 -20.1756 0.589999
      vertex 21.618 -20.1756 0
    endloop
  endfacet
  facet normal -0.793299 0.608833 0
    outer loop
      vertex 21.618 -20.1756 0.589999
      vertex 21.5543 -20.2586 0
      vertex 21.5543 -20.2586 0.589999
    endloop
  endfacet
  facet normal -0.608833 -0.793299 0
    outer loop
      vertex 21.1756 20.618 0
      vertex 21.2586 20.5543 0.589999
      vertex 21.1756 20.618 0.589999
    endloop
  endfacet
  facet normal -0.608833 -0.793299 -0
    outer loop
      vertex 21.2586 20.5543 0.589999
      vertex 21.1756 20.618 0
      vertex 21.2586 20.5543 0
    endloop
  endfacet
  facet normal -0.879025 0.476776 0
    outer loop
      vertex 21.7321 -20 0
      vertex 21.782 -19.908 0.589999
      vertex 21.782 -19.908 0
    endloop
  endfacet
  facet normal -0.879025 0.476776 0
    outer loop
      vertex 21.782 -19.908 0.589999
      vertex 21.7321 -20 0
      vertex 21.7321 -20 0.589999
    endloop
  endfacet
  facet normal -2.33801e-05 -0.34201 0.939696
    outer loop
      vertex -14.237 1.93313 11.8596
      vertex -12.5522 1.30547 11.6312
      vertex -11.5 4.64342 12.8461
    endloop
  endfacet
  facet normal -0.000139442 -0.342285 0.939596
    outer loop
      vertex -12.5522 1.30547 11.6312
      vertex -14.237 1.93313 11.8596
      vertex -12.6332 1.16523 11.5801
    endloop
  endfacet
  facet normal 6.61267e-05 -0.341906 0.939734
    outer loop
      vertex -12.6332 1.16523 11.5801
      vertex -14.237 1.93313 11.8596
      vertex -12.7504 0.934332 11.4961
    endloop
  endfacet
  facet normal -0.000172574 -0.34222 0.93962
    outer loop
      vertex -12.7504 0.934332 11.4961
      vertex -14.237 1.93313 11.8596
      vertex -12.8546 0.697983 11.41
    endloop
  endfacet
  facet normal 0.000207079 -0.341845 0.939756
    outer loop
      vertex -12.8546 0.697983 11.41
      vertex -14.237 1.93313 11.8596
      vertex -12.9455 0.456834 11.3223
    endloop
  endfacet
  facet normal -8.83785e-05 -0.342073 0.939673
    outer loop
      vertex -14.237 1.93313 11.8596
      vertex -13.0228 0.211547 11.233
      vertex -12.9455 0.456834 11.3223
    endloop
  endfacet
  facet normal 0.000149841 -0.341924 0.939727
    outer loop
      vertex -14.237 1.93313 11.8596
      vertex -13.0864 -0.0372064 11.1425
      vertex -13.0228 0.211547 11.233
    endloop
  endfacet
  facet normal -0.000253594 -0.342132 0.939652
    outer loop
      vertex -14.237 1.93313 11.8596
      vertex -13.136 -0.288745 11.0509
      vertex -13.0864 -0.0372064 11.1425
    endloop
  endfacet
  facet normal 8.9069e-05 -0.341983 0.939706
    outer loop
      vertex -14.237 1.93313 11.8596
      vertex -13.1715 -0.542378 10.9586
      vertex -13.136 -0.288745 11.0509
    endloop
  endfacet
  facet normal -3.86788e-06 -0.342018 0.939693
    outer loop
      vertex -14.237 1.93313 11.8596
      vertex -13.1848 -0.701458 10.9007
      vertex -13.1715 -0.542378 10.9586
    endloop
  endfacet
  facet normal -8.76962e-06 -0.34202 0.939693
    outer loop
      vertex -13.1848 -0.701458 10.9007
      vertex -14.237 1.93313 11.8596
      vertex -14.237 -4.03943 9.68577
    endloop
  endfacet
  facet normal 3.19102e-05 -0.342015 0.939694
    outer loop
      vertex -14.237 -4.03943 9.68577
      vertex -14.9904 -1.3974 10.6474
      vertex -14.3948 -3.72859 9.79891
    endloop
  endfacet
  facet normal -0.996906 0.0738614 0.0268827
    outer loop
      vertex -14.9904 -0.469477 10.2402
      vertex -14.9904 -0.708891 10.898
      vertex -14.962 -0.131003 10.3634
    endloop
  endfacet
  facet normal -0.999654 -0.024708 -0.0089926
    outer loop
      vertex -14.9904 -1.3974 10.6474
      vertex -14.9999 -0.81858 10.1131
      vertex -14.9904 -1.15799 9.9896
    endloop
  endfacet
  facet normal -0.430509 -0.848154 -0.3087
    outer loop
      vertex -10.8518 -6.8208 7.92851
      vertex -11.1779 -6.91405 8.63949
      vertex -11.1779 -6.67464 7.98171
    endloop
  endfacet
  facet normal -0.797422 0.567034 0.206375
    outer loop
      vertex -13.6631 2.81321 12.1799
      vertex -13.66 3.05647 11.5235
      vertex -13.6631 3.05262 11.5221
    endloop
  endfacet
  facet normal -0.793359 0.572028 0.208245
    outer loop
      vertex -13.66 3.05647 11.5235
      vertex -13.6631 2.81321 12.1799
      vertex -13.44 3.08641 12.2794
    endloop
  endfacet
  facet normal -0.0261759 0.93937 0.341903
    outer loop
      vertex -8 5.76412 12.509
      vertex -8.36119 5.75522 12.5058
      vertex -8 5.5247 13.1668
    endloop
  endfacet
  facet normal -6.98572e-05 -0.341957 0.939716
    outer loop
      vertex 13.44 -5.19271 9.26601
      vertex 12.4052 -6.16509 8.91209
      vertex 12.9497 -5.70438 9.07978
    endloop
  endfacet
  facet normal -0.000625779 -0.343666 0.939092
    outer loop
      vertex 10.5086 5.08779 13.0078
      vertex 9.81172 5.30056 13.0852
      vertex 10.8472 4.95601 12.9598
    endloop
  endfacet
  facet normal -0.755912 -0.615191 -0.223915
    outer loop
      vertex -13.202 -5.45459 9.1707
      vertex -13.2054 -5.21148 8.51425
      vertex -13.202 -5.21517 8.51291
    endloop
  endfacet
  facet normal -0.760432 -0.61027 -0.222069
    outer loop
      vertex -13.2054 -5.21148 8.51425
      vertex -13.202 -5.45459 9.1707
      vertex -13.44 -5.19271 9.26601
    endloop
  endfacet
  facet normal -0.878903 0.448237 0.163138
    outer loop
      vertex -14.237 2.17255 11.2018
      vertex -14.0622 2.23578 11.9698
      vertex -14.0622 2.47519 11.312
    endloop
  endfacet
  facet normal -0.878908 0.448224 0.163141
    outer loop
      vertex -14.0622 2.23578 11.9698
      vertex -14.237 2.17255 11.2018
      vertex -14.237 1.93313 11.8596
    endloop
  endfacet
  facet normal -0.852623 -0.491014 -0.178718
    outer loop
      vertex -13.8707 -4.6357 9.46875
      vertex -14.0595 -4.10679 8.91633
      vertex -13.8707 -4.39628 8.81096
    endloop
  endfacet
  facet normal 0.382522 0.868214 0.316039
    outer loop
      vertex 10.8472 5.19542 12.3021
      vertex 10.5133 5.32535 12.3493
      vertex 10.8472 4.95601 12.9598
    endloop
  endfacet
  facet normal -0.972525 0.218761 0.0796205
    outer loop
      vertex -14.847 0.314452 11.2705
      vertex -14.8458 0.558582 10.6144
      vertex -14.847 0.553866 10.6127
    endloop
  endfacet
  facet normal -0.972399 0.219254 0.0798042
    outer loop
      vertex -14.8458 0.558582 10.6144
      vertex -14.847 0.314452 11.2705
      vertex -14.7615 0.649315 11.3923
    endloop
  endfacet
  facet normal -0.182249 -0.923954 -0.336295
    outer loop
      vertex -9.10011 -7.30971 7.75056
      vertex -9.09503 -7.55001 8.40802
      vertex -9.45537 -7.48725 8.43087
    endloop
  endfacet
  facet normal -0.183031 -0.92382 -0.33624
    outer loop
      vertex -9.09503 -7.55001 8.40802
      vertex -9.10011 -7.30971 7.75056
      vertex -9.09503 -7.3106 7.75024
    endloop
  endfacet
  facet normal -0.608812 0.745475 0.27132
    outer loop
      vertex -12.4052 4.29821 11.9755
      vertex -12.4052 4.0588 12.6333
      vertex -12.1186 4.5049 12.0507
    endloop
  endfacet
  facet normal -0.430509 0.848142 0.308733
    outer loop
      vertex -10.8472 5.19542 12.3021
      vertex -11.1733 5.04926 12.2489
      vertex -10.8472 4.95601 12.9598
    endloop
  endfacet
  facet normal 9.73386e-06 -0.342092 0.939666
    outer loop
      vertex 9.09503 -7.55001 8.40802
      vertex 8 -7.63099 8.37855
      vertex 8.36635 -7.62197 8.38183
    endloop
  endfacet
  facet normal 0.566347 -0.774466 -0.281875
    outer loop
      vertex 12.1145 -6.37473 8.83579
      vertex 11.8167 -6.32762 8.10801
      vertex 12.1145 -6.13532 8.178
    endloop
  endfacet
  facet normal 1.43295e-05 -0.341991 0.939703
    outer loop
      vertex -9.09503 -7.55001 8.40802
      vertex -11.5 -6.74972 8.69931
      vertex -10.1631 -7.30905 8.49573
    endloop
  endfacet
  facet normal -7.24578e-07 -0.342022 0.939692
    outer loop
      vertex -9.09503 -7.55001 8.40802
      vertex -14.237 -4.03943 9.68577
      vertex -12.4052 -6.16509 8.91209
    endloop
  endfacet
  facet normal -0.990778 -0.127328 -0.0463404
    outer loop
      vertex -14.9138 -2.08214 10.3982
      vertex -14.9145 -1.83792 9.74213
      vertex -14.9138 -1.84273 9.74038
    endloop
  endfacet
  facet normal -0.991456 -0.122588 -0.0445753
    outer loop
      vertex -14.9145 -1.83792 9.74213
      vertex -14.9138 -2.08214 10.3982
      vertex -14.9616 -1.74071 10.5224
    endloop
  endfacet
  facet normal -0.991431 0.122756 0.0446786
    outer loop
      vertex -14.9138 0.215261 10.4894
      vertex -14.961 -0.12136 10.3669
      vertex -14.9138 -0.0241528 11.1472
    endloop
  endfacet
  facet normal -0.852604 0.491045 0.178719
    outer loop
      vertex -14.0622 2.47519 11.312
      vertex -14.0622 2.23578 11.9698
      vertex -13.8734 2.76468 11.4173
    endloop
  endfacet
  facet normal -0.825254 0.530705 0.193153
    outer loop
      vertex -13.666 3.04862 11.5207
      vertex -13.6631 2.81321 12.1799
      vertex -13.6631 3.05262 11.5221
    endloop
  endfacet
  facet normal -0.824096 0.532297 0.193717
    outer loop
      vertex -13.6631 2.81321 12.1799
      vertex -13.666 3.04862 11.5207
      vertex -13.8707 2.5294 12.0766
    endloop
  endfacet
  facet normal -0.649392 0.714596 0.260081
    outer loop
      vertex -12.4052 4.29821 11.9755
      vertex -12.68 4.07771 11.8952
      vertex -12.4052 4.0588 12.6333
    endloop
  endfacet
  facet normal -0.566428 0.774415 0.281853
    outer loop
      vertex -11.8125 4.7029 12.1228
      vertex -12.1145 4.26844 12.7096
      vertex -11.8125 4.46349 12.7806
    endloop
  endfacet
  facet normal -0.56641 0.774422 0.281867
    outer loop
      vertex -12.1145 4.26844 12.7096
      vertex -11.8125 4.7029 12.1228
      vertex -12.1145 4.50786 12.0518
    endloop
  endfacet
  facet normal -0.000458698 -0.340788 0.94014
    outer loop
      vertex -10.8472 4.95601 12.9598
      vertex -11.1779 4.80776 12.9059
      vertex -9.81172 5.30056 13.0852
    endloop
  endfacet
  facet normal 0.942654 0.313645 0.114154
    outer loop
      vertex 14.6574 1.21893 10.8547
      vertex 14.5368 1.53899 10.9712
      vertex 14.6574 0.979518 11.5125
    endloop
  endfacet
  facet normal 0.000205511 -0.342087 0.939668
    outer loop
      vertex -13.1929 -0.797412 10.8658
      vertex -14.237 -4.03943 9.68577
      vertex -13.2 -1.05315 10.7727
    endloop
  endfacet
  facet normal -0.00104462 -0.341731 0.939797
    outer loop
      vertex -14.237 -4.03943 9.68577
      vertex -13.1929 -0.797412 10.8658
      vertex -13.1848 -0.701458 10.9007
    endloop
  endfacet
  facet normal -2.37525e-05 -0.342027 0.93969
    outer loop
      vertex -9.60689 -5.70039 9.08123
      vertex -9.09503 -7.55001 8.40802
      vertex -9.4513 -5.7437 9.06547
    endloop
  endfacet
  facet normal 1.71762e-06 -0.342021 0.939692
    outer loop
      vertex -9.86351 -5.615 9.11231
      vertex -9.09503 -7.55001 8.40802
      vertex -9.60689 -5.70039 9.08123
    endloop
  endfacet
  facet normal -1.27561e-05 -0.342026 0.93969
    outer loop
      vertex -10.115 -5.5171 9.14794
      vertex -9.09503 -7.55001 8.40802
      vertex -9.86351 -5.615 9.11231
    endloop
  endfacet
  facet normal 1.10941e-05 -0.342016 0.939694
    outer loop
      vertex -10.3608 -5.40696 9.18803
      vertex -9.09503 -7.55001 8.40802
      vertex -10.115 -5.5171 9.14794
    endloop
  endfacet
  facet normal -2.86548e-07 -0.342022 0.939692
    outer loop
      vertex -10.6 -5.28489 9.23246
      vertex -9.09503 -7.55001 8.40802
      vertex -10.3608 -5.40696 9.18803
    endloop
  endfacet
  facet normal 9.95222e-06 -0.342016 0.939694
    outer loop
      vertex -10.8321 -5.15123 9.28111
      vertex -9.09503 -7.55001 8.40802
      vertex -10.6 -5.28489 9.23246
    endloop
  endfacet
  facet normal 3.00416e-06 -0.34202 0.939693
    outer loop
      vertex -11.0565 -5.00633 9.33385
      vertex -9.09503 -7.55001 8.40802
      vertex -10.8321 -5.15123 9.28111
    endloop
  endfacet
  facet normal 1.35432e-05 -0.341978 0.939708
    outer loop
      vertex -14.237 -4.03943 9.68577
      vertex -11.0565 -5.00633 9.33385
      vertex -11.2725 -4.85059 9.39053
    endloop
  endfacet
  facet normal 9.50659e-07 -0.342019 0.939693
    outer loop
      vertex -14.237 -4.03943 9.68577
      vertex -11.2725 -4.85059 9.39053
      vertex -11.4795 -4.68445 9.451
    endloop
  endfacet
  facet normal -7.30592e-06 -0.34205 0.939682
    outer loop
      vertex -14.237 -4.03943 9.68577
      vertex -11.4795 -4.68445 9.451
      vertex -11.677 -4.50835 9.5151
    endloop
  endfacet
  facet normal -3.23199e-06 -0.342031 0.939689
    outer loop
      vertex -14.237 -4.03943 9.68577
      vertex -11.677 -4.50835 9.5151
      vertex -11.8644 -4.32279 9.58264
    endloop
  endfacet
  facet normal -2.07835e-08 -0.342007 0.939697
    outer loop
      vertex -14.237 -4.03943 9.68577
      vertex -11.8644 -4.32279 9.58264
      vertex -12.0412 -4.12826 9.65344
    endloop
  endfacet
  facet normal -1.99683e-06 -0.342024 0.939691
    outer loop
      vertex -11.0565 -5.00633 9.33385
      vertex -14.237 -4.03943 9.68577
      vertex -9.09503 -7.55001 8.40802
    endloop
  endfacet
  facet normal -3.82253e-07 -0.342015 0.939695
    outer loop
      vertex -12.2069 -3.9253 9.72731
      vertex -14.237 -4.03943 9.68577
      vertex -12.0412 -4.12826 9.65344
    endloop
  endfacet
  facet normal 9.65826e-07 -0.342036 0.939687
    outer loop
      vertex -12.3611 -3.71447 9.80405
      vertex -14.237 -4.03943 9.68577
      vertex -12.2069 -3.9253 9.72731
    endloop
  endfacet
  facet normal -1.36028e-06 -0.342024 0.939691
    outer loop
      vertex -12.5033 -3.49635 9.88344
      vertex -14.237 -4.03943 9.68577
      vertex -12.3611 -3.71447 9.80405
    endloop
  endfacet
  facet normal -1.09498e-05 -0.341997 0.939701
    outer loop
      vertex -12.6332 -3.27153 9.96526
      vertex -14.237 -4.03943 9.68577
      vertex -12.5033 -3.49635 9.88344
    endloop
  endfacet
  facet normal -5.55227e-06 -0.342007 0.939697
    outer loop
      vertex -12.7504 -3.04062 10.0493
      vertex -14.237 -4.03943 9.68577
      vertex -12.6332 -3.27153 9.96526
    endloop
  endfacet
  facet normal -3.92464e-05 -0.341963 0.939714
    outer loop
      vertex -12.8546 -2.80428 10.1353
      vertex -14.237 -4.03943 9.68577
      vertex -12.7504 -3.04062 10.0493
    endloop
  endfacet
  facet normal 8.85823e-05 -0.342089 0.939668
    outer loop
      vertex -12.9455 -2.56313 10.2231
      vertex -14.237 -4.03943 9.68577
      vertex -12.8546 -2.80428 10.1353
    endloop
  endfacet
  facet normal 6.95946e-05 -0.342074 0.939673
    outer loop
      vertex -13.0228 -2.31784 10.3124
      vertex -14.237 -4.03943 9.68577
      vertex -12.9455 -2.56313 10.2231
    endloop
  endfacet
  facet normal -0.000160571 -0.341931 0.939725
    outer loop
      vertex -13.0864 -2.06909 10.4029
      vertex -14.237 -4.03943 9.68577
      vertex -13.0228 -2.31784 10.3124
    endloop
  endfacet
  facet normal 0.000233641 -0.342134 0.939651
    outer loop
      vertex -13.136 -1.81755 10.4945
      vertex -14.237 -4.03943 9.68577
      vertex -13.0864 -2.06909 10.4029
    endloop
  endfacet
  facet normal -0.000122676 -0.341978 0.939708
    outer loop
      vertex -13.1715 -1.56391 10.5868
      vertex -14.237 -4.03943 9.68577
      vertex -13.136 -1.81755 10.4945
    endloop
  endfacet
  facet normal -0.000177764 -0.341957 0.939715
    outer loop
      vertex -13.1929 -1.30888 10.6796
      vertex -14.237 -4.03943 9.68577
      vertex -13.1715 -1.56391 10.5868
    endloop
  endfacet
  facet normal 0.000203618 -0.342086 0.939669
    outer loop
      vertex -14.237 -4.03943 9.68577
      vertex -13.1929 -1.30888 10.6796
      vertex -13.2 -1.05315 10.7727
    endloop
  endfacet
  facet normal -8.41286e-05 -0.342063 0.939677
    outer loop
      vertex -11.5 4.64342 12.8461
      vertex -11.2725 2.7443 12.1548
      vertex -11.1437 2.83712 12.1886
    endloop
  endfacet
  facet normal 0.000317801 -0.34202 0.939693
    outer loop
      vertex -11.5 4.64342 12.8461
      vertex -11.4795 2.57816 12.0944
      vertex -11.2725 2.7443 12.1548
    endloop
  endfacet
  facet normal -2.00864e-05 -0.342023 0.939692
    outer loop
      vertex -11.5 4.64342 12.8461
      vertex -11.677 2.40206 12.0303
      vertex -11.4795 2.57816 12.0944
    endloop
  endfacet
  facet normal -0.000310486 -0.342003 0.939699
    outer loop
      vertex -11.5 4.64342 12.8461
      vertex -11.8644 2.21649 11.9627
      vertex -11.677 2.40206 12.0303
    endloop
  endfacet
  facet normal 3.23303e-05 -0.342048 0.939682
    outer loop
      vertex -11.5 4.64342 12.8461
      vertex -12.0412 2.02197 11.8919
      vertex -11.8644 2.21649 11.9627
    endloop
  endfacet
  facet normal 0.000583194 -0.342149 0.939646
    outer loop
      vertex -11.5 4.64342 12.8461
      vertex -12.2069 1.81901 11.8181
      vertex -12.0412 2.02197 11.8919
    endloop
  endfacet
  facet normal -0.000595187 -0.341888 0.93974
    outer loop
      vertex -11.5 4.64342 12.8461
      vertex -12.3611 1.60818 11.7413
      vertex -12.2069 1.81901 11.8181
    endloop
  endfacet
  facet normal -3.09607e-05 -0.34203 0.939689
    outer loop
      vertex -11.5 4.64342 12.8461
      vertex -12.5033 1.39005 11.6619
      vertex -12.3611 1.60818 11.7413
    endloop
  endfacet
  facet normal 0.00355806 -0.343005 0.939327
    outer loop
      vertex -12.5033 1.39005 11.6619
      vertex -11.5 4.64342 12.8461
      vertex -12.5522 1.30547 11.6312
    endloop
  endfacet
  facet normal 0.793359 0.572028 0.208245
    outer loop
      vertex 13.6631 2.81321 12.1799
      vertex 13.66 3.05647 11.5235
      vertex 13.44 3.08641 12.2794
    endloop
  endfacet
  facet normal 0.797422 0.567034 0.206375
    outer loop
      vertex 13.66 3.05647 11.5235
      vertex 13.6631 2.81321 12.1799
      vertex 13.6631 3.05262 11.5221
    endloop
  endfacet
  facet normal 0.43053 0.848129 0.308741
    outer loop
      vertex 11.1779 4.80776 12.9059
      vertex 11.1733 5.04926 12.2489
      vertex 10.8472 4.95601 12.9598
    endloop
  endfacet
  facet normal 0.437424 0.845028 0.307553
    outer loop
      vertex 11.1733 5.04926 12.2489
      vertex 11.1779 4.80776 12.9059
      vertex 11.1779 5.04717 12.2481
    endloop
  endfacet
  facet normal 5.9037e-06 -0.342017 0.939694
    outer loop
      vertex -12.4052 -6.16509 8.91209
      vertex -14.237 -4.03943 9.68577
      vertex -13.44 -5.19271 9.26601
    endloop
  endfacet
  facet normal 0 -0.341976 0.939709
    outer loop
      vertex 9.09503 -7.55001 8.40802
      vertex -8 -7.63099 8.37855
      vertex 8 -7.63099 8.37855
    endloop
  endfacet
  facet normal 0 -0.341976 0.939709
    outer loop
      vertex -8 -7.63099 8.37855
      vertex 9.09503 -7.55001 8.40802
      vertex -9.09503 -7.55001 8.40802
    endloop
  endfacet
  facet normal 6.98572e-05 -0.341957 0.939716
    outer loop
      vertex -12.4052 -6.16509 8.91209
      vertex -13.44 -5.19271 9.26601
      vertex -12.9497 -5.70438 9.07978
    endloop
  endfacet
  facet normal 9.73814e-05 -0.341961 0.939714
    outer loop
      vertex -13.44 -5.19271 9.26601
      vertex -14.237 -4.03943 9.68577
      vertex -13.8707 -4.6357 9.46875
    endloop
  endfacet
  facet normal -0.852002 -0.491966 -0.179057
    outer loop
      vertex -14.0595 -4.10679 8.91633
      vertex -14.0622 -4.34207 9.57562
      vertex -14.0622 -4.10266 8.91783
    endloop
  endfacet
  facet normal -0.852621 -0.491016 -0.17872
    outer loop
      vertex -14.0622 -4.34207 9.57562
      vertex -14.0595 -4.10679 8.91633
      vertex -13.8707 -4.6357 9.46875
    endloop
  endfacet
  facet normal 0.00217726 -0.343251 0.939241
    outer loop
      vertex -14.0622 2.23578 11.9698
      vertex -14.237 1.93313 11.8596
      vertex -13.6631 2.81321 12.1799
    endloop
  endfacet
  facet normal -0.972397 0.219262 0.079803
    outer loop
      vertex -14.7615 0.888729 10.7345
      vertex -14.8458 0.558582 10.6144
      vertex -14.7615 0.649315 11.3923
    endloop
  endfacet
  facet normal -0.00285243 -0.34018 0.940356
    outer loop
      vertex -13.8707 2.5294 12.0766
      vertex -14.0622 2.23578 11.9698
      vertex -13.6631 2.81321 12.1799
    endloop
  endfacet
  facet normal -0.79331 0.572101 0.208228
    outer loop
      vertex -13.44 3.32583 11.6216
      vertex -13.66 3.05647 11.5235
      vertex -13.44 3.08641 12.2794
    endloop
  endfacet
  facet normal -0.649416 0.714571 0.26009
    outer loop
      vertex -12.68 4.07771 11.8952
      vertex -12.6839 3.83514 12.5519
      vertex -12.4052 4.0588 12.6333
    endloop
  endfacet
  facet normal -0.650049 0.714065 0.259899
    outer loop
      vertex -12.6839 3.83514 12.5519
      vertex -12.68 4.07771 11.8952
      vertex -12.6839 4.07456 11.8941
    endloop
  endfacet
  facet normal -0.47715 0.825826 0.300564
    outer loop
      vertex -11.1779 5.04717 12.2481
      vertex -11.5 4.64342 12.8461
      vertex -11.1779 4.80776 12.9059
    endloop
  endfacet
  facet normal -0.47713 0.825832 0.300579
    outer loop
      vertex -11.5 4.64342 12.8461
      vertex -11.1779 5.04717 12.2481
      vertex -11.5 4.88284 12.1883
    endloop
  endfacet
  facet normal 0.00147335 -0.34115 0.940008
    outer loop
      vertex 13.6631 2.81321 12.1799
      vertex 13.44 3.08641 12.2794
      vertex 14.237 1.93313 11.8596
    endloop
  endfacet
  facet normal 0.999654 -0.024708 -0.0089926
    outer loop
      vertex 14.9999 -0.81858 10.1131
      vertex 14.9904 -1.3974 10.6474
      vertex 14.9904 -1.15799 9.9896
    endloop
  endfacet
  facet normal 5.96462e-05 -0.341813 0.939768
    outer loop
      vertex -9.09503 -7.55001 8.40802
      vertex -10.1631 -7.30905 8.49573
      vertex -9.45537 -7.48725 8.43087
    endloop
  endfacet
  facet normal -0.232875 -0.91386 -0.33261
    outer loop
      vertex -9.8067 -7.16857 7.80193
      vertex -9.81172 -7.40685 8.46013
      vertex -9.81172 -7.16744 7.80234
    endloop
  endfacet
  facet normal -0.233463 -0.913726 -0.332566
    outer loop
      vertex -9.81172 -7.40685 8.46013
      vertex -9.8067 -7.16857 7.80193
      vertex -9.45537 -7.48725 8.43087
    endloop
  endfacet
  facet normal 0.793289 -0.572125 -0.208243
    outer loop
      vertex 13.66 -4.68393 8.70627
      vertex 13.44 -5.19271 9.26601
      vertex 13.44 -4.95329 8.60823
    endloop
  endfacet
  facet normal 0.824061 -0.532336 -0.193758
    outer loop
      vertex 13.8707 -4.6357 9.46875
      vertex 13.666 -4.67609 8.70912
      vertex 13.8707 -4.39628 8.81096
    endloop
  endfacet
  facet normal 0.760432 -0.61027 -0.222069
    outer loop
      vertex 13.202 -5.45459 9.1707
      vertex 13.2054 -5.21148 8.51425
      vertex 13.44 -5.19271 9.26601
    endloop
  endfacet
  facet normal 0.755912 -0.615191 -0.223915
    outer loop
      vertex 13.2054 -5.21148 8.51425
      vertex 13.202 -5.45459 9.1707
      vertex 13.202 -5.21517 8.51291
    endloop
  endfacet
  facet normal 0.000375325 -0.341698 0.93981
    outer loop
      vertex -12.9497 -5.70438 9.07978
      vertex -13.44 -5.19271 9.26601
      vertex -13.202 -5.45459 9.1707
    endloop
  endfacet
  facet normal -0.64938 -0.714603 -0.260092
    outer loop
      vertex -12.4052 -6.16509 8.91209
      vertex -12.68 -5.70517 8.33456
      vertex -12.4052 -5.92568 8.25431
    endloop
  endfacet
  facet normal 0.000359414 -0.341655 0.939826
    outer loop
      vertex -12.4052 -6.16509 8.91209
      vertex -12.9497 -5.70438 9.07978
      vertex -12.6839 -5.94144 8.9935
    endloop
  endfacet
  facet normal -0.000216629 -0.342175 0.939636
    outer loop
      vertex -13.44 -5.19271 9.26601
      vertex -13.8707 -4.6357 9.46875
      vertex -13.6631 -4.9195 9.36545
    endloop
  endfacet
  facet normal -0.825731 -0.530044 -0.192927
    outer loop
      vertex -13.6631 -4.9195 9.36545
      vertex -13.666 -4.67609 8.70912
      vertex -13.6631 -4.68008 8.70767
    endloop
  endfacet
  facet normal -0.824087 -0.532292 -0.193767
    outer loop
      vertex -13.666 -4.67609 8.70912
      vertex -13.6631 -4.9195 9.36545
      vertex -13.8707 -4.6357 9.46875
    endloop
  endfacet
  facet normal -2.94422e-05 -0.34203 0.939689
    outer loop
      vertex -13.8707 -4.6357 9.46875
      vertex -14.237 -4.03943 9.68577
      vertex -14.0622 -4.34207 9.57562
    endloop
  endfacet
  facet normal -0.883929 -0.439418 -0.15994
    outer loop
      vertex -14.2346 -3.80427 9.02643
      vertex -14.237 -4.03943 9.68577
      vertex -14.237 -3.80001 9.02799
    endloop
  endfacet
  facet normal -0.878892 -0.448278 -0.163082
    outer loop
      vertex -14.237 -4.03943 9.68577
      vertex -14.2346 -3.80427 9.02643
      vertex -14.0622 -4.34207 9.57562
    endloop
  endfacet
  facet normal -0.983247 -0.171288 -0.0623394
    outer loop
      vertex -14.847 -2.18133 9.61714
      vertex -14.9138 -2.08214 10.3982
      vertex -14.9138 -1.84273 9.74038
    endloop
  endfacet
  facet normal -0.983249 -0.171277 -0.062341
    outer loop
      vertex -14.9138 -2.08214 10.3982
      vertex -14.847 -2.18133 9.61714
      vertex -14.847 -2.42074 10.2749
    endloop
  endfacet
  facet normal -0.923922 -0.359508 -0.130852
    outer loop
      vertex -14.3948 -3.48918 9.14112
      vertex -14.535 -3.41044 9.91471
      vertex -14.535 -3.17102 9.25692
    endloop
  endfacet
  facet normal -0.923918 -0.359518 -0.130851
    outer loop
      vertex -14.535 -3.41044 9.91471
      vertex -14.3948 -3.48918 9.14112
      vertex -14.3948 -3.72859 9.79891
    endloop
  endfacet
  facet normal -0.00070914 -0.342182 0.939633
    outer loop
      vertex -14.3948 -3.72859 9.79891
      vertex -14.9904 -1.3974 10.6474
      vertex -14.9616 -1.74071 10.5224
    endloop
  endfacet
  facet normal -0.991467 -0.122494 -0.0445877
    outer loop
      vertex -14.9145 -1.83792 9.74213
      vertex -14.9616 -1.74071 10.5224
      vertex -14.9616 -1.50129 9.86465
    endloop
  endfacet
  facet normal -0.972636 -0.218323 -0.0794647
    outer loop
      vertex -14.8458 -2.18605 9.61542
      vertex -14.847 -2.42074 10.2749
      vertex -14.847 -2.18133 9.61714
    endloop
  endfacet
  facet normal -0.972405 -0.219233 -0.079788
    outer loop
      vertex -14.847 -2.42074 10.2749
      vertex -14.8458 -2.18605 9.61542
      vertex -14.7615 -2.75561 10.153
    endloop
  endfacet
  facet normal 0.0022204 -0.342321 0.93958
    outer loop
      vertex -14.847 0.314452 11.2705
      vertex -14.9904 -0.708891 10.898
      vertex -14.7615 0.649315 11.3923
    endloop
  endfacet
  facet normal -0.000139968 -0.341989 0.939704
    outer loop
      vertex -14.7615 0.649315 11.3923
      vertex -14.9904 -1.3974 10.6474
      vertex -14.237 1.93313 11.8596
    endloop
  endfacet
  facet normal -0.983276 0.171137 0.0622871
    outer loop
      vertex -14.9138 0.215261 10.4894
      vertex -14.9138 -0.0241528 11.1472
      vertex -14.848 0.549098 10.6109
    endloop
  endfacet
  facet normal -0.958811 0.266914 0.0971458
    outer loop
      vertex -14.7615 0.888729 10.7345
      vertex -14.6574 0.979518 11.5125
      vertex -14.6574 1.21893 10.8547
    endloop
  endfacet
  facet normal -0.958812 0.266913 0.097146
    outer loop
      vertex -14.6574 0.979518 11.5125
      vertex -14.7615 0.888729 10.7345
      vertex -14.7615 0.649315 11.3923
    endloop
  endfacet
  facet normal -0.000326106 -0.341124 0.940018
    outer loop
      vertex -9.45537 5.38096 13.1145
      vertex -9.81172 5.30056 13.0852
      vertex -9.09503 5.44372 13.1374
    endloop
  endfacet
  facet normal -0.283983 0.900989 0.327983
    outer loop
      vertex -9.81172 5.53998 12.4275
      vertex -10.1582 5.44355 12.3924
      vertex -9.81172 5.30056 13.0852
    endloop
  endfacet
  facet normal -0.186387 0.92323 0.336015
    outer loop
      vertex -9.10011 5.68225 12.4792
      vertex -9.09503 5.44372 13.1374
      vertex -9.09503 5.68313 12.4796
    endloop
  endfacet
  facet normal -0.182294 0.923962 0.336248
    outer loop
      vertex -9.09503 5.44372 13.1374
      vertex -9.10011 5.68225 12.4792
      vertex -9.45537 5.38096 13.1145
    endloop
  endfacet
  facet normal 1.43673e-05 -0.34202 0.939693
    outer loop
      vertex -14.237 1.93313 11.8596
      vertex -14.9904 -1.3974 10.6474
      vertex -14.237 -4.03943 9.68577
    endloop
  endfacet
  facet normal 0.608815 -0.74547 -0.271326
    outer loop
      vertex 12.1145 -6.37473 8.83579
      vertex 12.4052 -5.92568 8.25431
      vertex 12.4052 -6.16509 8.91209
    endloop
  endfacet
  facet normal 0.608821 -0.745467 -0.271321
    outer loop
      vertex 12.4052 -5.92568 8.25431
      vertex 12.1145 -6.37473 8.83579
      vertex 12.1145 -6.13532 8.178
    endloop
  endfacet
  facet normal -0.522473 -0.801237 -0.291619
    outer loop
      vertex -11.8125 -6.33037 8.10701
      vertex -11.5 -6.74972 8.69931
      vertex -11.8125 -6.56978 8.7648
    endloop
  endfacet
  facet normal -0.522454 -0.801244 -0.291634
    outer loop
      vertex -11.5 -6.74972 8.69931
      vertex -11.8125 -6.33037 8.10701
      vertex -11.5 -6.5103 8.04152
    endloop
  endfacet
  facet normal -5.9037e-06 -0.342017 0.939694
    outer loop
      vertex 14.237 -4.03943 9.68577
      vertex 12.4052 -6.16509 8.91209
      vertex 13.44 -5.19271 9.26601
    endloop
  endfacet
  facet normal 0.283997 -0.901004 -0.32793
    outer loop
      vertex 10.1631 -7.30905 8.49573
      vertex 9.81667 -7.16606 7.80284
      vertex 10.1631 -7.06964 7.83794
    endloop
  endfacet
  facet normal 0.725314 -0.646916 -0.235412
    outer loop
      vertex 12.9497 -5.70438 9.07978
      vertex 12.9533 -5.46144 8.42327
      vertex 13.202 -5.45459 9.1707
    endloop
  endfacet
  facet normal 0.720972 -0.651172 -0.237011
    outer loop
      vertex 12.9533 -5.46144 8.42327
      vertex 12.9497 -5.70438 9.07978
      vertex 12.9497 -5.46496 8.42199
    endloop
  endfacet
  facet normal 0.7605 -0.610175 -0.222093
    outer loop
      vertex 13.44 -5.19271 9.26601
      vertex 13.2054 -5.21148 8.51425
      vertex 13.44 -4.95329 8.60823
    endloop
  endfacet
  facet normal 0.923922 0.359477 0.130937
    outer loop
      vertex 14.535 1.30414 11.6307
      vertex 14.5331 1.54804 10.9745
      vertex 14.3948 1.6223 11.7465
    endloop
  endfacet
  facet normal 0.928667 0.348547 0.126861
    outer loop
      vertex 14.5331 1.54804 10.9745
      vertex 14.535 1.30414 11.6307
      vertex 14.535 1.54356 10.9729
    endloop
  endfacet
  facet normal -0.0261896 -0.939373 -0.341895
    outer loop
      vertex -8.36635 -7.38256 7.72404
      vertex -8 -7.63099 8.37855
      vertex -8.36635 -7.62197 8.38183
    endloop
  endfacet
  facet normal -0.0261896 -0.939373 -0.341895
    outer loop
      vertex -8 -7.63099 8.37855
      vertex -8.36635 -7.38256 7.72404
      vertex -8 -7.39158 7.72076
    endloop
  endfacet
  facet normal -0.688409 -0.681579 -0.248078
    outer loop
      vertex -12.6839 -5.70202 8.33571
      vertex -12.9497 -5.70438 9.07978
      vertex -12.9497 -5.46496 8.42199
    endloop
  endfacet
  facet normal -0.688409 -0.681579 -0.248078
    outer loop
      vertex -12.9497 -5.70438 9.07978
      vertex -12.6839 -5.70202 8.33571
      vertex -12.6839 -5.94144 8.9935
    endloop
  endfacet
  facet normal -0.720972 -0.651172 -0.237011
    outer loop
      vertex -12.9497 -5.70438 9.07978
      vertex -12.9533 -5.46144 8.42327
      vertex -12.9497 -5.46496 8.42199
    endloop
  endfacet
  facet normal -0.725314 -0.646916 -0.235412
    outer loop
      vertex -12.9533 -5.46144 8.42327
      vertex -12.9497 -5.70438 9.07978
      vertex -13.202 -5.45459 9.1707
    endloop
  endfacet
  facet normal -0.566421 -0.774402 -0.281902
    outer loop
      vertex -11.8167 -6.32762 8.10801
      vertex -11.8125 -6.56978 8.7648
      vertex -12.1145 -6.37473 8.83579
    endloop
  endfacet
  facet normal -0.571648 -0.771019 -0.280621
    outer loop
      vertex -11.8125 -6.56978 8.7648
      vertex -11.8167 -6.32762 8.10801
      vertex -11.8125 -6.33037 8.10701
    endloop
  endfacet
  facet normal 1.53951e-05 -0.341988 0.939704
    outer loop
      vertex -9.09503 -7.55001 8.40802
      vertex -12.4052 -6.16509 8.91209
      vertex -11.5 -6.74972 8.69931
    endloop
  endfacet
  facet normal -0.972399 -0.219251 -0.0798082
    outer loop
      vertex -14.7615 -2.75561 10.153
      vertex -14.8458 -2.18605 9.61542
      vertex -14.7615 -2.51619 9.49526
    endloop
  endfacet
  facet normal -0.996907 -0.0738495 -0.0268779
    outer loop
      vertex -14.9616 -1.50129 9.86465
      vertex -14.9904 -1.3974 10.6474
      vertex -14.9904 -1.15799 9.9896
    endloop
  endfacet
  facet normal -0.996908 -0.0738431 -0.0268788
    outer loop
      vertex -14.9904 -1.3974 10.6474
      vertex -14.9616 -1.50129 9.86465
      vertex -14.9616 -1.74071 10.5224
    endloop
  endfacet
  facet normal -0.956985 -0.272637 -0.0992409
    outer loop
      vertex -14.76 -2.52084 9.49357
      vertex -14.7615 -2.75561 10.153
      vertex -14.7615 -2.51619 9.49526
    endloop
  endfacet
  facet normal -0.958804 -0.266919 -0.0972093
    outer loop
      vertex -14.7615 -2.75561 10.153
      vertex -14.76 -2.52084 9.49357
      vertex -14.6574 -3.08581 10.0329
    endloop
  endfacet
  facet normal -0.902551 0.404615 0.147268
    outer loop
      vertex -14.3948 1.86172 11.0887
      vertex -14.237 1.93313 11.8596
      vertex -14.237 2.17255 11.2018
    endloop
  endfacet
  facet normal -0.902551 0.404615 0.147268
    outer loop
      vertex -14.237 1.93313 11.8596
      vertex -14.3948 1.86172 11.0887
      vertex -14.3948 1.6223 11.7465
    endloop
  endfacet
  facet normal -0.942654 0.313645 0.114154
    outer loop
      vertex -14.6574 1.21893 10.8547
      vertex -14.6574 0.979518 11.5125
      vertex -14.5368 1.53899 10.9712
    endloop
  endfacet
  facet normal 0 -0.343582 0.939123
    outer loop
      vertex -8 5.5247 13.1668
      vertex 8.36635 5.51568 13.1635
      vertex 8 5.5247 13.1668
    endloop
  endfacet
  facet normal 0 -0.343582 0.939123
    outer loop
      vertex 8.36635 5.51568 13.1635
      vertex -8 5.5247 13.1668
      vertex -8.36635 5.51568 13.1635
    endloop
  endfacet
  facet normal -0.43053 0.848129 0.308741
    outer loop
      vertex -11.1733 5.04926 12.2489
      vertex -11.1779 4.80776 12.9059
      vertex -10.8472 4.95601 12.9598
    endloop
  endfacet
  facet normal -0.437424 0.845028 0.307553
    outer loop
      vertex -11.1779 4.80776 12.9059
      vertex -11.1733 5.04926 12.2489
      vertex -11.1779 5.04717 12.2481
    endloop
  endfacet
  facet normal -0.522261 0.801356 0.29167
    outer loop
      vertex -11.5044 4.8803 12.1874
      vertex -11.5 4.64342 12.8461
      vertex -11.5 4.88284 12.1883
    endloop
  endfacet
  facet normal -0.522461 0.801241 0.29163
    outer loop
      vertex -11.5 4.64342 12.8461
      vertex -11.5044 4.8803 12.1874
      vertex -11.8125 4.46349 12.7806
    endloop
  endfacet
  facet normal -0.0784922 0.936793 0.340965
    outer loop
      vertex -8.73169 5.72807 12.4959
      vertex -8.73169 5.48865 13.1537
      vertex -8.37149 5.75472 12.5056
    endloop
  endfacet
  facet normal -0.333853 0.885782 0.322385
    outer loop
      vertex -10.1631 5.44217 12.3919
      vertex -10.5086 5.08779 13.0078
      vertex -10.1631 5.20276 13.0497
    endloop
  endfacet
  facet normal -0.33383 0.885785 0.3224
    outer loop
      vertex -10.5086 5.08779 13.0078
      vertex -10.1631 5.44217 12.3919
      vertex -10.5086 5.32721 12.35
    endloop
  endfacet
  facet normal 0.233402 0.913722 0.332619
    outer loop
      vertex 9.81172 5.53998 12.4275
      vertex 9.46039 5.61924 12.4563
      vertex 9.81172 5.30056 13.0852
    endloop
  endfacet
  facet normal 0.608812 0.745475 0.27132
    outer loop
      vertex 12.4052 4.29821 11.9755
      vertex 12.1186 4.5049 12.0507
      vertex 12.4052 4.0588 12.6333
    endloop
  endfacet
  facet normal 0.284001 -0.901002 -0.327932
    outer loop
      vertex 9.81172 -7.40685 8.46013
      vertex 9.81667 -7.16606 7.80284
      vertex 10.1631 -7.30905 8.49573
    endloop
  endfacet
  facet normal 0.284288 -0.900923 -0.327901
    outer loop
      vertex 9.81667 -7.16606 7.80284
      vertex 9.81172 -7.40685 8.46013
      vertex 9.81172 -7.16744 7.80234
    endloop
  endfacet
  facet normal 0.0262083 0.939364 0.341919
    outer loop
      vertex 8.36635 5.51568 13.1635
      vertex 8.36119 5.75522 12.5058
      vertex 8 5.5247 13.1668
    endloop
  endfacet
  facet normal 0.0218477 0.939451 0.341985
    outer loop
      vertex 8.36119 5.75522 12.5058
      vertex 8.36635 5.51568 13.1635
      vertex 8.36635 5.7551 12.5058
    endloop
  endfacet
  facet normal -0.182236 0.923962 0.336281
    outer loop
      vertex -9.45537 5.62037 12.4567
      vertex -9.45537 5.38096 13.1145
      vertex -9.10011 5.68225 12.4792
    endloop
  endfacet
  facet normal -0.233402 0.913722 0.332619
    outer loop
      vertex -9.81172 5.53998 12.4275
      vertex -9.81172 5.30056 13.0852
      vertex -9.46039 5.61924 12.4563
    endloop
  endfacet
  facet normal 0.233498 0.913718 0.332563
    outer loop
      vertex 9.46039 5.61924 12.4563
      vertex 9.45537 5.38096 13.1145
      vertex 9.81172 5.30056 13.0852
    endloop
  endfacet
  facet normal 0.232248 0.914003 0.332656
    outer loop
      vertex 9.45537 5.38096 13.1145
      vertex 9.46039 5.61924 12.4563
      vertex 9.45537 5.62037 12.4567
    endloop
  endfacet
  facet normal 0.000386383 -0.342733 0.939433
    outer loop
      vertex 11.5 -6.74972 8.69931
      vertex 10.8472 -7.0623 8.58554
      vertex 11.1779 -6.91405 8.63949
    endloop
  endfacet
  facet normal -8.71237e-05 -0.342328 0.939581
    outer loop
      vertex -9.45537 -7.48725 8.43087
      vertex -10.1631 -7.30905 8.49573
      vertex -9.81172 -7.40685 8.46013
    endloop
  endfacet
  facet normal -0.284001 -0.901002 -0.327932
    outer loop
      vertex -9.81667 -7.16606 7.80284
      vertex -9.81172 -7.40685 8.46013
      vertex -10.1631 -7.30905 8.49573
    endloop
  endfacet
  facet normal -0.284288 -0.900923 -0.327901
    outer loop
      vertex -9.81172 -7.40685 8.46013
      vertex -9.81667 -7.16606 7.80284
      vertex -9.81172 -7.16744 7.80234
    endloop
  endfacet
  facet normal 0.0261896 -0.939373 -0.341895
    outer loop
      vertex 8 -7.63099 8.37855
      vertex 8.36635 -7.38256 7.72404
      vertex 8.36635 -7.62197 8.38183
    endloop
  endfacet
  facet normal 0.0261896 -0.939373 -0.341895
    outer loop
      vertex 8.36635 -7.38256 7.72404
      vertex 8 -7.63099 8.37855
      vertex 8 -7.39158 7.72076
    endloop
  endfacet
  facet normal 0.382652 -0.868173 -0.315994
    outer loop
      vertex 10.5086 -7.19408 8.53757
      vertex 10.8472 -6.82288 7.92775
      vertex 10.8472 -7.0623 8.58554
    endloop
  endfacet
  facet normal 0.382674 -0.868169 -0.31598
    outer loop
      vertex 10.8472 -6.82288 7.92775
      vertex 10.5086 -7.19408 8.53757
      vertex 10.5086 -6.95467 7.87978
    endloop
  endfacet
  facet normal -1.43673e-05 -0.34202 0.939693
    outer loop
      vertex 14.237 1.93313 11.8596
      vertex 14.237 -4.03943 9.68577
      vertex 14.9904 -1.3974 10.6474
    endloop
  endfacet
  facet normal -0.0784922 -0.936792 -0.34097
    outer loop
      vertex -8.37149 -7.38218 7.72418
      vertex -8.73169 -7.59495 8.39167
      vertex -8.73169 -7.35553 7.73388
    endloop
  endfacet
  facet normal -9.73814e-05 -0.341961 0.939714
    outer loop
      vertex 14.237 -4.03943 9.68577
      vertex 13.44 -5.19271 9.26601
      vertex 13.8707 -4.6357 9.46875
    endloop
  endfacet
  facet normal -1.10966e-06 -0.342019 0.939693
    outer loop
      vertex 11.5 -6.74972 8.69931
      vertex 10.1631 -7.30905 8.49573
      vertex 10.8472 -7.0623 8.58554
    endloop
  endfacet
  facet normal 0.991456 -0.122588 -0.0445753
    outer loop
      vertex 14.9138 -2.08214 10.3982
      vertex 14.9145 -1.83792 9.74213
      vertex 14.9616 -1.74071 10.5224
    endloop
  endfacet
  facet normal 0.990778 -0.127328 -0.0463404
    outer loop
      vertex 14.9145 -1.83792 9.74213
      vertex 14.9138 -2.08214 10.3982
      vertex 14.9138 -1.84273 9.74038
    endloop
  endfacet
  facet normal 0.725377 -0.646838 -0.235434
    outer loop
      vertex 13.202 -5.45459 9.1707
      vertex 12.9533 -5.46144 8.42327
      vertex 13.202 -5.21517 8.51291
    endloop
  endfacet
  facet normal 0.182229 -0.923961 -0.336286
    outer loop
      vertex 9.45537 -7.48725 8.43087
      vertex 9.10011 -7.30971 7.75056
      vertex 9.45537 -7.24784 7.77308
    endloop
  endfacet
  facet normal 6.15974e-05 -0.341454 0.939898
    outer loop
      vertex -8.36635 -7.62197 8.38183
      vertex -9.09503 -7.55001 8.40802
      vertex -8.73169 -7.59495 8.39167
    endloop
  endfacet
  facet normal -0.182229 -0.923961 -0.336286
    outer loop
      vertex -9.10011 -7.30971 7.75056
      vertex -9.45537 -7.48725 8.43087
      vertex -9.45537 -7.24784 7.77308
    endloop
  endfacet
  facet normal -0.233471 -0.913726 -0.332561
    outer loop
      vertex -9.45537 -7.48725 8.43087
      vertex -9.8067 -7.16857 7.80193
      vertex -9.45537 -7.24784 7.77308
    endloop
  endfacet
  facet normal -1.65019e-05 -0.342033 0.939688
    outer loop
      vertex -11.5 -6.74972 8.69931
      vertex -12.1145 -6.37473 8.83579
      vertex -11.8125 -6.56978 8.7648
    endloop
  endfacet
  facet normal -0.725377 -0.646838 -0.235434
    outer loop
      vertex -12.9533 -5.46144 8.42327
      vertex -13.202 -5.45459 9.1707
      vertex -13.202 -5.21517 8.51291
    endloop
  endfacet
  facet normal -0.649407 -0.71458 -0.26009
    outer loop
      vertex -12.6839 -5.70202 8.33571
      vertex -12.4052 -6.16509 8.91209
      vertex -12.6839 -5.94144 8.9935
    endloop
  endfacet
  facet normal -0.651965 -0.713121 -0.257681
    outer loop
      vertex -12.4052 -6.16509 8.91209
      vertex -12.6839 -5.70202 8.33571
      vertex -12.68 -5.70517 8.33456
    endloop
  endfacet
  facet normal -0.477106 -0.825846 -0.30058
    outer loop
      vertex -11.1779 -6.91405 8.63949
      vertex -11.4955 -6.51262 8.04068
      vertex -11.1779 -6.67464 7.98171
    endloop
  endfacet
  facet normal -3.31029e-06 -0.342013 0.939695
    outer loop
      vertex -11.5 -6.74972 8.69931
      vertex -12.4052 -6.16509 8.91209
      vertex -12.1145 -6.37473 8.83579
    endloop
  endfacet
  facet normal -0.608815 -0.74547 -0.271326
    outer loop
      vertex -12.4052 -5.92568 8.25431
      vertex -12.1145 -6.37473 8.83579
      vertex -12.4052 -6.16509 8.91209
    endloop
  endfacet
  facet normal -0.608821 -0.745467 -0.271321
    outer loop
      vertex -12.1145 -6.37473 8.83579
      vertex -12.4052 -5.92568 8.25431
      vertex -12.1145 -6.13532 8.178
    endloop
  endfacet
  facet normal -0.566347 -0.774466 -0.281875
    outer loop
      vertex -11.8167 -6.32762 8.10801
      vertex -12.1145 -6.37473 8.83579
      vertex -12.1145 -6.13532 8.178
    endloop
  endfacet
  facet normal -0.480779 -0.82396 -0.299902
    outer loop
      vertex -11.4955 -6.51262 8.04068
      vertex -11.5 -6.74972 8.69931
      vertex -11.5 -6.5103 8.04152
    endloop
  endfacet
  facet normal -0.477145 -0.825834 -0.300552
    outer loop
      vertex -11.5 -6.74972 8.69931
      vertex -11.4955 -6.51262 8.04068
      vertex -11.1779 -6.91405 8.63949
    endloop
  endfacet
  facet normal -0.878828 -0.448365 -0.163188
    outer loop
      vertex -14.0622 -4.34207 9.57562
      vertex -14.2346 -3.80427 9.02643
      vertex -14.0622 -4.10266 8.91783
    endloop
  endfacet
  facet normal -0.902556 -0.404606 -0.147261
    outer loop
      vertex -14.237 -3.80001 9.02799
      vertex -14.3948 -3.72859 9.79891
      vertex -14.3948 -3.48918 9.14112
    endloop
  endfacet
  facet normal -0.902563 -0.404591 -0.147264
    outer loop
      vertex -14.3948 -3.72859 9.79891
      vertex -14.237 -3.80001 9.02799
      vertex -14.237 -4.03943 9.68577
    endloop
  endfacet
  facet normal -0.94265 -0.313657 -0.114152
    outer loop
      vertex -14.5368 -3.16645 9.25858
      vertex -14.6574 -3.08581 10.0329
      vertex -14.6574 -2.8464 9.37507
    endloop
  endfacet
  facet normal -0.937799 -0.326241 -0.118744
    outer loop
      vertex -14.535 -3.41044 9.91471
      vertex -14.5368 -3.16645 9.25858
      vertex -14.535 -3.17102 9.25692
    endloop
  endfacet
  facet normal -0.942589 -0.313849 -0.114123
    outer loop
      vertex -14.5368 -3.16645 9.25858
      vertex -14.535 -3.41044 9.91471
      vertex -14.6574 -3.08581 10.0329
    endloop
  endfacet
  facet normal 0.000863952 -0.34182 0.939765
    outer loop
      vertex -14.535 -3.41044 9.91471
      vertex -14.9138 -2.08214 10.3982
      vertex -14.6574 -3.08581 10.0329
    endloop
  endfacet
  facet normal -0.958838 -0.26683 -0.09711
    outer loop
      vertex -14.6574 -3.08581 10.0329
      vertex -14.76 -2.52084 9.49357
      vertex -14.6574 -2.8464 9.37507
    endloop
  endfacet
  facet normal -0.00147335 -0.34115 0.940008
    outer loop
      vertex -13.6631 2.81321 12.1799
      vertex -14.237 1.93313 11.8596
      vertex -13.44 3.08641 12.2794
    endloop
  endfacet
  facet normal 0.00122043 -0.342479 0.939525
    outer loop
      vertex -14.3948 1.6223 11.7465
      vertex -14.7615 0.649315 11.3923
      vertex -14.237 1.93313 11.8596
    endloop
  endfacet
  facet normal -0.283915 0.90102 0.327956
    outer loop
      vertex -10.1582 5.44355 12.3924
      vertex -10.1631 5.20276 13.0497
      vertex -9.81172 5.30056 13.0852
    endloop
  endfacet
  facet normal -0.286951 0.900178 0.327625
    outer loop
      vertex -10.1631 5.20276 13.0497
      vertex -10.1582 5.44355 12.3924
      vertex -10.1631 5.44217 12.3919
    endloop
  endfacet
  facet normal -0.382522 0.868214 0.316039
    outer loop
      vertex -10.8472 5.19542 12.3021
      vertex -10.8472 4.95601 12.9598
      vertex -10.5133 5.32535 12.3493
    endloop
  endfacet
  facet normal -0.522483 0.801233 0.291613
    outer loop
      vertex -11.8125 4.7029 12.1228
      vertex -11.8125 4.46349 12.7806
      vertex -11.5044 4.8803 12.1874
    endloop
  endfacet
  facet normal 0.688409 -0.681579 -0.248078
    outer loop
      vertex 12.9497 -5.70438 9.07978
      vertex 12.6839 -5.70202 8.33571
      vertex 12.9497 -5.46496 8.42199
    endloop
  endfacet
  facet normal 0.688409 -0.681579 -0.248078
    outer loop
      vertex 12.6839 -5.70202 8.33571
      vertex 12.9497 -5.70438 9.07978
      vertex 12.6839 -5.94144 8.9935
    endloop
  endfacet
  facet normal -0.760428 0.610257 0.222116
    outer loop
      vertex -13.44 3.32583 11.6216
      vertex -13.202 3.34829 12.3747
      vertex -13.202 3.58771 11.7169
    endloop
  endfacet
  facet normal -0.760428 0.610257 0.222116
    outer loop
      vertex -13.202 3.34829 12.3747
      vertex -13.44 3.32583 11.6216
      vertex -13.44 3.08641 12.2794
    endloop
  endfacet
  facet normal -0.000614018 -0.341407 0.939915
    outer loop
      vertex -12.9497 3.59809 12.4656
      vertex -13.202 3.34829 12.3747
      vertex -12.4052 4.0588 12.6333
    endloop
  endfacet
  facet normal 0.430509 0.848142 0.308733
    outer loop
      vertex 10.8472 5.19542 12.3021
      vertex 10.8472 4.95601 12.9598
      vertex 11.1733 5.04926 12.2489
    endloop
  endfacet
  facet normal 0.000458698 -0.340788 0.94014
    outer loop
      vertex 10.8472 4.95601 12.9598
      vertex 9.81172 5.30056 13.0852
      vertex 11.1779 4.80776 12.9059
    endloop
  endfacet
  facet normal 0.0784559 0.936789 0.340984
    outer loop
      vertex 8.37149 5.75472 12.5056
      vertex 8.36635 5.51568 13.1635
      vertex 8.73169 5.48865 13.1537
    endloop
  endfacet
  facet normal 0.082498 0.936473 0.340901
    outer loop
      vertex 8.36635 5.51568 13.1635
      vertex 8.37149 5.75472 12.5056
      vertex 8.36635 5.7551 12.5058
    endloop
  endfacet
  facet normal 0.382676 0.868184 0.315937
    outer loop
      vertex 10.5133 5.32535 12.3493
      vertex 10.5086 5.08779 13.0078
      vertex 10.8472 4.95601 12.9598
    endloop
  endfacet
  facet normal 0.389437 0.865507 0.315019
    outer loop
      vertex 10.5086 5.08779 13.0078
      vertex 10.5133 5.32535 12.3493
      vertex 10.5086 5.32721 12.35
    endloop
  endfacet
  facet normal 0.477106 -0.825846 -0.30058
    outer loop
      vertex 11.4955 -6.51262 8.04068
      vertex 11.1779 -6.91405 8.63949
      vertex 11.1779 -6.67464 7.98171
    endloop
  endfacet
  facet normal 3.31029e-06 -0.342013 0.939695
    outer loop
      vertex 12.4052 -6.16509 8.91209
      vertex 11.5 -6.74972 8.69931
      vertex 12.1145 -6.37473 8.83579
    endloop
  endfacet
  facet normal -2.9403e-05 -0.342043 0.939684
    outer loop
      vertex 11.5 4.64342 12.8461
      vertex 11.0565 2.90004 12.2115
      vertex 11.1437 2.83712 12.1886
    endloop
  endfacet
  facet normal 0.000213051 -0.342097 0.939665
    outer loop
      vertex 11.5 4.64342 12.8461
      vertex 10.8321 3.04493 12.2643
      vertex 11.0565 2.90004 12.2115
    endloop
  endfacet
  facet normal -0.000168618 -0.341956 0.939716
    outer loop
      vertex 11.5 4.64342 12.8461
      vertex 10.6 3.1786 12.3129
      vertex 10.8321 3.04493 12.2643
    endloop
  endfacet
  facet normal -0.000101507 -0.341993 0.939703
    outer loop
      vertex 11.5 4.64342 12.8461
      vertex 10.3608 3.30067 12.3573
      vertex 10.6 3.1786 12.3129
    endloop
  endfacet
  facet normal 2.62628e-05 -0.342089 0.939668
    outer loop
      vertex 11.5 4.64342 12.8461
      vertex 10.115 3.4108 12.3974
      vertex 10.3608 3.30067 12.3573
    endloop
  endfacet
  facet normal 0.00016196 -0.342223 0.939619
    outer loop
      vertex 11.5 4.64342 12.8461
      vertex 9.86351 3.5087 12.4331
      vertex 10.115 3.4108 12.3974
    endloop
  endfacet
  facet normal -0.000204728 -0.341756 0.939789
    outer loop
      vertex 11.5 4.64342 12.8461
      vertex 9.60689 3.5941 12.4641
      vertex 9.86351 3.5087 12.4331
    endloop
  endfacet
  facet normal 0.000124872 -0.342281 0.939598
    outer loop
      vertex 11.5 4.64342 12.8461
      vertex 9.34586 3.66675 12.4906
      vertex 9.60689 3.5941 12.4641
    endloop
  endfacet
  facet normal -9.77493e-05 -0.341848 0.939755
    outer loop
      vertex 11.5 4.64342 12.8461
      vertex 9.08114 3.72648 12.5123
      vertex 9.34586 3.66675 12.4906
    endloop
  endfacet
  facet normal 7.75474e-05 -0.342256 0.939607
    outer loop
      vertex 11.5 4.64342 12.8461
      vertex 8.81346 3.77309 12.5293
      vertex 9.08114 3.72648 12.5123
    endloop
  endfacet
  facet normal 0.000106813 -0.342336 0.939578
    outer loop
      vertex 11.5 4.64342 12.8461
      vertex 8.54355 3.80649 12.5415
      vertex 8.81346 3.77309 12.5293
    endloop
  endfacet
  facet normal -1.22451e-05 -0.341964 0.939713
    outer loop
      vertex 11.5 4.64342 12.8461
      vertex 8.27215 3.82656 12.5488
      vertex 8.54355 3.80649 12.5415
    endloop
  endfacet
  facet normal -0.000121157 -0.341584 0.939851
    outer loop
      vertex 11.5 4.64342 12.8461
      vertex 8 3.83326 12.5512
      vertex 8.27215 3.82656 12.5488
    endloop
  endfacet
  facet normal 0.000149936 -0.342619 0.939475
    outer loop
      vertex 11.5 4.64342 12.8461
      vertex 7.72785 3.82656 12.5488
      vertex 8 3.83326 12.5512
    endloop
  endfacet
  facet normal 2.40276e-05 -0.342105 0.939662
    outer loop
      vertex 11.5 4.64342 12.8461
      vertex 7.45645 3.80649 12.5415
      vertex 7.72785 3.82656 12.5488
    endloop
  endfacet
  facet normal -0.000382011 -0.340372 0.940291
    outer loop
      vertex 11.5 4.64342 12.8461
      vertex 7.18654 3.77309 12.5293
      vertex 7.45645 3.80649 12.5415
    endloop
  endfacet
  facet normal 0 -0.342045 0.939684
    outer loop
      vertex -7.18654 3.77309 12.5293
      vertex 7.18654 3.77309 12.5293
      vertex 11.5 4.64342 12.8461
    endloop
  endfacet
  facet normal 0 -0.342082 0.93967
    outer loop
      vertex 2.80713 -0.797412 10.8658
      vertex -2.8 -1.05315 10.7727
      vertex 2.8 -1.05315 10.7727
    endloop
  endfacet
  facet normal 0 -0.341941 0.939722
    outer loop
      vertex -2.80713 -0.797412 10.8658
      vertex 2.80713 -0.797412 10.8658
      vertex 2.82849 -0.542379 10.9586
    endloop
  endfacet
  facet normal 0 -0.34197 0.939711
    outer loop
      vertex -2.82849 -0.542379 10.9586
      vertex 2.82849 -0.542379 10.9586
      vertex 2.86402 -0.288745 11.0509
    endloop
  endfacet
  facet normal 0 -0.342177 0.939636
    outer loop
      vertex -2.86402 -0.288745 11.0509
      vertex 2.86402 -0.288745 11.0509
      vertex 2.91363 -0.0372065 11.1425
    endloop
  endfacet
  facet normal 0 -0.34189 0.93974
    outer loop
      vertex -2.91363 -0.0372065 11.1425
      vertex 2.91363 -0.0372065 11.1425
      vertex 2.97719 0.211547 11.233
    endloop
  endfacet
  facet normal 0 -0.342097 0.939665
    outer loop
      vertex -2.97719 0.211547 11.233
      vertex 2.97719 0.211547 11.233
      vertex 3.05451 0.456834 11.3223
    endloop
  endfacet
  facet normal 0 -0.341776 0.939782
    outer loop
      vertex -3.05451 0.456834 11.3223
      vertex 3.05451 0.456834 11.3223
      vertex 3.14538 0.697983 11.41
    endloop
  endfacet
  facet normal 0 -0.342287 0.939595
    outer loop
      vertex -3.14538 0.697983 11.41
      vertex 3.14538 0.697983 11.41
      vertex 3.24956 0.934332 11.4961
    endloop
  endfacet
  facet normal 0 -0.341876 0.939745
    outer loop
      vertex -3.24956 0.934332 11.4961
      vertex 3.24956 0.934332 11.4961
      vertex 3.36677 1.16523 11.5801
    endloop
  endfacet
  facet normal 0 -0.341918 0.93973
    outer loop
      vertex -3.36677 1.16523 11.5801
      vertex 3.36677 1.16523 11.5801
      vertex 3.49667 1.39005 11.6619
    endloop
  endfacet
  facet normal 0 -0.342047 0.939683
    outer loop
      vertex -3.49667 1.39005 11.6619
      vertex 3.49667 1.39005 11.6619
      vertex 3.63891 1.60818 11.7413
    endloop
  endfacet
  facet normal 0 -0.342273 0.939601
    outer loop
      vertex -3.63891 1.60818 11.7413
      vertex 3.63891 1.60818 11.7413
      vertex 3.79311 1.81901 11.8181
    endloop
  endfacet
  facet normal 0 -0.341728 0.939799
    outer loop
      vertex -3.79311 1.81901 11.8181
      vertex 3.79311 1.81901 11.8181
      vertex 3.95884 2.02197 11.8919
    endloop
  endfacet
  facet normal 0 -0.342022 0.939692
    outer loop
      vertex -3.95884 2.02197 11.8919
      vertex 3.95884 2.02197 11.8919
      vertex 4.13565 2.21649 11.9627
    endloop
  endfacet
  facet normal 0 -0.34228 0.939598
    outer loop
      vertex -4.13565 2.21649 11.9627
      vertex 4.13565 2.21649 11.9627
      vertex 4.32304 2.40206 12.0303
    endloop
  endfacet
  facet normal 0 -0.342043 0.939684
    outer loop
      vertex -4.32304 2.40206 12.0303
      vertex 4.32304 2.40206 12.0303
      vertex 4.52052 2.57816 12.0944
    endloop
  endfacet
  facet normal 0 -0.34167 0.93982
    outer loop
      vertex -4.52052 2.57816 12.0944
      vertex 4.52052 2.57816 12.0944
      vertex 4.72753 2.7443 12.1548
    endloop
  endfacet
  facet normal 0 -0.342102 0.939663
    outer loop
      vertex -4.72753 2.7443 12.1548
      vertex 4.72753 2.7443 12.1548
      vertex 4.94352 2.90004 12.2115
    endloop
  endfacet
  facet normal 0 -0.342389 0.939558
    outer loop
      vertex -4.94352 2.90004 12.2115
      vertex 4.94352 2.90004 12.2115
      vertex 5.16788 3.04493 12.2643
    endloop
  endfacet
  facet normal 0 -0.341698 0.93981
    outer loop
      vertex -5.16788 3.04493 12.2643
      vertex 5.16788 3.04493 12.2643
      vertex 5.4 3.1786 12.3129
    endloop
  endfacet
  facet normal 0 -0.342082 0.93967
    outer loop
      vertex 2.80713 -0.797412 10.8658
      vertex -2.80713 -0.797412 10.8658
      vertex -2.8 -1.05315 10.7727
    endloop
  endfacet
  facet normal 0 -0.341817 0.939766
    outer loop
      vertex -5.4 3.1786 12.3129
      vertex 5.4 3.1786 12.3129
      vertex 5.63925 3.30067 12.3573
    endloop
  endfacet
  facet normal 0 -0.341941 0.939722
    outer loop
      vertex 2.82849 -0.542379 10.9586
      vertex -2.82849 -0.542379 10.9586
      vertex -2.80713 -0.797412 10.8658
    endloop
  endfacet
  facet normal 0 -0.34197 0.939711
    outer loop
      vertex 2.86402 -0.288745 11.0509
      vertex -2.86402 -0.288745 11.0509
      vertex -2.82849 -0.542379 10.9586
    endloop
  endfacet
  facet normal 0 -0.34214 0.939649
    outer loop
      vertex -5.63925 3.30067 12.3573
      vertex 5.63925 3.30067 12.3573
      vertex 5.88497 3.4108 12.3974
    endloop
  endfacet
  facet normal 0 -0.342177 0.939636
    outer loop
      vertex 2.91363 -0.0372065 11.1425
      vertex -2.91363 -0.0372065 11.1425
      vertex -2.86402 -0.288745 11.0509
    endloop
  endfacet
  facet normal 0 -0.34189 0.93974
    outer loop
      vertex 2.97719 0.211547 11.233
      vertex -2.97719 0.211547 11.233
      vertex -2.91363 -0.0372065 11.1425
    endloop
  endfacet
  facet normal 0 -0.34259 0.939485
    outer loop
      vertex -5.88497 3.4108 12.3974
      vertex 5.88497 3.4108 12.3974
      vertex 6.13649 3.5087 12.4331
    endloop
  endfacet
  facet normal 0 -0.342097 0.939665
    outer loop
      vertex 3.05451 0.456834 11.3223
      vertex -3.05451 0.456834 11.3223
      vertex -2.97719 0.211547 11.233
    endloop
  endfacet
  facet normal 0 -0.341213 0.939986
    outer loop
      vertex -6.13649 3.5087 12.4331
      vertex 6.13649 3.5087 12.4331
      vertex 6.39311 3.5941 12.4641
    endloop
  endfacet
  facet normal 0 -0.341776 0.939782
    outer loop
      vertex 3.14538 0.697983 11.41
      vertex -3.14538 0.697983 11.41
      vertex -3.05451 0.456834 11.3223
    endloop
  endfacet
  facet normal 0 -0.342287 0.939595
    outer loop
      vertex 3.24956 0.934332 11.4961
      vertex -3.24956 0.934332 11.4961
      vertex -3.14538 0.697983 11.41
    endloop
  endfacet
  facet normal 0 -0.342677 0.939453
    outer loop
      vertex -6.39311 3.5941 12.4641
      vertex 6.39311 3.5941 12.4641
      vertex 6.65414 3.66675 12.4906
    endloop
  endfacet
  facet normal 0 -0.341876 0.939745
    outer loop
      vertex 3.36677 1.16523 11.5801
      vertex -3.36677 1.16523 11.5801
      vertex -3.24956 0.934332 11.4961
    endloop
  endfacet
  facet normal 0 -0.341918 0.93973
    outer loop
      vertex 3.49667 1.39005 11.6619
      vertex -3.49667 1.39005 11.6619
      vertex -3.36677 1.16523 11.5801
    endloop
  endfacet
  facet normal 0 -0.341465 0.939894
    outer loop
      vertex -6.65414 3.66675 12.4906
      vertex 6.65414 3.66675 12.4906
      vertex 6.91886 3.72648 12.5123
    endloop
  endfacet
  facet normal 0 -0.342047 0.939683
    outer loop
      vertex 3.63891 1.60818 11.7413
      vertex -3.63891 1.60818 11.7413
      vertex -3.49667 1.39005 11.6619
    endloop
  endfacet
  facet normal 0 -0.342273 0.939601
    outer loop
      vertex 3.79311 1.81901 11.8181
      vertex -3.79311 1.81901 11.8181
      vertex -3.63891 1.60818 11.7413
    endloop
  endfacet
  facet normal 0 -0.342649 0.939463
    outer loop
      vertex 7.18654 3.77309 12.5293
      vertex -7.18654 3.77309 12.5293
      vertex 6.91886 3.72648 12.5123
    endloop
  endfacet
  facet normal 0 -0.341728 0.939799
    outer loop
      vertex 3.95884 2.02197 11.8919
      vertex -3.95884 2.02197 11.8919
      vertex -3.79311 1.81901 11.8181
    endloop
  endfacet
  facet normal 0 -0.342022 0.939692
    outer loop
      vertex 4.13565 2.21649 11.9627
      vertex -4.13565 2.21649 11.9627
      vertex -3.95884 2.02197 11.8919
    endloop
  endfacet
  facet normal 0 -0.34228 0.939598
    outer loop
      vertex 4.32304 2.40206 12.0303
      vertex -4.32304 2.40206 12.0303
      vertex -4.13565 2.21649 11.9627
    endloop
  endfacet
  facet normal 0 -0.342043 0.939684
    outer loop
      vertex 4.52052 2.57816 12.0944
      vertex -4.52052 2.57816 12.0944
      vertex -4.32304 2.40206 12.0303
    endloop
  endfacet
  facet normal 0 -0.34167 0.93982
    outer loop
      vertex 4.72753 2.7443 12.1548
      vertex -4.72753 2.7443 12.1548
      vertex -4.52052 2.57816 12.0944
    endloop
  endfacet
  facet normal 0 -0.342102 0.939663
    outer loop
      vertex 4.94352 2.90004 12.2115
      vertex -4.94352 2.90004 12.2115
      vertex -4.72753 2.7443 12.1548
    endloop
  endfacet
  facet normal 0 -0.342389 0.939558
    outer loop
      vertex 5.16788 3.04493 12.2643
      vertex -5.16788 3.04493 12.2643
      vertex -4.94352 2.90004 12.2115
    endloop
  endfacet
  facet normal 0 -0.341698 0.93981
    outer loop
      vertex 5.4 3.1786 12.3129
      vertex -5.4 3.1786 12.3129
      vertex -5.16788 3.04493 12.2643
    endloop
  endfacet
  facet normal 0 -0.341817 0.939766
    outer loop
      vertex 5.63925 3.30067 12.3573
      vertex -5.63925 3.30067 12.3573
      vertex -5.4 3.1786 12.3129
    endloop
  endfacet
  facet normal 0 -0.34214 0.939649
    outer loop
      vertex 5.88497 3.4108 12.3974
      vertex -5.88497 3.4108 12.3974
      vertex -5.63925 3.30067 12.3573
    endloop
  endfacet
  facet normal 0 -0.34259 0.939485
    outer loop
      vertex 6.13649 3.5087 12.4331
      vertex -6.13649 3.5087 12.4331
      vertex -5.88497 3.4108 12.3974
    endloop
  endfacet
  facet normal 0 -0.341213 0.939986
    outer loop
      vertex 6.39311 3.5941 12.4641
      vertex -6.39311 3.5941 12.4641
      vertex -6.13649 3.5087 12.4331
    endloop
  endfacet
  facet normal 0 -0.342677 0.939453
    outer loop
      vertex 6.65414 3.66675 12.4906
      vertex -6.65414 3.66675 12.4906
      vertex -6.39311 3.5941 12.4641
    endloop
  endfacet
  facet normal 0 -0.341465 0.939894
    outer loop
      vertex 6.91886 3.72648 12.5123
      vertex -6.91886 3.72648 12.5123
      vertex -6.65414 3.66675 12.4906
    endloop
  endfacet
  facet normal 0 -0.342649 0.939463
    outer loop
      vertex 6.91886 3.72648 12.5123
      vertex -7.18654 3.77309 12.5293
      vertex -6.91886 3.72648 12.5123
    endloop
  endfacet
  facet normal 0 -0.342045 0.939684
    outer loop
      vertex -11.5 4.64342 12.8461
      vertex -7.18654 3.77309 12.5293
      vertex 11.5 4.64342 12.8461
    endloop
  endfacet
  facet normal 0.000382011 -0.340372 0.940291
    outer loop
      vertex -7.18654 3.77309 12.5293
      vertex -11.5 4.64342 12.8461
      vertex -7.45645 3.80649 12.5415
    endloop
  endfacet
  facet normal -2.40276e-05 -0.342105 0.939662
    outer loop
      vertex -7.45645 3.80649 12.5415
      vertex -11.5 4.64342 12.8461
      vertex -7.72785 3.82656 12.5488
    endloop
  endfacet
  facet normal -0.000149936 -0.342619 0.939475
    outer loop
      vertex -7.72785 3.82656 12.5488
      vertex -11.5 4.64342 12.8461
      vertex -8 3.83326 12.5512
    endloop
  endfacet
  facet normal 2.9403e-05 -0.342043 0.939684
    outer loop
      vertex -11.0565 2.90004 12.2115
      vertex -11.5 4.64342 12.8461
      vertex -11.1437 2.83712 12.1886
    endloop
  endfacet
  facet normal -0.000213051 -0.342097 0.939665
    outer loop
      vertex -10.8321 3.04493 12.2643
      vertex -11.5 4.64342 12.8461
      vertex -11.0565 2.90004 12.2115
    endloop
  endfacet
  facet normal 0.000168618 -0.341956 0.939716
    outer loop
      vertex -10.6 3.1786 12.3129
      vertex -11.5 4.64342 12.8461
      vertex -10.8321 3.04493 12.2643
    endloop
  endfacet
  facet normal 0.000101507 -0.341993 0.939703
    outer loop
      vertex -10.3608 3.30067 12.3573
      vertex -11.5 4.64342 12.8461
      vertex -10.6 3.1786 12.3129
    endloop
  endfacet
  facet normal -2.62628e-05 -0.342089 0.939668
    outer loop
      vertex -10.115 3.4108 12.3974
      vertex -11.5 4.64342 12.8461
      vertex -10.3608 3.30067 12.3573
    endloop
  endfacet
  facet normal -0.00016196 -0.342223 0.939619
    outer loop
      vertex -9.86351 3.5087 12.4331
      vertex -11.5 4.64342 12.8461
      vertex -10.115 3.4108 12.3974
    endloop
  endfacet
  facet normal 0.000204728 -0.341756 0.939789
    outer loop
      vertex -9.60689 3.5941 12.4641
      vertex -11.5 4.64342 12.8461
      vertex -9.86351 3.5087 12.4331
    endloop
  endfacet
  facet normal -0.000124872 -0.342281 0.939598
    outer loop
      vertex -9.34586 3.66675 12.4906
      vertex -11.5 4.64342 12.8461
      vertex -9.60689 3.5941 12.4641
    endloop
  endfacet
  facet normal 9.77493e-05 -0.341848 0.939755
    outer loop
      vertex -9.08114 3.72648 12.5123
      vertex -11.5 4.64342 12.8461
      vertex -9.34586 3.66675 12.4906
    endloop
  endfacet
  facet normal -7.75474e-05 -0.342256 0.939607
    outer loop
      vertex -8.81346 3.77309 12.5293
      vertex -11.5 4.64342 12.8461
      vertex -9.08114 3.72648 12.5123
    endloop
  endfacet
  facet normal -0.000106813 -0.342336 0.939578
    outer loop
      vertex -8.54355 3.80649 12.5415
      vertex -11.5 4.64342 12.8461
      vertex -8.81346 3.77309 12.5293
    endloop
  endfacet
  facet normal 1.22451e-05 -0.341964 0.939713
    outer loop
      vertex -8.27215 3.82656 12.5488
      vertex -11.5 4.64342 12.8461
      vertex -8.54355 3.80649 12.5415
    endloop
  endfacet
  facet normal 0.000121157 -0.341584 0.939851
    outer loop
      vertex -8 3.83326 12.5512
      vertex -11.5 4.64342 12.8461
      vertex -8.27215 3.82656 12.5488
    endloop
  endfacet
  facet normal 2.48844e-05 -0.342028 0.93969
    outer loop
      vertex 9.34586 -5.77305 9.05479
      vertex 9.09503 -7.55001 8.40802
      vertex 9.4513 -5.7437 9.06547
    endloop
  endfacet
  facet normal -1.23926e-05 -0.342023 0.939692
    outer loop
      vertex 9.08114 -5.83277 9.03305
      vertex 9.09503 -7.55001 8.40802
      vertex 9.34586 -5.77305 9.05479
    endloop
  endfacet
  facet normal -5.43868e-06 -0.342023 0.939692
    outer loop
      vertex 8.81346 -5.87939 9.01608
      vertex 9.09503 -7.55001 8.40802
      vertex 9.08114 -5.83277 9.03305
    endloop
  endfacet
  facet normal 1.03915e-05 -0.342021 0.939692
    outer loop
      vertex 8.54355 -5.91278 9.00393
      vertex 9.09503 -7.55001 8.40802
      vertex 8.81346 -5.87939 9.01608
    endloop
  endfacet
  facet normal -1.69973e-05 -0.342029 0.939689
    outer loop
      vertex 8.27215 -5.93285 8.99662
      vertex 9.09503 -7.55001 8.40802
      vertex 8.54355 -5.91278 9.00393
    endloop
  endfacet
  facet normal -4.74545e-06 -0.342023 0.939691
    outer loop
      vertex 8 -5.93955 8.99418
      vertex 9.09503 -7.55001 8.40802
      vertex 8.27215 -5.93285 8.99662
    endloop
  endfacet
  facet normal 4.90703e-06 -0.342017 0.939694
    outer loop
      vertex 7.72785 -5.93285 8.99662
      vertex 9.09503 -7.55001 8.40802
      vertex 8 -5.93955 8.99418
    endloop
  endfacet
  facet normal 1.88132e-05 -0.342007 0.939697
    outer loop
      vertex 7.45645 -5.91278 9.00393
      vertex 9.09503 -7.55001 8.40802
      vertex 7.72785 -5.93285 8.99662
    endloop
  endfacet
  facet normal -1.2354e-05 -0.342035 0.939687
    outer loop
      vertex 7.18654 -5.87939 9.01608
      vertex 9.09503 -7.55001 8.40802
      vertex 7.45645 -5.91278 9.00393
    endloop
  endfacet
  facet normal 6.98886e-06 -0.342015 0.939694
    outer loop
      vertex 6.91886 -5.83277 9.03305
      vertex 9.09503 -7.55001 8.40802
      vertex 7.18654 -5.87939 9.01608
    endloop
  endfacet
  facet normal 1.73856e-05 -0.342003 0.939699
    outer loop
      vertex 6.65414 -5.77305 9.05479
      vertex 9.09503 -7.55001 8.40802
      vertex 6.91886 -5.83277 9.03305
    endloop
  endfacet
  facet normal -3.76736e-05 -0.34207 0.939674
    outer loop
      vertex 6.39311 -5.70039 9.08123
      vertex 9.09503 -7.55001 8.40802
      vertex 6.65414 -5.77305 9.05479
    endloop
  endfacet
  facet normal 3.03443e-06 -0.342018 0.939693
    outer loop
      vertex 6.13649 -5.615 9.11231
      vertex 9.09503 -7.55001 8.40802
      vertex 6.39311 -5.70039 9.08123
    endloop
  endfacet
  facet normal -2.66316e-05 -0.342058 0.939679
    outer loop
      vertex 5.88497 -5.5171 9.14794
      vertex 9.09503 -7.55001 8.40802
      vertex 6.13649 -5.615 9.11231
    endloop
  endfacet
  facet normal 2.944e-05 -0.34198 0.939707
    outer loop
      vertex 5.63925 -5.40696 9.18803
      vertex 9.09503 -7.55001 8.40802
      vertex 5.88497 -5.5171 9.14794
    endloop
  endfacet
  facet normal 0 -0.342021 0.939692
    outer loop
      vertex -5.63925 -5.40696 9.18803
      vertex 5.63925 -5.40696 9.18803
      vertex 5.4 -5.28489 9.23246
    endloop
  endfacet
  facet normal 0 -0.342031 0.939689
    outer loop
      vertex -5.4 -5.28489 9.23246
      vertex 5.4 -5.28489 9.23246
      vertex 5.16788 -5.15123 9.28111
    endloop
  endfacet
  facet normal 0 -0.342091 0.939667
    outer loop
      vertex -2.8 -1.05315 10.7727
      vertex 2.80713 -1.30888 10.6796
      vertex 2.8 -1.05315 10.7727
    endloop
  endfacet
  facet normal 0 -0.342091 0.939667
    outer loop
      vertex -2.80713 -1.30888 10.6796
      vertex 2.80713 -1.30888 10.6796
      vertex -2.8 -1.05315 10.7727
    endloop
  endfacet
  facet normal 0 -0.341944 0.93972
    outer loop
      vertex 2.80713 -1.30888 10.6796
      vertex -2.80713 -1.30888 10.6796
      vertex 2.82849 -1.56391 10.5868
    endloop
  endfacet
  facet normal 0 -0.341944 0.93972
    outer loop
      vertex -2.82849 -1.56391 10.5868
      vertex 2.82849 -1.56391 10.5868
      vertex -2.80713 -1.30888 10.6796
    endloop
  endfacet
  facet normal 0 -0.341963 0.939713
    outer loop
      vertex 2.82849 -1.56391 10.5868
      vertex -2.82849 -1.56391 10.5868
      vertex 2.86402 -1.81755 10.4945
    endloop
  endfacet
  facet normal 0 -0.341963 0.939713
    outer loop
      vertex -2.86402 -1.81755 10.4945
      vertex 2.86402 -1.81755 10.4945
      vertex -2.82849 -1.56391 10.5868
    endloop
  endfacet
  facet normal 0 -0.342175 0.939636
    outer loop
      vertex 2.86402 -1.81755 10.4945
      vertex -2.86402 -1.81755 10.4945
      vertex 2.91363 -2.06909 10.4029
    endloop
  endfacet
  facet normal 0 -0.342175 0.939636
    outer loop
      vertex -2.91363 -2.06909 10.4029
      vertex 2.91363 -2.06909 10.4029
      vertex -2.86402 -1.81755 10.4945
    endloop
  endfacet
  facet normal 0 -0.341895 0.939738
    outer loop
      vertex 2.91363 -2.06909 10.4029
      vertex -2.91363 -2.06909 10.4029
      vertex 2.97719 -2.31784 10.3124
    endloop
  endfacet
  facet normal 0 -0.341895 0.939738
    outer loop
      vertex -2.97719 -2.31784 10.3124
      vertex 2.97719 -2.31784 10.3124
      vertex -2.91363 -2.06909 10.4029
    endloop
  endfacet
  facet normal 0 -0.342094 0.939666
    outer loop
      vertex 2.97719 -2.31784 10.3124
      vertex -2.97719 -2.31784 10.3124
      vertex 3.05451 -2.56313 10.2231
    endloop
  endfacet
  facet normal 0 -0.342094 0.939666
    outer loop
      vertex -3.05451 -2.56313 10.2231
      vertex 3.05451 -2.56313 10.2231
      vertex -2.97719 -2.31784 10.3124
    endloop
  endfacet
  facet normal 0 -0.342118 0.939657
    outer loop
      vertex 3.05451 -2.56313 10.2231
      vertex -3.05451 -2.56313 10.2231
      vertex 3.14538 -2.80428 10.1353
    endloop
  endfacet
  facet normal 0 -0.342118 0.939657
    outer loop
      vertex -3.14538 -2.80428 10.1353
      vertex 3.14538 -2.80428 10.1353
      vertex -3.05451 -2.56313 10.2231
    endloop
  endfacet
  facet normal 0 -0.341947 0.939719
    outer loop
      vertex 3.14538 -2.80428 10.1353
      vertex -3.14538 -2.80428 10.1353
      vertex 3.24956 -3.04062 10.0493
    endloop
  endfacet
  facet normal 0 -0.341947 0.939719
    outer loop
      vertex -3.24956 -3.04062 10.0493
      vertex 3.24956 -3.04062 10.0493
      vertex -3.14538 -2.80428 10.1353
    endloop
  endfacet
  facet normal 0 -0.341969 0.939711
    outer loop
      vertex 3.24956 -3.04062 10.0493
      vertex -3.24956 -3.04062 10.0493
      vertex 3.36677 -3.27153 9.96527
    endloop
  endfacet
  facet normal 0 -0.341969 0.939711
    outer loop
      vertex -3.36677 -3.27153 9.96527
      vertex 3.36677 -3.27153 9.96527
      vertex -3.24956 -3.04062 10.0493
    endloop
  endfacet
  facet normal 0 -0.342028 0.93969
    outer loop
      vertex 3.36677 -3.27153 9.96527
      vertex -3.36677 -3.27153 9.96527
      vertex 3.49667 -3.49635 9.88344
    endloop
  endfacet
  facet normal 0 -0.342028 0.93969
    outer loop
      vertex -3.49667 -3.49635 9.88344
      vertex 3.49667 -3.49635 9.88344
      vertex -3.36677 -3.27153 9.96527
    endloop
  endfacet
  facet normal 0 -0.342023 0.939691
    outer loop
      vertex 3.49667 -3.49635 9.88344
      vertex -3.49667 -3.49635 9.88344
      vertex 3.63891 -3.71447 9.80405
    endloop
  endfacet
  facet normal 0 -0.342023 0.939691
    outer loop
      vertex -3.63891 -3.71447 9.80405
      vertex 3.63891 -3.71447 9.80405
      vertex -3.49667 -3.49635 9.88344
    endloop
  endfacet
  facet normal 0 -0.342036 0.939687
    outer loop
      vertex 3.63891 -3.71447 9.80405
      vertex -3.63891 -3.71447 9.80405
      vertex 3.79311 -3.9253 9.72731
    endloop
  endfacet
  facet normal 0 -0.342036 0.939687
    outer loop
      vertex -3.79311 -3.9253 9.72731
      vertex 3.79311 -3.9253 9.72731
      vertex -3.63891 -3.71447 9.80405
    endloop
  endfacet
  facet normal 0 -0.342014 0.939695
    outer loop
      vertex 3.79311 -3.9253 9.72731
      vertex -3.79311 -3.9253 9.72731
      vertex 3.95884 -4.12826 9.65344
    endloop
  endfacet
  facet normal 0 -0.342014 0.939695
    outer loop
      vertex -3.95884 -4.12826 9.65344
      vertex 3.95884 -4.12826 9.65344
      vertex -3.79311 -3.9253 9.72731
    endloop
  endfacet
  facet normal 0 -0.342007 0.939697
    outer loop
      vertex 3.95884 -4.12826 9.65344
      vertex -3.95884 -4.12826 9.65344
      vertex 4.13565 -4.32279 9.58264
    endloop
  endfacet
  facet normal 0 -0.342007 0.939697
    outer loop
      vertex -4.13565 -4.32279 9.58264
      vertex 4.13565 -4.32279 9.58264
      vertex -3.95884 -4.12826 9.65344
    endloop
  endfacet
  facet normal 0 -0.342028 0.93969
    outer loop
      vertex 4.13565 -4.32279 9.58264
      vertex -4.13565 -4.32279 9.58264
      vertex 4.32304 -4.50835 9.5151
    endloop
  endfacet
  facet normal 0 -0.342028 0.93969
    outer loop
      vertex -4.32304 -4.50835 9.5151
      vertex 4.32304 -4.50835 9.5151
      vertex -4.13565 -4.32279 9.58264
    endloop
  endfacet
  facet normal 0 -0.342043 0.939684
    outer loop
      vertex 4.32304 -4.50835 9.5151
      vertex -4.32304 -4.50835 9.5151
      vertex 4.52052 -4.68445 9.451
    endloop
  endfacet
  facet normal 0 -0.342043 0.939684
    outer loop
      vertex -4.52052 -4.68445 9.451
      vertex 4.52052 -4.68445 9.451
      vertex -4.32304 -4.50835 9.5151
    endloop
  endfacet
  facet normal 0 -0.34202 0.939693
    outer loop
      vertex 4.52052 -4.68445 9.451
      vertex -4.52052 -4.68445 9.451
      vertex 4.72753 -4.85059 9.39053
    endloop
  endfacet
  facet normal 0 -0.34202 0.939693
    outer loop
      vertex -4.72753 -4.85059 9.39053
      vertex 4.72753 -4.85059 9.39053
      vertex -4.52052 -4.68445 9.451
    endloop
  endfacet
  facet normal 0 -0.341995 0.939702
    outer loop
      vertex 4.72753 -4.85059 9.39053
      vertex -4.72753 -4.85059 9.39053
      vertex 4.94352 -5.00633 9.33385
    endloop
  endfacet
  facet normal 0 -0.341995 0.939702
    outer loop
      vertex -4.94352 -5.00633 9.33385
      vertex 4.94352 -5.00633 9.33385
      vertex -4.72753 -4.85059 9.39053
    endloop
  endfacet
  facet normal 0 -0.342024 0.939691
    outer loop
      vertex 4.94352 -5.00633 9.33385
      vertex -4.94352 -5.00633 9.33385
      vertex 5.16788 -5.15123 9.28111
    endloop
  endfacet
  facet normal 0 -0.342024 0.939691
    outer loop
      vertex -5.16788 -5.15123 9.28111
      vertex 5.16788 -5.15123 9.28111
      vertex -4.94352 -5.00633 9.33385
    endloop
  endfacet
  facet normal 0 -0.342031 0.939689
    outer loop
      vertex -5.4 -5.28489 9.23246
      vertex 5.16788 -5.15123 9.28111
      vertex -5.16788 -5.15123 9.28111
    endloop
  endfacet
  facet normal 0 -0.342021 0.939692
    outer loop
      vertex 5.4 -5.28489 9.23246
      vertex -5.4 -5.28489 9.23246
      vertex -5.63925 -5.40696 9.18803
    endloop
  endfacet
  facet normal 0 -0.342022 0.939692
    outer loop
      vertex 5.63925 -5.40696 9.18803
      vertex -5.63925 -5.40696 9.18803
      vertex 9.09503 -7.55001 8.40802
    endloop
  endfacet
  facet normal -1.99927e-06 -0.342034 0.939688
    outer loop
      vertex -5.88497 -5.5171 9.14794
      vertex 9.09503 -7.55001 8.40802
      vertex -5.63925 -5.40696 9.18803
    endloop
  endfacet
  facet normal 2.66316e-05 -0.342058 0.939679
    outer loop
      vertex -9.09503 -7.55001 8.40802
      vertex -5.88497 -5.5171 9.14794
      vertex -6.13649 -5.615 9.11231
    endloop
  endfacet
  facet normal -3.03443e-06 -0.342018 0.939693
    outer loop
      vertex -9.09503 -7.55001 8.40802
      vertex -6.13649 -5.615 9.11231
      vertex -6.39311 -5.70039 9.08123
    endloop
  endfacet
  facet normal 3.76736e-05 -0.34207 0.939674
    outer loop
      vertex -9.09503 -7.55001 8.40802
      vertex -6.39311 -5.70039 9.08123
      vertex -6.65414 -5.77305 9.05479
    endloop
  endfacet
  facet normal -1.73856e-05 -0.342003 0.939699
    outer loop
      vertex -9.09503 -7.55001 8.40802
      vertex -6.65414 -5.77305 9.05479
      vertex -6.91886 -5.83277 9.03305
    endloop
  endfacet
  facet normal -6.98886e-06 -0.342015 0.939694
    outer loop
      vertex -9.09503 -7.55001 8.40802
      vertex -6.91886 -5.83277 9.03305
      vertex -7.18654 -5.87939 9.01608
    endloop
  endfacet
  facet normal 1.2354e-05 -0.342035 0.939687
    outer loop
      vertex -9.09503 -7.55001 8.40802
      vertex -7.18654 -5.87939 9.01608
      vertex -7.45645 -5.91278 9.00393
    endloop
  endfacet
  facet normal -1.88132e-05 -0.342007 0.939697
    outer loop
      vertex -9.09503 -7.55001 8.40802
      vertex -7.45645 -5.91278 9.00393
      vertex -7.72785 -5.93285 8.99662
    endloop
  endfacet
  facet normal -4.90703e-06 -0.342017 0.939694
    outer loop
      vertex -9.09503 -7.55001 8.40802
      vertex -7.72785 -5.93285 8.99662
      vertex -8 -5.93955 8.99418
    endloop
  endfacet
  facet normal 4.74545e-06 -0.342023 0.939691
    outer loop
      vertex -9.09503 -7.55001 8.40802
      vertex -8 -5.93955 8.99418
      vertex -8.27215 -5.93285 8.99662
    endloop
  endfacet
  facet normal 1.69973e-05 -0.342029 0.939689
    outer loop
      vertex -9.09503 -7.55001 8.40802
      vertex -8.27215 -5.93285 8.99662
      vertex -8.54355 -5.91278 9.00393
    endloop
  endfacet
  facet normal 0 -0.342021 0.939692
    outer loop
      vertex -5.88497 -5.5171 9.14794
      vertex -9.09503 -7.55001 8.40802
      vertex 9.09503 -7.55001 8.40802
    endloop
  endfacet
  facet normal -1.03915e-05 -0.342021 0.939692
    outer loop
      vertex -8.81346 -5.87939 9.01608
      vertex -9.09503 -7.55001 8.40802
      vertex -8.54355 -5.91278 9.00393
    endloop
  endfacet
  facet normal 5.43868e-06 -0.342023 0.939692
    outer loop
      vertex -9.08114 -5.83277 9.03305
      vertex -9.09503 -7.55001 8.40802
      vertex -8.81346 -5.87939 9.01608
    endloop
  endfacet
  facet normal 1.23926e-05 -0.342023 0.939692
    outer loop
      vertex -9.34586 -5.77305 9.05479
      vertex -9.09503 -7.55001 8.40802
      vertex -9.08114 -5.83277 9.03305
    endloop
  endfacet
  facet normal -2.48844e-05 -0.342028 0.93969
    outer loop
      vertex -9.09503 -7.55001 8.40802
      vertex -9.34586 -5.77305 9.05479
      vertex -9.4513 -5.7437 9.06547
    endloop
  endfacet
  facet normal 0.0784675 -0.936798 -0.340959
    outer loop
      vertex 8.36635 -7.62197 8.38183
      vertex 8.37149 -7.38218 7.72418
      vertex 8.73169 -7.59495 8.39167
    endloop
  endfacet
  facet normal 0.0785438 -0.936792 -0.340956
    outer loop
      vertex 8.37149 -7.38218 7.72418
      vertex 8.36635 -7.62197 8.38183
      vertex 8.36635 -7.38256 7.72404
    endloop
  endfacet
  facet normal 0.130484 -0.931657 -0.339101
    outer loop
      vertex 9.08991 -7.31123 7.75001
      vertex 8.73169 -7.59495 8.39167
      vertex 8.73169 -7.35553 7.73388
    endloop
  endfacet
  facet normal 0 -0.939695 -0.342013
    outer loop
      vertex -8 -7.39158 7.72076
      vertex 8 -7.63099 8.37855
      vertex -8 -7.63099 8.37855
    endloop
  endfacet
  facet normal 0 -0.939695 -0.342013
    outer loop
      vertex 8 -7.63099 8.37855
      vertex -8 -7.39158 7.72076
      vertex 8 -7.39158 7.72076
    endloop
  endfacet
  facet normal 0.824087 -0.532292 -0.193767
    outer loop
      vertex 13.6631 -4.9195 9.36545
      vertex 13.666 -4.67609 8.70912
      vertex 13.8707 -4.6357 9.46875
    endloop
  endfacet
  facet normal 0.825731 -0.530044 -0.192927
    outer loop
      vertex 13.666 -4.67609 8.70912
      vertex 13.6631 -4.9195 9.36545
      vertex 13.6631 -4.68008 8.70767
    endloop
  endfacet
  facet normal 0.852623 -0.491014 -0.178718
    outer loop
      vertex 14.0595 -4.10679 8.91633
      vertex 13.8707 -4.6357 9.46875
      vertex 13.8707 -4.39628 8.81096
    endloop
  endfacet
  facet normal 0.972399 -0.219251 -0.0798082
    outer loop
      vertex 14.8458 -2.18605 9.61542
      vertex 14.7615 -2.75561 10.153
      vertex 14.7615 -2.51619 9.49526
    endloop
  endfacet
  facet normal 0.000139968 -0.341989 0.939704
    outer loop
      vertex 14.7615 0.649315 11.3923
      vertex 14.237 1.93313 11.8596
      vertex 14.9904 -1.3974 10.6474
    endloop
  endfacet
  facet normal 0.721603 0.650558 0.236774
    outer loop
      vertex 12.9497 3.59809 12.4656
      vertex 12.9533 3.83398 11.8065
      vertex 12.9497 3.8375 11.8078
    endloop
  endfacet
  facet normal 0.725318 0.646887 0.235481
    outer loop
      vertex 12.9533 3.83398 11.8065
      vertex 12.9497 3.59809 12.4656
      vertex 13.202 3.34829 12.3747
    endloop
  endfacet
  facet normal 0.983247 -0.171288 -0.0623394
    outer loop
      vertex 14.9138 -2.08214 10.3982
      vertex 14.847 -2.18133 9.61714
      vertex 14.9138 -1.84273 9.74038
    endloop
  endfacet
  facet normal 0.983249 -0.171277 -0.062341
    outer loop
      vertex 14.847 -2.18133 9.61714
      vertex 14.9138 -2.08214 10.3982
      vertex 14.847 -2.42074 10.2749
    endloop
  endfacet
  facet normal 7.24578e-07 -0.342022 0.939692
    outer loop
      vertex 14.237 -4.03943 9.68577
      vertex 9.09503 -7.55001 8.40802
      vertex 12.4052 -6.16509 8.91209
    endloop
  endfacet
  facet normal -0.000375325 -0.341698 0.93981
    outer loop
      vertex 13.44 -5.19271 9.26601
      vertex 12.9497 -5.70438 9.07978
      vertex 13.202 -5.45459 9.1707
    endloop
  endfacet
  facet normal -0.797422 -0.567029 -0.206388
    outer loop
      vertex -13.66 -4.68393 8.70627
      vertex -13.6631 -4.9195 9.36545
      vertex -13.6631 -4.68008 8.70767
    endloop
  endfacet
  facet normal -0.793348 -0.57207 -0.208171
    outer loop
      vertex -13.6631 -4.9195 9.36545
      vertex -13.66 -4.68393 8.70627
      vertex -13.44 -5.19271 9.26601
    endloop
  endfacet
  facet normal -0.793289 -0.572125 -0.208243
    outer loop
      vertex -13.44 -5.19271 9.26601
      vertex -13.66 -4.68393 8.70627
      vertex -13.44 -4.95329 8.60823
    endloop
  endfacet
  facet normal 1.10966e-06 -0.342019 0.939693
    outer loop
      vertex -10.1631 -7.30905 8.49573
      vertex -11.5 -6.74972 8.69931
      vertex -10.8472 -7.0623 8.58554
    endloop
  endfacet
  facet normal -0.331324 -0.886619 -0.322695
    outer loop
      vertex -10.5037 -6.95629 7.8792
      vertex -10.5086 -7.19408 8.53757
      vertex -10.5086 -6.95467 7.87978
    endloop
  endfacet
  facet normal -0.333804 -0.88579 -0.322414
    outer loop
      vertex -10.5086 -7.19408 8.53757
      vertex -10.5037 -6.95629 7.8792
      vertex -10.1631 -7.30905 8.49573
    endloop
  endfacet
  facet normal 0.0014721 -0.341667 0.93982
    outer loop
      vertex -14.535 -3.41044 9.91471
      vertex -14.9616 -1.74071 10.5224
      vertex -14.9138 -2.08214 10.3982
    endloop
  endfacet
  facet normal 0.000173479 -0.34196 0.939714
    outer loop
      vertex -14.3948 -3.72859 9.79891
      vertex -14.9616 -1.74071 10.5224
      vertex -14.535 -3.41044 9.91471
    endloop
  endfacet
  facet normal -0.0047465 -0.343129 0.939276
    outer loop
      vertex -14.6574 -3.08581 10.0329
      vertex -14.847 -2.42074 10.2749
      vertex -14.7615 -2.75561 10.153
    endloop
  endfacet
  facet normal -0.00294261 -0.342677 0.939449
    outer loop
      vertex -14.6574 -3.08581 10.0329
      vertex -14.9138 -2.08214 10.3982
      vertex -14.847 -2.42074 10.2749
    endloop
  endfacet
  facet normal -0.00227331 -0.341765 0.939783
    outer loop
      vertex -14.9138 -0.0241528 11.1472
      vertex -14.9904 -0.708891 10.898
      vertex -14.847 0.314452 11.2705
    endloop
  endfacet
  facet normal -0.993149 0.109804 0.0399707
    outer loop
      vertex -14.9616 -0.365582 11.0229
      vertex -14.961 -0.12136 10.3669
      vertex -14.9616 -0.126168 10.3652
    endloop
  endfacet
  facet normal -0.991458 0.122527 0.0447088
    outer loop
      vertex -14.961 -0.12136 10.3669
      vertex -14.9616 -0.365582 11.0229
      vertex -14.9138 -0.0241528 11.1472
    endloop
  endfacet
  facet normal -0.923853 0.359664 0.130907
    outer loop
      vertex -14.3948 1.86172 11.0887
      vertex -14.5331 1.54804 10.9745
      vertex -14.3948 1.6223 11.7465
    endloop
  endfacet
  facet normal -0.824071 0.532324 0.19375
    outer loop
      vertex -13.8707 2.76882 11.4188
      vertex -13.8707 2.5294 12.0766
      vertex -13.666 3.04862 11.5207
    endloop
  endfacet
  facet normal -0.8525 0.491202 0.178783
    outer loop
      vertex -13.8734 2.76468 11.4173
      vertex -13.8707 2.5294 12.0766
      vertex -13.8707 2.76882 11.4188
    endloop
  endfacet
  facet normal -0.852596 0.491055 0.178731
    outer loop
      vertex -13.8707 2.5294 12.0766
      vertex -13.8734 2.76468 11.4173
      vertex -14.0622 2.23578 11.9698
    endloop
  endfacet
  facet normal -0.000331462 -0.3411 0.940027
    outer loop
      vertex -9.81172 5.30056 13.0852
      vertex -11.1779 4.80776 12.9059
      vertex -9.09503 5.44372 13.1374
    endloop
  endfacet
  facet normal -0.232248 0.914003 0.332656
    outer loop
      vertex -9.46039 5.61924 12.4563
      vertex -9.45537 5.38096 13.1145
      vertex -9.45537 5.62037 12.4567
    endloop
  endfacet
  facet normal -0.233498 0.913718 0.332563
    outer loop
      vertex -9.45537 5.38096 13.1145
      vertex -9.46039 5.61924 12.4563
      vertex -9.81172 5.30056 13.0852
    endloop
  endfacet
  facet normal -0.389437 0.865507 0.315019
    outer loop
      vertex -10.5133 5.32535 12.3493
      vertex -10.5086 5.08779 13.0078
      vertex -10.5086 5.32721 12.35
    endloop
  endfacet
  facet normal -0.382676 0.868184 0.315937
    outer loop
      vertex -10.5086 5.08779 13.0078
      vertex -10.5133 5.32535 12.3493
      vertex -10.8472 4.95601 12.9598
    endloop
  endfacet
  facet normal 6.50904e-05 -0.342089 0.939668
    outer loop
      vertex -13.44 3.08641 12.2794
      vertex -14.237 1.93313 11.8596
      vertex -11.5 4.64342 12.8461
    endloop
  endfacet
  facet normal -0.000166228 -0.341815 0.939767
    outer loop
      vertex -11.8125 4.46349 12.7806
      vertex -12.4052 4.0588 12.6333
      vertex -11.5 4.64342 12.8461
    endloop
  endfacet
  facet normal -9.77821e-05 -0.341776 0.939782
    outer loop
      vertex -11.1779 4.80776 12.9059
      vertex -11.5 4.64342 12.8461
      vertex -9.09503 5.44372 13.1374
    endloop
  endfacet
  facet normal -6.15974e-05 -0.341454 0.939898
    outer loop
      vertex 9.09503 -7.55001 8.40802
      vertex 8.36635 -7.62197 8.38183
      vertex 8.73169 -7.59495 8.39167
    endloop
  endfacet
  facet normal 0.130492 -0.931657 -0.339097
    outer loop
      vertex 9.08991 -7.31123 7.75001
      vertex 9.09503 -7.55001 8.40802
      vertex 8.73169 -7.59495 8.39167
    endloop
  endfacet
  facet normal 0.129881 -0.931734 -0.33912
    outer loop
      vertex 9.09503 -7.55001 8.40802
      vertex 9.08991 -7.31123 7.75001
      vertex 9.09503 -7.3106 7.75024
    endloop
  endfacet
  facet normal -0.725359 0.646857 0.235437
    outer loop
      vertex -13.202 3.58771 11.7169
      vertex -13.202 3.34829 12.3747
      vertex -12.9533 3.83398 11.8065
    endloop
  endfacet
  facet normal -9.41429e-05 -0.341914 0.939731
    outer loop
      vertex -12.4052 4.0588 12.6333
      vertex -13.44 3.08641 12.2794
      vertex -11.5 4.64342 12.8461
    endloop
  endfacet
  facet normal -0.000250952 -0.341766 0.939785
    outer loop
      vertex -13.202 3.34829 12.3747
      vertex -13.44 3.08641 12.2794
      vertex -12.4052 4.0588 12.6333
    endloop
  endfacet
  facet normal 0.522483 0.801233 0.291613
    outer loop
      vertex 11.8125 4.7029 12.1228
      vertex 11.5044 4.8803 12.1874
      vertex 11.8125 4.46349 12.7806
    endloop
  endfacet
  facet normal 9.77821e-05 -0.341776 0.939782
    outer loop
      vertex 11.1779 4.80776 12.9059
      vertex 9.09503 5.44372 13.1374
      vertex 11.5 4.64342 12.8461
    endloop
  endfacet
  facet normal 0.0261759 0.93937 0.341903
    outer loop
      vertex 8 5.76412 12.509
      vertex 8 5.5247 13.1668
      vertex 8.36119 5.75522 12.5058
    endloop
  endfacet
  facet normal 0.283915 0.90102 0.327956
    outer loop
      vertex 10.1631 5.20276 13.0497
      vertex 10.1582 5.44355 12.3924
      vertex 9.81172 5.30056 13.0852
    endloop
  endfacet
  facet normal 0.286951 0.900178 0.327625
    outer loop
      vertex 10.1582 5.44355 12.3924
      vertex 10.1631 5.20276 13.0497
      vertex 10.1631 5.44217 12.3919
    endloop
  endfacet
  facet normal 0.283983 0.900989 0.327983
    outer loop
      vertex 9.81172 5.53998 12.4275
      vertex 9.81172 5.30056 13.0852
      vertex 10.1582 5.44355 12.3924
    endloop
  endfacet
  facet normal 0.130421 0.931666 0.339099
    outer loop
      vertex 9.09503 5.44372 13.1374
      vertex 8.73169 5.72807 12.4959
      vertex 8.73169 5.48865 13.1537
    endloop
  endfacet
  facet normal 0.130446 0.931668 0.339086
    outer loop
      vertex 8.73169 5.72807 12.4959
      vertex 9.09503 5.44372 13.1374
      vertex 9.09503 5.68313 12.4796
    endloop
  endfacet
  facet normal 0.182294 0.923962 0.336248
    outer loop
      vertex 9.10011 5.68225 12.4792
      vertex 9.09503 5.44372 13.1374
      vertex 9.45537 5.38096 13.1145
    endloop
  endfacet
  facet normal 0.186387 0.92323 0.336015
    outer loop
      vertex 9.09503 5.44372 13.1374
      vertex 9.10011 5.68225 12.4792
      vertex 9.09503 5.68313 12.4796
    endloop
  endfacet
  facet normal 0 0.939692 0.342021
    outer loop
      vertex 8 5.76412 12.509
      vertex -8 5.5247 13.1668
      vertex 8 5.5247 13.1668
    endloop
  endfacet
  facet normal 0 0.939692 0.342021
    outer loop
      vertex -8 5.5247 13.1668
      vertex 8 5.76412 12.509
      vertex -8 5.76412 12.509
    endloop
  endfacet
  facet normal 0.522473 -0.801237 -0.291619
    outer loop
      vertex 11.5 -6.74972 8.69931
      vertex 11.8125 -6.33037 8.10701
      vertex 11.8125 -6.56978 8.7648
    endloop
  endfacet
  facet normal 0.522454 -0.801244 -0.291634
    outer loop
      vertex 11.8125 -6.33037 8.10701
      vertex 11.5 -6.74972 8.69931
      vertex 11.5 -6.5103 8.04152
    endloop
  endfacet
  facet normal 0.333839 -0.885785 -0.322391
    outer loop
      vertex 10.5037 -6.95629 7.8792
      vertex 10.1631 -7.30905 8.49573
      vertex 10.1631 -7.06964 7.83794
    endloop
  endfacet
  facet normal 0.233471 -0.913726 -0.332561
    outer loop
      vertex 9.8067 -7.16857 7.80193
      vertex 9.45537 -7.48725 8.43087
      vertex 9.45537 -7.24784 7.77308
    endloop
  endfacet
  facet normal 0.233463 -0.913726 -0.332566
    outer loop
      vertex 9.8067 -7.16857 7.80193
      vertex 9.81172 -7.40685 8.46013
      vertex 9.45537 -7.48725 8.43087
    endloop
  endfacet
  facet normal 0.232875 -0.91386 -0.33261
    outer loop
      vertex 9.81172 -7.40685 8.46013
      vertex 9.8067 -7.16857 7.80193
      vertex 9.81172 -7.16744 7.80234
    endloop
  endfacet
  facet normal 0.430568 -0.848117 -0.308722
    outer loop
      vertex 10.8472 -7.0623 8.58554
      vertex 10.8518 -6.8208 7.92851
      vertex 11.1779 -6.91405 8.63949
    endloop
  endfacet
  facet normal 0.433765 -0.846686 -0.308174
    outer loop
      vertex 10.8518 -6.8208 7.92851
      vertex 10.8472 -7.0623 8.58554
      vertex 10.8472 -6.82288 7.92775
    endloop
  endfacet
  facet normal 0.430509 -0.848154 -0.3087
    outer loop
      vertex 11.1779 -6.91405 8.63949
      vertex 10.8518 -6.8208 7.92851
      vertex 11.1779 -6.67464 7.98171
    endloop
  endfacet
  facet normal 0.0784922 -0.936792 -0.34097
    outer loop
      vertex 8.73169 -7.59495 8.39167
      vertex 8.37149 -7.38218 7.72418
      vertex 8.73169 -7.35553 7.73388
    endloop
  endfacet
  facet normal -9.73386e-06 -0.342092 0.939666
    outer loop
      vertex -8 -7.63099 8.37855
      vertex -9.09503 -7.55001 8.40802
      vertex -8.36635 -7.62197 8.38183
    endloop
  endfacet
  facet normal -0.0784675 -0.936798 -0.340959
    outer loop
      vertex -8.37149 -7.38218 7.72418
      vertex -8.36635 -7.62197 8.38183
      vertex -8.73169 -7.59495 8.39167
    endloop
  endfacet
  facet normal -0.0785438 -0.936792 -0.340956
    outer loop
      vertex -8.36635 -7.62197 8.38183
      vertex -8.37149 -7.38218 7.72418
      vertex -8.36635 -7.38256 7.72404
    endloop
  endfacet
  facet normal -0.000863952 -0.34182 0.939765
    outer loop
      vertex 14.9138 -2.08214 10.3982
      vertex 14.535 -3.41044 9.91471
      vertex 14.6574 -3.08581 10.0329
    endloop
  endfacet
  facet normal 0.972636 -0.218323 -0.0794647
    outer loop
      vertex 14.847 -2.42074 10.2749
      vertex 14.8458 -2.18605 9.61542
      vertex 14.847 -2.18133 9.61714
    endloop
  endfacet
  facet normal 0.972405 -0.219233 -0.079788
    outer loop
      vertex 14.8458 -2.18605 9.61542
      vertex 14.847 -2.42074 10.2749
      vertex 14.7615 -2.75561 10.153
    endloop
  endfacet
  facet normal 0.902556 -0.404606 -0.147261
    outer loop
      vertex 14.3948 -3.72859 9.79891
      vertex 14.237 -3.80001 9.02799
      vertex 14.3948 -3.48918 9.14112
    endloop
  endfacet
  facet normal 0.902563 -0.404591 -0.147264
    outer loop
      vertex 14.237 -3.80001 9.02799
      vertex 14.3948 -3.72859 9.79891
      vertex 14.237 -4.03943 9.68577
    endloop
  endfacet
  facet normal 0.958811 0.266914 0.0971458
    outer loop
      vertex 14.6574 0.979518 11.5125
      vertex 14.7615 0.888729 10.7345
      vertex 14.6574 1.21893 10.8547
    endloop
  endfacet
  facet normal 0.958812 0.266913 0.097146
    outer loop
      vertex 14.7615 0.888729 10.7345
      vertex 14.6574 0.979518 11.5125
      vertex 14.7615 0.649315 11.3923
    endloop
  endfacet
  facet normal 0.923853 0.359664 0.130907
    outer loop
      vertex 14.3948 1.86172 11.0887
      vertex 14.3948 1.6223 11.7465
      vertex 14.5331 1.54804 10.9745
    endloop
  endfacet
  facet normal 0.991458 0.122527 0.0447088
    outer loop
      vertex 14.9616 -0.365582 11.0229
      vertex 14.961 -0.12136 10.3669
      vertex 14.9138 -0.0241528 11.1472
    endloop
  endfacet
  facet normal 0.993149 0.109804 0.0399707
    outer loop
      vertex 14.961 -0.12136 10.3669
      vertex 14.9616 -0.365582 11.0229
      vertex 14.9616 -0.126168 10.3652
    endloop
  endfacet
  facet normal 8.76962e-06 -0.34202 0.939693
    outer loop
      vertex 14.237 1.93313 11.8596
      vertex 13.1848 -0.701458 10.9007
      vertex 14.237 -4.03943 9.68577
    endloop
  endfacet
  facet normal 3.86788e-06 -0.342018 0.939693
    outer loop
      vertex 14.237 1.93313 11.8596
      vertex 13.1715 -0.542378 10.9586
      vertex 13.1848 -0.701458 10.9007
    endloop
  endfacet
  facet normal -8.9069e-05 -0.341983 0.939706
    outer loop
      vertex 14.237 1.93313 11.8596
      vertex 13.136 -0.288745 11.0509
      vertex 13.1715 -0.542378 10.9586
    endloop
  endfacet
  facet normal 0.000253594 -0.342132 0.939652
    outer loop
      vertex 14.237 1.93313 11.8596
      vertex 13.0864 -0.0372064 11.1425
      vertex 13.136 -0.288745 11.0509
    endloop
  endfacet
  facet normal -0.000149841 -0.341924 0.939727
    outer loop
      vertex 14.237 1.93313 11.8596
      vertex 13.0228 0.211547 11.233
      vertex 13.0864 -0.0372064 11.1425
    endloop
  endfacet
  facet normal 8.83785e-05 -0.342073 0.939673
    outer loop
      vertex 14.237 1.93313 11.8596
      vertex 12.9455 0.456834 11.3223
      vertex 13.0228 0.211547 11.233
    endloop
  endfacet
  facet normal -0.000207079 -0.341845 0.939756
    outer loop
      vertex 14.237 1.93313 11.8596
      vertex 12.8546 0.697983 11.41
      vertex 12.9455 0.456834 11.3223
    endloop
  endfacet
  facet normal 0.000172574 -0.34222 0.93962
    outer loop
      vertex 14.237 1.93313 11.8596
      vertex 12.7504 0.934332 11.4961
      vertex 12.8546 0.697983 11.41
    endloop
  endfacet
  facet normal -6.61267e-05 -0.341906 0.939734
    outer loop
      vertex 14.237 1.93313 11.8596
      vertex 12.6332 1.16523 11.5801
      vertex 12.7504 0.934332 11.4961
    endloop
  endfacet
  facet normal 0.000139442 -0.342285 0.939596
    outer loop
      vertex 14.237 1.93313 11.8596
      vertex 12.5522 1.30547 11.6312
      vertex 12.6332 1.16523 11.5801
    endloop
  endfacet
  facet normal 2.33801e-05 -0.34201 0.939696
    outer loop
      vertex 12.5522 1.30547 11.6312
      vertex 14.237 1.93313 11.8596
      vertex 11.5 4.64342 12.8461
    endloop
  endfacet
  facet normal -0.00217726 -0.343251 0.939241
    outer loop
      vertex 14.0622 2.23578 11.9698
      vertex 13.6631 2.81321 12.1799
      vertex 14.237 1.93313 11.8596
    endloop
  endfacet
  facet normal -1.43295e-05 -0.341991 0.939703
    outer loop
      vertex 11.5 -6.74972 8.69931
      vertex 9.09503 -7.55001 8.40802
      vertex 10.1631 -7.30905 8.49573
    endloop
  endfacet
  facet normal -0.000205511 -0.342087 0.939668
    outer loop
      vertex 14.237 -4.03943 9.68577
      vertex 13.1929 -0.797412 10.8658
      vertex 13.2 -1.05315 10.7727
    endloop
  endfacet
  facet normal 0.00104462 -0.341731 0.939797
    outer loop
      vertex 13.1929 -0.797412 10.8658
      vertex 14.237 -4.03943 9.68577
      vertex 13.1848 -0.701458 10.9007
    endloop
  endfacet
  facet normal -0.000203618 -0.342086 0.939669
    outer loop
      vertex 13.1929 -1.30888 10.6796
      vertex 14.237 -4.03943 9.68577
      vertex 13.2 -1.05315 10.7727
    endloop
  endfacet
  facet normal 0.000177764 -0.341957 0.939715
    outer loop
      vertex 13.1715 -1.56391 10.5868
      vertex 14.237 -4.03943 9.68577
      vertex 13.1929 -1.30888 10.6796
    endloop
  endfacet
  facet normal 0.000122676 -0.341978 0.939708
    outer loop
      vertex 13.136 -1.81755 10.4945
      vertex 14.237 -4.03943 9.68577
      vertex 13.1715 -1.56391 10.5868
    endloop
  endfacet
  facet normal -0.000233641 -0.342134 0.939651
    outer loop
      vertex 13.0864 -2.06909 10.4029
      vertex 14.237 -4.03943 9.68577
      vertex 13.136 -1.81755 10.4945
    endloop
  endfacet
  facet normal 0.000160571 -0.341931 0.939725
    outer loop
      vertex 13.0228 -2.31784 10.3124
      vertex 14.237 -4.03943 9.68577
      vertex 13.0864 -2.06909 10.4029
    endloop
  endfacet
  facet normal -6.95946e-05 -0.342074 0.939673
    outer loop
      vertex 12.9455 -2.56313 10.2231
      vertex 14.237 -4.03943 9.68577
      vertex 13.0228 -2.31784 10.3124
    endloop
  endfacet
  facet normal -8.85823e-05 -0.342089 0.939668
    outer loop
      vertex 12.8546 -2.80428 10.1353
      vertex 14.237 -4.03943 9.68577
      vertex 12.9455 -2.56313 10.2231
    endloop
  endfacet
  facet normal 3.92464e-05 -0.341963 0.939714
    outer loop
      vertex 12.7504 -3.04062 10.0493
      vertex 14.237 -4.03943 9.68577
      vertex 12.8546 -2.80428 10.1353
    endloop
  endfacet
  facet normal 5.55227e-06 -0.342007 0.939697
    outer loop
      vertex 12.6332 -3.27153 9.96526
      vertex 14.237 -4.03943 9.68577
      vertex 12.7504 -3.04062 10.0493
    endloop
  endfacet
  facet normal 1.09498e-05 -0.341997 0.939701
    outer loop
      vertex 12.5033 -3.49635 9.88344
      vertex 14.237 -4.03943 9.68577
      vertex 12.6332 -3.27153 9.96526
    endloop
  endfacet
  facet normal 1.36028e-06 -0.342024 0.939691
    outer loop
      vertex 12.3611 -3.71447 9.80405
      vertex 14.237 -4.03943 9.68577
      vertex 12.5033 -3.49635 9.88344
    endloop
  endfacet
  facet normal -9.65826e-07 -0.342036 0.939687
    outer loop
      vertex 12.2069 -3.9253 9.72731
      vertex 14.237 -4.03943 9.68577
      vertex 12.3611 -3.71447 9.80405
    endloop
  endfacet
  facet normal 3.82253e-07 -0.342015 0.939695
    outer loop
      vertex 12.0412 -4.12826 9.65344
      vertex 14.237 -4.03943 9.68577
      vertex 12.2069 -3.9253 9.72731
    endloop
  endfacet
  facet normal 2.07835e-08 -0.342007 0.939697
    outer loop
      vertex 11.8644 -4.32279 9.58264
      vertex 14.237 -4.03943 9.68577
      vertex 12.0412 -4.12826 9.65344
    endloop
  endfacet
  facet normal 3.23199e-06 -0.342031 0.939689
    outer loop
      vertex 11.677 -4.50835 9.5151
      vertex 14.237 -4.03943 9.68577
      vertex 11.8644 -4.32279 9.58264
    endloop
  endfacet
  facet normal 7.30592e-06 -0.34205 0.939682
    outer loop
      vertex 11.4795 -4.68445 9.451
      vertex 14.237 -4.03943 9.68577
      vertex 11.677 -4.50835 9.5151
    endloop
  endfacet
  facet normal -9.50659e-07 -0.342019 0.939693
    outer loop
      vertex 11.2725 -4.85059 9.39053
      vertex 14.237 -4.03943 9.68577
      vertex 11.4795 -4.68445 9.451
    endloop
  endfacet
  facet normal -1.35432e-05 -0.341978 0.939708
    outer loop
      vertex 11.0565 -5.00633 9.33385
      vertex 14.237 -4.03943 9.68577
      vertex 11.2725 -4.85059 9.39053
    endloop
  endfacet
  facet normal -3.00416e-06 -0.34202 0.939693
    outer loop
      vertex 9.09503 -7.55001 8.40802
      vertex 11.0565 -5.00633 9.33385
      vertex 10.8321 -5.15123 9.28111
    endloop
  endfacet
  facet normal -9.95222e-06 -0.342016 0.939694
    outer loop
      vertex 9.09503 -7.55001 8.40802
      vertex 10.8321 -5.15123 9.28111
      vertex 10.6 -5.28489 9.23246
    endloop
  endfacet
  facet normal 2.86548e-07 -0.342022 0.939692
    outer loop
      vertex 9.09503 -7.55001 8.40802
      vertex 10.6 -5.28489 9.23246
      vertex 10.3608 -5.40696 9.18803
    endloop
  endfacet
  facet normal -1.10941e-05 -0.342016 0.939694
    outer loop
      vertex 9.09503 -7.55001 8.40802
      vertex 10.3608 -5.40696 9.18803
      vertex 10.115 -5.5171 9.14794
    endloop
  endfacet
  facet normal 1.27561e-05 -0.342026 0.93969
    outer loop
      vertex 9.09503 -7.55001 8.40802
      vertex 10.115 -5.5171 9.14794
      vertex 9.86351 -5.615 9.11231
    endloop
  endfacet
  facet normal 1.99683e-06 -0.342024 0.939691
    outer loop
      vertex 11.0565 -5.00633 9.33385
      vertex 9.09503 -7.55001 8.40802
      vertex 14.237 -4.03943 9.68577
    endloop
  endfacet
  facet normal -1.71762e-06 -0.342021 0.939692
    outer loop
      vertex 9.60689 -5.70039 9.08123
      vertex 9.09503 -7.55001 8.40802
      vertex 9.86351 -5.615 9.11231
    endloop
  endfacet
  facet normal 2.37525e-05 -0.342027 0.93969
    outer loop
      vertex 9.09503 -7.55001 8.40802
      vertex 9.60689 -5.70039 9.08123
      vertex 9.4513 -5.7437 9.06547
    endloop
  endfacet
  facet normal -0.00355806 -0.343005 0.939327
    outer loop
      vertex 11.5 4.64342 12.8461
      vertex 12.5033 1.39005 11.6619
      vertex 12.5522 1.30547 11.6312
    endloop
  endfacet
  facet normal 3.09607e-05 -0.34203 0.939689
    outer loop
      vertex 11.5 4.64342 12.8461
      vertex 12.3611 1.60818 11.7413
      vertex 12.5033 1.39005 11.6619
    endloop
  endfacet
  facet normal 0.000595187 -0.341888 0.93974
    outer loop
      vertex 11.5 4.64342 12.8461
      vertex 12.2069 1.81901 11.8181
      vertex 12.3611 1.60818 11.7413
    endloop
  endfacet
  facet normal -0.000583194 -0.342149 0.939646
    outer loop
      vertex 11.5 4.64342 12.8461
      vertex 12.0412 2.02197 11.8919
      vertex 12.2069 1.81901 11.8181
    endloop
  endfacet
  facet normal -3.23303e-05 -0.342048 0.939682
    outer loop
      vertex 11.5 4.64342 12.8461
      vertex 11.8644 2.21649 11.9627
      vertex 12.0412 2.02197 11.8919
    endloop
  endfacet
  facet normal 0.000310486 -0.342003 0.939699
    outer loop
      vertex 11.5 4.64342 12.8461
      vertex 11.677 2.40206 12.0303
      vertex 11.8644 2.21649 11.9627
    endloop
  endfacet
  facet normal 2.00864e-05 -0.342023 0.939692
    outer loop
      vertex 11.5 4.64342 12.8461
      vertex 11.4795 2.57816 12.0944
      vertex 11.677 2.40206 12.0303
    endloop
  endfacet
  facet normal -0.000317801 -0.34202 0.939693
    outer loop
      vertex 11.5 4.64342 12.8461
      vertex 11.2725 2.7443 12.1548
      vertex 11.4795 2.57816 12.0944
    endloop
  endfacet
  facet normal 8.41286e-05 -0.342063 0.939677
    outer loop
      vertex 11.2725 2.7443 12.1548
      vertex 11.5 4.64342 12.8461
      vertex 11.1437 2.83712 12.1886
    endloop
  endfacet
  facet normal -1.53951e-05 -0.341988 0.939704
    outer loop
      vertex 12.4052 -6.16509 8.91209
      vertex 9.09503 -7.55001 8.40802
      vertex 11.5 -6.74972 8.69931
    endloop
  endfacet
  facet normal -0.824061 -0.532336 -0.193758
    outer loop
      vertex -13.666 -4.67609 8.70912
      vertex -13.8707 -4.6357 9.46875
      vertex -13.8707 -4.39628 8.81096
    endloop
  endfacet
  facet normal -0.7605 -0.610175 -0.222093
    outer loop
      vertex -13.2054 -5.21148 8.51425
      vertex -13.44 -5.19271 9.26601
      vertex -13.44 -4.95329 8.60823
    endloop
  endfacet
  facet normal -0.283997 -0.901004 -0.32793
    outer loop
      vertex -9.81667 -7.16606 7.80284
      vertex -10.1631 -7.30905 8.49573
      vertex -10.1631 -7.06964 7.83794
    endloop
  endfacet
  facet normal -0.333839 -0.885785 -0.322391
    outer loop
      vertex -10.1631 -7.30905 8.49573
      vertex -10.5037 -6.95629 7.8792
      vertex -10.1631 -7.06964 7.83794
    endloop
  endfacet
  facet normal -0.382652 -0.868173 -0.315994
    outer loop
      vertex -10.8472 -6.82288 7.92775
      vertex -10.5086 -7.19408 8.53757
      vertex -10.8472 -7.0623 8.58554
    endloop
  endfacet
  facet normal -0.382674 -0.868169 -0.31598
    outer loop
      vertex -10.5086 -7.19408 8.53757
      vertex -10.8472 -6.82288 7.92775
      vertex -10.5086 -6.95467 7.87978
    endloop
  endfacet
  facet normal -0.000204336 -0.342521 0.93951
    outer loop
      vertex -10.1631 -7.30905 8.49573
      vertex -10.8472 -7.0623 8.58554
      vertex -10.5086 -7.19408 8.53757
    endloop
  endfacet
  facet normal -0.981286 0.180945 0.0658569
    outer loop
      vertex -14.848 0.549098 10.6109
      vertex -14.847 0.314452 11.2705
      vertex -14.847 0.553866 10.6127
    endloop
  endfacet
  facet normal -0.983249 0.171249 0.0624108
    outer loop
      vertex -14.847 0.314452 11.2705
      vertex -14.848 0.549098 10.6109
      vertex -14.9138 -0.0241528 11.1472
    endloop
  endfacet
  facet normal -0.999657 0.0246159 0.00895924
    outer loop
      vertex -15 -0.813731 10.1149
      vertex -14.9904 -0.708891 10.898
      vertex -14.9904 -0.469477 10.2402
    endloop
  endfacet
  facet normal -0.999657 0.0246155 0.00895929
    outer loop
      vertex -15 -0.813731 10.1149
      vertex -15 -1.05315 10.7727
      vertex -14.9904 -0.708891 10.898
    endloop
  endfacet
  facet normal 0.000217184 -0.342024 0.939691
    outer loop
      vertex -14.9904 -0.708891 10.898
      vertex -14.9904 -1.3974 10.6474
      vertex -14.7615 0.649315 11.3923
    endloop
  endfacet
  facet normal -0.938116 0.325436 0.118449
    outer loop
      vertex -14.5368 1.53899 10.9712
      vertex -14.535 1.30414 11.6307
      vertex -14.535 1.54356 10.9729
    endloop
  endfacet
  facet normal -0.942588 0.313784 0.114312
    outer loop
      vertex -14.535 1.30414 11.6307
      vertex -14.5368 1.53899 10.9712
      vertex -14.6574 0.979518 11.5125
    endloop
  endfacet
  facet normal -0.000242339 -0.341993 0.939703
    outer loop
      vertex -14.6574 0.979518 11.5125
      vertex -14.7615 0.649315 11.3923
      vertex -14.3948 1.6223 11.7465
    endloop
  endfacet
  facet normal -0.608815 0.745469 0.271329
    outer loop
      vertex -12.1145 4.50786 12.0518
      vertex -12.4052 4.0588 12.6333
      vertex -12.1145 4.26844 12.7096
    endloop
  endfacet
  facet normal -0.610177 0.744793 0.270126
    outer loop
      vertex -12.4052 4.0588 12.6333
      vertex -12.1145 4.50786 12.0518
      vertex -12.1186 4.5049 12.0507
    endloop
  endfacet
  facet normal -0.000302128 -0.341639 0.939831
    outer loop
      vertex -12.1145 4.26844 12.7096
      vertex -12.4052 4.0588 12.6333
      vertex -11.8125 4.46349 12.7806
    endloop
  endfacet
  facet normal 0.000850064 -0.342934 0.939359
    outer loop
      vertex -12.6839 3.83514 12.5519
      vertex -12.9497 3.59809 12.4656
      vertex -12.4052 4.0588 12.6333
    endloop
  endfacet
  facet normal 0.000614018 -0.341407 0.939915
    outer loop
      vertex 12.9497 3.59809 12.4656
      vertex 12.4052 4.0588 12.6333
      vertex 13.202 3.34829 12.3747
    endloop
  endfacet
  facet normal 0.00232396 -0.348569 0.93728
    outer loop
      vertex -10.1631 5.20276 13.0497
      vertex -10.5086 5.08779 13.0078
      vertex -9.81172 5.30056 13.0852
    endloop
  endfacet
  facet normal 0.000625779 -0.343666 0.939092
    outer loop
      vertex -10.5086 5.08779 13.0078
      vertex -10.8472 4.95601 12.9598
      vertex -9.81172 5.30056 13.0852
    endloop
  endfacet
  facet normal -0.000359414 -0.341655 0.939826
    outer loop
      vertex 12.9497 -5.70438 9.07978
      vertex 12.4052 -6.16509 8.91209
      vertex 12.6839 -5.94144 8.9935
    endloop
  endfacet
  facet normal 8.71237e-05 -0.342328 0.939581
    outer loop
      vertex 10.1631 -7.30905 8.49573
      vertex 9.45537 -7.48725 8.43087
      vertex 9.81172 -7.40685 8.46013
    endloop
  endfacet
  facet normal -0.000160324 -0.342024 0.939691
    outer loop
      vertex 14.9904 -0.708891 10.898
      vertex 14.9904 -1.3974 10.6474
      vertex 15 -1.05315 10.7727
    endloop
  endfacet
  facet normal 0.47715 0.825826 0.300564
    outer loop
      vertex 11.5 4.64342 12.8461
      vertex 11.1779 5.04717 12.2481
      vertex 11.1779 4.80776 12.9059
    endloop
  endfacet
  facet normal 0.47713 0.825832 0.300579
    outer loop
      vertex 11.1779 5.04717 12.2481
      vertex 11.5 4.64342 12.8461
      vertex 11.5 4.88284 12.1883
    endloop
  endfacet
  facet normal 0.000326106 -0.341124 0.940018
    outer loop
      vertex 9.45537 5.38096 13.1145
      vertex 9.09503 5.44372 13.1374
      vertex 9.81172 5.30056 13.0852
    endloop
  endfacet
  facet normal 0.000331462 -0.3411 0.940027
    outer loop
      vertex 9.81172 5.30056 13.0852
      vertex 9.09503 5.44372 13.1374
      vertex 11.1779 4.80776 12.9059
    endloop
  endfacet
  facet normal 0.182236 0.923962 0.336281
    outer loop
      vertex 9.45537 5.62037 12.4567
      vertex 9.10011 5.68225 12.4792
      vertex 9.45537 5.38096 13.1145
    endloop
  endfacet
  facet normal 0.0784922 0.936793 0.340965
    outer loop
      vertex 8.73169 5.72807 12.4959
      vertex 8.37149 5.75472 12.5056
      vertex 8.73169 5.48865 13.1537
    endloop
  endfacet
  facet normal 0 -0.340849 0.940118
    outer loop
      vertex -8.36635 5.51568 13.1635
      vertex 8.73169 5.48865 13.1537
      vertex 8.36635 5.51568 13.1635
    endloop
  endfacet
  facet normal 0 -0.340849 0.940118
    outer loop
      vertex 8.73169 5.48865 13.1537
      vertex -8.36635 5.51568 13.1635
      vertex -8.73169 5.48865 13.1537
    endloop
  endfacet
  facet normal -5.96462e-05 -0.341813 0.939768
    outer loop
      vertex 10.1631 -7.30905 8.49573
      vertex 9.09503 -7.55001 8.40802
      vertex 9.45537 -7.48725 8.43087
    endloop
  endfacet
  facet normal 0.182249 -0.923954 -0.336295
    outer loop
      vertex 9.09503 -7.55001 8.40802
      vertex 9.10011 -7.30971 7.75056
      vertex 9.45537 -7.48725 8.43087
    endloop
  endfacet
  facet normal 0.183031 -0.92382 -0.33624
    outer loop
      vertex 9.10011 -7.30971 7.75056
      vertex 9.09503 -7.55001 8.40802
      vertex 9.09503 -7.3106 7.75024
    endloop
  endfacet
  facet normal -0.129881 -0.931734 -0.33912
    outer loop
      vertex -9.08991 -7.31123 7.75001
      vertex -9.09503 -7.55001 8.40802
      vertex -9.09503 -7.3106 7.75024
    endloop
  endfacet
  facet normal -0.130492 -0.931657 -0.339097
    outer loop
      vertex -9.09503 -7.55001 8.40802
      vertex -9.08991 -7.31123 7.75001
      vertex -8.73169 -7.59495 8.39167
    endloop
  endfacet
  facet normal -0.130484 -0.931657 -0.339101
    outer loop
      vertex -8.73169 -7.59495 8.39167
      vertex -9.08991 -7.31123 7.75001
      vertex -8.73169 -7.35553 7.73388
    endloop
  endfacet
  facet normal -0.000217184 -0.342024 0.939691
    outer loop
      vertex 14.9904 -0.708891 10.898
      vertex 14.7615 0.649315 11.3923
      vertex 14.9904 -1.3974 10.6474
    endloop
  endfacet
  facet normal 0.999813 -0.0181647 -0.0066114
    outer loop
      vertex 15 -1.05315 10.7727
      vertex 14.9999 -0.81858 10.1131
      vertex 15 -0.813731 10.1149
    endloop
  endfacet
  facet normal 0.999657 -0.0246334 -0.00891181
    outer loop
      vertex 14.9999 -0.81858 10.1131
      vertex 15 -1.05315 10.7727
      vertex 14.9904 -1.3974 10.6474
    endloop
  endfacet
  facet normal 0.996906 0.0738614 0.0268827
    outer loop
      vertex 14.9904 -0.469477 10.2402
      vertex 14.962 -0.131003 10.3634
      vertex 14.9904 -0.708891 10.898
    endloop
  endfacet
  facet normal 0.991431 0.122756 0.0446786
    outer loop
      vertex 14.9138 0.215261 10.4894
      vertex 14.9138 -0.0241528 11.1472
      vertex 14.961 -0.12136 10.3669
    endloop
  endfacet
  facet normal -0.0022204 -0.342321 0.93958
    outer loop
      vertex 14.847 0.314452 11.2705
      vertex 14.7615 0.649315 11.3923
      vertex 14.9904 -0.708891 10.898
    endloop
  endfacet
  facet normal 0.902551 0.404615 0.147268
    outer loop
      vertex 14.237 1.93313 11.8596
      vertex 14.3948 1.86172 11.0887
      vertex 14.237 2.17255 11.2018
    endloop
  endfacet
  facet normal 0.902551 0.404615 0.147268
    outer loop
      vertex 14.3948 1.86172 11.0887
      vertex 14.237 1.93313 11.8596
      vertex 14.3948 1.6223 11.7465
    endloop
  endfacet
  facet normal -6.50904e-05 -0.342089 0.939668
    outer loop
      vertex 13.44 3.08641 12.2794
      vertex 11.5 4.64342 12.8461
      vertex 14.237 1.93313 11.8596
    endloop
  endfacet
  facet normal 0.825254 0.530705 0.193153
    outer loop
      vertex 13.6631 2.81321 12.1799
      vertex 13.666 3.04862 11.5207
      vertex 13.6631 3.05262 11.5221
    endloop
  endfacet
  facet normal 0.824096 0.532297 0.193717
    outer loop
      vertex 13.666 3.04862 11.5207
      vertex 13.6631 2.81321 12.1799
      vertex 13.8707 2.5294 12.0766
    endloop
  endfacet
  facet normal -0.000850064 -0.342934 0.939359
    outer loop
      vertex 12.6839 3.83514 12.5519
      vertex 12.4052 4.0588 12.6333
      vertex 12.9497 3.59809 12.4656
    endloop
  endfacet
  facet normal 0.649392 0.714596 0.260081
    outer loop
      vertex 12.4052 4.29821 11.9755
      vertex 12.4052 4.0588 12.6333
      vertex 12.68 4.07771 11.8952
    endloop
  endfacet
  facet normal -0.000386383 -0.342733 0.939433
    outer loop
      vertex -10.8472 -7.0623 8.58554
      vertex -11.5 -6.74972 8.69931
      vertex -11.1779 -6.91405 8.63949
    endloop
  endfacet
  facet normal -0.430568 -0.848117 -0.308722
    outer loop
      vertex -10.8518 -6.8208 7.92851
      vertex -10.8472 -7.0623 8.58554
      vertex -11.1779 -6.91405 8.63949
    endloop
  endfacet
  facet normal -0.433765 -0.846686 -0.308174
    outer loop
      vertex -10.8472 -7.0623 8.58554
      vertex -10.8518 -6.8208 7.92851
      vertex -10.8472 -6.82288 7.92775
    endloop
  endfacet
  facet normal -0.997008 0.0726387 0.0264417
    outer loop
      vertex -14.962 -0.131003 10.3634
      vertex -14.9616 -0.365582 11.0229
      vertex -14.9616 -0.126168 10.3652
    endloop
  endfacet
  facet normal -0.996907 0.073853 0.0268736
    outer loop
      vertex -14.9616 -0.365582 11.0229
      vertex -14.962 -0.131003 10.3634
      vertex -14.9904 -0.708891 10.898
    endloop
  endfacet
  facet normal -0.0041157 -0.341581 0.939843
    outer loop
      vertex -14.9616 -0.365582 11.0229
      vertex -14.9904 -0.708891 10.898
      vertex -14.9138 -0.0241528 11.1472
    endloop
  endfacet
  facet normal -0.999813 -0.0181647 -0.0066114
    outer loop
      vertex -14.9999 -0.81858 10.1131
      vertex -15 -1.05315 10.7727
      vertex -15 -0.813731 10.1149
    endloop
  endfacet
  facet normal -0.999657 -0.0246334 -0.00891181
    outer loop
      vertex -15 -1.05315 10.7727
      vertex -14.9999 -0.81858 10.1131
      vertex -14.9904 -1.3974 10.6474
    endloop
  endfacet
  facet normal 0.000160324 -0.342024 0.939691
    outer loop
      vertex -14.9904 -0.708891 10.898
      vertex -15 -1.05315 10.7727
      vertex -14.9904 -1.3974 10.6474
    endloop
  endfacet
  facet normal 0.00218563 -0.342868 0.939381
    outer loop
      vertex -14.535 1.30414 11.6307
      vertex -14.6574 0.979518 11.5125
      vertex -14.3948 1.6223 11.7465
    endloop
  endfacet
  facet normal -0.928667 0.348547 0.126861
    outer loop
      vertex -14.535 1.30414 11.6307
      vertex -14.5331 1.54804 10.9745
      vertex -14.535 1.54356 10.9729
    endloop
  endfacet
  facet normal -0.923922 0.359477 0.130937
    outer loop
      vertex -14.5331 1.54804 10.9745
      vertex -14.535 1.30414 11.6307
      vertex -14.3948 1.6223 11.7465
    endloop
  endfacet
  facet normal -0.688419 0.681571 0.248072
    outer loop
      vertex -12.9497 3.8375 11.8078
      vertex -12.6839 3.83514 12.5519
      vertex -12.6839 4.07456 11.8941
    endloop
  endfacet
  facet normal -0.688406 0.681586 0.248067
    outer loop
      vertex -12.6839 3.83514 12.5519
      vertex -12.9497 3.8375 11.8078
      vertex -12.9497 3.59809 12.4656
    endloop
  endfacet
  facet normal -0.721603 0.650558 0.236774
    outer loop
      vertex -12.9533 3.83398 11.8065
      vertex -12.9497 3.59809 12.4656
      vertex -12.9497 3.8375 11.8078
    endloop
  endfacet
  facet normal -0.725318 0.646887 0.235481
    outer loop
      vertex -12.9497 3.59809 12.4656
      vertex -12.9533 3.83398 11.8065
      vertex -13.202 3.34829 12.3747
    endloop
  endfacet
  facet normal 0.000204336 -0.342521 0.93951
    outer loop
      vertex 10.8472 -7.0623 8.58554
      vertex 10.1631 -7.30905 8.49573
      vertex 10.5086 -7.19408 8.53757
    endloop
  endfacet
  facet normal 0.333804 -0.88579 -0.322414
    outer loop
      vertex 10.5037 -6.95629 7.8792
      vertex 10.5086 -7.19408 8.53757
      vertex 10.1631 -7.30905 8.49573
    endloop
  endfacet
  facet normal 0.331324 -0.886619 -0.322695
    outer loop
      vertex 10.5086 -7.19408 8.53757
      vertex 10.5037 -6.95629 7.8792
      vertex 10.5086 -6.95467 7.87978
    endloop
  endfacet
  facet normal 0.477145 -0.825834 -0.300552
    outer loop
      vertex 11.4955 -6.51262 8.04068
      vertex 11.5 -6.74972 8.69931
      vertex 11.1779 -6.91405 8.63949
    endloop
  endfacet
  facet normal 0.480779 -0.82396 -0.299902
    outer loop
      vertex 11.5 -6.74972 8.69931
      vertex 11.4955 -6.51262 8.04068
      vertex 11.5 -6.5103 8.04152
    endloop
  endfacet
  facet normal 0.852002 -0.491966 -0.179057
    outer loop
      vertex 14.0622 -4.34207 9.57562
      vertex 14.0595 -4.10679 8.91633
      vertex 14.0622 -4.10266 8.91783
    endloop
  endfacet
  facet normal 0.852621 -0.491016 -0.17872
    outer loop
      vertex 14.0595 -4.10679 8.91633
      vertex 14.0622 -4.34207 9.57562
      vertex 13.8707 -4.6357 9.46875
    endloop
  endfacet
  facet normal 0.94265 -0.313657 -0.114152
    outer loop
      vertex 14.6574 -3.08581 10.0329
      vertex 14.5368 -3.16645 9.25858
      vertex 14.6574 -2.8464 9.37507
    endloop
  endfacet
  facet normal 0.956985 -0.272637 -0.0992409
    outer loop
      vertex 14.7615 -2.75561 10.153
      vertex 14.76 -2.52084 9.49357
      vertex 14.7615 -2.51619 9.49526
    endloop
  endfacet
  facet normal 0.958804 -0.266919 -0.0972093
    outer loop
      vertex 14.76 -2.52084 9.49357
      vertex 14.7615 -2.75561 10.153
      vertex 14.6574 -3.08581 10.0329
    endloop
  endfacet
  facet normal 0 -0.342035 0.939687
    outer loop
      vertex -9.09503 5.44372 13.1374
      vertex 11.5 4.64342 12.8461
      vertex 9.09503 5.44372 13.1374
    endloop
  endfacet
  facet normal 0 -0.342035 0.939687
    outer loop
      vertex 11.5 4.64342 12.8461
      vertex -9.09503 5.44372 13.1374
      vertex -11.5 4.64342 12.8461
    endloop
  endfacet
  facet normal -0.00232396 -0.348569 0.93728
    outer loop
      vertex 10.1631 5.20276 13.0497
      vertex 9.81172 5.30056 13.0852
      vertex 10.5086 5.08779 13.0078
    endloop
  endfacet
  facet normal 0.333853 0.885782 0.322385
    outer loop
      vertex 10.5086 5.08779 13.0078
      vertex 10.1631 5.44217 12.3919
      vertex 10.1631 5.20276 13.0497
    endloop
  endfacet
  facet normal 0.33383 0.885785 0.3224
    outer loop
      vertex 10.1631 5.44217 12.3919
      vertex 10.5086 5.08779 13.0078
      vertex 10.5086 5.32721 12.35
    endloop
  endfacet
  facet normal -0.082498 0.936473 0.340901
    outer loop
      vertex -8.37149 5.75472 12.5056
      vertex -8.36635 5.51568 13.1635
      vertex -8.36635 5.7551 12.5058
    endloop
  endfacet
  facet normal -0.0784559 0.936789 0.340984
    outer loop
      vertex -8.36635 5.51568 13.1635
      vertex -8.37149 5.75472 12.5056
      vertex -8.73169 5.48865 13.1537
    endloop
  endfacet
  facet normal -0.0262083 0.939364 0.341919
    outer loop
      vertex -8.36119 5.75522 12.5058
      vertex -8.36635 5.51568 13.1635
      vertex -8 5.5247 13.1668
    endloop
  endfacet
  facet normal -0.0218477 0.939451 0.341985
    outer loop
      vertex -8.36635 5.51568 13.1635
      vertex -8.36119 5.75522 12.5058
      vertex -8.36635 5.7551 12.5058
    endloop
  endfacet
  facet normal 0.923922 -0.359508 -0.130852
    outer loop
      vertex 14.535 -3.41044 9.91471
      vertex 14.3948 -3.48918 9.14112
      vertex 14.535 -3.17102 9.25692
    endloop
  endfacet
  facet normal 0.923918 -0.359518 -0.130851
    outer loop
      vertex 14.3948 -3.48918 9.14112
      vertex 14.535 -3.41044 9.91471
      vertex 14.3948 -3.72859 9.79891
    endloop
  endfacet
  facet normal 0.991467 -0.122494 -0.0445877
    outer loop
      vertex 14.9616 -1.74071 10.5224
      vertex 14.9145 -1.83792 9.74213
      vertex 14.9616 -1.50129 9.86465
    endloop
  endfacet
  facet normal 0.999657 0.0246159 0.00895924
    outer loop
      vertex 14.9904 -0.708891 10.898
      vertex 15 -0.813731 10.1149
      vertex 14.9904 -0.469477 10.2402
    endloop
  endfacet
  facet normal 0.999657 0.0246155 0.00895929
    outer loop
      vertex 15 -1.05315 10.7727
      vertex 15 -0.813731 10.1149
      vertex 14.9904 -0.708891 10.898
    endloop
  endfacet
  facet normal 0.997008 0.0726387 0.0264417
    outer loop
      vertex 14.9616 -0.365582 11.0229
      vertex 14.962 -0.131003 10.3634
      vertex 14.9616 -0.126168 10.3652
    endloop
  endfacet
  facet normal 0.996907 0.073853 0.0268736
    outer loop
      vertex 14.962 -0.131003 10.3634
      vertex 14.9616 -0.365582 11.0229
      vertex 14.9904 -0.708891 10.898
    endloop
  endfacet
  facet normal 0.972399 0.219254 0.0798042
    outer loop
      vertex 14.847 0.314452 11.2705
      vertex 14.8458 0.558582 10.6144
      vertex 14.7615 0.649315 11.3923
    endloop
  endfacet
  facet normal 0.972525 0.218761 0.0796205
    outer loop
      vertex 14.8458 0.558582 10.6144
      vertex 14.847 0.314452 11.2705
      vertex 14.847 0.553866 10.6127
    endloop
  endfacet
  facet normal 0.981286 0.180945 0.0658569
    outer loop
      vertex 14.847 0.314452 11.2705
      vertex 14.848 0.549098 10.6109
      vertex 14.847 0.553866 10.6127
    endloop
  endfacet
  facet normal 0.983249 0.171249 0.0624108
    outer loop
      vertex 14.848 0.549098 10.6109
      vertex 14.847 0.314452 11.2705
      vertex 14.9138 -0.0241528 11.1472
    endloop
  endfacet
  facet normal 0.852604 0.491045 0.178719
    outer loop
      vertex 14.0622 2.47519 11.312
      vertex 13.8734 2.76468 11.4173
      vertex 14.0622 2.23578 11.9698
    endloop
  endfacet
  facet normal 0.8525 0.491202 0.178783
    outer loop
      vertex 13.8707 2.5294 12.0766
      vertex 13.8734 2.76468 11.4173
      vertex 13.8707 2.76882 11.4188
    endloop
  endfacet
  facet normal 0.852596 0.491055 0.178731
    outer loop
      vertex 13.8734 2.76468 11.4173
      vertex 13.8707 2.5294 12.0766
      vertex 14.0622 2.23578 11.9698
    endloop
  endfacet
  facet normal 0.725359 0.646857 0.235437
    outer loop
      vertex 13.202 3.58771 11.7169
      vertex 12.9533 3.83398 11.8065
      vertex 13.202 3.34829 12.3747
    endloop
  endfacet
  facet normal 9.41429e-05 -0.341914 0.939731
    outer loop
      vertex 12.4052 4.0588 12.6333
      vertex 11.5 4.64342 12.8461
      vertex 13.44 3.08641 12.2794
    endloop
  endfacet
  facet normal 0.000250952 -0.341766 0.939785
    outer loop
      vertex 13.202 3.34829 12.3747
      vertex 12.4052 4.0588 12.6333
      vertex 13.44 3.08641 12.2794
    endloop
  endfacet
  facet normal 0.566428 0.774415 0.281853
    outer loop
      vertex 12.1145 4.26844 12.7096
      vertex 11.8125 4.7029 12.1228
      vertex 11.8125 4.46349 12.7806
    endloop
  endfacet
  facet normal 0.56641 0.774422 0.281867
    outer loop
      vertex 11.8125 4.7029 12.1228
      vertex 12.1145 4.26844 12.7096
      vertex 12.1145 4.50786 12.0518
    endloop
  endfacet
  facet normal 0.000302128 -0.341639 0.939831
    outer loop
      vertex 12.1145 4.26844 12.7096
      vertex 11.8125 4.46349 12.7806
      vertex 12.4052 4.0588 12.6333
    endloop
  endfacet
  facet normal 0.64938 -0.714603 -0.260092
    outer loop
      vertex 12.68 -5.70517 8.33456
      vertex 12.4052 -6.16509 8.91209
      vertex 12.4052 -5.92568 8.25431
    endloop
  endfacet
  facet normal 0.649407 -0.71458 -0.26009
    outer loop
      vertex 12.4052 -6.16509 8.91209
      vertex 12.6839 -5.70202 8.33571
      vertex 12.6839 -5.94144 8.9935
    endloop
  endfacet
  facet normal 0.651965 -0.713121 -0.257681
    outer loop
      vertex 12.6839 -5.70202 8.33571
      vertex 12.4052 -6.16509 8.91209
      vertex 12.68 -5.70517 8.33456
    endloop
  endfacet
  facet normal 0.942589 -0.313849 -0.114123
    outer loop
      vertex 14.535 -3.41044 9.91471
      vertex 14.5368 -3.16645 9.25858
      vertex 14.6574 -3.08581 10.0329
    endloop
  endfacet
  facet normal 0.937799 -0.326241 -0.118744
    outer loop
      vertex 14.5368 -3.16645 9.25858
      vertex 14.535 -3.41044 9.91471
      vertex 14.535 -3.17102 9.25692
    endloop
  endfacet
  facet normal 0.878828 -0.448365 -0.163188
    outer loop
      vertex 14.2346 -3.80427 9.02643
      vertex 14.0622 -4.34207 9.57562
      vertex 14.0622 -4.10266 8.91783
    endloop
  endfacet
  facet normal 2.94422e-05 -0.34203 0.939689
    outer loop
      vertex 14.237 -4.03943 9.68577
      vertex 13.8707 -4.6357 9.46875
      vertex 14.0622 -4.34207 9.57562
    endloop
  endfacet
  facet normal 0 -0.341037 0.94005
    outer loop
      vertex -8.73169 5.48865 13.1537
      vertex 9.09503 5.44372 13.1374
      vertex 8.73169 5.48865 13.1537
    endloop
  endfacet
  facet normal 0 -0.341037 0.94005
    outer loop
      vertex 9.09503 5.44372 13.1374
      vertex -8.73169 5.48865 13.1537
      vertex -9.09503 5.44372 13.1374
    endloop
  endfacet
  facet normal -0.0014721 -0.341667 0.93982
    outer loop
      vertex 14.9616 -1.74071 10.5224
      vertex 14.535 -3.41044 9.91471
      vertex 14.9138 -2.08214 10.3982
    endloop
  endfacet
  facet normal 0.00227331 -0.341765 0.939783
    outer loop
      vertex 14.9138 -0.0241528 11.1472
      vertex 14.847 0.314452 11.2705
      vertex 14.9904 -0.708891 10.898
    endloop
  endfacet
  facet normal 0.0041157 -0.341581 0.939843
    outer loop
      vertex 14.9616 -0.365582 11.0229
      vertex 14.9138 -0.0241528 11.1472
      vertex 14.9904 -0.708891 10.898
    endloop
  endfacet
  facet normal 0.983276 0.171137 0.0622871
    outer loop
      vertex 14.9138 0.215261 10.4894
      vertex 14.848 0.549098 10.6109
      vertex 14.9138 -0.0241528 11.1472
    endloop
  endfacet
  facet normal 0.996907 -0.0738495 -0.0268779
    outer loop
      vertex 14.9904 -1.3974 10.6474
      vertex 14.9616 -1.50129 9.86465
      vertex 14.9904 -1.15799 9.9896
    endloop
  endfacet
  facet normal 0.996908 -0.0738431 -0.0268788
    outer loop
      vertex 14.9616 -1.50129 9.86465
      vertex 14.9904 -1.3974 10.6474
      vertex 14.9616 -1.74071 10.5224
    endloop
  endfacet
  facet normal 0.972397 0.219262 0.079803
    outer loop
      vertex 14.7615 0.888729 10.7345
      vertex 14.7615 0.649315 11.3923
      vertex 14.8458 0.558582 10.6144
    endloop
  endfacet
  facet normal 0.824071 0.532324 0.19375
    outer loop
      vertex 13.8707 2.76882 11.4188
      vertex 13.666 3.04862 11.5207
      vertex 13.8707 2.5294 12.0766
    endloop
  endfacet
  facet normal 0.00285243 -0.34018 0.940356
    outer loop
      vertex 13.8707 2.5294 12.0766
      vertex 13.6631 2.81321 12.1799
      vertex 14.0622 2.23578 11.9698
    endloop
  endfacet
  facet normal 0.878903 0.448237 0.163138
    outer loop
      vertex 14.0622 2.23578 11.9698
      vertex 14.237 2.17255 11.2018
      vertex 14.0622 2.47519 11.312
    endloop
  endfacet
  facet normal 0.878908 0.448224 0.163141
    outer loop
      vertex 14.237 2.17255 11.2018
      vertex 14.0622 2.23578 11.9698
      vertex 14.237 1.93313 11.8596
    endloop
  endfacet
  facet normal 0.79331 0.572101 0.208228
    outer loop
      vertex 13.44 3.32583 11.6216
      vertex 13.44 3.08641 12.2794
      vertex 13.66 3.05647 11.5235
    endloop
  endfacet
  facet normal 0.760428 0.610257 0.222116
    outer loop
      vertex 13.202 3.34829 12.3747
      vertex 13.44 3.32583 11.6216
      vertex 13.202 3.58771 11.7169
    endloop
  endfacet
  facet normal 0.760428 0.610257 0.222116
    outer loop
      vertex 13.44 3.32583 11.6216
      vertex 13.202 3.34829 12.3747
      vertex 13.44 3.08641 12.2794
    endloop
  endfacet
  facet normal 0.608815 0.745469 0.271329
    outer loop
      vertex 12.4052 4.0588 12.6333
      vertex 12.1145 4.50786 12.0518
      vertex 12.1145 4.26844 12.7096
    endloop
  endfacet
  facet normal 0.610177 0.744793 0.270126
    outer loop
      vertex 12.1145 4.50786 12.0518
      vertex 12.4052 4.0588 12.6333
      vertex 12.1186 4.5049 12.0507
    endloop
  endfacet
  facet normal 0.522461 0.801241 0.29163
    outer loop
      vertex 11.5044 4.8803 12.1874
      vertex 11.5 4.64342 12.8461
      vertex 11.8125 4.46349 12.7806
    endloop
  endfacet
  facet normal 0.522261 0.801356 0.29167
    outer loop
      vertex 11.5 4.64342 12.8461
      vertex 11.5044 4.8803 12.1874
      vertex 11.5 4.88284 12.1883
    endloop
  endfacet
  facet normal 0.000166228 -0.341815 0.939767
    outer loop
      vertex 11.8125 4.46349 12.7806
      vertex 11.5 4.64342 12.8461
      vertex 12.4052 4.0588 12.6333
    endloop
  endfacet
  facet normal 0.797422 -0.567029 -0.206388
    outer loop
      vertex 13.6631 -4.9195 9.36545
      vertex 13.66 -4.68393 8.70627
      vertex 13.6631 -4.68008 8.70767
    endloop
  endfacet
  facet normal 0.793348 -0.57207 -0.208171
    outer loop
      vertex 13.66 -4.68393 8.70627
      vertex 13.6631 -4.9195 9.36545
      vertex 13.44 -5.19271 9.26601
    endloop
  endfacet
  facet normal 0.000216629 -0.342175 0.939636
    outer loop
      vertex 13.8707 -4.6357 9.46875
      vertex 13.44 -5.19271 9.26601
      vertex 13.6631 -4.9195 9.36545
    endloop
  endfacet
  facet normal 1.65019e-05 -0.342033 0.939688
    outer loop
      vertex 12.1145 -6.37473 8.83579
      vertex 11.5 -6.74972 8.69931
      vertex 11.8125 -6.56978 8.7648
    endloop
  endfacet
  facet normal 0.566421 -0.774402 -0.281902
    outer loop
      vertex 11.8125 -6.56978 8.7648
      vertex 11.8167 -6.32762 8.10801
      vertex 12.1145 -6.37473 8.83579
    endloop
  endfacet
  facet normal 0.571648 -0.771019 -0.280621
    outer loop
      vertex 11.8167 -6.32762 8.10801
      vertex 11.8125 -6.56978 8.7648
      vertex 11.8125 -6.33037 8.10701
    endloop
  endfacet
  facet normal 0.0047465 -0.343129 0.939276
    outer loop
      vertex 14.847 -2.42074 10.2749
      vertex 14.6574 -3.08581 10.0329
      vertex 14.7615 -2.75561 10.153
    endloop
  endfacet
  facet normal 0.00294261 -0.342677 0.939449
    outer loop
      vertex 14.9138 -2.08214 10.3982
      vertex 14.6574 -3.08581 10.0329
      vertex 14.847 -2.42074 10.2749
    endloop
  endfacet
  facet normal 0.00070914 -0.342182 0.939633
    outer loop
      vertex 14.9904 -1.3974 10.6474
      vertex 14.3948 -3.72859 9.79891
      vertex 14.9616 -1.74071 10.5224
    endloop
  endfacet
  facet normal -0.000173479 -0.34196 0.939714
    outer loop
      vertex 14.9616 -1.74071 10.5224
      vertex 14.3948 -3.72859 9.79891
      vertex 14.535 -3.41044 9.91471
    endloop
  endfacet
  facet normal -0.130421 0.931666 0.339099
    outer loop
      vertex -8.73169 5.72807 12.4959
      vertex -9.09503 5.44372 13.1374
      vertex -8.73169 5.48865 13.1537
    endloop
  endfacet
  facet normal -0.130446 0.931668 0.339086
    outer loop
      vertex -9.09503 5.44372 13.1374
      vertex -8.73169 5.72807 12.4959
      vertex -9.09503 5.68313 12.4796
    endloop
  endfacet
  facet normal -3.19102e-05 -0.342015 0.939694
    outer loop
      vertex 14.9904 -1.3974 10.6474
      vertex 14.237 -4.03943 9.68577
      vertex 14.3948 -3.72859 9.79891
    endloop
  endfacet
  facet normal 0.883929 -0.439418 -0.15994
    outer loop
      vertex 14.237 -4.03943 9.68577
      vertex 14.2346 -3.80427 9.02643
      vertex 14.237 -3.80001 9.02799
    endloop
  endfacet
  facet normal 0.878892 -0.448278 -0.163082
    outer loop
      vertex 14.2346 -3.80427 9.02643
      vertex 14.237 -4.03943 9.68577
      vertex 14.0622 -4.34207 9.57562
    endloop
  endfacet
  facet normal -0.00122043 -0.342479 0.939525
    outer loop
      vertex 14.3948 1.6223 11.7465
      vertex 14.237 1.93313 11.8596
      vertex 14.7615 0.649315 11.3923
    endloop
  endfacet
  facet normal 0.000242339 -0.341993 0.939703
    outer loop
      vertex 14.6574 0.979518 11.5125
      vertex 14.3948 1.6223 11.7465
      vertex 14.7615 0.649315 11.3923
    endloop
  endfacet
  facet normal 0.688419 0.681571 0.248072
    outer loop
      vertex 12.6839 3.83514 12.5519
      vertex 12.9497 3.8375 11.8078
      vertex 12.6839 4.07456 11.8941
    endloop
  endfacet
  facet normal 0.688406 0.681586 0.248067
    outer loop
      vertex 12.9497 3.8375 11.8078
      vertex 12.6839 3.83514 12.5519
      vertex 12.9497 3.59809 12.4656
    endloop
  endfacet
  facet normal 0.649416 0.714571 0.26009
    outer loop
      vertex 12.6839 3.83514 12.5519
      vertex 12.68 4.07771 11.8952
      vertex 12.4052 4.0588 12.6333
    endloop
  endfacet
  facet normal 0.650049 0.714065 0.259899
    outer loop
      vertex 12.68 4.07771 11.8952
      vertex 12.6839 3.83514 12.5519
      vertex 12.6839 4.07456 11.8941
    endloop
  endfacet
  facet normal 0.958838 -0.26683 -0.09711
    outer loop
      vertex 14.76 -2.52084 9.49357
      vertex 14.6574 -3.08581 10.0329
      vertex 14.6574 -2.8464 9.37507
    endloop
  endfacet
  facet normal 0.938116 0.325436 0.118449
    outer loop
      vertex 14.535 1.30414 11.6307
      vertex 14.5368 1.53899 10.9712
      vertex 14.535 1.54356 10.9729
    endloop
  endfacet
  facet normal 0.942588 0.313784 0.114312
    outer loop
      vertex 14.5368 1.53899 10.9712
      vertex 14.535 1.30414 11.6307
      vertex 14.6574 0.979518 11.5125
    endloop
  endfacet
  facet normal -0.00218563 -0.342868 0.939381
    outer loop
      vertex 14.535 1.30414 11.6307
      vertex 14.3948 1.6223 11.7465
      vertex 14.6574 0.979518 11.5125
    endloop
  endfacet
  facet normal -0.983257 -0.171238 -0.0623243
    outer loop
      vertex -2.86402 0.463699 8.98358
      vertex -2.91363 -0.0372065 11.1425
      vertex -2.91363 0.715238 9.07514
    endloop
  endfacet
  facet normal -0.983258 -0.171229 -0.0623224
    outer loop
      vertex -2.91363 -0.0372065 11.1425
      vertex -2.86402 0.463699 8.98358
      vertex -2.86402 -0.288745 11.0509
    endloop
  endfacet
  facet normal 0.942614 0.313749 0.114196
    outer loop
      vertex -12.9455 -2.56313 10.2231
      vertex -12.8546 -2.05183 8.06801
      vertex -12.9455 -1.81068 8.15578
    endloop
  endfacet
  facet normal 0.942618 0.313737 0.114194
    outer loop
      vertex -12.8546 -2.05183 8.06801
      vertex -12.9455 -2.56313 10.2231
      vertex -12.8546 -2.80428 10.1353
    endloop
  endfacet
  facet normal -0.996917 0.0737277 0.0268349
    outer loop
      vertex -2.82849 -0.81147 8.51946
      vertex -2.80713 -1.30888 10.6796
      vertex -2.80713 -0.556436 8.61229
    endloop
  endfacet
  facet normal -0.996917 0.0737317 0.0268358
    outer loop
      vertex -2.80713 -1.30888 10.6796
      vertex -2.82849 -0.81147 8.51946
      vertex -2.82849 -1.56391 10.5868
    endloop
  endfacet
  facet normal -0.996917 -0.0737278 -0.0268347
    outer loop
      vertex -2.80713 -0.0449681 8.79844
      vertex -2.82849 -0.542379 10.9586
      vertex -2.82849 0.210066 8.89127
    endloop
  endfacet
  facet normal -0.996917 -0.0737309 -0.0268354
    outer loop
      vertex -2.82849 -0.542379 10.9586
      vertex -2.80713 -0.0449681 8.79844
      vertex -2.80713 -0.797412 10.8658
    endloop
  endfacet
  facet normal -0.87882 0.448378 0.163197
    outer loop
      vertex -3.49667 -2.7439 7.81611
      vertex -3.36677 -3.27153 9.96527
      vertex -3.36677 -2.51908 7.89794
    endloop
  endfacet
  facet normal -0.87882 0.448378 0.163197
    outer loop
      vertex -3.36677 -3.27153 9.96527
      vertex -3.49667 -2.7439 7.81611
      vertex -3.49667 -3.49635 9.88344
    endloop
  endfacet
  facet normal -0.688366 -0.681618 -0.24809
    outer loop
      vertex -4.32304 3.15451 9.96296
      vertex -4.52052 2.57816 12.0944
      vertex -4.52052 3.3306 10.0271
    endloop
  endfacet
  facet normal -0.688358 -0.681626 -0.248091
    outer loop
      vertex -4.52052 2.57816 12.0944
      vertex -4.32304 3.15451 9.96296
      vertex -4.32304 2.40206 12.0303
    endloop
  endfacet
  facet normal 0.996906 0.0738649 0.0268848
    outer loop
      vertex -13.1929 -1.30888 10.6796
      vertex -13.1715 -0.81147 8.51946
      vertex -13.1929 -0.556436 8.61229
    endloop
  endfacet
  facet normal 0.996905 0.0738689 0.0268857
    outer loop
      vertex -13.1715 -0.81147 8.51946
      vertex -13.1929 -1.30888 10.6796
      vertex -13.1715 -1.56391 10.5868
    endloop
  endfacet
  facet normal -0.95882 -0.266887 -0.0971379
    outer loop
      vertex -2.97719 0.963991 9.16568
      vertex -3.05451 0.456834 11.3223
      vertex -3.05451 1.20928 9.25495
    endloop
  endfacet
  facet normal -0.958822 -0.266879 -0.0971361
    outer loop
      vertex -3.05451 0.456834 11.3223
      vertex -2.97719 0.963991 9.16568
      vertex -2.97719 0.211547 11.233
    endloop
  endfacet
  facet normal 0.972331 -0.21952 -0.0798988
    outer loop
      vertex -13.0228 0.211547 11.233
      vertex -13.0864 0.715238 9.07514
      vertex -13.0228 0.963991 9.16568
    endloop
  endfacet
  facet normal 0.972328 -0.219531 -0.0799012
    outer loop
      vertex -13.0864 0.715238 9.07514
      vertex -13.0228 0.211547 11.233
      vertex -13.0864 -0.0372064 11.1425
    endloop
  endfacet
  facet normal -0.760404 0.610283 0.222127
    outer loop
      vertex -4.13565 -3.57034 7.51531
      vertex -3.95884 -4.12826 9.65344
      vertex -3.95884 -3.37581 7.58612
    endloop
  endfacet
  facet normal -0.760399 0.610289 0.222128
    outer loop
      vertex -3.95884 -4.12826 9.65344
      vertex -4.13565 -3.57034 7.51531
      vertex -4.13565 -4.32279 9.58264
    endloop
  endfacet
  facet normal -0.902573 -0.404571 -0.147254
    outer loop
      vertex -3.24956 1.68678 9.42875
      vertex -3.36677 1.16523 11.5801
      vertex -3.36677 1.91768 9.51279
    endloop
  endfacet
  facet normal -0.902563 -0.404593 -0.147259
    outer loop
      vertex -3.36677 1.16523 11.5801
      vertex -3.24956 1.68678 9.42875
      vertex -3.24956 0.934332 11.4961
    endloop
  endfacet
  facet normal -0.649396 -0.714588 -0.260094
    outer loop
      vertex -4.72753 3.49675 10.0875
      vertex -4.52052 2.57816 12.0944
      vertex -4.72753 2.7443 12.1548
    endloop
  endfacet
  facet normal -0.649416 -0.714573 -0.260085
    outer loop
      vertex -4.52052 2.57816 12.0944
      vertex -4.72753 3.49675 10.0875
      vertex -4.52052 3.3306 10.0271
    endloop
  endfacet
  facet normal -0.942648 -0.313656 -0.114164
    outer loop
      vertex -3.05451 1.20928 9.25495
      vertex -3.14538 0.697983 11.41
      vertex -3.14538 1.45043 9.34272
    endloop
  endfacet
  facet normal -0.942638 -0.313685 -0.114171
    outer loop
      vertex -3.14538 0.697983 11.41
      vertex -3.05451 1.20928 9.25495
      vertex -3.05451 0.456834 11.3223
    endloop
  endfacet
  facet normal -0.284054 -0.900983 -0.327937
    outer loop
      vertex -6.65414 4.4192 10.4233
      vertex -6.39311 3.5941 12.4641
      vertex -6.65414 3.66675 12.4906
    endloop
  endfacet
  facet normal -0.284086 -0.900975 -0.32793
    outer loop
      vertex -6.39311 3.5941 12.4641
      vertex -6.65414 4.4192 10.4233
      vertex -6.39311 4.34654 10.3968
    endloop
  endfacet
  facet normal -0.793355 -0.572045 -0.20821
    outer loop
      vertex -3.79311 2.57145 9.75074
      vertex -3.95884 2.02197 11.8919
      vertex -3.95884 2.77441 9.82461
    endloop
  endfacet
  facet normal -0.793323 -0.572088 -0.208218
    outer loop
      vertex -3.95884 2.02197 11.8919
      vertex -3.79311 2.57145 9.75074
      vertex -3.79311 1.81901 11.8181
    endloop
  endfacet
  facet normal 0.0784472 -0.936801 -0.340953
    outer loop
      vertex -8.54355 3.80649 12.5415
      vertex -8.27215 4.579 10.4814
      vertex -8.27215 3.82656 12.5488
    endloop
  endfacet
  facet normal 0.0784472 -0.936801 -0.340953
    outer loop
      vertex -8.27215 4.579 10.4814
      vertex -8.54355 3.80649 12.5415
      vertex -8.54355 4.55893 10.4741
    endloop
  endfacet
  facet normal 0.649465 0.714535 0.260068
    outer loop
      vertex -11.2725 -4.85059 9.39053
      vertex -11.4795 -3.93201 7.38368
      vertex -11.4795 -4.68445 9.451
    endloop
  endfacet
  facet normal 0.649465 0.714535 0.260068
    outer loop
      vertex -11.4795 -3.93201 7.38368
      vertex -11.2725 -4.85059 9.39053
      vertex -11.2725 -4.09815 7.32321
    endloop
  endfacet
  facet normal 0.284054 -0.900983 -0.327937
    outer loop
      vertex -9.60689 3.5941 12.4641
      vertex -9.34586 4.4192 10.4233
      vertex -9.34586 3.66675 12.4906
    endloop
  endfacet
  facet normal 0.284086 -0.900975 -0.32793
    outer loop
      vertex -9.34586 4.4192 10.4233
      vertex -9.60689 3.5941 12.4641
      vertex -9.60689 4.34654 10.3968
    endloop
  endfacet
  facet normal -0.902573 0.404572 0.147251
    outer loop
      vertex -3.36677 -2.51908 7.89794
      vertex -3.24956 -3.04062 10.0493
      vertex -3.24956 -2.28818 7.98198
    endloop
  endfacet
  facet normal -0.902577 0.404563 0.14725
    outer loop
      vertex -3.24956 -3.04062 10.0493
      vertex -3.36677 -2.51908 7.89794
      vertex -3.36677 -3.27153 9.96527
    endloop
  endfacet
  facet normal -0.852654 0.490967 0.178698
    outer loop
      vertex -3.63891 -2.96203 7.73672
      vertex -3.49667 -3.49635 9.88344
      vertex -3.49667 -2.7439 7.81611
    endloop
  endfacet
  facet normal -0.852644 0.490982 0.178701
    outer loop
      vertex -3.49667 -3.49635 9.88344
      vertex -3.63891 -2.96203 7.73672
      vertex -3.63891 -3.71447 9.80405
    endloop
  endfacet
  facet normal 0.382795 -0.868122 -0.315961
    outer loop
      vertex -10.115 3.4108 12.3974
      vertex -9.86351 4.26115 10.3657
      vertex -9.86351 3.5087 12.4331
    endloop
  endfacet
  facet normal 0.382687 -0.868159 -0.31599
    outer loop
      vertex -9.86351 4.26115 10.3657
      vertex -10.115 3.4108 12.3974
      vertex -10.115 4.16325 10.3301
    endloop
  endfacet
  facet normal -0.991447 -0.12264 -0.0446375
    outer loop
      vertex -2.82849 0.210066 8.89127
      vertex -2.86402 -0.288745 11.0509
      vertex -2.86402 0.463699 8.98358
    endloop
  endfacet
  facet normal -0.991447 -0.122641 -0.0446377
    outer loop
      vertex -2.86402 -0.288745 11.0509
      vertex -2.82849 0.210066 8.89127
      vertex -2.82849 -0.542379 10.9586
    endloop
  endfacet
  facet normal -0.566437 -0.774408 -0.281853
    outer loop
      vertex -5.16788 3.79738 10.1969
      vertex -4.94352 2.90004 12.2115
      vertex -5.16788 3.04493 12.2643
    endloop
  endfacet
  facet normal -0.566375 -0.774445 -0.281876
    outer loop
      vertex -4.94352 2.90004 12.2115
      vertex -5.16788 3.79738 10.1969
      vertex -4.94352 3.65248 10.1442
    endloop
  endfacet
  facet normal -0.182242 -0.923954 -0.336298
    outer loop
      vertex -7.18654 4.52554 10.462
      vertex -6.91886 3.72648 12.5123
      vertex -7.18654 3.77309 12.5293
    endloop
  endfacet
  facet normal -0.182276 -0.92395 -0.336292
    outer loop
      vertex -6.91886 3.72648 12.5123
      vertex -7.18654 4.52554 10.462
      vertex -6.91886 4.47892 10.445
    endloop
  endfacet
  facet normal -0.130517 0.931653 0.339097
    outer loop
      vertex -7.18654 -5.12694 6.94876
      vertex -7.45645 -5.91278 9.00393
      vertex -7.18654 -5.87939 9.01608
    endloop
  endfacet
  facet normal -0.130564 0.93165 0.33909
    outer loop
      vertex -7.45645 -5.91278 9.00393
      vertex -7.18654 -5.12694 6.94876
      vertex -7.45645 -5.16034 6.9366
    endloop
  endfacet
  facet normal -0.522465 -0.801237 -0.291632
    outer loop
      vertex -5.4 3.93105 10.2456
      vertex -5.16788 3.04493 12.2643
      vertex -5.4 3.1786 12.3129
    endloop
  endfacet
  facet normal -0.522557 -0.801189 -0.2916
    outer loop
      vertex -5.16788 3.04493 12.2643
      vertex -5.4 3.93105 10.2456
      vertex -5.16788 3.79738 10.1969
    endloop
  endfacet
  facet normal 0.130613 -0.931647 -0.339077
    outer loop
      vertex -8.81346 3.77309 12.5293
      vertex -8.54355 4.55893 10.4741
      vertex -8.54355 3.80649 12.5415
    endloop
  endfacet
  facet normal 0.130456 -0.93166 -0.339103
    outer loop
      vertex -8.54355 4.55893 10.4741
      vertex -8.81346 3.77309 12.5293
      vertex -8.81346 4.52554 10.462
    endloop
  endfacet
  facet normal -0.0784472 -0.936801 -0.340953
    outer loop
      vertex -7.72785 4.579 10.4814
      vertex -7.45645 3.80649 12.5415
      vertex -7.72785 3.82656 12.5488
    endloop
  endfacet
  facet normal -0.0784472 -0.936801 -0.340953
    outer loop
      vertex -7.45645 3.80649 12.5415
      vertex -7.72785 4.579 10.4814
      vertex -7.45645 4.55893 10.4741
    endloop
  endfacet
  facet normal 0.85271 -0.490881 -0.178668
    outer loop
      vertex -12.3611 1.60818 11.7413
      vertex -12.5033 2.1425 9.59462
      vertex -12.3611 2.36062 9.67401
    endloop
  endfacet
  facet normal 0.852723 -0.49086 -0.178664
    outer loop
      vertex -12.5033 2.1425 9.59462
      vertex -12.3611 1.60818 11.7413
      vertex -12.5033 1.39005 11.6619
    endloop
  endfacet
  facet normal -0.999657 -0.024611 -0.00895752
    outer loop
      vertex -2.8 -0.300702 8.70537
      vertex -2.80713 -0.797412 10.8658
      vertex -2.80713 -0.0449681 8.79844
    endloop
  endfacet
  facet normal -0.999657 -0.0246097 -0.00895722
    outer loop
      vertex -2.80713 -0.797412 10.8658
      vertex -2.8 -0.300702 8.70537
      vertex -2.8 -1.05315 10.7727
    endloop
  endfacet
  facet normal 0.477213 -0.82579 -0.300565
    outer loop
      vertex -10.6 3.1786 12.3129
      vertex -10.3608 4.05311 10.29
      vertex -10.3608 3.30067 12.3573
    endloop
  endfacet
  facet normal 0.477186 -0.825802 -0.300573
    outer loop
      vertex -10.3608 4.05311 10.29
      vertex -10.6 3.1786 12.3129
      vertex -10.6 3.93105 10.2456
    endloop
  endfacet
  facet normal -0.000656576 -0.342005 0.939698
    outer loop
      vertex -2.80713 -0.0449681 8.79844
      vertex -2.80713 -0.556436 8.61229
      vertex -2.8 -0.300702 8.70537
    endloop
  endfacet
  facet normal 0.000427269 -0.342005 0.939698
    outer loop
      vertex -2.82849 0.210066 8.89127
      vertex -2.80713 -0.556436 8.61229
      vertex -2.80713 -0.0449681 8.79844
    endloop
  endfacet
  facet normal -0.000215127 -0.342021 0.939692
    outer loop
      vertex -2.82849 0.210066 8.89127
      vertex -2.82849 -0.81147 8.51946
      vertex -2.80713 -0.556436 8.61229
    endloop
  endfacet
  facet normal -0.000137156 -0.342021 0.939692
    outer loop
      vertex -2.86402 0.463699 8.98358
      vertex -2.82849 -0.81147 8.51946
      vertex -2.82849 0.210066 8.89127
    endloop
  endfacet
  facet normal 6.75593e-05 -0.342016 0.939694
    outer loop
      vertex -2.86402 0.463699 8.98358
      vertex -2.86402 -1.0651 8.42715
      vertex -2.82849 -0.81147 8.51946
    endloop
  endfacet
  facet normal 0.000160953 -0.342016 0.939694
    outer loop
      vertex -2.91363 0.715238 9.07514
      vertex -2.86402 -1.0651 8.42715
      vertex -2.86402 0.463699 8.98358
    endloop
  endfacet
  facet normal -0.000115061 -0.342023 0.939692
    outer loop
      vertex -2.91363 0.715238 9.07514
      vertex -2.91363 -1.31664 8.33559
      vertex -2.86402 -1.0651 8.42715
    endloop
  endfacet
  facet normal 6.93399e-06 -0.342023 0.939692
    outer loop
      vertex -2.97719 0.963991 9.16568
      vertex -2.91363 -1.31664 8.33559
      vertex -2.91363 0.715238 9.07514
    endloop
  endfacet
  facet normal 2.83931e-05 -0.342022 0.939692
    outer loop
      vertex -2.97719 0.963991 9.16568
      vertex -2.97719 -1.5654 8.24505
      vertex -2.91363 -1.31664 8.33559
    endloop
  endfacet
  facet normal -0.000104157 -0.342022 0.939692
    outer loop
      vertex -3.05451 1.20928 9.25495
      vertex -2.97719 -1.5654 8.24505
      vertex -2.97719 0.963991 9.16568
    endloop
  endfacet
  facet normal 5.06598e-05 -0.342019 0.939693
    outer loop
      vertex -3.05451 1.20928 9.25495
      vertex -3.05451 -1.81068 8.15578
      vertex -2.97719 -1.5654 8.24505
    endloop
  endfacet
  facet normal -1.01231e-05 -0.342019 0.939693
    outer loop
      vertex -3.14538 1.45043 9.34272
      vertex -3.05451 -1.81068 8.15578
      vertex -3.05451 1.20928 9.25495
    endloop
  endfacet
  facet normal 8.72903e-06 -0.342018 0.939693
    outer loop
      vertex -3.14538 1.45043 9.34272
      vertex -3.14538 -2.05183 8.06801
      vertex -3.05451 -1.81068 8.15578
    endloop
  endfacet
  facet normal 5.5937e-05 -0.342018 0.939693
    outer loop
      vertex -3.24956 1.68678 9.42875
      vertex -3.14538 -2.05183 8.06801
      vertex -3.14538 1.45043 9.34272
    endloop
  endfacet
  facet normal -4.9285e-05 -0.342021 0.939692
    outer loop
      vertex -3.24956 1.68678 9.42875
      vertex -3.24956 -2.28818 7.98198
      vertex -3.14538 -2.05183 8.06801
    endloop
  endfacet
  facet normal -7.16934e-06 -0.342021 0.939692
    outer loop
      vertex -3.36677 1.91768 9.51279
      vertex -3.24956 -2.28818 7.98198
      vertex -3.24956 1.68678 9.42875
    endloop
  endfacet
  facet normal 6.42312e-06 -0.34202 0.939693
    outer loop
      vertex -3.36677 1.91768 9.51279
      vertex -3.36677 -2.51908 7.89794
      vertex -3.24956 -2.28818 7.98198
    endloop
  endfacet
  facet normal 1.54793e-05 -0.34202 0.939693
    outer loop
      vertex -3.49667 2.1425 9.59462
      vertex -3.36677 -2.51908 7.89794
      vertex -3.36677 1.91768 9.51279
    endloop
  endfacet
  facet normal -1.40549e-05 -0.342021 0.939692
    outer loop
      vertex -3.49667 2.1425 9.59462
      vertex -3.49667 -2.7439 7.81611
      vertex -3.36677 -2.51908 7.89794
    endloop
  endfacet
  facet normal 3.64335e-06 -0.342021 0.939692
    outer loop
      vertex -3.63891 2.36062 9.67401
      vertex -3.49667 -2.7439 7.81611
      vertex -3.49667 2.1425 9.59462
    endloop
  endfacet
  facet normal 1.97152e-05 -0.342021 0.939692
    outer loop
      vertex -3.63891 2.36062 9.67401
      vertex -3.63891 -2.96203 7.73672
      vertex -3.49667 -2.7439 7.81611
    endloop
  endfacet
  facet normal -3.65414e-05 -0.342021 0.939692
    outer loop
      vertex -3.79311 2.57145 9.75074
      vertex -3.63891 -2.96203 7.73672
      vertex -3.63891 2.36062 9.67401
    endloop
  endfacet
  facet normal 3.38591e-05 -0.342019 0.939693
    outer loop
      vertex -3.79311 2.57145 9.75074
      vertex -3.79311 -3.17286 7.65999
      vertex -3.63891 -2.96203 7.73672
    endloop
  endfacet
  facet normal -6.35701e-06 -0.342019 0.939693
    outer loop
      vertex -3.95884 2.77441 9.82461
      vertex -3.79311 -3.17286 7.65999
      vertex -3.79311 2.57145 9.75074
    endloop
  endfacet
  facet normal -1.40187e-05 -0.342019 0.939693
    outer loop
      vertex -3.95884 2.77441 9.82461
      vertex -3.95884 -3.37581 7.58612
      vertex -3.79311 -3.17286 7.65999
    endloop
  endfacet
  facet normal 3.76929e-05 -0.342019 0.939693
    outer loop
      vertex -4.13565 2.96894 9.89542
      vertex -3.95884 -3.37581 7.58612
      vertex -3.95884 2.77441 9.82461
    endloop
  endfacet
  facet normal -3.54503e-05 -0.342021 0.939692
    outer loop
      vertex -4.13565 2.96894 9.89542
      vertex -4.13565 -3.57034 7.51531
      vertex -3.95884 -3.37581 7.58612
    endloop
  endfacet
  facet normal -1.07677e-05 -0.342021 0.939692
    outer loop
      vertex -4.32304 3.15451 9.96296
      vertex -4.13565 -3.57034 7.51531
      vertex -4.13565 2.96894 9.89542
    endloop
  endfacet
  facet normal 1.01894e-05 -0.34202 0.939692
    outer loop
      vertex -4.32304 3.15451 9.96296
      vertex -4.32304 -3.75591 7.44777
      vertex -4.13565 -3.57034 7.51531
    endloop
  endfacet
  facet normal 0.000230354 -0.34202 0.939692
    outer loop
      vertex -4.52052 3.3306 10.0271
      vertex -4.32304 -3.75591 7.44777
      vertex -4.32304 3.15451 9.96296
    endloop
  endfacet
  facet normal 2.98683e-05 -0.342025 0.939691
    outer loop
      vertex -4.52052 3.3306 10.0271
      vertex -4.52052 -3.93201 7.38368
      vertex -4.32304 -3.75591 7.44777
    endloop
  endfacet
  facet normal -0.000339134 -0.342025 0.939691
    outer loop
      vertex -4.72753 3.49675 10.0875
      vertex -4.52052 -3.93201 7.38368
      vertex -4.52052 3.3306 10.0271
    endloop
  endfacet
  facet normal -2.66711e-06 -0.342017 0.939694
    outer loop
      vertex -4.72753 3.49675 10.0875
      vertex -4.72753 -4.09815 7.32321
      vertex -4.52052 -3.93201 7.38368
    endloop
  endfacet
  facet normal 8.47502e-05 -0.342017 0.939694
    outer loop
      vertex -4.94352 3.65248 10.1442
      vertex -4.72753 -4.09815 7.32321
      vertex -4.72753 3.49675 10.0875
    endloop
  endfacet
  facet normal -3.87621e-05 -0.34202 0.939693
    outer loop
      vertex -4.94352 3.65248 10.1442
      vertex -4.94352 -4.25388 7.26652
      vertex -4.72753 -4.09815 7.32321
    endloop
  endfacet
  facet normal -0.000164569 -0.34202 0.939693
    outer loop
      vertex -5.16788 3.79738 10.1969
      vertex -4.94352 -4.25388 7.26652
      vertex -4.94352 3.65248 10.1442
    endloop
  endfacet
  facet normal 3.53222e-05 -0.342015 0.939694
    outer loop
      vertex -5.16788 3.79738 10.1969
      vertex -5.16788 -4.39878 7.21379
      vertex -4.94352 -4.25388 7.26652
    endloop
  endfacet
  facet normal 0.000197906 -0.342015 0.939694
    outer loop
      vertex -5.4 3.93105 10.2456
      vertex -5.16788 -4.39878 7.21379
      vertex -5.16788 3.79738 10.1969
    endloop
  endfacet
  facet normal 7.56385e-06 -0.34202 0.939693
    outer loop
      vertex -5.4 3.93105 10.2456
      vertex -5.4 -4.53245 7.16514
      vertex -5.16788 -4.39878 7.21379
    endloop
  endfacet
  facet normal -0.000102814 -0.34202 0.939693
    outer loop
      vertex -5.63925 4.05311 10.29
      vertex -5.4 -4.53245 7.16514
      vertex -5.4 3.93105 10.2456
    endloop
  endfacet
  facet normal -2.15183e-06 -0.342017 0.939694
    outer loop
      vertex -5.63925 4.05311 10.29
      vertex -5.63925 -4.65452 7.12071
      vertex -5.4 -4.53245 7.16514
    endloop
  endfacet
  facet normal 4.84693e-05 -0.342017 0.939694
    outer loop
      vertex -5.88497 4.16325 10.3301
      vertex -5.63925 -4.65452 7.12071
      vertex -5.63925 4.05311 10.29
    endloop
  endfacet
  facet normal -2.32501e-05 -0.342019 0.939693
    outer loop
      vertex -5.88497 4.16325 10.3301
      vertex -5.88497 -4.76465 7.08062
      vertex -5.63925 -4.65452 7.12071
    endloop
  endfacet
  facet normal -0.000121713 -0.342019 0.939693
    outer loop
      vertex -6.13649 4.26115 10.3657
      vertex -5.88497 -4.76465 7.08062
      vertex -5.88497 4.16325 10.3301
    endloop
  endfacet
  facet normal 8.22173e-06 -0.342016 0.939694
    outer loop
      vertex -6.13649 4.26115 10.3657
      vertex -6.13649 -4.86255 7.04499
      vertex -5.88497 -4.76465 7.08062
    endloop
  endfacet
  facet normal 7.69163e-05 -0.342016 0.939694
    outer loop
      vertex -6.39311 4.34654 10.3968
      vertex -6.13649 -4.86255 7.04499
      vertex -6.13649 4.26115 10.3657
    endloop
  endfacet
  facet normal 1.02658e-05 -0.342018 0.939694
    outer loop
      vertex -6.39311 4.34654 10.3968
      vertex -6.39311 -4.94795 7.01391
      vertex -6.13649 -4.86255 7.04499
    endloop
  endfacet
  facet normal 0.000194899 -0.342018 0.939694
    outer loop
      vertex -6.65414 4.4192 10.4233
      vertex -6.39311 -4.94795 7.01391
      vertex -6.39311 4.34654 10.3968
    endloop
  endfacet
  facet normal -2.62885e-05 -0.342023 0.939692
    outer loop
      vertex -6.65414 4.4192 10.4233
      vertex -6.65414 -5.0206 6.98746
      vertex -6.39311 -4.94795 7.01391
    endloop
  endfacet
  facet normal -0.000129623 -0.342023 0.939692
    outer loop
      vertex -6.91886 4.47892 10.445
      vertex -6.65414 -5.0206 6.98746
      vertex -6.65414 4.4192 10.4233
    endloop
  endfacet
  facet normal 2.21763e-05 -0.342019 0.939693
    outer loop
      vertex -6.91886 4.47892 10.445
      vertex -6.91886 -5.08032 6.96573
      vertex -6.65414 -5.0206 6.98746
    endloop
  endfacet
  facet normal 0.000111461 -0.342019 0.939693
    outer loop
      vertex -7.18654 4.52554 10.462
      vertex -6.91886 -5.08032 6.96573
      vertex -6.91886 4.47892 10.445
    endloop
  endfacet
  facet normal -5.57783e-06 -0.342022 0.939692
    outer loop
      vertex -7.18654 4.52554 10.462
      vertex -7.18654 -5.12694 6.94876
      vertex -6.91886 -5.08032 6.96573
    endloop
  endfacet
  facet normal -0.000184698 -0.342022 0.939692
    outer loop
      vertex -7.45645 4.55893 10.4741
      vertex -7.18654 -5.12694 6.94876
      vertex -7.18654 4.52554 10.462
    endloop
  endfacet
  facet normal -1.21157e-05 -0.342018 0.939693
    outer loop
      vertex -7.45645 4.55893 10.4741
      vertex -7.45645 -5.16034 6.9366
      vertex -7.18654 -5.12694 6.94876
    endloop
  endfacet
  facet normal -1.67269e-05 -0.342018 0.939693
    outer loop
      vertex -7.72785 4.579 10.4814
      vertex -7.45645 -5.16034 6.9366
      vertex -7.45645 4.55893 10.4741
    endloop
  endfacet
  facet normal 1.66581e-05 -0.342017 0.939694
    outer loop
      vertex -7.72785 4.579 10.4814
      vertex -7.72785 -5.18041 6.9293
      vertex -7.45645 -5.16034 6.9366
    endloop
  endfacet
  facet normal 0.000212086 -0.342017 0.939694
    outer loop
      vertex -8 4.5857 10.4839
      vertex -7.72785 -5.18041 6.9293
      vertex -7.72785 4.579 10.4814
    endloop
  endfacet
  facet normal -1.73244e-05 -0.342023 0.939692
    outer loop
      vertex -8 4.5857 10.4839
      vertex -8 -5.1871 6.92686
      vertex -7.72785 -5.18041 6.9293
    endloop
  endfacet
  facet normal -0.000211928 -0.342023 0.939692
    outer loop
      vertex -8.27215 4.579 10.4814
      vertex -8 -5.1871 6.92686
      vertex -8 4.5857 10.4839
    endloop
  endfacet
  facet normal 1.74816e-05 -0.342017 0.939694
    outer loop
      vertex -8.27215 4.579 10.4814
      vertex -8.27215 -5.18041 6.9293
      vertex -8 -5.1871 6.92686
    endloop
  endfacet
  facet normal 1.66581e-05 -0.342017 0.939694
    outer loop
      vertex -8.54355 4.55893 10.4741
      vertex -8.27215 -5.18041 6.9293
      vertex -8.27215 4.579 10.4814
    endloop
  endfacet
  facet normal -1.67269e-05 -0.342018 0.939693
    outer loop
      vertex -8.54355 4.55893 10.4741
      vertex -8.54355 -5.16034 6.9366
      vertex -8.27215 -5.18041 6.9293
    endloop
  endfacet
  facet normal 0.000184103 -0.342018 0.939693
    outer loop
      vertex -8.81346 4.52554 10.462
      vertex -8.54355 -5.16034 6.9366
      vertex -8.54355 4.55893 10.4741
    endloop
  endfacet
  facet normal 1.15206e-05 -0.342022 0.939692
    outer loop
      vertex -8.81346 4.52554 10.462
      vertex -8.81346 -5.12694 6.94876
      vertex -8.54355 -5.16034 6.9366
    endloop
  endfacet
  facet normal -0.000110893 -0.342022 0.939692
    outer loop
      vertex -9.08114 4.47892 10.445
      vertex -8.81346 -5.12694 6.94876
      vertex -8.81346 4.52554 10.462
    endloop
  endfacet
  facet normal 6.14586e-06 -0.342019 0.939693
    outer loop
      vertex -9.08114 4.47892 10.445
      vertex -9.08114 -5.08032 6.96573
      vertex -8.81346 -5.12694 6.94876
    endloop
  endfacet
  facet normal 0.000128669 -0.342019 0.939693
    outer loop
      vertex -9.34586 4.4192 10.4233
      vertex -9.08114 -5.08032 6.96573
      vertex -9.08114 4.47892 10.445
    endloop
  endfacet
  facet normal -2.31306e-05 -0.342023 0.939692
    outer loop
      vertex -9.34586 4.4192 10.4233
      vertex -9.34586 -5.0206 6.98746
      vertex -9.08114 -5.08032 6.96573
    endloop
  endfacet
  facet normal -0.000193183 -0.342023 0.939692
    outer loop
      vertex -9.60689 4.34654 10.3968
      vertex -9.34586 -5.0206 6.98746
      vertex -9.34586 4.4192 10.4233
    endloop
  endfacet
  facet normal 2.8004e-05 -0.342018 0.939694
    outer loop
      vertex -9.60689 4.34654 10.3968
      vertex -9.60689 -4.94795 7.01391
      vertex -9.34586 -5.0206 6.98746
    endloop
  endfacet
  facet normal -7.62982e-05 -0.342018 0.939694
    outer loop
      vertex -9.86351 4.26115 10.3657
      vertex -9.60689 -4.94795 7.01391
      vertex -9.60689 4.34654 10.3968
    endloop
  endfacet
  facet normal -9.64769e-06 -0.342016 0.939694
    outer loop
      vertex -9.86351 4.26115 10.3657
      vertex -9.86351 -4.86255 7.04499
      vertex -9.60689 -4.94795 7.01391
    endloop
  endfacet
  facet normal 0.000120318 -0.342016 0.939694
    outer loop
      vertex -10.115 4.16325 10.3301
      vertex -9.86351 -4.86255 7.04499
      vertex -9.86351 4.26115 10.3657
    endloop
  endfacet
  facet normal -9.63223e-06 -0.342019 0.939693
    outer loop
      vertex -10.115 4.16325 10.3301
      vertex -10.115 -4.76465 7.08062
      vertex -9.86351 -4.86255 7.04499
    endloop
  endfacet
  facet normal -4.7558e-05 -0.342019 0.939693
    outer loop
      vertex -10.3608 4.05311 10.29
      vertex -10.115 -4.76465 7.08062
      vertex -10.115 4.16325 10.3301
    endloop
  endfacet
  facet normal 2.4138e-05 -0.342017 0.939694
    outer loop
      vertex -10.3608 4.05311 10.29
      vertex -10.3608 -4.65452 7.12071
      vertex -10.115 -4.76465 7.08062
    endloop
  endfacet
  facet normal 0.000101404 -0.342017 0.939694
    outer loop
      vertex -10.6 3.93105 10.2456
      vertex -10.3608 -4.65452 7.12071
      vertex -10.3608 4.05311 10.29
    endloop
  endfacet
  facet normal 7.20759e-07 -0.34202 0.939693
    outer loop
      vertex -10.6 3.93105 10.2456
      vertex -10.6 -4.53245 7.16514
      vertex -10.3608 -4.65452 7.12071
    endloop
  endfacet
  facet normal -0.000194868 -0.34202 0.939693
    outer loop
      vertex -10.8321 3.79738 10.1969
      vertex -10.6 -4.53245 7.16514
      vertex -10.6 3.93105 10.2456
    endloop
  endfacet
  facet normal -4.5098e-06 -0.342015 0.939694
    outer loop
      vertex -10.8321 3.79738 10.1969
      vertex -10.8321 -4.39878 7.21379
      vertex -10.6 -4.53245 7.16514
    endloop
  endfacet
  facet normal 0.000160944 -0.342015 0.939694
    outer loop
      vertex -11.0565 3.65248 10.1442
      vertex -10.8321 -4.39878 7.21379
      vertex -10.8321 3.79738 10.1969
    endloop
  endfacet
  facet normal -3.89127e-05 -0.34202 0.939693
    outer loop
      vertex -11.0565 3.65248 10.1442
      vertex -11.0565 -4.25388 7.26652
      vertex -10.8321 -4.39878 7.21379
    endloop
  endfacet
  facet normal -8.22646e-05 -0.34202 0.939693
    outer loop
      vertex -11.2725 3.49675 10.0875
      vertex -11.0565 -4.25388 7.26652
      vertex -11.0565 3.65248 10.1442
    endloop
  endfacet
  facet normal 4.12419e-05 -0.342017 0.939694
    outer loop
      vertex -11.2725 3.49675 10.0875
      vertex -11.2725 -4.09815 7.32321
      vertex -11.0565 -4.25388 7.26652
    endloop
  endfacet
  facet normal 0.000331626 -0.342017 0.939694
    outer loop
      vertex -11.4795 3.3306 10.0271
      vertex -11.2725 -4.09815 7.32321
      vertex -11.2725 3.49675 10.0875
    endloop
  endfacet
  facet normal -4.85803e-06 -0.342025 0.939691
    outer loop
      vertex -11.4795 3.3306 10.0271
      vertex -11.4795 -3.93201 7.38368
      vertex -11.2725 -4.09815 7.32321
    endloop
  endfacet
  facet normal -0.000225349 -0.342025 0.939691
    outer loop
      vertex -11.677 3.15451 9.96296
      vertex -11.4795 -3.93201 7.38368
      vertex -11.4795 3.3306 10.0271
    endloop
  endfacet
  facet normal -2.48838e-05 -0.34202 0.939692
    outer loop
      vertex -11.677 3.15451 9.96296
      vertex -11.677 -3.75591 7.44777
      vertex -11.4795 -3.93201 7.38368
    endloop
  endfacet
  facet normal 1.01889e-05 -0.34202 0.939692
    outer loop
      vertex -11.8644 2.96894 9.89542
      vertex -11.677 -3.75591 7.44777
      vertex -11.677 3.15451 9.96296
    endloop
  endfacet
  facet normal -1.07671e-05 -0.342021 0.939692
    outer loop
      vertex -11.8644 2.96894 9.89542
      vertex -11.8644 -3.57034 7.51531
      vertex -11.677 -3.75591 7.44777
    endloop
  endfacet
  facet normal -3.54523e-05 -0.342021 0.939692
    outer loop
      vertex -12.0412 2.77441 9.82461
      vertex -11.8644 -3.57034 7.51531
      vertex -11.8644 2.96894 9.89542
    endloop
  endfacet
  facet normal 3.7695e-05 -0.342019 0.939693
    outer loop
      vertex -12.0412 2.77441 9.82461
      vertex -12.0412 -3.37581 7.58612
      vertex -11.8644 -3.57034 7.51531
    endloop
  endfacet
  facet normal 6.61968e-06 -0.342019 0.939693
    outer loop
      vertex -12.2069 2.57145 9.75074
      vertex -12.0412 -3.37581 7.58612
      vertex -12.0412 2.77441 9.82461
    endloop
  endfacet
  facet normal 1.42827e-05 -0.342019 0.939693
    outer loop
      vertex -12.2069 2.57145 9.75074
      vertex -12.2069 -3.17286 7.65999
      vertex -12.0412 -3.37581 7.58612
    endloop
  endfacet
  facet normal 3.38591e-05 -0.342019 0.939693
    outer loop
      vertex -12.3611 2.36062 9.67401
      vertex -12.2069 -3.17286 7.65999
      vertex -12.2069 2.57145 9.75074
    endloop
  endfacet
  facet normal -3.65414e-05 -0.342021 0.939692
    outer loop
      vertex -12.3611 2.36062 9.67401
      vertex -12.3611 -2.96203 7.73672
      vertex -12.2069 -3.17286 7.65999
    endloop
  endfacet
  facet normal -4.33134e-06 -0.342021 0.939692
    outer loop
      vertex -12.5033 2.1425 9.59462
      vertex -12.3611 -2.96203 7.73672
      vertex -12.3611 2.36062 9.67401
    endloop
  endfacet
  facet normal -2.04077e-05 -0.342021 0.939692
    outer loop
      vertex -12.5033 2.1425 9.59462
      vertex -12.5033 -2.7439 7.81611
      vertex -12.3611 -2.96203 7.73672
    endloop
  endfacet
  facet normal -1.40549e-05 -0.342021 0.939692
    outer loop
      vertex -12.6332 1.91768 9.51279
      vertex -12.5033 -2.7439 7.81611
      vertex -12.5033 2.1425 9.59462
    endloop
  endfacet
  facet normal 1.54793e-05 -0.34202 0.939693
    outer loop
      vertex -12.6332 1.91768 9.51279
      vertex -12.6332 -2.51908 7.89794
      vertex -12.5033 -2.7439 7.81611
    endloop
  endfacet
  facet normal 6.42367e-06 -0.34202 0.939693
    outer loop
      vertex -12.7504 1.68678 9.42875
      vertex -12.6332 -2.51908 7.89794
      vertex -12.6332 1.91768 9.51279
    endloop
  endfacet
  facet normal -7.16995e-06 -0.342021 0.939692
    outer loop
      vertex -12.7504 1.68678 9.42875
      vertex -12.7504 -2.28818 7.98198
      vertex -12.6332 -2.51908 7.89794
    endloop
  endfacet
  facet normal -4.92755e-05 -0.342021 0.939692
    outer loop
      vertex -12.8546 1.45043 9.34272
      vertex -12.7504 -2.28818 7.98198
      vertex -12.7504 1.68678 9.42875
    endloop
  endfacet
  facet normal 5.59263e-05 -0.342018 0.939693
    outer loop
      vertex -12.8546 1.45043 9.34272
      vertex -12.8546 -2.05183 8.06801
      vertex -12.7504 -2.28818 7.98198
    endloop
  endfacet
  facet normal 8.72614e-06 -0.342018 0.939693
    outer loop
      vertex -12.9455 1.20928 9.25495
      vertex -12.8546 -2.05183 8.06801
      vertex -12.8546 1.45043 9.34272
    endloop
  endfacet
  facet normal -1.01197e-05 -0.342019 0.939693
    outer loop
      vertex -12.9455 1.20928 9.25495
      vertex -12.9455 -1.81068 8.15578
      vertex -12.8546 -2.05183 8.06801
    endloop
  endfacet
  facet normal 9.0494e-05 -0.342019 0.939693
    outer loop
      vertex -13.0228 0.963991 9.16568
      vertex -12.9455 -1.81068 8.15578
      vertex -12.9455 1.20928 9.25495
    endloop
  endfacet
  facet normal -6.43621e-05 -0.342022 0.939692
    outer loop
      vertex -13.0228 0.963991 9.16568
      vertex -13.0228 -1.5654 8.24505
      vertex -12.9455 -1.81068 8.15578
    endloop
  endfacet
  facet normal -9.26874e-06 -0.342022 0.939692
    outer loop
      vertex -13.0864 0.715238 9.07514
      vertex -13.0228 -1.5654 8.24505
      vertex -13.0228 0.963991 9.16568
    endloop
  endfacet
  facet normal -3.07144e-05 -0.342023 0.939692
    outer loop
      vertex -13.0864 0.715238 9.07514
      vertex -13.0864 -1.31664 8.33559
      vertex -13.0228 -1.5654 8.24505
    endloop
  endfacet
  facet normal -0.00012198 -0.342023 0.939692
    outer loop
      vertex -13.136 0.463699 8.98358
      vertex -13.0864 -1.31664 8.33559
      vertex -13.0864 0.715238 9.07514
    endloop
  endfacet
  facet normal 0.00015409 -0.342016 0.939694
    outer loop
      vertex -13.136 0.463699 8.98358
      vertex -13.136 -1.0651 8.42715
      vertex -13.0864 -1.31664 8.33559
    endloop
  endfacet
  facet normal 9.65192e-05 -0.342016 0.939694
    outer loop
      vertex -13.1715 0.210066 8.89127
      vertex -13.136 -1.0651 8.42715
      vertex -13.136 0.463699 8.98358
    endloop
  endfacet
  facet normal -0.000108368 -0.342021 0.939692
    outer loop
      vertex -13.1715 0.210066 8.89127
      vertex -13.1715 -0.81147 8.51946
      vertex -13.136 -1.0651 8.42715
    endloop
  endfacet
  facet normal -0.000213127 -0.342021 0.939692
    outer loop
      vertex -13.1929 -0.0449681 8.79844
      vertex -13.1715 -0.81147 8.51946
      vertex -13.1715 0.210066 8.89127
    endloop
  endfacet
  facet normal 0.000428069 -0.342005 0.939698
    outer loop
      vertex -13.1929 -0.0449681 8.79844
      vertex -13.1929 -0.556436 8.61229
      vertex -13.1715 -0.81147 8.51946
    endloop
  endfacet
  facet normal 0.000659351 -0.342005 0.939698
    outer loop
      vertex -13.1929 -0.556436 8.61229
      vertex -13.1929 -0.0449681 8.79844
      vertex -13.2 -0.300702 8.70537
    endloop
  endfacet
  facet normal -0.958817 0.266895 0.0971401
    outer loop
      vertex -3.05451 -1.81068 8.15578
      vertex -2.97719 -2.31784 10.3124
      vertex -2.97719 -1.5654 8.24505
    endloop
  endfacet
  facet normal -0.958823 0.266876 0.0971358
    outer loop
      vertex -2.97719 -2.31784 10.3124
      vertex -3.05451 -1.81068 8.15578
      vertex -3.05451 -2.56313 10.2231
    endloop
  endfacet
  facet normal -0.430532 0.848144 0.308698
    outer loop
      vertex -5.63925 -4.65452 7.12071
      vertex -5.88497 -5.5171 9.14794
      vertex -5.63925 -5.40696 9.18803
    endloop
  endfacet
  facet normal -0.430504 0.848155 0.308706
    outer loop
      vertex -5.88497 -5.5171 9.14794
      vertex -5.63925 -4.65452 7.12071
      vertex -5.88497 -4.76465 7.08062
    endloop
  endfacet
  facet normal -0.0261915 0.939371 0.341902
    outer loop
      vertex -7.72785 -5.18041 6.9293
      vertex -8 -5.93955 8.99418
      vertex -7.72785 -5.93285 8.99662
    endloop
  endfacet
  facet normal -0.026157 0.93937 0.341906
    outer loop
      vertex -8 -5.93955 8.99418
      vertex -7.72785 -5.18041 6.9293
      vertex -8 -5.1871 6.92686
    endloop
  endfacet
  facet normal -0.923884 -0.359596 -0.130881
    outer loop
      vertex -3.14538 1.45043 9.34272
      vertex -3.24956 0.934332 11.4961
      vertex -3.24956 1.68678 9.42875
    endloop
  endfacet
  facet normal -0.923896 -0.359566 -0.130875
    outer loop
      vertex -3.24956 0.934332 11.4961
      vertex -3.14538 1.45043 9.34272
      vertex -3.14538 0.697983 11.41
    endloop
  endfacet
  facet normal 0.991461 -0.122538 -0.0446004
    outer loop
      vertex -13.136 -0.288745 11.0509
      vertex -13.1715 0.210066 8.89127
      vertex -13.136 0.463699 8.98358
    endloop
  endfacet
  facet normal 0.991461 -0.12254 -0.0446008
    outer loop
      vertex -13.1715 0.210066 8.89127
      vertex -13.136 -0.288745 11.0509
      vertex -13.1715 -0.542378 10.9586
    endloop
  endfacet
  facet normal 0.95884 -0.266824 -0.0971148
    outer loop
      vertex -12.9455 0.456834 11.3223
      vertex -13.0228 0.963991 9.16568
      vertex -12.9455 1.20928 9.25495
    endloop
  endfacet
  facet normal 0.958842 -0.266815 -0.097113
    outer loop
      vertex -13.0228 0.963991 9.16568
      vertex -12.9455 0.456834 11.3223
      vertex -13.0228 0.211547 11.233
    endloop
  endfacet
  facet normal 0.649414 -0.714574 -0.260089
    outer loop
      vertex -11.4795 2.57816 12.0944
      vertex -11.2725 3.49675 10.0875
      vertex -11.2725 2.7443 12.1548
    endloop
  endfacet
  facet normal 0.649434 -0.714559 -0.26008
    outer loop
      vertex -11.2725 3.49675 10.0875
      vertex -11.4795 2.57816 12.0944
      vertex -11.4795 3.3306 10.0271
    endloop
  endfacet
  facet normal -0.430514 -0.84815 -0.308707
    outer loop
      vertex -5.88497 4.16325 10.3301
      vertex -5.63925 3.30067 12.3573
      vertex -5.88497 3.4108 12.3974
    endloop
  endfacet
  facet normal -0.430542 -0.848138 -0.308699
    outer loop
      vertex -5.63925 3.30067 12.3573
      vertex -5.88497 4.16325 10.3301
      vertex -5.63925 4.05311 10.29
    endloop
  endfacet
  facet normal -0.284017 0.900996 0.327934
    outer loop
      vertex -6.39311 -4.94795 7.01391
      vertex -6.65414 -5.77305 9.05479
      vertex -6.39311 -5.70039 9.08123
    endloop
  endfacet
  facet normal -0.283997 0.901001 0.327939
    outer loop
      vertex -6.65414 -5.77305 9.05479
      vertex -6.39311 -4.94795 7.01391
      vertex -6.65414 -5.0206 6.98746
    endloop
  endfacet
  facet normal -0.333795 0.885796 0.322406
    outer loop
      vertex -6.13649 -4.86255 7.04499
      vertex -6.39311 -5.70039 9.08123
      vertex -6.13649 -5.615 9.11231
    endloop
  endfacet
  facet normal -0.333826 0.885787 0.322399
    outer loop
      vertex -6.39311 -5.70039 9.08123
      vertex -6.13649 -4.86255 7.04499
      vertex -6.39311 -4.94795 7.01391
    endloop
  endfacet
  facet normal -0.649446 0.714549 0.260074
    outer loop
      vertex -4.52052 -3.93201 7.38368
      vertex -4.72753 -4.85059 9.39053
      vertex -4.52052 -4.68445 9.451
    endloop
  endfacet
  facet normal -0.649446 0.714549 0.260074
    outer loop
      vertex -4.72753 -4.85059 9.39053
      vertex -4.52052 -3.93201 7.38368
      vertex -4.72753 -4.09815 7.32321
    endloop
  endfacet
  facet normal -0.725393 -0.646823 -0.235424
    outer loop
      vertex -4.13565 2.96894 9.89542
      vertex -4.32304 2.40206 12.0303
      vertex -4.32304 3.15451 9.96296
    endloop
  endfacet
  facet normal -0.725429 -0.646785 -0.235417
    outer loop
      vertex -4.32304 2.40206 12.0303
      vertex -4.13565 2.96894 9.89542
      vertex -4.13565 2.21649 11.9627
    endloop
  endfacet
  facet normal 0.852719 0.490867 0.178662
    outer loop
      vertex -12.5033 -3.49635 9.88344
      vertex -12.3611 -2.96203 7.73672
      vertex -12.5033 -2.7439 7.81611
    endloop
  endfacet
  facet normal 0.85271 0.490882 0.178665
    outer loop
      vertex -12.3611 -2.96203 7.73672
      vertex -12.5033 -3.49635 9.88344
      vertex -12.3611 -3.71447 9.80405
    endloop
  endfacet
  facet normal 0.130517 0.931653 0.339097
    outer loop
      vertex -8.54355 -5.91278 9.00393
      vertex -8.81346 -5.12694 6.94876
      vertex -8.81346 -5.87939 9.01608
    endloop
  endfacet
  facet normal 0.130564 0.93165 0.33909
    outer loop
      vertex -8.81346 -5.12694 6.94876
      vertex -8.54355 -5.91278 9.00393
      vertex -8.54355 -5.16034 6.9366
    endloop
  endfacet
  facet normal -0.923884 0.359595 0.130885
    outer loop
      vertex -3.24956 -2.28818 7.98198
      vertex -3.14538 -2.80428 10.1353
      vertex -3.14538 -2.05183 8.06801
    endloop
  endfacet
  facet normal -0.923873 0.35962 0.13089
    outer loop
      vertex -3.14538 -2.80428 10.1353
      vertex -3.24956 -2.28818 7.98198
      vertex -3.24956 -3.04062 10.0493
    endloop
  endfacet
  facet normal 0.760422 0.610263 0.22212
    outer loop
      vertex -12.0412 -4.12826 9.65344
      vertex -11.8644 -3.57034 7.51531
      vertex -12.0412 -3.37581 7.58612
    endloop
  endfacet
  facet normal 0.760417 0.610269 0.222121
    outer loop
      vertex -11.8644 -3.57034 7.51531
      vertex -12.0412 -4.12826 9.65344
      vertex -11.8644 -4.32279 9.58264
    endloop
  endfacet
  facet normal -0.999657 0.0246107 0.00895757
    outer loop
      vertex -2.80713 -0.556436 8.61229
      vertex -2.8 -1.05315 10.7727
      vertex -2.8 -0.300702 8.70537
    endloop
  endfacet
  facet normal -0.999657 0.0246104 0.0089575
    outer loop
      vertex -2.8 -1.05315 10.7727
      vertex -2.80713 -0.556436 8.61229
      vertex -2.80713 -1.30888 10.6796
    endloop
  endfacet
  facet normal 0.958837 0.266832 0.097117
    outer loop
      vertex -13.0228 -2.31784 10.3124
      vertex -12.9455 -1.81068 8.15578
      vertex -13.0228 -1.5654 8.24505
    endloop
  endfacet
  facet normal 0.958843 0.266812 0.0971127
    outer loop
      vertex -12.9455 -1.81068 8.15578
      vertex -13.0228 -2.31784 10.3124
      vertex -12.9455 -2.56313 10.2231
    endloop
  endfacet
  facet normal -0.688352 0.681632 0.248092
    outer loop
      vertex -4.52052 -3.93201 7.38368
      vertex -4.32304 -4.50835 9.5151
      vertex -4.32304 -3.75591 7.44777
    endloop
  endfacet
  facet normal -0.688358 0.681626 0.248091
    outer loop
      vertex -4.32304 -4.50835 9.5151
      vertex -4.52052 -3.93201 7.38368
      vertex -4.52052 -4.68445 9.451
    endloop
  endfacet
  facet normal 0.99966 0.0245072 0.0089199
    outer loop
      vertex -13.2 -1.05315 10.7727
      vertex -13.1929 -0.556436 8.61229
      vertex -13.2 -0.300702 8.70537
    endloop
  endfacet
  facet normal 0.99966 0.0245069 0.00891984
    outer loop
      vertex -13.1929 -0.556436 8.61229
      vertex -13.2 -1.05315 10.7727
      vertex -13.1929 -1.30888 10.6796
    endloop
  endfacet
  facet normal -0.0784597 0.936797 0.340963
    outer loop
      vertex -7.45645 -5.16034 6.9366
      vertex -7.72785 -5.93285 8.99662
      vertex -7.45645 -5.91278 9.00393
    endloop
  endfacet
  facet normal -0.0784472 0.936797 0.340965
    outer loop
      vertex -7.72785 -5.93285 8.99662
      vertex -7.45645 -5.16034 6.9366
      vertex -7.72785 -5.18041 6.9293
    endloop
  endfacet
  facet normal 0.284015 0.900996 0.327935
    outer loop
      vertex -9.60689 -4.94795 7.01391
      vertex -9.4513 -5.7437 9.06547
      vertex -9.34586 -5.77305 9.05479
    endloop
  endfacet
  facet normal 0.284018 0.900996 0.327934
    outer loop
      vertex -9.4513 -5.7437 9.06547
      vertex -9.60689 -4.94795 7.01391
      vertex -9.60689 -5.70039 9.08123
    endloop
  endfacet
  facet normal 0.283997 0.901001 0.327939
    outer loop
      vertex -9.60689 -4.94795 7.01391
      vertex -9.34586 -5.77305 9.05479
      vertex -9.34586 -5.0206 6.98746
    endloop
  endfacet
  facet normal -0.972364 -0.219389 -0.0798513
    outer loop
      vertex -2.91363 0.715238 9.07514
      vertex -2.97719 0.211547 11.233
      vertex -2.97719 0.963991 9.16568
    endloop
  endfacet
  facet normal -0.972362 -0.2194 -0.0798537
    outer loop
      vertex -2.97719 0.211547 11.233
      vertex -2.91363 0.715238 9.07514
      vertex -2.91363 -0.0372065 11.1425
    endloop
  endfacet
  facet normal -0.991447 0.122642 0.0446373
    outer loop
      vertex -2.86402 -1.0651 8.42715
      vertex -2.82849 -1.56391 10.5868
      vertex -2.82849 -0.81147 8.51946
    endloop
  endfacet
  facet normal -0.991447 0.122639 0.0446367
    outer loop
      vertex -2.82849 -1.56391 10.5868
      vertex -2.86402 -1.0651 8.42715
      vertex -2.86402 -1.81755 10.4945
    endloop
  endfacet
  facet normal -0.382756 -0.868138 -0.315967
    outer loop
      vertex -6.13649 4.26115 10.3657
      vertex -5.88497 3.4108 12.3974
      vertex -6.13649 3.5087 12.4331
    endloop
  endfacet
  facet normal -0.382648 -0.868174 -0.315996
    outer loop
      vertex -5.88497 3.4108 12.3974
      vertex -6.13649 4.26115 10.3657
      vertex -5.88497 4.16325 10.3301
    endloop
  endfacet
  facet normal -0.0261413 -0.939371 -0.341905
    outer loop
      vertex -8 4.5857 10.4839
      vertex -7.72785 3.82656 12.5488
      vertex -8 3.83326 12.5512
    endloop
  endfacet
  facet normal -0.0262668 -0.939373 -0.341889
    outer loop
      vertex -7.72785 3.82656 12.5488
      vertex -8 4.5857 10.4839
      vertex -7.72785 4.579 10.4814
    endloop
  endfacet
  facet normal -0.760404 -0.610281 -0.222131
    outer loop
      vertex -3.95884 2.77441 9.82461
      vertex -4.13565 2.21649 11.9627
      vertex -4.13565 2.96894 9.89542
    endloop
  endfacet
  facet normal -0.760384 -0.610304 -0.222135
    outer loop
      vertex -4.13565 2.21649 11.9627
      vertex -3.95884 2.77441 9.82461
      vertex -3.95884 2.02197 11.8919
    endloop
  endfacet
  facet normal 0.609029 -0.745315 -0.271274
    outer loop
      vertex -11.1437 2.83712 12.1886
      vertex -11.0565 3.65248 10.1442
      vertex -11.0565 2.90004 12.2115
    endloop
  endfacet
  facet normal 0.608571 -0.745635 -0.271421
    outer loop
      vertex -11.2725 2.7443 12.1548
      vertex -11.0565 3.65248 10.1442
      vertex -11.1437 2.83712 12.1886
    endloop
  endfacet
  facet normal 0.608734 -0.745526 -0.271355
    outer loop
      vertex -11.0565 3.65248 10.1442
      vertex -11.2725 2.7443 12.1548
      vertex -11.2725 3.49675 10.0875
    endloop
  endfacet
  facet normal 0.99966 -0.0245076 -0.00891986
    outer loop
      vertex -13.1929 -0.797412 10.8658
      vertex -13.2 -0.300702 8.70537
      vertex -13.1929 -0.0449681 8.79844
    endloop
  endfacet
  facet normal 0.99966 -0.0245062 -0.00891956
    outer loop
      vertex -13.2 -0.300702 8.70537
      vertex -13.1929 -0.797412 10.8658
      vertex -13.2 -1.05315 10.7727
    endloop
  endfacet
  facet normal 0.522498 -0.801218 -0.291625
    outer loop
      vertex -10.8321 3.04493 12.2643
      vertex -10.6 3.93105 10.2456
      vertex -10.6 3.1786 12.3129
    endloop
  endfacet
  facet normal 0.522589 -0.80117 -0.291594
    outer loop
      vertex -10.6 3.93105 10.2456
      vertex -10.8321 3.04493 12.2643
      vertex -10.8321 3.79738 10.1969
    endloop
  endfacet
  facet normal 0.983263 -0.171204 -0.0623122
    outer loop
      vertex -13.0864 -0.0372064 11.1425
      vertex -13.136 0.463699 8.98358
      vertex -13.0864 0.715238 9.07514
    endloop
  endfacet
  facet normal 0.983265 -0.171196 -0.0623102
    outer loop
      vertex -13.136 0.463699 8.98358
      vertex -13.0864 -0.0372064 11.1425
      vertex -13.136 -0.288745 11.0509
    endloop
  endfacet
  facet normal 0.182242 -0.923954 -0.336298
    outer loop
      vertex -9.08114 3.72648 12.5123
      vertex -8.81346 4.52554 10.462
      vertex -8.81346 3.77309 12.5293
    endloop
  endfacet
  facet normal 0.182276 -0.92395 -0.336292
    outer loop
      vertex -8.81346 4.52554 10.462
      vertex -9.08114 3.72648 12.5123
      vertex -9.08114 4.47892 10.445
    endloop
  endfacet
  facet normal 0.68833 -0.681651 -0.248102
    outer loop
      vertex -11.4795 2.57816 12.0944
      vertex -11.677 3.15451 9.96296
      vertex -11.4795 3.3306 10.0271
    endloop
  endfacet
  facet normal 0.688321 -0.681659 -0.248103
    outer loop
      vertex -11.677 3.15451 9.96296
      vertex -11.4795 2.57816 12.0944
      vertex -11.677 2.40206 12.0303
    endloop
  endfacet
  facet normal -0.87882 -0.448376 -0.1632
    outer loop
      vertex -3.36677 1.91768 9.51279
      vertex -3.49667 1.39005 11.6619
      vertex -3.49667 2.1425 9.59462
    endloop
  endfacet
  facet normal -0.878811 -0.448392 -0.163204
    outer loop
      vertex -3.49667 1.39005 11.6619
      vertex -3.36677 1.91768 9.51279
      vertex -3.36677 1.16523 11.5801
    endloop
  endfacet
  facet normal 0.0261413 -0.939371 -0.341905
    outer loop
      vertex -8.27215 3.82656 12.5488
      vertex -8 4.5857 10.4839
      vertex -8 3.83326 12.5512
    endloop
  endfacet
  facet normal 0.0262668 -0.939373 -0.341889
    outer loop
      vertex -8 4.5857 10.4839
      vertex -8.27215 3.82656 12.5488
      vertex -8.27215 4.579 10.4814
    endloop
  endfacet
  facet normal 0.991461 0.12254 0.0446003
    outer loop
      vertex -13.1715 -1.56391 10.5868
      vertex -13.136 -1.0651 8.42715
      vertex -13.1715 -0.81147 8.51946
    endloop
  endfacet
  facet normal 0.991461 0.122537 0.0445997
    outer loop
      vertex -13.136 -1.0651 8.42715
      vertex -13.1715 -1.56391 10.5868
      vertex -13.136 -1.81755 10.4945
    endloop
  endfacet
  facet normal 0.725375 0.646841 0.235432
    outer loop
      vertex -11.8644 -4.32279 9.58264
      vertex -11.677 -3.75591 7.44777
      vertex -11.8644 -3.57034 7.51531
    endloop
  endfacet
  facet normal 0.725359 0.646858 0.235435
    outer loop
      vertex -11.677 -3.75591 7.44777
      vertex -11.8644 -4.32279 9.58264
      vertex -11.677 -4.50835 9.5151
    endloop
  endfacet
  facet normal -0.182239 0.923956 0.336296
    outer loop
      vertex -6.91886 -5.08032 6.96573
      vertex -7.18654 -5.87939 9.01608
      vertex -6.91886 -5.83277 9.03305
    endloop
  endfacet
  facet normal -0.182239 0.923956 0.336296
    outer loop
      vertex -7.18654 -5.87939 9.01608
      vertex -6.91886 -5.08032 6.96573
      vertex -7.18654 -5.12694 6.94876
    endloop
  endfacet
  facet normal -0.942648 0.313657 0.114163
    outer loop
      vertex -3.14538 -2.05183 8.06801
      vertex -3.05451 -2.56313 10.2231
      vertex -3.05451 -1.81068 8.15578
    endloop
  endfacet
  facet normal -0.942653 0.313645 0.11416
    outer loop
      vertex -3.05451 -2.56313 10.2231
      vertex -3.14538 -2.05183 8.06801
      vertex -3.14538 -2.80428 10.1353
    endloop
  endfacet
  facet normal 0.942614 -0.313748 -0.114198
    outer loop
      vertex -12.8546 0.697983 11.41
      vertex -12.9455 1.20928 9.25495
      vertex -12.8546 1.45043 9.34272
    endloop
  endfacet
  facet normal 0.942604 -0.313777 -0.114204
    outer loop
      vertex -12.9455 1.20928 9.25495
      vertex -12.8546 0.697983 11.41
      vertex -12.9455 0.456834 11.3223
    endloop
  endfacet
  facet normal 0.688315 0.681665 0.248104
    outer loop
      vertex -11.677 -4.50835 9.5151
      vertex -11.4795 -3.93201 7.38368
      vertex -11.677 -3.75591 7.44777
    endloop
  endfacet
  facet normal 0.688321 0.681659 0.248103
    outer loop
      vertex -11.4795 -3.93201 7.38368
      vertex -11.677 -4.50835 9.5151
      vertex -11.4795 -4.68445 9.451
    endloop
  endfacet
  facet normal -0.566409 0.774423 0.281868
    outer loop
      vertex -4.94352 -4.25388 7.26652
      vertex -5.16788 -5.15123 9.28111
      vertex -4.94352 -5.00633 9.33385
    endloop
  endfacet
  facet normal -0.566401 0.774428 0.281871
    outer loop
      vertex -5.16788 -5.15123 9.28111
      vertex -4.94352 -4.25388 7.26652
      vertex -5.16788 -4.39878 7.21379
    endloop
  endfacet
  facet normal -0.130613 -0.931647 -0.339077
    outer loop
      vertex -7.45645 4.55893 10.4741
      vertex -7.18654 3.77309 12.5293
      vertex -7.45645 3.80649 12.5415
    endloop
  endfacet
  facet normal -0.130456 -0.93166 -0.339103
    outer loop
      vertex -7.18654 3.77309 12.5293
      vertex -7.45645 4.55893 10.4741
      vertex -7.18654 4.52554 10.462
    endloop
  endfacet
  facet normal 0.430418 0.848195 0.308717
    outer loop
      vertex -10.115 -5.5171 9.14794
      vertex -10.3608 -4.65452 7.12071
      vertex -10.3608 -5.40696 9.18803
    endloop
  endfacet
  facet normal 0.430389 0.848206 0.308725
    outer loop
      vertex -10.3608 -4.65452 7.12071
      vertex -10.115 -5.5171 9.14794
      vertex -10.115 -4.76465 7.08062
    endloop
  endfacet
  facet normal 0.824122 0.532254 0.193723
    outer loop
      vertex -12.3611 -3.71447 9.80405
      vertex -12.2069 -3.17286 7.65999
      vertex -12.3611 -2.96203 7.73672
    endloop
  endfacet
  facet normal 0.824126 0.532249 0.193722
    outer loop
      vertex -12.2069 -3.17286 7.65999
      vertex -12.3611 -3.71447 9.80405
      vertex -12.2069 -3.9253 9.72731
    endloop
  endfacet
  facet normal 0.923858 -0.359655 -0.130903
    outer loop
      vertex -12.7504 0.934332 11.4961
      vertex -12.8546 1.45043 9.34272
      vertex -12.7504 1.68678 9.42875
    endloop
  endfacet
  facet normal 0.92387 -0.359625 -0.130896
    outer loop
      vertex -12.8546 1.45043 9.34272
      vertex -12.7504 0.934332 11.4961
      vertex -12.8546 0.697983 11.41
    endloop
  endfacet
  facet normal -0.852644 -0.490981 -0.178704
    outer loop
      vertex -3.49667 2.1425 9.59462
      vertex -3.63891 1.60818 11.7413
      vertex -3.63891 2.36062 9.67401
    endloop
  endfacet
  facet normal -0.852657 -0.49096 -0.1787
    outer loop
      vertex -3.63891 1.60818 11.7413
      vertex -3.49667 2.1425 9.59462
      vertex -3.49667 1.39005 11.6619
    endloop
  endfacet
  facet normal -0.983257 0.171237 0.0623248
    outer loop
      vertex -2.91363 -1.31664 8.33559
      vertex -2.86402 -1.81755 10.4945
      vertex -2.86402 -1.0651 8.42715
    endloop
  endfacet
  facet normal -0.983258 0.171228 0.0623228
    outer loop
      vertex -2.86402 -1.81755 10.4945
      vertex -2.91363 -1.31664 8.33559
      vertex -2.91363 -2.06909 10.4029
    endloop
  endfacet
  facet normal -0.233446 0.913728 0.332571
    outer loop
      vertex -6.65414 -5.0206 6.98746
      vertex -6.91886 -5.83277 9.03305
      vertex -6.65414 -5.77305 9.05479
    endloop
  endfacet
  facet normal -0.233435 0.91373 0.332574
    outer loop
      vertex -6.91886 -5.83277 9.03305
      vertex -6.65414 -5.0206 6.98746
      vertex -6.91886 -5.08032 6.96573
    endloop
  endfacet
  facet normal 0.996928 -0.073599 -0.0267878
    outer loop
      vertex -13.1848 -0.701458 10.9007
      vertex -13.1715 0.210066 8.89127
      vertex -13.1715 -0.542378 10.9586
    endloop
  endfacet
  facet normal 0.996906 -0.0738575 -0.0269052
    outer loop
      vertex -13.1715 0.210066 8.89127
      vertex -13.1848 -0.701458 10.9007
      vertex -13.1929 -0.0449681 8.79844
    endloop
  endfacet
  facet normal 0.996868 -0.0743135 -0.0270474
    outer loop
      vertex -13.1929 -0.0449681 8.79844
      vertex -13.1848 -0.701458 10.9007
      vertex -13.1929 -0.797412 10.8658
    endloop
  endfacet
  facet normal -0.608774 -0.745499 -0.271341
    outer loop
      vertex -4.94352 3.65248 10.1442
      vertex -4.72753 2.7443 12.1548
      vertex -4.94352 2.90004 12.2115
    endloop
  endfacet
  facet normal -0.608752 -0.745513 -0.27135
    outer loop
      vertex -4.72753 2.7443 12.1548
      vertex -4.94352 3.65248 10.1442
      vertex -4.72753 3.49675 10.0875
    endloop
  endfacet
  facet normal -0.333737 -0.885816 -0.322413
    outer loop
      vertex -6.39311 4.34654 10.3968
      vertex -6.13649 3.5087 12.4331
      vertex -6.39311 3.5941 12.4641
    endloop
  endfacet
  facet normal -0.333818 -0.885793 -0.322393
    outer loop
      vertex -6.13649 3.5087 12.4331
      vertex -6.39311 4.34654 10.3968
      vertex -6.13649 4.26115 10.3657
    endloop
  endfacet
  facet normal -0.382681 0.868163 0.315988
    outer loop
      vertex -5.88497 -4.76465 7.08062
      vertex -6.13649 -5.615 9.11231
      vertex -5.88497 -5.5171 9.14794
    endloop
  endfacet
  facet normal -0.382681 0.868163 0.315988
    outer loop
      vertex -6.13649 -5.615 9.11231
      vertex -5.88497 -4.76465 7.08062
      vertex -6.13649 -4.86255 7.04499
    endloop
  endfacet
  facet normal -0.725393 0.646823 0.235425
    outer loop
      vertex -4.32304 -3.75591 7.44777
      vertex -4.13565 -4.32279 9.58264
      vertex -4.13565 -3.57034 7.51531
    endloop
  endfacet
  facet normal -0.725377 0.64684 0.235428
    outer loop
      vertex -4.13565 -4.32279 9.58264
      vertex -4.32304 -3.75591 7.44777
      vertex -4.32304 -4.50835 9.5151
    endloop
  endfacet
  facet normal -0.477165 0.825815 0.300571
    outer loop
      vertex -5.4 -4.53245 7.16514
      vertex -5.63925 -5.40696 9.18803
      vertex -5.4 -5.28489 9.23246
    endloop
  endfacet
  facet normal -0.477165 0.825815 0.300571
    outer loop
      vertex -5.63925 -5.40696 9.18803
      vertex -5.4 -4.53245 7.16514
      vertex -5.63925 -4.65452 7.12071
    endloop
  endfacet
  facet normal -0.972366 0.219384 0.0798503
    outer loop
      vertex -2.97719 -1.5654 8.24505
      vertex -2.91363 -2.06909 10.4029
      vertex -2.91363 -1.31664 8.33559
    endloop
  endfacet
  facet normal -0.972361 0.219403 0.0798546
    outer loop
      vertex -2.91363 -2.06909 10.4029
      vertex -2.97719 -1.5654 8.24505
      vertex -2.97719 -2.31784 10.3124
    endloop
  endfacet
  facet normal 0.760422 -0.610261 -0.222123
    outer loop
      vertex -11.8644 2.21649 11.9627
      vertex -12.0412 2.77441 9.82461
      vertex -11.8644 2.96894 9.89542
    endloop
  endfacet
  facet normal 0.760403 -0.610284 -0.222128
    outer loop
      vertex -12.0412 2.77441 9.82461
      vertex -11.8644 2.21649 11.9627
      vertex -12.0412 2.02197 11.8919
    endloop
  endfacet
  facet normal -0.477136 -0.825829 -0.300579
    outer loop
      vertex -5.63925 4.05311 10.29
      vertex -5.4 3.1786 12.3129
      vertex -5.63925 3.30067 12.3573
    endloop
  endfacet
  facet normal -0.477109 -0.825842 -0.300587
    outer loop
      vertex -5.4 3.1786 12.3129
      vertex -5.63925 4.05311 10.29
      vertex -5.4 3.93105 10.2456
    endloop
  endfacet
  facet normal 0.333737 -0.885816 -0.322413
    outer loop
      vertex -9.86351 3.5087 12.4331
      vertex -9.60689 4.34654 10.3968
      vertex -9.60689 3.5941 12.4641
    endloop
  endfacet
  facet normal 0.333818 -0.885793 -0.322393
    outer loop
      vertex -9.60689 4.34654 10.3968
      vertex -9.86351 3.5087 12.4331
      vertex -9.86351 4.26115 10.3657
    endloop
  endfacet
  facet normal -0.522486 0.801226 0.291625
    outer loop
      vertex -5.16788 -4.39878 7.21379
      vertex -5.4 -5.28489 9.23246
      vertex -5.16788 -5.15123 9.28111
    endloop
  endfacet
  facet normal -0.522511 0.801213 0.291616
    outer loop
      vertex -5.4 -5.28489 9.23246
      vertex -5.16788 -4.39878 7.21379
      vertex -5.4 -4.53245 7.16514
    endloop
  endfacet
  facet normal 0.4304 -0.848201 -0.308726
    outer loop
      vertex -10.3608 3.30067 12.3573
      vertex -10.115 4.16325 10.3301
      vertex -10.115 3.4108 12.3974
    endloop
  endfacet
  facet normal 0.430428 -0.848189 -0.308718
    outer loop
      vertex -10.115 4.16325 10.3301
      vertex -10.3608 3.30067 12.3573
      vertex -10.3608 4.05311 10.29
    endloop
  endfacet
  facet normal -0.608758 0.745511 0.271343
    outer loop
      vertex -4.72753 -4.09815 7.32321
      vertex -4.94352 -5.00633 9.33385
      vertex -4.72753 -4.85059 9.39053
    endloop
  endfacet
  facet normal -0.608744 0.74552 0.271348
    outer loop
      vertex -4.94352 -5.00633 9.33385
      vertex -4.72753 -4.09815 7.32321
      vertex -4.94352 -4.25388 7.26652
    endloop
  endfacet
  facet normal -0.824122 -0.532255 -0.193721
    outer loop
      vertex -3.63891 2.36062 9.67401
      vertex -3.79311 1.81901 11.8181
      vertex -3.79311 2.57145 9.75074
    endloop
  endfacet
  facet normal -0.82415 -0.532215 -0.193712
    outer loop
      vertex -3.79311 1.81901 11.8181
      vertex -3.63891 2.36062 9.67401
      vertex -3.63891 1.60818 11.7413
    endloop
  endfacet
  facet normal -0.824122 0.532254 0.193723
    outer loop
      vertex -3.79311 -3.17286 7.65999
      vertex -3.63891 -3.71447 9.80405
      vertex -3.63891 -2.96203 7.73672
    endloop
  endfacet
  facet normal -0.824126 0.532249 0.193722
    outer loop
      vertex -3.63891 -3.71447 9.80405
      vertex -3.79311 -3.17286 7.65999
      vertex -3.79311 -3.9253 9.72731
    endloop
  endfacet
  facet normal -0.793343 0.572062 0.208213
    outer loop
      vertex -3.95884 -3.37581 7.58612
      vertex -3.79311 -3.9253 9.72731
      vertex -3.79311 -3.17286 7.65999
    endloop
  endfacet
  facet normal -0.793355 0.572045 0.208209
    outer loop
      vertex -3.79311 -3.9253 9.72731
      vertex -3.95884 -3.37581 7.58612
      vertex -3.95884 -4.12826 9.65344
    endloop
  endfacet
  facet normal 0.477242 0.825776 0.300557
    outer loop
      vertex -10.3608 -5.40696 9.18803
      vertex -10.6 -4.53245 7.16514
      vertex -10.6 -5.28489 9.23246
    endloop
  endfacet
  facet normal 0.477242 0.825776 0.300557
    outer loop
      vertex -10.6 -4.53245 7.16514
      vertex -10.3608 -5.40696 9.18803
      vertex -10.3608 -4.65452 7.12071
    endloop
  endfacet
  facet normal 0.923858 0.359653 0.130906
    outer loop
      vertex -12.8546 -2.80428 10.1353
      vertex -12.7504 -2.28818 7.98198
      vertex -12.8546 -2.05183 8.06801
    endloop
  endfacet
  facet normal 0.923847 0.359679 0.130912
    outer loop
      vertex -12.7504 -2.28818 7.98198
      vertex -12.8546 -2.80428 10.1353
      vertex -12.7504 -3.04062 10.0493
    endloop
  endfacet
  facet normal 0.182239 0.923956 0.336296
    outer loop
      vertex -8.81346 -5.87939 9.01608
      vertex -9.08114 -5.08032 6.96573
      vertex -9.08114 -5.83277 9.03305
    endloop
  endfacet
  facet normal 0.182239 0.923956 0.336296
    outer loop
      vertex -9.08114 -5.08032 6.96573
      vertex -8.81346 -5.87939 9.01608
      vertex -8.81346 -5.12694 6.94876
    endloop
  endfacet
  facet normal 0.902588 -0.404543 -0.147244
    outer loop
      vertex -12.6332 1.16523 11.5801
      vertex -12.7504 1.68678 9.42875
      vertex -12.6332 1.91768 9.51279
    endloop
  endfacet
  facet normal 0.902577 -0.404565 -0.147248
    outer loop
      vertex -12.7504 1.68678 9.42875
      vertex -12.6332 1.16523 11.5801
      vertex -12.7504 0.934332 11.4961
    endloop
  endfacet
  facet normal 0.725375 -0.646841 -0.235431
    outer loop
      vertex -11.677 2.40206 12.0303
      vertex -11.8644 2.96894 9.89542
      vertex -11.677 3.15451 9.96296
    endloop
  endfacet
  facet normal 0.725411 -0.646803 -0.235424
    outer loop
      vertex -11.8644 2.96894 9.89542
      vertex -11.677 2.40206 12.0303
      vertex -11.8644 2.21649 11.9627
    endloop
  endfacet
  facet normal 0.793409 -0.57198 -0.208186
    outer loop
      vertex -12.0412 2.02197 11.8919
      vertex -12.2069 2.57145 9.75074
      vertex -12.0412 2.77441 9.82461
    endloop
  endfacet
  facet normal 0.793376 -0.572022 -0.208194
    outer loop
      vertex -12.2069 2.57145 9.75074
      vertex -12.0412 2.02197 11.8919
      vertex -12.2069 1.81901 11.8181
    endloop
  endfacet
  facet normal 0.522519 0.801207 0.291618
    outer loop
      vertex -10.6 -5.28489 9.23246
      vertex -10.8321 -4.39878 7.21379
      vertex -10.8321 -5.15123 9.28111
    endloop
  endfacet
  facet normal 0.522544 0.801194 0.29161
    outer loop
      vertex -10.8321 -4.39878 7.21379
      vertex -10.6 -5.28489 9.23246
      vertex -10.6 -4.53245 7.16514
    endloop
  endfacet
  facet normal 0.793396 0.571997 0.208189
    outer loop
      vertex -12.2069 -3.9253 9.72731
      vertex -12.0412 -3.37581 7.58612
      vertex -12.2069 -3.17286 7.65999
    endloop
  endfacet
  facet normal 0.793409 0.57198 0.208186
    outer loop
      vertex -12.0412 -3.37581 7.58612
      vertex -12.2069 -3.9253 9.72731
      vertex -12.0412 -4.12826 9.65344
    endloop
  endfacet
  facet normal 0.0784597 0.936797 0.340963
    outer loop
      vertex -8.27215 -5.93285 8.99662
      vertex -8.54355 -5.16034 6.9366
      vertex -8.54355 -5.91278 9.00393
    endloop
  endfacet
  facet normal 0.0784472 0.936797 0.340965
    outer loop
      vertex -8.54355 -5.16034 6.9366
      vertex -8.27215 -5.93285 8.99662
      vertex -8.27215 -5.18041 6.9293
    endloop
  endfacet
  facet normal 0.0261915 0.939371 0.341902
    outer loop
      vertex -8 -5.93955 8.99418
      vertex -8.27215 -5.18041 6.9293
      vertex -8.27215 -5.93285 8.99662
    endloop
  endfacet
  facet normal 0.026157 0.93937 0.341906
    outer loop
      vertex -8.27215 -5.18041 6.9293
      vertex -8 -5.93955 8.99418
      vertex -8 -5.1871 6.92686
    endloop
  endfacet
  facet normal 0.87882 0.448377 0.163198
    outer loop
      vertex -12.6332 -3.27153 9.96526
      vertex -12.5033 -2.7439 7.81611
      vertex -12.6332 -2.51908 7.89794
    endloop
  endfacet
  facet normal 0.878817 0.448383 0.163199
    outer loop
      vertex -12.5033 -2.7439 7.81611
      vertex -12.6332 -3.27153 9.96526
      vertex -12.5033 -3.49635 9.88344
    endloop
  endfacet
  facet normal 0.566369 -0.774452 -0.281869
    outer loop
      vertex -11.0565 2.90004 12.2115
      vertex -10.8321 3.79738 10.1969
      vertex -10.8321 3.04493 12.2643
    endloop
  endfacet
  facet normal 0.566307 -0.774489 -0.281893
    outer loop
      vertex -10.8321 3.79738 10.1969
      vertex -11.0565 2.90004 12.2115
      vertex -11.0565 3.65248 10.1442
    endloop
  endfacet
  facet normal 0.233432 -0.913731 -0.332573
    outer loop
      vertex -9.34586 3.66675 12.4906
      vertex -9.08114 4.47892 10.445
      vertex -9.08114 3.72648 12.5123
    endloop
  endfacet
  facet normal 0.233399 -0.913737 -0.33258
    outer loop
      vertex -9.08114 4.47892 10.445
      vertex -9.34586 3.66675 12.4906
      vertex -9.34586 4.4192 10.4233
    endloop
  endfacet
  facet normal 0.333795 0.885796 0.322406
    outer loop
      vertex -9.60689 -5.70039 9.08123
      vertex -9.86351 -4.86255 7.04499
      vertex -9.86351 -5.615 9.11231
    endloop
  endfacet
  facet normal 0.333826 0.885787 0.322399
    outer loop
      vertex -9.86351 -4.86255 7.04499
      vertex -9.60689 -5.70039 9.08123
      vertex -9.60689 -4.94795 7.01391
    endloop
  endfacet
  facet normal 0.878632 -0.448702 -0.163319
    outer loop
      vertex -12.5522 1.30547 11.6312
      vertex -12.5033 2.1425 9.59462
      vertex -12.5033 1.39005 11.6619
    endloop
  endfacet
  facet normal 0.87882 -0.448383 -0.163183
    outer loop
      vertex -12.5033 2.1425 9.59462
      vertex -12.5522 1.30547 11.6312
      vertex -12.6332 1.91768 9.51279
    endloop
  endfacet
  facet normal 0.878919 -0.448205 -0.163136
    outer loop
      vertex -12.6332 1.91768 9.51279
      vertex -12.5522 1.30547 11.6312
      vertex -12.6332 1.16523 11.5801
    endloop
  endfacet
  facet normal 0.972332 0.219514 0.0798978
    outer loop
      vertex -13.0864 -2.06909 10.4029
      vertex -13.0228 -1.5654 8.24505
      vertex -13.0864 -1.31664 8.33559
    endloop
  endfacet
  facet normal 0.972328 0.219533 0.0799021
    outer loop
      vertex -13.0228 -1.5654 8.24505
      vertex -13.0864 -2.06909 10.4029
      vertex -13.0228 -2.31784 10.3124
    endloop
  endfacet
  facet normal 0.983263 0.171203 0.0623126
    outer loop
      vertex -13.136 -1.81755 10.4945
      vertex -13.0864 -1.31664 8.33559
      vertex -13.136 -1.0651 8.42715
    endloop
  endfacet
  facet normal 0.983265 0.171195 0.0623106
    outer loop
      vertex -13.0864 -1.31664 8.33559
      vertex -13.136 -1.81755 10.4945
      vertex -13.0864 -2.06909 10.4029
    endloop
  endfacet
  facet normal -0.233432 -0.913731 -0.332573
    outer loop
      vertex -6.91886 4.47892 10.445
      vertex -6.65414 3.66675 12.4906
      vertex -6.91886 3.72648 12.5123
    endloop
  endfacet
  facet normal -0.233399 -0.913737 -0.33258
    outer loop
      vertex -6.65414 3.66675 12.4906
      vertex -6.91886 4.47892 10.445
      vertex -6.65414 4.4192 10.4233
    endloop
  endfacet
  facet normal 0.566341 0.774467 0.281884
    outer loop
      vertex -10.8321 -5.15123 9.28111
      vertex -11.0565 -4.25388 7.26652
      vertex -11.0565 -5.00633 9.33385
    endloop
  endfacet
  facet normal 0.566332 0.774472 0.281887
    outer loop
      vertex -11.0565 -4.25388 7.26652
      vertex -10.8321 -5.15123 9.28111
      vertex -10.8321 -4.39878 7.21379
    endloop
  endfacet
  facet normal 0.824122 -0.532255 -0.193721
    outer loop
      vertex -12.2069 1.81901 11.8181
      vertex -12.3611 2.36062 9.67401
      vertex -12.2069 2.57145 9.75074
    endloop
  endfacet
  facet normal 0.82415 -0.532215 -0.193712
    outer loop
      vertex -12.3611 2.36062 9.67401
      vertex -12.2069 1.81901 11.8181
      vertex -12.3611 1.60818 11.7413
    endloop
  endfacet
  facet normal 0.233446 0.913728 0.332571
    outer loop
      vertex -9.08114 -5.83277 9.03305
      vertex -9.34586 -5.0206 6.98746
      vertex -9.34586 -5.77305 9.05479
    endloop
  endfacet
  facet normal 0.233435 0.91373 0.332574
    outer loop
      vertex -9.34586 -5.0206 6.98746
      vertex -9.08114 -5.83277 9.03305
      vertex -9.08114 -5.08032 6.96573
    endloop
  endfacet
  facet normal 0.60874 0.745524 0.271347
    outer loop
      vertex -11.0565 -5.00633 9.33385
      vertex -11.2725 -4.09815 7.32321
      vertex -11.2725 -4.85059 9.39053
    endloop
  endfacet
  facet normal 0.608726 0.745533 0.271353
    outer loop
      vertex -11.2725 -4.09815 7.32321
      vertex -11.0565 -5.00633 9.33385
      vertex -11.0565 -4.25388 7.26652
    endloop
  endfacet
  facet normal 0.902588 0.404544 0.147241
    outer loop
      vertex -12.7504 -3.04062 10.0493
      vertex -12.6332 -2.51908 7.89794
      vertex -12.7504 -2.28818 7.98198
    endloop
  endfacet
  facet normal 0.902594 0.40453 0.147238
    outer loop
      vertex -12.6332 -2.51908 7.89794
      vertex -12.7504 -3.04062 10.0493
      vertex -12.6332 -3.27153 9.96526
    endloop
  endfacet
  facet normal 0.38272 0.868148 0.315983
    outer loop
      vertex -9.86351 -5.615 9.11231
      vertex -10.115 -4.76465 7.08062
      vertex -10.115 -5.5171 9.14794
    endloop
  endfacet
  facet normal 0.38272 0.868148 0.315983
    outer loop
      vertex -10.115 -4.76465 7.08062
      vertex -9.86351 -5.615 9.11231
      vertex -9.86351 -4.86255 7.04499
    endloop
  endfacet
  facet normal -0.923858 -0.359655 -0.130903
    outer loop
      vertex 12.8546 1.45043 9.34272
      vertex 12.7504 0.934332 11.4961
      vertex 12.7504 1.68678 9.42875
    endloop
  endfacet
  facet normal -0.92387 -0.359625 -0.130896
    outer loop
      vertex 12.7504 0.934332 11.4961
      vertex 12.8546 1.45043 9.34272
      vertex 12.8546 0.697983 11.41
    endloop
  endfacet
  facet normal -0.99966 0.0245072 0.0089199
    outer loop
      vertex 13.1929 -0.556436 8.61229
      vertex 13.2 -1.05315 10.7727
      vertex 13.2 -0.300702 8.70537
    endloop
  endfacet
  facet normal -0.99966 0.0245069 0.00891984
    outer loop
      vertex 13.2 -1.05315 10.7727
      vertex 13.1929 -0.556436 8.61229
      vertex 13.1929 -1.30888 10.6796
    endloop
  endfacet
  facet normal 0.852654 0.490967 0.178698
    outer loop
      vertex 3.49667 -3.49635 9.88344
      vertex 3.63891 -2.96203 7.73672
      vertex 3.49667 -2.7439 7.81611
    endloop
  endfacet
  facet normal 0.852644 0.490982 0.178701
    outer loop
      vertex 3.63891 -2.96203 7.73672
      vertex 3.49667 -3.49635 9.88344
      vertex 3.63891 -3.71447 9.80405
    endloop
  endfacet
  facet normal 0.999657 0.0246107 0.00895757
    outer loop
      vertex 2.8 -1.05315 10.7727
      vertex 2.80713 -0.556436 8.61229
      vertex 2.8 -0.300702 8.70537
    endloop
  endfacet
  facet normal 0.999657 0.0246104 0.0089575
    outer loop
      vertex 2.80713 -0.556436 8.61229
      vertex 2.8 -1.05315 10.7727
      vertex 2.80713 -1.30888 10.6796
    endloop
  endfacet
  facet normal -0.983263 0.171203 0.0623126
    outer loop
      vertex 13.0864 -1.31664 8.33559
      vertex 13.136 -1.81755 10.4945
      vertex 13.136 -1.0651 8.42715
    endloop
  endfacet
  facet normal -0.983265 0.171195 0.0623106
    outer loop
      vertex 13.136 -1.81755 10.4945
      vertex 13.0864 -1.31664 8.33559
      vertex 13.0864 -2.06909 10.4029
    endloop
  endfacet
  facet normal -0.902588 -0.404543 -0.147244
    outer loop
      vertex 12.7504 1.68678 9.42875
      vertex 12.6332 1.16523 11.5801
      vertex 12.6332 1.91768 9.51279
    endloop
  endfacet
  facet normal -0.902577 -0.404565 -0.147248
    outer loop
      vertex 12.6332 1.16523 11.5801
      vertex 12.7504 1.68678 9.42875
      vertex 12.7504 0.934332 11.4961
    endloop
  endfacet
  facet normal -0.522498 -0.801218 -0.291625
    outer loop
      vertex 10.6 3.93105 10.2456
      vertex 10.8321 3.04493 12.2643
      vertex 10.6 3.1786 12.3129
    endloop
  endfacet
  facet normal -0.522589 -0.80117 -0.291594
    outer loop
      vertex 10.8321 3.04493 12.2643
      vertex 10.6 3.93105 10.2456
      vertex 10.8321 3.79738 10.1969
    endloop
  endfacet
  facet normal -0.333795 0.885796 0.322406
    outer loop
      vertex 9.86351 -4.86255 7.04499
      vertex 9.60689 -5.70039 9.08123
      vertex 9.86351 -5.615 9.11231
    endloop
  endfacet
  facet normal -0.333826 0.885787 0.322399
    outer loop
      vertex 9.60689 -5.70039 9.08123
      vertex 9.86351 -4.86255 7.04499
      vertex 9.60689 -4.94795 7.01391
    endloop
  endfacet
  facet normal -0.972331 -0.21952 -0.0798988
    outer loop
      vertex 13.0864 0.715238 9.07514
      vertex 13.0228 0.211547 11.233
      vertex 13.0228 0.963991 9.16568
    endloop
  endfacet
  facet normal -0.972328 -0.219531 -0.0799012
    outer loop
      vertex 13.0228 0.211547 11.233
      vertex 13.0864 0.715238 9.07514
      vertex 13.0864 -0.0372064 11.1425
    endloop
  endfacet
  facet normal -0.4304 -0.848201 -0.308726
    outer loop
      vertex 10.115 4.16325 10.3301
      vertex 10.3608 3.30067 12.3573
      vertex 10.115 3.4108 12.3974
    endloop
  endfacet
  facet normal -0.430428 -0.848189 -0.308718
    outer loop
      vertex 10.3608 3.30067 12.3573
      vertex 10.115 4.16325 10.3301
      vertex 10.3608 4.05311 10.29
    endloop
  endfacet
  facet normal 0.522486 0.801226 0.291625
    outer loop
      vertex 5.4 -5.28489 9.23246
      vertex 5.16788 -4.39878 7.21379
      vertex 5.16788 -5.15123 9.28111
    endloop
  endfacet
  facet normal 0.522511 0.801213 0.291616
    outer loop
      vertex 5.16788 -4.39878 7.21379
      vertex 5.4 -5.28489 9.23246
      vertex 5.4 -4.53245 7.16514
    endloop
  endfacet
  facet normal -0.382795 -0.868122 -0.315961
    outer loop
      vertex 9.86351 4.26115 10.3657
      vertex 10.115 3.4108 12.3974
      vertex 9.86351 3.5087 12.4331
    endloop
  endfacet
  facet normal -0.382687 -0.868159 -0.31599
    outer loop
      vertex 10.115 3.4108 12.3974
      vertex 9.86351 4.26115 10.3657
      vertex 10.115 4.16325 10.3301
    endloop
  endfacet
  facet normal -0.000659351 -0.342005 0.939698
    outer loop
      vertex 13.1929 -0.0449681 8.79844
      vertex 13.1929 -0.556436 8.61229
      vertex 13.2 -0.300702 8.70537
    endloop
  endfacet
  facet normal 0.00042647 -0.342005 0.939698
    outer loop
      vertex 13.1715 0.210066 8.89127
      vertex 13.1929 -0.556436 8.61229
      vertex 13.1929 -0.0449681 8.79844
    endloop
  endfacet
  facet normal -0.000214725 -0.342021 0.939692
    outer loop
      vertex 13.1715 0.210066 8.89127
      vertex 13.1715 -0.81147 8.51946
      vertex 13.1929 -0.556436 8.61229
    endloop
  endfacet
  facet normal -0.000137271 -0.342021 0.939692
    outer loop
      vertex 13.136 0.463699 8.98358
      vertex 13.1715 -0.81147 8.51946
      vertex 13.1715 0.210066 8.89127
    endloop
  endfacet
  facet normal 6.76164e-05 -0.342016 0.939694
    outer loop
      vertex 13.136 0.463699 8.98358
      vertex 13.136 -1.0651 8.42715
      vertex 13.1715 -0.81147 8.51946
    endloop
  endfacet
  facet normal 0.000160985 -0.342016 0.939694
    outer loop
      vertex 13.0864 0.715238 9.07514
      vertex 13.136 -1.0651 8.42715
      vertex 13.136 0.463699 8.98358
    endloop
  endfacet
  facet normal -0.000115084 -0.342023 0.939692
    outer loop
      vertex 13.0864 0.715238 9.07514
      vertex 13.0864 -1.31664 8.33559
      vertex 13.136 -1.0651 8.42715
    endloop
  endfacet
  facet normal 6.92963e-06 -0.342023 0.939692
    outer loop
      vertex 13.0228 0.963991 9.16568
      vertex 13.0864 -1.31664 8.33559
      vertex 13.0864 0.715238 9.07514
    endloop
  endfacet
  facet normal 2.83752e-05 -0.342022 0.939692
    outer loop
      vertex 13.0228 0.963991 9.16568
      vertex 13.0228 -1.5654 8.24505
      vertex 13.0864 -1.31664 8.33559
    endloop
  endfacet
  facet normal -0.000104184 -0.342022 0.939692
    outer loop
      vertex 12.9455 1.20928 9.25495
      vertex 13.0228 -1.5654 8.24505
      vertex 13.0228 0.963991 9.16568
    endloop
  endfacet
  facet normal 5.06729e-05 -0.342019 0.939693
    outer loop
      vertex 12.9455 1.20928 9.25495
      vertex 12.9455 -1.81068 8.15578
      vertex 13.0228 -1.5654 8.24505
    endloop
  endfacet
  facet normal -1.01197e-05 -0.342019 0.939693
    outer loop
      vertex 12.8546 1.45043 9.34272
      vertex 12.9455 -1.81068 8.15578
      vertex 12.9455 1.20928 9.25495
    endloop
  endfacet
  facet normal 8.72614e-06 -0.342018 0.939693
    outer loop
      vertex 12.8546 1.45043 9.34272
      vertex 12.8546 -2.05183 8.06801
      vertex 12.9455 -1.81068 8.15578
    endloop
  endfacet
  facet normal 5.59263e-05 -0.342018 0.939693
    outer loop
      vertex 12.7504 1.68678 9.42875
      vertex 12.8546 -2.05183 8.06801
      vertex 12.8546 1.45043 9.34272
    endloop
  endfacet
  facet normal -4.92755e-05 -0.342021 0.939692
    outer loop
      vertex 12.7504 1.68678 9.42875
      vertex 12.7504 -2.28818 7.98198
      vertex 12.8546 -2.05183 8.06801
    endloop
  endfacet
  facet normal -7.16995e-06 -0.342021 0.939692
    outer loop
      vertex 12.6332 1.91768 9.51279
      vertex 12.7504 -2.28818 7.98198
      vertex 12.7504 1.68678 9.42875
    endloop
  endfacet
  facet normal 6.42367e-06 -0.34202 0.939693
    outer loop
      vertex 12.6332 1.91768 9.51279
      vertex 12.6332 -2.51908 7.89794
      vertex 12.7504 -2.28818 7.98198
    endloop
  endfacet
  facet normal 1.54793e-05 -0.34202 0.939693
    outer loop
      vertex 12.5033 2.1425 9.59462
      vertex 12.6332 -2.51908 7.89794
      vertex 12.6332 1.91768 9.51279
    endloop
  endfacet
  facet normal -1.40549e-05 -0.342021 0.939692
    outer loop
      vertex 12.5033 2.1425 9.59462
      vertex 12.5033 -2.7439 7.81611
      vertex 12.6332 -2.51908 7.89794
    endloop
  endfacet
  facet normal 3.64438e-06 -0.342021 0.939692
    outer loop
      vertex 12.3611 2.36062 9.67401
      vertex 12.5033 -2.7439 7.81611
      vertex 12.5033 2.1425 9.59462
    endloop
  endfacet
  facet normal 1.97208e-05 -0.342021 0.939692
    outer loop
      vertex 12.3611 2.36062 9.67401
      vertex 12.3611 -2.96203 7.73672
      vertex 12.5033 -2.7439 7.81611
    endloop
  endfacet
  facet normal -3.65414e-05 -0.342021 0.939692
    outer loop
      vertex 12.2069 2.57145 9.75074
      vertex 12.3611 -2.96203 7.73672
      vertex 12.3611 2.36062 9.67401
    endloop
  endfacet
  facet normal 3.38591e-05 -0.342019 0.939693
    outer loop
      vertex 12.2069 2.57145 9.75074
      vertex 12.2069 -3.17286 7.65999
      vertex 12.3611 -2.96203 7.73672
    endloop
  endfacet
  facet normal -6.35816e-06 -0.342019 0.939693
    outer loop
      vertex 12.0412 2.77441 9.82461
      vertex 12.2069 -3.17286 7.65999
      vertex 12.2069 2.57145 9.75074
    endloop
  endfacet
  facet normal -1.40212e-05 -0.342019 0.939693
    outer loop
      vertex 12.0412 2.77441 9.82461
      vertex 12.0412 -3.37581 7.58612
      vertex 12.2069 -3.17286 7.65999
    endloop
  endfacet
  facet normal 3.7695e-05 -0.342019 0.939693
    outer loop
      vertex 11.8644 2.96894 9.89542
      vertex 12.0412 -3.37581 7.58612
      vertex 12.0412 2.77441 9.82461
    endloop
  endfacet
  facet normal -3.54523e-05 -0.342021 0.939692
    outer loop
      vertex 11.8644 2.96894 9.89542
      vertex 11.8644 -3.57034 7.51531
      vertex 12.0412 -3.37581 7.58612
    endloop
  endfacet
  facet normal -1.07671e-05 -0.342021 0.939692
    outer loop
      vertex 11.677 3.15451 9.96296
      vertex 11.8644 -3.57034 7.51531
      vertex 11.8644 2.96894 9.89542
    endloop
  endfacet
  facet normal 1.01889e-05 -0.34202 0.939692
    outer loop
      vertex 11.677 3.15451 9.96296
      vertex 11.677 -3.75591 7.44777
      vertex 11.8644 -3.57034 7.51531
    endloop
  endfacet
  facet normal 0.000230331 -0.34202 0.939692
    outer loop
      vertex 11.4795 3.3306 10.0271
      vertex 11.677 -3.75591 7.44777
      vertex 11.677 3.15451 9.96296
    endloop
  endfacet
  facet normal 2.98653e-05 -0.342025 0.939691
    outer loop
      vertex 11.4795 3.3306 10.0271
      vertex 11.4795 -3.93201 7.38368
      vertex 11.677 -3.75591 7.44777
    endloop
  endfacet
  facet normal -0.000339151 -0.342025 0.939691
    outer loop
      vertex 11.2725 3.49675 10.0875
      vertex 11.4795 -3.93201 7.38368
      vertex 11.4795 3.3306 10.0271
    endloop
  endfacet
  facet normal -2.66724e-06 -0.342017 0.939694
    outer loop
      vertex 11.2725 3.49675 10.0875
      vertex 11.2725 -4.09815 7.32321
      vertex 11.4795 -3.93201 7.38368
    endloop
  endfacet
  facet normal 8.47462e-05 -0.342017 0.939694
    outer loop
      vertex 11.0565 3.65248 10.1442
      vertex 11.2725 -4.09815 7.32321
      vertex 11.2725 3.49675 10.0875
    endloop
  endfacet
  facet normal -3.87603e-05 -0.34202 0.939693
    outer loop
      vertex 11.0565 3.65248 10.1442
      vertex 11.0565 -4.25388 7.26652
      vertex 11.2725 -4.09815 7.32321
    endloop
  endfacet
  facet normal -0.00016454 -0.34202 0.939693
    outer loop
      vertex 10.8321 3.79738 10.1969
      vertex 11.0565 -4.25388 7.26652
      vertex 11.0565 3.65248 10.1442
    endloop
  endfacet
  facet normal 3.5316e-05 -0.342015 0.939694
    outer loop
      vertex 10.8321 3.79738 10.1969
      vertex 10.8321 -4.39878 7.21379
      vertex 11.0565 -4.25388 7.26652
    endloop
  endfacet
  facet normal 0.000197923 -0.342015 0.939694
    outer loop
      vertex 10.6 3.93105 10.2456
      vertex 10.8321 -4.39878 7.21379
      vertex 10.8321 3.79738 10.1969
    endloop
  endfacet
  facet normal 7.5645e-06 -0.34202 0.939693
    outer loop
      vertex 10.6 3.93105 10.2456
      vertex 10.6 -4.53245 7.16514
      vertex 10.8321 -4.39878 7.21379
    endloop
  endfacet
  facet normal -0.000102835 -0.34202 0.939693
    outer loop
      vertex 10.3608 4.05311 10.29
      vertex 10.6 -4.53245 7.16514
      vertex 10.6 3.93105 10.2456
    endloop
  endfacet
  facet normal -2.15228e-06 -0.342017 0.939694
    outer loop
      vertex 10.3608 4.05311 10.29
      vertex 10.3608 -4.65452 7.12071
      vertex 10.6 -4.53245 7.16514
    endloop
  endfacet
  facet normal 4.84535e-05 -0.342017 0.939694
    outer loop
      vertex 10.115 4.16325 10.3301
      vertex 10.3608 -4.65452 7.12071
      vertex 10.3608 4.05311 10.29
    endloop
  endfacet
  facet normal -2.32425e-05 -0.342019 0.939693
    outer loop
      vertex 10.115 4.16325 10.3301
      vertex 10.115 -4.76465 7.08062
      vertex 10.3608 -4.65452 7.12071
    endloop
  endfacet
  facet normal -0.000121727 -0.342019 0.939693
    outer loop
      vertex 9.86351 4.26115 10.3657
      vertex 10.115 -4.76465 7.08062
      vertex 10.115 4.16325 10.3301
    endloop
  endfacet
  facet normal 8.22272e-06 -0.342016 0.939694
    outer loop
      vertex 9.86351 4.26115 10.3657
      vertex 9.86351 -4.86255 7.04499
      vertex 10.115 -4.76465 7.08062
    endloop
  endfacet
  facet normal 7.69163e-05 -0.342016 0.939694
    outer loop
      vertex 9.60689 4.34654 10.3968
      vertex 9.86351 -4.86255 7.04499
      vertex 9.86351 4.26115 10.3657
    endloop
  endfacet
  facet normal 1.02658e-05 -0.342018 0.939694
    outer loop
      vertex 9.60689 4.34654 10.3968
      vertex 9.60689 -4.94795 7.01391
      vertex 9.86351 -4.86255 7.04499
    endloop
  endfacet
  facet normal 0.000194899 -0.342018 0.939694
    outer loop
      vertex 9.34586 4.4192 10.4233
      vertex 9.60689 -4.94795 7.01391
      vertex 9.60689 4.34654 10.3968
    endloop
  endfacet
  facet normal -2.62885e-05 -0.342023 0.939692
    outer loop
      vertex 9.34586 4.4192 10.4233
      vertex 9.34586 -5.0206 6.98746
      vertex 9.60689 -4.94795 7.01391
    endloop
  endfacet
  facet normal -0.000129623 -0.342023 0.939692
    outer loop
      vertex 9.08114 4.47892 10.445
      vertex 9.34586 -5.0206 6.98746
      vertex 9.34586 4.4192 10.4233
    endloop
  endfacet
  facet normal 2.21763e-05 -0.342019 0.939693
    outer loop
      vertex 9.08114 4.47892 10.445
      vertex 9.08114 -5.08032 6.96573
      vertex 9.34586 -5.0206 6.98746
    endloop
  endfacet
  facet normal 0.000111461 -0.342019 0.939693
    outer loop
      vertex 8.81346 4.52554 10.462
      vertex 9.08114 -5.08032 6.96573
      vertex 9.08114 4.47892 10.445
    endloop
  endfacet
  facet normal -5.57783e-06 -0.342022 0.939692
    outer loop
      vertex 8.81346 4.52554 10.462
      vertex 8.81346 -5.12694 6.94876
      vertex 9.08114 -5.08032 6.96573
    endloop
  endfacet
  facet normal -0.000184698 -0.342022 0.939692
    outer loop
      vertex 8.54355 4.55893 10.4741
      vertex 8.81346 -5.12694 6.94876
      vertex 8.81346 4.52554 10.462
    endloop
  endfacet
  facet normal -1.21157e-05 -0.342018 0.939693
    outer loop
      vertex 8.54355 4.55893 10.4741
      vertex 8.54355 -5.16034 6.9366
      vertex 8.81346 -5.12694 6.94876
    endloop
  endfacet
  facet normal -1.67269e-05 -0.342018 0.939693
    outer loop
      vertex 8.27215 4.579 10.4814
      vertex 8.54355 -5.16034 6.9366
      vertex 8.54355 4.55893 10.4741
    endloop
  endfacet
  facet normal 1.66581e-05 -0.342017 0.939694
    outer loop
      vertex 8.27215 4.579 10.4814
      vertex 8.27215 -5.18041 6.9293
      vertex 8.54355 -5.16034 6.9366
    endloop
  endfacet
  facet normal 0.000212086 -0.342017 0.939694
    outer loop
      vertex 8 4.5857 10.4839
      vertex 8.27215 -5.18041 6.9293
      vertex 8.27215 4.579 10.4814
    endloop
  endfacet
  facet normal -1.73244e-05 -0.342023 0.939692
    outer loop
      vertex 8 4.5857 10.4839
      vertex 8 -5.1871 6.92686
      vertex 8.27215 -5.18041 6.9293
    endloop
  endfacet
  facet normal -0.000211928 -0.342023 0.939692
    outer loop
      vertex 7.72785 4.579 10.4814
      vertex 8 -5.1871 6.92686
      vertex 8 4.5857 10.4839
    endloop
  endfacet
  facet normal 1.74816e-05 -0.342017 0.939694
    outer loop
      vertex 7.72785 4.579 10.4814
      vertex 7.72785 -5.18041 6.9293
      vertex 8 -5.1871 6.92686
    endloop
  endfacet
  facet normal 1.66581e-05 -0.342017 0.939694
    outer loop
      vertex 7.45645 4.55893 10.4741
      vertex 7.72785 -5.18041 6.9293
      vertex 7.72785 4.579 10.4814
    endloop
  endfacet
  facet normal -1.67269e-05 -0.342018 0.939693
    outer loop
      vertex 7.45645 4.55893 10.4741
      vertex 7.45645 -5.16034 6.9366
      vertex 7.72785 -5.18041 6.9293
    endloop
  endfacet
  facet normal 0.000184103 -0.342018 0.939693
    outer loop
      vertex 7.18654 4.52554 10.462
      vertex 7.45645 -5.16034 6.9366
      vertex 7.45645 4.55893 10.4741
    endloop
  endfacet
  facet normal 1.15206e-05 -0.342022 0.939692
    outer loop
      vertex 7.18654 4.52554 10.462
      vertex 7.18654 -5.12694 6.94876
      vertex 7.45645 -5.16034 6.9366
    endloop
  endfacet
  facet normal -0.000110893 -0.342022 0.939692
    outer loop
      vertex 6.91886 4.47892 10.445
      vertex 7.18654 -5.12694 6.94876
      vertex 7.18654 4.52554 10.462
    endloop
  endfacet
  facet normal 6.14586e-06 -0.342019 0.939693
    outer loop
      vertex 6.91886 4.47892 10.445
      vertex 6.91886 -5.08032 6.96573
      vertex 7.18654 -5.12694 6.94876
    endloop
  endfacet
  facet normal 0.000128669 -0.342019 0.939693
    outer loop
      vertex 6.65414 4.4192 10.4233
      vertex 6.91886 -5.08032 6.96573
      vertex 6.91886 4.47892 10.445
    endloop
  endfacet
  facet normal -2.31306e-05 -0.342023 0.939692
    outer loop
      vertex 6.65414 4.4192 10.4233
      vertex 6.65414 -5.0206 6.98746
      vertex 6.91886 -5.08032 6.96573
    endloop
  endfacet
  facet normal -0.000193183 -0.342023 0.939692
    outer loop
      vertex 6.39311 4.34654 10.3968
      vertex 6.65414 -5.0206 6.98746
      vertex 6.65414 4.4192 10.4233
    endloop
  endfacet
  facet normal 2.8004e-05 -0.342018 0.939694
    outer loop
      vertex 6.39311 4.34654 10.3968
      vertex 6.39311 -4.94795 7.01391
      vertex 6.65414 -5.0206 6.98746
    endloop
  endfacet
  facet normal -7.62982e-05 -0.342018 0.939694
    outer loop
      vertex 6.13649 4.26115 10.3657
      vertex 6.39311 -4.94795 7.01391
      vertex 6.39311 4.34654 10.3968
    endloop
  endfacet
  facet normal -9.64769e-06 -0.342016 0.939694
    outer loop
      vertex 6.13649 4.26115 10.3657
      vertex 6.13649 -4.86255 7.04499
      vertex 6.39311 -4.94795 7.01391
    endloop
  endfacet
  facet normal 0.000120304 -0.342016 0.939694
    outer loop
      vertex 5.88497 4.16325 10.3301
      vertex 6.13649 -4.86255 7.04499
      vertex 6.13649 4.26115 10.3657
    endloop
  endfacet
  facet normal -9.63108e-06 -0.342019 0.939693
    outer loop
      vertex 5.88497 4.16325 10.3301
      vertex 5.88497 -4.76465 7.08062
      vertex 6.13649 -4.86255 7.04499
    endloop
  endfacet
  facet normal -4.75735e-05 -0.342019 0.939693
    outer loop
      vertex 5.63925 4.05311 10.29
      vertex 5.88497 -4.76465 7.08062
      vertex 5.88497 4.16325 10.3301
    endloop
  endfacet
  facet normal 2.41459e-05 -0.342017 0.939694
    outer loop
      vertex 5.63925 4.05311 10.29
      vertex 5.63925 -4.65452 7.12071
      vertex 5.88497 -4.76465 7.08062
    endloop
  endfacet
  facet normal 0.000101383 -0.342017 0.939694
    outer loop
      vertex 5.4 3.93105 10.2456
      vertex 5.63925 -4.65452 7.12071
      vertex 5.63925 4.05311 10.29
    endloop
  endfacet
  facet normal 7.20609e-07 -0.34202 0.939693
    outer loop
      vertex 5.4 3.93105 10.2456
      vertex 5.4 -4.53245 7.16514
      vertex 5.63925 -4.65452 7.12071
    endloop
  endfacet
  facet normal -0.000194851 -0.34202 0.939693
    outer loop
      vertex 5.16788 3.79738 10.1969
      vertex 5.4 -4.53245 7.16514
      vertex 5.4 3.93105 10.2456
    endloop
  endfacet
  facet normal -4.50941e-06 -0.342015 0.939694
    outer loop
      vertex 5.16788 3.79738 10.1969
      vertex 5.16788 -4.39878 7.21379
      vertex 5.4 -4.53245 7.16514
    endloop
  endfacet
  facet normal 0.000160972 -0.342015 0.939694
    outer loop
      vertex 4.94352 3.65248 10.1442
      vertex 5.16788 -4.39878 7.21379
      vertex 5.16788 3.79738 10.1969
    endloop
  endfacet
  facet normal -3.89197e-05 -0.34202 0.939693
    outer loop
      vertex 4.94352 3.65248 10.1442
      vertex 4.94352 -4.25388 7.26652
      vertex 5.16788 -4.39878 7.21379
    endloop
  endfacet
  facet normal -8.22684e-05 -0.34202 0.939693
    outer loop
      vertex 4.72753 3.49675 10.0875
      vertex 4.94352 -4.25388 7.26652
      vertex 4.94352 3.65248 10.1442
    endloop
  endfacet
  facet normal 4.12438e-05 -0.342017 0.939694
    outer loop
      vertex 4.72753 3.49675 10.0875
      vertex 4.72753 -4.09815 7.32321
      vertex 4.94352 -4.25388 7.26652
    endloop
  endfacet
  facet normal 0.00033161 -0.342017 0.939694
    outer loop
      vertex 4.52052 3.3306 10.0271
      vertex 4.72753 -4.09815 7.32321
      vertex 4.72753 3.49675 10.0875
    endloop
  endfacet
  facet normal -4.8578e-06 -0.342025 0.939691
    outer loop
      vertex 4.52052 3.3306 10.0271
      vertex 4.52052 -3.93201 7.38368
      vertex 4.72753 -4.09815 7.32321
    endloop
  endfacet
  facet normal -0.000225372 -0.342025 0.939691
    outer loop
      vertex 4.32304 3.15451 9.96296
      vertex 4.52052 -3.93201 7.38368
      vertex 4.52052 3.3306 10.0271
    endloop
  endfacet
  facet normal -2.48863e-05 -0.34202 0.939692
    outer loop
      vertex 4.32304 3.15451 9.96296
      vertex 4.32304 -3.75591 7.44777
      vertex 4.52052 -3.93201 7.38368
    endloop
  endfacet
  facet normal 1.01894e-05 -0.34202 0.939692
    outer loop
      vertex 4.13565 2.96894 9.89542
      vertex 4.32304 -3.75591 7.44777
      vertex 4.32304 3.15451 9.96296
    endloop
  endfacet
  facet normal -1.07677e-05 -0.342021 0.939692
    outer loop
      vertex 4.13565 2.96894 9.89542
      vertex 4.13565 -3.57034 7.51531
      vertex 4.32304 -3.75591 7.44777
    endloop
  endfacet
  facet normal -3.54503e-05 -0.342021 0.939692
    outer loop
      vertex 3.95884 2.77441 9.82461
      vertex 4.13565 -3.57034 7.51531
      vertex 4.13565 2.96894 9.89542
    endloop
  endfacet
  facet normal 3.76929e-05 -0.342019 0.939693
    outer loop
      vertex 3.95884 2.77441 9.82461
      vertex 3.95884 -3.37581 7.58612
      vertex 4.13565 -3.57034 7.51531
    endloop
  endfacet
  facet normal 6.61848e-06 -0.342019 0.939693
    outer loop
      vertex 3.79311 2.57145 9.75074
      vertex 3.95884 -3.37581 7.58612
      vertex 3.95884 2.77441 9.82461
    endloop
  endfacet
  facet normal 1.42801e-05 -0.342019 0.939693
    outer loop
      vertex 3.79311 2.57145 9.75074
      vertex 3.79311 -3.17286 7.65999
      vertex 3.95884 -3.37581 7.58612
    endloop
  endfacet
  facet normal 3.38591e-05 -0.342019 0.939693
    outer loop
      vertex 3.63891 2.36062 9.67401
      vertex 3.79311 -3.17286 7.65999
      vertex 3.79311 2.57145 9.75074
    endloop
  endfacet
  facet normal -3.65414e-05 -0.342021 0.939692
    outer loop
      vertex 3.63891 2.36062 9.67401
      vertex 3.63891 -2.96203 7.73672
      vertex 3.79311 -3.17286 7.65999
    endloop
  endfacet
  facet normal -4.33012e-06 -0.342021 0.939692
    outer loop
      vertex 3.49667 2.1425 9.59462
      vertex 3.63891 -2.96203 7.73672
      vertex 3.63891 2.36062 9.67401
    endloop
  endfacet
  facet normal -2.0402e-05 -0.342021 0.939692
    outer loop
      vertex 3.49667 2.1425 9.59462
      vertex 3.49667 -2.7439 7.81611
      vertex 3.63891 -2.96203 7.73672
    endloop
  endfacet
  facet normal -1.40549e-05 -0.342021 0.939692
    outer loop
      vertex 3.36677 1.91768 9.51279
      vertex 3.49667 -2.7439 7.81611
      vertex 3.49667 2.1425 9.59462
    endloop
  endfacet
  facet normal 1.54793e-05 -0.34202 0.939693
    outer loop
      vertex 3.36677 1.91768 9.51279
      vertex 3.36677 -2.51908 7.89794
      vertex 3.49667 -2.7439 7.81611
    endloop
  endfacet
  facet normal 6.42312e-06 -0.34202 0.939693
    outer loop
      vertex 3.24956 1.68678 9.42875
      vertex 3.36677 -2.51908 7.89794
      vertex 3.36677 1.91768 9.51279
    endloop
  endfacet
  facet normal -7.16934e-06 -0.342021 0.939692
    outer loop
      vertex 3.24956 1.68678 9.42875
      vertex 3.24956 -2.28818 7.98198
      vertex 3.36677 -2.51908 7.89794
    endloop
  endfacet
  facet normal -4.9285e-05 -0.342021 0.939692
    outer loop
      vertex 3.14538 1.45043 9.34272
      vertex 3.24956 -2.28818 7.98198
      vertex 3.24956 1.68678 9.42875
    endloop
  endfacet
  facet normal 5.5937e-05 -0.342018 0.939693
    outer loop
      vertex 3.14538 1.45043 9.34272
      vertex 3.14538 -2.05183 8.06801
      vertex 3.24956 -2.28818 7.98198
    endloop
  endfacet
  facet normal 8.72903e-06 -0.342018 0.939693
    outer loop
      vertex 3.05451 1.20928 9.25495
      vertex 3.14538 -2.05183 8.06801
      vertex 3.14538 1.45043 9.34272
    endloop
  endfacet
  facet normal -1.01231e-05 -0.342019 0.939693
    outer loop
      vertex 3.05451 1.20928 9.25495
      vertex 3.05451 -1.81068 8.15578
      vertex 3.14538 -2.05183 8.06801
    endloop
  endfacet
  facet normal 9.04706e-05 -0.342019 0.939693
    outer loop
      vertex 2.97719 0.963991 9.16568
      vertex 3.05451 -1.81068 8.15578
      vertex 3.05451 1.20928 9.25495
    endloop
  endfacet
  facet normal -6.43454e-05 -0.342022 0.939692
    outer loop
      vertex 2.97719 0.963991 9.16568
      vertex 2.97719 -1.5654 8.24505
      vertex 3.05451 -1.81068 8.15578
    endloop
  endfacet
  facet normal -9.27458e-06 -0.342022 0.939692
    outer loop
      vertex 2.91363 0.715238 9.07514
      vertex 2.97719 -1.5654 8.24505
      vertex 2.97719 0.963991 9.16568
    endloop
  endfacet
  facet normal -3.07337e-05 -0.342023 0.939692
    outer loop
      vertex 2.91363 0.715238 9.07514
      vertex 2.91363 -1.31664 8.33559
      vertex 2.97719 -1.5654 8.24505
    endloop
  endfacet
  facet normal -0.000121955 -0.342023 0.939692
    outer loop
      vertex 2.86402 0.463699 8.98358
      vertex 2.91363 -1.31664 8.33559
      vertex 2.91363 0.715238 9.07514
    endloop
  endfacet
  facet normal 0.000154059 -0.342016 0.939694
    outer loop
      vertex 2.86402 0.463699 8.98358
      vertex 2.86402 -1.0651 8.42715
      vertex 2.91363 -1.31664 8.33559
    endloop
  endfacet
  facet normal 9.64377e-05 -0.342016 0.939694
    outer loop
      vertex 2.82849 0.210066 8.89127
      vertex 2.86402 -1.0651 8.42715
      vertex 2.86402 0.463699 8.98358
    endloop
  endfacet
  facet normal -0.000108277 -0.342021 0.939692
    outer loop
      vertex 2.82849 0.210066 8.89127
      vertex 2.82849 -0.81147 8.51946
      vertex 2.86402 -1.0651 8.42715
    endloop
  endfacet
  facet normal -0.000213526 -0.342021 0.939692
    outer loop
      vertex 2.80713 -0.0449681 8.79844
      vertex 2.82849 -0.81147 8.51946
      vertex 2.82849 0.210066 8.89127
    endloop
  endfacet
  facet normal 0.00042887 -0.342005 0.939698
    outer loop
      vertex 2.80713 -0.0449681 8.79844
      vertex 2.80713 -0.556436 8.61229
      vertex 2.82849 -0.81147 8.51946
    endloop
  endfacet
  facet normal 0.000656576 -0.342005 0.939698
    outer loop
      vertex 2.80713 -0.556436 8.61229
      vertex 2.80713 -0.0449681 8.79844
      vertex 2.8 -0.300702 8.70537
    endloop
  endfacet
  facet normal 0.793355 -0.572045 -0.20821
    outer loop
      vertex 3.95884 2.02197 11.8919
      vertex 3.79311 2.57145 9.75074
      vertex 3.95884 2.77441 9.82461
    endloop
  endfacet
  facet normal 0.793323 -0.572088 -0.208218
    outer loop
      vertex 3.79311 2.57145 9.75074
      vertex 3.95884 2.02197 11.8919
      vertex 3.79311 1.81901 11.8181
    endloop
  endfacet
  facet normal 0.87882 0.448378 0.163197
    outer loop
      vertex 3.36677 -3.27153 9.96527
      vertex 3.49667 -2.7439 7.81611
      vertex 3.36677 -2.51908 7.89794
    endloop
  endfacet
  facet normal 0.87882 0.448378 0.163197
    outer loop
      vertex 3.49667 -2.7439 7.81611
      vertex 3.36677 -3.27153 9.96527
      vertex 3.49667 -3.49635 9.88344
    endloop
  endfacet
  facet normal -0.233446 0.913728 0.332571
    outer loop
      vertex 9.34586 -5.0206 6.98746
      vertex 9.08114 -5.83277 9.03305
      vertex 9.34586 -5.77305 9.05479
    endloop
  endfacet
  facet normal -0.233435 0.91373 0.332574
    outer loop
      vertex 9.08114 -5.83277 9.03305
      vertex 9.34586 -5.0206 6.98746
      vertex 9.08114 -5.08032 6.96573
    endloop
  endfacet
  facet normal 0.130613 -0.931647 -0.339077
    outer loop
      vertex 7.18654 3.77309 12.5293
      vertex 7.45645 4.55893 10.4741
      vertex 7.45645 3.80649 12.5415
    endloop
  endfacet
  facet normal 0.130456 -0.93166 -0.339103
    outer loop
      vertex 7.45645 4.55893 10.4741
      vertex 7.18654 3.77309 12.5293
      vertex 7.18654 4.52554 10.462
    endloop
  endfacet
  facet normal -0.991461 -0.122538 -0.0446004
    outer loop
      vertex 13.1715 0.210066 8.89127
      vertex 13.136 -0.288745 11.0509
      vertex 13.136 0.463699 8.98358
    endloop
  endfacet
  facet normal -0.991461 -0.12254 -0.0446008
    outer loop
      vertex 13.136 -0.288745 11.0509
      vertex 13.1715 0.210066 8.89127
      vertex 13.1715 -0.542378 10.9586
    endloop
  endfacet
  facet normal 0.688366 -0.681618 -0.24809
    outer loop
      vertex 4.52052 2.57816 12.0944
      vertex 4.32304 3.15451 9.96296
      vertex 4.52052 3.3306 10.0271
    endloop
  endfacet
  facet normal 0.688358 -0.681626 -0.248091
    outer loop
      vertex 4.32304 3.15451 9.96296
      vertex 4.52052 2.57816 12.0944
      vertex 4.32304 2.40206 12.0303
    endloop
  endfacet
  facet normal -0.725375 0.646841 0.235432
    outer loop
      vertex 11.677 -3.75591 7.44777
      vertex 11.8644 -4.32279 9.58264
      vertex 11.8644 -3.57034 7.51531
    endloop
  endfacet
  facet normal -0.725359 0.646858 0.235435
    outer loop
      vertex 11.8644 -4.32279 9.58264
      vertex 11.677 -3.75591 7.44777
      vertex 11.677 -4.50835 9.5151
    endloop
  endfacet
  facet normal -0.942614 -0.313748 -0.114198
    outer loop
      vertex 12.9455 1.20928 9.25495
      vertex 12.8546 0.697983 11.41
      vertex 12.8546 1.45043 9.34272
    endloop
  endfacet
  facet normal -0.942604 -0.313777 -0.114204
    outer loop
      vertex 12.8546 0.697983 11.41
      vertex 12.9455 1.20928 9.25495
      vertex 12.9455 0.456834 11.3223
    endloop
  endfacet
  facet normal -0.609029 -0.745315 -0.271274
    outer loop
      vertex 11.0565 3.65248 10.1442
      vertex 11.1437 2.83712 12.1886
      vertex 11.0565 2.90004 12.2115
    endloop
  endfacet
  facet normal -0.608571 -0.745635 -0.271421
    outer loop
      vertex 11.0565 3.65248 10.1442
      vertex 11.2725 2.7443 12.1548
      vertex 11.1437 2.83712 12.1886
    endloop
  endfacet
  facet normal -0.608734 -0.745526 -0.271355
    outer loop
      vertex 11.2725 2.7443 12.1548
      vertex 11.0565 3.65248 10.1442
      vertex 11.2725 3.49675 10.0875
    endloop
  endfacet
  facet normal -0.130517 0.931653 0.339097
    outer loop
      vertex 8.81346 -5.12694 6.94876
      vertex 8.54355 -5.91278 9.00393
      vertex 8.81346 -5.87939 9.01608
    endloop
  endfacet
  facet normal -0.130564 0.93165 0.33909
    outer loop
      vertex 8.54355 -5.91278 9.00393
      vertex 8.81346 -5.12694 6.94876
      vertex 8.54355 -5.16034 6.9366
    endloop
  endfacet
  facet normal -0.0784472 -0.936801 -0.340953
    outer loop
      vertex 8.27215 4.579 10.4814
      vertex 8.54355 3.80649 12.5415
      vertex 8.27215 3.82656 12.5488
    endloop
  endfacet
  facet normal -0.0784472 -0.936801 -0.340953
    outer loop
      vertex 8.54355 3.80649 12.5415
      vertex 8.27215 4.579 10.4814
      vertex 8.54355 4.55893 10.4741
    endloop
  endfacet
  facet normal -0.0261915 0.939371 0.341902
    outer loop
      vertex 8.27215 -5.18041 6.9293
      vertex 8 -5.93955 8.99418
      vertex 8.27215 -5.93285 8.99662
    endloop
  endfacet
  facet normal -0.026157 0.93937 0.341906
    outer loop
      vertex 8 -5.93955 8.99418
      vertex 8.27215 -5.18041 6.9293
      vertex 8 -5.1871 6.92686
    endloop
  endfacet
  facet normal -0.996906 0.0738649 0.0268848
    outer loop
      vertex 13.1715 -0.81147 8.51946
      vertex 13.1929 -1.30888 10.6796
      vertex 13.1929 -0.556436 8.61229
    endloop
  endfacet
  facet normal -0.996905 0.0738689 0.0268857
    outer loop
      vertex 13.1929 -1.30888 10.6796
      vertex 13.1715 -0.81147 8.51946
      vertex 13.1715 -1.56391 10.5868
    endloop
  endfacet
  facet normal -0.99966 -0.0245076 -0.00891986
    outer loop
      vertex 13.2 -0.300702 8.70537
      vertex 13.1929 -0.797412 10.8658
      vertex 13.1929 -0.0449681 8.79844
    endloop
  endfacet
  facet normal -0.99966 -0.0245062 -0.00891956
    outer loop
      vertex 13.1929 -0.797412 10.8658
      vertex 13.2 -0.300702 8.70537
      vertex 13.2 -1.05315 10.7727
    endloop
  endfacet
  facet normal 0.0261915 0.939371 0.341902
    outer loop
      vertex 8 -5.93955 8.99418
      vertex 7.72785 -5.18041 6.9293
      vertex 7.72785 -5.93285 8.99662
    endloop
  endfacet
  facet normal 0.026157 0.93937 0.341906
    outer loop
      vertex 7.72785 -5.18041 6.9293
      vertex 8 -5.93955 8.99418
      vertex 8 -5.1871 6.92686
    endloop
  endfacet
  facet normal -0.725375 -0.646841 -0.235431
    outer loop
      vertex 11.8644 2.96894 9.89542
      vertex 11.677 2.40206 12.0303
      vertex 11.677 3.15451 9.96296
    endloop
  endfacet
  facet normal -0.725411 -0.646803 -0.235424
    outer loop
      vertex 11.677 2.40206 12.0303
      vertex 11.8644 2.96894 9.89542
      vertex 11.8644 2.21649 11.9627
    endloop
  endfacet
  facet normal 0.566437 -0.774408 -0.281853
    outer loop
      vertex 4.94352 2.90004 12.2115
      vertex 5.16788 3.79738 10.1969
      vertex 5.16788 3.04493 12.2643
    endloop
  endfacet
  facet normal 0.566375 -0.774445 -0.281876
    outer loop
      vertex 5.16788 3.79738 10.1969
      vertex 4.94352 2.90004 12.2115
      vertex 4.94352 3.65248 10.1442
    endloop
  endfacet
  facet normal -0.68833 -0.681651 -0.248102
    outer loop
      vertex 11.677 3.15451 9.96296
      vertex 11.4795 2.57816 12.0944
      vertex 11.4795 3.3306 10.0271
    endloop
  endfacet
  facet normal -0.688321 -0.681659 -0.248103
    outer loop
      vertex 11.4795 2.57816 12.0944
      vertex 11.677 3.15451 9.96296
      vertex 11.677 2.40206 12.0303
    endloop
  endfacet
  facet normal -0.923858 0.359653 0.130906
    outer loop
      vertex 12.7504 -2.28818 7.98198
      vertex 12.8546 -2.80428 10.1353
      vertex 12.8546 -2.05183 8.06801
    endloop
  endfacet
  facet normal -0.923847 0.359679 0.130912
    outer loop
      vertex 12.8546 -2.80428 10.1353
      vertex 12.7504 -2.28818 7.98198
      vertex 12.7504 -3.04062 10.0493
    endloop
  endfacet
  facet normal -0.824122 0.532254 0.193723
    outer loop
      vertex 12.2069 -3.17286 7.65999
      vertex 12.3611 -3.71447 9.80405
      vertex 12.3611 -2.96203 7.73672
    endloop
  endfacet
  facet normal -0.824126 0.532249 0.193722
    outer loop
      vertex 12.3611 -3.71447 9.80405
      vertex 12.2069 -3.17286 7.65999
      vertex 12.2069 -3.9253 9.72731
    endloop
  endfacet
  facet normal -0.991461 0.12254 0.0446003
    outer loop
      vertex 13.136 -1.0651 8.42715
      vertex 13.1715 -1.56391 10.5868
      vertex 13.1715 -0.81147 8.51946
    endloop
  endfacet
  facet normal -0.991461 0.122537 0.0445997
    outer loop
      vertex 13.1715 -1.56391 10.5868
      vertex 13.136 -1.0651 8.42715
      vertex 13.136 -1.81755 10.4945
    endloop
  endfacet
  facet normal -0.760422 -0.610261 -0.222123
    outer loop
      vertex 12.0412 2.77441 9.82461
      vertex 11.8644 2.21649 11.9627
      vertex 11.8644 2.96894 9.89542
    endloop
  endfacet
  facet normal -0.760403 -0.610284 -0.222128
    outer loop
      vertex 11.8644 2.21649 11.9627
      vertex 12.0412 2.77441 9.82461
      vertex 12.0412 2.02197 11.8919
    endloop
  endfacet
  facet normal 0.233446 0.913728 0.332571
    outer loop
      vertex 6.91886 -5.83277 9.03305
      vertex 6.65414 -5.0206 6.98746
      vertex 6.65414 -5.77305 9.05479
    endloop
  endfacet
  facet normal 0.233435 0.91373 0.332574
    outer loop
      vertex 6.65414 -5.0206 6.98746
      vertex 6.91886 -5.83277 9.03305
      vertex 6.91886 -5.08032 6.96573
    endloop
  endfacet
  facet normal 0.284054 -0.900983 -0.327937
    outer loop
      vertex 6.39311 3.5941 12.4641
      vertex 6.65414 4.4192 10.4233
      vertex 6.65414 3.66675 12.4906
    endloop
  endfacet
  facet normal 0.284086 -0.900975 -0.32793
    outer loop
      vertex 6.65414 4.4192 10.4233
      vertex 6.39311 3.5941 12.4641
      vertex 6.39311 4.34654 10.3968
    endloop
  endfacet
  facet normal -0.649414 -0.714574 -0.260089
    outer loop
      vertex 11.2725 3.49675 10.0875
      vertex 11.4795 2.57816 12.0944
      vertex 11.2725 2.7443 12.1548
    endloop
  endfacet
  facet normal -0.649434 -0.714559 -0.26008
    outer loop
      vertex 11.4795 2.57816 12.0944
      vertex 11.2725 3.49675 10.0875
      vertex 11.4795 3.3306 10.0271
    endloop
  endfacet
  facet normal -0.95884 -0.266824 -0.0971148
    outer loop
      vertex 13.0228 0.963991 9.16568
      vertex 12.9455 0.456834 11.3223
      vertex 12.9455 1.20928 9.25495
    endloop
  endfacet
  facet normal -0.958842 -0.266815 -0.097113
    outer loop
      vertex 12.9455 0.456834 11.3223
      vertex 13.0228 0.963991 9.16568
      vertex 13.0228 0.211547 11.233
    endloop
  endfacet
  facet normal 0.382756 -0.868138 -0.315967
    outer loop
      vertex 5.88497 3.4108 12.3974
      vertex 6.13649 4.26115 10.3657
      vertex 6.13649 3.5087 12.4331
    endloop
  endfacet
  facet normal 0.382648 -0.868174 -0.315996
    outer loop
      vertex 6.13649 4.26115 10.3657
      vertex 5.88497 3.4108 12.3974
      vertex 5.88497 4.16325 10.3301
    endloop
  endfacet
  facet normal 0.0784472 -0.936801 -0.340953
    outer loop
      vertex 7.45645 3.80649 12.5415
      vertex 7.72785 4.579 10.4814
      vertex 7.72785 3.82656 12.5488
    endloop
  endfacet
  facet normal 0.0784472 -0.936801 -0.340953
    outer loop
      vertex 7.72785 4.579 10.4814
      vertex 7.45645 3.80649 12.5415
      vertex 7.45645 4.55893 10.4741
    endloop
  endfacet
  facet normal -0.958837 0.266832 0.097117
    outer loop
      vertex 12.9455 -1.81068 8.15578
      vertex 13.0228 -2.31784 10.3124
      vertex 13.0228 -1.5654 8.24505
    endloop
  endfacet
  facet normal -0.958843 0.266812 0.0971127
    outer loop
      vertex 13.0228 -2.31784 10.3124
      vertex 12.9455 -1.81068 8.15578
      vertex 12.9455 -2.56313 10.2231
    endloop
  endfacet
  facet normal 0.996917 0.0737277 0.0268349
    outer loop
      vertex 2.80713 -1.30888 10.6796
      vertex 2.82849 -0.81147 8.51946
      vertex 2.80713 -0.556436 8.61229
    endloop
  endfacet
  facet normal 0.996917 0.0737317 0.0268358
    outer loop
      vertex 2.82849 -0.81147 8.51946
      vertex 2.80713 -1.30888 10.6796
      vertex 2.82849 -1.56391 10.5868
    endloop
  endfacet
  facet normal 0.182242 -0.923954 -0.336298
    outer loop
      vertex 6.91886 3.72648 12.5123
      vertex 7.18654 4.52554 10.462
      vertex 7.18654 3.77309 12.5293
    endloop
  endfacet
  facet normal 0.182276 -0.92395 -0.336292
    outer loop
      vertex 7.18654 4.52554 10.462
      vertex 6.91886 3.72648 12.5123
      vertex 6.91886 4.47892 10.445
    endloop
  endfacet
  facet normal -0.87882 0.448377 0.163198
    outer loop
      vertex 12.5033 -2.7439 7.81611
      vertex 12.6332 -3.27153 9.96526
      vertex 12.6332 -2.51908 7.89794
    endloop
  endfacet
  facet normal -0.878817 0.448383 0.163199
    outer loop
      vertex 12.6332 -3.27153 9.96526
      vertex 12.5033 -2.7439 7.81611
      vertex 12.5033 -3.49635 9.88344
    endloop
  endfacet
  facet normal 0.430532 0.848144 0.308698
    outer loop
      vertex 5.88497 -5.5171 9.14794
      vertex 5.63925 -4.65452 7.12071
      vertex 5.63925 -5.40696 9.18803
    endloop
  endfacet
  facet normal 0.430504 0.848155 0.308706
    outer loop
      vertex 5.63925 -4.65452 7.12071
      vertex 5.88497 -5.5171 9.14794
      vertex 5.88497 -4.76465 7.08062
    endloop
  endfacet
  facet normal -0.996906 -0.0738575 -0.0269052
    outer loop
      vertex 13.1848 -0.701458 10.9007
      vertex 13.1715 0.210066 8.89127
      vertex 13.1929 -0.0449681 8.79844
    endloop
  endfacet
  facet normal -0.996928 -0.073599 -0.0267878
    outer loop
      vertex 13.1715 0.210066 8.89127
      vertex 13.1848 -0.701458 10.9007
      vertex 13.1715 -0.542378 10.9586
    endloop
  endfacet
  facet normal -0.996868 -0.0743135 -0.0270474
    outer loop
      vertex 13.1848 -0.701458 10.9007
      vertex 13.1929 -0.0449681 8.79844
      vertex 13.1929 -0.797412 10.8658
    endloop
  endfacet
  facet normal 0.649446 0.714549 0.260074
    outer loop
      vertex 4.72753 -4.85059 9.39053
      vertex 4.52052 -3.93201 7.38368
      vertex 4.52052 -4.68445 9.451
    endloop
  endfacet
  facet normal 0.649446 0.714549 0.260074
    outer loop
      vertex 4.52052 -3.93201 7.38368
      vertex 4.72753 -4.85059 9.39053
      vertex 4.72753 -4.09815 7.32321
    endloop
  endfacet
  facet normal -0.942614 0.313749 0.114196
    outer loop
      vertex 12.8546 -2.05183 8.06801
      vertex 12.9455 -2.56313 10.2231
      vertex 12.9455 -1.81068 8.15578
    endloop
  endfacet
  facet normal -0.942618 0.313737 0.114194
    outer loop
      vertex 12.9455 -2.56313 10.2231
      vertex 12.8546 -2.05183 8.06801
      vertex 12.8546 -2.80428 10.1353
    endloop
  endfacet
  facet normal -0.688315 0.681665 0.248104
    outer loop
      vertex 11.4795 -3.93201 7.38368
      vertex 11.677 -4.50835 9.5151
      vertex 11.677 -3.75591 7.44777
    endloop
  endfacet
  facet normal -0.688321 0.681659 0.248103
    outer loop
      vertex 11.677 -4.50835 9.5151
      vertex 11.4795 -3.93201 7.38368
      vertex 11.4795 -4.68445 9.451
    endloop
  endfacet
  facet normal -0.902588 0.404544 0.147241
    outer loop
      vertex 12.6332 -2.51908 7.89794
      vertex 12.7504 -3.04062 10.0493
      vertex 12.7504 -2.28818 7.98198
    endloop
  endfacet
  facet normal -0.902594 0.40453 0.147238
    outer loop
      vertex 12.7504 -3.04062 10.0493
      vertex 12.6332 -2.51908 7.89794
      vertex 12.6332 -3.27153 9.96526
    endloop
  endfacet
  facet normal -0.760422 0.610263 0.22212
    outer loop
      vertex 11.8644 -3.57034 7.51531
      vertex 12.0412 -4.12826 9.65344
      vertex 12.0412 -3.37581 7.58612
    endloop
  endfacet
  facet normal -0.760417 0.610269 0.222121
    outer loop
      vertex 12.0412 -4.12826 9.65344
      vertex 11.8644 -3.57034 7.51531
      vertex 11.8644 -4.32279 9.58264
    endloop
  endfacet
  facet normal 0.760404 0.610283 0.222127
    outer loop
      vertex 3.95884 -4.12826 9.65344
      vertex 4.13565 -3.57034 7.51531
      vertex 3.95884 -3.37581 7.58612
    endloop
  endfacet
  facet normal 0.760399 0.610289 0.222128
    outer loop
      vertex 4.13565 -3.57034 7.51531
      vertex 3.95884 -4.12826 9.65344
      vertex 4.13565 -4.32279 9.58264
    endloop
  endfacet
  facet normal 0.333737 -0.885816 -0.322413
    outer loop
      vertex 6.13649 3.5087 12.4331
      vertex 6.39311 4.34654 10.3968
      vertex 6.39311 3.5941 12.4641
    endloop
  endfacet
  facet normal 0.333818 -0.885793 -0.322393
    outer loop
      vertex 6.39311 4.34654 10.3968
      vertex 6.13649 3.5087 12.4331
      vertex 6.13649 4.26115 10.3657
    endloop
  endfacet
  facet normal -0.87882 -0.448383 -0.163183
    outer loop
      vertex 12.5522 1.30547 11.6312
      vertex 12.5033 2.1425 9.59462
      vertex 12.6332 1.91768 9.51279
    endloop
  endfacet
  facet normal -0.878632 -0.448702 -0.163319
    outer loop
      vertex 12.5033 2.1425 9.59462
      vertex 12.5522 1.30547 11.6312
      vertex 12.5033 1.39005 11.6619
    endloop
  endfacet
  facet normal -0.878919 -0.448205 -0.163136
    outer loop
      vertex 12.5522 1.30547 11.6312
      vertex 12.6332 1.91768 9.51279
      vertex 12.6332 1.16523 11.5801
    endloop
  endfacet
  facet normal 0.430514 -0.84815 -0.308707
    outer loop
      vertex 5.63925 3.30067 12.3573
      vertex 5.88497 4.16325 10.3301
      vertex 5.88497 3.4108 12.3974
    endloop
  endfacet
  facet normal 0.430542 -0.848138 -0.308699
    outer loop
      vertex 5.88497 4.16325 10.3301
      vertex 5.63925 3.30067 12.3573
      vertex 5.63925 4.05311 10.29
    endloop
  endfacet
  facet normal -0.38272 0.868148 0.315983
    outer loop
      vertex 10.115 -4.76465 7.08062
      vertex 9.86351 -5.615 9.11231
      vertex 10.115 -5.5171 9.14794
    endloop
  endfacet
  facet normal -0.38272 0.868148 0.315983
    outer loop
      vertex 9.86351 -5.615 9.11231
      vertex 10.115 -4.76465 7.08062
      vertex 9.86351 -4.86255 7.04499
    endloop
  endfacet
  facet normal 0.923884 -0.359596 -0.130881
    outer loop
      vertex 3.24956 0.934332 11.4961
      vertex 3.14538 1.45043 9.34272
      vertex 3.24956 1.68678 9.42875
    endloop
  endfacet
  facet normal 0.923896 -0.359566 -0.130875
    outer loop
      vertex 3.14538 1.45043 9.34272
      vertex 3.24956 0.934332 11.4961
      vertex 3.14538 0.697983 11.41
    endloop
  endfacet
  facet normal 0.477136 -0.825829 -0.300579
    outer loop
      vertex 5.4 3.1786 12.3129
      vertex 5.63925 4.05311 10.29
      vertex 5.63925 3.30067 12.3573
    endloop
  endfacet
  facet normal 0.477109 -0.825842 -0.300587
    outer loop
      vertex 5.63925 4.05311 10.29
      vertex 5.4 3.1786 12.3129
      vertex 5.4 3.93105 10.2456
    endloop
  endfacet
  facet normal 0.991447 0.122642 0.0446373
    outer loop
      vertex 2.82849 -1.56391 10.5868
      vertex 2.86402 -1.0651 8.42715
      vertex 2.82849 -0.81147 8.51946
    endloop
  endfacet
  facet normal 0.991447 0.122639 0.0446367
    outer loop
      vertex 2.86402 -1.0651 8.42715
      vertex 2.82849 -1.56391 10.5868
      vertex 2.86402 -1.81755 10.4945
    endloop
  endfacet
  facet normal -0.983263 -0.171204 -0.0623122
    outer loop
      vertex 13.136 0.463699 8.98358
      vertex 13.0864 -0.0372064 11.1425
      vertex 13.0864 0.715238 9.07514
    endloop
  endfacet
  facet normal -0.983265 -0.171196 -0.0623102
    outer loop
      vertex 13.0864 -0.0372064 11.1425
      vertex 13.136 0.463699 8.98358
      vertex 13.136 -0.288745 11.0509
    endloop
  endfacet
  facet normal 0.760404 -0.610281 -0.222131
    outer loop
      vertex 4.13565 2.21649 11.9627
      vertex 3.95884 2.77441 9.82461
      vertex 4.13565 2.96894 9.89542
    endloop
  endfacet
  facet normal 0.760384 -0.610304 -0.222135
    outer loop
      vertex 3.95884 2.77441 9.82461
      vertex 4.13565 2.21649 11.9627
      vertex 3.95884 2.02197 11.8919
    endloop
  endfacet
  facet normal -0.233432 -0.913731 -0.332573
    outer loop
      vertex 9.08114 4.47892 10.445
      vertex 9.34586 3.66675 12.4906
      vertex 9.08114 3.72648 12.5123
    endloop
  endfacet
  facet normal -0.233399 -0.913737 -0.33258
    outer loop
      vertex 9.34586 3.66675 12.4906
      vertex 9.08114 4.47892 10.445
      vertex 9.34586 4.4192 10.4233
    endloop
  endfacet
  facet normal 0.333795 0.885796 0.322406
    outer loop
      vertex 6.39311 -5.70039 9.08123
      vertex 6.13649 -4.86255 7.04499
      vertex 6.13649 -5.615 9.11231
    endloop
  endfacet
  facet normal 0.333826 0.885787 0.322399
    outer loop
      vertex 6.13649 -4.86255 7.04499
      vertex 6.39311 -5.70039 9.08123
      vertex 6.39311 -4.94795 7.01391
    endloop
  endfacet
  facet normal -0.649465 0.714535 0.260068
    outer loop
      vertex 11.4795 -3.93201 7.38368
      vertex 11.2725 -4.85059 9.39053
      vertex 11.4795 -4.68445 9.451
    endloop
  endfacet
  facet normal -0.649465 0.714535 0.260068
    outer loop
      vertex 11.2725 -4.85059 9.39053
      vertex 11.4795 -3.93201 7.38368
      vertex 11.2725 -4.09815 7.32321
    endloop
  endfacet
  facet normal -0.85271 -0.490881 -0.178668
    outer loop
      vertex 12.5033 2.1425 9.59462
      vertex 12.3611 1.60818 11.7413
      vertex 12.3611 2.36062 9.67401
    endloop
  endfacet
  facet normal -0.852723 -0.49086 -0.178664
    outer loop
      vertex 12.3611 1.60818 11.7413
      vertex 12.5033 2.1425 9.59462
      vertex 12.5033 1.39005 11.6619
    endloop
  endfacet
  facet normal 0.996917 -0.0737278 -0.0268347
    outer loop
      vertex 2.82849 -0.542379 10.9586
      vertex 2.80713 -0.0449681 8.79844
      vertex 2.82849 0.210066 8.89127
    endloop
  endfacet
  facet normal 0.996917 -0.0737309 -0.0268354
    outer loop
      vertex 2.80713 -0.0449681 8.79844
      vertex 2.82849 -0.542379 10.9586
      vertex 2.80713 -0.797412 10.8658
    endloop
  endfacet
  facet normal 0.130517 0.931653 0.339097
    outer loop
      vertex 7.45645 -5.91278 9.00393
      vertex 7.18654 -5.12694 6.94876
      vertex 7.18654 -5.87939 9.01608
    endloop
  endfacet
  facet normal 0.130564 0.93165 0.33909
    outer loop
      vertex 7.18654 -5.12694 6.94876
      vertex 7.45645 -5.91278 9.00393
      vertex 7.45645 -5.16034 6.9366
    endloop
  endfacet
  facet normal -0.130613 -0.931647 -0.339077
    outer loop
      vertex 8.54355 4.55893 10.4741
      vertex 8.81346 3.77309 12.5293
      vertex 8.54355 3.80649 12.5415
    endloop
  endfacet
  facet normal -0.130456 -0.93166 -0.339103
    outer loop
      vertex 8.81346 3.77309 12.5293
      vertex 8.54355 4.55893 10.4741
      vertex 8.81346 4.52554 10.462
    endloop
  endfacet
  facet normal 0.942648 0.313657 0.114163
    outer loop
      vertex 3.05451 -2.56313 10.2231
      vertex 3.14538 -2.05183 8.06801
      vertex 3.05451 -1.81068 8.15578
    endloop
  endfacet
  facet normal 0.942653 0.313645 0.11416
    outer loop
      vertex 3.14538 -2.05183 8.06801
      vertex 3.05451 -2.56313 10.2231
      vertex 3.14538 -2.80428 10.1353
    endloop
  endfacet
  facet normal -0.60874 0.745524 0.271347
    outer loop
      vertex 11.2725 -4.09815 7.32321
      vertex 11.0565 -5.00633 9.33385
      vertex 11.2725 -4.85059 9.39053
    endloop
  endfacet
  facet normal -0.608726 0.745533 0.271353
    outer loop
      vertex 11.0565 -5.00633 9.33385
      vertex 11.2725 -4.09815 7.32321
      vertex 11.0565 -4.25388 7.26652
    endloop
  endfacet
  facet normal -0.522519 0.801207 0.291618
    outer loop
      vertex 10.8321 -4.39878 7.21379
      vertex 10.6 -5.28489 9.23246
      vertex 10.8321 -5.15123 9.28111
    endloop
  endfacet
  facet normal -0.522544 0.801194 0.29161
    outer loop
      vertex 10.6 -5.28489 9.23246
      vertex 10.8321 -4.39878 7.21379
      vertex 10.6 -4.53245 7.16514
    endloop
  endfacet
  facet normal -0.0784597 0.936797 0.340963
    outer loop
      vertex 8.54355 -5.16034 6.9366
      vertex 8.27215 -5.93285 8.99662
      vertex 8.54355 -5.91278 9.00393
    endloop
  endfacet
  facet normal -0.0784472 0.936797 0.340965
    outer loop
      vertex 8.27215 -5.93285 8.99662
      vertex 8.54355 -5.16034 6.9366
      vertex 8.27215 -5.18041 6.9293
    endloop
  endfacet
  facet normal -0.430418 0.848195 0.308717
    outer loop
      vertex 10.3608 -4.65452 7.12071
      vertex 10.115 -5.5171 9.14794
      vertex 10.3608 -5.40696 9.18803
    endloop
  endfacet
  facet normal -0.430389 0.848206 0.308725
    outer loop
      vertex 10.115 -5.5171 9.14794
      vertex 10.3608 -4.65452 7.12071
      vertex 10.115 -4.76465 7.08062
    endloop
  endfacet
  facet normal 0.991447 -0.12264 -0.0446375
    outer loop
      vertex 2.86402 -0.288745 11.0509
      vertex 2.82849 0.210066 8.89127
      vertex 2.86402 0.463699 8.98358
    endloop
  endfacet
  facet normal 0.991447 -0.122641 -0.0446377
    outer loop
      vertex 2.82849 0.210066 8.89127
      vertex 2.86402 -0.288745 11.0509
      vertex 2.82849 -0.542379 10.9586
    endloop
  endfacet
  facet normal 0.923884 0.359595 0.130885
    outer loop
      vertex 3.14538 -2.80428 10.1353
      vertex 3.24956 -2.28818 7.98198
      vertex 3.14538 -2.05183 8.06801
    endloop
  endfacet
  facet normal 0.923873 0.35962 0.13089
    outer loop
      vertex 3.24956 -2.28818 7.98198
      vertex 3.14538 -2.80428 10.1353
      vertex 3.24956 -3.04062 10.0493
    endloop
  endfacet
  facet normal 0.284017 0.900996 0.327934
    outer loop
      vertex 6.65414 -5.77305 9.05479
      vertex 6.39311 -4.94795 7.01391
      vertex 6.39311 -5.70039 9.08123
    endloop
  endfacet
  facet normal 0.283997 0.901001 0.327939
    outer loop
      vertex 6.39311 -4.94795 7.01391
      vertex 6.65414 -5.77305 9.05479
      vertex 6.65414 -5.0206 6.98746
    endloop
  endfacet
  facet normal 0.649396 -0.714588 -0.260094
    outer loop
      vertex 4.52052 2.57816 12.0944
      vertex 4.72753 3.49675 10.0875
      vertex 4.72753 2.7443 12.1548
    endloop
  endfacet
  facet normal 0.649416 -0.714573 -0.260085
    outer loop
      vertex 4.72753 3.49675 10.0875
      vertex 4.52052 2.57816 12.0944
      vertex 4.52052 3.3306 10.0271
    endloop
  endfacet
  facet normal 0.999657 -0.024611 -0.00895752
    outer loop
      vertex 2.80713 -0.797412 10.8658
      vertex 2.8 -0.300702 8.70537
      vertex 2.80713 -0.0449681 8.79844
    endloop
  endfacet
  facet normal 0.999657 -0.0246097 -0.00895722
    outer loop
      vertex 2.8 -0.300702 8.70537
      vertex 2.80713 -0.797412 10.8658
      vertex 2.8 -1.05315 10.7727
    endloop
  endfacet
  facet normal -0.477242 0.825776 0.300557
    outer loop
      vertex 10.6 -4.53245 7.16514
      vertex 10.3608 -5.40696 9.18803
      vertex 10.6 -5.28489 9.23246
    endloop
  endfacet
  facet normal -0.477242 0.825776 0.300557
    outer loop
      vertex 10.3608 -5.40696 9.18803
      vertex 10.6 -4.53245 7.16514
      vertex 10.3608 -4.65452 7.12071
    endloop
  endfacet
  facet normal -0.566369 -0.774452 -0.281869
    outer loop
      vertex 10.8321 3.79738 10.1969
      vertex 11.0565 2.90004 12.2115
      vertex 10.8321 3.04493 12.2643
    endloop
  endfacet
  facet normal -0.566307 -0.774489 -0.281893
    outer loop
      vertex 11.0565 2.90004 12.2115
      vertex 10.8321 3.79738 10.1969
      vertex 11.0565 3.65248 10.1442
    endloop
  endfacet
  facet normal 0.958817 0.266895 0.0971401
    outer loop
      vertex 2.97719 -2.31784 10.3124
      vertex 3.05451 -1.81068 8.15578
      vertex 2.97719 -1.5654 8.24505
    endloop
  endfacet
  facet normal 0.958823 0.266876 0.0971358
    outer loop
      vertex 3.05451 -1.81068 8.15578
      vertex 2.97719 -2.31784 10.3124
      vertex 3.05451 -2.56313 10.2231
    endloop
  endfacet
  facet normal 0.182239 0.923956 0.336296
    outer loop
      vertex 7.18654 -5.87939 9.01608
      vertex 6.91886 -5.08032 6.96573
      vertex 6.91886 -5.83277 9.03305
    endloop
  endfacet
  facet normal 0.182239 0.923956 0.336296
    outer loop
      vertex 6.91886 -5.08032 6.96573
      vertex 7.18654 -5.87939 9.01608
      vertex 7.18654 -5.12694 6.94876
    endloop
  endfacet
  facet normal 0.0261413 -0.939371 -0.341905
    outer loop
      vertex 7.72785 3.82656 12.5488
      vertex 8 4.5857 10.4839
      vertex 8 3.83326 12.5512
    endloop
  endfacet
  facet normal 0.0262668 -0.939373 -0.341889
    outer loop
      vertex 8 4.5857 10.4839
      vertex 7.72785 3.82656 12.5488
      vertex 7.72785 4.579 10.4814
    endloop
  endfacet
  facet normal -0.852719 0.490867 0.178662
    outer loop
      vertex 12.3611 -2.96203 7.73672
      vertex 12.5033 -3.49635 9.88344
      vertex 12.5033 -2.7439 7.81611
    endloop
  endfacet
  facet normal -0.85271 0.490882 0.178665
    outer loop
      vertex 12.5033 -3.49635 9.88344
      vertex 12.3611 -2.96203 7.73672
      vertex 12.3611 -3.71447 9.80405
    endloop
  endfacet
  facet normal -0.333737 -0.885816 -0.322413
    outer loop
      vertex 9.60689 4.34654 10.3968
      vertex 9.86351 3.5087 12.4331
      vertex 9.60689 3.5941 12.4641
    endloop
  endfacet
  facet normal -0.333818 -0.885793 -0.322393
    outer loop
      vertex 9.86351 3.5087 12.4331
      vertex 9.60689 4.34654 10.3968
      vertex 9.86351 4.26115 10.3657
    endloop
  endfacet
  facet normal 0.942648 -0.313656 -0.114164
    outer loop
      vertex 3.14538 0.697983 11.41
      vertex 3.05451 1.20928 9.25495
      vertex 3.14538 1.45043 9.34272
    endloop
  endfacet
  facet normal 0.942638 -0.313685 -0.114171
    outer loop
      vertex 3.05451 1.20928 9.25495
      vertex 3.14538 0.697983 11.41
      vertex 3.05451 0.456834 11.3223
    endloop
  endfacet
  facet normal 0.725393 0.646823 0.235425
    outer loop
      vertex 4.13565 -4.32279 9.58264
      vertex 4.32304 -3.75591 7.44777
      vertex 4.13565 -3.57034 7.51531
    endloop
  endfacet
  facet normal 0.725377 0.64684 0.235428
    outer loop
      vertex 4.32304 -3.75591 7.44777
      vertex 4.13565 -4.32279 9.58264
      vertex 4.32304 -4.50835 9.5151
    endloop
  endfacet
  facet normal 0.382681 0.868163 0.315988
    outer loop
      vertex 6.13649 -5.615 9.11231
      vertex 5.88497 -4.76465 7.08062
      vertex 5.88497 -5.5171 9.14794
    endloop
  endfacet
  facet normal 0.382681 0.868163 0.315988
    outer loop
      vertex 5.88497 -4.76465 7.08062
      vertex 6.13649 -5.615 9.11231
      vertex 6.13649 -4.86255 7.04499
    endloop
  endfacet
  facet normal -0.284018 0.900996 0.327934
    outer loop
      vertex 9.60689 -4.94795 7.01391
      vertex 9.4513 -5.7437 9.06547
      vertex 9.60689 -5.70039 9.08123
    endloop
  endfacet
  facet normal -0.284015 0.900996 0.327935
    outer loop
      vertex 9.4513 -5.7437 9.06547
      vertex 9.60689 -4.94795 7.01391
      vertex 9.34586 -5.77305 9.05479
    endloop
  endfacet
  facet normal -0.283997 0.901001 0.327939
    outer loop
      vertex 9.34586 -5.77305 9.05479
      vertex 9.60689 -4.94795 7.01391
      vertex 9.34586 -5.0206 6.98746
    endloop
  endfacet
  facet normal 0.902573 0.404572 0.147251
    outer loop
      vertex 3.24956 -3.04062 10.0493
      vertex 3.36677 -2.51908 7.89794
      vertex 3.24956 -2.28818 7.98198
    endloop
  endfacet
  facet normal 0.902577 0.404563 0.14725
    outer loop
      vertex 3.36677 -2.51908 7.89794
      vertex 3.24956 -3.04062 10.0493
      vertex 3.36677 -3.27153 9.96527
    endloop
  endfacet
  facet normal 0.522465 -0.801237 -0.291632
    outer loop
      vertex 5.16788 3.04493 12.2643
      vertex 5.4 3.93105 10.2456
      vertex 5.4 3.1786 12.3129
    endloop
  endfacet
  facet normal 0.522557 -0.801189 -0.2916
    outer loop
      vertex 5.4 3.93105 10.2456
      vertex 5.16788 3.04493 12.2643
      vertex 5.16788 3.79738 10.1969
    endloop
  endfacet
  facet normal 0.95882 -0.266887 -0.0971379
    outer loop
      vertex 3.05451 0.456834 11.3223
      vertex 2.97719 0.963991 9.16568
      vertex 3.05451 1.20928 9.25495
    endloop
  endfacet
  facet normal 0.958822 -0.266879 -0.0971361
    outer loop
      vertex 2.97719 0.963991 9.16568
      vertex 3.05451 0.456834 11.3223
      vertex 2.97719 0.211547 11.233
    endloop
  endfacet
  facet normal -0.477213 -0.82579 -0.300565
    outer loop
      vertex 10.3608 4.05311 10.29
      vertex 10.6 3.1786 12.3129
      vertex 10.3608 3.30067 12.3573
    endloop
  endfacet
  facet normal -0.477186 -0.825802 -0.300573
    outer loop
      vertex 10.6 3.1786 12.3129
      vertex 10.3608 4.05311 10.29
      vertex 10.6 3.93105 10.2456
    endloop
  endfacet
  facet normal -0.793409 -0.57198 -0.208186
    outer loop
      vertex 12.2069 2.57145 9.75074
      vertex 12.0412 2.02197 11.8919
      vertex 12.0412 2.77441 9.82461
    endloop
  endfacet
  facet normal -0.793376 -0.572022 -0.208194
    outer loop
      vertex 12.0412 2.02197 11.8919
      vertex 12.2069 2.57145 9.75074
      vertex 12.2069 1.81901 11.8181
    endloop
  endfacet
  facet normal 0.824122 -0.532255 -0.193721
    outer loop
      vertex 3.79311 1.81901 11.8181
      vertex 3.63891 2.36062 9.67401
      vertex 3.79311 2.57145 9.75074
    endloop
  endfacet
  facet normal 0.82415 -0.532215 -0.193712
    outer loop
      vertex 3.63891 2.36062 9.67401
      vertex 3.79311 1.81901 11.8181
      vertex 3.63891 1.60818 11.7413
    endloop
  endfacet
  facet normal 0.972364 -0.219389 -0.0798513
    outer loop
      vertex 2.97719 0.211547 11.233
      vertex 2.91363 0.715238 9.07514
      vertex 2.97719 0.963991 9.16568
    endloop
  endfacet
  facet normal 0.972362 -0.2194 -0.0798537
    outer loop
      vertex 2.91363 0.715238 9.07514
      vertex 2.97719 0.211547 11.233
      vertex 2.91363 -0.0372065 11.1425
    endloop
  endfacet
  facet normal -0.182239 0.923956 0.336296
    outer loop
      vertex 9.08114 -5.08032 6.96573
      vertex 8.81346 -5.87939 9.01608
      vertex 9.08114 -5.83277 9.03305
    endloop
  endfacet
  facet normal -0.182239 0.923956 0.336296
    outer loop
      vertex 8.81346 -5.87939 9.01608
      vertex 9.08114 -5.08032 6.96573
      vertex 8.81346 -5.12694 6.94876
    endloop
  endfacet
  facet normal -0.0261413 -0.939371 -0.341905
    outer loop
      vertex 8 4.5857 10.4839
      vertex 8.27215 3.82656 12.5488
      vertex 8 3.83326 12.5512
    endloop
  endfacet
  facet normal -0.0262668 -0.939373 -0.341889
    outer loop
      vertex 8.27215 3.82656 12.5488
      vertex 8 4.5857 10.4839
      vertex 8.27215 4.579 10.4814
    endloop
  endfacet
  facet normal -0.793396 0.571997 0.208189
    outer loop
      vertex 12.0412 -3.37581 7.58612
      vertex 12.2069 -3.9253 9.72731
      vertex 12.2069 -3.17286 7.65999
    endloop
  endfacet
  facet normal -0.793409 0.57198 0.208186
    outer loop
      vertex 12.2069 -3.9253 9.72731
      vertex 12.0412 -3.37581 7.58612
      vertex 12.0412 -4.12826 9.65344
    endloop
  endfacet
  facet normal -0.284054 -0.900983 -0.327937
    outer loop
      vertex 9.34586 4.4192 10.4233
      vertex 9.60689 3.5941 12.4641
      vertex 9.34586 3.66675 12.4906
    endloop
  endfacet
  facet normal -0.284086 -0.900975 -0.32793
    outer loop
      vertex 9.60689 3.5941 12.4641
      vertex 9.34586 4.4192 10.4233
      vertex 9.60689 4.34654 10.3968
    endloop
  endfacet
  facet normal -0.824122 -0.532255 -0.193721
    outer loop
      vertex 12.3611 2.36062 9.67401
      vertex 12.2069 1.81901 11.8181
      vertex 12.2069 2.57145 9.75074
    endloop
  endfacet
  facet normal -0.82415 -0.532215 -0.193712
    outer loop
      vertex 12.2069 1.81901 11.8181
      vertex 12.3611 2.36062 9.67401
      vertex 12.3611 1.60818 11.7413
    endloop
  endfacet
  facet normal -0.972332 0.219514 0.0798978
    outer loop
      vertex 13.0228 -1.5654 8.24505
      vertex 13.0864 -2.06909 10.4029
      vertex 13.0864 -1.31664 8.33559
    endloop
  endfacet
  facet normal -0.972328 0.219533 0.0799021
    outer loop
      vertex 13.0864 -2.06909 10.4029
      vertex 13.0228 -1.5654 8.24505
      vertex 13.0228 -2.31784 10.3124
    endloop
  endfacet
  facet normal 0.983257 -0.171238 -0.0623243
    outer loop
      vertex 2.91363 -0.0372065 11.1425
      vertex 2.86402 0.463699 8.98358
      vertex 2.91363 0.715238 9.07514
    endloop
  endfacet
  facet normal 0.983258 -0.171229 -0.0623224
    outer loop
      vertex 2.86402 0.463699 8.98358
      vertex 2.91363 -0.0372065 11.1425
      vertex 2.86402 -0.288745 11.0509
    endloop
  endfacet
  facet normal 0.688352 0.681632 0.248092
    outer loop
      vertex 4.32304 -4.50835 9.5151
      vertex 4.52052 -3.93201 7.38368
      vertex 4.32304 -3.75591 7.44777
    endloop
  endfacet
  facet normal 0.688358 0.681626 0.248091
    outer loop
      vertex 4.52052 -3.93201 7.38368
      vertex 4.32304 -4.50835 9.5151
      vertex 4.52052 -4.68445 9.451
    endloop
  endfacet
  facet normal 0.608774 -0.745499 -0.271341
    outer loop
      vertex 4.72753 2.7443 12.1548
      vertex 4.94352 3.65248 10.1442
      vertex 4.94352 2.90004 12.2115
    endloop
  endfacet
  facet normal 0.608752 -0.745513 -0.27135
    outer loop
      vertex 4.94352 3.65248 10.1442
      vertex 4.72753 2.7443 12.1548
      vertex 4.72753 3.49675 10.0875
    endloop
  endfacet
  facet normal -0.566341 0.774467 0.281884
    outer loop
      vertex 11.0565 -4.25388 7.26652
      vertex 10.8321 -5.15123 9.28111
      vertex 11.0565 -5.00633 9.33385
    endloop
  endfacet
  facet normal -0.566332 0.774472 0.281887
    outer loop
      vertex 10.8321 -5.15123 9.28111
      vertex 11.0565 -4.25388 7.26652
      vertex 10.8321 -4.39878 7.21379
    endloop
  endfacet
  facet normal -0.182242 -0.923954 -0.336298
    outer loop
      vertex 8.81346 4.52554 10.462
      vertex 9.08114 3.72648 12.5123
      vertex 8.81346 3.77309 12.5293
    endloop
  endfacet
  facet normal -0.182276 -0.92395 -0.336292
    outer loop
      vertex 9.08114 3.72648 12.5123
      vertex 8.81346 4.52554 10.462
      vertex 9.08114 4.47892 10.445
    endloop
  endfacet
  facet normal 0.793343 0.572062 0.208213
    outer loop
      vertex 3.79311 -3.9253 9.72731
      vertex 3.95884 -3.37581 7.58612
      vertex 3.79311 -3.17286 7.65999
    endloop
  endfacet
  facet normal 0.793355 0.572045 0.208209
    outer loop
      vertex 3.95884 -3.37581 7.58612
      vertex 3.79311 -3.9253 9.72731
      vertex 3.95884 -4.12826 9.65344
    endloop
  endfacet
  facet normal 0.233432 -0.913731 -0.332573
    outer loop
      vertex 6.65414 3.66675 12.4906
      vertex 6.91886 4.47892 10.445
      vertex 6.91886 3.72648 12.5123
    endloop
  endfacet
  facet normal 0.233399 -0.913737 -0.33258
    outer loop
      vertex 6.91886 4.47892 10.445
      vertex 6.65414 3.66675 12.4906
      vertex 6.65414 4.4192 10.4233
    endloop
  endfacet
  facet normal 0.0784597 0.936797 0.340963
    outer loop
      vertex 7.72785 -5.93285 8.99662
      vertex 7.45645 -5.16034 6.9366
      vertex 7.45645 -5.91278 9.00393
    endloop
  endfacet
  facet normal 0.0784472 0.936797 0.340965
    outer loop
      vertex 7.45645 -5.16034 6.9366
      vertex 7.72785 -5.93285 8.99662
      vertex 7.72785 -5.18041 6.9293
    endloop
  endfacet
  facet normal 0.902573 -0.404571 -0.147254
    outer loop
      vertex 3.36677 1.16523 11.5801
      vertex 3.24956 1.68678 9.42875
      vertex 3.36677 1.91768 9.51279
    endloop
  endfacet
  facet normal 0.902563 -0.404593 -0.147259
    outer loop
      vertex 3.24956 1.68678 9.42875
      vertex 3.36677 1.16523 11.5801
      vertex 3.24956 0.934332 11.4961
    endloop
  endfacet
  facet normal 0.824122 0.532254 0.193723
    outer loop
      vertex 3.63891 -3.71447 9.80405
      vertex 3.79311 -3.17286 7.65999
      vertex 3.63891 -2.96203 7.73672
    endloop
  endfacet
  facet normal 0.824126 0.532249 0.193722
    outer loop
      vertex 3.79311 -3.17286 7.65999
      vertex 3.63891 -3.71447 9.80405
      vertex 3.79311 -3.9253 9.72731
    endloop
  endfacet
  facet normal 0.983257 0.171237 0.0623248
    outer loop
      vertex 2.86402 -1.81755 10.4945
      vertex 2.91363 -1.31664 8.33559
      vertex 2.86402 -1.0651 8.42715
    endloop
  endfacet
  facet normal 0.983258 0.171228 0.0623228
    outer loop
      vertex 2.91363 -1.31664 8.33559
      vertex 2.86402 -1.81755 10.4945
      vertex 2.91363 -2.06909 10.4029
    endloop
  endfacet
  facet normal 0.972366 0.219384 0.0798503
    outer loop
      vertex 2.91363 -2.06909 10.4029
      vertex 2.97719 -1.5654 8.24505
      vertex 2.91363 -1.31664 8.33559
    endloop
  endfacet
  facet normal 0.972361 0.219403 0.0798546
    outer loop
      vertex 2.97719 -1.5654 8.24505
      vertex 2.91363 -2.06909 10.4029
      vertex 2.97719 -2.31784 10.3124
    endloop
  endfacet
  facet normal 0.87882 -0.448376 -0.1632
    outer loop
      vertex 3.49667 1.39005 11.6619
      vertex 3.36677 1.91768 9.51279
      vertex 3.49667 2.1425 9.59462
    endloop
  endfacet
  facet normal 0.878811 -0.448392 -0.163204
    outer loop
      vertex 3.36677 1.91768 9.51279
      vertex 3.49667 1.39005 11.6619
      vertex 3.36677 1.16523 11.5801
    endloop
  endfacet
  facet normal 0.477165 0.825815 0.300571
    outer loop
      vertex 5.63925 -5.40696 9.18803
      vertex 5.4 -4.53245 7.16514
      vertex 5.4 -5.28489 9.23246
    endloop
  endfacet
  facet normal 0.477165 0.825815 0.300571
    outer loop
      vertex 5.4 -4.53245 7.16514
      vertex 5.63925 -5.40696 9.18803
      vertex 5.63925 -4.65452 7.12071
    endloop
  endfacet
  facet normal 0.725393 -0.646823 -0.235424
    outer loop
      vertex 4.32304 2.40206 12.0303
      vertex 4.13565 2.96894 9.89542
      vertex 4.32304 3.15451 9.96296
    endloop
  endfacet
  facet normal 0.725429 -0.646785 -0.235417
    outer loop
      vertex 4.13565 2.96894 9.89542
      vertex 4.32304 2.40206 12.0303
      vertex 4.13565 2.21649 11.9627
    endloop
  endfacet
  facet normal 0.566409 0.774423 0.281868
    outer loop
      vertex 5.16788 -5.15123 9.28111
      vertex 4.94352 -4.25388 7.26652
      vertex 4.94352 -5.00633 9.33385
    endloop
  endfacet
  facet normal 0.566401 0.774428 0.281871
    outer loop
      vertex 4.94352 -4.25388 7.26652
      vertex 5.16788 -5.15123 9.28111
      vertex 5.16788 -4.39878 7.21379
    endloop
  endfacet
  facet normal 0.608758 0.745511 0.271343
    outer loop
      vertex 4.94352 -5.00633 9.33385
      vertex 4.72753 -4.09815 7.32321
      vertex 4.72753 -4.85059 9.39053
    endloop
  endfacet
  facet normal 0.608744 0.74552 0.271348
    outer loop
      vertex 4.72753 -4.09815 7.32321
      vertex 4.94352 -5.00633 9.33385
      vertex 4.94352 -4.25388 7.26652
    endloop
  endfacet
  facet normal 0.852644 -0.490981 -0.178704
    outer loop
      vertex 3.63891 1.60818 11.7413
      vertex 3.49667 2.1425 9.59462
      vertex 3.63891 2.36062 9.67401
    endloop
  endfacet
  facet normal 0.852657 -0.49096 -0.1787
    outer loop
      vertex 3.49667 2.1425 9.59462
      vertex 3.63891 1.60818 11.7413
      vertex 3.49667 1.39005 11.6619
    endloop
  endfacet
endsolid OpenSCAD_Model
