/**
 * @file Textures.h
 * @brief GENERATED by tools/make_assets.py — do not edit by hand.
 *
 * Small tileable textures compiled into the firmware image. Unlike the
 * .bin files in data/assets, these need no filesystem access to draw,
 * so they are cheap enough to use on screens that repaint often.
 *
 * Byte order is big-endian RGB565 to match LV_COLOR_16_SWAP = 1.
 */
#pragma once

#include <lvgl.h>

static const uint8_t tex_carbon_map[] = {
    0x10, 0xA3, 0x10, 0xC3, 0x10, 0xC3, 0x18, 0xC4, 0x18, 0xE4, 0x18, 0xC4, 0x10, 0xC3, 0x10, 0xC3,
    0x10, 0xA3, 0x10, 0x82, 0x08, 0x82, 0x08, 0x62, 0x08, 0x62, 0x08, 0x62, 0x08, 0x82, 0x10, 0x82,
    0x10, 0xA3, 0x10, 0xC3, 0x10, 0xC3, 0x18, 0xC4, 0x18, 0xE4, 0x18, 0xC4, 0x10, 0xC3, 0x10, 0xC3,
    0x10, 0xA3, 0x10, 0x82, 0x08, 0x82, 0x08, 0x62, 0x08, 0x62, 0x08, 0x62, 0x08, 0x82, 0x10, 0x82,
    0x10, 0xC3, 0x10, 0xC3, 0x18, 0xC4, 0x18, 0xE4, 0x18, 0xC4, 0x10, 0xC3, 0x10, 0xC3, 0x10, 0xA3,
    0x10, 0xC3, 0x10, 0xA3, 0x10, 0x82, 0x08, 0x82, 0x08, 0x62, 0x08, 0x62, 0x08, 0x62, 0x08, 0x82,
    0x10, 0xC3, 0x10, 0xC3, 0x18, 0xC4, 0x18, 0xE4, 0x18, 0xC4, 0x10, 0xC3, 0x10, 0xC3, 0x10, 0xA3,
    0x10, 0xC3, 0x10, 0xA3, 0x10, 0x82, 0x08, 0x82, 0x08, 0x62, 0x08, 0x62, 0x08, 0x62, 0x08, 0x82,
    0x10, 0xC3, 0x18, 0xC4, 0x18, 0xE4, 0x18, 0xC4, 0x10, 0xC3, 0x10, 0xC3, 0x10, 0xA3, 0x10, 0x82,
    0x10, 0xC3, 0x10, 0xC3, 0x10, 0xA3, 0x10, 0x82, 0x08, 0x82, 0x08, 0x62, 0x08, 0x62, 0x08, 0x62,
    0x10, 0xC3, 0x18, 0xC4, 0x18, 0xE4, 0x18, 0xC4, 0x10, 0xC3, 0x10, 0xC3, 0x10, 0xA3, 0x10, 0x82,
    0x10, 0xC3, 0x10, 0xC3, 0x10, 0xA3, 0x10, 0x82, 0x08, 0x82, 0x08, 0x62, 0x08, 0x62, 0x08, 0x62,
    0x18, 0xC4, 0x18, 0xE4, 0x18, 0xC4, 0x10, 0xC3, 0x10, 0xC3, 0x10, 0xA3, 0x10, 0x82, 0x08, 0x82,
    0x18, 0xC4, 0x10, 0xC3, 0x10, 0xC3, 0x10, 0xA3, 0x10, 0x82, 0x08, 0x82, 0x08, 0x62, 0x08, 0x62,
    0x18, 0xC4, 0x18, 0xE4, 0x18, 0xC4, 0x10, 0xC3, 0x10, 0xC3, 0x10, 0xA3, 0x10, 0x82, 0x08, 0x82,
    0x18, 0xC4, 0x10, 0xC3, 0x10, 0xC3, 0x10, 0xA3, 0x10, 0x82, 0x08, 0x82, 0x08, 0x62, 0x08, 0x62,
    0x18, 0xE4, 0x18, 0xC4, 0x10, 0xC3, 0x10, 0xC3, 0x10, 0xA3, 0x10, 0x82, 0x08, 0x82, 0x08, 0x62,
    0x18, 0xE4, 0x18, 0xC4, 0x10, 0xC3, 0x10, 0xC3, 0x10, 0xA3, 0x10, 0x82, 0x08, 0x82, 0x08, 0x62,
    0x18, 0xE4, 0x18, 0xC4, 0x10, 0xC3, 0x10, 0xC3, 0x10, 0xA3, 0x10, 0x82, 0x08, 0x82, 0x08, 0x62,
    0x18, 0xE4, 0x18, 0xC4, 0x10, 0xC3, 0x10, 0xC3, 0x10, 0xA3, 0x10, 0x82, 0x08, 0x82, 0x08, 0x62,
    0x18, 0xC4, 0x10, 0xC3, 0x10, 0xC3, 0x10, 0xA3, 0x10, 0x82, 0x08, 0x82, 0x08, 0x62, 0x08, 0x62,
    0x18, 0xC4, 0x18, 0xE4, 0x18, 0xC4, 0x10, 0xC3, 0x10, 0xC3, 0x10, 0xA3, 0x10, 0x82, 0x08, 0x82,
    0x18, 0xC4, 0x10, 0xC3, 0x10, 0xC3, 0x10, 0xA3, 0x10, 0x82, 0x08, 0x82, 0x08, 0x62, 0x08, 0x62,
    0x18, 0xC4, 0x18, 0xE4, 0x18, 0xC4, 0x10, 0xC3, 0x10, 0xC3, 0x10, 0xA3, 0x10, 0x82, 0x08, 0x82,
    0x10, 0xC3, 0x10, 0xC3, 0x10, 0xA3, 0x10, 0x82, 0x08, 0x82, 0x08, 0x62, 0x08, 0x62, 0x08, 0x62,
    0x10, 0xC3, 0x18, 0xC4, 0x18, 0xE4, 0x18, 0xC4, 0x10, 0xC3, 0x10, 0xC3, 0x10, 0xA3, 0x10, 0x82,
    0x10, 0xC3, 0x10, 0xC3, 0x10, 0xA3, 0x10, 0x82, 0x08, 0x82, 0x08, 0x62, 0x08, 0x62, 0x08, 0x62,
    0x10, 0xC3, 0x18, 0xC4, 0x18, 0xE4, 0x18, 0xC4, 0x10, 0xC3, 0x10, 0xC3, 0x10, 0xA3, 0x10, 0x82,
    0x10, 0xC3, 0x10, 0xA3, 0x10, 0x82, 0x08, 0x82, 0x08, 0x62, 0x08, 0x62, 0x08, 0x62, 0x08, 0x82,
    0x10, 0xC3, 0x10, 0xC3, 0x18, 0xC4, 0x18, 0xE4, 0x18, 0xC4, 0x10, 0xC3, 0x10, 0xC3, 0x10, 0xA3,
    0x10, 0xC3, 0x10, 0xA3, 0x10, 0x82, 0x08, 0x82, 0x08, 0x62, 0x08, 0x62, 0x08, 0x62, 0x08, 0x82,
    0x10, 0xC3, 0x10, 0xC3, 0x18, 0xC4, 0x18, 0xE4, 0x18, 0xC4, 0x10, 0xC3, 0x10, 0xC3, 0x10, 0xA3,
    0x10, 0xA3, 0x10, 0x82, 0x08, 0x82, 0x08, 0x62, 0x08, 0x62, 0x08, 0x62, 0x08, 0x82, 0x10, 0x82,
    0x10, 0xA3, 0x10, 0xC3, 0x10, 0xC3, 0x18, 0xC4, 0x18, 0xE4, 0x18, 0xC4, 0x10, 0xC3, 0x10, 0xC3,
    0x10, 0xA3, 0x10, 0x82, 0x08, 0x82, 0x08, 0x62, 0x08, 0x62, 0x08, 0x62, 0x08, 0x82, 0x10, 0x82,
    0x10, 0xA3, 0x10, 0xC3, 0x10, 0xC3, 0x18, 0xC4, 0x18, 0xE4, 0x18, 0xC4, 0x10, 0xC3, 0x10, 0xC3,
    0x10, 0xC3, 0x10, 0xA3, 0x10, 0x82, 0x08, 0x82, 0x08, 0x62, 0x08, 0x62, 0x08, 0x62, 0x08, 0x82,
    0x10, 0xC3, 0x10, 0xC3, 0x18, 0xC4, 0x18, 0xE4, 0x18, 0xC4, 0x10, 0xC3, 0x10, 0xC3, 0x10, 0xA3,
    0x10, 0xC3, 0x10, 0xA3, 0x10, 0x82, 0x08, 0x82, 0x08, 0x62, 0x08, 0x62, 0x08, 0x62, 0x08, 0x82,
    0x10, 0xC3, 0x10, 0xC3, 0x18, 0xC4, 0x18, 0xE4, 0x18, 0xC4, 0x10, 0xC3, 0x10, 0xC3, 0x10, 0xA3,
    0x10, 0xC3, 0x10, 0xC3, 0x10, 0xA3, 0x10, 0x82, 0x08, 0x82, 0x08, 0x62, 0x08, 0x62, 0x08, 0x62,
    0x10, 0xC3, 0x18, 0xC4, 0x18, 0xE4, 0x18, 0xC4, 0x10, 0xC3, 0x10, 0xC3, 0x10, 0xA3, 0x10, 0x82,
    0x10, 0xC3, 0x10, 0xC3, 0x10, 0xA3, 0x10, 0x82, 0x08, 0x82, 0x08, 0x62, 0x08, 0x62, 0x08, 0x62,
    0x10, 0xC3, 0x18, 0xC4, 0x18, 0xE4, 0x18, 0xC4, 0x10, 0xC3, 0x10, 0xC3, 0x10, 0xA3, 0x10, 0x82,
    0x18, 0xC4, 0x10, 0xC3, 0x10, 0xC3, 0x10, 0xA3, 0x10, 0x82, 0x08, 0x82, 0x08, 0x62, 0x08, 0x62,
    0x18, 0xC4, 0x18, 0xE4, 0x18, 0xC4, 0x10, 0xC3, 0x10, 0xC3, 0x10, 0xA3, 0x10, 0x82, 0x08, 0x82,
    0x18, 0xC4, 0x10, 0xC3, 0x10, 0xC3, 0x10, 0xA3, 0x10, 0x82, 0x08, 0x82, 0x08, 0x62, 0x08, 0x62,
    0x18, 0xC4, 0x18, 0xE4, 0x18, 0xC4, 0x10, 0xC3, 0x10, 0xC3, 0x10, 0xA3, 0x10, 0x82, 0x08, 0x82,
    0x18, 0xE4, 0x18, 0xC4, 0x10, 0xC3, 0x10, 0xC3, 0x10, 0xA3, 0x10, 0x82, 0x08, 0x82, 0x08, 0x62,
    0x18, 0xE4, 0x18, 0xC4, 0x10, 0xC3, 0x10, 0xC3, 0x10, 0xA3, 0x10, 0x82, 0x08, 0x82, 0x08, 0x62,
    0x18, 0xE4, 0x18, 0xC4, 0x10, 0xC3, 0x10, 0xC3, 0x10, 0xA3, 0x10, 0x82, 0x08, 0x82, 0x08, 0x62,
    0x18, 0xE4, 0x18, 0xC4, 0x10, 0xC3, 0x10, 0xC3, 0x10, 0xA3, 0x10, 0x82, 0x08, 0x82, 0x08, 0x62,
    0x18, 0xC4, 0x18, 0xE4, 0x18, 0xC4, 0x10, 0xC3, 0x10, 0xC3, 0x10, 0xA3, 0x10, 0x82, 0x08, 0x82,
    0x18, 0xC4, 0x10, 0xC3, 0x10, 0xC3, 0x10, 0xA3, 0x10, 0x82, 0x08, 0x82, 0x08, 0x62, 0x08, 0x62,
    0x18, 0xC4, 0x18, 0xE4, 0x18, 0xC4, 0x10, 0xC3, 0x10, 0xC3, 0x10, 0xA3, 0x10, 0x82, 0x08, 0x82,
    0x18, 0xC4, 0x10, 0xC3, 0x10, 0xC3, 0x10, 0xA3, 0x10, 0x82, 0x08, 0x82, 0x08, 0x62, 0x08, 0x62,
    0x10, 0xC3, 0x18, 0xC4, 0x18, 0xE4, 0x18, 0xC4, 0x10, 0xC3, 0x10, 0xC3, 0x10, 0xA3, 0x10, 0x82,
    0x10, 0xC3, 0x10, 0xC3, 0x10, 0xA3, 0x10, 0x82, 0x08, 0x82, 0x08, 0x62, 0x08, 0x62, 0x08, 0x62,
    0x10, 0xC3, 0x18, 0xC4, 0x18, 0xE4, 0x18, 0xC4, 0x10, 0xC3, 0x10, 0xC3, 0x10, 0xA3, 0x10, 0x82,
    0x10, 0xC3, 0x10, 0xC3, 0x10, 0xA3, 0x10, 0x82, 0x08, 0x82, 0x08, 0x62, 0x08, 0x62, 0x08, 0x62,
    0x10, 0xC3, 0x10, 0xC3, 0x18, 0xC4, 0x18, 0xE4, 0x18, 0xC4, 0x10, 0xC3, 0x10, 0xC3, 0x10, 0xA3,
    0x10, 0xC3, 0x10, 0xA3, 0x10, 0x82, 0x08, 0x82, 0x08, 0x62, 0x08, 0x62, 0x08, 0x62, 0x08, 0x82,
    0x10, 0xC3, 0x10, 0xC3, 0x18, 0xC4, 0x18, 0xE4, 0x18, 0xC4, 0x10, 0xC3, 0x10, 0xC3, 0x10, 0xA3,
    0x10, 0xC3, 0x10, 0xA3, 0x10, 0x82, 0x08, 0x82, 0x08, 0x62, 0x08, 0x62, 0x08, 0x62, 0x08, 0x82,
    0x10, 0xA3, 0x10, 0xC3, 0x10, 0xC3, 0x18, 0xC4, 0x18, 0xE4, 0x18, 0xC4, 0x10, 0xC3, 0x10, 0xC3,
    0x10, 0xA3, 0x10, 0x82, 0x08, 0x82, 0x08, 0x62, 0x08, 0x62, 0x08, 0x62, 0x08, 0x82, 0x10, 0x82,
    0x10, 0xA3, 0x10, 0xC3, 0x10, 0xC3, 0x18, 0xC4, 0x18, 0xE4, 0x18, 0xC4, 0x10, 0xC3, 0x10, 0xC3,
    0x10, 0xA3, 0x10, 0x82, 0x08, 0x82, 0x08, 0x62, 0x08, 0x62, 0x08, 0x62, 0x08, 0x82, 0x10, 0x82,
    0x10, 0xC3, 0x10, 0xC3, 0x18, 0xC4, 0x18, 0xE4, 0x18, 0xC4, 0x10, 0xC3, 0x10, 0xC3, 0x10, 0xA3,
    0x10, 0xC3, 0x10, 0xA3, 0x10, 0x82, 0x08, 0x82, 0x08, 0x62, 0x08, 0x62, 0x08, 0x62, 0x08, 0x82,
    0x10, 0xC3, 0x10, 0xC3, 0x18, 0xC4, 0x18, 0xE4, 0x18, 0xC4, 0x10, 0xC3, 0x10, 0xC3, 0x10, 0xA3,
    0x10, 0xC3, 0x10, 0xA3, 0x10, 0x82, 0x08, 0x82, 0x08, 0x62, 0x08, 0x62, 0x08, 0x62, 0x08, 0x82,
    0x10, 0xC3, 0x18, 0xC4, 0x18, 0xE4, 0x18, 0xC4, 0x10, 0xC3, 0x10, 0xC3, 0x10, 0xA3, 0x10, 0x82,
    0x10, 0xC3, 0x10, 0xC3, 0x10, 0xA3, 0x10, 0x82, 0x08, 0x82, 0x08, 0x62, 0x08, 0x62, 0x08, 0x62,
    0x10, 0xC3, 0x18, 0xC4, 0x18, 0xE4, 0x18, 0xC4, 0x10, 0xC3, 0x10, 0xC3, 0x10, 0xA3, 0x10, 0x82,
    0x10, 0xC3, 0x10, 0xC3, 0x10, 0xA3, 0x10, 0x82, 0x08, 0x82, 0x08, 0x62, 0x08, 0x62, 0x08, 0x62,
    0x18, 0xC4, 0x18, 0xE4, 0x18, 0xC4, 0x10, 0xC3, 0x10, 0xC3, 0x10, 0xA3, 0x10, 0x82, 0x08, 0x82,
    0x18, 0xC4, 0x10, 0xC3, 0x10, 0xC3, 0x10, 0xA3, 0x10, 0x82, 0x08, 0x82, 0x08, 0x62, 0x08, 0x62,
    0x18, 0xC4, 0x18, 0xE4, 0x18, 0xC4, 0x10, 0xC3, 0x10, 0xC3, 0x10, 0xA3, 0x10, 0x82, 0x08, 0x82,
    0x18, 0xC4, 0x10, 0xC3, 0x10, 0xC3, 0x10, 0xA3, 0x10, 0x82, 0x08, 0x82, 0x08, 0x62, 0x08, 0x62,
    0x18, 0xE4, 0x18, 0xC4, 0x10, 0xC3, 0x10, 0xC3, 0x10, 0xA3, 0x10, 0x82, 0x08, 0x82, 0x08, 0x62,
    0x18, 0xE4, 0x18, 0xC4, 0x10, 0xC3, 0x10, 0xC3, 0x10, 0xA3, 0x10, 0x82, 0x08, 0x82, 0x08, 0x62,
    0x18, 0xE4, 0x18, 0xC4, 0x10, 0xC3, 0x10, 0xC3, 0x10, 0xA3, 0x10, 0x82, 0x08, 0x82, 0x08, 0x62,
    0x18, 0xE4, 0x18, 0xC4, 0x10, 0xC3, 0x10, 0xC3, 0x10, 0xA3, 0x10, 0x82, 0x08, 0x82, 0x08, 0x62,
    0x18, 0xC4, 0x10, 0xC3, 0x10, 0xC3, 0x10, 0xA3, 0x10, 0x82, 0x08, 0x82, 0x08, 0x62, 0x08, 0x62,
    0x18, 0xC4, 0x18, 0xE4, 0x18, 0xC4, 0x10, 0xC3, 0x10, 0xC3, 0x10, 0xA3, 0x10, 0x82, 0x08, 0x82,
    0x18, 0xC4, 0x10, 0xC3, 0x10, 0xC3, 0x10, 0xA3, 0x10, 0x82, 0x08, 0x82, 0x08, 0x62, 0x08, 0x62,
    0x18, 0xC4, 0x18, 0xE4, 0x18, 0xC4, 0x10, 0xC3, 0x10, 0xC3, 0x10, 0xA3, 0x10, 0x82, 0x08, 0x82,
    0x10, 0xC3, 0x10, 0xC3, 0x10, 0xA3, 0x10, 0x82, 0x08, 0x82, 0x08, 0x62, 0x08, 0x62, 0x08, 0x62,
    0x10, 0xC3, 0x18, 0xC4, 0x18, 0xE4, 0x18, 0xC4, 0x10, 0xC3, 0x10, 0xC3, 0x10, 0xA3, 0x10, 0x82,
    0x10, 0xC3, 0x10, 0xC3, 0x10, 0xA3, 0x10, 0x82, 0x08, 0x82, 0x08, 0x62, 0x08, 0x62, 0x08, 0x62,
    0x10, 0xC3, 0x18, 0xC4, 0x18, 0xE4, 0x18, 0xC4, 0x10, 0xC3, 0x10, 0xC3, 0x10, 0xA3, 0x10, 0x82,
    0x10, 0xC3, 0x10, 0xA3, 0x10, 0x82, 0x08, 0x82, 0x08, 0x62, 0x08, 0x62, 0x08, 0x62, 0x08, 0x82,
    0x10, 0xC3, 0x10, 0xC3, 0x18, 0xC4, 0x18, 0xE4, 0x18, 0xC4, 0x10, 0xC3, 0x10, 0xC3, 0x10, 0xA3,
    0x10, 0xC3, 0x10, 0xA3, 0x10, 0x82, 0x08, 0x82, 0x08, 0x62, 0x08, 0x62, 0x08, 0x62, 0x08, 0x82,
    0x10, 0xC3, 0x10, 0xC3, 0x18, 0xC4, 0x18, 0xE4, 0x18, 0xC4, 0x10, 0xC3, 0x10, 0xC3, 0x10, 0xA3,
    0x10, 0xA3, 0x10, 0x82, 0x08, 0x82, 0x08, 0x62, 0x08, 0x62, 0x08, 0x62, 0x08, 0x82, 0x10, 0x82,
    0x10, 0xA3, 0x10, 0xC3, 0x10, 0xC3, 0x18, 0xC4, 0x18, 0xE4, 0x18, 0xC4, 0x10, 0xC3, 0x10, 0xC3,
    0x10, 0xA3, 0x10, 0x82, 0x08, 0x82, 0x08, 0x62, 0x08, 0x62, 0x08, 0x62, 0x08, 0x82, 0x10, 0x82,
    0x10, 0xA3, 0x10, 0xC3, 0x10, 0xC3, 0x18, 0xC4, 0x18, 0xE4, 0x18, 0xC4, 0x10, 0xC3, 0x10, 0xC3,
    0x10, 0xC3, 0x10, 0xA3, 0x10, 0x82, 0x08, 0x82, 0x08, 0x62, 0x08, 0x62, 0x08, 0x62, 0x08, 0x82,
    0x10, 0xC3, 0x10, 0xC3, 0x18, 0xC4, 0x18, 0xE4, 0x18, 0xC4, 0x10, 0xC3, 0x10, 0xC3, 0x10, 0xA3,
    0x10, 0xC3, 0x10, 0xA3, 0x10, 0x82, 0x08, 0x82, 0x08, 0x62, 0x08, 0x62, 0x08, 0x62, 0x08, 0x82,
    0x10, 0xC3, 0x10, 0xC3, 0x18, 0xC4, 0x18, 0xE4, 0x18, 0xC4, 0x10, 0xC3, 0x10, 0xC3, 0x10, 0xA3,
    0x10, 0xC3, 0x10, 0xC3, 0x10, 0xA3, 0x10, 0x82, 0x08, 0x82, 0x08, 0x62, 0x08, 0x62, 0x08, 0x62,
    0x10, 0xC3, 0x18, 0xC4, 0x18, 0xE4, 0x18, 0xC4, 0x10, 0xC3, 0x10, 0xC3, 0x10, 0xA3, 0x10, 0x82,
    0x10, 0xC3, 0x10, 0xC3, 0x10, 0xA3, 0x10, 0x82, 0x08, 0x82, 0x08, 0x62, 0x08, 0x62, 0x08, 0x62,
    0x10, 0xC3, 0x18, 0xC4, 0x18, 0xE4, 0x18, 0xC4, 0x10, 0xC3, 0x10, 0xC3, 0x10, 0xA3, 0x10, 0x82,
    0x18, 0xC4, 0x10, 0xC3, 0x10, 0xC3, 0x10, 0xA3, 0x10, 0x82, 0x08, 0x82, 0x08, 0x62, 0x08, 0x62,
    0x18, 0xC4, 0x18, 0xE4, 0x18, 0xC4, 0x10, 0xC3, 0x10, 0xC3, 0x10, 0xA3, 0x10, 0x82, 0x08, 0x82,
    0x18, 0xC4, 0x10, 0xC3, 0x10, 0xC3, 0x10, 0xA3, 0x10, 0x82, 0x08, 0x82, 0x08, 0x62, 0x08, 0x62,
    0x18, 0xC4, 0x18, 0xE4, 0x18, 0xC4, 0x10, 0xC3, 0x10, 0xC3, 0x10, 0xA3, 0x10, 0x82, 0x08, 0x82,
    0x18, 0xE4, 0x18, 0xC4, 0x10, 0xC3, 0x10, 0xC3, 0x10, 0xA3, 0x10, 0x82, 0x08, 0x82, 0x08, 0x62,
    0x18, 0xE4, 0x18, 0xC4, 0x10, 0xC3, 0x10, 0xC3, 0x10, 0xA3, 0x10, 0x82, 0x08, 0x82, 0x08, 0x62,
    0x18, 0xE4, 0x18, 0xC4, 0x10, 0xC3, 0x10, 0xC3, 0x10, 0xA3, 0x10, 0x82, 0x08, 0x82, 0x08, 0x62,
    0x18, 0xE4, 0x18, 0xC4, 0x10, 0xC3, 0x10, 0xC3, 0x10, 0xA3, 0x10, 0x82, 0x08, 0x82, 0x08, 0x62,
    0x18, 0xC4, 0x18, 0xE4, 0x18, 0xC4, 0x10, 0xC3, 0x10, 0xC3, 0x10, 0xA3, 0x10, 0x82, 0x08, 0x82,
    0x18, 0xC4, 0x10, 0xC3, 0x10, 0xC3, 0x10, 0xA3, 0x10, 0x82, 0x08, 0x82, 0x08, 0x62, 0x08, 0x62,
    0x18, 0xC4, 0x18, 0xE4, 0x18, 0xC4, 0x10, 0xC3, 0x10, 0xC3, 0x10, 0xA3, 0x10, 0x82, 0x08, 0x82,
    0x18, 0xC4, 0x10, 0xC3, 0x10, 0xC3, 0x10, 0xA3, 0x10, 0x82, 0x08, 0x82, 0x08, 0x62, 0x08, 0x62,
    0x10, 0xC3, 0x18, 0xC4, 0x18, 0xE4, 0x18, 0xC4, 0x10, 0xC3, 0x10, 0xC3, 0x10, 0xA3, 0x10, 0x82,
    0x10, 0xC3, 0x10, 0xC3, 0x10, 0xA3, 0x10, 0x82, 0x08, 0x82, 0x08, 0x62, 0x08, 0x62, 0x08, 0x62,
    0x10, 0xC3, 0x18, 0xC4, 0x18, 0xE4, 0x18, 0xC4, 0x10, 0xC3, 0x10, 0xC3, 0x10, 0xA3, 0x10, 0x82,
    0x10, 0xC3, 0x10, 0xC3, 0x10, 0xA3, 0x10, 0x82, 0x08, 0x82, 0x08, 0x62, 0x08, 0x62, 0x08, 0x62,
    0x10, 0xC3, 0x10, 0xC3, 0x18, 0xC4, 0x18, 0xE4, 0x18, 0xC4, 0x10, 0xC3, 0x10, 0xC3, 0x10, 0xA3,
    0x10, 0xC3, 0x10, 0xA3, 0x10, 0x82, 0x08, 0x82, 0x08, 0x62, 0x08, 0x62, 0x08, 0x62, 0x08, 0x82,
    0x10, 0xC3, 0x10, 0xC3, 0x18, 0xC4, 0x18, 0xE4, 0x18, 0xC4, 0x10, 0xC3, 0x10, 0xC3, 0x10, 0xA3,
    0x10, 0xC3, 0x10, 0xA3, 0x10, 0x82, 0x08, 0x82, 0x08, 0x62, 0x08, 0x62, 0x08, 0x62, 0x08, 0x82,
};

static const lv_img_dsc_t tex_carbon = {
    { LV_IMG_CF_TRUE_COLOR, 0, 0, 32, 32 },
    sizeof(tex_carbon_map),
    tex_carbon_map,
};

static const uint8_t tex_mesh_map[] = {
    0x10, 0xE4, 0x10, 0xE4, 0x10, 0xE4, 0x10, 0xE4, 0x10, 0xE4, 0x10, 0xE4, 0x10, 0xE4, 0x10, 0xE4,
    0x10, 0xE4, 0x10, 0xE4, 0x10, 0xE4, 0x10, 0xE4, 0x10, 0xE4, 0x10, 0xE4, 0x10, 0xE4, 0x10, 0xE4,
    0x10, 0xE4, 0x10, 0xE4, 0x10, 0xE4, 0x10, 0xE4, 0x10, 0xE4, 0x10, 0xE4, 0x10, 0xE4, 0x10, 0xE4,
    0x10, 0xE4, 0x10, 0xE4, 0x10, 0xE4, 0x10, 0xE4, 0x10, 0xE4, 0x10, 0xE4, 0x10, 0xE4, 0x10, 0xE4,
    0x10, 0xE4, 0x08, 0x82, 0x08, 0x82, 0x08, 0x82, 0x08, 0x82, 0x08, 0x82, 0x08, 0x82, 0x08, 0x82,
    0x10, 0xE4, 0x08, 0x82, 0x08, 0x82, 0x08, 0x82, 0x08, 0x82, 0x08, 0x82, 0x08, 0x82, 0x08, 0x82,
    0x10, 0xE4, 0x08, 0x82, 0x08, 0x82, 0x08, 0x82, 0x08, 0x82, 0x08, 0x82, 0x08, 0x82, 0x08, 0x82,
    0x10, 0xE4, 0x08, 0x82, 0x08, 0x82, 0x08, 0x82, 0x08, 0x82, 0x08, 0x82, 0x08, 0x82, 0x08, 0x82,
    0x10, 0xE4, 0x08, 0x82, 0x08, 0x82, 0x08, 0x82, 0x08, 0x82, 0x08, 0x82, 0x08, 0x82, 0x08, 0x82,
    0x10, 0xE4, 0x08, 0x82, 0x08, 0x82, 0x08, 0x82, 0x08, 0x82, 0x08, 0x82, 0x08, 0x82, 0x08, 0x82,
    0x10, 0xE4, 0x08, 0x82, 0x08, 0x82, 0x08, 0x82, 0x08, 0x82, 0x08, 0x82, 0x08, 0x82, 0x08, 0x82,
    0x10, 0xE4, 0x08, 0x82, 0x08, 0x82, 0x08, 0x82, 0x08, 0x82, 0x08, 0x82, 0x08, 0x82, 0x08, 0x82,
    0x10, 0xE4, 0x08, 0x82, 0x08, 0x82, 0x08, 0x82, 0x08, 0x82, 0x08, 0x82, 0x08, 0x82, 0x08, 0x82,
    0x10, 0xE4, 0x08, 0x82, 0x08, 0x82, 0x08, 0x82, 0x08, 0x82, 0x08, 0x82, 0x08, 0x82, 0x08, 0x82,
    0x10, 0xE4, 0x08, 0x82, 0x08, 0x82, 0x08, 0x82, 0x08, 0x82, 0x08, 0x82, 0x08, 0x82, 0x08, 0x82,
    0x10, 0xE4, 0x08, 0x82, 0x08, 0x82, 0x08, 0x82, 0x08, 0x82, 0x08, 0x82, 0x08, 0x82, 0x08, 0x82,
    0x10, 0xE4, 0x08, 0x82, 0x08, 0x82, 0x08, 0x82, 0x08, 0x82, 0x08, 0x82, 0x08, 0x82, 0x08, 0x82,
    0x10, 0xE4, 0x08, 0x82, 0x08, 0x82, 0x08, 0x82, 0x08, 0x82, 0x08, 0x82, 0x08, 0x82, 0x08, 0x82,
    0x10, 0xE4, 0x08, 0x82, 0x08, 0x82, 0x08, 0x82, 0x08, 0x82, 0x08, 0x82, 0x08, 0x82, 0x08, 0x82,
    0x10, 0xE4, 0x08, 0x82, 0x08, 0x82, 0x08, 0x82, 0x08, 0x82, 0x08, 0x82, 0x08, 0x82, 0x08, 0x82,
    0x10, 0xE4, 0x08, 0x82, 0x08, 0x82, 0x08, 0x82, 0x08, 0x82, 0x08, 0x82, 0x08, 0x82, 0x08, 0x82,
    0x10, 0xE4, 0x08, 0x82, 0x08, 0x82, 0x08, 0x82, 0x08, 0x82, 0x08, 0x82, 0x08, 0x82, 0x08, 0x82,
    0x10, 0xE4, 0x08, 0x82, 0x08, 0x82, 0x08, 0x82, 0x08, 0x82, 0x08, 0x82, 0x08, 0x82, 0x08, 0x82,
    0x10, 0xE4, 0x08, 0x82, 0x08, 0x82, 0x08, 0x82, 0x08, 0x82, 0x08, 0x82, 0x08, 0x82, 0x08, 0x82,
    0x10, 0xE4, 0x08, 0x82, 0x08, 0x82, 0x08, 0x82, 0x08, 0x82, 0x08, 0x82, 0x08, 0x82, 0x08, 0x82,
    0x10, 0xE4, 0x08, 0x82, 0x08, 0x82, 0x08, 0x82, 0x08, 0x82, 0x08, 0x82, 0x08, 0x82, 0x08, 0x82,
    0x10, 0xE4, 0x08, 0x82, 0x08, 0x82, 0x08, 0x82, 0x08, 0x82, 0x08, 0x82, 0x08, 0x82, 0x08, 0x82,
    0x10, 0xE4, 0x08, 0x82, 0x08, 0x82, 0x08, 0x82, 0x08, 0x82, 0x08, 0x82, 0x08, 0x82, 0x08, 0x82,
    0x10, 0xE4, 0x08, 0x82, 0x08, 0x82, 0x08, 0x82, 0x08, 0x82, 0x08, 0x82, 0x08, 0x82, 0x08, 0x82,
    0x10, 0xE4, 0x08, 0x82, 0x08, 0x82, 0x08, 0x82, 0x08, 0x82, 0x08, 0x82, 0x08, 0x82, 0x08, 0x82,
    0x10, 0xE4, 0x08, 0x82, 0x08, 0x82, 0x08, 0x82, 0x08, 0x82, 0x08, 0x82, 0x08, 0x82, 0x08, 0x82,
    0x10, 0xE4, 0x08, 0x82, 0x08, 0x82, 0x08, 0x82, 0x08, 0x82, 0x08, 0x82, 0x08, 0x82, 0x08, 0x82,
    0x10, 0xE4, 0x10, 0xE4, 0x10, 0xE4, 0x10, 0xE4, 0x10, 0xE4, 0x10, 0xE4, 0x10, 0xE4, 0x10, 0xE4,
    0x10, 0xE4, 0x10, 0xE4, 0x10, 0xE4, 0x10, 0xE4, 0x10, 0xE4, 0x10, 0xE4, 0x10, 0xE4, 0x10, 0xE4,
    0x10, 0xE4, 0x10, 0xE4, 0x10, 0xE4, 0x10, 0xE4, 0x10, 0xE4, 0x10, 0xE4, 0x10, 0xE4, 0x10, 0xE4,
    0x10, 0xE4, 0x10, 0xE4, 0x10, 0xE4, 0x10, 0xE4, 0x10, 0xE4, 0x10, 0xE4, 0x10, 0xE4, 0x10, 0xE4,
    0x10, 0xE4, 0x08, 0x82, 0x08, 0x82, 0x08, 0x82, 0x08, 0x82, 0x08, 0x82, 0x08, 0x82, 0x08, 0x82,
    0x10, 0xE4, 0x08, 0x82, 0x08, 0x82, 0x08, 0x82, 0x08, 0x82, 0x08, 0x82, 0x08, 0x82, 0x08, 0x82,
    0x10, 0xE4, 0x08, 0x82, 0x08, 0x82, 0x08, 0x82, 0x08, 0x82, 0x08, 0x82, 0x08, 0x82, 0x08, 0x82,
    0x10, 0xE4, 0x08, 0x82, 0x08, 0x82, 0x08, 0x82, 0x08, 0x82, 0x08, 0x82, 0x08, 0x82, 0x08, 0x82,
    0x10, 0xE4, 0x08, 0x82, 0x08, 0x82, 0x08, 0x82, 0x08, 0x82, 0x08, 0x82, 0x08, 0x82, 0x08, 0x82,
    0x10, 0xE4, 0x08, 0x82, 0x08, 0x82, 0x08, 0x82, 0x08, 0x82, 0x08, 0x82, 0x08, 0x82, 0x08, 0x82,
    0x10, 0xE4, 0x08, 0x82, 0x08, 0x82, 0x08, 0x82, 0x08, 0x82, 0x08, 0x82, 0x08, 0x82, 0x08, 0x82,
    0x10, 0xE4, 0x08, 0x82, 0x08, 0x82, 0x08, 0x82, 0x08, 0x82, 0x08, 0x82, 0x08, 0x82, 0x08, 0x82,
    0x10, 0xE4, 0x08, 0x82, 0x08, 0x82, 0x08, 0x82, 0x08, 0x82, 0x08, 0x82, 0x08, 0x82, 0x08, 0x82,
    0x10, 0xE4, 0x08, 0x82, 0x08, 0x82, 0x08, 0x82, 0x08, 0x82, 0x08, 0x82, 0x08, 0x82, 0x08, 0x82,
    0x10, 0xE4, 0x08, 0x82, 0x08, 0x82, 0x08, 0x82, 0x08, 0x82, 0x08, 0x82, 0x08, 0x82, 0x08, 0x82,
    0x10, 0xE4, 0x08, 0x82, 0x08, 0x82, 0x08, 0x82, 0x08, 0x82, 0x08, 0x82, 0x08, 0x82, 0x08, 0x82,
    0x10, 0xE4, 0x08, 0x82, 0x08, 0x82, 0x08, 0x82, 0x08, 0x82, 0x08, 0x82, 0x08, 0x82, 0x08, 0x82,
    0x10, 0xE4, 0x08, 0x82, 0x08, 0x82, 0x08, 0x82, 0x08, 0x82, 0x08, 0x82, 0x08, 0x82, 0x08, 0x82,
    0x10, 0xE4, 0x08, 0x82, 0x08, 0x82, 0x08, 0x82, 0x08, 0x82, 0x08, 0x82, 0x08, 0x82, 0x08, 0x82,
    0x10, 0xE4, 0x08, 0x82, 0x08, 0x82, 0x08, 0x82, 0x08, 0x82, 0x08, 0x82, 0x08, 0x82, 0x08, 0x82,
    0x10, 0xE4, 0x08, 0x82, 0x08, 0x82, 0x08, 0x82, 0x08, 0x82, 0x08, 0x82, 0x08, 0x82, 0x08, 0x82,
    0x10, 0xE4, 0x08, 0x82, 0x08, 0x82, 0x08, 0x82, 0x08, 0x82, 0x08, 0x82, 0x08, 0x82, 0x08, 0x82,
    0x10, 0xE4, 0x08, 0x82, 0x08, 0x82, 0x08, 0x82, 0x08, 0x82, 0x08, 0x82, 0x08, 0x82, 0x08, 0x82,
    0x10, 0xE4, 0x08, 0x82, 0x08, 0x82, 0x08, 0x82, 0x08, 0x82, 0x08, 0x82, 0x08, 0x82, 0x08, 0x82,
    0x10, 0xE4, 0x08, 0x82, 0x08, 0x82, 0x08, 0x82, 0x08, 0x82, 0x08, 0x82, 0x08, 0x82, 0x08, 0x82,
    0x10, 0xE4, 0x08, 0x82, 0x08, 0x82, 0x08, 0x82, 0x08, 0x82, 0x08, 0x82, 0x08, 0x82, 0x08, 0x82,
    0x10, 0xE4, 0x08, 0x82, 0x08, 0x82, 0x08, 0x82, 0x08, 0x82, 0x08, 0x82, 0x08, 0x82, 0x08, 0x82,
    0x10, 0xE4, 0x08, 0x82, 0x08, 0x82, 0x08, 0x82, 0x08, 0x82, 0x08, 0x82, 0x08, 0x82, 0x08, 0x82,
    0x10, 0xE4, 0x08, 0x82, 0x08, 0x82, 0x08, 0x82, 0x08, 0x82, 0x08, 0x82, 0x08, 0x82, 0x08, 0x82,
    0x10, 0xE4, 0x08, 0x82, 0x08, 0x82, 0x08, 0x82, 0x08, 0x82, 0x08, 0x82, 0x08, 0x82, 0x08, 0x82,
    0x10, 0xE4, 0x08, 0x82, 0x08, 0x82, 0x08, 0x82, 0x08, 0x82, 0x08, 0x82, 0x08, 0x82, 0x08, 0x82,
    0x10, 0xE4, 0x08, 0x82, 0x08, 0x82, 0x08, 0x82, 0x08, 0x82, 0x08, 0x82, 0x08, 0x82, 0x08, 0x82,
    0x10, 0xE4, 0x10, 0xE4, 0x10, 0xE4, 0x10, 0xE4, 0x10, 0xE4, 0x10, 0xE4, 0x10, 0xE4, 0x10, 0xE4,
    0x10, 0xE4, 0x10, 0xE4, 0x10, 0xE4, 0x10, 0xE4, 0x10, 0xE4, 0x10, 0xE4, 0x10, 0xE4, 0x10, 0xE4,
    0x10, 0xE4, 0x10, 0xE4, 0x10, 0xE4, 0x10, 0xE4, 0x10, 0xE4, 0x10, 0xE4, 0x10, 0xE4, 0x10, 0xE4,
    0x10, 0xE4, 0x10, 0xE4, 0x10, 0xE4, 0x10, 0xE4, 0x10, 0xE4, 0x10, 0xE4, 0x10, 0xE4, 0x10, 0xE4,
    0x10, 0xE4, 0x08, 0x82, 0x08, 0x82, 0x08, 0x82, 0x08, 0x82, 0x08, 0x82, 0x08, 0x82, 0x08, 0x82,
    0x10, 0xE4, 0x08, 0x82, 0x08, 0x82, 0x08, 0x82, 0x08, 0x82, 0x08, 0x82, 0x08, 0x82, 0x08, 0x82,
    0x10, 0xE4, 0x08, 0x82, 0x08, 0x82, 0x08, 0x82, 0x08, 0x82, 0x08, 0x82, 0x08, 0x82, 0x08, 0x82,
    0x10, 0xE4, 0x08, 0x82, 0x08, 0x82, 0x08, 0x82, 0x08, 0x82, 0x08, 0x82, 0x08, 0x82, 0x08, 0x82,
    0x10, 0xE4, 0x08, 0x82, 0x08, 0x82, 0x08, 0x82, 0x08, 0x82, 0x08, 0x82, 0x08, 0x82, 0x08, 0x82,
    0x10, 0xE4, 0x08, 0x82, 0x08, 0x82, 0x08, 0x82, 0x08, 0x82, 0x08, 0x82, 0x08, 0x82, 0x08, 0x82,
    0x10, 0xE4, 0x08, 0x82, 0x08, 0x82, 0x08, 0x82, 0x08, 0x82, 0x08, 0x82, 0x08, 0x82, 0x08, 0x82,
    0x10, 0xE4, 0x08, 0x82, 0x08, 0x82, 0x08, 0x82, 0x08, 0x82, 0x08, 0x82, 0x08, 0x82, 0x08, 0x82,
    0x10, 0xE4, 0x08, 0x82, 0x08, 0x82, 0x08, 0x82, 0x08, 0x82, 0x08, 0x82, 0x08, 0x82, 0x08, 0x82,
    0x10, 0xE4, 0x08, 0x82, 0x08, 0x82, 0x08, 0x82, 0x08, 0x82, 0x08, 0x82, 0x08, 0x82, 0x08, 0x82,
    0x10, 0xE4, 0x08, 0x82, 0x08, 0x82, 0x08, 0x82, 0x08, 0x82, 0x08, 0x82, 0x08, 0x82, 0x08, 0x82,
    0x10, 0xE4, 0x08, 0x82, 0x08, 0x82, 0x08, 0x82, 0x08, 0x82, 0x08, 0x82, 0x08, 0x82, 0x08, 0x82,
    0x10, 0xE4, 0x08, 0x82, 0x08, 0x82, 0x08, 0x82, 0x08, 0x82, 0x08, 0x82, 0x08, 0x82, 0x08, 0x82,
    0x10, 0xE4, 0x08, 0x82, 0x08, 0x82, 0x08, 0x82, 0x08, 0x82, 0x08, 0x82, 0x08, 0x82, 0x08, 0x82,
    0x10, 0xE4, 0x08, 0x82, 0x08, 0x82, 0x08, 0x82, 0x08, 0x82, 0x08, 0x82, 0x08, 0x82, 0x08, 0x82,
    0x10, 0xE4, 0x08, 0x82, 0x08, 0x82, 0x08, 0x82, 0x08, 0x82, 0x08, 0x82, 0x08, 0x82, 0x08, 0x82,
    0x10, 0xE4, 0x08, 0x82, 0x08, 0x82, 0x08, 0x82, 0x08, 0x82, 0x08, 0x82, 0x08, 0x82, 0x08, 0x82,
    0x10, 0xE4, 0x08, 0x82, 0x08, 0x82, 0x08, 0x82, 0x08, 0x82, 0x08, 0x82, 0x08, 0x82, 0x08, 0x82,
    0x10, 0xE4, 0x08, 0x82, 0x08, 0x82, 0x08, 0x82, 0x08, 0x82, 0x08, 0x82, 0x08, 0x82, 0x08, 0x82,
    0x10, 0xE4, 0x08, 0x82, 0x08, 0x82, 0x08, 0x82, 0x08, 0x82, 0x08, 0x82, 0x08, 0x82, 0x08, 0x82,
    0x10, 0xE4, 0x08, 0x82, 0x08, 0x82, 0x08, 0x82, 0x08, 0x82, 0x08, 0x82, 0x08, 0x82, 0x08, 0x82,
    0x10, 0xE4, 0x08, 0x82, 0x08, 0x82, 0x08, 0x82, 0x08, 0x82, 0x08, 0x82, 0x08, 0x82, 0x08, 0x82,
    0x10, 0xE4, 0x08, 0x82, 0x08, 0x82, 0x08, 0x82, 0x08, 0x82, 0x08, 0x82, 0x08, 0x82, 0x08, 0x82,
    0x10, 0xE4, 0x08, 0x82, 0x08, 0x82, 0x08, 0x82, 0x08, 0x82, 0x08, 0x82, 0x08, 0x82, 0x08, 0x82,
    0x10, 0xE4, 0x08, 0x82, 0x08, 0x82, 0x08, 0x82, 0x08, 0x82, 0x08, 0x82, 0x08, 0x82, 0x08, 0x82,
    0x10, 0xE4, 0x08, 0x82, 0x08, 0x82, 0x08, 0x82, 0x08, 0x82, 0x08, 0x82, 0x08, 0x82, 0x08, 0x82,
    0x10, 0xE4, 0x08, 0x82, 0x08, 0x82, 0x08, 0x82, 0x08, 0x82, 0x08, 0x82, 0x08, 0x82, 0x08, 0x82,
    0x10, 0xE4, 0x08, 0x82, 0x08, 0x82, 0x08, 0x82, 0x08, 0x82, 0x08, 0x82, 0x08, 0x82, 0x08, 0x82,
    0x10, 0xE4, 0x10, 0xE4, 0x10, 0xE4, 0x10, 0xE4, 0x10, 0xE4, 0x10, 0xE4, 0x10, 0xE4, 0x10, 0xE4,
    0x10, 0xE4, 0x10, 0xE4, 0x10, 0xE4, 0x10, 0xE4, 0x10, 0xE4, 0x10, 0xE4, 0x10, 0xE4, 0x10, 0xE4,
    0x10, 0xE4, 0x10, 0xE4, 0x10, 0xE4, 0x10, 0xE4, 0x10, 0xE4, 0x10, 0xE4, 0x10, 0xE4, 0x10, 0xE4,
    0x10, 0xE4, 0x10, 0xE4, 0x10, 0xE4, 0x10, 0xE4, 0x10, 0xE4, 0x10, 0xE4, 0x10, 0xE4, 0x10, 0xE4,
    0x10, 0xE4, 0x08, 0x82, 0x08, 0x82, 0x08, 0x82, 0x08, 0x82, 0x08, 0x82, 0x08, 0x82, 0x08, 0x82,
    0x10, 0xE4, 0x08, 0x82, 0x08, 0x82, 0x08, 0x82, 0x08, 0x82, 0x08, 0x82, 0x08, 0x82, 0x08, 0x82,
    0x10, 0xE4, 0x08, 0x82, 0x08, 0x82, 0x08, 0x82, 0x08, 0x82, 0x08, 0x82, 0x08, 0x82, 0x08, 0x82,
    0x10, 0xE4, 0x08, 0x82, 0x08, 0x82, 0x08, 0x82, 0x08, 0x82, 0x08, 0x82, 0x08, 0x82, 0x08, 0x82,
    0x10, 0xE4, 0x08, 0x82, 0x08, 0x82, 0x08, 0x82, 0x08, 0x82, 0x08, 0x82, 0x08, 0x82, 0x08, 0x82,
    0x10, 0xE4, 0x08, 0x82, 0x08, 0x82, 0x08, 0x82, 0x08, 0x82, 0x08, 0x82, 0x08, 0x82, 0x08, 0x82,
    0x10, 0xE4, 0x08, 0x82, 0x08, 0x82, 0x08, 0x82, 0x08, 0x82, 0x08, 0x82, 0x08, 0x82, 0x08, 0x82,
    0x10, 0xE4, 0x08, 0x82, 0x08, 0x82, 0x08, 0x82, 0x08, 0x82, 0x08, 0x82, 0x08, 0x82, 0x08, 0x82,
    0x10, 0xE4, 0x08, 0x82, 0x08, 0x82, 0x08, 0x82, 0x08, 0x82, 0x08, 0x82, 0x08, 0x82, 0x08, 0x82,
    0x10, 0xE4, 0x08, 0x82, 0x08, 0x82, 0x08, 0x82, 0x08, 0x82, 0x08, 0x82, 0x08, 0x82, 0x08, 0x82,
    0x10, 0xE4, 0x08, 0x82, 0x08, 0x82, 0x08, 0x82, 0x08, 0x82, 0x08, 0x82, 0x08, 0x82, 0x08, 0x82,
    0x10, 0xE4, 0x08, 0x82, 0x08, 0x82, 0x08, 0x82, 0x08, 0x82, 0x08, 0x82, 0x08, 0x82, 0x08, 0x82,
    0x10, 0xE4, 0x08, 0x82, 0x08, 0x82, 0x08, 0x82, 0x08, 0x82, 0x08, 0x82, 0x08, 0x82, 0x08, 0x82,
    0x10, 0xE4, 0x08, 0x82, 0x08, 0x82, 0x08, 0x82, 0x08, 0x82, 0x08, 0x82, 0x08, 0x82, 0x08, 0x82,
    0x10, 0xE4, 0x08, 0x82, 0x08, 0x82, 0x08, 0x82, 0x08, 0x82, 0x08, 0x82, 0x08, 0x82, 0x08, 0x82,
    0x10, 0xE4, 0x08, 0x82, 0x08, 0x82, 0x08, 0x82, 0x08, 0x82, 0x08, 0x82, 0x08, 0x82, 0x08, 0x82,
    0x10, 0xE4, 0x08, 0x82, 0x08, 0x82, 0x08, 0x82, 0x08, 0x82, 0x08, 0x82, 0x08, 0x82, 0x08, 0x82,
    0x10, 0xE4, 0x08, 0x82, 0x08, 0x82, 0x08, 0x82, 0x08, 0x82, 0x08, 0x82, 0x08, 0x82, 0x08, 0x82,
    0x10, 0xE4, 0x08, 0x82, 0x08, 0x82, 0x08, 0x82, 0x08, 0x82, 0x08, 0x82, 0x08, 0x82, 0x08, 0x82,
    0x10, 0xE4, 0x08, 0x82, 0x08, 0x82, 0x08, 0x82, 0x08, 0x82, 0x08, 0x82, 0x08, 0x82, 0x08, 0x82,
    0x10, 0xE4, 0x08, 0x82, 0x08, 0x82, 0x08, 0x82, 0x08, 0x82, 0x08, 0x82, 0x08, 0x82, 0x08, 0x82,
    0x10, 0xE4, 0x08, 0x82, 0x08, 0x82, 0x08, 0x82, 0x08, 0x82, 0x08, 0x82, 0x08, 0x82, 0x08, 0x82,
    0x10, 0xE4, 0x08, 0x82, 0x08, 0x82, 0x08, 0x82, 0x08, 0x82, 0x08, 0x82, 0x08, 0x82, 0x08, 0x82,
    0x10, 0xE4, 0x08, 0x82, 0x08, 0x82, 0x08, 0x82, 0x08, 0x82, 0x08, 0x82, 0x08, 0x82, 0x08, 0x82,
    0x10, 0xE4, 0x08, 0x82, 0x08, 0x82, 0x08, 0x82, 0x08, 0x82, 0x08, 0x82, 0x08, 0x82, 0x08, 0x82,
    0x10, 0xE4, 0x08, 0x82, 0x08, 0x82, 0x08, 0x82, 0x08, 0x82, 0x08, 0x82, 0x08, 0x82, 0x08, 0x82,
    0x10, 0xE4, 0x08, 0x82, 0x08, 0x82, 0x08, 0x82, 0x08, 0x82, 0x08, 0x82, 0x08, 0x82, 0x08, 0x82,
    0x10, 0xE4, 0x08, 0x82, 0x08, 0x82, 0x08, 0x82, 0x08, 0x82, 0x08, 0x82, 0x08, 0x82, 0x08, 0x82,
};

static const lv_img_dsc_t tex_mesh = {
    { LV_IMG_CF_TRUE_COLOR, 0, 0, 32, 32 },
    sizeof(tex_mesh_map),
    tex_mesh_map,
};

static const uint8_t tex_gt_map[] = {
    0x08, 0x82, 0x10, 0x82, 0x10, 0xA2, 0x10, 0xA2, 0x10, 0xA2, 0x10, 0x82, 0x08, 0x82, 0x08, 0x61,
    0x08, 0x41, 0x08, 0x41, 0x08, 0x41, 0x08, 0x61, 0x08, 0x82, 0x10, 0x82, 0x10, 0xA2, 0x10, 0xA2,
    0x10, 0xA2, 0x10, 0x82, 0x08, 0x82, 0x08, 0x61, 0x08, 0x41, 0x08, 0x41, 0x08, 0x41, 0x08, 0x61,
    0x08, 0x82, 0x10, 0x82, 0x10, 0xA2, 0x10, 0xA2, 0x10, 0xA2, 0x10, 0x82, 0x08, 0x82, 0x08, 0x61,
    0x10, 0x82, 0x10, 0xA2, 0x10, 0xA2, 0x10, 0xA2, 0x10, 0x82, 0x08, 0x82, 0x10, 0x82, 0x08, 0x82,
    0x08, 0x61, 0x08, 0x41, 0x08, 0x41, 0x08, 0x41, 0x10, 0x82, 0x10, 0xA2, 0x10, 0xA2, 0x10, 0xA2,
    0x10, 0x82, 0x08, 0x82, 0x10, 0x82, 0x08, 0x82, 0x08, 0x61, 0x08, 0x41, 0x08, 0x41, 0x08, 0x41,
    0x10, 0x82, 0x10, 0xA2, 0x10, 0xA2, 0x10, 0xA2, 0x10, 0x82, 0x08, 0x82, 0x10, 0x82, 0x08, 0x82,
    0x10, 0xA2, 0x10, 0xA2, 0x10, 0xA2, 0x10, 0x82, 0x08, 0x82, 0x08, 0x61, 0x10, 0xA2, 0x10, 0x82,
    0x08, 0x82, 0x08, 0x61, 0x08, 0x41, 0x08, 0x41, 0x10, 0xA2, 0x10, 0xA2, 0x10, 0xA2, 0x10, 0x82,
    0x08, 0x82, 0x08, 0x61, 0x10, 0xA2, 0x10, 0x82, 0x08, 0x82, 0x08, 0x61, 0x08, 0x41, 0x08, 0x41,
    0x10, 0xA2, 0x10, 0xA2, 0x10, 0xA2, 0x10, 0x82, 0x08, 0x82, 0x08, 0x61, 0x10, 0xA2, 0x10, 0x82,
    0x10, 0xA2, 0x10, 0xA2, 0x10, 0x82, 0x08, 0x82, 0x08, 0x61, 0x08, 0x41, 0x10, 0xA2, 0x10, 0xA2,
    0x10, 0x82, 0x08, 0x82, 0x08, 0x61, 0x08, 0x41, 0x10, 0xA2, 0x10, 0xA2, 0x10, 0x82, 0x08, 0x82,
    0x08, 0x61, 0x08, 0x41, 0x10, 0xA2, 0x10, 0xA2, 0x10, 0x82, 0x08, 0x82, 0x08, 0x61, 0x08, 0x41,
    0x10, 0xA2, 0x10, 0xA2, 0x10, 0x82, 0x08, 0x82, 0x08, 0x61, 0x08, 0x41, 0x10, 0xA2, 0x10, 0xA2,
    0x10, 0xA2, 0x10, 0x82, 0x08, 0x82, 0x08, 0x61, 0x08, 0x41, 0x08, 0x41, 0x10, 0xA2, 0x10, 0xA2,
    0x10, 0xA2, 0x10, 0x82, 0x08, 0x82, 0x08, 0x61, 0x10, 0xA2, 0x10, 0x82, 0x08, 0x82, 0x08, 0x61,
    0x08, 0x41, 0x08, 0x41, 0x10, 0xA2, 0x10, 0xA2, 0x10, 0xA2, 0x10, 0x82, 0x08, 0x82, 0x08, 0x61,
    0x10, 0xA2, 0x10, 0x82, 0x08, 0x82, 0x08, 0x61, 0x08, 0x41, 0x08, 0x41, 0x10, 0xA2, 0x10, 0xA2,
    0x10, 0x82, 0x08, 0x82, 0x08, 0x61, 0x08, 0x41, 0x08, 0x41, 0x08, 0x41, 0x10, 0x82, 0x10, 0xA2,
    0x10, 0xA2, 0x10, 0xA2, 0x10, 0x82, 0x08, 0x82, 0x10, 0x82, 0x08, 0x82, 0x08, 0x61, 0x08, 0x41,
    0x08, 0x41, 0x08, 0x41, 0x10, 0x82, 0x10, 0xA2, 0x10, 0xA2, 0x10, 0xA2, 0x10, 0x82, 0x08, 0x82,
    0x10, 0x82, 0x08, 0x82, 0x08, 0x61, 0x08, 0x41, 0x08, 0x41, 0x08, 0x41, 0x10, 0x82, 0x10, 0xA2,
    0x08, 0x82, 0x08, 0x61, 0x08, 0x41, 0x08, 0x41, 0x08, 0x41, 0x08, 0x61, 0x08, 0x82, 0x10, 0x82,
    0x10, 0xA2, 0x10, 0xA2, 0x10, 0xA2, 0x10, 0x82, 0x08, 0x82, 0x08, 0x61, 0x08, 0x41, 0x08, 0x41,
    0x08, 0x41, 0x08, 0x61, 0x08, 0x82, 0x10, 0x82, 0x10, 0xA2, 0x10, 0xA2, 0x10, 0xA2, 0x10, 0x82,
    0x08, 0x82, 0x08, 0x61, 0x08, 0x41, 0x08, 0x41, 0x08, 0x41, 0x08, 0x61, 0x08, 0x82, 0x10, 0x82,
    0x10, 0x82, 0x08, 0x82, 0x08, 0x61, 0x08, 0x41, 0x08, 0x41, 0x08, 0x41, 0x10, 0x82, 0x10, 0xA2,
    0x10, 0xA2, 0x10, 0xA2, 0x10, 0x82, 0x08, 0x82, 0x10, 0x82, 0x08, 0x82, 0x08, 0x61, 0x08, 0x41,
    0x08, 0x41, 0x08, 0x41, 0x10, 0x82, 0x10, 0xA2, 0x10, 0xA2, 0x10, 0xA2, 0x10, 0x82, 0x08, 0x82,
    0x10, 0x82, 0x08, 0x82, 0x08, 0x61, 0x08, 0x41, 0x08, 0x41, 0x08, 0x41, 0x10, 0x82, 0x10, 0xA2,
    0x10, 0xA2, 0x10, 0x82, 0x08, 0x82, 0x08, 0x61, 0x08, 0x41, 0x08, 0x41, 0x10, 0xA2, 0x10, 0xA2,
    0x10, 0xA2, 0x10, 0x82, 0x08, 0x82, 0x08, 0x61, 0x10, 0xA2, 0x10, 0x82, 0x08, 0x82, 0x08, 0x61,
    0x08, 0x41, 0x08, 0x41, 0x10, 0xA2, 0x10, 0xA2, 0x10, 0xA2, 0x10, 0x82, 0x08, 0x82, 0x08, 0x61,
    0x10, 0xA2, 0x10, 0x82, 0x08, 0x82, 0x08, 0x61, 0x08, 0x41, 0x08, 0x41, 0x10, 0xA2, 0x10, 0xA2,
    0x10, 0xA2, 0x10, 0xA2, 0x10, 0x82, 0x08, 0x82, 0x08, 0x61, 0x08, 0x41, 0x10, 0xA2, 0x10, 0xA2,
    0x10, 0x82, 0x08, 0x82, 0x08, 0x61, 0x08, 0x41, 0x10, 0xA2, 0x10, 0xA2, 0x10, 0x82, 0x08, 0x82,
    0x08, 0x61, 0x08, 0x41, 0x10, 0xA2, 0x10, 0xA2, 0x10, 0x82, 0x08, 0x82, 0x08, 0x61, 0x08, 0x41,
    0x10, 0xA2, 0x10, 0xA2, 0x10, 0x82, 0x08, 0x82, 0x08, 0x61, 0x08, 0x41, 0x10, 0xA2, 0x10, 0xA2,
    0x10, 0xA2, 0x10, 0xA2, 0x10, 0xA2, 0x10, 0x82, 0x08, 0x82, 0x08, 0x61, 0x10, 0xA2, 0x10, 0x82,
    0x08, 0x82, 0x08, 0x61, 0x08, 0x41, 0x08, 0x41, 0x10, 0xA2, 0x10, 0xA2, 0x10, 0xA2, 0x10, 0x82,
    0x08, 0x82, 0x08, 0x61, 0x10, 0xA2, 0x10, 0x82, 0x08, 0x82, 0x08, 0x61, 0x08, 0x41, 0x08, 0x41,
    0x10, 0xA2, 0x10, 0xA2, 0x10, 0xA2, 0x10, 0x82, 0x08, 0x82, 0x08, 0x61, 0x10, 0xA2, 0x10, 0x82,
    0x10, 0x82, 0x10, 0xA2, 0x10, 0xA2, 0x10, 0xA2, 0x10, 0x82, 0x08, 0x82, 0x10, 0x82, 0x08, 0x82,
    0x08, 0x61, 0x08, 0x41, 0x08, 0x41, 0x08, 0x41, 0x10, 0x82, 0x10, 0xA2, 0x10, 0xA2, 0x10, 0xA2,
    0x10, 0x82, 0x08, 0x82, 0x10, 0x82, 0x08, 0x82, 0x08, 0x61, 0x08, 0x41, 0x08, 0x41, 0x08, 0x41,
    0x10, 0x82, 0x10, 0xA2, 0x10, 0xA2, 0x10, 0xA2, 0x10, 0x82, 0x08, 0x82, 0x10, 0x82, 0x08, 0x82,
    0x08, 0x82, 0x10, 0x82, 0x10, 0xA2, 0x10, 0xA2, 0x10, 0xA2, 0x10, 0x82, 0x08, 0x82, 0x08, 0x61,
    0x08, 0x41, 0x08, 0x41, 0x08, 0x41, 0x08, 0x61, 0x08, 0x82, 0x10, 0x82, 0x10, 0xA2, 0x10, 0xA2,
    0x10, 0xA2, 0x10, 0x82, 0x08, 0x82, 0x08, 0x61, 0x08, 0x41, 0x08, 0x41, 0x08, 0x41, 0x08, 0x61,
    0x08, 0x82, 0x10, 0x82, 0x10, 0xA2, 0x10, 0xA2, 0x10, 0xA2, 0x10, 0x82, 0x08, 0x82, 0x08, 0x61,
    0x10, 0x82, 0x10, 0xA2, 0x10, 0xA2, 0x10, 0xA2, 0x10, 0x82, 0x08, 0x82, 0x10, 0x82, 0x08, 0x82,
    0x08, 0x61, 0x08, 0x41, 0x08, 0x41, 0x08, 0x41, 0x10, 0x82, 0x10, 0xA2, 0x10, 0xA2, 0x10, 0xA2,
    0x10, 0x82, 0x08, 0x82, 0x10, 0x82, 0x08, 0x82, 0x08, 0x61, 0x08, 0x41, 0x08, 0x41, 0x08, 0x41,
    0x10, 0x82, 0x10, 0xA2, 0x10, 0xA2, 0x10, 0xA2, 0x10, 0x82, 0x08, 0x82, 0x10, 0x82, 0x08, 0x82,
    0x10, 0xA2, 0x10, 0xA2, 0x10, 0xA2, 0x10, 0x82, 0x08, 0x82, 0x08, 0x61, 0x10, 0xA2, 0x10, 0x82,
    0x08, 0x82, 0x08, 0x61, 0x08, 0x41, 0x08, 0x41, 0x10, 0xA2, 0x10, 0xA2, 0x10, 0xA2, 0x10, 0x82,
    0x08, 0x82, 0x08, 0x61, 0x10, 0xA2, 0x10, 0x82, 0x08, 0x82, 0x08, 0x61, 0x08, 0x41, 0x08, 0x41,
    0x10, 0xA2, 0x10, 0xA2, 0x10, 0xA2, 0x10, 0x82, 0x08, 0x82, 0x08, 0x61, 0x10, 0xA2, 0x10, 0x82,
    0x10, 0xA2, 0x10, 0xA2, 0x10, 0x82, 0x08, 0x82, 0x08, 0x61, 0x08, 0x41, 0x10, 0xA2, 0x10, 0xA2,
    0x10, 0x82, 0x08, 0x82, 0x08, 0x61, 0x08, 0x41, 0x10, 0xA2, 0x10, 0xA2, 0x10, 0x82, 0x08, 0x82,
    0x08, 0x61, 0x08, 0x41, 0x10, 0xA2, 0x10, 0xA2, 0x10, 0x82, 0x08, 0x82, 0x08, 0x61, 0x08, 0x41,
    0x10, 0xA2, 0x10, 0xA2, 0x10, 0x82, 0x08, 0x82, 0x08, 0x61, 0x08, 0x41, 0x10, 0xA2, 0x10, 0xA2,
    0x10, 0xA2, 0x10, 0x82, 0x08, 0x82, 0x08, 0x61, 0x08, 0x41, 0x08, 0x41, 0x10, 0xA2, 0x10, 0xA2,
    0x10, 0xA2, 0x10, 0x82, 0x08, 0x82, 0x08, 0x61, 0x10, 0xA2, 0x10, 0x82, 0x08, 0x82, 0x08, 0x61,
    0x08, 0x41, 0x08, 0x41, 0x10, 0xA2, 0x10, 0xA2, 0x10, 0xA2, 0x10, 0x82, 0x08, 0x82, 0x08, 0x61,
    0x10, 0xA2, 0x10, 0x82, 0x08, 0x82, 0x08, 0x61, 0x08, 0x41, 0x08, 0x41, 0x10, 0xA2, 0x10, 0xA2,
    0x10, 0x82, 0x08, 0x82, 0x08, 0x61, 0x08, 0x41, 0x08, 0x41, 0x08, 0x41, 0x10, 0x82, 0x10, 0xA2,
    0x10, 0xA2, 0x10, 0xA2, 0x10, 0x82, 0x08, 0x82, 0x10, 0x82, 0x08, 0x82, 0x08, 0x61, 0x08, 0x41,
    0x08, 0x41, 0x08, 0x41, 0x10, 0x82, 0x10, 0xA2, 0x10, 0xA2, 0x10, 0xA2, 0x10, 0x82, 0x08, 0x82,
    0x10, 0x82, 0x08, 0x82, 0x08, 0x61, 0x08, 0x41, 0x08, 0x41, 0x08, 0x41, 0x10, 0x82, 0x10, 0xA2,
    0x08, 0x82, 0x08, 0x61, 0x08, 0x41, 0x08, 0x41, 0x08, 0x41, 0x08, 0x61, 0x08, 0x82, 0x10, 0x82,
    0x10, 0xA2, 0x10, 0xA2, 0x10, 0xA2, 0x10, 0x82, 0x08, 0x82, 0x08, 0x61, 0x08, 0x41, 0x08, 0x41,
    0x08, 0x41, 0x08, 0x61, 0x08, 0x82, 0x10, 0x82, 0x10, 0xA2, 0x10, 0xA2, 0x10, 0xA2, 0x10, 0x82,
    0x08, 0x82, 0x08, 0x61, 0x08, 0x41, 0x08, 0x41, 0x08, 0x41, 0x08, 0x61, 0x08, 0x82, 0x10, 0x82,
    0x10, 0x82, 0x08, 0x82, 0x08, 0x61, 0x08, 0x41, 0x08, 0x41, 0x08, 0x41, 0x10, 0x82, 0x10, 0xA2,
    0x10, 0xA2, 0x10, 0xA2, 0x10, 0x82, 0x08, 0x82, 0x10, 0x82, 0x08, 0x82, 0x08, 0x61, 0x08, 0x41,
    0x08, 0x41, 0x08, 0x41, 0x10, 0x82, 0x10, 0xA2, 0x10, 0xA2, 0x10, 0xA2, 0x10, 0x82, 0x08, 0x82,
    0x10, 0x82, 0x08, 0x82, 0x08, 0x61, 0x08, 0x41, 0x08, 0x41, 0x08, 0x41, 0x10, 0x82, 0x10, 0xA2,
    0x10, 0xA2, 0x10, 0x82, 0x08, 0x82, 0x08, 0x61, 0x08, 0x41, 0x08, 0x41, 0x10, 0xA2, 0x10, 0xA2,
    0x10, 0xA2, 0x10, 0x82, 0x08, 0x82, 0x08, 0x61, 0x10, 0xA2, 0x10, 0x82, 0x08, 0x82, 0x08, 0x61,
    0x08, 0x41, 0x08, 0x41, 0x10, 0xA2, 0x10, 0xA2, 0x10, 0xA2, 0x10, 0x82, 0x08, 0x82, 0x08, 0x61,
    0x10, 0xA2, 0x10, 0x82, 0x08, 0x82, 0x08, 0x61, 0x08, 0x41, 0x08, 0x41, 0x10, 0xA2, 0x10, 0xA2,
    0x10, 0xA2, 0x10, 0xA2, 0x10, 0x82, 0x08, 0x82, 0x08, 0x61, 0x08, 0x41, 0x10, 0xA2, 0x10, 0xA2,
    0x10, 0x82, 0x08, 0x82, 0x08, 0x61, 0x08, 0x41, 0x10, 0xA2, 0x10, 0xA2, 0x10, 0x82, 0x08, 0x82,
    0x08, 0x61, 0x08, 0x41, 0x10, 0xA2, 0x10, 0xA2, 0x10, 0x82, 0x08, 0x82, 0x08, 0x61, 0x08, 0x41,
    0x10, 0xA2, 0x10, 0xA2, 0x10, 0x82, 0x08, 0x82, 0x08, 0x61, 0x08, 0x41, 0x10, 0xA2, 0x10, 0xA2,
    0x10, 0xA2, 0x10, 0xA2, 0x10, 0xA2, 0x10, 0x82, 0x08, 0x82, 0x08, 0x61, 0x10, 0xA2, 0x10, 0x82,
    0x08, 0x82, 0x08, 0x61, 0x08, 0x41, 0x08, 0x41, 0x10, 0xA2, 0x10, 0xA2, 0x10, 0xA2, 0x10, 0x82,
    0x08, 0x82, 0x08, 0x61, 0x10, 0xA2, 0x10, 0x82, 0x08, 0x82, 0x08, 0x61, 0x08, 0x41, 0x08, 0x41,
    0x10, 0xA2, 0x10, 0xA2, 0x10, 0xA2, 0x10, 0x82, 0x08, 0x82, 0x08, 0x61, 0x10, 0xA2, 0x10, 0x82,
    0x10, 0x82, 0x10, 0xA2, 0x10, 0xA2, 0x10, 0xA2, 0x10, 0x82, 0x08, 0x82, 0x10, 0x82, 0x08, 0x82,
    0x08, 0x61, 0x08, 0x41, 0x08, 0x41, 0x08, 0x41, 0x10, 0x82, 0x10, 0xA2, 0x10, 0xA2, 0x10, 0xA2,
    0x10, 0x82, 0x08, 0x82, 0x10, 0x82, 0x08, 0x82, 0x08, 0x61, 0x08, 0x41, 0x08, 0x41, 0x08, 0x41,
    0x10, 0x82, 0x10, 0xA2, 0x10, 0xA2, 0x10, 0xA2, 0x10, 0x82, 0x08, 0x82, 0x10, 0x82, 0x08, 0x82,
    0x08, 0x82, 0x10, 0x82, 0x10, 0xA2, 0x10, 0xA2, 0x10, 0xA2, 0x10, 0x82, 0x08, 0x82, 0x08, 0x61,
    0x08, 0x41, 0x08, 0x41, 0x08, 0x41, 0x08, 0x61, 0x08, 0x82, 0x10, 0x82, 0x10, 0xA2, 0x10, 0xA2,
    0x10, 0xA2, 0x10, 0x82, 0x08, 0x82, 0x08, 0x61, 0x08, 0x41, 0x08, 0x41, 0x08, 0x41, 0x08, 0x61,
    0x08, 0x82, 0x10, 0x82, 0x10, 0xA2, 0x10, 0xA2, 0x10, 0xA2, 0x10, 0x82, 0x08, 0x82, 0x08, 0x61,
    0x10, 0x82, 0x10, 0xA2, 0x10, 0xA2, 0x10, 0xA2, 0x10, 0x82, 0x08, 0x82, 0x10, 0x82, 0x08, 0x82,
    0x08, 0x61, 0x08, 0x41, 0x08, 0x41, 0x08, 0x41, 0x10, 0x82, 0x10, 0xA2, 0x10, 0xA2, 0x10, 0xA2,
    0x10, 0x82, 0x08, 0x82, 0x10, 0x82, 0x08, 0x82, 0x08, 0x61, 0x08, 0x41, 0x08, 0x41, 0x08, 0x41,
    0x10, 0x82, 0x10, 0xA2, 0x10, 0xA2, 0x10, 0xA2, 0x10, 0x82, 0x08, 0x82, 0x10, 0x82, 0x08, 0x82,
    0x10, 0xA2, 0x10, 0xA2, 0x10, 0xA2, 0x10, 0x82, 0x08, 0x82, 0x08, 0x61, 0x10, 0xA2, 0x10, 0x82,
    0x08, 0x82, 0x08, 0x61, 0x08, 0x41, 0x08, 0x41, 0x10, 0xA2, 0x10, 0xA2, 0x10, 0xA2, 0x10, 0x82,
    0x08, 0x82, 0x08, 0x61, 0x10, 0xA2, 0x10, 0x82, 0x08, 0x82, 0x08, 0x61, 0x08, 0x41, 0x08, 0x41,
    0x10, 0xA2, 0x10, 0xA2, 0x10, 0xA2, 0x10, 0x82, 0x08, 0x82, 0x08, 0x61, 0x10, 0xA2, 0x10, 0x82,
    0x10, 0xA2, 0x10, 0xA2, 0x10, 0x82, 0x08, 0x82, 0x08, 0x61, 0x08, 0x41, 0x10, 0xA2, 0x10, 0xA2,
    0x10, 0x82, 0x08, 0x82, 0x08, 0x61, 0x08, 0x41, 0x10, 0xA2, 0x10, 0xA2, 0x10, 0x82, 0x08, 0x82,
    0x08, 0x61, 0x08, 0x41, 0x10, 0xA2, 0x10, 0xA2, 0x10, 0x82, 0x08, 0x82, 0x08, 0x61, 0x08, 0x41,
    0x10, 0xA2, 0x10, 0xA2, 0x10, 0x82, 0x08, 0x82, 0x08, 0x61, 0x08, 0x41, 0x10, 0xA2, 0x10, 0xA2,
    0x10, 0xA2, 0x10, 0x82, 0x08, 0x82, 0x08, 0x61, 0x08, 0x41, 0x08, 0x41, 0x10, 0xA2, 0x10, 0xA2,
    0x10, 0xA2, 0x10, 0x82, 0x08, 0x82, 0x08, 0x61, 0x10, 0xA2, 0x10, 0x82, 0x08, 0x82, 0x08, 0x61,
    0x08, 0x41, 0x08, 0x41, 0x10, 0xA2, 0x10, 0xA2, 0x10, 0xA2, 0x10, 0x82, 0x08, 0x82, 0x08, 0x61,
    0x10, 0xA2, 0x10, 0x82, 0x08, 0x82, 0x08, 0x61, 0x08, 0x41, 0x08, 0x41, 0x10, 0xA2, 0x10, 0xA2,
    0x10, 0x82, 0x08, 0x82, 0x08, 0x61, 0x08, 0x41, 0x08, 0x41, 0x08, 0x41, 0x10, 0x82, 0x10, 0xA2,
    0x10, 0xA2, 0x10, 0xA2, 0x10, 0x82, 0x08, 0x82, 0x10, 0x82, 0x08, 0x82, 0x08, 0x61, 0x08, 0x41,
    0x08, 0x41, 0x08, 0x41, 0x10, 0x82, 0x10, 0xA2, 0x10, 0xA2, 0x10, 0xA2, 0x10, 0x82, 0x08, 0x82,
    0x10, 0x82, 0x08, 0x82, 0x08, 0x61, 0x08, 0x41, 0x08, 0x41, 0x08, 0x41, 0x10, 0x82, 0x10, 0xA2,
    0x08, 0x82, 0x08, 0x61, 0x08, 0x41, 0x08, 0x41, 0x08, 0x41, 0x08, 0x61, 0x08, 0x82, 0x10, 0x82,
    0x10, 0xA2, 0x10, 0xA2, 0x10, 0xA2, 0x10, 0x82, 0x08, 0x82, 0x08, 0x61, 0x08, 0x41, 0x08, 0x41,
    0x08, 0x41, 0x08, 0x61, 0x08, 0x82, 0x10, 0x82, 0x10, 0xA2, 0x10, 0xA2, 0x10, 0xA2, 0x10, 0x82,
    0x08, 0x82, 0x08, 0x61, 0x08, 0x41, 0x08, 0x41, 0x08, 0x41, 0x08, 0x61, 0x08, 0x82, 0x10, 0x82,
    0x10, 0x82, 0x08, 0x82, 0x08, 0x61, 0x08, 0x41, 0x08, 0x41, 0x08, 0x41, 0x10, 0x82, 0x10, 0xA2,
    0x10, 0xA2, 0x10, 0xA2, 0x10, 0x82, 0x08, 0x82, 0x10, 0x82, 0x08, 0x82, 0x08, 0x61, 0x08, 0x41,
    0x08, 0x41, 0x08, 0x41, 0x10, 0x82, 0x10, 0xA2, 0x10, 0xA2, 0x10, 0xA2, 0x10, 0x82, 0x08, 0x82,
    0x10, 0x82, 0x08, 0x82, 0x08, 0x61, 0x08, 0x41, 0x08, 0x41, 0x08, 0x41, 0x10, 0x82, 0x10, 0xA2,
};

static const lv_img_dsc_t tex_gt = {
    { LV_IMG_CF_TRUE_COLOR, 0, 0, 32, 32 },
    sizeof(tex_gt_map),
    tex_gt_map,
};

static const uint8_t tex_gt_dial_map[] = {
    0x00, 0x00, 0x00, 0x00, 0x00, 0x00, 0x00, 0x00, 0x00, 0x00, 0x00, 0x00, 0x00, 0x00, 0x00, 0x00,
    0x00, 0x00, 0x00, 0x00, 0x00, 0x00, 0x00, 0x00, 0x00, 0x00, 0x00, 0x00, 0x00, 0x00, 0x00, 0x00,
    0x00, 0x00, 0x00, 0x00, 0x00, 0x00, 0x00, 0x00, 0x00, 0x00, 0x00, 0x00, 0x00, 0x00, 0x00, 0x00,
    0x00, 0x00, 0x00, 0x00, 0x00, 0x00, 0x00, 0x00, 0x00, 0x00, 0x00, 0x00, 0x00, 0x00, 0x00, 0x00,
    0x00, 0x00, 0x00, 0x00, 0x00, 0x00, 0x00, 0x00, 0x00, 0x00, 0x00, 0x00, 0x00, 0x00, 0x00, 0x00,
    0x00, 0x00, 0x00, 0x00, 0x00, 0x00, 0x00, 0x00, 0x00, 0x00, 0x00, 0x00, 0x00, 0x00, 0x00, 0x00,
    0x00, 0x00, 0x00, 0x00, 0x00, 0x00, 0x00, 0x00, 0x00, 0x00, 0x00, 0x00, 0x00, 0x00, 0x00, 0x00,
    0x00, 0x00, 0x00, 0x00, 0x00, 0x00, 0x00, 0x00, 0x00, 0x00, 0x00, 0x00, 0x00, 0x00, 0x00, 0x00,
    0x00, 0x00, 0x00, 0x00, 0x00, 0x00, 0x00, 0x00, 0x00, 0x00, 0x00, 0x00, 0x00, 0x00, 0x00, 0x00,
    0x00, 0x00, 0x00, 0x00, 0x00, 0x00, 0x00, 0x00, 0x00, 0x00, 0x00, 0x00, 0x00, 0x00, 0x00, 0x00,
    0x00, 0x00, 0x00, 0x00, 0x00, 0x00, 0x00, 0x00, 0x00, 0x00, 0x00, 0x00, 0x00, 0x00, 0x00, 0x00,
    0x00, 0x00, 0x00, 0x00, 0x00, 0x00, 0x00, 0x00, 0x00, 0x00, 0x00, 0x00, 0x00, 0x00, 0x00, 0x00,
    0x00, 0x00, 0x00, 0x00, 0x00, 0x00, 0x00, 0x00, 0x00, 0x00, 0x00, 0x00, 0x00, 0x00, 0x00, 0x00,
    0x00, 0x00, 0x00, 0x00, 0x00, 0x00, 0x00, 0x00, 0x00, 0x00, 0x00, 0x20, 0x00, 0x21, 0x00, 0x41,
    0x00, 0x21, 0x00, 0x20, 0x00, 0x20, 0x00, 0x20, 0x00, 0x20, 0x00, 0x20, 0x00, 0x20, 0x00, 0x20,
    0x00, 0x20, 0x00, 0x20, 0x00, 0x21, 0x00, 0x41, 0x00, 0x21, 0x00, 0x20, 0x00, 0x20, 0x00, 0x20,
    0x00, 0x20, 0x00, 0x20, 0x00, 0x20, 0x00, 0x00, 0x00, 0x00, 0x00, 0x00, 0x00, 0x00, 0x00, 0x00,
    0x00, 0x00, 0x00, 0x00, 0x00, 0x00, 0x00, 0x00, 0x00, 0x00, 0x00, 0x00, 0x00, 0x00, 0x00, 0x00,
    0x00, 0x00, 0x00, 0x00, 0x00, 0x00, 0x00, 0x00, 0x00, 0x00, 0x00, 0x00, 0x00, 0x00, 0x00, 0x00,
    0x00, 0x00, 0x00, 0x00, 0x00, 0x00, 0x00, 0x00, 0x00, 0x00, 0x00, 0x00, 0x00, 0x00, 0x00, 0x00,
    0x00, 0x00, 0x00, 0x00, 0x00, 0x00, 0x00, 0x00, 0x00, 0x00, 0x00, 0x00, 0x00, 0x00, 0x00, 0x00,
    0x00, 0x00, 0x00, 0x00, 0x00, 0x00, 0x00, 0x00, 0x00, 0x00, 0x00, 0x00, 0x00, 0x00, 0x00, 0x00,
    0x00, 0x00, 0x00, 0x00, 0x00, 0x00, 0x00, 0x00, 0x00, 0x00, 0x00, 0x00, 0x00, 0x00, 0x00, 0x00,
    0x00, 0x00, 0x00, 0x00, 0x00, 0x00, 0x00, 0x00, 0x00, 0x00, 0x00, 0x00, 0x00, 0x00, 0x00, 0x00,
    0x00, 0x00, 0x00, 0x00, 0x00, 0x00, 0x00, 0x00, 0x00, 0x00, 0x00, 0x00, 0x00, 0x00, 0x00, 0x00,
    0x00, 0x00, 0x00, 0x00, 0x00, 0x00, 0x00, 0x00, 0x00, 0x00, 0x00, 0x00, 0x00, 0x00, 0x00, 0x00,
    0x00, 0x00, 0x00, 0x00, 0x00, 0x00, 0x00, 0x00, 0x00, 0x00, 0x00, 0x00, 0x00, 0x00, 0x00, 0x00,
    0x00, 0x00, 0x00, 0x00, 0x00, 0x00, 0x00, 0x00, 0x00, 0x00, 0x00, 0x00, 0x00, 0x00, 0x00, 0x00,
    0x00, 0x00, 0x00, 0x00, 0x00, 0x00, 0x00, 0x00, 0x00, 0x00, 0x00, 0x00, 0x00, 0x00, 0x00, 0x00,
    0x00, 0x00, 0x00, 0x00, 0x00, 0x00, 0x00, 0x00, 0x00, 0x00, 0x00, 0x00, 0x00, 0x00, 0x00, 0x00,
    0x00, 0x00, 0x00, 0x00, 0x00, 0x00, 0x00, 0x00, 0x00, 0x00, 0x00, 0x00, 0x00, 0x00, 0x00, 0x00,
    0x00, 0x00, 0x00, 0x00, 0x00, 0x00, 0x00, 0x00, 0x00, 0x00, 0x00, 0x00, 0x00, 0x00, 0x00, 0x00,
    0x00, 0x00, 0x00, 0x00, 0x00, 0x00, 0x00, 0x00, 0x00, 0x00, 0x00, 0x00, 0x00, 0x00, 0x00, 0x00,
    0x00, 0x00, 0x00, 0x00, 0x00, 0x00, 0x00, 0x00, 0x00, 0x00, 0x00, 0x00, 0x00, 0x00, 0x00, 0x00,
    0x00, 0x00, 0x00, 0x00, 0x00, 0x00, 0x00, 0x00, 0x00, 0x00, 0x00, 0x00, 0x00, 0x00, 0x00, 0x00,
    0x00, 0x00, 0x00, 0x00, 0x00, 0x00, 0x00, 0x00, 0x00, 0x00, 0x00, 0x00, 0x00, 0x00, 0x00, 0x00,
    0x00, 0x00, 0x00, 0x00, 0x00, 0x00, 0x00, 0x00, 0x00, 0x00, 0x00, 0x00, 0x00, 0x00, 0x00, 0x00,
    0x00, 0x00, 0x00, 0x00, 0x00, 0x00, 0x00, 0x00, 0x00, 0x00, 0x00, 0x00, 0x00, 0x00, 0x00, 0x00,
    0x00, 0x00, 0x00, 0x00, 0x00, 0x00, 0x00, 0x00, 0x00, 0x00, 0x00, 0x00, 0x00, 0x00, 0x00, 0x00,
    0x00, 0x00, 0x00, 0x00, 0x00, 0x00, 0x00, 0x00, 0x00, 0x00, 0x00, 0x00, 0x00, 0x00, 0x00, 0x00,
    0x00, 0x00, 0x00, 0x00, 0x00, 0x00, 0x00, 0x00, 0x00, 0x00, 0x00, 0x00, 0x00, 0x00, 0x00, 0x00,
    0x00, 0x00, 0x00, 0x00, 0x00, 0x00, 0x00, 0x00, 0x00, 0x00, 0x00, 0x00, 0x00, 0x00, 0x00, 0x00,
    0x00, 0x00, 0x00, 0x00, 0x00, 0x00, 0x00, 0x00, 0x00, 0x00, 0x00, 0x20, 0x00, 0x20, 0x00, 0x20,
    0x00, 0x20, 0x00, 0x20, 0x00, 0x20, 0x00, 0x20, 0x00, 0x20, 0x00, 0x21, 0x00, 0x41, 0x00, 0x21,
    0x00, 0x20, 0x00, 0x20, 0x00, 0x21, 0x00, 0x20, 0x00, 0x20, 0x00, 0x20, 0x00, 0x20, 0x00, 0x20,
    0x00, 0x21, 0x00, 0x41, 0x00, 0x41, 0x00, 0x41, 0x00, 0x21, 0x00, 0x20, 0x00, 0x21, 0x00, 0x20,
    0x00, 0x20, 0x00, 0x20, 0x00, 0x20, 0x00, 0x20, 0x00, 0x20, 0x00, 0x21, 0x00, 0x41, 0x00, 0x21,
    0x00, 0x20, 0x00, 0x20, 0x00, 0x20, 0x00, 0x00, 0x00, 0x00, 0x00, 0x00, 0x00, 0x00, 0x00, 0x00,
    0x00, 0x00, 0x00, 0x00, 0x00, 0x00, 0x00, 0x00, 0x00, 0x00, 0x00, 0x00, 0x00, 0x00, 0x00, 0x00,
    0x00, 0x00, 0x00, 0x00, 0x00, 0x00, 0x00, 0x00, 0x00, 0x00, 0x00, 0x00, 0x00, 0x00, 0x00, 0x00,
    0x00, 0x00, 0x00, 0x00, 0x00, 0x00, 0x00, 0x00, 0x00, 0x00, 0x00, 0x00, 0x00, 0x00, 0x00, 0x00,
    0x00, 0x00, 0x00, 0x00, 0x00, 0x00, 0x00, 0x00, 0x00, 0x00, 0x00, 0x00, 0x00, 0x00, 0x00, 0x00,
    0x00, 0x00, 0x00, 0x00, 0x00, 0x00, 0x00, 0x00, 0x00, 0x00, 0x00, 0x00, 0x00, 0x00, 0x00, 0x00,
    0x00, 0x00, 0x00, 0x00, 0x00, 0x00, 0x00, 0x00, 0x00, 0x00, 0x00, 0x00, 0x00, 0x00, 0x00, 0x00,
    0x00, 0x00, 0x00, 0x00, 0x00, 0x00, 0x00, 0x00, 0x00, 0x00, 0x00, 0x00, 0x00, 0x00, 0x00, 0x00,
    0x00, 0x00, 0x00, 0x00, 0x00, 0x00, 0x00, 0x00, 0x00, 0x00, 0x00, 0x00, 0x00, 0x00, 0x00, 0x00,
    0x00, 0x00, 0x00, 0x00, 0x00, 0x00, 0x00, 0x00, 0x00, 0x00, 0x00, 0x00, 0x00, 0x00, 0x00, 0x00,
    0x00, 0x00, 0x00, 0x00, 0x00, 0x00, 0x00, 0x00, 0x00, 0x00, 0x00, 0x00, 0x00, 0x00, 0x00, 0x00,
    0x00, 0x00, 0x00, 0x00, 0x00, 0x00, 0x00, 0x00, 0x00, 0x00, 0x00, 0x00, 0x00, 0x00, 0x00, 0x00,
    0x00, 0x00, 0x00, 0x00, 0x00, 0x00, 0x00, 0x00, 0x00, 0x00, 0x00, 0x00, 0x00, 0x00, 0x00, 0x00,
    0x00, 0x00, 0x00, 0x00, 0x00, 0x00, 0x00, 0x00, 0x00, 0x00, 0x00, 0x00, 0x00, 0x00, 0x00, 0x00,
    0x00, 0x00, 0x00, 0x00, 0x00, 0x00, 0x00, 0x00, 0x00, 0x00, 0x00, 0x00, 0x00, 0x00, 0x00, 0x00,
    0x00, 0x00, 0x00, 0x00, 0x00, 0x00, 0x00, 0x00, 0x00, 0x00, 0x00, 0x00, 0x00, 0x00, 0x00, 0x00,
    0x00, 0x00, 0x00, 0x00, 0x00, 0x00, 0x00, 0x00, 0x00, 0x00, 0x00, 0x00, 0x00, 0x00, 0x00, 0x00,
    0x00, 0x00, 0x00, 0x00, 0x00, 0x00, 0x00, 0x00, 0x00, 0x00, 0x00, 0x00, 0x00, 0x00, 0x00, 0x00,
    0x00, 0x00, 0x00, 0x00, 0x00, 0x00, 0x00, 0x00, 0x00, 0x00, 0x00, 0x00, 0x00, 0x00, 0x00, 0x00,
    0x00, 0x00, 0x00, 0x00, 0x00, 0x00, 0x00, 0x00, 0x00, 0x00, 0x00, 0x00, 0x00, 0x00, 0x00, 0x00,
    0x00, 0x00, 0x00, 0x00, 0x00, 0x00, 0x00, 0x00, 0x00, 0x00, 0x00, 0x00, 0x00, 0x00, 0x00, 0x00,
    0x00, 0x00, 0x00, 0x00, 0x00, 0x00, 0x00, 0x00, 0x00, 0x00, 0x00, 0x00, 0x00, 0x00, 0x00, 0x00,
    0x00, 0x00, 0x00, 0x00, 0x00, 0x00, 0x00, 0x00, 0x00, 0x00, 0x00, 0x00, 0x00, 0x00, 0x00, 0x00,
    0x00, 0x00, 0x00, 0x00, 0x00, 0x00, 0x00, 0x00, 0x00, 0x00, 0x00, 0x00, 0x00, 0x00, 0x00, 0x00,
    0x00, 0x00, 0x00, 0x00, 0x00, 0x00, 0x00, 0x00, 0x00, 0x00, 0x00, 0x00, 0x00, 0x00, 0x00, 0x00,
    0x00, 0x21, 0x00, 0x41, 0x00, 0x21, 0x00, 0x20, 0x00, 0x20, 0x00, 0x20, 0x00, 0x21, 0x00, 0x21,
    0x00, 0x20, 0x00, 0x20, 0x00, 0x20, 0x00, 0x20, 0x00, 0x41, 0x00, 0x41, 0x00, 0x41, 0x00, 0x21,
    0x00, 0x20, 0x00, 0x20, 0x00, 0x41, 0x00, 0x21, 0x00, 0x20, 0x00, 0x20, 0x00, 0x20, 0x00, 0x20,
    0x00, 0x41, 0x08, 0x41, 0x00, 0x41, 0x00, 0x21, 0x00, 0x20, 0x00, 0x20, 0x00, 0x41, 0x00, 0x21,
    0x00, 0x20, 0x00, 0x20, 0x00, 0x20, 0x00, 0x20, 0x00, 0x41, 0x00, 0x41, 0x00, 0x41, 0x00, 0x21,
    0x00, 0x20, 0x00, 0x20, 0x00, 0x21, 0x00, 0x20, 0x00, 0x20, 0x00, 0x20, 0x00, 0x20, 0x00, 0x20,
    0x00, 0x00, 0x00, 0x00, 0x00, 0x00, 0x00, 0x00, 0x00, 0x00, 0x00, 0x00, 0x00, 0x00, 0x00, 0x00,
    0x00, 0x00, 0x00, 0x00, 0x00, 0x00, 0x00, 0x00, 0x00, 0x00, 0x00, 0x00, 0x00, 0x00, 0x00, 0x00,
    0x00, 0x00, 0x00, 0x00, 0x00, 0x00, 0x00, 0x00, 0x00, 0x00, 0x00, 0x00, 0x00, 0x00, 0x00, 0x00,
    0x00, 0x00, 0x00, 0x00, 0x00, 0x00, 0x00, 0x00, 0x00, 0x00, 0x00, 0x00, 0x00, 0x00, 0x00, 0x00,
    0x00, 0x00, 0x00, 0x00, 0x00, 0x00, 0x00, 0x00, 0x00, 0x00, 0x00, 0x00, 0x00, 0x00, 0x00, 0x00,
    0x00, 0x00, 0x00, 0x00, 0x00, 0x00, 0x00, 0x00, 0x00, 0x00, 0x00, 0x00, 0x00, 0x00, 0x00, 0x00,
    0x00, 0x00, 0x00, 0x00, 0x00, 0x00, 0x00, 0x00, 0x00, 0x00, 0x00, 0x00, 0x00, 0x00, 0x00, 0x00,
    0x00, 0x00, 0x00, 0x00, 0x00, 0x00, 0x00, 0x00, 0x00, 0x00, 0x00, 0x00, 0x00, 0x00, 0x00, 0x00,
    0x00, 0x00, 0x00, 0x00, 0x00, 0x00, 0x00, 0x00, 0x00, 0x00, 0x00, 0x00, 0x00, 0x00, 0x00, 0x00,
    0x00, 0x00, 0x00, 0x00, 0x00, 0x00, 0x00, 0x00, 0x00, 0x00, 0x00, 0x00, 0x00, 0x00, 0x00, 0x00,
    0x00, 0x00, 0x00, 0x00, 0x00, 0x00, 0x00, 0x00, 0x00, 0x00, 0x00, 0x00, 0x00, 0x00, 0x00, 0x00,
    0x00, 0x00, 0x00, 0x00, 0x00, 0x00, 0x00, 0x00, 0x00, 0x00, 0x00, 0x00, 0x00, 0x00, 0x00, 0x00,
    0x00, 0x00, 0x00, 0x00, 0x00, 0x00, 0x00, 0x00, 0x00, 0x00, 0x00, 0x00, 0x00, 0x00, 0x00, 0x00,
    0x00, 0x00, 0x00, 0x00, 0x00, 0x00, 0x00, 0x00, 0x00, 0x00, 0x00, 0x00, 0x00, 0x00, 0x00, 0x00,
    0x00, 0x00, 0x00, 0x00, 0x00, 0x00, 0x00, 0x00, 0x00, 0x00, 0x00, 0x00, 0x00, 0x00, 0x00, 0x00,
    0x00, 0x00, 0x00, 0x00, 0x00, 0x00, 0x00, 0x00, 0x00, 0x00, 0x00, 0x00, 0x00, 0x00, 0x00, 0x00,
    0x00, 0x00, 0x00, 0x00, 0x00, 0x00, 0x00, 0x00, 0x00, 0x00, 0x00, 0x00, 0x00, 0x00, 0x00, 0x00,
    0x00, 0x00, 0x00, 0x00, 0x00, 0x00, 0x00, 0x00, 0x00, 0x00, 0x00, 0x00, 0x00, 0x00, 0x00, 0x00,
    0x00, 0x00, 0x00, 0x00, 0x00, 0x00, 0x00, 0x00, 0x00, 0x00, 0x00, 0x00, 0x00, 0x00, 0x00, 0x00,
    0x00, 0x00, 0x00, 0x00, 0x00, 0x00, 0x00, 0x00, 0x00, 0x00, 0x00, 0x00, 0x00, 0x00, 0x00, 0x00,
    0x00, 0x00, 0x00, 0x00, 0x00, 0x00, 0x00, 0x00, 0x00, 0x00, 0x00, 0x00, 0x00, 0x00, 0x00, 0x00,
    0x00, 0x00, 0x00, 0x00, 0x00, 0x00, 0x00, 0x00, 0x00, 0x00, 0x00, 0x00, 0x00, 0x00, 0x00, 0x00,
    0x00, 0x00, 0x00, 0x00, 0x00, 0x00, 0x00, 0x00, 0x00, 0x00, 0x00, 0x00, 0x00, 0x00, 0x00, 0x00,
    0x00, 0x00, 0x00, 0x00, 0x00, 0x00, 0x00, 0x21, 0x00, 0x20, 0x00, 0x20, 0x00, 0x20, 0x00, 0x20,
    0x00, 0x41, 0x00, 0x41, 0x00, 0x21, 0x00, 0x20, 0x00, 0x20, 0x00, 0x20, 0x00, 0x41, 0x00, 0x41,
    0x00, 0x21, 0x00, 0x20, 0x00, 0x20, 0x00, 0x20, 0x08, 0x41, 0x00, 0x41, 0x00, 0x21, 0x00, 0x20,
    0x00, 0x20, 0x00, 0x20, 0x08, 0x41, 0x00, 0x41, 0x00, 0x21, 0x00, 0x20, 0x00, 0x20, 0x00, 0x20,
    0x08, 0x41, 0x00, 0x41, 0x00, 0x21, 0x00, 0x20, 0x00, 0x20, 0x00, 0x20, 0x08, 0x41, 0x00, 0x41,
    0x00, 0x21, 0x00, 0x20, 0x00, 0x20, 0x00, 0x20, 0x08, 0x41, 0x00, 0x41, 0x00, 0x21, 0x00, 0x20,
    0x00, 0x20, 0x00, 0x20, 0x00, 0x41, 0x00, 0x41, 0x00, 0x21, 0x00, 0x20, 0x00, 0x20, 0x00, 0x20,
    0x00, 0x41, 0x00, 0x21, 0x00, 0x20, 0x00, 0x20, 0x00, 0x20, 0x00, 0x00, 0x00, 0x00, 0x00, 0x00,
    0x00, 0x00, 0x00, 0x00, 0x00, 0x00, 0x00, 0x00, 0x00, 0x00, 0x00, 0x00, 0x00, 0x00, 0x00, 0x00,
    0x00, 0x00, 0x00, 0x00, 0x00, 0x00, 0x00, 0x00, 0x00, 0x00, 0x00, 0x00, 0x00, 0x00, 0x00, 0x00,
    0x00, 0x00, 0x00, 0x00, 0x00, 0x00, 0x00, 0x00, 0x00, 0x00, 0x00, 0x00, 0x00, 0x00, 0x00, 0x00,
    0x00, 0x00, 0x00, 0x00, 0x00, 0x00, 0x00, 0x00, 0x00, 0x00, 0x00, 0x00, 0x00, 0x00, 0x00, 0x00,
    0x00, 0x00, 0x00, 0x00, 0x00, 0x00, 0x00, 0x00, 0x00, 0x00, 0x00, 0x00, 0x00, 0x00, 0x00, 0x00,
    0x00, 0x00, 0x00, 0x00, 0x00, 0x00, 0x00, 0x00, 0x00, 0x00, 0x00, 0x00, 0x00, 0x00, 0x00, 0x00,
    0x00, 0x00, 0x00, 0x00, 0x00, 0x00, 0x00, 0x00, 0x00, 0x00, 0x00, 0x00, 0x00, 0x00, 0x00, 0x00,
    0x00, 0x00, 0x00, 0x00, 0x00, 0x00, 0x00, 0x00, 0x00, 0x00, 0x00, 0x00, 0x00, 0x00, 0x00, 0x00,
    0x00, 0x00, 0x00, 0x00, 0x00, 0x00, 0x00, 0x00, 0x00, 0x00, 0x00, 0x00, 0x00, 0x00, 0x00, 0x00,
    0x00, 0x00, 0x00, 0x00, 0x00, 0x00, 0x00, 0x00, 0x00, 0x00, 0x00, 0x00, 0x00, 0x00, 0x00, 0x00,
    0x00, 0x00, 0x00, 0x00, 0x00, 0x00, 0x00, 0x00, 0x00, 0x00, 0x00, 0x00, 0x00, 0x00, 0x00, 0x00,
    0x00, 0x00, 0x00, 0x00, 0x00, 0x00, 0x00, 0x00, 0x00, 0x00, 0x00, 0x00, 0x00, 0x00, 0x00, 0x00,
    0x00, 0x00, 0x00, 0x00, 0x00, 0x00, 0x00, 0x00, 0x00, 0x00, 0x00, 0x00, 0x00, 0x00, 0x00, 0x00,
    0x00, 0x00, 0x00, 0x00, 0x00, 0x00, 0x00, 0x00, 0x00, 0x00, 0x00, 0x00, 0x00, 0x00, 0x00, 0x00,
    0x00, 0x00, 0x00, 0x00, 0x00, 0x00, 0x00, 0x00, 0x00, 0x00, 0x00, 0x00, 0x00, 0x00, 0x00, 0x00,
    0x00, 0x00, 0x00, 0x00, 0x00, 0x00, 0x00, 0x00, 0x00, 0x00, 0x00, 0x00, 0x00, 0x00, 0x00, 0x00,
    0x00, 0x00, 0x00, 0x00, 0x00, 0x00, 0x00, 0x00, 0x00, 0x00, 0x00, 0x00, 0x00, 0x00, 0x00, 0x00,
    0x00, 0x00, 0x00, 0x00, 0x00, 0x00, 0x00, 0x00, 0x00, 0x00, 0x00, 0x00, 0x00, 0x00, 0x00, 0x00,
    0x00, 0x00, 0x00, 0x00, 0x00, 0x00, 0x00, 0x00, 0x00, 0x00, 0x00, 0x00, 0x00, 0x00, 0x00, 0x00,
    0x00, 0x00, 0x00, 0x00, 0x00, 0x00, 0x00, 0x00, 0x00, 0x00, 0x00, 0x00, 0x00, 0x00, 0x00, 0x00,
    0x00, 0x00, 0x00, 0x00, 0x00, 0x00, 0x00, 0x00, 0x00, 0x00, 0x00, 0x00, 0x00, 0x00, 0x00, 0x00,
    0x00, 0x00, 0x00, 0x00, 0x00, 0x00, 0x00, 0x00, 0x00, 0x00, 0x00, 0x00, 0x00, 0x00, 0x00, 0x20,
    0x00, 0x20, 0x00, 0x20, 0x00, 0x21, 0x00, 0x41, 0x00, 0x21, 0x00, 0x21, 0x00, 0x20, 0x00, 0x20,
    0x00, 0x41, 0x00, 0x21, 0x00, 0x20, 0x00, 0x20, 0x00, 0x20, 0x00, 0x20, 0x00, 0x41, 0x08, 0x41,
    0x00, 0x41, 0x00, 0x21, 0x00, 0x20, 0x00, 0x20, 0x08, 0x41, 0x00, 0x21, 0x00, 0x20, 0x00, 0x20,
    0x00, 0x20, 0x00, 0x20, 0x08, 0x41, 0x08, 0x41, 0x08, 0x41, 0x00, 0x21, 0x00, 0x20, 0x00, 0x20,
    0x08, 0x41, 0x00, 0x21, 0x00, 0x20, 0x00, 0x20, 0x00, 0x20, 0x00, 0x20, 0x08, 0x41, 0x08, 0x41,
    0x08, 0x41, 0x00, 0x21, 0x00, 0x20, 0x00, 0x20, 0x08, 0x41, 0x00, 0x21, 0x00, 0x20, 0x00, 0x20,
    0x00, 0x20, 0x00, 0x20, 0x00, 0x41, 0x08, 0x41, 0x00, 0x41, 0x00, 0x21, 0x00, 0x20, 0x00, 0x20,
    0x00, 0x41, 0x00, 0x21, 0x00, 0x20, 0x00, 0x20, 0x00, 0x20, 0x00, 0x20, 0x00, 0x21, 0x00, 0x41,
    0x00, 0x21, 0x00, 0x00, 0x00, 0x00, 0x00, 0x00, 0x00, 0x00, 0x00, 0x00, 0x00, 0x00, 0x00, 0x00,
    0x00, 0x00, 0x00, 0x00, 0x00, 0x00, 0x00, 0x00, 0x00, 0x00, 0x00, 0x00, 0x00, 0x00, 0x00, 0x00,
    0x00, 0x00, 0x00, 0x00, 0x00, 0x00, 0x00, 0x00, 0x00, 0x00, 0x00, 0x00, 0x00, 0x00, 0x00, 0x00,
    0x00, 0x00, 0x00, 0x00, 0x00, 0x00, 0x00, 0x00, 0x00, 0x00, 0x00, 0x00, 0x00, 0x00, 0x00, 0x00,
    0x00, 0x00, 0x00, 0x00, 0x00, 0x00, 0x00, 0x00, 0x00, 0x00, 0x00, 0x00, 0x00, 0x00, 0x00, 0x00,
    0x00, 0x00, 0x00, 0x00, 0x00, 0x00, 0x00, 0x00, 0x00, 0x00, 0x00, 0x00, 0x00, 0x00, 0x00, 0x00,
    0x00, 0x00, 0x00, 0x00, 0x00, 0x00, 0x00, 0x00, 0x00, 0x00, 0x00, 0x00, 0x00, 0x00, 0x00, 0x00,
    0x00, 0x00, 0x00, 0x00, 0x00, 0x00, 0x00, 0x00, 0x00, 0x00, 0x00, 0x00, 0x00, 0x00, 0x00, 0x00,
    0x00, 0x00, 0x00, 0x00, 0x00, 0x00, 0x00, 0x00, 0x00, 0x00, 0x00, 0x00, 0x00, 0x00, 0x00, 0x00,
    0x00, 0x00, 0x00, 0x00, 0x00, 0x00, 0x00, 0x00, 0x00, 0x00, 0x00, 0x00, 0x00, 0x00, 0x00, 0x00,
    0x00, 0x00, 0x00, 0x00, 0x00, 0x00, 0x00, 0x00, 0x00, 0x00, 0x00, 0x00, 0x00, 0x00, 0x00, 0x00,
    0x00, 0x00, 0x00, 0x00, 0x00, 0x00, 0x00, 0x00, 0x00, 0x00, 0x00, 0x00, 0x00, 0x00, 0x00, 0x00,
    0x00, 0x00, 0x00, 0x00, 0x00, 0x00, 0x00, 0x00, 0x00, 0x00, 0x00, 0x00, 0x00, 0x00, 0x00, 0x00,
    0x00, 0x00, 0x00, 0x00, 0x00, 0x00, 0x00, 0x00, 0x00, 0x00, 0x00, 0x00, 0x00, 0x00, 0x00, 0x00,
    0x00, 0x00, 0x00, 0x00, 0x00, 0x00, 0x00, 0x00, 0x00, 0x00, 0x00, 0x00, 0x00, 0x00, 0x00, 0x00,
    0x00, 0x00, 0x00, 0x00, 0x00, 0x00, 0x00, 0x00, 0x00, 0x00, 0x00, 0x00, 0x00, 0x00, 0x00, 0x00,
    0x00, 0x00, 0x00, 0x00, 0x00, 0x00, 0x00, 0x00, 0x00, 0x00, 0x00, 0x00, 0x00, 0x00, 0x00, 0x00,
    0x00, 0x00, 0x00, 0x00, 0x00, 0x00, 0x00, 0x00, 0x00, 0x00, 0x00, 0x00, 0x00, 0x00, 0x00, 0x00,
    0x00, 0x00, 0x00, 0x00, 0x00, 0x00, 0x00, 0x00, 0x00, 0x00, 0x00, 0x00, 0x00, 0x00, 0x00, 0x00,
    0x00, 0x00, 0x00, 0x00, 0x00, 0x00, 0x00, 0x00, 0x00, 0x00, 0x00, 0x00, 0x00, 0x00, 0x00, 0x00,
    0x00, 0x00, 0x00, 0x00, 0x00, 0x00, 0x00, 0x00, 0x00, 0x00, 0x00, 0x00, 0x00, 0x00, 0x00, 0x00,
    0x00, 0x00, 0x00, 0x00, 0x00, 0x00, 0x00, 0x00, 0x00, 0x20, 0x00, 0x20, 0x00, 0x20, 0x00, 0x20,
    0x00, 0x20, 0x00, 0x20, 0x00, 0x21, 0x00, 0x41, 0x00, 0x41, 0x00, 0x41, 0x00, 0x21, 0x00, 0x20,
    0x00, 0x21, 0x00, 0x20, 0x00, 0x20, 0x00, 0x20, 0x00, 0x20, 0x00, 0x20, 0x00, 0x21, 0x08, 0x41,
    0x08, 0x41, 0x08, 0x41, 0x00, 0x21, 0x00, 0x20, 0x00, 0x21, 0x00, 0x20, 0x00, 0x20, 0x00, 0x20,
    0x00, 0x20, 0x00, 0x20, 0x00, 0x41, 0x08, 0x41, 0x08, 0x41, 0x08, 0x41, 0x00, 0x41, 0x00, 0x20,
    0x00, 0x41, 0x00, 0x20, 0x00, 0x20, 0x00, 0x20, 0x00, 0x20, 0x00, 0x20, 0x00, 0x41, 0x08, 0x41,
    0x08, 0x41, 0x08, 0x41, 0x00, 0x21, 0x00, 0x20, 0x00, 0x21, 0x00, 0x20, 0x00, 0x20, 0x00, 0x20,
    0x00, 0x20, 0x00, 0x20, 0x00, 0x21, 0x08, 0x41, 0x08, 0x41, 0x00, 0x41, 0x00, 0x21, 0x00, 0x20,
    0x00, 0x21, 0x00, 0x20, 0x00, 0x20, 0x00, 0x20, 0x00, 0x20, 0x00, 0x20, 0x00, 0x21, 0x00, 0x21,
    0x00, 0x41, 0x00, 0x21, 0x00, 0x20, 0x00, 0x20, 0x00, 0x00, 0x00, 0x00, 0x00, 0x00, 0x00, 0x00,
    0x00, 0x00, 0x00, 0x00, 0x00, 0x00, 0x00, 0x00, 0x00, 0x00, 0x00, 0x00, 0x00, 0x00, 0x00, 0x00,
    0x00, 0x00, 0x00, 0x00, 0x00, 0x00, 0x00, 0x00, 0x00, 0x00, 0x00, 0x00, 0x00, 0x00, 0x00, 0x00,
    0x00, 0x00, 0x00, 0x00, 0x00, 0x00, 0x00, 0x00, 0x00, 0x00, 0x00, 0x00, 0x00, 0x00, 0x00, 0x00,
    0x00, 0x00, 0x00, 0x00, 0x00, 0x00, 0x00, 0x00, 0x00, 0x00, 0x00, 0x00, 0x00, 0x00, 0x00, 0x00,
    0x00, 0x00, 0x00, 0x00, 0x00, 0x00, 0x00, 0x00, 0x00, 0x00, 0x00, 0x00, 0x00, 0x00, 0x00, 0x00,
    0x00, 0x00, 0x00, 0x00, 0x00, 0x00, 0x00, 0x00, 0x00, 0x00, 0x00, 0x00, 0x00, 0x00, 0x00, 0x00,
    0x00, 0x00, 0x00, 0x00, 0x00, 0x00, 0x00, 0x00, 0x00, 0x00, 0x00, 0x00, 0x00, 0x00, 0x00, 0x00,
    0x00, 0x00, 0x00, 0x00, 0x00, 0x00, 0x00, 0x00, 0x00, 0x00, 0x00, 0x00, 0x00, 0x00, 0x00, 0x00,
    0x00, 0x00, 0x00, 0x00, 0x00, 0x00, 0x00, 0x00, 0x00, 0x00, 0x00, 0x00, 0x00, 0x00, 0x00, 0x00,
    0x00, 0x00, 0x00, 0x00, 0x00, 0x00, 0x00, 0x00, 0x00, 0x00, 0x00, 0x00, 0x00, 0x00, 0x00, 0x00,
    0x00, 0x00, 0x00, 0x00, 0x00, 0x00, 0x00, 0x00, 0x00, 0x00, 0x00, 0x00, 0x00, 0x00, 0x00, 0x00,
    0x00, 0x00, 0x00, 0x00, 0x00, 0x00, 0x00, 0x00, 0x00, 0x00, 0x00, 0x00, 0x00, 0x00, 0x00, 0x00,
    0x00, 0x00, 0x00, 0x00, 0x00, 0x00, 0x00, 0x00, 0x00, 0x00, 0x00, 0x00, 0x00, 0x00, 0x00, 0x00,
    0x00, 0x00, 0x00, 0x00, 0x00, 0x00, 0x00, 0x00, 0x00, 0x00, 0x00, 0x00, 0x00, 0x00, 0x00, 0x00,
    0x00, 0x00, 0x00, 0x00, 0x00, 0x00, 0x00, 0x00, 0x00, 0x00, 0x00, 0x00, 0x00, 0x00, 0x00, 0x00,
    0x00, 0x00, 0x00, 0x00, 0x00, 0x00, 0x00, 0x00, 0x00, 0x00, 0x00, 0x00, 0x00, 0x00, 0x00, 0x00,
    0x00, 0x00, 0x00, 0x00, 0x00, 0x00, 0x00, 0x00, 0x00, 0x00, 0x00, 0x00, 0x00, 0x00, 0x00, 0x00,
    0x00, 0x00, 0x00, 0x00, 0x00, 0x00, 0x00, 0x00, 0x00, 0x00, 0x00, 0x00, 0x00, 0x00, 0x00, 0x00,
    0x00, 0x00, 0x00, 0x00, 0x00, 0x00, 0x00, 0x00, 0x00, 0x00, 0x00, 0x00, 0x00, 0x00, 0x00, 0x00,
    0x00, 0x00, 0x00, 0x00, 0x00, 0x00, 0x00, 0x00, 0x00, 0x00, 0x00, 0x00, 0x00, 0x00, 0x00, 0x00,
    0x00, 0x00, 0x00, 0x41, 0x00, 0x21, 0x00, 0x20, 0x00, 0x20, 0x00, 0x20, 0x00, 0x20, 0x00, 0x20,
    0x00, 0x20, 0x00, 0x20, 0x00, 0x20, 0x00, 0x21, 0x00, 0x41, 0x08, 0x41, 0x00, 0x41, 0x00, 0x21,
    0x00, 0x20, 0x00, 0x20, 0x00, 0x20, 0x00, 0x20, 0x00, 0x20, 0x00, 0x20, 0x00, 0x20, 0x00, 0x41,
    0x08, 0x41, 0x08, 0x41, 0x08, 0x41, 0x00, 0x41, 0x00, 0x20, 0x00, 0x20, 0x00, 0x20, 0x00, 0x20,
    0x00, 0x20, 0x00, 0x20, 0x00, 0x20, 0x00, 0x41, 0x08, 0x41, 0x08, 0x41, 0x08, 0x41, 0x00, 0x41,
    0x00, 0x20, 0x00, 0x20, 0x00, 0x20, 0x00, 0x20, 0x00, 0x20, 0x00, 0x20, 0x00, 0x20, 0x00, 0x41,
    0x08, 0x41, 0x08, 0x41, 0x08, 0x41, 0x00, 0x41, 0x00, 0x20, 0x00, 0x20, 0x00, 0x20, 0x00, 0x20,
    0x00, 0x20, 0x00, 0x20, 0x00, 0x20, 0x00, 0x21, 0x08, 0x41, 0x08, 0x41, 0x08, 0x41, 0x00, 0x21,
    0x00, 0x20, 0x00, 0x20, 0x00, 0x20, 0x00, 0x20, 0x00, 0x20, 0x00, 0x20, 0x00, 0x20, 0x00, 0x21,
    0x00, 0x41, 0x00, 0x41, 0x00, 0x41, 0x00, 0x20, 0x00, 0x20, 0x00, 0x20, 0x00, 0x20, 0x00, 0x00,
    0x00, 0x00, 0x00, 0x00, 0x00, 0x00, 0x00, 0x00, 0x00, 0x00, 0x00, 0x00, 0x00, 0x00, 0x00, 0x00,
    0x00, 0x00, 0x00, 0x00, 0x00, 0x00, 0x00, 0x00, 0x00, 0x00, 0x00, 0x00, 0x00, 0x00, 0x00, 0x00,
    0x00, 0x00, 0x00, 0x00, 0x00, 0x00, 0x00, 0x00, 0x00, 0x00, 0x00, 0x00, 0x00, 0x00, 0x00, 0x00,
    0x00, 0x00, 0x00, 0x00, 0x00, 0x00, 0x00, 0x00, 0x00, 0x00, 0x00, 0x00, 0x00, 0x00, 0x00, 0x00,
    0x00, 0x00, 0x00, 0x00, 0x00, 0x00, 0x00, 0x00, 0x00, 0x00, 0x00, 0x00, 0x00, 0x00, 0x00, 0x00,
    0x00, 0x00, 0x00, 0x00, 0x00, 0x00, 0x00, 0x00, 0x00, 0x00, 0x00, 0x00, 0x00, 0x00, 0x00, 0x00,
    0x00, 0x00, 0x00, 0x00, 0x00, 0x00, 0x00, 0x00, 0x00, 0x00, 0x00, 0x00, 0x00, 0x00, 0x00, 0x00,
    0x00, 0x00, 0x00, 0x00, 0x00, 0x00, 0x00, 0x00, 0x00, 0x00, 0x00, 0x00, 0x00, 0x00, 0x00, 0x00,
    0x00, 0x00, 0x00, 0x00, 0x00, 0x00, 0x00, 0x00, 0x00, 0x00, 0x00, 0x00, 0x00, 0x00, 0x00, 0x00,
    0x00, 0x00, 0x00, 0x00, 0x00, 0x00, 0x00, 0x00, 0x00, 0x00, 0x00, 0x00, 0x00, 0x00, 0x00, 0x00,
    0x00, 0x00, 0x00, 0x00, 0x00, 0x00, 0x00, 0x00, 0x00, 0x00, 0x00, 0x00, 0x00, 0x00, 0x00, 0x00,
    0x00, 0x00, 0x00, 0x00, 0x00, 0x00, 0x00, 0x00, 0x00, 0x00, 0x00, 0x00, 0x00, 0x00, 0x00, 0x00,
    0x00, 0x00, 0x00, 0x00, 0x00, 0x00, 0x00, 0x00, 0x00, 0x00, 0x00, 0x00, 0x00, 0x00, 0x00, 0x00,
    0x00, 0x00, 0x00, 0x00, 0x00, 0x00, 0x00, 0x00, 0x00, 0x00, 0x00, 0x00, 0x00, 0x00, 0x00, 0x00,
    0x00, 0x00, 0x00, 0x00, 0x00, 0x00, 0x00, 0x00, 0x00, 0x00, 0x00, 0x00, 0x00, 0x00, 0x00, 0x00,
    0x00, 0x00, 0x00, 0x00, 0x00, 0x00, 0x00, 0x00, 0x00, 0x00, 0x00, 0x00, 0x00, 0x00, 0x00, 0x00,
    0x00, 0x00, 0x00, 0x00, 0x00, 0x00, 0x00, 0x00, 0x00, 0x00, 0x00, 0x00, 0x00, 0x00, 0x00, 0x00,
    0x00, 0x00, 0x00, 0x00, 0x00, 0x00, 0x00, 0x00, 0x00, 0x00, 0x00, 0x00, 0x00, 0x00, 0x00, 0x00,
    0x00, 0x00, 0x00, 0x00, 0x00, 0x00, 0x00, 0x00, 0x00, 0x00, 0x00, 0x00, 0x00, 0x00, 0x00, 0x00,
    0x00, 0x00, 0x00, 0x00, 0x00, 0x00, 0x00, 0x00, 0x00, 0x00, 0x00, 0x00, 0x00, 0x20, 0x00, 0x21,
    0x00, 0x41, 0x00, 0x21, 0x00, 0x21, 0x00, 0x20, 0x00, 0x21, 0x00, 0x20, 0x00, 0x20, 0x00, 0x20,
    0x00, 0x20, 0x00, 0x20, 0x00, 0x21, 0x08, 0x41, 0x08, 0x41, 0x08, 0x41, 0x00, 0x21, 0x00, 0x20,
    0x00, 0x21, 0x00, 0x20, 0x00, 0x20, 0x00, 0x20, 0x00, 0x20, 0x00, 0x20, 0x00, 0x41, 0x08, 0x41,
    0x08, 0x41, 0x08, 0x41, 0x00, 0x41, 0x00, 0x20, 0x00, 0x41, 0x00, 0x20, 0x00, 0x20, 0x00, 0x20,
    0x00, 0x20, 0x00, 0x20, 0x00, 0x41, 0x08, 0x41, 0x08, 0x41, 0x18, 0x41, 0x18, 0x41, 0x18, 0x41,
    0x18, 0x41, 0x18, 0x41, 0x18, 0x41, 0x00, 0x20, 0x00, 0x20, 0x00, 0x20, 0x00, 0x41, 0x08, 0x41,
    0x08, 0x41, 0x08, 0x41, 0x00, 0x41, 0x00, 0x20, 0x00, 0x41, 0x00, 0x20, 0x00, 0x20, 0x00, 0x20,
    0x00, 0x20, 0x00, 0x20, 0x00, 0x41, 0x08, 0x41, 0x08, 0x41, 0x08, 0x41, 0x00, 0x41, 0x00, 0x20,
    0x00, 0x21, 0x00, 0x20, 0x00, 0x20, 0x00, 0x20, 0x00, 0x20, 0x00, 0x20, 0x00, 0x21, 0x00, 0x41,
    0x08, 0x41, 0x00, 0x41, 0x00, 0x21, 0x00, 0x20, 0x00, 0x21, 0x00, 0x20, 0x00, 0x20, 0x00, 0x20,
    0x00, 0x20, 0x00, 0x20, 0x00, 0x00, 0x00, 0x00, 0x00, 0x00, 0x00, 0x00, 0x00, 0x00, 0x00, 0x00,
    0x00, 0x00, 0x00, 0x00, 0x00, 0x00, 0x00, 0x00, 0x00, 0x00, 0x00, 0x00, 0x00, 0x00, 0x00, 0x00,
    0x00, 0x00, 0x00, 0x00, 0x00, 0x00, 0x00, 0x00, 0x00, 0x00, 0x00, 0x00, 0x00, 0x00, 0x00, 0x00,
    0x00, 0x00, 0x00, 0x00, 0x00, 0x00, 0x00, 0x00, 0x00, 0x00, 0x00, 0x00, 0x00, 0x00, 0x00, 0x00,
    0x00, 0x00, 0x00, 0x00, 0x00, 0x00, 0x00, 0x00, 0x00, 0x00, 0x00, 0x00, 0x00, 0x00, 0x00, 0x00,
    0x00, 0x00, 0x00, 0x00, 0x00, 0x00, 0x00, 0x00, 0x00, 0x00, 0x00, 0x00, 0x00, 0x00, 0x00, 0x00,
    0x00, 0x00, 0x00, 0x00, 0x00, 0x00, 0x00, 0x00, 0x00, 0x00, 0x00, 0x00, 0x00, 0x00, 0x00, 0x00,
    0x00, 0x00, 0x00, 0x00, 0x00, 0x00, 0x00, 0x00, 0x00, 0x00, 0x00, 0x00, 0x00, 0x00, 0x00, 0x00,
    0x00, 0x00, 0x00, 0x00, 0x00, 0x00, 0x00, 0x00, 0x00, 0x00, 0x00, 0x00, 0x00, 0x00, 0x00, 0x00,
    0x00, 0x00, 0x00, 0x00, 0x00, 0x00, 0x00, 0x00, 0x00, 0x00, 0x00, 0x00, 0x00, 0x00, 0x00, 0x00,
    0x00, 0x00, 0x00, 0x00, 0x00, 0x00, 0x00, 0x00, 0x00, 0x00, 0x00, 0x00, 0x00, 0x00, 0x00, 0x00,
    0x00, 0x00, 0x00, 0x00, 0x00, 0x00, 0x00, 0x00, 0x00, 0x00, 0x00, 0x00, 0x00, 0x00, 0x00, 0x00,
    0x00, 0x00, 0x00, 0x00, 0x00, 0x00, 0x00, 0x00, 0x00, 0x00, 0x00, 0x00, 0x00, 0x00, 0x00, 0x00,
    0x00, 0x00, 0x00, 0x00, 0x00, 0x00, 0x00, 0x00, 0x00, 0x00, 0x00, 0x00, 0x00, 0x00, 0x00, 0x00,
    0x00, 0x00, 0x00, 0x00, 0x00, 0x00, 0x00, 0x00, 0x00, 0x00, 0x00, 0x00, 0x00, 0x00, 0x00, 0x00,
    0x00, 0x00, 0x00, 0x00, 0x00, 0x00, 0x00, 0x00, 0x00, 0x00, 0x00, 0x00, 0x00, 0x00, 0x00, 0x00,
    0x00, 0x00, 0x00, 0x00, 0x00, 0x00, 0x00, 0x00, 0x00, 0x00, 0x00, 0x00, 0x00, 0x00, 0x00, 0x00,
    0x00, 0x00, 0x00, 0x00, 0x00, 0x00, 0x00, 0x00, 0x00, 0x00, 0x00, 0x00, 0x00, 0x00, 0x00, 0x00,
    0x00, 0x00, 0x00, 0x00, 0x00, 0x00, 0x00, 0x00, 0x00, 0x00, 0x00, 0x00, 0x00, 0x00, 0x00, 0x00,
    0x00, 0x00, 0x00, 0x00, 0x00, 0x00, 0x00, 0x00, 0x00, 0x20, 0x00, 0x20, 0x00, 0x21, 0x00, 0x41,
    0x00, 0x41, 0x00, 0x21, 0x00, 0x20, 0x00, 0x20, 0x00, 0x41, 0x00, 0x21, 0x00, 0x20, 0x00, 0x20,
    0x00, 0x20, 0x00, 0x20, 0x08, 0x41, 0x08, 0x41, 0x08, 0x41, 0x00, 0x41, 0x00, 0x20, 0x00, 0x20,
    0x08, 0x41, 0x00, 0x41, 0x00, 0x20, 0x00, 0x20, 0x00, 0x20, 0x00, 0x20, 0x08, 0x41, 0x08, 0x41,
    0x08, 0x41, 0x00, 0x41, 0x00, 0x21, 0x00, 0x20, 0x08, 0x41, 0x00, 0x41, 0x00, 0x21, 0x00, 0x20,
    0x00, 0x20, 0x00, 0x20, 0x08, 0x41, 0x08, 0x41, 0x08, 0x41, 0x40, 0x61, 0x40, 0x61, 0x40, 0x61,
    0x40, 0x81, 0x40, 0x61, 0x40, 0x61, 0x00, 0x20, 0x00, 0x20, 0x00, 0x20, 0x08, 0x41, 0x08, 0x41,
    0x08, 0x41, 0x08, 0x41, 0x00, 0x21, 0x00, 0x20, 0x08, 0x41, 0x00, 0x41, 0x00, 0x21, 0x00, 0x20,
    0x00, 0x20, 0x00, 0x20, 0x08, 0x41, 0x08, 0x41, 0x08, 0x41, 0x00, 0x41, 0x00, 0x20, 0x00, 0x20,
    0x08, 0x41, 0x00, 0x41, 0x00, 0x20, 0x00, 0x20, 0x00, 0x20, 0x00, 0x20, 0x08, 0x41, 0x08, 0x41,
    0x08, 0x41, 0x00, 0x21, 0x00, 0x20, 0x00, 0x20, 0x00, 0x41, 0x00, 0x21, 0x00, 0x20, 0x00, 0x20,
    0x00, 0x20, 0x00, 0x20, 0x00, 0x21, 0x00, 0x41, 0x00, 0x00, 0x00, 0x00, 0x00, 0x00, 0x00, 0x00,
    0x00, 0x00, 0x00, 0x00, 0x00, 0x00, 0x00, 0x00, 0x00, 0x00, 0x00, 0x00, 0x00, 0x00, 0x00, 0x00,
    0x00, 0x00, 0x00, 0x00, 0x00, 0x00, 0x00, 0x00, 0x00, 0x00, 0x00, 0x00, 0x00, 0x00, 0x00, 0x00,
    0x00, 0x00, 0x00, 0x00, 0x00, 0x00, 0x00, 0x00, 0x00, 0x00, 0x00, 0x00, 0x00, 0x00, 0x00, 0x00,
    0x00, 0x00, 0x00, 0x00, 0x00, 0x00, 0x00, 0x00, 0x00, 0x00, 0x00, 0x00, 0x00, 0x00, 0x00, 0x00,
    0x00, 0x00, 0x00, 0x00, 0x00, 0x00, 0x00, 0x00, 0x00, 0x00, 0x00, 0x00, 0x00, 0x00, 0x00, 0x00,
    0x00, 0x00, 0x00, 0x00, 0x00, 0x00, 0x00, 0x00, 0x00, 0x00, 0x00, 0x00, 0x00, 0x00, 0x00, 0x00,
    0x00, 0x00, 0x00, 0x00, 0x00, 0x00, 0x00, 0x00, 0x00, 0x00, 0x00, 0x00, 0x00, 0x00, 0x00, 0x00,
    0x00, 0x00, 0x00, 0x00, 0x00, 0x00, 0x00, 0x00, 0x00, 0x00, 0x00, 0x00, 0x00, 0x00, 0x00, 0x00,
    0x00, 0x00, 0x00, 0x00, 0x00, 0x00, 0x00, 0x00, 0x00, 0x00, 0x00, 0x00, 0x00, 0x00, 0x00, 0x00,
    0x00, 0x00, 0x00, 0x00, 0x00, 0x00, 0x00, 0x00, 0x00, 0x00, 0x00, 0x00, 0x00, 0x00, 0x00, 0x00,
    0x00, 0x00, 0x00, 0x00, 0x00, 0x00, 0x00, 0x00, 0x00, 0x00, 0x00, 0x00, 0x00, 0x00, 0x00, 0x00,
    0x00, 0x00, 0x00, 0x00, 0x00, 0x00, 0x00, 0x00, 0x00, 0x00, 0x00, 0x00, 0x00, 0x00, 0x00, 0x00,
    0x00, 0x00, 0x00, 0x00, 0x00, 0x00, 0x00, 0x00, 0x00, 0x00, 0x00, 0x00, 0x00, 0x00, 0x00, 0x00,
    0x00, 0x00, 0x00, 0x00, 0x00, 0x00, 0x00, 0x00, 0x00, 0x00, 0x00, 0x00, 0x00, 0x00, 0x00, 0x00,
    0x00, 0x00, 0x00, 0x00, 0x00, 0x00, 0x00, 0x00, 0x00, 0x00, 0x00, 0x00, 0x00, 0x00, 0x00, 0x00,
    0x00, 0x00, 0x00, 0x00, 0x00, 0x00, 0x00, 0x00, 0x00, 0x00, 0x00, 0x00, 0x00, 0x00, 0x00, 0x00,
    0x00, 0x00, 0x00, 0x00, 0x00, 0x00, 0x00, 0x00, 0x00, 0x00, 0x00, 0x00, 0x00, 0x00, 0x00, 0x00,
    0x00, 0x00, 0x00, 0x00, 0x00, 0x00, 0x00, 0x00, 0x00, 0x00, 0x00, 0x00, 0x00, 0x00, 0x00, 0x00,
    0x00, 0x00, 0x00, 0x21, 0x00, 0x20, 0x00, 0x20, 0x00, 0x20, 0x00, 0x20, 0x00, 0x41, 0x00, 0x41,
    0x00, 0x21, 0x00, 0x20, 0x00, 0x20, 0x00, 0x20, 0x08, 0x41, 0x08, 0x41, 0x00, 0x21, 0x00, 0x20,
    0x00, 0x20, 0x00, 0x20, 0x08, 0x41, 0x08, 0x41, 0x00, 0x41, 0x00, 0x20, 0x00, 0x20, 0x00, 0x20,
    0x08, 0x41, 0x08, 0x41, 0x00, 0x41, 0x00, 0x21, 0x00, 0x20, 0x00, 0x20, 0x08, 0x41, 0x08, 0x41,
    0x08, 0x41, 0x00, 0x21, 0x00, 0x20, 0x00, 0x20, 0x08, 0x41, 0x08, 0x41, 0x08, 0x41, 0x00, 0x21,
    0x00, 0x20, 0x00, 0x20, 0x08, 0x41, 0x08, 0x41, 0x08, 0x41, 0x68, 0xA1, 0x68, 0x81, 0x68, 0x81,
    0x68, 0xA1, 0x68, 0xA1, 0x68, 0xA1, 0x00, 0x21, 0x00, 0x20, 0x00, 0x20, 0x08, 0x41, 0x08, 0x41,
    0x08, 0x41, 0x00, 0x21, 0x00, 0x20, 0x00, 0x20, 0x08, 0x41, 0x08, 0x41, 0x08, 0x41, 0x00, 0x21,
    0x00, 0x20, 0x00, 0x20, 0x08, 0x41, 0x08, 0x41, 0x00, 0x41, 0x00, 0x20, 0x00, 0x20, 0x00, 0x20,
    0x08, 0x41, 0x08, 0x41, 0x00, 0x41, 0x00, 0x20, 0x00, 0x20, 0x00, 0x20, 0x08, 0x41, 0x08, 0x41,
    0x00, 0x21, 0x00, 0x20, 0x00, 0x20, 0x00, 0x20, 0x08, 0x41, 0x00, 0x41, 0x00, 0x21, 0x00, 0x20,
    0x00, 0x20, 0x00, 0x20, 0x00, 0x41, 0x00, 0x21, 0x00, 0x20, 0x00, 0x20, 0x00, 0x20, 0x00, 0x00,
    0x00, 0x00, 0x00, 0x00, 0x00, 0x00, 0x00, 0x00, 0x00, 0x00, 0x00, 0x00, 0x00, 0x00, 0x00, 0x00,
    0x00, 0x00, 0x00, 0x00, 0x00, 0x00, 0x00, 0x00, 0x00, 0x00, 0x00, 0x00, 0x00, 0x00, 0x00, 0x00,
    0x00, 0x00, 0x00, 0x00, 0x00, 0x00, 0x00, 0x00, 0x00, 0x00, 0x00, 0x00, 0x00, 0x00, 0x00, 0x00,
    0x00, 0x00, 0x00, 0x00, 0x00, 0x00, 0x00, 0x00, 0x00, 0x00, 0x00, 0x00, 0x00, 0x00, 0x00, 0x00,
    0x00, 0x00, 0x00, 0x00, 0x00, 0x00, 0x00, 0x00, 0x00, 0x00, 0x00, 0x00, 0x00, 0x00, 0x00, 0x00,
    0x00, 0x00, 0x00, 0x00, 0x00, 0x00, 0x00, 0x00, 0x00, 0x00, 0x00, 0x00, 0x00, 0x00, 0x00, 0x00,
    0x00, 0x00, 0x00, 0x00, 0x00, 0x00, 0x00, 0x00, 0x00, 0x00, 0x00, 0x00, 0x00, 0x00, 0x00, 0x00,
    0x00, 0x00, 0x00, 0x00, 0x00, 0x00, 0x00, 0x00, 0x00, 0x00, 0x00, 0x00, 0x00, 0x00, 0x00, 0x00,
    0x00, 0x00, 0x00, 0x00, 0x00, 0x00, 0x00, 0x00, 0x00, 0x00, 0x00, 0x00, 0x00, 0x00, 0x00, 0x00,
    0x00, 0x00, 0x00, 0x00, 0x00, 0x00, 0x00, 0x00, 0x00, 0x00, 0x00, 0x00, 0x00, 0x00, 0x00, 0x00,
    0x00, 0x00, 0x00, 0x00, 0x00, 0x00, 0x00, 0x00, 0x00, 0x00, 0x00, 0x00, 0x00, 0x00, 0x00, 0x00,
    0x00, 0x00, 0x00, 0x00, 0x00, 0x00, 0x00, 0x00, 0x00, 0x00, 0x00, 0x00, 0x00, 0x00, 0x00, 0x00,
    0x00, 0x00, 0x00, 0x00, 0x00, 0x00, 0x00, 0x00, 0x00, 0x00, 0x00, 0x00, 0x00, 0x00, 0x00, 0x00,
    0x00, 0x00, 0x00, 0x00, 0x00, 0x00, 0x00, 0x00, 0x00, 0x00, 0x00, 0x00, 0x00, 0x00, 0x00, 0x00,
    0x00, 0x00, 0x00, 0x00, 0x00, 0x00, 0x00, 0x00, 0x00, 0x00, 0x00, 0x00, 0x00, 0x00, 0x00, 0x00,
    0x00, 0x00, 0x00, 0x00, 0x00, 0x00, 0x00, 0x00, 0x00, 0x00, 0x00, 0x00, 0x00, 0x00, 0x00, 0x00,
    0x00, 0x00, 0x00, 0x00, 0x00, 0x00, 0x00, 0x00, 0x00, 0x00, 0x00, 0x00, 0x00, 0x00, 0x00, 0x00,
    0x00, 0x00, 0x00, 0x00, 0x00, 0x00, 0x00, 0x00, 0x00, 0x00, 0x00, 0x00, 0x00, 0x00, 0x00, 0x20,
    0x00, 0x21, 0x00, 0x41, 0x00, 0x41, 0x00, 0x21, 0x00, 0x20, 0x00, 0x20, 0x00, 0x41, 0x00, 0x21,
    0x00, 0x20, 0x00, 0x20, 0x00, 0x20, 0x00, 0x20, 0x08, 0x41, 0x08, 0x41, 0x08, 0x41, 0x00, 0x41,
    0x00, 0x20, 0x00, 0x20, 0x08, 0x41, 0x00, 0x41, 0x00, 0x20, 0x00, 0x20, 0x00, 0x20, 0x00, 0x20,
    0x08, 0x41, 0x08, 0x41, 0x08, 0x41, 0x08, 0x41, 0x00, 0x21, 0x00, 0x20, 0x08, 0x41, 0x08, 0x41,
    0x00, 0x21, 0x00, 0x20, 0x00, 0x20, 0x00, 0x20, 0x08, 0x41, 0x08, 0x41, 0x08, 0x41, 0x08, 0x41,
    0x00, 0x21, 0x00, 0x20, 0x08, 0x41, 0x08, 0x41, 0x00, 0x21, 0x90, 0xC2, 0x90, 0xC2, 0x90, 0xC2,
    0x90, 0xC2, 0x90, 0xC2, 0x90, 0xC2, 0x08, 0x41, 0x00, 0x21, 0x00, 0x20, 0x08, 0x41, 0x08, 0x41,
    0x00, 0x21, 0x00, 0x20, 0x00, 0x20, 0x00, 0x20, 0x08, 0x41, 0x08, 0x41, 0x08, 0x41, 0x08, 0x41,
    0x00, 0x21, 0x00, 0x20, 0x08, 0x41, 0x08, 0x41, 0x00, 0x21, 0x00, 0x20, 0x00, 0x20, 0x00, 0x20,
    0x08, 0x41, 0x08, 0x41, 0x08, 0x41, 0x00, 0x41, 0x00, 0x20, 0x00, 0x20, 0x08, 0x41, 0x00, 0x41,
    0x00, 0x20, 0x00, 0x20, 0x00, 0x20, 0x00, 0x20, 0x08, 0x41, 0x08, 0x41, 0x08, 0x41, 0x00, 0x21,
    0x00, 0x20, 0x00, 0x20, 0x00, 0x41, 0x00, 0x21, 0x00, 0x20, 0x00, 0x20, 0x00, 0x20, 0x00, 0x20,
    0x00, 0x21, 0x00, 0x00, 0x00, 0x00, 0x00, 0x00, 0x00, 0x00, 0x00, 0x00, 0x00, 0x00, 0x00, 0x00,
    0x00, 0x00, 0x00, 0x00, 0x00, 0x00, 0x00, 0x00, 0x00, 0x00, 0x00, 0x00, 0x00, 0x00, 0x00, 0x00,
    0x00, 0x00, 0x00, 0x00, 0x00, 0x00, 0x00, 0x00, 0x00, 0x00, 0x00, 0x00, 0x00, 0x00, 0x00, 0x00,
    0x00, 0x00, 0x00, 0x00, 0x00, 0x00, 0x00, 0x00, 0x00, 0x00, 0x00, 0x00, 0x00, 0x00, 0x00, 0x00,
    0x00, 0x00, 0x00, 0x00, 0x00, 0x00, 0x00, 0x00, 0x00, 0x00, 0x00, 0x00, 0x00, 0x00, 0x00, 0x00,
    0x00, 0x00, 0x00, 0x00, 0x00, 0x00, 0x00, 0x00, 0x00, 0x00, 0x00, 0x00, 0x00, 0x00, 0x00, 0x00,
    0x00, 0x00, 0x00, 0x00, 0x00, 0x00, 0x00, 0x00, 0x00, 0x00, 0x00, 0x00, 0x00, 0x00, 0x00, 0x00,
    0x00, 0x00, 0x00, 0x00, 0x00, 0x00, 0x00, 0x00, 0x00, 0x00, 0x00, 0x00, 0x00, 0x00, 0x00, 0x00,
    0x00, 0x00, 0x00, 0x00, 0x00, 0x00, 0x00, 0x00, 0x00, 0x00, 0x00, 0x00, 0x00, 0x00, 0x00, 0x00,
    0x00, 0x00, 0x00, 0x00, 0x00, 0x00, 0x00, 0x00, 0x00, 0x00, 0x00, 0x00, 0x00, 0x00, 0x00, 0x00,
    0x00, 0x00, 0x00, 0x00, 0x00, 0x00, 0x00, 0x00, 0x00, 0x00, 0x00, 0x00, 0x00, 0x00, 0x00, 0x00,
    0x00, 0x00, 0x00, 0x00, 0x00, 0x00, 0x00, 0x00, 0x00, 0x00, 0x00, 0x00, 0x00, 0x00, 0x00, 0x00,
    0x00, 0x00, 0x00, 0x00, 0x00, 0x00, 0x00, 0x00, 0x00, 0x00, 0x00, 0x00, 0x00, 0x00, 0x00, 0x00,
    0x00, 0x00, 0x00, 0x00, 0x00, 0x00, 0x00, 0x00, 0x00, 0x00, 0x00, 0x00, 0x00, 0x00, 0x00, 0x00,
    0x00, 0x00, 0x00, 0x00, 0x00, 0x00, 0x00, 0x00, 0x00, 0x00, 0x00, 0x00, 0x00, 0x00, 0x00, 0x00,
    0x00, 0x00, 0x00, 0x00, 0x00, 0x00, 0x00, 0x00, 0x00, 0x00, 0x00, 0x00, 0x00, 0x00, 0x00, 0x00,
    0x00, 0x00, 0x00, 0x00, 0x00, 0x00, 0x00, 0x00, 0x00, 0x00, 0x00, 0x00, 0x00, 0x00, 0x00, 0x00,
    0x00, 0x00, 0x00, 0x00, 0x00, 0x00, 0x00, 0x00, 0x00, 0x00, 0x00, 0x20, 0x00, 0x20, 0x00, 0x20,
    0x00, 0x21, 0x00, 0x41, 0x00, 0x41, 0x00, 0x41, 0x00, 0x21, 0x00, 0x20, 0x00, 0x21, 0x00, 0x20,
    0x00, 0x20, 0x00, 0x20, 0x00, 0x20, 0x00, 0x20, 0x00, 0x41, 0x08, 0x41, 0x08, 0x41, 0x08, 0x41,
    0x00, 0x41, 0x00, 0x20, 0x00, 0x41, 0x00, 0x21, 0x00, 0x20, 0x00, 0x20, 0x00, 0x20, 0x00, 0x20,
    0x08, 0x41, 0x08, 0x41, 0x08, 0x41, 0x08, 0x41, 0x08, 0x41, 0x00, 0x21, 0x08, 0x41, 0x00, 0x21,
    0x00, 0x20, 0x00, 0x20, 0x00, 0x20, 0x00, 0x20, 0x08, 0x41, 0x08, 0x41, 0x08, 0x41, 0x08, 0x41,
    0x08, 0x41, 0x00, 0x21, 0x08, 0x41, 0x00, 0x21, 0x00, 0x20, 0xA8, 0xE2, 0xA8, 0xE2, 0xA8, 0xE2,
    0xA8, 0xE2, 0xA8, 0xE2, 0xA8, 0xE2, 0x08, 0x41, 0x08, 0x41, 0x00, 0x21, 0x08, 0x41, 0x00, 0x21,
    0x00, 0x20, 0x00, 0x20, 0x00, 0x20, 0x00, 0x20, 0x08, 0x41, 0x08, 0x41, 0x08, 0x41, 0x08, 0x41,
    0x08, 0x41, 0x00, 0x21, 0x08, 0x41, 0x00, 0x21, 0x00, 0x20, 0x00, 0x20, 0x00, 0x20, 0x00, 0x20,
    0x08, 0x41, 0x08, 0x41, 0x08, 0x41, 0x08, 0x41, 0x00, 0x41, 0x00, 0x21, 0x00, 0x41, 0x00, 0x20,
    0x00, 0x20, 0x00, 0x20, 0x00, 0x20, 0x00, 0x20, 0x00, 0x41, 0x08, 0x41, 0x08, 0x41, 0x08, 0x41,
    0x00, 0x21, 0x00, 0x20, 0x00, 0x21, 0x00, 0x20, 0x00, 0x20, 0x00, 0x20, 0x00, 0x20, 0x00, 0x20,
    0x00, 0x20, 0x00, 0x21, 0x00, 0x41, 0x00, 0x00, 0x00, 0x00, 0x00, 0x00, 0x00, 0x00, 0x00, 0x00,
    0x00, 0x00, 0x00, 0x00, 0x00, 0x00, 0x00, 0x00, 0x00, 0x00, 0x00, 0x00, 0x00, 0x00, 0x00, 0x00,
    0x00, 0x00, 0x00, 0x00, 0x00, 0x00, 0x00, 0x00, 0x00, 0x00, 0x00, 0x00, 0x00, 0x00, 0x00, 0x00,
    0x00, 0x00, 0x00, 0x00, 0x00, 0x00, 0x00, 0x00, 0x00, 0x00, 0x00, 0x00, 0x00, 0x00, 0x00, 0x00,
    0x00, 0x00, 0x00, 0x00, 0x00, 0x00, 0x00, 0x00, 0x00, 0x00, 0x00, 0x00, 0x00, 0x00, 0x00, 0x00,
    0x00, 0x00, 0x00, 0x00, 0x00, 0x00, 0x00, 0x00, 0x00, 0x00, 0x00, 0x00, 0x00, 0x00, 0x00, 0x00,
    0x00, 0x00, 0x00, 0x00, 0x00, 0x00, 0x00, 0x00, 0x00, 0x00, 0x00, 0x00, 0x00, 0x00, 0x00, 0x00,
    0x00, 0x00, 0x00, 0x00, 0x00, 0x00, 0x00, 0x00, 0x00, 0x00, 0x00, 0x00, 0x00, 0x00, 0x00, 0x00,
    0x00, 0x00, 0x00, 0x00, 0x00, 0x00, 0x00, 0x00, 0x00, 0x00, 0x00, 0x00, 0x00, 0x00, 0x00, 0x00,
    0x00, 0x00, 0x00, 0x00, 0x00, 0x00, 0x00, 0x00, 0x00, 0x00, 0x00, 0x00, 0x00, 0x00, 0x00, 0x00,
    0x00, 0x00, 0x00, 0x00, 0x00, 0x00, 0x00, 0x00, 0x00, 0x00, 0x00, 0x00, 0x00, 0x00, 0x00, 0x00,
    0x00, 0x00, 0x00, 0x00, 0x00, 0x00, 0x00, 0x00, 0x00, 0x00, 0x00, 0x00, 0x00, 0x00, 0x00, 0x00,
    0x00, 0x00, 0x00, 0x00, 0x00, 0x00, 0x00, 0x00, 0x00, 0x00, 0x00, 0x00, 0x00, 0x00, 0x00, 0x00,
    0x00, 0x00, 0x00, 0x00, 0x00, 0x00, 0x00, 0x00, 0x00, 0x00, 0x00, 0x00, 0x00, 0x00, 0x00, 0x00,
    0x00, 0x00, 0x00, 0x00, 0x00, 0x00, 0x00, 0x00, 0x00, 0x00, 0x00, 0x00, 0x00, 0x00, 0x00, 0x00,
    0x00, 0x00, 0x00, 0x00, 0x00, 0x00, 0x00, 0x00, 0x00, 0x00, 0x00, 0x00, 0x00, 0x00, 0x00, 0x00,
    0x00, 0x00, 0x00, 0x00, 0x00, 0x00, 0x00, 0x00, 0x00, 0x00, 0x00, 0x00, 0x00, 0x00, 0x00, 0x00,
    0x00, 0x00, 0x00, 0x00, 0x00, 0x00, 0x00, 0x20, 0x00, 0x20, 0x00, 0x20, 0x00, 0x20, 0x00, 0x20,
    0x00, 0x20, 0x00, 0x21, 0x00, 0x41, 0x08, 0x41, 0x08, 0x41, 0x00, 0x21, 0x00, 0x20, 0x00, 0x20,
    0x00, 0x20, 0x00, 0x20, 0x00, 0x20, 0x00, 0x20, 0x00, 0x20, 0x00, 0x41, 0x08, 0x41, 0x08, 0x41,
    0x08, 0x41, 0x08, 0x41, 0x00, 0x21, 0x00, 0x20, 0x00, 0x20, 0x00, 0x20, 0x00, 0x20, 0x00, 0x20,
    0x00, 0x21, 0x08, 0x41, 0x08, 0x41, 0x08, 0x41, 0x08, 0x41, 0x08, 0x41, 0x00, 0x21, 0x00, 0x20,
    0x00, 0x20, 0x00, 0x20, 0x00, 0x20, 0x00, 0x20, 0x00, 0x21, 0x08, 0x41, 0x08, 0x41, 0x08, 0x41,
    0x08, 0x41, 0x08, 0x41, 0x00, 0x41, 0x00, 0x20, 0x00, 0x20, 0xA8, 0xE2, 0xA8, 0xE2, 0xA8, 0xE2,
    0xA8, 0xE2, 0xA8, 0xE2, 0xA8, 0xE2, 0x08, 0x41, 0x08, 0x41, 0x08, 0x41, 0x00, 0x41, 0x00, 0x20,
    0x00, 0x20, 0x00, 0x20, 0x00, 0x20, 0x00, 0x20, 0x00, 0x21, 0x08, 0x41, 0x08, 0x41, 0x08, 0x41,
    0x08, 0x41, 0x08, 0x41, 0x00, 0x21, 0x00, 0x20, 0x00, 0x20, 0x00, 0x20, 0x00, 0x20, 0x00, 0x20,
    0x00, 0x21, 0x08, 0x41, 0x08, 0x41, 0x08, 0x41, 0x08, 0x41, 0x08, 0x41, 0x00, 0x21, 0x00, 0x20,
    0x00, 0x20, 0x00, 0x20, 0x00, 0x20, 0x00, 0x20, 0x00, 0x20, 0x00, 0x41, 0x08, 0x41, 0x08, 0x41,
    0x08, 0x41, 0x00, 0x21, 0x00, 0x20, 0x00, 0x20, 0x00, 0x20, 0x00, 0x20, 0x00, 0x20, 0x00, 0x20,
    0x00, 0x20, 0x00, 0x21, 0x00, 0x21, 0x00, 0x41, 0x00, 0x21, 0x00, 0x00, 0x00, 0x00, 0x00, 0x00,
    0x00, 0x00, 0x00, 0x00, 0x00, 0x00, 0x00, 0x00, 0x00, 0x00, 0x00, 0x00, 0x00, 0x00, 0x00, 0x00,
    0x00, 0x00, 0x00, 0x00, 0x00, 0x00, 0x00, 0x00, 0x00, 0x00, 0x00, 0x00, 0x00, 0x00, 0x00, 0x00,
    0x00, 0x00, 0x00, 0x00, 0x00, 0x00, 0x00, 0x00, 0x00, 0x00, 0x00, 0x00, 0x00, 0x00, 0x00, 0x00,
    0x00, 0x00, 0x00, 0x00, 0x00, 0x00, 0x00, 0x00, 0x00, 0x00, 0x00, 0x00, 0x00, 0x00, 0x00, 0x00,
    0x00, 0x00, 0x00, 0x00, 0x00, 0x00, 0x00, 0x00, 0x00, 0x00, 0x00, 0x00, 0x00, 0x00, 0x00, 0x00,
    0x00, 0x00, 0x00, 0x00, 0x00, 0x00, 0x00, 0x00, 0x00, 0x00, 0x00, 0x00, 0x00, 0x00, 0x00, 0x00,
    0x00, 0x00, 0x00, 0x00, 0x00, 0x00, 0x00, 0x00, 0x00, 0x00, 0x00, 0x00, 0x00, 0x00, 0x00, 0x00,
    0x00, 0x00, 0x00, 0x00, 0x00, 0x00, 0x00, 0x00, 0x00, 0x00, 0x00, 0x00, 0x00, 0x00, 0x00, 0x00,
    0x00, 0x00, 0x00, 0x00, 0x00, 0x00, 0x00, 0x00, 0x00, 0x00, 0x00, 0x00, 0x00, 0x00, 0x00, 0x00,
    0x00, 0x00, 0x00, 0x00, 0x00, 0x00, 0x00, 0x00, 0x00, 0x00, 0x00, 0x00, 0x00, 0x00, 0x00, 0x00,
    0x00, 0x00, 0x00, 0x00, 0x00, 0x00, 0x00, 0x00, 0x00, 0x00, 0x00, 0x00, 0x00, 0x00, 0x00, 0x00,
    0x00, 0x00, 0x00, 0x00, 0x00, 0x00, 0x00, 0x00, 0x00, 0x00, 0x00, 0x00, 0x00, 0x00, 0x00, 0x00,
    0x00, 0x00, 0x00, 0x00, 0x00, 0x00, 0x00, 0x00, 0x00, 0x00, 0x00, 0x00, 0x00, 0x00, 0x00, 0x00,
    0x00, 0x00, 0x00, 0x00, 0x00, 0x00, 0x00, 0x00, 0x00, 0x00, 0x00, 0x00, 0x00, 0x00, 0x00, 0x00,
    0x00, 0x00, 0x00, 0x00, 0x00, 0x00, 0x00, 0x00, 0x00, 0x00, 0x00, 0x00, 0x00, 0x00, 0x00, 0x00,
    0x00, 0x00, 0x00, 0x00, 0x00, 0x00, 0x00, 0x00, 0x00, 0x00, 0x00, 0x00, 0x00, 0x00, 0x00, 0x00,
    0x00, 0x00, 0x00, 0x20, 0x00, 0x20, 0x00, 0x20, 0x00, 0x20, 0x00, 0x20, 0x00, 0x20, 0x00, 0x20,
    0x00, 0x21, 0x00, 0x41, 0x08, 0x41, 0x08, 0x41, 0x00, 0x21, 0x00, 0x20, 0x00, 0x41, 0x00, 0x20,
    0x00, 0x20, 0x00, 0x20, 0x00, 0x20, 0x00, 0x20, 0x00, 0x41, 0x08, 0x41, 0x08, 0x41, 0x08, 0x41,
    0x08, 0x41, 0x00, 0x21, 0x08, 0x41, 0x00, 0x21, 0x00, 0x20, 0x00, 0x20, 0x00, 0x20, 0x00, 0x20,
    0x08, 0x41, 0x08, 0x41, 0x08, 0x41, 0x08, 0x41, 0x08, 0x41, 0x00, 0x21, 0x08, 0x41, 0x00, 0x21,
    0x00, 0x20, 0x00, 0x20, 0x00, 0x20, 0x00, 0x20, 0x08, 0x41, 0x08, 0x41, 0x08, 0x41, 0x08, 0x41,
    0x08, 0x41, 0x00, 0x41, 0x08, 0x41, 0x00, 0x41, 0x00, 0x20, 0xA8, 0xE2, 0xA8, 0xE2, 0xA8, 0xE2,
    0xA8, 0xE2, 0xA8, 0xE2, 0xA8, 0xE2, 0x08, 0x41, 0x08, 0x41, 0x00, 0x41, 0x08, 0x41, 0x00, 0x41,
    0x00, 0x20, 0x00, 0x20, 0x00, 0x20, 0x00, 0x20, 0x08, 0x41, 0x08, 0x41, 0x08, 0x41, 0x08, 0x41,
    0x08, 0x41, 0x00, 0x21, 0x08, 0x41, 0x00, 0x21, 0x00, 0x20, 0x00, 0x20, 0x00, 0x20, 0x00, 0x20,
    0x08, 0x41, 0x08, 0x41, 0x08, 0x41, 0x08, 0x41, 0x08, 0x41, 0x00, 0x21, 0x08, 0x41, 0x00, 0x21,
    0x00, 0x20, 0x00, 0x20, 0x00, 0x20, 0x00, 0x20, 0x00, 0x41, 0x08, 0x41, 0x08, 0x41, 0x08, 0x41,
    0x00, 0x41, 0x00, 0x20, 0x00, 0x41, 0x00, 0x20, 0x00, 0x20, 0x00, 0x20, 0x00, 0x20, 0x00, 0x20,
    0x00, 0x21, 0x00, 0x41, 0x00, 0x41, 0x00, 0x41, 0x00, 0x20, 0x00, 0x20, 0x00, 0x20, 0x00, 0x00,
    0x00, 0x00, 0x00, 0x00, 0x00, 0x00, 0x00, 0x00, 0x00, 0x00, 0x00, 0x00, 0x00, 0x00, 0x00, 0x00,
    0x00, 0x00, 0x00, 0x00, 0x00, 0x00, 0x00, 0x00, 0x00, 0x00, 0x00, 0x00, 0x00, 0x00, 0x00, 0x00,
    0x00, 0x00, 0x00, 0x00, 0x00, 0x00, 0x00, 0x00, 0x00, 0x00, 0x00, 0x00, 0x00, 0x00, 0x00, 0x00,
    0x00, 0x00, 0x00, 0x00, 0x00, 0x00, 0x00, 0x00, 0x00, 0x00, 0x00, 0x00, 0x00, 0x00, 0x00, 0x00,
    0x00, 0x00, 0x00, 0x00, 0x00, 0x00, 0x00, 0x00, 0x00, 0x00, 0x00, 0x00, 0x00, 0x00, 0x00, 0x00,
    0x00, 0x00, 0x00, 0x00, 0x00, 0x00, 0x00, 0x00, 0x00, 0x00, 0x00, 0x00, 0x00, 0x00, 0x00, 0x00,
    0x00, 0x00, 0x00, 0x00, 0x00, 0x00, 0x00, 0x00, 0x00, 0x00, 0x00, 0x00, 0x00, 0x00, 0x00, 0x00,
    0x00, 0x00, 0x00, 0x00, 0x00, 0x00, 0x00, 0x00, 0x00, 0x00, 0x00, 0x00, 0x00, 0x00, 0x00, 0x00,
    0x00, 0x00, 0x00, 0x00, 0x00, 0x00, 0x00, 0x00, 0x00, 0x00, 0x00, 0x00, 0x00, 0x00, 0x00, 0x00,
    0x00, 0x00, 0x00, 0x00, 0x00, 0x00, 0x00, 0x00, 0x00, 0x00, 0x00, 0x00, 0x00, 0x00, 0x00, 0x00,
    0x00, 0x00, 0x00, 0x00, 0x00, 0x00, 0x00, 0x00, 0x00, 0x00, 0x00, 0x00, 0x00, 0x00, 0x00, 0x00,
    0x00, 0x00, 0x00, 0x00, 0x00, 0x00, 0x00, 0x00, 0x00, 0x00, 0x00, 0x00, 0x00, 0x00, 0x00, 0x00,
    0x00, 0x00, 0x00, 0x00, 0x00, 0x00, 0x00, 0x00, 0x00, 0x00, 0x00, 0x00, 0x00, 0x00, 0x00, 0x00,
    0x00, 0x00, 0x00, 0x00, 0x00, 0x00, 0x00, 0x00, 0x00, 0x00, 0x00, 0x00, 0x00, 0x00, 0x00, 0x00,
    0x00, 0x00, 0x00, 0x00, 0x00, 0x00, 0x00, 0x00, 0x00, 0x00, 0x00, 0x00, 0x00, 0x00, 0x00, 0x00,
    0x00, 0x00, 0x00, 0x00, 0x00, 0x00, 0x00, 0x00, 0x00, 0x00, 0x00, 0x00, 0x00, 0x00, 0x00, 0x20,
    0x00, 0x20, 0x00, 0x20, 0x00, 0x41, 0x00, 0x21, 0x00, 0x20, 0x00, 0x20, 0x00, 0x20, 0x00, 0x20,
    0x08, 0x41, 0x08, 0x41, 0x08, 0x41, 0x00, 0x41, 0x00, 0x20, 0x00, 0x20, 0x08, 0x41, 0x00, 0x41,
    0x00, 0x20, 0x00, 0x20, 0x00, 0x20, 0x00, 0x20, 0x08, 0x41, 0x08, 0x41, 0x08, 0x41, 0x08, 0x41,
    0x00, 0x21, 0x00, 0x20, 0x08, 0x41, 0x08, 0x41, 0x00, 0x21, 0x00, 0x20, 0x00, 0x20, 0x00, 0x20,
    0x08, 0x41, 0x08, 0x41, 0x08, 0x41, 0x08, 0x41, 0x00, 0x41, 0x00, 0x20, 0x08, 0x41, 0x08, 0x41,
    0x00, 0x41, 0x00, 0x20, 0x00, 0x20, 0x00, 0x20, 0x08, 0x41, 0x08, 0x41, 0x08, 0x41, 0x08, 0x41,
    0x00, 0x41, 0x00, 0x20, 0x08, 0x41, 0x08, 0x41, 0x00, 0x41, 0xA8, 0xE2, 0xA8, 0xE2, 0xA8, 0xE2,
    0xA8, 0xE2, 0xA8, 0xE2, 0xA8, 0xE2, 0x08, 0x41, 0x00, 0x41, 0x00, 0x20, 0x08, 0x41, 0x08, 0x41,
    0x00, 0x41, 0x00, 0x20, 0x00, 0x20, 0x00, 0x20, 0x08, 0x41, 0x08, 0x41, 0x08, 0x41, 0x08, 0x41,
    0x00, 0x41, 0x00, 0x20, 0x08, 0x41, 0x08, 0x41, 0x00, 0x41, 0x00, 0x20, 0x00, 0x20, 0x00, 0x20,
    0x08, 0x41, 0x08, 0x41, 0x08, 0x41, 0x08, 0x41, 0x00, 0x21, 0x00, 0x20, 0x08, 0x41, 0x08, 0x41,
    0x00, 0x21, 0x00, 0x20, 0x00, 0x20, 0x00, 0x20, 0x08, 0x41, 0x08, 0x41, 0x08, 0x41, 0x00, 0x41,
    0x00, 0x20, 0x00, 0x20, 0x08, 0x41, 0x00, 0x41, 0x00, 0x20, 0x00, 0x20, 0x00, 0x20, 0x00, 0x20,
    0x08, 0x41, 0x08, 0x41, 0x00, 0x41, 0x00, 0x21, 0x00, 0x20, 0x00, 0x20, 0x00, 0x21, 0x00, 0x20,
    0x00, 0x20, 0x00, 0x00, 0x00, 0x00, 0x00, 0x00, 0x00, 0x00, 0x00, 0x00, 0x00, 0x00, 0x00, 0x00,
    0x00, 0x00, 0x00, 0x00, 0x00, 0x00, 0x00, 0x00, 0x00, 0x00, 0x00, 0x00, 0x00, 0x00, 0x00, 0x00,
    0x00, 0x00, 0x00, 0x00, 0x00, 0x00, 0x00, 0x00, 0x00, 0x00, 0x00, 0x00, 0x00, 0x00, 0x00, 0x00,
    0x00, 0x00, 0x00, 0x00, 0x00, 0x00, 0x00, 0x00, 0x00, 0x00, 0x00, 0x00, 0x00, 0x00, 0x00, 0x00,
    0x00, 0x00, 0x00, 0x00, 0x00, 0x00, 0x00, 0x00, 0x00, 0x00, 0x00, 0x00, 0x00, 0x00, 0x00, 0x00,
    0x00, 0x00, 0x00, 0x00, 0x00, 0x00, 0x00, 0x00, 0x00, 0x00, 0x00, 0x00, 0x00, 0x00, 0x00, 0x00,
    0x00, 0x00, 0x00, 0x00, 0x00, 0x00, 0x00, 0x00, 0x00, 0x00, 0x00, 0x00, 0x00, 0x00, 0x00, 0x00,
    0x00, 0x00, 0x00, 0x00, 0x00, 0x00, 0x00, 0x00, 0x00, 0x00, 0x00, 0x00, 0x00, 0x00, 0x00, 0x00,
    0x00, 0x00, 0x00, 0x00, 0x00, 0x00, 0x00, 0x00, 0x00, 0x00, 0x00, 0x00, 0x00, 0x00, 0x00, 0x00,
    0x00, 0x00, 0x00, 0x00, 0x00, 0x00, 0x00, 0x00, 0x00, 0x00, 0x00, 0x00, 0x00, 0x00, 0x00, 0x00,
    0x00, 0x00, 0x00, 0x00, 0x00, 0x00, 0x00, 0x00, 0x00, 0x00, 0x00, 0x00, 0x00, 0x00, 0x00, 0x00,
    0x00, 0x00, 0x00, 0x00, 0x00, 0x00, 0x00, 0x00, 0x00, 0x00, 0x00, 0x00, 0x00, 0x00, 0x00, 0x00,
    0x00, 0x00, 0x00, 0x00, 0x00, 0x00, 0x00, 0x00, 0x00, 0x00, 0x00, 0x00, 0x00, 0x00, 0x00, 0x00,
    0x00, 0x00, 0x00, 0x00, 0x00, 0x00, 0x00, 0x00, 0x00, 0x00, 0x00, 0x00, 0x00, 0x00, 0x00, 0x00,
    0x00, 0x00, 0x00, 0x00, 0x00, 0x00, 0x00, 0x00, 0x00, 0x00, 0x00, 0x00, 0x00, 0x00, 0x00, 0x00,
    0x00, 0x00, 0x00, 0x00, 0x00, 0x00, 0x00, 0x00, 0x00, 0x00, 0x00, 0x21, 0x00, 0x20, 0x00, 0x20,
    0x00, 0x20, 0x00, 0x20, 0x08, 0x41, 0x00, 0x41, 0x00, 0x21, 0x00, 0x20, 0x00, 0x20, 0x00, 0x20,
    0x08, 0x41, 0x08, 0x41, 0x00, 0x41, 0x00, 0x20, 0x00, 0x20, 0x00, 0x20, 0x08, 0x41, 0x08, 0x41,
    0x08, 0x41, 0x00, 0x21, 0x00, 0x20, 0x00, 0x20, 0x08, 0x41, 0x08, 0x41, 0x08, 0x41, 0x00, 0x21,
    0x00, 0x20, 0x00, 0x20, 0x08, 0x41, 0x08, 0x41, 0x08, 0x41, 0x00, 0x21, 0x00, 0x20, 0x00, 0x20,
    0x08, 0x41, 0x08, 0x41, 0x08, 0x41, 0x00, 0x41, 0x00, 0x20, 0x00, 0x20, 0x08, 0x41, 0x08, 0x41,
    0x08, 0x41, 0x00, 0x41, 0x00, 0x20, 0x00, 0x20, 0x08, 0x41, 0x08, 0x41, 0x08, 0x41, 0x00, 0x41,
    0x00, 0x20, 0x00, 0x20, 0x08, 0x41, 0x08, 0x41, 0x08, 0x41, 0xA8, 0xE2, 0xA8, 0xE2, 0xA8, 0xE2,
    0xA8, 0xE2, 0xA8, 0xE2, 0xA8, 0xE2, 0x00, 0x41, 0x00, 0x20, 0x00, 0x20, 0x08, 0x41, 0x08, 0x41,
    0x08, 0x41, 0x00, 0x41, 0x00, 0x20, 0x00, 0x20, 0x08, 0x41, 0x08, 0x41, 0x08, 0x41, 0x00, 0x41,
    0x00, 0x20, 0x00, 0x20, 0x08, 0x41, 0x08, 0x41, 0x08, 0x41, 0x00, 0x41, 0x00, 0x20, 0x00, 0x20,
    0x08, 0x41, 0x08, 0x41, 0x08, 0x41, 0x00, 0x21, 0x00, 0x20, 0x00, 0x20, 0x08, 0x41, 0x08, 0x41,
    0x08, 0x41, 0x00, 0x21, 0x00, 0x20, 0x00, 0x20, 0x08, 0x41, 0x08, 0x41, 0x08, 0x41, 0x00, 0x21,
    0x00, 0x20, 0x00, 0x20, 0x08, 0x41, 0x08, 0x41, 0x00, 0x41, 0x00, 0x20, 0x00, 0x20, 0x00, 0x20,
    0x08, 0x41, 0x08, 0x41, 0x00, 0x21, 0x00, 0x20, 0x00, 0x20, 0x00, 0x20, 0x00, 0x41, 0x00, 0x41,
    0x00, 0x20, 0x00, 0x20, 0x00, 0x20, 0x00, 0x00, 0x00, 0x00, 0x00, 0x00, 0x00, 0x00, 0x00, 0x00,
    0x00, 0x00, 0x00, 0x00, 0x00, 0x00, 0x00, 0x00, 0x00, 0x00, 0x00, 0x00, 0x00, 0x00, 0x00, 0x00,
    0x00, 0x00, 0x00, 0x00, 0x00, 0x00, 0x00, 0x00, 0x00, 0x00, 0x00, 0x00, 0x00, 0x00, 0x00, 0x00,
    0x00, 0x00, 0x00, 0x00, 0x00, 0x00, 0x00, 0x00, 0x00, 0x00, 0x00, 0x00, 0x00, 0x00, 0x00, 0x00,
    0x00, 0x00, 0x00, 0x00, 0x00, 0x00, 0x00, 0x00, 0x00, 0x00, 0x00, 0x00, 0x00, 0x00, 0x00, 0x00,
    0x00, 0x00, 0x00, 0x00, 0x00, 0x00, 0x00, 0x00, 0x00, 0x00, 0x00, 0x00, 0x00, 0x00, 0x00, 0x00,
    0x00, 0x00, 0x00, 0x00, 0x00, 0x00, 0x00, 0x00, 0x00, 0x00, 0x00, 0x00, 0x00, 0x00, 0x00, 0x00,
    0x00, 0x00, 0x00, 0x00, 0x00, 0x00, 0x00, 0x00, 0x00, 0x00, 0x00, 0x00, 0x00, 0x00, 0x00, 0x00,
    0x00, 0x00, 0x00, 0x00, 0x00, 0x00, 0x00, 0x00, 0x00, 0x00, 0x00, 0x00, 0x00, 0x00, 0x00, 0x00,
    0x00, 0x00, 0x00, 0x00, 0x00, 0x00, 0x00, 0x00, 0x00, 0x00, 0x00, 0x00, 0x00, 0x00, 0x00, 0x00,
    0x00, 0x00, 0x00, 0x00, 0x00, 0x00, 0x00, 0x00, 0x00, 0x00, 0x00, 0x00, 0x00, 0x00, 0x00, 0x00,
    0x00, 0x00, 0x00, 0x00, 0x00, 0x00, 0x00, 0x00, 0x00, 0x00, 0x00, 0x00, 0x00, 0x00, 0x00, 0x00,
    0x00, 0x00, 0x00, 0x00, 0x00, 0x00, 0x00, 0x00, 0x00, 0x00, 0x00, 0x00, 0x00, 0x00, 0x00, 0x00,
    0x00, 0x00, 0x00, 0x00, 0x00, 0x00, 0x00, 0x00, 0x00, 0x00, 0x00, 0x00, 0x00, 0x00, 0x00, 0x00,
    0x00, 0x00, 0x00, 0x00, 0x00, 0x00, 0x00, 0x00, 0x00, 0x00, 0x00, 0x00, 0x00, 0x00, 0x00, 0x00,
    0x00, 0x00, 0x00, 0x00, 0x00, 0x00, 0x00, 0x20, 0x00, 0x21, 0x00, 0x20, 0x00, 0x20, 0x00, 0x20,
    0x00, 0x20, 0x00, 0x20, 0x00, 0x41, 0x08, 0x41, 0x08, 0x41, 0x00, 0x21, 0x00, 0x20, 0x00, 0x20,
    0x08, 0x41, 0x00, 0x41, 0x00, 0x20, 0x00, 0x20, 0x00, 0x20, 0x00, 0x20, 0x08, 0x41, 0x08, 0x41,
    0x08, 0x41, 0x08, 0x41, 0x00, 0x21, 0x00, 0x20, 0x08, 0x41, 0x08, 0x41, 0x00, 0x21, 0x00, 0x20,
    0x00, 0x20, 0x00, 0x20, 0x08, 0x41, 0x08, 0x41, 0x08, 0x41, 0x08, 0x41, 0x00, 0x41, 0x00, 0x20,
    0x08, 0x41, 0x08, 0x41, 0x00, 0x41, 0x00, 0x20, 0x00, 0x20, 0x00, 0x20, 0x08, 0x41, 0x08, 0x41,
    0x08, 0x41, 0x08, 0x41, 0x00, 0x41, 0x00, 0x20, 0x08, 0x41, 0x08, 0x41, 0x08, 0x41, 0x00, 0x20,
    0x00, 0x20, 0x00, 0x20, 0x08, 0x41, 0x08, 0x41, 0x08, 0x41, 0xA8, 0xE2, 0xA8, 0xE2, 0xA8, 0xE2,
    0xA8, 0xE2, 0xA8, 0xE2, 0xA8, 0xE2, 0x00, 0x20, 0x00, 0x20, 0x00, 0x20, 0x08, 0x41, 0x08, 0x41,
    0x08, 0x41, 0x08, 0x41, 0x08, 0x41, 0x00, 0x20, 0x08, 0x41, 0x08, 0x41, 0x00, 0x41, 0x00, 0x20,
    0x00, 0x20, 0x00, 0x20, 0x08, 0x41, 0x08, 0x41, 0x08, 0x41, 0x08, 0x41, 0x00, 0x41, 0x00, 0x20,
    0x08, 0x41, 0x08, 0x41, 0x00, 0x41, 0x00, 0x20, 0x00, 0x20, 0x00, 0x20, 0x08, 0x41, 0x08, 0x41,
    0x08, 0x41, 0x08, 0x41, 0x00, 0x21, 0x00, 0x20, 0x08, 0x41, 0x08, 0x41, 0x00, 0x21, 0x00, 0x20,
    0x00, 0x20, 0x00, 0x20, 0x08, 0x41, 0x08, 0x41, 0x08, 0x41, 0x00, 0x41, 0x00, 0x20, 0x00, 0x20,
    0x08, 0x41, 0x00, 0x41, 0x00, 0x20, 0x00, 0x20, 0x00, 0x20, 0x00, 0x20, 0x00, 0x41, 0x08, 0x41,
    0x00, 0x41, 0x00, 0x21, 0x00, 0x20, 0x00, 0x20, 0x00, 0x21, 0x00, 0x00, 0x00, 0x00, 0x00, 0x00,
    0x00, 0x00, 0x00, 0x00, 0x00, 0x00, 0x00, 0x00, 0x00, 0x00, 0x00, 0x00, 0x00, 0x00, 0x00, 0x00,
    0x00, 0x00, 0x00, 0x00, 0x00, 0x00, 0x00, 0x00, 0x00, 0x00, 0x00, 0x00, 0x00, 0x00, 0x00, 0x00,
    0x00, 0x00, 0x00, 0x00, 0x00, 0x00, 0x00, 0x00, 0x00, 0x00, 0x00, 0x00, 0x00, 0x00, 0x00, 0x00,
    0x00, 0x00, 0x00, 0x00, 0x00, 0x00, 0x00, 0x00, 0x00, 0x00, 0x00, 0x00, 0x00, 0x00, 0x00, 0x00,
    0x00, 0x00, 0x00, 0x00, 0x00, 0x00, 0x00, 0x00, 0x00, 0x00, 0x00, 0x00, 0x00, 0x00, 0x00, 0x00,
    0x00, 0x00, 0x00, 0x00, 0x00, 0x00, 0x00, 0x00, 0x00, 0x00, 0x00, 0x00, 0x00, 0x00, 0x00, 0x00,
    0x00, 0x00, 0x00, 0x00, 0x00, 0x00, 0x00, 0x00, 0x00, 0x00, 0x00, 0x00, 0x00, 0x00, 0x00, 0x00,
    0x00, 0x00, 0x00, 0x00, 0x00, 0x00, 0x00, 0x00, 0x00, 0x00, 0x00, 0x00, 0x00, 0x00, 0x00, 0x00,
    0x00, 0x00, 0x00, 0x00, 0x00, 0x00, 0x00, 0x00, 0x00, 0x00, 0x00, 0x00, 0x00, 0x00, 0x00, 0x00,
    0x00, 0x00, 0x00, 0x00, 0x00, 0x00, 0x00, 0x00, 0x00, 0x00, 0x00, 0x00, 0x00, 0x00, 0x00, 0x00,
    0x00, 0x00, 0x00, 0x00, 0x00, 0x00, 0x00, 0x00, 0x00, 0x00, 0x00, 0x00, 0x00, 0x00, 0x00, 0x00,
    0x00, 0x00, 0x00, 0x00, 0x00, 0x00, 0x00, 0x00, 0x00, 0x00, 0x00, 0x00, 0x00, 0x00, 0x00, 0x00,
    0x00, 0x00, 0x00, 0x00, 0x00, 0x00, 0x00, 0x00, 0x00, 0x00, 0x00, 0x00, 0x00, 0x00, 0x00, 0x00,
    0x00, 0x00, 0x00, 0x00, 0x00, 0x00, 0x00, 0x00, 0x00, 0x00, 0x00, 0x00, 0x00, 0x00, 0x00, 0x00,
    0x00, 0x00, 0x00, 0x00, 0x00, 0x20, 0x00, 0x20, 0x00, 0x21, 0x00, 0x20, 0x00, 0x20, 0x00, 0x20,
    0x00, 0x20, 0x00, 0x20, 0x00, 0x21, 0x08, 0x41, 0x08, 0x41, 0x08, 0x41, 0x00, 0x41, 0x00, 0x20,
    0x00, 0x41, 0x00, 0x21, 0x00, 0x20, 0x00, 0x20, 0x00, 0x20, 0x00, 0x20, 0x08, 0x41, 0x08, 0x41,
    0x08, 0x41, 0x08, 0x41, 0x08, 0x41, 0x00, 0x21, 0x08, 0x41, 0x00, 0x21, 0x00, 0x20, 0x00, 0x20,
    0x00, 0x20, 0x00, 0x20, 0x08, 0x41, 0x08, 0x41, 0x08, 0x41, 0x08, 0x41, 0x08, 0x41, 0x00, 0x41,
    0x08, 0x41, 0x00, 0x41, 0x00, 0x20, 0x00, 0x20, 0x00, 0x20, 0x00, 0x20, 0x08, 0x41, 0x08, 0x41,
    0x08, 0x41, 0x08, 0x41, 0x08, 0x41, 0x08, 0x41, 0x08, 0x41, 0x08, 0x41, 0x00, 0x21, 0x00, 0x20,
    0x00, 0x20, 0x00, 0x20, 0x08, 0x41, 0x08, 0x41, 0x08, 0x41, 0xA8, 0xE2, 0xA8, 0xE2, 0xA8, 0xE2,
    0xA8, 0xE2, 0xA8, 0xE2, 0xA8, 0xE2, 0x00, 0x20, 0x00, 0x20, 0x00, 0x20, 0x08, 0x41, 0x08, 0x41,
    0x08, 0x41, 0x08, 0x41, 0x08, 0x41, 0x08, 0x41, 0x08, 0x41, 0x08, 0x41, 0x00, 0x20, 0x00, 0x20,
    0x00, 0x20, 0x00, 0x20, 0x08, 0x41, 0x08, 0x41, 0x08, 0x41, 0x08, 0x41, 0x08, 0x41, 0x00, 0x41,
    0x08, 0x41, 0x00, 0x41, 0x00, 0x20, 0x00, 0x20, 0x00, 0x20, 0x00, 0x20, 0x08, 0x41, 0x08, 0x41,
    0x08, 0x41, 0x08, 0x41, 0x08, 0x41, 0x00, 0x21, 0x08, 0x41, 0x00, 0x21, 0x00, 0x20, 0x00, 0x20,
    0x00, 0x20, 0x00, 0x20, 0x08, 0x41, 0x08, 0x41, 0x08, 0x41, 0x08, 0x41, 0x00, 0x41, 0x00, 0x20,
    0x00, 0x41, 0x00, 0x20, 0x00, 0x20, 0x00, 0x20, 0x00, 0x20, 0x00, 0x20, 0x00, 0x21, 0x00, 0x41,
    0x08, 0x41, 0x00, 0x41, 0x00, 0x21, 0x00, 0x20, 0x00, 0x20, 0x00, 0x20, 0x00, 0x00, 0x00, 0x00,
    0x00, 0x00, 0x00, 0x00, 0x00, 0x00, 0x00, 0x00, 0x00, 0x00, 0x00, 0x00, 0x00, 0x00, 0x00, 0x00,
    0x00, 0x00, 0x00, 0x00, 0x00, 0x00, 0x00, 0x00, 0x00, 0x00, 0x00, 0x00, 0x00, 0x00, 0x00, 0x00,
    0x00, 0x00, 0x00, 0x00, 0x00, 0x00, 0x00, 0x00, 0x00, 0x00, 0x00, 0x00, 0x00, 0x00, 0x00, 0x00,
    0x00, 0x00, 0x00, 0x00, 0x00, 0x00, 0x00, 0x00, 0x00, 0x00, 0x00, 0x00, 0x00, 0x00, 0x00, 0x00,
    0x00, 0x00, 0x00, 0x00, 0x00, 0x00, 0x00, 0x00, 0x00, 0x00, 0x00, 0x00, 0x00, 0x00, 0x00, 0x00,
    0x00, 0x00, 0x00, 0x00, 0x00, 0x00, 0x00, 0x00, 0x00, 0x00, 0x00, 0x00, 0x00, 0x00, 0x00, 0x00,
    0x00, 0x00, 0x00, 0x00, 0x00, 0x00, 0x00, 0x00, 0x00, 0x00, 0x00, 0x00, 0x00, 0x00, 0x00, 0x00,
    0x00, 0x00, 0x00, 0x00, 0x00, 0x00, 0x00, 0x00, 0x00, 0x00, 0x00, 0x00, 0x00, 0x00, 0x00, 0x00,
    0x00, 0x00, 0x00, 0x00, 0x00, 0x00, 0x00, 0x00, 0x00, 0x00, 0x00, 0x00, 0x00, 0x00, 0x00, 0x00,
    0x00, 0x00, 0x00, 0x00, 0x00, 0x00, 0x00, 0x00, 0x00, 0x00, 0x00, 0x00, 0x00, 0x00, 0x00, 0x00,
    0x00, 0x00, 0x00, 0x00, 0x00, 0x00, 0x00, 0x00, 0x00, 0x00, 0x00, 0x00, 0x00, 0x00, 0x00, 0x00,
    0x00, 0x00, 0x00, 0x00, 0x00, 0x00, 0x00, 0x00, 0x00, 0x00, 0x00, 0x00, 0x00, 0x00, 0x00, 0x00,
    0x00, 0x00, 0x00, 0x00, 0x00, 0x00, 0x00, 0x00, 0x00, 0x00, 0x00, 0x00, 0x00, 0x00, 0x00, 0x00,
    0x00, 0x00, 0x00, 0x00, 0x00, 0x00, 0x00, 0x00, 0x00, 0x00, 0x00, 0x00, 0x00, 0x00, 0x00, 0x00,
    0x00, 0x21, 0x00, 0x41, 0x00, 0x41, 0x00, 0x21, 0x00, 0x20, 0x00, 0x20, 0x00, 0x20, 0x00, 0x20,
    0x00, 0x20, 0x00, 0x20, 0x00, 0x20, 0x00, 0x41, 0x08, 0x41, 0x08, 0x41, 0x08, 0x41, 0x00, 0x41,
    0x00, 0x21, 0x00, 0x20, 0x00, 0x20, 0x00, 0x20, 0x00, 0x20, 0x00, 0x20, 0x00, 0x21, 0x08, 0x41,
    0x08, 0x41, 0x08, 0x41, 0x08, 0x41, 0x08, 0x41, 0x00, 0x41, 0x00, 0x20, 0x00, 0x20, 0x00, 0x20,
    0x00, 0x20, 0x00, 0x20, 0x00, 0x41, 0x08, 0x41, 0x08, 0x41, 0x08, 0x41, 0x08, 0x41, 0x08, 0x41,
    0x08, 0x41, 0x00, 0x20, 0x00, 0x20, 0x00, 0x20, 0x00, 0x20, 0x00, 0x21, 0x08, 0x41, 0x08, 0x41,
    0x08, 0x41, 0x08, 0x41, 0x08, 0x41, 0x08, 0x41, 0x08, 0x41, 0x00, 0x21, 0x00, 0x20, 0x00, 0x20,
    0x00, 0x20, 0x00, 0x21, 0x08, 0x41, 0x08, 0x41, 0x08, 0x41, 0xA8, 0xE2, 0xA8, 0xE2, 0xA8, 0xE2,
    0xA8, 0xE2, 0xA8, 0xE2, 0xA8, 0xE2, 0x00, 0x20, 0x00, 0x20, 0x00, 0x21, 0x08, 0x41, 0x08, 0x41,
    0x08, 0x41, 0x08, 0x41, 0x08, 0x41, 0x08, 0x41, 0x08, 0x41, 0x00, 0x21, 0x00, 0x20, 0x00, 0x20,
    0x00, 0x20, 0x00, 0x21, 0x08, 0x41, 0x08, 0x41, 0x08, 0x41, 0x08, 0x41, 0x08, 0x41, 0x08, 0x41,
    0x00, 0x41, 0x00, 0x20, 0x00, 0x20, 0x00, 0x20, 0x00, 0x20, 0x00, 0x20, 0x00, 0x41, 0x08, 0x41,
    0x08, 0x41, 0x08, 0x41, 0x08, 0x41, 0x08, 0x41, 0x00, 0x21, 0x00, 0x20, 0x00, 0x20, 0x00, 0x20,
    0x00, 0x20, 0x00, 0x20, 0x00, 0x21, 0x08, 0x41, 0x08, 0x41, 0x08, 0x41, 0x08, 0x41, 0x00, 0x41,
    0x00, 0x21, 0x00, 0x20, 0x00, 0x20, 0x00, 0x20, 0x00, 0x20, 0x00, 0x20, 0x00, 0x20, 0x00, 0x21,
    0x08, 0x41, 0x08, 0x41, 0x00, 0x41, 0x00, 0x21, 0x00, 0x20, 0x00, 0x20, 0x00, 0x20, 0x00, 0x20,
    0x00, 0x00, 0x00, 0x00, 0x00, 0x00, 0x00, 0x00, 0x00, 0x00, 0x00, 0x00, 0x00, 0x00, 0x00, 0x00,
    0x00, 0x00, 0x00, 0x00, 0x00, 0x00, 0x00, 0x00, 0x00, 0x00, 0x00, 0x00, 0x00, 0x00, 0x00, 0x00,
    0x00, 0x00, 0x00, 0x00, 0x00, 0x00, 0x00, 0x00, 0x00, 0x00, 0x00, 0x00, 0x00, 0x00, 0x00, 0x00,
    0x00, 0x00, 0x00, 0x00, 0x00, 0x00, 0x00, 0x00, 0x00, 0x00, 0x00, 0x00, 0x00, 0x00, 0x00, 0x00,
    0x00, 0x00, 0x00, 0x00, 0x00, 0x00, 0x00, 0x00, 0x00, 0x00, 0x00, 0x00, 0x00, 0x00, 0x00, 0x00,
    0x00, 0x00, 0x00, 0x00, 0x00, 0x00, 0x00, 0x00, 0x00, 0x00, 0x00, 0x00, 0x00, 0x00, 0x00, 0x00,
    0x00, 0x00, 0x00, 0x00, 0x00, 0x00, 0x00, 0x00, 0x00, 0x00, 0x00, 0x00, 0x00, 0x00, 0x00, 0x00,
    0x00, 0x00, 0x00, 0x00, 0x00, 0x00, 0x00, 0x00, 0x00, 0x00, 0x00, 0x00, 0x00, 0x00, 0x00, 0x00,
    0x00, 0x00, 0x00, 0x00, 0x00, 0x00, 0x00, 0x00, 0x00, 0x00, 0x00, 0x00, 0x00, 0x00, 0x00, 0x00,
    0x00, 0x00, 0x00, 0x00, 0x00, 0x00, 0x00, 0x00, 0x00, 0x00, 0x00, 0x00, 0x00, 0x00, 0x00, 0x00,
    0x00, 0x00, 0x00, 0x00, 0x00, 0x00, 0x00, 0x00, 0x00, 0x00, 0x00, 0x00, 0x00, 0x00, 0x00, 0x00,
    0x00, 0x00, 0x00, 0x00, 0x00, 0x00, 0x00, 0x00, 0x00, 0x00, 0x00, 0x00, 0x00, 0x00, 0x00, 0x00,
    0x00, 0x00, 0x00, 0x00, 0x00, 0x00, 0x00, 0x00, 0x00, 0x00, 0x00, 0x00, 0x00, 0x00, 0x00, 0x00,
    0x00, 0x00, 0x00, 0x00, 0x00, 0x00, 0x00, 0x00, 0x00, 0x00, 0x00, 0x00, 0x00, 0x20, 0x00, 0x21,
    0x00, 0x41, 0x00, 0x41, 0x00, 0x21, 0x00, 0x20, 0x00, 0x21, 0x00, 0x20, 0x00, 0x20, 0x00, 0x20,
    0x00, 0x20, 0x00, 0x20, 0x00, 0x41, 0x08, 0x41, 0x08, 0x41, 0x08, 0x41, 0x00, 0x41, 0x00, 0x21,
    0x08, 0x41, 0x00, 0x21, 0x00, 0x20, 0x00, 0x20, 0x00, 0x20, 0x00, 0x20, 0x08, 0x41, 0x08, 0x41,
    0x08, 0x41, 0x08, 0x41, 0x08, 0x41, 0x00, 0x41, 0x08, 0x41, 0x00, 0x41, 0x00, 0x20, 0x00, 0x20,
    0x00, 0x20, 0x00, 0x20, 0x08, 0x41, 0x08, 0x41, 0x08, 0x41, 0x08, 0x41, 0x08, 0x41, 0x08, 0x41,
    0x08, 0x41, 0x08, 0x41, 0x00, 0x21, 0x00, 0x20, 0x00, 0x20, 0x00, 0x20, 0x08, 0x41, 0x08, 0x41,
    0x08, 0x41, 0x08, 0x41, 0x08, 0x41, 0x08, 0x41, 0x08, 0x41, 0x08, 0x41, 0x00, 0x21, 0x00, 0x20,
    0x00, 0x20, 0x00, 0x20, 0x08, 0x41, 0x08, 0x41, 0x08, 0x41, 0xA8, 0xE2, 0xA8, 0xE2, 0xA8, 0xE2,
    0xA8, 0xE2, 0xA8, 0xE2, 0xA8, 0xE2, 0x00, 0x20, 0x00, 0x20, 0x00, 0x20, 0x08, 0x41, 0x08, 0x41,
    0x08, 0x41, 0x08, 0x41, 0x08, 0x41, 0x08, 0x41, 0x08, 0x41, 0x08, 0x41, 0x00, 0x21, 0x00, 0x20,
    0x00, 0x20, 0x00, 0x20, 0x08, 0x41, 0x08, 0x41, 0x08, 0x41, 0x08, 0x41, 0x08, 0x41, 0x08, 0x41,
    0x08, 0x41, 0x08, 0x41, 0x00, 0x20, 0x00, 0x20, 0x00, 0x20, 0x00, 0x20, 0x08, 0x41, 0x08, 0x41,
    0x08, 0x41, 0x08, 0x41, 0x08, 0x41, 0x00, 0x41, 0x08, 0x41, 0x00, 0x41, 0x00, 0x20, 0x00, 0x20,
    0x00, 0x20, 0x00, 0x20, 0x08, 0x41, 0x08, 0x41, 0x08, 0x41, 0x08, 0x41, 0x08, 0x41, 0x00, 0x21,
    0x08, 0x41, 0x00, 0x21, 0x00, 0x20, 0x00, 0x20, 0x00, 0x20, 0x00, 0x20, 0x00, 0x41, 0x08, 0x41,
    0x08, 0x41, 0x08, 0x41, 0x00, 0x21, 0x00, 0x20, 0x00, 0x21, 0x00, 0x20, 0x00, 0x20, 0x00, 0x20,
    0x00, 0x20, 0x00, 0x20, 0x00, 0x00, 0x00, 0x00, 0x00, 0x00, 0x00, 0x00, 0x00, 0x00, 0x00, 0x00,
    0x00, 0x00, 0x00, 0x00, 0x00, 0x00, 0x00, 0x00, 0x00, 0x00, 0x00, 0x00, 0x00, 0x00, 0x00, 0x00,
    0x00, 0x00, 0x00, 0x00, 0x00, 0x00, 0x00, 0x00, 0x00, 0x00, 0x00, 0x00, 0x00, 0x00, 0x00, 0x00,
    0x00, 0x00, 0x00, 0x00, 0x00, 0x00, 0x00, 0x00, 0x00, 0x00, 0x00, 0x00, 0x00, 0x00, 0x00, 0x00,
    0x00, 0x00, 0x00, 0x00, 0x00, 0x00, 0x00, 0x00, 0x00, 0x00, 0x00, 0x00, 0x00, 0x00, 0x00, 0x00,
    0x00, 0x00, 0x00, 0x00, 0x00, 0x00, 0x00, 0x00, 0x00, 0x00, 0x00, 0x00, 0x00, 0x00, 0x00, 0x00,
    0x00, 0x00, 0x00, 0x00, 0x00, 0x00, 0x00, 0x00, 0x00, 0x00, 0x00, 0x00, 0x00, 0x00, 0x00, 0x00,
    0x00, 0x00, 0x00, 0x00, 0x00, 0x00, 0x00, 0x00, 0x00, 0x00, 0x00, 0x00, 0x00, 0x00, 0x00, 0x00,
    0x00, 0x00, 0x00, 0x00, 0x00, 0x00, 0x00, 0x00, 0x00, 0x00, 0x00, 0x00, 0x00, 0x00, 0x00, 0x00,
    0x00, 0x00, 0x00, 0x00, 0x00, 0x00, 0x00, 0x00, 0x00, 0x00, 0x00, 0x00, 0x00, 0x00, 0x00, 0x00,
    0x00, 0x00, 0x00, 0x00, 0x00, 0x00, 0x00, 0x00, 0x00, 0x00, 0x00, 0x00, 0x00, 0x00, 0x00, 0x00,
    0x00, 0x00, 0x00, 0x00, 0x00, 0x00, 0x00, 0x00, 0x00, 0x00, 0x00, 0x00, 0x00, 0x00, 0x00, 0x00,
    0x00, 0x00, 0x00, 0x00, 0x00, 0x00, 0x00, 0x00, 0x00, 0x00, 0x00, 0x00, 0x00, 0x00, 0x00, 0x00,
    0x00, 0x00, 0x00, 0x00, 0x00, 0x00, 0x00, 0x00, 0x00, 0x00, 0x00, 0x20, 0x00, 0x21, 0x00, 0x41,
    0x00, 0x41, 0x00, 0x21, 0x00, 0x20, 0x00, 0x20, 0x08, 0x41, 0x00, 0x21, 0x00, 0x20, 0x00, 0x20,
    0x00, 0x20, 0x00, 0x20, 0x08, 0x41, 0x08, 0x41, 0x08, 0x41, 0x08, 0x41, 0x00, 0x21, 0x00, 0x20,
    0x08, 0x41, 0x08, 0x41, 0x00, 0x21, 0x00, 0x20, 0x00, 0x20, 0x00, 0x20, 0x08, 0x41, 0x08, 0x41,
    0x08, 0x41, 0x08, 0x41, 0x00, 0x41, 0x00, 0x20, 0x08, 0x41, 0x08, 0x41, 0x00, 0x41, 0x00, 0x20,
    0x00, 0x20, 0x00, 0x20, 0x08, 0x41, 0x08, 0x41, 0x08, 0x41, 0x08, 0x41, 0x08, 0x41, 0x00, 0x21,
    0x08, 0x41, 0x08, 0x41, 0x08, 0x41, 0x00, 0x21, 0x00, 0x20, 0x00, 0x20, 0x08, 0x41, 0x08, 0x41,
    0x08, 0x41, 0x08, 0x41, 0x08, 0x41, 0x00, 0x21, 0x08, 0x41, 0x08, 0x41, 0x08, 0x41, 0x00, 0x21,
    0x00, 0x20, 0x00, 0x20, 0x08, 0x41, 0x08, 0x61, 0x08, 0x41, 0x90, 0xC2, 0x90, 0xC2, 0x90, 0xC2,
    0x90, 0xC2, 0x90, 0xC2, 0x90, 0xC2, 0x00, 0x21, 0x00, 0x20, 0x00, 0x20, 0x08, 0x41, 0x08, 0x41,
    0x08, 0x41, 0x08, 0x41, 0x08, 0x41, 0x00, 0x21, 0x08, 0x41, 0x08, 0x41, 0x08, 0x41, 0x00, 0x21,
    0x00, 0x20, 0x00, 0x20, 0x08, 0x41, 0x08, 0x41, 0x08, 0x41, 0x08, 0x41, 0x08, 0x41, 0x00, 0x21,
    0x08, 0x41, 0x08, 0x41, 0x08, 0x41, 0x00, 0x21, 0x00, 0x20, 0x00, 0x20, 0x08, 0x41, 0x08, 0x41,
    0x08, 0x41, 0x08, 0x41, 0x00, 0x41, 0x00, 0x20, 0x08, 0x41, 0x08, 0x41, 0x00, 0x41, 0x00, 0x20,
    0x00, 0x20, 0x00, 0x20, 0x08, 0x41, 0x08, 0x41, 0x08, 0x41, 0x08, 0x41, 0x00, 0x21, 0x00, 0x20,
    0x08, 0x41, 0x08, 0x41, 0x00, 0x21, 0x00, 0x20, 0x00, 0x20, 0x00, 0x20, 0x08, 0x41, 0x08, 0x41,
    0x08, 0x41, 0x00, 0x21, 0x00, 0x20, 0x00, 0x20, 0x00, 0x41, 0x00, 0x21, 0x00, 0x20, 0x00, 0x20,
    0x00, 0x20, 0x00, 0x20, 0x00, 0x21, 0x00, 0x00, 0x00, 0x00, 0x00, 0x00, 0x00, 0x00, 0x00, 0x00,
    0x00, 0x00, 0x00, 0x00, 0x00, 0x00, 0x00, 0x00, 0x00, 0x00, 0x00, 0x00, 0x00, 0x00, 0x00, 0x00,
    0x00, 0x00, 0x00, 0x00, 0x00, 0x00, 0x00, 0x00, 0x00, 0x00, 0x00, 0x00, 0x00, 0x00, 0x00, 0x00,
    0x00, 0x00, 0x00, 0x00, 0x00, 0x00, 0x00, 0x00, 0x00, 0x00, 0x00, 0x00, 0x00, 0x00, 0x00, 0x00,
    0x00, 0x00, 0x00, 0x00, 0x00, 0x00, 0x00, 0x00, 0x00, 0x00, 0x00, 0x00, 0x00, 0x00, 0x00, 0x00,
    0x00, 0x00, 0x00, 0x00, 0x00, 0x00, 0x00, 0x00, 0x00, 0x00, 0x00, 0x00, 0x00, 0x00, 0x00, 0x00,
    0x00, 0x00, 0x00, 0x00, 0x00, 0x00, 0x00, 0x00, 0x00, 0x00, 0x00, 0x00, 0x00, 0x00, 0x00, 0x00,
    0x00, 0x00, 0x00, 0x00, 0x00, 0x00, 0x00, 0x00, 0x00, 0x00, 0x00, 0x00, 0x00, 0x00, 0x00, 0x00,
    0x00, 0x00, 0x00, 0x00, 0x00, 0x00, 0x00, 0x00, 0x00, 0x00, 0x00, 0x00, 0x00, 0x00, 0x00, 0x00,
    0x00, 0x00, 0x00, 0x00, 0x00, 0x00, 0x00, 0x00, 0x00, 0x00, 0x00, 0x00, 0x00, 0x00, 0x00, 0x00,
    0x00, 0x00, 0x00, 0x00, 0x00, 0x00, 0x00, 0x00, 0x00, 0x00, 0x00, 0x00, 0x00, 0x00, 0x00, 0x00,
    0x00, 0x00, 0x00, 0x00, 0x00, 0x00, 0x00, 0x00, 0x00, 0x00, 0x00, 0x00, 0x00, 0x00, 0x00, 0x00,
    0x00, 0x00, 0x00, 0x00, 0x00, 0x00, 0x00, 0x00, 0x00, 0x00, 0x00, 0x00, 0x00, 0x00, 0x00, 0x00,
    0x00, 0x00, 0x00, 0x00, 0x00, 0x00, 0x00, 0x20, 0x00, 0x20, 0x00, 0x20, 0x00, 0x41, 0x00, 0x41,
    0x00, 0x21, 0x00, 0x20, 0x00, 0x20, 0x00, 0x20, 0x08, 0x41, 0x08, 0x41, 0x00, 0x41, 0x00, 0x20,
    0x00, 0x20, 0x00, 0x20, 0x08, 0x41, 0x08, 0x41, 0x08, 0x41, 0x00, 0x21, 0x00, 0x20, 0x00, 0x20,
    0x08, 0x41, 0x08, 0x41, 0x08, 0x41, 0x00, 0x21, 0x00, 0x20, 0x00, 0x20, 0x08, 0x41, 0x08, 0x41,
    0x08, 0x41, 0x00, 0x41, 0x00, 0x20, 0x00, 0x20, 0x08, 0x41, 0x08, 0x41, 0x08, 0x41, 0x08, 0x41,
    0x00, 0x21, 0x00, 0x20, 0x08, 0x41, 0x08, 0x41, 0x08, 0x41, 0x08, 0x41, 0x00, 0x21, 0x00, 0x20,
    0x08, 0x41, 0x08, 0x41, 0x08, 0x41, 0x08, 0x41, 0x00, 0x21, 0x00, 0x20, 0x08, 0x41, 0x08, 0x41,
    0x08, 0x41, 0x08, 0x41, 0x00, 0x21, 0x00, 0x20, 0x08, 0x61, 0x08, 0x41, 0x08, 0x41, 0x08, 0x41,
    0x00, 0x21, 0x00, 0x20, 0x08, 0x61, 0x08, 0x41, 0x08, 0x41, 0x68, 0xA1, 0x68, 0xA1, 0x68, 0xA1,
    0x68, 0xA2, 0x68, 0xA2, 0x68, 0xA1, 0x08, 0x41, 0x00, 0x21, 0x00, 0x20, 0x08, 0x61, 0x08, 0x41,
    0x08, 0x41, 0x08, 0x41, 0x00, 0x21, 0x00, 0x20, 0x08, 0x61, 0x08, 0x41, 0x08, 0x41, 0x08, 0x41,
    0x00, 0x21, 0x00, 0x20, 0x08, 0x41, 0x08, 0x41, 0x08, 0x41, 0x08, 0x41, 0x00, 0x21, 0x00, 0x20,
    0x08, 0x41, 0x08, 0x41, 0x08, 0x41, 0x08, 0x41, 0x00, 0x21, 0x00, 0x20, 0x08, 0x41, 0x08, 0x41,
    0x08, 0x41, 0x08, 0x41, 0x00, 0x20, 0x00, 0x20, 0x08, 0x41, 0x08, 0x41, 0x08, 0x41, 0x00, 0x41,
    0x00, 0x20, 0x00, 0x20, 0x08, 0x41, 0x08, 0x41, 0x08, 0x41, 0x00, 0x21, 0x00, 0x20, 0x00, 0x20,
    0x08, 0x41, 0x08, 0x41, 0x08, 0x41, 0x00, 0x21, 0x00, 0x20, 0x00, 0x20, 0x08, 0x41, 0x08, 0x41,
    0x00, 0x41, 0x00, 0x20, 0x00, 0x20, 0x00, 0x20, 0x08, 0x41, 0x08, 0x41, 0x00, 0x21, 0x00, 0x20,
    0x00, 0x20, 0x00, 0x20, 0x00, 0x41, 0x00, 0x21, 0x00, 0x20, 0x00, 0x00, 0x00, 0x00, 0x00, 0x00,
    0x00, 0x00, 0x00, 0x00, 0x00, 0x00, 0x00, 0x00, 0x00, 0x00, 0x00, 0x00, 0x00, 0x00, 0x00, 0x00,
    0x00, 0x00, 0x00, 0x00, 0x00, 0x00, 0x00, 0x00, 0x00, 0x00, 0x00, 0x00, 0x00, 0x00, 0x00, 0x00,
    0x00, 0x00, 0x00, 0x00, 0x00, 0x00, 0x00, 0x00, 0x00, 0x00, 0x00, 0x00, 0x00, 0x00, 0x00, 0x00,
    0x00, 0x00, 0x00, 0x00, 0x00, 0x00, 0x00, 0x00, 0x00, 0x00, 0x00, 0x00, 0x00, 0x00, 0x00, 0x00,
    0x00, 0x00, 0x00, 0x00, 0x00, 0x00, 0x00, 0x00, 0x00, 0x00, 0x00, 0x00, 0x00, 0x00, 0x00, 0x00,
    0x00, 0x00, 0x00, 0x00, 0x00, 0x00, 0x00, 0x00, 0x00, 0x00, 0x00, 0x00, 0x00, 0x00, 0x00, 0x00,
    0x00, 0x00, 0x00, 0x00, 0x00, 0x00, 0x00, 0x00, 0x00, 0x00, 0x00, 0x00, 0x00, 0x00, 0x00, 0x00,
    0x00, 0x00, 0x00, 0x00, 0x00, 0x00, 0x00, 0x00, 0x00, 0x00, 0x00, 0x00, 0x00, 0x00, 0x00, 0x00,
    0x00, 0x00, 0x00, 0x00, 0x00, 0x00, 0x00, 0x00, 0x00, 0x00, 0x00, 0x00, 0x00, 0x00, 0x00, 0x00,
    0x00, 0x00, 0x00, 0x00, 0x00, 0x00, 0x00, 0x00, 0x00, 0x00, 0x00, 0x00, 0x00, 0x00, 0x00, 0x00,
    0x00, 0x00, 0x00, 0x00, 0x00, 0x00, 0x00, 0x00, 0x00, 0x00, 0x00, 0x00, 0x00, 0x00, 0x00, 0x00,
    0x00, 0x00, 0x00, 0x00, 0x00, 0x00, 0x00, 0x00, 0x00, 0x00, 0x00, 0x00, 0x00, 0x00, 0x00, 0x00,
    0x00, 0x00, 0x00, 0x00, 0x00, 0x21, 0x00, 0x20, 0x00, 0x20, 0x00, 0x20, 0x00, 0x41, 0x00, 0x21,
    0x00, 0x20, 0x00, 0x20, 0x00, 0x20, 0x00, 0x20, 0x08, 0x41, 0x08, 0x41, 0x08, 0x41, 0x00, 0x41,
    0x00, 0x21, 0x00, 0x20, 0x08, 0x41, 0x08, 0x41, 0x00, 0x21, 0x00, 0x20, 0x00, 0x20, 0x00, 0x20,
    0x08, 0x41, 0x08, 0x41, 0x08, 0x41, 0x08, 0x41, 0x00, 0x41, 0x00, 0x20, 0x08, 0x41, 0x08, 0x41,
    0x00, 0x41, 0x00, 0x20, 0x00, 0x20, 0x00, 0x20, 0x08, 0x41, 0x08, 0x41, 0x08, 0x41, 0x08, 0x41,
    0x08, 0x41, 0x00, 0x21, 0x08, 0x41, 0x08, 0x41, 0x08, 0x41, 0x00, 0x21, 0x00, 0x20, 0x00, 0x20,
    0x08, 0x41, 0x08, 0x41, 0x08, 0x41, 0x08, 0x41, 0x08, 0x41, 0x00, 0x21, 0x08, 0x41, 0x08, 0x41,
    0x08, 0x41, 0x00, 0x21, 0x00, 0x20, 0x00, 0x20, 0x08, 0x41, 0x08, 0x61, 0x08, 0x41, 0x08, 0x41,
    0x08, 0x41, 0x00, 0x21, 0x08, 0x41, 0x08, 0x41, 0x08, 0x41, 0x40, 0x61, 0x40, 0x61, 0x40, 0x61,
    0x40, 0x81, 0x40, 0x81, 0x40, 0x81, 0x08, 0x41, 0x08, 0x41, 0x00, 0x21, 0x08, 0x41, 0x08, 0x41,
    0x08, 0x41, 0x00, 0x21, 0x00, 0x20, 0x00, 0x20, 0x08, 0x41, 0x08, 0x61, 0x08, 0x41, 0x08, 0x41,
    0x08, 0x41, 0x00, 0x21, 0x08, 0x41, 0x08, 0x41, 0x08, 0x41, 0x00, 0x21, 0x00, 0x20, 0x00, 0x20,
    0x08, 0x41, 0x08, 0x41, 0x08, 0x41, 0x08, 0x41, 0x08, 0x41, 0x00, 0x21, 0x08, 0x41, 0x08, 0x41,
    0x08, 0x41, 0x00, 0x21, 0x00, 0x20, 0x00, 0x20, 0x08, 0x41, 0x08, 0x41, 0x08, 0x41, 0x08, 0x41,
    0x00, 0x41, 0x00, 0x20, 0x08, 0x41, 0x08, 0x41, 0x00, 0x41, 0x00, 0x20, 0x00, 0x20, 0x00, 0x20,
    0x08, 0x41, 0x08, 0x41, 0x08, 0x41, 0x08, 0x41, 0x00, 0x21, 0x00, 0x20, 0x08, 0x41, 0x00, 0x41,
    0x00, 0x20, 0x00, 0x20, 0x00, 0x20, 0x00, 0x20, 0x08, 0x41, 0x08, 0x41, 0x08, 0x41, 0x00, 0x21,
    0x00, 0x20, 0x00, 0x20, 0x00, 0x41, 0x00, 0x21, 0x00, 0x20, 0x00, 0x20, 0x00, 0x00, 0x00, 0x00,
    0x00, 0x00, 0x00, 0x00, 0x00, 0x00, 0x00, 0x00, 0x00, 0x00, 0x00, 0x00, 0x00, 0x00, 0x00, 0x00,
    0x00, 0x00, 0x00, 0x00, 0x00, 0x00, 0x00, 0x00, 0x00, 0x00, 0x00, 0x00, 0x00, 0x00, 0x00, 0x00,
    0x00, 0x00, 0x00, 0x00, 0x00, 0x00, 0x00, 0x00, 0x00, 0x00, 0x00, 0x00, 0x00, 0x00, 0x00, 0x00,
    0x00, 0x00, 0x00, 0x00, 0x00, 0x00, 0x00, 0x00, 0x00, 0x00, 0x00, 0x00, 0x00, 0x00, 0x00, 0x00,
    0x00, 0x00, 0x00, 0x00, 0x00, 0x00, 0x00, 0x00, 0x00, 0x00, 0x00, 0x00, 0x00, 0x00, 0x00, 0x00,
    0x00, 0x00, 0x00, 0x00, 0x00, 0x00, 0x00, 0x00, 0x00, 0x00, 0x00, 0x00, 0x00, 0x00, 0x00, 0x00,
    0x00, 0x00, 0x00, 0x00, 0x00, 0x00, 0x00, 0x00, 0x00, 0x00, 0x00, 0x00, 0x00, 0x00, 0x00, 0x00,
    0x00, 0x00, 0x00, 0x00, 0x00, 0x00, 0x00, 0x00, 0x00, 0x00, 0x00, 0x00, 0x00, 0x00, 0x00, 0x00,
    0x00, 0x00, 0x00, 0x00, 0x00, 0x00, 0x00, 0x00, 0x00, 0x00, 0x00, 0x00, 0x00, 0x00, 0x00, 0x00,
    0x00, 0x00, 0x00, 0x00, 0x00, 0x00, 0x00, 0x00, 0x00, 0x00, 0x00, 0x00, 0x00, 0x00, 0x00, 0x00,
    0x00, 0x00, 0x00, 0x00, 0x00, 0x00, 0x00, 0x00, 0x00, 0x00, 0x00, 0x00, 0x00, 0x00, 0x00, 0x00,
    0x00, 0x00, 0x00, 0x00, 0x00, 0x00, 0x00, 0x00, 0x00, 0x00, 0x00, 0x00, 0x00, 0x00, 0x00, 0x00,
    0x00, 0x00, 0x00, 0x21, 0x00, 0x41, 0x00, 0x41, 0x00, 0x21, 0x00, 0x20, 0x00, 0x21, 0x00, 0x20,
    0x00, 0x20, 0x00, 0x20, 0x00, 0x20, 0x00, 0x20, 0x00, 0x41, 0x08, 0x41, 0x08, 0x41, 0x08, 0x41,
    0x08, 0x41, 0x00, 0x21, 0x08, 0x41, 0x00, 0x21, 0x00, 0x20, 0x00, 0x20, 0x00, 0x20, 0x00, 0x20,
    0x08, 0x41, 0x08, 0x41, 0x08, 0x41, 0x08, 0x41, 0x08, 0x41, 0x00, 0x41, 0x08, 0x41, 0x00, 0x41,
    0x00, 0x20, 0x00, 0x20, 0x00, 0x20, 0x00, 0x20, 0x08, 0x41, 0x08, 0x41, 0x08, 0x41, 0x08, 0x41,
    0x08, 0x41, 0x08, 0x41, 0x08, 0x41, 0x08, 0x41, 0x00, 0x21, 0x00, 0x20, 0x00, 0x20, 0x00, 0x20,
    0x08, 0x41, 0x08, 0x41, 0x08, 0x61, 0x08, 0x41, 0x08, 0x41, 0x08, 0x41, 0x08, 0x41, 0x08, 0x41,
    0x00, 0x21, 0x00, 0x20, 0x00, 0x20, 0x00, 0x20, 0x08, 0x41, 0x08, 0x61, 0x08, 0x61, 0x08, 0x61,
    0x08, 0x41, 0x08, 0x41, 0x08, 0x41, 0x08, 0x41, 0x00, 0x41, 0x18, 0x41, 0x18, 0x41, 0x18, 0x41,
    0x18, 0x61, 0x18, 0x61, 0x20, 0x61, 0x08, 0x61, 0x08, 0x41, 0x08, 0x41, 0x08, 0x41, 0x08, 0x41,
    0x00, 0x41, 0x00, 0x20, 0x00, 0x20, 0x00, 0x20, 0x08, 0x41, 0x08, 0x61, 0x08, 0x61, 0x08, 0x41,
    0x08, 0x41, 0x08, 0x41, 0x08, 0x41, 0x08, 0x41, 0x00, 0x21, 0x00, 0x20, 0x00, 0x20, 0x00, 0x20,
    0x08, 0x41, 0x08, 0x41, 0x08, 0x41, 0x08, 0x41, 0x08, 0x41, 0x08, 0x41, 0x08, 0x41, 0x08, 0x41,
    0x00, 0x21, 0x00, 0x20, 0x00, 0x20, 0x00, 0x20, 0x08, 0x41, 0x08, 0x41, 0x08, 0x41, 0x08, 0x41,
    0x08, 0x41, 0x00, 0x41, 0x08, 0x41, 0x00, 0x41, 0x00, 0x20, 0x00, 0x20, 0x00, 0x20, 0x00, 0x20,
    0x08, 0x41, 0x08, 0x41, 0x08, 0x41, 0x08, 0x41, 0x08, 0x41, 0x00, 0x21, 0x08, 0x41, 0x00, 0x21,
    0x00, 0x20, 0x00, 0x20, 0x00, 0x20, 0x00, 0x20, 0x00, 0x41, 0x08, 0x41, 0x08, 0x41, 0x08, 0x41,
    0x00, 0x21, 0x00, 0x20, 0x00, 0x21, 0x00, 0x20, 0x00, 0x20, 0x00, 0x20, 0x00, 0x20, 0x00, 0x00,
    0x00, 0x00, 0x00, 0x00, 0x00, 0x00, 0x00, 0x00, 0x00, 0x00, 0x00, 0x00, 0x00, 0x00, 0x00, 0x00,
    0x00, 0x00, 0x00, 0x00, 0x00, 0x00, 0x00, 0x00, 0x00, 0x00, 0x00, 0x00, 0x00, 0x00, 0x00, 0x00,
    0x00, 0x00, 0x00, 0x00, 0x00, 0x00, 0x00, 0x00, 0x00, 0x00, 0x00, 0x00, 0x00, 0x00, 0x00, 0x00,
    0x00, 0x00, 0x00, 0x00, 0x00, 0x00, 0x00, 0x00, 0x00, 0x00, 0x00, 0x00, 0x00, 0x00, 0x00, 0x00,
    0x00, 0x00, 0x00, 0x00, 0x00, 0x00, 0x00, 0x00, 0x00, 0x00, 0x00, 0x00, 0x00, 0x00, 0x00, 0x00,
    0x00, 0x00, 0x00, 0x00, 0x00, 0x00, 0x00, 0x00, 0x00, 0x00, 0x00, 0x00, 0x00, 0x00, 0x00, 0x00,
    0x00, 0x00, 0x00, 0x00, 0x00, 0x00, 0x00, 0x00, 0x00, 0x00, 0x00, 0x00, 0x00, 0x00, 0x00, 0x00,
    0x00, 0x00, 0x00, 0x00, 0x00, 0x00, 0x00, 0x00, 0x00, 0x00, 0x00, 0x00, 0x00, 0x00, 0x00, 0x00,
    0x00, 0x00, 0x00, 0x00, 0x00, 0x00, 0x00, 0x00, 0x00, 0x00, 0x00, 0x00, 0x00, 0x00, 0x00, 0x00,
    0x00, 0x00, 0x00, 0x00, 0x00, 0x00, 0x00, 0x00, 0x00, 0x00, 0x00, 0x00, 0x00, 0x00, 0x00, 0x00,
    0x00, 0x00, 0x00, 0x00, 0x00, 0x00, 0x00, 0x00, 0x00, 0x00, 0x00, 0x00, 0x00, 0x00, 0x00, 0x00,
    0x00, 0x00, 0x00, 0x00, 0x00, 0x00, 0x00, 0x00, 0x00, 0x00, 0x00, 0x00, 0x00, 0x00, 0x00, 0x20,
    0x00, 0x20, 0x00, 0x21, 0x00, 0x41, 0x08, 0x41, 0x00, 0x41, 0x00, 0x21, 0x00, 0x20, 0x00, 0x20,
    0x00, 0x20, 0x00, 0x20, 0x00, 0x20, 0x00, 0x20, 0x00, 0x21, 0x00, 0x41, 0x08, 0x41, 0x08, 0x41,
    0x08, 0x41, 0x08, 0x41, 0x00, 0x21, 0x00, 0x20, 0x00, 0x20, 0x00, 0x20, 0x00, 0x20, 0x00, 0x20,
    0x00, 0x41, 0x08, 0x41, 0x08, 0x41, 0x08, 0x41, 0x08, 0x41, 0x08, 0x41, 0x08, 0x41, 0x00, 0x20,
    0x00, 0x20, 0x00, 0x20, 0x00, 0x20, 0x00, 0x21, 0x08, 0x41, 0x08, 0x41, 0x08, 0x41, 0x08, 0x41,
    0x08, 0x41, 0x08, 0x41, 0x08, 0x41, 0x00, 0x21, 0x00, 0x20, 0x00, 0x20, 0x00, 0x20, 0x00, 0x21,
    0x08, 0x41, 0x08, 0x41, 0x08, 0x41, 0x08, 0x61, 0x08, 0x61, 0x08, 0x41, 0x08, 0x41, 0x00, 0x41,
    0x00, 0x20, 0x00, 0x20, 0x00, 0x20, 0x00, 0x41, 0x08, 0x41, 0x08, 0x41, 0x08, 0x61, 0x08, 0x61,
    0x08, 0x61, 0x08, 0x41, 0x08, 0x41, 0x00, 0x41, 0x00, 0x20, 0x00, 0x20, 0x00, 0x20, 0x00, 0x41,
    0x08, 0x41, 0x08, 0x41, 0x08, 0x61, 0x08, 0x61, 0x08, 0x61, 0x08, 0x41, 0x08, 0x41, 0x00, 0x41,
    0x00, 0x20, 0x00, 0x20, 0x00, 0x20, 0x00, 0x41, 0x08, 0x41, 0x08, 0x41, 0x08, 0x61, 0x08, 0x61,
    0x08, 0x61, 0x08, 0x41, 0x08, 0x41, 0x00, 0x21, 0x00, 0x20, 0x00, 0x20, 0x00, 0x20, 0x00, 0x21,
    0x08, 0x41, 0x08, 0x41, 0x08, 0x41, 0x08, 0x61, 0x08, 0x41, 0x08, 0x41, 0x08, 0x41, 0x00, 0x21,
    0x00, 0x20, 0x00, 0x20, 0x00, 0x20, 0x00, 0x21, 0x08, 0x41, 0x08, 0x41, 0x08, 0x41, 0x08, 0x41,
    0x08, 0x41, 0x08, 0x41, 0x00, 0x41, 0x00, 0x20, 0x00, 0x20, 0x00, 0x20, 0x00, 0x20, 0x00, 0x20,
    0x00, 0x41, 0x08, 0x41, 0x08, 0x41, 0x08, 0x41, 0x08, 0x41, 0x08, 0x41, 0x00, 0x21, 0x00, 0x20,
    0x00, 0x20, 0x00, 0x20, 0x00, 0x20, 0x00, 0x20, 0x00, 0x20, 0x00, 0x41, 0x08, 0x41, 0x08, 0x41,
    0x08, 0x41, 0x00, 0x21, 0x00, 0x20, 0x00, 0x20, 0x00, 0x20, 0x00, 0x20, 0x00, 0x20, 0x00, 0x20,
    0x00, 0x20, 0x00, 0x00, 0x00, 0x00, 0x00, 0x00, 0x00, 0x00, 0x00, 0x00, 0x00, 0x00, 0x00, 0x00,
    0x00, 0x00, 0x00, 0x00, 0x00, 0x00, 0x00, 0x00, 0x00, 0x00, 0x00, 0x00, 0x00, 0x00, 0x00, 0x00,
    0x00, 0x00, 0x00, 0x00, 0x00, 0x00, 0x00, 0x00, 0x00, 0x00, 0x00, 0x00, 0x00, 0x00, 0x00, 0x00,
    0x00, 0x00, 0x00, 0x00, 0x00, 0x00, 0x00, 0x00, 0x00, 0x00, 0x00, 0x00, 0x00, 0x00, 0x00, 0x00,
    0x00, 0x00, 0x00, 0x00, 0x00, 0x00, 0x00, 0x00, 0x00, 0x00, 0x00, 0x00, 0x00, 0x00, 0x00, 0x00,
    0x00, 0x00, 0x00, 0x00, 0x00, 0x00, 0x00, 0x00, 0x00, 0x00, 0x00, 0x00, 0x00, 0x00, 0x00, 0x00,
    0x00, 0x00, 0x00, 0x00, 0x00, 0x00, 0x00, 0x00, 0x00, 0x00, 0x00, 0x00, 0x00, 0x00, 0x00, 0x00,
    0x00, 0x00, 0x00, 0x00, 0x00, 0x00, 0x00, 0x00, 0x00, 0x00, 0x00, 0x00, 0x00, 0x00, 0x00, 0x00,
    0x00, 0x00, 0x00, 0x00, 0x00, 0x00, 0x00, 0x00, 0x00, 0x00, 0x00, 0x00, 0x00, 0x00, 0x00, 0x00,
    0x00, 0x00, 0x00, 0x00, 0x00, 0x00, 0x00, 0x00, 0x00, 0x00, 0x00, 0x00, 0x00, 0x00, 0x00, 0x00,
    0x00, 0x00, 0x00, 0x00, 0x00, 0x00, 0x00, 0x00, 0x00, 0x00, 0x00, 0x00, 0x00, 0x00, 0x00, 0x00,
    0x00, 0x00, 0x00, 0x00, 0x00, 0x00, 0x00, 0x00, 0x00, 0x00, 0x00, 0x00, 0x00, 0x20, 0x00, 0x20,
    0x00, 0x21, 0x00, 0x41, 0x08, 0x41, 0x00, 0x41, 0x00, 0x21, 0x00, 0x20, 0x00, 0x21, 0x00, 0x20,
    0x00, 0x20, 0x00, 0x20, 0x00, 0x20, 0x00, 0x20, 0x08, 0x41, 0x08, 0x41, 0x08, 0x41, 0x08, 0x41,
    0x08, 0x41, 0x00, 0x21, 0x08, 0x41, 0x00, 0x21, 0x00, 0x20, 0x00, 0x20, 0x00, 0x20, 0x00, 0x20,
    0x08, 0x41, 0x08, 0x41, 0x08, 0x41, 0x08, 0x41, 0x08, 0x41, 0x08, 0x41, 0x08, 0x41, 0x08, 0x41,
    0x00, 0x21, 0x00, 0x20, 0x00, 0x20, 0x00, 0x20, 0x08, 0x41, 0x08, 0x41, 0x08, 0x41, 0x08, 0x41,
    0x08, 0x41, 0x08, 0x41, 0x08, 0x41, 0x08, 0x41, 0x00, 0x21, 0x00, 0x20, 0x00, 0x20, 0x00, 0x20,
    0x08, 0x41, 0x08, 0x61, 0x08, 0x61, 0x08, 0x61, 0x08, 0x41, 0x08, 0x41, 0x08, 0x41, 0x08, 0x41,
    0x00, 0x41, 0x00, 0x20, 0x00, 0x20, 0x00, 0x20, 0x08, 0x41, 0x08, 0x61, 0x08, 0x61, 0x08, 0x61,
    0x08, 0x41, 0x08, 0x41, 0x08, 0x41, 0x08, 0x41, 0x00, 0x41, 0x00, 0x20, 0x00, 0x20, 0x00, 0x20,
    0x08, 0x41, 0x08, 0x61, 0x08, 0x61, 0x08, 0x61, 0x08, 0x41, 0x08, 0x41, 0x08, 0x41, 0x08, 0x41,
    0x00, 0x41, 0x00, 0x20, 0x00, 0x20, 0x00, 0x20, 0x08, 0x41, 0x08, 0x61, 0x08, 0x61, 0x08, 0x61,
    0x08, 0x41, 0x08, 0x41, 0x08, 0x41, 0x08, 0x41, 0x00, 0x41, 0x00, 0x20, 0x00, 0x20, 0x00, 0x20,
    0x08, 0x41, 0x08, 0x41, 0x08, 0x61, 0x08, 0x41, 0x08, 0x41, 0x08, 0x41, 0x08, 0x41, 0x08, 0x41,
    0x00, 0x21, 0x00, 0x20, 0x00, 0x20, 0x00, 0x20, 0x08, 0x41, 0x08, 0x41, 0x08, 0x41, 0x08, 0x41,
    0x08, 0x41, 0x08, 0x41, 0x08, 0x41, 0x08, 0x41, 0x00, 0x20, 0x00, 0x20, 0x00, 0x20, 0x00, 0x20,
    0x08, 0x41, 0x08, 0x41, 0x08, 0x41, 0x08, 0x41, 0x08, 0x41, 0x00, 0x21, 0x08, 0x41, 0x00, 0x21,
    0x00, 0x20, 0x00, 0x20, 0x00, 0x20, 0x00, 0x20, 0x00, 0x41, 0x08, 0x41, 0x08, 0x41, 0x08, 0x41,
    0x00, 0x41, 0x00, 0x20, 0x00, 0x21, 0x00, 0x20, 0x00, 0x20, 0x00, 0x20, 0x00, 0x20, 0x00, 0x20,
    0x00, 0x20, 0x00, 0x21, 0x00, 0x00, 0x00, 0x00, 0x00, 0x00, 0x00, 0x00, 0x00, 0x00, 0x00, 0x00,
    0x00, 0x00, 0x00, 0x00, 0x00, 0x00, 0x00, 0x00, 0x00, 0x00, 0x00, 0x00, 0x00, 0x00, 0x00, 0x00,
    0x00, 0x00, 0x00, 0x00, 0x00, 0x00, 0x00, 0x00, 0x00, 0x00, 0x00, 0x00, 0x00, 0x00, 0x00, 0x00,
    0x00, 0x00, 0x00, 0x00, 0x00, 0x00, 0x00, 0x00, 0x00, 0x00, 0x00, 0x00, 0x00, 0x00, 0x00, 0x00,
    0x00, 0x00, 0x00, 0x00, 0x00, 0x00, 0x00, 0x00, 0x00, 0x00, 0x00, 0x00, 0x00, 0x00, 0x00, 0x00,
    0x00, 0x00, 0x00, 0x00, 0x00, 0x00, 0x00, 0x00, 0x00, 0x00, 0x00, 0x00, 0x00, 0x00, 0x00, 0x00,
    0x00, 0x00, 0x00, 0x00, 0x00, 0x00, 0x00, 0x00, 0x00, 0x00, 0x00, 0x00, 0x00, 0x00, 0x00, 0x00,
    0x00, 0x00, 0x00, 0x00, 0x00, 0x00, 0x00, 0x00, 0x00, 0x00, 0x00, 0x00, 0x00, 0x00, 0x00, 0x00,
    0x00, 0x00, 0x00, 0x00, 0x00, 0x00, 0x00, 0x00, 0x00, 0x00, 0x00, 0x00, 0x00, 0x00, 0x00, 0x00,
    0x00, 0x00, 0x00, 0x00, 0x00, 0x00, 0x00, 0x00, 0x00, 0x00, 0x00, 0x00, 0x00, 0x00, 0x00, 0x00,
    0x00, 0x00, 0x00, 0x00, 0x00, 0x00, 0x00, 0x00, 0x00, 0x00, 0x00, 0x00, 0x00, 0x00, 0x00, 0x00,
    0x00, 0x00, 0x00, 0x00, 0x00, 0x00, 0x00, 0x00, 0x00, 0x00, 0x00, 0x20, 0x00, 0x20, 0x00, 0x20,
    0x00, 0x41, 0x08, 0x41, 0x00, 0x41, 0x00, 0x21, 0x00, 0x20, 0x00, 0x20, 0x08, 0x41, 0x00, 0x41,
    0x00, 0x20, 0x00, 0x20, 0x00, 0x20, 0x00, 0x20, 0x08, 0x41, 0x08, 0x41, 0x08, 0x41, 0x08, 0x41,
    0x00, 0x21, 0x00, 0x20, 0x08, 0x41, 0x08, 0x41, 0x00, 0x41, 0x00, 0x20, 0x00, 0x20, 0x00, 0x20,
    0x08, 0x41, 0x08, 0x41, 0x08, 0x41, 0x08, 0x41, 0x08, 0x41, 0x00, 0x21, 0x08, 0x41, 0x08, 0x41,
    0x08, 0x41, 0x00, 0x21, 0x00, 0x20, 0x00, 0x20, 0x08, 0x41, 0x08, 0x61, 0x08, 0x41, 0x08, 0x41,
    0x08, 0x41, 0x00, 0x21, 0x08, 0x41, 0x08, 0x41, 0x08, 0x41, 0x00, 0x41, 0x00, 0x20, 0x00, 0x20,
    0x08, 0x61, 0x08, 0x61, 0x08, 0x61, 0x08, 0x41, 0x08, 0x41, 0x00, 0x41, 0x08, 0x61, 0x08, 0x41,
    0x08, 0x41, 0x00, 0x41, 0x00, 0x20, 0x00, 0x20, 0x08, 0x61, 0x08, 0x61, 0x08, 0x61, 0x08, 0x41,
    0x08, 0x41, 0x00, 0x41, 0x08, 0x61, 0x08, 0x41, 0x08, 0x41, 0x00, 0x41, 0x00, 0x21, 0x00, 0x20,
    0x08, 0x61, 0x08, 0x61, 0x08, 0x61, 0x08, 0x41, 0x08, 0x41, 0x00, 0x41, 0x08, 0x61, 0x08, 0x41,
    0x08, 0x41, 0x00, 0x41, 0x00, 0x20, 0x00, 0x20, 0x08, 0x61, 0x08, 0x61, 0x08, 0x61, 0x08, 0x41,
    0x08, 0x41, 0x00, 0x41, 0x08, 0x61, 0x08, 0x41, 0x08, 0x41, 0x00, 0x41, 0x00, 0x20, 0x00, 0x20,
    0x08, 0x61, 0x08, 0x61, 0x08, 0x61, 0x08, 0x41, 0x08, 0x41, 0x00, 0x21, 0x08, 0x41, 0x08, 0x41,
    0x08, 0x41, 0x00, 0x21, 0x00, 0x20, 0x00, 0x20, 0x08, 0x41, 0x08, 0x41, 0x08, 0x41, 0x08, 0x41,
    0x08, 0x41, 0x00, 0x21, 0x08, 0x41, 0x08, 0x41, 0x08, 0x41, 0x00, 0x20, 0x00, 0x20, 0x00, 0x20,
    0x08, 0x41, 0x08, 0x41, 0x08, 0x41, 0x08, 0x41, 0x00, 0x41, 0x00, 0x20, 0x08, 0x41, 0x08, 0x41,
    0x00, 0x21, 0x00, 0x20, 0x00, 0x20, 0x00, 0x20, 0x08, 0x41, 0x08, 0x41, 0x08, 0x41, 0x00, 0x41,
    0x00, 0x20, 0x00, 0x20, 0x08, 0x41, 0x00, 0x21, 0x00, 0x20, 0x00, 0x20, 0x00, 0x20, 0x00, 0x20,
    0x00, 0x41, 0x00, 0x41, 0x00, 0x21, 0x00, 0x00, 0x00, 0x00, 0x00, 0x00, 0x00, 0x00, 0x00, 0x00,
    0x00, 0x00, 0x00, 0x00, 0x00, 0x00, 0x00, 0x00, 0x00, 0x00, 0x00, 0x00, 0x00, 0x00, 0x00, 0x00,
    0x00, 0x00, 0x00, 0x00, 0x00, 0x00, 0x00, 0x00, 0x00, 0x00, 0x00, 0x00, 0x00, 0x00, 0x00, 0x00,
    0x00, 0x00, 0x00, 0x00, 0x00, 0x00, 0x00, 0x00, 0x00, 0x00, 0x00, 0x00, 0x00, 0x00, 0x00, 0x00,
    0x00, 0x00, 0x00, 0x00, 0x00, 0x00, 0x00, 0x00, 0x00, 0x00, 0x00, 0x00, 0x00, 0x00, 0x00, 0x00,
    0x00, 0x00, 0x00, 0x00, 0x00, 0x00, 0x00, 0x00, 0x00, 0x00, 0x00, 0x00, 0x00, 0x00, 0x00, 0x00,
    0x00, 0x00, 0x00, 0x00, 0x00, 0x00, 0x00, 0x00, 0x00, 0x00, 0x00, 0x00, 0x00, 0x00, 0x00, 0x00,
    0x00, 0x00, 0x00, 0x00, 0x00, 0x00, 0x00, 0x00, 0x00, 0x00, 0x00, 0x00, 0x00, 0x00, 0x00, 0x00,
    0x00, 0x00, 0x00, 0x00, 0x00, 0x00, 0x00, 0x00, 0x00, 0x00, 0x00, 0x00, 0x00, 0x00, 0x00, 0x00,
    0x00, 0x00, 0x00, 0x00, 0x00, 0x00, 0x00, 0x00, 0x00, 0x00, 0x00, 0x00, 0x00, 0x00, 0x00, 0x00,
    0x00, 0x00, 0x00, 0x00, 0x00, 0x00, 0x00, 0x00, 0x00, 0x00, 0x00, 0x00, 0x00, 0x00, 0x00, 0x00,
    0x00, 0x00, 0x00, 0x00, 0x00, 0x00, 0x00, 0x00, 0x00, 0x20, 0x00, 0x20, 0x00, 0x20, 0x00, 0x20,
    0x08, 0x41, 0x00, 0x41, 0x00, 0x21, 0x00, 0x20, 0x00, 0x20, 0x00, 0x20, 0x08, 0x41, 0x08, 0x41,
    0x00, 0x41, 0x00, 0x21, 0x00, 0x20, 0x00, 0x20, 0x08, 0x41, 0x08, 0x41, 0x08, 0x41, 0x00, 0x21,
    0x00, 0x20, 0x00, 0x20, 0x08, 0x41, 0x08, 0x41, 0x08, 0x41, 0x00, 0x41, 0x00, 0x20, 0x00, 0x20,
    0x08, 0x41, 0x08, 0x41, 0x08, 0x41, 0x08, 0x41, 0x00, 0x21, 0x00, 0x20, 0x08, 0x41, 0x08, 0x41,
    0x08, 0x41, 0x08, 0x41, 0x00, 0x21, 0x00, 0x20, 0x08, 0x61, 0x08, 0x41, 0x08, 0x41, 0x08, 0x41,
    0x00, 0x21, 0x00, 0x20, 0x08, 0x61, 0x08, 0x61, 0x08, 0x41, 0x08, 0x41, 0x00, 0x41, 0x00, 0x20,
    0x08, 0x61, 0x08, 0x61, 0x08, 0x41, 0x08, 0x41, 0x00, 0x41, 0x00, 0x20, 0x08, 0x61, 0x08, 0x61,
    0x08, 0x41, 0x08, 0x41, 0x00, 0x41, 0x00, 0x21, 0x08, 0x61, 0x08, 0x61, 0x08, 0x41, 0x08, 0x41,
    0x00, 0x41, 0x00, 0x21, 0x08, 0x61, 0x08, 0x61, 0x08, 0x41, 0x08, 0x41, 0x08, 0x41, 0x00, 0x21,
    0x08, 0x61, 0x08, 0x61, 0x08, 0x41, 0x08, 0x41, 0x08, 0x41, 0x00, 0x21, 0x08, 0x61, 0x08, 0x61,
    0x08, 0x41, 0x08, 0x41, 0x00, 0x41, 0x00, 0x21, 0x08, 0x61, 0x08, 0x61, 0x08, 0x41, 0x08, 0x41,
    0x00, 0x41, 0x00, 0x20, 0x08, 0x61, 0x08, 0x61, 0x08, 0x41, 0x08, 0x41, 0x00, 0x41, 0x00, 0x20,
    0x08, 0x61, 0x08, 0x61, 0x08, 0x41, 0x08, 0x41, 0x00, 0x41, 0x00, 0x20, 0x08, 0x61, 0x08, 0x41,
    0x08, 0x41, 0x08, 0x41, 0x00, 0x21, 0x00, 0x20, 0x08, 0x61, 0x08, 0x41, 0x08, 0x41, 0x08, 0x41,
    0x00, 0x21, 0x00, 0x20, 0x08, 0x41, 0x08, 0x41, 0x08, 0x41, 0x08, 0x41, 0x00, 0x20, 0x00, 0x20,
    0x08, 0x41, 0x08, 0x41, 0x08, 0x41, 0x00, 0x41, 0x00, 0x20, 0x00, 0x20, 0x08, 0x41, 0x08, 0x41,
    0x08, 0x41, 0x00, 0x21, 0x00, 0x20, 0x00, 0x20, 0x08, 0x41, 0x08, 0x41, 0x08, 0x41, 0x00, 0x21,
    0x00, 0x20, 0x00, 0x20, 0x08, 0x41, 0x08, 0x41, 0x00, 0x21, 0x00, 0x20, 0x00, 0x20, 0x00, 0x20,
    0x08, 0x41, 0x00, 0x41, 0x00, 0x20, 0x00, 0x20, 0x00, 0x00, 0x00, 0x00, 0x00, 0x00, 0x00, 0x00,
    0x00, 0x00, 0x00, 0x00, 0x00, 0x00, 0x00, 0x00, 0x00, 0x00, 0x00, 0x00, 0x00, 0x00, 0x00, 0x00,
    0x00, 0x00, 0x00, 0x00, 0x00, 0x00, 0x00, 0x00, 0x00, 0x00, 0x00, 0x00, 0x00, 0x00, 0x00, 0x00,
    0x00, 0x00, 0x00, 0x00, 0x00, 0x00, 0x00, 0x00, 0x00, 0x00, 0x00, 0x00, 0x00, 0x00, 0x00, 0x00,
    0x00, 0x00, 0x00, 0x00, 0x00, 0x00, 0x00, 0x00, 0x00, 0x00, 0x00, 0x00, 0x00, 0x00, 0x00, 0x00,
    0x00, 0x00, 0x00, 0x00, 0x00, 0x00, 0x00, 0x00, 0x00, 0x00, 0x00, 0x00, 0x00, 0x00, 0x00, 0x00,
    0x00, 0x00, 0x00, 0x00, 0x00, 0x00, 0x00, 0x00, 0x00, 0x00, 0x00, 0x00, 0x00, 0x00, 0x00, 0x00,
    0x00, 0x00, 0x00, 0x00, 0x00, 0x00, 0x00, 0x00, 0x00, 0x00, 0x00, 0x00, 0x00, 0x00, 0x00, 0x00,
    0x00, 0x00, 0x00, 0x00, 0x00, 0x00, 0x00, 0x00, 0x00, 0x00, 0x00, 0x00, 0x00, 0x00, 0x00, 0x00,
    0x00, 0x00, 0x00, 0x00, 0x00, 0x00, 0x00, 0x00, 0x00, 0x00, 0x00, 0x00, 0x00, 0x00, 0x00, 0x00,
    0x00, 0x00, 0x00, 0x00, 0x00, 0x00, 0x00, 0x00, 0x00, 0x00, 0x00, 0x00, 0x00, 0x00, 0x00, 0x00,
    0x00, 0x00, 0x00, 0x00, 0x00, 0x21, 0x00, 0x41, 0x00, 0x41, 0x00, 0x21, 0x00, 0x20, 0x00, 0x20,
    0x08, 0x41, 0x00, 0x21, 0x00, 0x20, 0x00, 0x20, 0x00, 0x20, 0x00, 0x20, 0x08, 0x41, 0x08, 0x41,
    0x08, 0x41, 0x08, 0x41, 0x00, 0x21, 0x00, 0x20, 0x08, 0x41, 0x08, 0x41, 0x00, 0x21, 0x00, 0x20,
    0x00, 0x20, 0x00, 0x20, 0x08, 0x41, 0x08, 0x41, 0x08, 0x41, 0x08, 0x41, 0x08, 0x41, 0x00, 0x20,
    0x08, 0x41, 0x08, 0x41, 0x08, 0x41, 0x00, 0x21, 0x00, 0x20, 0x00, 0x20, 0x08, 0x41, 0x08, 0x41,
    0x08, 0x41, 0x08, 0x41, 0x08, 0x41, 0x00, 0x21, 0x08, 0x41, 0x08, 0x41, 0x08, 0x41, 0x00, 0x41,
    0x00, 0x20, 0x00, 0x20, 0x08, 0x61, 0x08, 0x61, 0x08, 0x61, 0x08, 0x41, 0x08, 0x41, 0x00, 0x41,
    0x08, 0x61, 0x08, 0x41, 0x08, 0x41, 0x00, 0x41, 0x00, 0x20, 0x00, 0x20, 0x08, 0x61, 0x08, 0x61,
    0x08, 0x61, 0x08, 0x41, 0x08, 0x41, 0x08, 0x41, 0x08, 0x61, 0x08, 0x41, 0x08, 0x41, 0x08, 0x41,
    0x00, 0x21, 0x00, 0x20, 0x08, 0x61, 0x08, 0x61, 0x08, 0x61, 0x08, 0x41, 0x08, 0x41, 0x08, 0x41,
    0x08, 0x61, 0x08, 0x41, 0x08, 0x41, 0x08, 0x41, 0x00, 0x21, 0x00, 0x20, 0x08, 0x61, 0x08, 0x61,
    0x08, 0x61, 0x08, 0x41, 0x08, 0x41, 0x08, 0x41, 0x08, 0x61, 0x08, 0x41, 0x08, 0x41, 0x00, 0x41,
    0x00, 0x21, 0x00, 0x20, 0x08, 0x61, 0x08, 0x61, 0x08, 0x61, 0x08, 0x41, 0x08, 0x41, 0x00, 0x41,
    0x08, 0x61, 0x08, 0x41, 0x08, 0x41, 0x00, 0x41, 0x00, 0x20, 0x00, 0x20, 0x08, 0x61, 0x08, 0x61,
    0x08, 0x61, 0x08, 0x41, 0x08, 0x41, 0x00, 0x21, 0x08, 0x41, 0x08, 0x41, 0x08, 0x41, 0x00, 0x21,
    0x00, 0x20, 0x00, 0x20, 0x08, 0x41, 0x08, 0x41, 0x08, 0x41, 0x08, 0x41, 0x08, 0x41, 0x00, 0x21,
    0x08, 0x41, 0x08, 0x41, 0x00, 0x41, 0x00, 0x20, 0x00, 0x20, 0x00, 0x20, 0x08, 0x41, 0x08, 0x41,
    0x08, 0x41, 0x08, 0x41, 0x00, 0x21, 0x00, 0x20, 0x08, 0x41, 0x08, 0x41, 0x00, 0x21, 0x00, 0x20,
    0x00, 0x20, 0x00, 0x20, 0x08, 0x41, 0x08, 0x41, 0x08, 0x41, 0x00, 0x21, 0x00, 0x20, 0x00, 0x20,
    0x00, 0x41, 0x00, 0x21, 0x00, 0x20, 0x00, 0x20, 0x00, 0x20, 0x00, 0x20, 0x00, 0x00, 0x00, 0x00,
    0x00, 0x00, 0x00, 0x00, 0x00, 0x00, 0x00, 0x00, 0x00, 0x00, 0x00, 0x00, 0x00, 0x00, 0x00, 0x00,
    0x00, 0x00, 0x00, 0x00, 0x00, 0x00, 0x00, 0x00, 0x00, 0x00, 0x00, 0x00, 0x00, 0x00, 0x00, 0x00,
    0x00, 0x00, 0x00, 0x00, 0x00, 0x00, 0x00, 0x00, 0x00, 0x00, 0x00, 0x00, 0x00, 0x00, 0x00, 0x00,
    0x00, 0x00, 0x00, 0x00, 0x00, 0x00, 0x00, 0x00, 0x00, 0x00, 0x00, 0x00, 0x00, 0x00, 0x00, 0x00,
    0x00, 0x00, 0x00, 0x00, 0x00, 0x00, 0x00, 0x00, 0x00, 0x00, 0x00, 0x00, 0x00, 0x00, 0x00, 0x00,
    0x00, 0x00, 0x00, 0x00, 0x00, 0x00, 0x00, 0x00, 0x00, 0x00, 0x00, 0x00, 0x00, 0x00, 0x00, 0x00,
    0x00, 0x00, 0x00, 0x00, 0x00, 0x00, 0x00, 0x00, 0x00, 0x00, 0x00, 0x00, 0x00, 0x00, 0x00, 0x00,
    0x00, 0x00, 0x00, 0x00, 0x00, 0x00, 0x00, 0x00, 0x00, 0x00, 0x00, 0x00, 0x00, 0x00, 0x00, 0x00,
    0x00, 0x00, 0x00, 0x00, 0x00, 0x00, 0x00, 0x00, 0x00, 0x00, 0x00, 0x00, 0x00, 0x00, 0x00, 0x00,
    0x00, 0x00, 0x00, 0x00, 0x00, 0x00, 0x00, 0x00, 0x00, 0x00, 0x00, 0x00, 0x00, 0x00, 0x00, 0x00,
    0x00, 0x00, 0x00, 0x20, 0x00, 0x20, 0x00, 0x41, 0x00, 0x41, 0x00, 0x41, 0x00, 0x21, 0x00, 0x20,
    0x00, 0x21, 0x00, 0x20, 0x00, 0x20, 0x00, 0x20, 0x00, 0x20, 0x00, 0x20, 0x08, 0x41, 0x08, 0x41,
    0x08, 0x41, 0x08, 0x41, 0x08, 0x41, 0x00, 0x21, 0x08, 0x41, 0x00, 0x41, 0x00, 0x20, 0x00, 0x20,
    0x00, 0x20, 0x00, 0x20, 0x08, 0x41, 0x08, 0x41, 0x08, 0x41, 0x08, 0x41, 0x08, 0x41, 0x08, 0x41,
    0x08, 0x41, 0x08, 0x41, 0x00, 0x21, 0x00, 0x20, 0x00, 0x20, 0x00, 0x20, 0x08, 0x41, 0x08, 0x41,
    0x08, 0x61, 0x08, 0x41, 0x08, 0x41, 0x08, 0x41, 0x08, 0x41, 0x08, 0x41, 0x00, 0x41, 0x00, 0x20,
    0x00, 0x20, 0x00, 0x20, 0x08, 0x41, 0x08, 0x61, 0x08, 0x61, 0x08, 0x61, 0x08, 0x41, 0x08, 0x41,
    0x08, 0x41, 0x08, 0x41, 0x00, 0x41, 0x00, 0x21, 0x00, 0x20, 0x00, 0x21, 0x08, 0x41, 0x08, 0x61,
    0x08, 0x61, 0x08, 0x61, 0x08, 0x41, 0x08, 0x41, 0x08, 0x41, 0x08, 0x41, 0x08, 0x41, 0x00, 0x21,
    0x00, 0x20, 0x00, 0x21, 0x08, 0x41, 0x08, 0x61, 0x08, 0x61, 0x08, 0x61, 0x08, 0x41, 0x08, 0x41,
    0x08, 0x41, 0x08, 0x41, 0x08, 0x41, 0x00, 0x21, 0x00, 0x20, 0x00, 0x21, 0x08, 0x41, 0x08, 0x61,
    0x08, 0x61, 0x08, 0x61, 0x08, 0x41, 0x08, 0x41, 0x08, 0x41, 0x08, 0x41, 0x08, 0x41, 0x00, 0x21,
    0x00, 0x20, 0x00, 0x21, 0x08, 0x41, 0x08, 0x61, 0x08, 0x61, 0x08, 0x61, 0x08, 0x41, 0x08, 0x41,
    0x08, 0x41, 0x08, 0x41, 0x00, 0x41, 0x00, 0x20, 0x00, 0x20, 0x00, 0x20, 0x08, 0x41, 0x08, 0x61,
    0x08, 0x61, 0x08, 0x61, 0x08, 0x41, 0x08, 0x41, 0x08, 0x41, 0x08, 0x41, 0x00, 0x21, 0x00, 0x20,
    0x00, 0x20, 0x00, 0x20, 0x08, 0x41, 0x08, 0x41, 0x08, 0x41, 0x08, 0x41, 0x08, 0x41, 0x08, 0x41,
    0x08, 0x41, 0x08, 0x41, 0x00, 0x20, 0x00, 0x20, 0x00, 0x20, 0x00, 0x20, 0x08, 0x41, 0x08, 0x41,
    0x08, 0x41, 0x08, 0x41, 0x08, 0x41, 0x00, 0x21, 0x08, 0x41, 0x00, 0x21, 0x00, 0x20, 0x00, 0x20,
    0x00, 0x20, 0x00, 0x20, 0x00, 0x41, 0x08, 0x41, 0x08, 0x41, 0x08, 0x41, 0x00, 0x41, 0x00, 0x20,
    0x00, 0x21, 0x00, 0x20, 0x00, 0x20, 0x00, 0x20, 0x00, 0x20, 0x00, 0x20, 0x00, 0x20, 0x00, 0x00,
    0x00, 0x00, 0x00, 0x00, 0x00, 0x00, 0x00, 0x00, 0x00, 0x00, 0x00, 0x00, 0x00, 0x00, 0x00, 0x00,
    0x00, 0x00, 0x00, 0x00, 0x00, 0x00, 0x00, 0x00, 0x00, 0x00, 0x00, 0x00, 0x00, 0x00, 0x00, 0x00,
    0x00, 0x00, 0x00, 0x00, 0x00, 0x00, 0x00, 0x00, 0x00, 0x00, 0x00, 0x00, 0x00, 0x00, 0x00, 0x00,
    0x00, 0x00, 0x00, 0x00, 0x00, 0x00, 0x00, 0x00, 0x00, 0x00, 0x00, 0x00, 0x00, 0x00, 0x00, 0x00,
    0x00, 0x00, 0x00, 0x00, 0x00, 0x00, 0x00, 0x00, 0x00, 0x00, 0x00, 0x00, 0x00, 0x00, 0x00, 0x00,
    0x00, 0x00, 0x00, 0x00, 0x00, 0x00, 0x00, 0x00, 0x00, 0x00, 0x00, 0x00, 0x00, 0x00, 0x00, 0x00,
    0x00, 0x00, 0x00, 0x00, 0x00, 0x00, 0x00, 0x00, 0x00, 0x00, 0x00, 0x00, 0x00, 0x00, 0x00, 0x00,
    0x00, 0x00, 0x00, 0x00, 0x00, 0x00, 0x00, 0x00, 0x00, 0x00, 0x00, 0x00, 0x00, 0x00, 0x00, 0x00,
    0x00, 0x00, 0x00, 0x00, 0x00, 0x00, 0x00, 0x00, 0x00, 0x00, 0x00, 0x00, 0x00, 0x00, 0x00, 0x00,
    0x00, 0x00, 0x00, 0x00, 0x00, 0x00, 0x00, 0x00, 0x00, 0x00, 0x00, 0x00, 0x00, 0x00, 0x00, 0x00,
    0x00, 0x20, 0x00, 0x20, 0x00, 0x20, 0x00, 0x21, 0x00, 0x41, 0x08, 0x41, 0x08, 0x41, 0x00, 0x21,
    0x00, 0x20, 0x00, 0x20, 0x00, 0x20, 0x00, 0x20, 0x00, 0x20, 0x00, 0x20, 0x00, 0x21, 0x08, 0x41,
    0x08, 0x41, 0x08, 0x41, 0x08, 0x41, 0x08, 0x41, 0x00, 0x41, 0x00, 0x20, 0x00, 0x20, 0x00, 0x20,
    0x00, 0x20, 0x00, 0x20, 0x00, 0x41, 0x08, 0x41, 0x08, 0x41, 0x08, 0x41, 0x08, 0x41, 0x08, 0x41,
    0x08, 0x41, 0x00, 0x21, 0x00, 0x20, 0x00, 0x20, 0x00, 0x20, 0x00, 0x21, 0x08, 0x41, 0x08, 0x41,
    0x08, 0x41, 0x08, 0x61, 0x08, 0x61, 0x08, 0x41, 0x08, 0x41, 0x00, 0x41, 0x00, 0x20, 0x00, 0x20,
    0x00, 0x20, 0x00, 0x41, 0x08, 0x41, 0x08, 0x41, 0x08, 0x61, 0x08, 0x61, 0x08, 0x61, 0x08, 0x41,
    0x08, 0x41, 0x08, 0x41, 0x00, 0x21, 0x00, 0x20, 0x00, 0x21, 0x08, 0x41, 0x08, 0x41, 0x08, 0x41,
    0x08, 0x61, 0x08, 0x61, 0x08, 0x61, 0x08, 0x41, 0x08, 0x41, 0x08, 0x41, 0x00, 0x21, 0x00, 0x20,
    0x00, 0x21, 0x08, 0x41, 0x08, 0x41, 0x08, 0x61, 0x08, 0x61, 0x08, 0x61, 0x08, 0x61, 0x08, 0x61,
    0x08, 0x41, 0x08, 0x41, 0x00, 0x21, 0x00, 0x20, 0x00, 0x21, 0x08, 0x41, 0x08, 0x41, 0x08, 0x61,
    0x08, 0x61, 0x08, 0x61, 0x08, 0x61, 0x08, 0x61, 0x08, 0x41, 0x08, 0x41, 0x00, 0x21, 0x00, 0x20,
    0x00, 0x21, 0x08, 0x41, 0x08, 0x41, 0x08, 0x41, 0x08, 0x61, 0x08, 0x61, 0x08, 0x61, 0x08, 0x41,
    0x08, 0x41, 0x00, 0x41, 0x00, 0x21, 0x00, 0x20, 0x00, 0x20, 0x00, 0x41, 0x08, 0x41, 0x08, 0x41,
    0x08, 0x61, 0x08, 0x61, 0x08, 0x61, 0x08, 0x41, 0x08, 0x41, 0x00, 0x41, 0x00, 0x20, 0x00, 0x20,
    0x00, 0x20, 0x00, 0x21, 0x08, 0x41, 0x08, 0x41, 0x08, 0x41, 0x08, 0x41, 0x08, 0x41, 0x08, 0x41,
    0x08, 0x41, 0x00, 0x21, 0x00, 0x20, 0x00, 0x20, 0x00, 0x20, 0x00, 0x20, 0x00, 0x41, 0x08, 0x41,
    0x08, 0x41, 0x08, 0x41, 0x08, 0x41, 0x08, 0x41, 0x00, 0x21, 0x00, 0x20, 0x00, 0x20, 0x00, 0x20,
    0x00, 0x20, 0x00, 0x20, 0x00, 0x21, 0x00, 0x41, 0x08, 0x41, 0x08, 0x41, 0x08, 0x41, 0x00, 0x41,
    0x00, 0x20, 0x00, 0x20, 0x00, 0x20, 0x00, 0x20, 0x00, 0x20, 0x00, 0x20, 0x00, 0x20, 0x00, 0x20,
    0x00, 0x00, 0x00, 0x00, 0x00, 0x00, 0x00, 0x00, 0x00, 0x00, 0x00, 0x00, 0x00, 0x00, 0x00, 0x00,
    0x00, 0x00, 0x00, 0x00, 0x00, 0x00, 0x00, 0x00, 0x00, 0x00, 0x00, 0x00, 0x00, 0x00, 0x00, 0x00,
    0x00, 0x00, 0x00, 0x00, 0x00, 0x00, 0x00, 0x00, 0x00, 0x00, 0x00, 0x00, 0x00, 0x00, 0x00, 0x00,
    0x00, 0x00, 0x00, 0x00, 0x00, 0x00, 0x00, 0x00, 0x00, 0x00, 0x00, 0x00, 0x00, 0x00, 0x00, 0x00,
    0x00, 0x00, 0x00, 0x00, 0x00, 0x00, 0x00, 0x00, 0x00, 0x00, 0x00, 0x00, 0x00, 0x00, 0x00, 0x00,
    0x00, 0x00, 0x00, 0x00, 0x00, 0x00, 0x00, 0x00, 0x00, 0x00, 0x00, 0x00, 0x00, 0x00, 0x00, 0x00,
    0x00, 0x00, 0x00, 0x00, 0x00, 0x00, 0x00, 0x00, 0x00, 0x00, 0x00, 0x00, 0x00, 0x00, 0x00, 0x00,
    0x00, 0x00, 0x00, 0x00, 0x00, 0x00, 0x00, 0x00, 0x00, 0x00, 0x00, 0x00, 0x00, 0x00, 0x00, 0x00,
    0x00, 0x00, 0x00, 0x00, 0x00, 0x00, 0x00, 0x00, 0x00, 0x00, 0x00, 0x00, 0x00, 0x00, 0x00, 0x00,
    0x00, 0x00, 0x00, 0x00, 0x00, 0x00, 0x00, 0x00, 0x00, 0x00, 0x00, 0x00, 0x00, 0x00, 0x00, 0x20,
    0x00, 0x20, 0x00, 0x20, 0x00, 0x21, 0x00, 0x41, 0x08, 0x41, 0x08, 0x41, 0x00, 0x21, 0x00, 0x20,
    0x00, 0x41, 0x00, 0x20, 0x00, 0x20, 0x00, 0x20, 0x00, 0x20, 0x00, 0x20, 0x08, 0x41, 0x08, 0x41,
    0x08, 0x41, 0x08, 0x41, 0x08, 0x41, 0x00, 0x41, 0x08, 0x41, 0x00, 0x41, 0x00, 0x20, 0x00, 0x20,
    0x00, 0x20, 0x00, 0x20, 0x08, 0x41, 0x08, 0x41, 0x08, 0x41, 0x08, 0x41, 0x08, 0x41, 0x08, 0x41,
    0x08, 0x41, 0x08, 0x41, 0x00, 0x21, 0x00, 0x20, 0x00, 0x20, 0x00, 0x20, 0x08, 0x41, 0x08, 0x61,
    0x08, 0x61, 0x08, 0x61, 0x08, 0x41, 0x08, 0x41, 0x08, 0x41, 0x08, 0x41, 0x00, 0x41, 0x00, 0x20,
    0x00, 0x20, 0x00, 0x20, 0x08, 0x41, 0x08, 0x61, 0x08, 0x61, 0x08, 0x61, 0x08, 0x41, 0x08, 0x41,
    0x08, 0x41, 0x08, 0x41, 0x08, 0x41, 0x00, 0x21, 0x00, 0x20, 0x00, 0x21, 0x08, 0x61, 0x08, 0x61,
    0x08, 0x61, 0x08, 0x61, 0x08, 0x61, 0x08, 0x41, 0x08, 0x61, 0x08, 0x41, 0x08, 0x41, 0x00, 0x21,
    0x00, 0x20, 0x00, 0x21, 0x08, 0x61, 0x08, 0x61, 0x08, 0x61, 0x08, 0x61, 0x08, 0x61, 0x08, 0x41,
    0x08, 0x61, 0x08, 0x41, 0x08, 0x41, 0x00, 0x21, 0x00, 0x21, 0x00, 0x21, 0x08, 0x61, 0x08, 0x61,
    0x08, 0x61, 0x08, 0x61, 0x08, 0x61, 0x08, 0x41, 0x08, 0x61, 0x08, 0x41, 0x08, 0x41, 0x00, 0x21,
    0x00, 0x20, 0x00, 0x21, 0x08, 0x41, 0x08, 0x61, 0x08, 0x61, 0x08, 0x61, 0x08, 0x41, 0x08, 0x41,
    0x08, 0x41, 0x08, 0x41, 0x08, 0x41, 0x00, 0x21, 0x00, 0x20, 0x00, 0x21, 0x08, 0x41, 0x08, 0x61,
    0x08, 0x61, 0x08, 0x61, 0x08, 0x41, 0x08, 0x41, 0x08, 0x41, 0x08, 0x41, 0x00, 0x41, 0x00, 0x20,
    0x00, 0x20, 0x00, 0x20, 0x08, 0x41, 0x08, 0x41, 0x08, 0x61, 0x08, 0x41, 0x08, 0x41, 0x08, 0x41,
    0x08, 0x41, 0x08, 0x41, 0x00, 0x21, 0x00, 0x20, 0x00, 0x20, 0x00, 0x20, 0x08, 0x41, 0x08, 0x41,
    0x08, 0x41, 0x08, 0x41, 0x08, 0x41, 0x00, 0x41, 0x08, 0x41, 0x00, 0x21, 0x00, 0x20, 0x00, 0x20,
    0x00, 0x20, 0x00, 0x20, 0x08, 0x41, 0x08, 0x41, 0x08, 0x41, 0x08, 0x41, 0x00, 0x41, 0x00, 0x20,
    0x00, 0x41, 0x00, 0x20, 0x00, 0x20, 0x00, 0x20, 0x00, 0x20, 0x00, 0x20, 0x00, 0x21, 0x00, 0x21,
    0x00, 0x41, 0x00, 0x00, 0x00, 0x00, 0x00, 0x00, 0x00, 0x00, 0x00, 0x00, 0x00, 0x00, 0x00, 0x00,
    0x00, 0x00, 0x00, 0x00, 0x00, 0x00, 0x00, 0x00, 0x00, 0x00, 0x00, 0x00, 0x00, 0x00, 0x00, 0x00,
    0x00, 0x00, 0x00, 0x00, 0x00, 0x00, 0x00, 0x00, 0x00, 0x00, 0x00, 0x00, 0x00, 0x00, 0x00, 0x00,
    0x00, 0x00, 0x00, 0x00, 0x00, 0x00, 0x00, 0x00, 0x00, 0x00, 0x00, 0x00, 0x00, 0x00, 0x00, 0x00,
    0x00, 0x00, 0x00, 0x00, 0x00, 0x00, 0x00, 0x00, 0x00, 0x00, 0x00, 0x00, 0x00, 0x00, 0x00, 0x00,
    0x00, 0x00, 0x00, 0x00, 0x00, 0x00, 0x00, 0x00, 0x00, 0x00, 0x00, 0x00, 0x00, 0x00, 0x00, 0x00,
    0x00, 0x00, 0x00, 0x00, 0x00, 0x00, 0x00, 0x00, 0x00, 0x00, 0x00, 0x00, 0x00, 0x00, 0x00, 0x00,
    0x00, 0x00, 0x00, 0x00, 0x00, 0x00, 0x00, 0x00, 0x00, 0x00, 0x00, 0x00, 0x00, 0x00, 0x00, 0x00,
    0x00, 0x00, 0x00, 0x00, 0x00, 0x00, 0x00, 0x00, 0x00, 0x00, 0x00, 0x00, 0x00, 0x00, 0x00, 0x00,
    0x00, 0x00, 0x00, 0x00, 0x00, 0x00, 0x00, 0x00, 0x00, 0x00, 0x00, 0x00, 0x00, 0x20, 0x00, 0x20,
    0x00, 0x20, 0x00, 0x20, 0x00, 0x41, 0x08, 0x41, 0x08, 0x41, 0x00, 0x21, 0x00, 0x20, 0x00, 0x20,
    0x08, 0x41, 0x00, 0x41, 0x00, 0x21, 0x00, 0x20, 0x00, 0x20, 0x00, 0x20, 0x08, 0x41, 0x08, 0x41,
    0x08, 0x41, 0x08, 0x41, 0x00, 0x41, 0x00, 0x20, 0x08, 0x41, 0x08, 0x41, 0x00, 0x41, 0x00, 0x20,
    0x00, 0x20, 0x00, 0x20, 0x08, 0x41, 0x08, 0x41, 0x08, 0x41, 0x08, 0x41, 0x08, 0x41, 0x00, 0x21,
    0x08, 0x41, 0x08, 0x41, 0x08, 0x41, 0x00, 0x21, 0x00, 0x20, 0x00, 0x20, 0x08, 0x61, 0x08, 0x61,
    0x08, 0x61, 0x08, 0x41, 0x08, 0x41, 0x00, 0x41, 0x08, 0x61, 0x08, 0x41, 0x08, 0x41, 0x00, 0x41,
    0x00, 0x21, 0x00, 0x20, 0x08, 0x61, 0x08, 0x61, 0x08, 0x61, 0x08, 0x41, 0x08, 0x41, 0x08, 0x41,
    0x08, 0x61, 0x08, 0x41, 0x08, 0x41, 0x08, 0x41, 0x00, 0x21, 0x00, 0x20, 0x08, 0x61, 0x08, 0x61,
    0x08, 0x61, 0x08, 0x61, 0x08, 0x41, 0x08, 0x41, 0x08, 0x61, 0x08, 0x61, 0x08, 0x41, 0x08, 0x41,
    0x00, 0x21, 0x00, 0x21, 0x08, 0x61, 0x08, 0x61, 0x08, 0x61, 0x08, 0x61, 0x08, 0x41, 0x08, 0x41,
    0x08, 0x61, 0x08, 0x61, 0x08, 0x41, 0x08, 0x41, 0x00, 0x21, 0x00, 0x21, 0x08, 0x61, 0x08, 0x61,
    0x08, 0x61, 0x08, 0x61, 0x08, 0x41, 0x08, 0x41, 0x08, 0x61, 0x08, 0x61, 0x08, 0x41, 0x08, 0x41,
    0x00, 0x21, 0x00, 0x20, 0x08, 0x61, 0x08, 0x61, 0x08, 0x61, 0x08, 0x61, 0x08, 0x41, 0x08, 0x41,
    0x08, 0x61, 0x08, 0x41, 0x08, 0x41, 0x08, 0x41, 0x00, 0x21, 0x00, 0x20, 0x08, 0x61, 0x08, 0x61,
    0x08, 0x61, 0x08, 0x41, 0x08, 0x41, 0x00, 0x41, 0x08, 0x61, 0x08, 0x41, 0x08, 0x41, 0x00, 0x41,
    0x00, 0x20, 0x00, 0x20, 0x08, 0x61, 0x08, 0x61, 0x08, 0x41, 0x08, 0x41, 0x08, 0x41, 0x00, 0x21,
    0x08, 0x41, 0x08, 0x41, 0x08, 0x41, 0x00, 0x21, 0x00, 0x20, 0x00, 0x20, 0x08, 0x41, 0x08, 0x41,
    0x08, 0x41, 0x08, 0x41, 0x00, 0x41, 0x00, 0x20, 0x08, 0x41, 0x08, 0x41, 0x00, 0x41, 0x00, 0x20,
    0x00, 0x20, 0x00, 0x20, 0x08, 0x41, 0x08, 0x41, 0x08, 0x41, 0x08, 0x41, 0x00, 0x21, 0x00, 0x20,
    0x08, 0x41, 0x00, 0x41, 0x00, 0x20, 0x00, 0x20, 0x00, 0x20, 0x00, 0x20, 0x00, 0x41, 0x00, 0x41,
    0x00, 0x21, 0x00, 0x20, 0x00, 0x00, 0x00, 0x00, 0x00, 0x00, 0x00, 0x00, 0x00, 0x00, 0x00, 0x00,
    0x00, 0x00, 0x00, 0x00, 0x00, 0x00, 0x00, 0x00, 0x00, 0x00, 0x00, 0x00, 0x00, 0x00, 0x00, 0x00,
    0x00, 0x00, 0x00, 0x00, 0x00, 0x00, 0x00, 0x00, 0x00, 0x00, 0x00, 0x00, 0x00, 0x00, 0x00, 0x00,
    0x00, 0x00, 0x00, 0x00, 0x00, 0x00, 0x00, 0x00, 0x00, 0x00, 0x00, 0x00, 0x00, 0x00, 0x00, 0x00,
    0x00, 0x00, 0x00, 0x00, 0x00, 0x00, 0x00, 0x00, 0x00, 0x00, 0x00, 0x00, 0x00, 0x00, 0x00, 0x00,
    0x00, 0x00, 0x00, 0x00, 0x00, 0x00, 0x00, 0x00, 0x00, 0x00, 0x00, 0x00, 0x00, 0x00, 0x00, 0x00,
    0x00, 0x00, 0x00, 0x00, 0x00, 0x00, 0x00, 0x00, 0x00, 0x00, 0x00, 0x00, 0x00, 0x00, 0x00, 0x00,
    0x00, 0x00, 0x00, 0x00, 0x00, 0x00, 0x00, 0x00, 0x00, 0x00, 0x00, 0x00, 0x00, 0x00, 0x00, 0x00,
    0x00, 0x00, 0x00, 0x00, 0x00, 0x00, 0x00, 0x00, 0x00, 0x00, 0x00, 0x00, 0x00, 0x00, 0x00, 0x00,
    0x00, 0x00, 0x00, 0x00, 0x00, 0x00, 0x00, 0x00, 0x00, 0x00, 0x00, 0x21, 0x00, 0x20, 0x00, 0x20,
    0x00, 0x20, 0x00, 0x20, 0x08, 0x41, 0x08, 0x41, 0x00, 0x21, 0x00, 0x20, 0x00, 0x20, 0x00, 0x20,
    0x08, 0x41, 0x08, 0x41, 0x08, 0x41, 0x00, 0x21, 0x00, 0x20, 0x00, 0x20, 0x08, 0x41, 0x08, 0x41,
    0x08, 0x41, 0x00, 0x41, 0x00, 0x20, 0x00, 0x20, 0x08, 0x41, 0x08, 0x41, 0x08, 0x41, 0x08, 0x41,
    0x00, 0x21, 0x00, 0x20, 0x08, 0x41, 0x08, 0x41, 0x08, 0x41, 0x08, 0x41, 0x00, 0x21, 0x00, 0x20,
    0x08, 0x61, 0x08, 0x41, 0x08, 0x41, 0x08, 0x41, 0x00, 0x41, 0x00, 0x20, 0x08, 0x61, 0x08, 0x61,
    0x08, 0x41, 0x08, 0x41, 0x00, 0x41, 0x00, 0x20, 0x08, 0x61, 0x08, 0x61, 0x08, 0x41, 0x08, 0x41,
    0x08, 0x41, 0x00, 0x21, 0x08, 0x61, 0x08, 0x61, 0x08, 0x41, 0x08, 0x41, 0x08, 0x41, 0x00, 0x21,
    0x08, 0x61, 0x08, 0x61, 0x08, 0x61, 0x08, 0x41, 0x08, 0x41, 0x00, 0x21, 0x08, 0x61, 0x08, 0x61,
    0x08, 0x61, 0x08, 0x41, 0x08, 0x41, 0x00, 0x21, 0x08, 0x61, 0x08, 0x61, 0x08, 0x61, 0x08, 0x41,
    0x08, 0x41, 0x00, 0x21, 0x08, 0x61, 0x08, 0x61, 0x08, 0x61, 0x08, 0x41, 0x08, 0x41, 0x00, 0x21,
    0x08, 0x61, 0x08, 0x61, 0x08, 0x61, 0x08, 0x41, 0x08, 0x41, 0x00, 0x21, 0x08, 0x61, 0x08, 0x61,
    0x08, 0x61, 0x08, 0x41, 0x08, 0x41, 0x00, 0x21, 0x08, 0x61, 0x08, 0x61, 0x08, 0x61, 0x08, 0x41,
    0x08, 0x41, 0x00, 0x21, 0x08, 0x61, 0x08, 0x61, 0x08, 0x61, 0x08, 0x41, 0x08, 0x41, 0x00, 0x21,
    0x08, 0x61, 0x08, 0x61, 0x08, 0x41, 0x08, 0x41, 0x08, 0x41, 0x00, 0x21, 0x08, 0x61, 0x08, 0x61,
    0x08, 0x41, 0x08, 0x41, 0x00, 0x41, 0x00, 0x21, 0x08, 0x61, 0x08, 0x61, 0x08, 0x41, 0x08, 0x41,
    0x00, 0x41, 0x00, 0x20, 0x08, 0x61, 0x08, 0x61, 0x08, 0x41, 0x08, 0x41, 0x00, 0x21, 0x00, 0x20,
    0x08, 0x61, 0x08, 0x41, 0x08, 0x41, 0x08, 0x41, 0x00, 0x21, 0x00, 0x20, 0x08, 0x41, 0x08, 0x41,
    0x08, 0x41, 0x08, 0x41, 0x00, 0x20, 0x00, 0x20, 0x08, 0x41, 0x08, 0x41, 0x08, 0x41, 0x00, 0x41,
    0x00, 0x20, 0x00, 0x20, 0x08, 0x41, 0x08, 0x41, 0x08, 0x41, 0x00, 0x21, 0x00, 0x20, 0x00, 0x20,
    0x08, 0x41, 0x08, 0x41, 0x00, 0x41, 0x00, 0x20, 0x00, 0x20, 0x00, 0x20, 0x08, 0x41, 0x00, 0x41,
    0x00, 0x21, 0x00, 0x20, 0x00, 0x20, 0x00, 0x00, 0x00, 0x00, 0x00, 0x00, 0x00, 0x00, 0x00, 0x00,
    0x00, 0x00, 0x00, 0x00, 0x00, 0x00, 0x00, 0x00, 0x00, 0x00, 0x00, 0x00, 0x00, 0x00, 0x00, 0x00,
    0x00, 0x00, 0x00, 0x00, 0x00, 0x00, 0x00, 0x00, 0x00, 0x00, 0x00, 0x00, 0x00, 0x00, 0x00, 0x00,
    0x00, 0x00, 0x00, 0x00, 0x00, 0x00, 0x00, 0x00, 0x00, 0x00, 0x00, 0x00, 0x00, 0x00, 0x00, 0x00,
    0x00, 0x00, 0x00, 0x00, 0x00, 0x00, 0x00, 0x00, 0x00, 0x00, 0x00, 0x00, 0x00, 0x00, 0x00, 0x00,
    0x00, 0x00, 0x00, 0x00, 0x00, 0x00, 0x00, 0x00, 0x00, 0x00, 0x00, 0x00, 0x00, 0x00, 0x00, 0x00,
    0x00, 0x00, 0x00, 0x00, 0x00, 0x00, 0x00, 0x00, 0x00, 0x00, 0x00, 0x00, 0x00, 0x00, 0x00, 0x00,
    0x00, 0x00, 0x00, 0x00, 0x00, 0x00, 0x00, 0x00, 0x00, 0x00, 0x00, 0x00, 0x00, 0x00, 0x00, 0x00,
    0x00, 0x00, 0x00, 0x00, 0x00, 0x00, 0x00, 0x00, 0x00, 0x00, 0x00, 0x00, 0x00, 0x00, 0x00, 0x00,
    0x00, 0x00, 0x00, 0x00, 0x00, 0x00, 0x00, 0x00, 0x00, 0x21, 0x00, 0x41, 0x00, 0x41, 0x00, 0x21,
    0x00, 0x20, 0x00, 0x20, 0x08, 0x41, 0x00, 0x41, 0x00, 0x20, 0x00, 0x20, 0x00, 0x20, 0x00, 0x20,
    0x08, 0x41, 0x08, 0x41, 0x08, 0x41, 0x08, 0x41, 0x00, 0x21, 0x00, 0x20, 0x08, 0x41, 0x08, 0x41,
    0x00, 0x41, 0x00, 0x20, 0x00, 0x20, 0x00, 0x20, 0x08, 0x41, 0x08, 0x41, 0x08, 0x41, 0x08, 0x41,
    0x08, 0x41, 0x00, 0x21, 0x08, 0x41, 0x08, 0x41, 0x08, 0x41, 0x00, 0x21, 0x00, 0x20, 0x00, 0x20,
    0x08, 0x41, 0x08, 0x61, 0x08, 0x61, 0x08, 0x41, 0x08, 0x41, 0x00, 0x41, 0x08, 0x61, 0x08, 0x41,
    0x08, 0x41, 0x00, 0x41, 0x00, 0x21, 0x00, 0x20, 0x08, 0x61, 0x08, 0x61, 0x08, 0x61, 0x08, 0x41,
    0x08, 0x41, 0x08, 0x41, 0x08, 0x61, 0x08, 0x61, 0x08, 0x41, 0x08, 0x41, 0x00, 0x21, 0x00, 0x20,
    0x08, 0x61, 0x08, 0x61, 0x08, 0x61, 0x08, 0x61, 0x08, 0x41, 0x08, 0x41, 0x08, 0x61, 0x08, 0x61,
    0x08, 0x41, 0x08, 0x41, 0x00, 0x21, 0x00, 0x21, 0x08, 0x61, 0x08, 0x61, 0x08, 0x61, 0x08, 0x61,
    0x08, 0x41, 0x08, 0x41, 0x08, 0x61, 0x08, 0x61, 0x08, 0x41, 0x08, 0x41, 0x00, 0x21, 0x00, 0x21,
    0x08, 0x61, 0x08, 0x61, 0x08, 0x61, 0x08, 0x61, 0x08, 0x41, 0x08, 0x41, 0x08, 0x61, 0x08, 0x61,
    0x08, 0x41, 0x08, 0x41, 0x00, 0x21, 0x00, 0x21, 0x08, 0x61, 0x08, 0x61, 0x08, 0x61, 0x08, 0x61,
    0x08, 0x41, 0x08, 0x41, 0x08, 0x61, 0x08, 0x61, 0x08, 0x41, 0x08, 0x41, 0x00, 0x21, 0x00, 0x21,
    0x08, 0x61, 0x08, 0x61, 0x08, 0x61, 0x08, 0x61, 0x08, 0x41, 0x08, 0x41, 0x08, 0x61, 0x08, 0x41,
    0x08, 0x41, 0x08, 0x41, 0x00, 0x21, 0x00, 0x20, 0x08, 0x61, 0x08, 0x61, 0x08, 0x61, 0x08, 0x41,
    0x08, 0x41, 0x00, 0x41, 0x08, 0x61, 0x08, 0x41, 0x08, 0x41, 0x00, 0x41, 0x00, 0x20, 0x00, 0x20,
    0x08, 0x41, 0x08, 0x61, 0x08, 0x41, 0x08, 0x41, 0x08, 0x41, 0x00, 0x21, 0x08, 0x41, 0x08, 0x41,
    0x08, 0x41, 0x00, 0x21, 0x00, 0x20, 0x00, 0x20, 0x08, 0x41, 0x08, 0x41, 0x08, 0x41, 0x08, 0x41,
    0x00, 0x41, 0x00, 0x20, 0x08, 0x41, 0x08, 0x41, 0x00, 0x21, 0x00, 0x20, 0x00, 0x20, 0x00, 0x20,
    0x08, 0x41, 0x08, 0x41, 0x08, 0x41, 0x00, 0x41, 0x00, 0x20, 0x00, 0x20, 0x08, 0x41, 0x00, 0x21,
    0x00, 0x20, 0x00, 0x20, 0x00, 0x20, 0x00, 0x20, 0x00, 0x00, 0x00, 0x00, 0x00, 0x00, 0x00, 0x00,
    0x00, 0x00, 0x00, 0x00, 0x00, 0x00, 0x00, 0x00, 0x00, 0x00, 0x00, 0x00, 0x00, 0x00, 0x00, 0x00,
    0x00, 0x00, 0x00, 0x00, 0x00, 0x00, 0x00, 0x00, 0x00, 0x00, 0x00, 0x00, 0x00, 0x00, 0x00, 0x00,
    0x00, 0x00, 0x00, 0x00, 0x00, 0x00, 0x00, 0x00, 0x00, 0x00, 0x00, 0x00, 0x00, 0x00, 0x00, 0x00,
    0x00, 0x00, 0x00, 0x00, 0x00, 0x00, 0x00, 0x00, 0x00, 0x00, 0x00, 0x00, 0x00, 0x00, 0x00, 0x00,
    0x00, 0x00, 0x00, 0x00, 0x00, 0x00, 0x00, 0x00, 0x00, 0x00, 0x00, 0x00, 0x00, 0x00, 0x00, 0x00,
    0x00, 0x00, 0x00, 0x00, 0x00, 0x00, 0x00, 0x00, 0x00, 0x00, 0x00, 0x00, 0x00, 0x00, 0x00, 0x00,
    0x00, 0x00, 0x00, 0x00, 0x00, 0x00, 0x00, 0x00, 0x00, 0x00, 0x00, 0x00, 0x00, 0x00, 0x00, 0x00,
    0x00, 0x00, 0x00, 0x00, 0x00, 0x00, 0x00, 0x00, 0x00, 0x00, 0x00, 0x00, 0x00, 0x00, 0x00, 0x00,
    0x00, 0x00, 0x00, 0x00, 0x00, 0x00, 0x00, 0x20, 0x00, 0x20, 0x00, 0x41, 0x08, 0x41, 0x00, 0x41,
    0x00, 0x21, 0x00, 0x20, 0x00, 0x41, 0x00, 0x20, 0x00, 0x20, 0x00, 0x20, 0x00, 0x20, 0x00, 0x20,
    0x08, 0x41, 0x08, 0x41, 0x08, 0x41, 0x08, 0x41, 0x08, 0x41, 0x00, 0x41, 0x08, 0x41, 0x00, 0x41,
    0x00, 0x20, 0x00, 0x20, 0x00, 0x20, 0x00, 0x20, 0x08, 0x41, 0x08, 0x41, 0x08, 0x41, 0x08, 0x41,
    0x08, 0x41, 0x08, 0x41, 0x08, 0x41, 0x08, 0x41, 0x00, 0x21, 0x00, 0x20, 0x00, 0x20, 0x00, 0x20,
    0x08, 0x41, 0x08, 0x61, 0x08, 0x61, 0x08, 0x61, 0x08, 0x41, 0x08, 0x41, 0x08, 0x41, 0x08, 0x41,
    0x00, 0x41, 0x00, 0x21, 0x00, 0x20, 0x00, 0x21, 0x08, 0x41, 0x08, 0x61, 0x08, 0x61, 0x08, 0x61,
    0x08, 0x61, 0x08, 0x41, 0x08, 0x61, 0x08, 0x41, 0x08, 0x41, 0x00, 0x21, 0x00, 0x21, 0x00, 0x21,
    0x08, 0x61, 0x08, 0x61, 0x08, 0x61, 0x08, 0x61, 0x08, 0x61, 0x08, 0x41, 0x08, 0x61, 0x08, 0x41,
    0x08, 0x41, 0x00, 0x21, 0x00, 0x21, 0x00, 0x41, 0x08, 0x61, 0x08, 0x61, 0x08, 0x61, 0x08, 0x61,
    0x08, 0x61, 0x08, 0x41, 0x08, 0x61, 0x08, 0x41, 0x08, 0x41, 0x00, 0x41, 0x00, 0x21, 0x00, 0x41,
    0x08, 0x61, 0x08, 0x61, 0x08, 0x61, 0x08, 0x61, 0x08, 0x61, 0x08, 0x41, 0x08, 0x61, 0x08, 0x41,
    0x08, 0x41, 0x00, 0x41, 0x00, 0x21, 0x00, 0x41, 0x08, 0x61, 0x08, 0x61, 0x08, 0x61, 0x08, 0x61,
    0x08, 0x61, 0x08, 0x41, 0x08, 0x61, 0x08, 0x41, 0x08, 0x41, 0x00, 0x21, 0x00, 0x21, 0x00, 0x21,
    0x08, 0x61, 0x08, 0x61, 0x08, 0x61, 0x08, 0x61, 0x08, 0x61, 0x08, 0x41, 0x08, 0x61, 0x08, 0x41,
    0x08, 0x41, 0x00, 0x21, 0x00, 0x20, 0x00, 0x21, 0x08, 0x41, 0x08, 0x61, 0x08, 0x61, 0x08, 0x61,
    0x08, 0x41, 0x08, 0x41, 0x08, 0x41, 0x08, 0x41, 0x00, 0x41, 0x00, 0x20, 0x00, 0x20, 0x00, 0x20,
    0x08, 0x41, 0x08, 0x41, 0x08, 0x61, 0x08, 0x41, 0x08, 0x41, 0x08, 0x41, 0x08, 0x41, 0x08, 0x41,
    0x00, 0x21, 0x00, 0x20, 0x00, 0x20, 0x00, 0x20, 0x08, 0x41, 0x08, 0x41, 0x08, 0x41, 0x08, 0x41,
    0x08, 0x41, 0x00, 0x41, 0x08, 0x41, 0x00, 0x21, 0x00, 0x20, 0x00, 0x20, 0x00, 0x20, 0x00, 0x20,
    0x08, 0x41, 0x08, 0x41, 0x08, 0x41, 0x08, 0x41, 0x00, 0x41, 0x00, 0x20, 0x00, 0x21, 0x00, 0x20,
    0x00, 0x20, 0x00, 0x20, 0x00, 0x20, 0x00, 0x20, 0x00, 0x20, 0x00, 0x00, 0x00, 0x00, 0x00, 0x00,
    0x00, 0x00, 0x00, 0x00, 0x00, 0x00, 0x00, 0x00, 0x00, 0x00, 0x00, 0x00, 0x00, 0x00, 0x00, 0x00,
    0x00, 0x00, 0x00, 0x00, 0x00, 0x00, 0x00, 0x00, 0x00, 0x00, 0x00, 0x00, 0x00, 0x00, 0x00, 0x00,
    0x00, 0x00, 0x00, 0x00, 0x00, 0x00, 0x00, 0x00, 0x00, 0x00, 0x00, 0x00, 0x00, 0x00, 0x00, 0x00,
    0x00, 0x00, 0x00, 0x00, 0x00, 0x00, 0x00, 0x00, 0x00, 0x00, 0x00, 0x00, 0x00, 0x00, 0x00, 0x00,
    0x00, 0x00, 0x00, 0x00, 0x00, 0x00, 0x00, 0x00, 0x00, 0x00, 0x00, 0x00, 0x00, 0x00, 0x00, 0x00,
    0x00, 0x00, 0x00, 0x00, 0x00, 0x00, 0x00, 0x00, 0x00, 0x00, 0x00, 0x00, 0x00, 0x00, 0x00, 0x00,
    0x00, 0x00, 0x00, 0x00, 0x00, 0x00, 0x00, 0x00, 0x00, 0x00, 0x00, 0x00, 0x00, 0x00, 0x00, 0x00,
    0x00, 0x00, 0x00, 0x00, 0x00, 0x00, 0x00, 0x00, 0x00, 0x00, 0x00, 0x00, 0x00, 0x00, 0x00, 0x00,
    0x00, 0x00, 0x00, 0x00, 0x00, 0x20, 0x00, 0x20, 0x00, 0x20, 0x00, 0x21, 0x00, 0x41, 0x08, 0x41,
    0x08, 0x41, 0x00, 0x41, 0x00, 0x20, 0x00, 0x20, 0x00, 0x20, 0x00, 0x20, 0x00, 0x20, 0x00, 0x20,
    0x00, 0x21, 0x08, 0x41, 0x08, 0x41, 0x08, 0x41, 0x08, 0x41, 0x08, 0x41, 0x00, 0x41, 0x00, 0x20,
    0x00, 0x20, 0x00, 0x20, 0x00, 0x20, 0x00, 0x21, 0x08, 0x41, 0x08, 0x41, 0x08, 0x41, 0x08, 0x41,
    0x08, 0x41, 0x08, 0x41, 0x08, 0x41, 0x00, 0x21, 0x00, 0x20, 0x00, 0x20, 0x00, 0x20, 0x00, 0x41,
    0x08, 0x41, 0x08, 0x41, 0x08, 0x61, 0x08, 0x61, 0x08, 0x61, 0x08, 0x41, 0x08, 0x41, 0x00, 0x41,
    0x00, 0x21, 0x00, 0x20, 0x00, 0x21, 0x08, 0x41, 0x08, 0x41, 0x08, 0x41, 0x08, 0x61, 0x08, 0x61,
    0x08, 0x61, 0x08, 0x61, 0x08, 0x41, 0x08, 0x41, 0x00, 0x21, 0x00, 0x21, 0x00, 0x21, 0x08, 0x41,
    0x08, 0x41, 0x08, 0x61, 0x08, 0x61, 0x08, 0x61, 0x08, 0x61, 0x08, 0x61, 0x08, 0x41, 0x08, 0x41,
    0x00, 0x41, 0x00, 0x21, 0x00, 0x41, 0x08, 0x41, 0x08, 0x41, 0x08, 0x61, 0x08, 0x61, 0x08, 0x62,
    0x08, 0x61, 0x08, 0x61, 0x08, 0x41, 0x08, 0x41, 0x00, 0x41, 0x00, 0x21, 0x00, 0x41, 0x08, 0x41,
    0x08, 0x41, 0x08, 0x61, 0x08, 0x61, 0x08, 0x62, 0x08, 0x61, 0x08, 0x61, 0x08, 0x41, 0x08, 0x41,
    0x00, 0x41, 0x00, 0x21, 0x00, 0x41, 0x08, 0x41, 0x08, 0x41, 0x08, 0x61, 0x08, 0x61, 0x08, 0x61,
    0x08, 0x61, 0x08, 0x61, 0x08, 0x41, 0x08, 0x41, 0x00, 0x21, 0x00, 0x21, 0x00, 0x21, 0x08, 0x41,
    0x08, 0x41, 0x08, 0x61, 0x08, 0x61, 0x08, 0x61, 0x08, 0x61, 0x08, 0x61, 0x08, 0x41, 0x08, 0x41,
    0x00, 0x21, 0x00, 0x20, 0x00, 0x21, 0x08, 0x41, 0x08, 0x41, 0x08, 0x41, 0x08, 0x61, 0x08, 0x61,
    0x08, 0x61, 0x08, 0x41, 0x08, 0x41, 0x00, 0x41, 0x00, 0x20, 0x00, 0x20, 0x00, 0x20, 0x00, 0x41,
    0x08, 0x41, 0x08, 0x41, 0x08, 0x41, 0x08, 0x61, 0x08, 0x41, 0x08, 0x41, 0x08, 0x41, 0x00, 0x21,
    0x00, 0x20, 0x00, 0x20, 0x00, 0x20, 0x00, 0x21, 0x08, 0x41, 0x08, 0x41, 0x08, 0x41, 0x08, 0x41,
    0x08, 0x41, 0x08, 0x41, 0x00, 0x41, 0x00, 0x20, 0x00, 0x20, 0x00, 0x20, 0x00, 0x20, 0x00, 0x20,
    0x00, 0x21, 0x08, 0x41, 0x08, 0x41, 0x08, 0x41, 0x08, 0x41, 0x00, 0x41, 0x00, 0x20, 0x00, 0x20,
    0x00, 0x20, 0x00, 0x20, 0x00, 0x20, 0x00, 0x20, 0x00, 0x20, 0x00, 0x20, 0x00, 0x00, 0x00, 0x00,
    0x00, 0x00, 0x00, 0x00, 0x00, 0x00, 0x00, 0x00, 0x00, 0x00, 0x00, 0x00, 0x00, 0x00, 0x00, 0x00,
    0x00, 0x00, 0x00, 0x00, 0x00, 0x00, 0x00, 0x00, 0x00, 0x00, 0x00, 0x00, 0x00, 0x00, 0x00, 0x00,
    0x00, 0x00, 0x00, 0x00, 0x00, 0x00, 0x00, 0x00, 0x00, 0x00, 0x00, 0x00, 0x00, 0x00, 0x00, 0x00,
    0x00, 0x00, 0x00, 0x00, 0x00, 0x00, 0x00, 0x00, 0x00, 0x00, 0x00, 0x00, 0x00, 0x00, 0x00, 0x00,
    0x00, 0x00, 0x00, 0x00, 0x00, 0x00, 0x00, 0x00, 0x00, 0x00, 0x00, 0x00, 0x00, 0x00, 0x00, 0x00,
    0x00, 0x00, 0x00, 0x00, 0x00, 0x00, 0x00, 0x00, 0x00, 0x00, 0x00, 0x00, 0x00, 0x00, 0x00, 0x00,
    0x00, 0x00, 0x00, 0x00, 0x00, 0x00, 0x00, 0x00, 0x00, 0x00, 0x00, 0x00, 0x00, 0x00, 0x00, 0x00,
    0x00, 0x00, 0x00, 0x00, 0x00, 0x00, 0x00, 0x00, 0x00, 0x00, 0x00, 0x00, 0x00, 0x00, 0x00, 0x00,
    0x00, 0x00, 0x00, 0x20, 0x00, 0x20, 0x00, 0x20, 0x00, 0x21, 0x00, 0x41, 0x08, 0x41, 0x08, 0x41,
    0x00, 0x41, 0x00, 0x20, 0x00, 0x41, 0x00, 0x21, 0x00, 0x20, 0x00, 0x20, 0x00, 0x20, 0x00, 0x20,
    0x08, 0x41, 0x08, 0x41, 0x08, 0x41, 0x08, 0x41, 0x08, 0x41, 0x00, 0x41, 0x08, 0x41, 0x00, 0x41,
    0x00, 0x20, 0x00, 0x20, 0x00, 0x20, 0x00, 0x20, 0x08, 0x41, 0x08, 0x41, 0x08, 0x41, 0x08, 0x41,
    0x08, 0x41, 0x08, 0x41, 0x08, 0x41, 0x08, 0x41, 0x00, 0x41, 0x00, 0x20, 0x00, 0x20, 0x00, 0x20,
    0x08, 0x41, 0x08, 0x61, 0x08, 0x61, 0x08, 0x61, 0x08, 0x41, 0x08, 0x41, 0x08, 0x41, 0x08, 0x41,
    0x08, 0x41, 0x00, 0x21, 0x00, 0x20, 0x00, 0x21, 0x08, 0x61, 0x08, 0x61, 0x08, 0x61, 0x08, 0x61,
    0x08, 0x61, 0x08, 0x41, 0x08, 0x61, 0x08, 0x41, 0x08, 0x41, 0x00, 0x21, 0x00, 0x21, 0x00, 0x21,
    0x08, 0x61, 0x08, 0x61, 0x08, 0x61, 0x08, 0x61, 0x08, 0x61, 0x08, 0x41, 0x08, 0x61, 0x08, 0x41,
    0x08, 0x41, 0x00, 0x41, 0x00, 0x21, 0x00, 0x41, 0x08, 0x61, 0x08, 0x61, 0x08, 0x62, 0x08, 0x61,
    0x08, 0x61, 0x08, 0x41, 0x08, 0x61, 0x08, 0x41, 0x08, 0x41, 0x00, 0x41, 0x00, 0x21, 0x00, 0x41,
    0x08, 0x61, 0x08, 0x61, 0x08, 0x62, 0x08, 0x61, 0x08, 0x61, 0x08, 0x41, 0x08, 0x61, 0x08, 0x41,
    0x08, 0x41, 0x00, 0x41, 0x00, 0x21, 0x00, 0x41, 0x08, 0x61, 0x08, 0x61, 0x08, 0x62, 0x08, 0x61,
    0x08, 0x61, 0x08, 0x41, 0x08, 0x61, 0x08, 0x41, 0x08, 0x41, 0x00, 0x41, 0x00, 0x21, 0x00, 0x21,
    0x08, 0x61, 0x08, 0x61, 0x08, 0x61, 0x08, 0x61, 0x08, 0x61, 0x08, 0x41, 0x08, 0x61, 0x08, 0x41,
    0x08, 0x41, 0x00, 0x21, 0x00, 0x20, 0x00, 0x21, 0x08, 0x61, 0x08, 0x61, 0x08, 0x61, 0x08, 0x61,
    0x08, 0x41, 0x08, 0x41, 0x08, 0x41, 0x08, 0x41, 0x00, 0x41, 0x00, 0x20, 0x00, 0x20, 0x00, 0x20,
    0x08, 0x41, 0x08, 0x61, 0x08, 0x61, 0x08, 0x61, 0x08, 0x41, 0x08, 0x41, 0x08, 0x41, 0x08, 0x41,
    0x00, 0x21, 0x00, 0x20, 0x00, 0x20, 0x00, 0x20, 0x08, 0x41, 0x08, 0x41, 0x08, 0x41, 0x08, 0x41,
    0x08, 0x41, 0x00, 0x41, 0x08, 0x41, 0x00, 0x41, 0x00, 0x20, 0x00, 0x20, 0x00, 0x20, 0x00, 0x20,
    0x08, 0x41, 0x08, 0x41, 0x08, 0x41, 0x08, 0x41, 0x00, 0x41, 0x00, 0x20, 0x00, 0x41, 0x00, 0x20,
    0x00, 0x20, 0x00, 0x20, 0x00, 0x20, 0x00, 0x20, 0x00, 0x21, 0x00, 0x21, 0x00, 0x41, 0x00, 0x00,
    0x00, 0x00, 0x00, 0x00, 0x00, 0x00, 0x00, 0x00, 0x00, 0x00, 0x00, 0x00, 0x00, 0x00, 0x00, 0x00,
    0x00, 0x00, 0x00, 0x00, 0x00, 0x00, 0x00, 0x00, 0x00, 0x00, 0x00, 0x00, 0x00, 0x00, 0x00, 0x00,
    0x00, 0x00, 0x00, 0x00, 0x00, 0x00, 0x00, 0x00, 0x00, 0x00, 0x00, 0x00, 0x00, 0x00, 0x00, 0x00,
    0x00, 0x00, 0x00, 0x00, 0x00, 0x00, 0x00, 0x00, 0x00, 0x00, 0x00, 0x00, 0x00, 0x00, 0x00, 0x00,
    0x00, 0x00, 0x00, 0x00, 0x00, 0x00, 0x00, 0x00, 0x00, 0x00, 0x00, 0x00, 0x00, 0x00, 0x00, 0x00,
    0x00, 0x00, 0x00, 0x00, 0x00, 0x00, 0x00, 0x00, 0x00, 0x00, 0x00, 0x00, 0x00, 0x00, 0x00, 0x00,
    0x00, 0x00, 0x00, 0x00, 0x00, 0x00, 0x00, 0x00, 0x00, 0x00, 0x00, 0x00, 0x00, 0x00, 0x00, 0x00,
    0x00, 0x00, 0x00, 0x00, 0x00, 0x00, 0x00, 0x00, 0x00, 0x00, 0x00, 0x00, 0x00, 0x00, 0x00, 0x00,
    0x00, 0x20, 0x00, 0x20, 0x00, 0x20, 0x00, 0x20, 0x00, 0x41, 0x08, 0x41, 0x08, 0x41, 0x00, 0x41,
    0x00, 0x20, 0x00, 0x20, 0x08, 0x41, 0x08, 0x41, 0x00, 0x21, 0x00, 0x20, 0x00, 0x20, 0x00, 0x20,
    0x08, 0x41, 0x08, 0x41, 0x08, 0x41, 0x08, 0x41, 0x00, 0x41, 0x00, 0x20, 0x08, 0x41, 0x08, 0x41,
    0x08, 0x41, 0x00, 0x21, 0x00, 0x20, 0x00, 0x20, 0x08, 0x41, 0x08, 0x41, 0x08, 0x41, 0x08, 0x41,
    0x08, 0x41, 0x00, 0x21, 0x08, 0x61, 0x08, 0x41, 0x08, 0x41, 0x00, 0x41, 0x00, 0x20, 0x00, 0x20,
    0x08, 0x61, 0x08, 0x61, 0x08, 0x61, 0x08, 0x41, 0x08, 0x41, 0x08, 0x41, 0x08, 0x61, 0x08, 0x41,
    0x08, 0x41, 0x08, 0x41, 0x00, 0x21, 0x00, 0x20, 0x08, 0x61, 0x08, 0x61, 0x08, 0x61, 0x08, 0x61,
    0x08, 0x41, 0x08, 0x41, 0x08, 0x61, 0x08, 0x61, 0x08, 0x41, 0x08, 0x41, 0x00, 0x41, 0x00, 0x21,
    0x08, 0x61, 0x08, 0x61, 0x08, 0x61, 0x08, 0x61, 0x08, 0x41, 0x08, 0x41, 0x08, 0x61, 0x08, 0x61,
    0x08, 0x41, 0x08, 0x41, 0x00, 0x41, 0x00, 0x21, 0x08, 0x61, 0x08, 0x62, 0x08, 0x61, 0x08, 0x61,
    0x08, 0x41, 0x08, 0x41, 0x08, 0x61, 0x08, 0x61, 0x08, 0x41, 0x08, 0x41, 0x00, 0x41, 0x00, 0x21,
    0x08, 0x61, 0x08, 0x62, 0x08, 0x61, 0x08, 0x61, 0x08, 0x41, 0x08, 0x41, 0x08, 0x61, 0x08, 0x61,
    0x08, 0x41, 0x08, 0x41, 0x00, 0x41, 0x00, 0x21, 0x08, 0x61, 0x08, 0x62, 0x08, 0x61, 0x08, 0x61,
    0x08, 0x41, 0x08, 0x41, 0x08, 0x61, 0x08, 0x61, 0x08, 0x41, 0x08, 0x41, 0x00, 0x41, 0x00, 0x21,
    0x08, 0x61, 0x08, 0x61, 0x08, 0x61, 0x08, 0x61, 0x08, 0x41, 0x08, 0x41, 0x08, 0x61, 0x08, 0x61,
    0x08, 0x41, 0x08, 0x41, 0x00, 0x21, 0x00, 0x20, 0x08, 0x61, 0x08, 0x61, 0x08, 0x61, 0x08, 0x41,
    0x08, 0x41, 0x08, 0x41, 0x08, 0x61, 0x08, 0x41, 0x08, 0x41, 0x00, 0x41, 0x00, 0x20, 0x00, 0x20,
    0x08, 0x61, 0x08, 0x61, 0x08, 0x61, 0x08, 0x41, 0x08, 0x41, 0x00, 0x21, 0x08, 0x41, 0x08, 0x41,
    0x08, 0x41, 0x00, 0x21, 0x00, 0x20, 0x00, 0x20, 0x08, 0x41, 0x08, 0x41, 0x08, 0x41, 0x08, 0x41,
    0x08, 0x41, 0x00, 0x20, 0x08, 0x41, 0x08, 0x41, 0x00, 0x41, 0x00, 0x20, 0x00, 0x20, 0x00, 0x20,
    0x08, 0x41, 0x08, 0x41, 0x08, 0x41, 0x08, 0x41, 0x00, 0x21, 0x00, 0x20, 0x08, 0x41, 0x00, 0x41,
    0x00, 0x20, 0x00, 0x20, 0x00, 0x20, 0x00, 0x20, 0x00, 0x41, 0x00, 0x41, 0x00, 0x21, 0x00, 0x20,
    0x00, 0x00, 0x00, 0x00, 0x00, 0x00, 0x00, 0x00, 0x00, 0x00, 0x00, 0x00, 0x00, 0x00, 0x00, 0x00,
    0x00, 0x00, 0x00, 0x00, 0x00, 0x00, 0x00, 0x00, 0x00, 0x00, 0x00, 0x00, 0x00, 0x00, 0x00, 0x00,
    0x00, 0x00, 0x00, 0x00, 0x00, 0x00, 0x00, 0x00, 0x00, 0x00, 0x00, 0x00, 0x00, 0x00, 0x00, 0x00,
    0x00, 0x00, 0x00, 0x00, 0x00, 0x00, 0x00, 0x00, 0x00, 0x00, 0x00, 0x00, 0x00, 0x00, 0x00, 0x00,
    0x00, 0x00, 0x00, 0x00, 0x00, 0x00, 0x00, 0x00, 0x00, 0x00, 0x00, 0x00, 0x00, 0x00, 0x00, 0x00,
    0x00, 0x00, 0x00, 0x00, 0x00, 0x00, 0x00, 0x00, 0x00, 0x00, 0x00, 0x00, 0x00, 0x00, 0x00, 0x00,
    0x00, 0x00, 0x00, 0x00, 0x00, 0x00, 0x00, 0x00, 0x00, 0x00, 0x00, 0x00, 0x00, 0x00, 0x00, 0x00,
    0x00, 0x00, 0x00, 0x00, 0x00, 0x00, 0x00, 0x00, 0x00, 0x00, 0x00, 0x00, 0x00, 0x00, 0x00, 0x21,
    0x00, 0x20, 0x00, 0x20, 0x00, 0x20, 0x00, 0x20, 0x08, 0x41, 0x08, 0x41, 0x00, 0x41, 0x00, 0x20,
    0x00, 0x20, 0x00, 0x20, 0x08, 0x41, 0x08, 0x41, 0x08, 0x41, 0x00, 0x21, 0x00, 0x20, 0x00, 0x20,
    0x08, 0x41, 0x08, 0x41, 0x08, 0x41, 0x00, 0x41, 0x00, 0x20, 0x00, 0x20, 0x08, 0x41, 0x08, 0x41,
    0x08, 0x41, 0x08, 0x41, 0x00, 0x21, 0x00, 0x20, 0x08, 0x41, 0x08, 0x41, 0x08, 0x41, 0x08, 0x41,
    0x00, 0x21, 0x00, 0x20, 0x08, 0x61, 0x08, 0x61, 0x08, 0x41, 0x08, 0x41, 0x00, 0x41, 0x00, 0x20,
    0x08, 0x61, 0x08, 0x61, 0x08, 0x41, 0x08, 0x41, 0x08, 0x41, 0x00, 0x21, 0x08, 0x61, 0x08, 0x61,
    0x08, 0x61, 0x08, 0x41, 0x08, 0x41, 0x00, 0x21, 0x08, 0x61, 0x08, 0x61, 0x08, 0x61, 0x08, 0x41,
    0x08, 0x41, 0x00, 0x21, 0x08, 0x61, 0x08, 0x61, 0x08, 0x61, 0x08, 0x41, 0x08, 0x41, 0x00, 0x41,
    0x08, 0x62, 0x08, 0x61, 0x08, 0x61, 0x08, 0x41, 0x08, 0x41, 0x00, 0x41, 0x08, 0x62, 0x08, 0x61,
    0x08, 0x61, 0x08, 0x41, 0x08, 0x41, 0x00, 0x41, 0x08, 0x62, 0x08, 0x62, 0x08, 0x61, 0x08, 0x41,
    0x08, 0x41, 0x00, 0x41, 0x08, 0x62, 0x08, 0x62, 0x08, 0x61, 0x08, 0x41, 0x08, 0x41, 0x00, 0x41,
    0x08, 0x62, 0x08, 0x62, 0x08, 0x61, 0x08, 0x41, 0x08, 0x41, 0x00, 0x41, 0x08, 0x62, 0x08, 0x62,
    0x08, 0x61, 0x08, 0x41, 0x08, 0x41, 0x00, 0x41, 0x08, 0x62, 0x08, 0x61, 0x08, 0x61, 0x08, 0x41,
    0x08, 0x41, 0x00, 0x41, 0x08, 0x62, 0x08, 0x61, 0x08, 0x61, 0x08, 0x41, 0x08, 0x41, 0x00, 0x41,
    0x08, 0x62, 0x08, 0x61, 0x08, 0x61, 0x08, 0x41, 0x08, 0x41, 0x00, 0x21, 0x08, 0x61, 0x08, 0x61,
    0x08, 0x61, 0x08, 0x41, 0x08, 0x41, 0x00, 0x21, 0x08, 0x61, 0x08, 0x61, 0x08, 0x61, 0x08, 0x41,
    0x08, 0x41, 0x00, 0x21, 0x08, 0x61, 0x08, 0x61, 0x08, 0x41, 0x08, 0x41, 0x00, 0x41, 0x00, 0x21,
    0x08, 0x61, 0x08, 0x61, 0x08, 0x41, 0x08, 0x41, 0x00, 0x41, 0x00, 0x20, 0x08, 0x61, 0x08, 0x41,
    0x08, 0x41, 0x08, 0x41, 0x00, 0x21, 0x00, 0x20, 0x08, 0x41, 0x08, 0x41, 0x08, 0x41, 0x08, 0x41,
    0x00, 0x21, 0x00, 0x20, 0x08, 0x41, 0x08, 0x41, 0x08, 0x41, 0x00, 0x41, 0x00, 0x20, 0x00, 0x20,
    0x08, 0x41, 0x08, 0x41, 0x08, 0x41, 0x00, 0x21, 0x00, 0x20, 0x00, 0x20, 0x08, 0x41, 0x08, 0x41,
    0x00, 0x41, 0x00, 0x20, 0x00, 0x20, 0x00, 0x20, 0x08, 0x41, 0x00, 0x41, 0x00, 0x21, 0x00, 0x20,
    0x00, 0x20, 0x00, 0x00, 0x00, 0x00, 0x00, 0x00, 0x00, 0x00, 0x00, 0x00, 0x00, 0x00, 0x00, 0x00,
    0x00, 0x00, 0x00, 0x00, 0x00, 0x00, 0x00, 0x00, 0x00, 0x00, 0x00, 0x00, 0x00, 0x00, 0x00, 0x00,
    0x00, 0x00, 0x00, 0x00, 0x00, 0x00, 0x00, 0x00, 0x00, 0x00, 0x00, 0x00, 0x00, 0x00, 0x00, 0x00,
    0x00, 0x00, 0x00, 0x00, 0x00, 0x00, 0x00, 0x00, 0x00, 0x00, 0x00, 0x00, 0x00, 0x00, 0x00, 0x00,
    0x00, 0x00, 0x00, 0x00, 0x00, 0x00, 0x00, 0x00, 0x00, 0x00, 0x00, 0x00, 0x00, 0x00, 0x00, 0x00,
    0x00, 0x00, 0x00, 0x00, 0x00, 0x00, 0x00, 0x00, 0x00, 0x00, 0x00, 0x00, 0x00, 0x00, 0x00, 0x00,
    0x00, 0x00, 0x00, 0x00, 0x00, 0x00, 0x00, 0x00, 0x00, 0x00, 0x00, 0x00, 0x00, 0x00, 0x00, 0x00,
    0x00, 0x00, 0x00, 0x00, 0x00, 0x00, 0x00, 0x00, 0x00, 0x00, 0x00, 0x00, 0x00, 0x21, 0x00, 0x41,
    0x00, 0x41, 0x00, 0x21, 0x00, 0x20, 0x00, 0x20, 0x08, 0x41, 0x00, 0x41, 0x00, 0x20, 0x00, 0x20,
    0x00, 0x20, 0x00, 0x20, 0x08, 0x41, 0x08, 0x41, 0x08, 0x41, 0x08, 0x41, 0x00, 0x21, 0x00, 0x20,
    0x08, 0x41, 0x08, 0x41, 0x00, 0x41, 0x00, 0x20, 0x00, 0x20, 0x00, 0x20, 0x08, 0x41, 0x08, 0x41,
    0x08, 0x41, 0x08, 0x41, 0x08, 0x41, 0x00, 0x21, 0x08, 0x41, 0x08, 0x41, 0x08, 0x41, 0x00, 0x21,
    0x00, 0x20, 0x00, 0x20, 0x08, 0x61, 0x08, 0x61, 0x08, 0x61, 0x08, 0x41, 0x08, 0x41, 0x00, 0x41,
    0x08, 0x61, 0x08, 0x41, 0x08, 0x41, 0x08, 0x41, 0x00, 0x21, 0x00, 0x20, 0x08, 0x61, 0x08, 0x61,
    0x08, 0x61, 0x08, 0x61, 0x08, 0x41, 0x08, 0x41, 0x08, 0x61, 0x08, 0x61, 0x08, 0x41, 0x08, 0x41,
    0x00, 0x21, 0x00, 0x21, 0x08, 0x61, 0x08, 0x62, 0x08, 0x61, 0x08, 0x61, 0x08, 0x41, 0x08, 0x41,
    0x08, 0x61, 0x08, 0x61, 0x08, 0x41, 0x08, 0x41, 0x00, 0x41, 0x00, 0x21, 0x08, 0x61, 0x08, 0x62,
    0x08, 0x62, 0x08, 0x61, 0x08, 0x41, 0x08, 0x41, 0x08, 0x62, 0x08, 0x61, 0x08, 0x41, 0x08, 0x41,
    0x00, 0x41, 0x00, 0x21, 0x08, 0x62, 0x08, 0x62, 0x08, 0x62, 0x08, 0x61, 0x08, 0x41, 0x08, 0x41,
    0x08, 0x62, 0x08, 0x61, 0x08, 0x41, 0x08, 0x41, 0x00, 0x41, 0x00, 0x21, 0x08, 0x62, 0x08, 0x62,
    0x08, 0x62, 0x08, 0x61, 0x08, 0x41, 0x08, 0x41, 0x08, 0x62, 0x08, 0x61, 0x08, 0x41, 0x08, 0x41,
    0x00, 0x41, 0x00, 0x21, 0x08, 0x61, 0x08, 0x62, 0x08, 0x61, 0x08, 0x61, 0x08, 0x41, 0x08, 0x41,
    0x08, 0x61, 0x08, 0x61, 0x08, 0x41, 0x08, 0x41, 0x00, 0x41, 0x00, 0x21, 0x08, 0x61, 0x08, 0x61,
    0x08, 0x61, 0x08, 0x61, 0x08, 0x41, 0x08, 0x41, 0x08, 0x61, 0x08, 0x61, 0x08, 0x41, 0x08, 0x41,
    0x00, 0x21, 0x00, 0x20, 0x08, 0x61, 0x08, 0x61, 0x08, 0x61, 0x08, 0x41, 0x08, 0x41, 0x08, 0x41,
    0x08, 0x61, 0x08, 0x41, 0x08, 0x41, 0x00, 0x41, 0x00, 0x20, 0x00, 0x20, 0x08, 0x61, 0x08, 0x61,
    0x08, 0x61, 0x08, 0x41, 0x08, 0x41, 0x00, 0x21, 0x08, 0x41, 0x08, 0x41, 0x08, 0x41, 0x00, 0x21,
    0x00, 0x20, 0x00, 0x20, 0x08, 0x41, 0x08, 0x41, 0x08, 0x41, 0x08, 0x41, 0x00, 0x41, 0x00, 0x20,
    0x08, 0x41, 0x08, 0x41, 0x00, 0x21, 0x00, 0x20, 0x00, 0x20, 0x00, 0x20, 0x08, 0x41, 0x08, 0x41,
    0x08, 0x41, 0x00, 0x41, 0x00, 0x20, 0x00, 0x20, 0x08, 0x41, 0x00, 0x21, 0x00, 0x20, 0x00, 0x20,
    0x00, 0x20, 0x00, 0x20, 0x00, 0x00, 0x00, 0x00, 0x00, 0x00, 0x00, 0x00, 0x00, 0x00, 0x00, 0x00,
    0x00, 0x00, 0x00, 0x00, 0x00, 0x00, 0x00, 0x00, 0x00, 0x00, 0x00, 0x00, 0x00, 0x00, 0x00, 0x00,
    0x00, 0x00, 0x00, 0x00, 0x00, 0x00, 0x00, 0x00, 0x00, 0x00, 0x00, 0x00, 0x00, 0x00, 0x00, 0x00,
    0x00, 0x00, 0x00, 0x00, 0x00, 0x00, 0x00, 0x00, 0x00, 0x00, 0x00, 0x00, 0x00, 0x00, 0x00, 0x00,
    0x00, 0x00, 0x00, 0x00, 0x00, 0x00, 0x00, 0x00, 0x00, 0x00, 0x00, 0x00, 0x00, 0x00, 0x00, 0x00,
    0x00, 0x00, 0x00, 0x00, 0x00, 0x00, 0x00, 0x00, 0x00, 0x00, 0x00, 0x00, 0x00, 0x00, 0x00, 0x00,
    0x00, 0x00, 0x00, 0x00, 0x00, 0x00, 0x00, 0x00, 0x00, 0x00, 0x00, 0x00, 0x00, 0x00, 0x00, 0x00,
    0x00, 0x00, 0x00, 0x00, 0x00, 0x00, 0x00, 0x00, 0x00, 0x00, 0x00, 0x20, 0x00, 0x20, 0x00, 0x41,
    0x00, 0x41, 0x00, 0x41, 0x00, 0x21, 0x00, 0x20, 0x00, 0x41, 0x00, 0x20, 0x00, 0x20, 0x00, 0x20,
    0x00, 0x20, 0x00, 0x20, 0x08, 0x41, 0x08, 0x41, 0x08, 0x41, 0x08, 0x41, 0x08, 0x41, 0x00, 0x41,
    0x08, 0x41, 0x00, 0x41, 0x00, 0x20, 0x00, 0x20, 0x00, 0x20, 0x00, 0x20, 0x08, 0x41, 0x08, 0x41,
    0x08, 0x41, 0x08, 0x41, 0x08, 0x41, 0x08, 0x41, 0x08, 0x41, 0x08, 0x41, 0x00, 0x21, 0x00, 0x20,
    0x00, 0x20, 0x00, 0x20, 0x08, 0x41, 0x08, 0x61, 0x08, 0x61, 0x08, 0x61, 0x08, 0x41, 0x08, 0x41,
    0x08, 0x41, 0x08, 0x41, 0x08, 0x41, 0x00, 0x21, 0x00, 0x20, 0x00, 0x21, 0x08, 0x61, 0x08, 0x61,
    0x08, 0x61, 0x08, 0x61, 0x08, 0x61, 0x08, 0x41, 0x08, 0x61, 0x08, 0x41, 0x08, 0x41, 0x00, 0x41,
    0x00, 0x21, 0x00, 0x41, 0x08, 0x61, 0x08, 0x61, 0x08, 0x62, 0x08, 0x61, 0x08, 0x61, 0x08, 0x41,
    0x08, 0x61, 0x08, 0x41, 0x08, 0x41, 0x00, 0x41, 0x00, 0x21, 0x00, 0x41, 0x08, 0x61, 0x08, 0x62,
    0x08, 0x62, 0x08, 0x62, 0x08, 0x61, 0x08, 0x41, 0x08, 0x61, 0x08, 0x41, 0x08, 0x41, 0x08, 0x41,
    0x00, 0x41, 0x08, 0x41, 0x08, 0x61, 0x08, 0x62, 0x08, 0x62, 0x08, 0x62, 0x08, 0x61, 0x08, 0x41,
    0x08, 0x61, 0x08, 0x41, 0x08, 0x41, 0x08, 0x41, 0x00, 0x41, 0x08, 0x41, 0x08, 0x61, 0x08, 0x62,
    0x08, 0x62, 0x08, 0x62, 0x08, 0x61, 0x08, 0x41, 0x08, 0x61, 0x08, 0x41, 0x08, 0x41, 0x00, 0x41,
    0x00, 0x21, 0x00, 0x41, 0x08, 0x61, 0x08, 0x62, 0x08, 0x62, 0x08, 0x61, 0x08, 0x61, 0x08, 0x41,
    0x08, 0x61, 0x08, 0x41, 0x08, 0x41, 0x00, 0x41, 0x00, 0x21, 0x00, 0x41, 0x08, 0x61, 0x08, 0x61,
    0x08, 0x61, 0x08, 0x61, 0x08, 0x61, 0x08, 0x41, 0x08, 0x61, 0x08, 0x41, 0x08, 0x41, 0x00, 0x21,
    0x00, 0x21, 0x00, 0x21, 0x08, 0x61, 0x08, 0x61, 0x08, 0x61, 0x08, 0x61, 0x08, 0x41, 0x08, 0x41,
    0x08, 0x41, 0x08, 0x41, 0x00, 0x41, 0x00, 0x20, 0x00, 0x20, 0x00, 0x20, 0x08, 0x41, 0x08, 0x61,
    0x08, 0x61, 0x08, 0x61, 0x08, 0x41, 0x08, 0x41, 0x08, 0x41, 0x08, 0x41, 0x00, 0x21, 0x00, 0x20,
    0x00, 0x20, 0x00, 0x20, 0x08, 0x41, 0x08, 0x41, 0x08, 0x41, 0x08, 0x41, 0x08, 0x41, 0x00, 0x41,
    0x08, 0x41, 0x00, 0x41, 0x00, 0x20, 0x00, 0x20, 0x00, 0x20, 0x00, 0x20, 0x08, 0x41, 0x08, 0x41,
    0x08, 0x41, 0x08, 0x41, 0x00, 0x41, 0x00, 0x20, 0x00, 0x21, 0x00, 0x20, 0x00, 0x20, 0x00, 0x20,
    0x00, 0x20, 0x00, 0x20, 0x00, 0x20, 0x00, 0x00, 0x00, 0x00, 0x00, 0x00, 0x00, 0x00, 0x00, 0x00,
    0x00, 0x00, 0x00, 0x00, 0x00, 0x00, 0x00, 0x00, 0x00, 0x00, 0x00, 0x00, 0x00, 0x00, 0x00, 0x00,
    0x00, 0x00, 0x00, 0x00, 0x00, 0x00, 0x00, 0x00, 0x00, 0x00, 0x00, 0x00, 0x00, 0x00, 0x00, 0x00,
    0x00, 0x00, 0x00, 0x00, 0x00, 0x00, 0x00, 0x00, 0x00, 0x00, 0x00, 0x00, 0x00, 0x00, 0x00, 0x00,
    0x00, 0x00, 0x00, 0x00, 0x00, 0x00, 0x00, 0x00, 0x00, 0x00, 0x00, 0x00, 0x00, 0x00, 0x00, 0x00,
    0x00, 0x00, 0x00, 0x00, 0x00, 0x00, 0x00, 0x00, 0x00, 0x00, 0x00, 0x00, 0x00, 0x00, 0x00, 0x00,
    0x00, 0x00, 0x00, 0x00, 0x00, 0x00, 0x00, 0x00, 0x00, 0x00, 0x00, 0x00, 0x00, 0x00, 0x00, 0x00,
    0x00, 0x00, 0x00, 0x00, 0x00, 0x00, 0x00, 0x00, 0x00, 0x20, 0x00, 0x20, 0x00, 0x20, 0x00, 0x21,
    0x00, 0x41, 0x08, 0x41, 0x08, 0x41, 0x00, 0x41, 0x00, 0x20, 0x00, 0x20, 0x00, 0x20, 0x00, 0x20,
    0x00, 0x20, 0x00, 0x20, 0x00, 0x21, 0x08, 0x41, 0x08, 0x41, 0x08, 0x41, 0x08, 0x41, 0x08, 0x41,
    0x00, 0x41, 0x00, 0x20, 0x00, 0x20, 0x00, 0x20, 0x00, 0x20, 0x00, 0x21, 0x08, 0x41, 0x08, 0x41,
    0x08, 0x41, 0x08, 0x61, 0x08, 0x41, 0x08, 0x41, 0x08, 0x41, 0x00, 0x41, 0x00, 0x20, 0x00, 0x20,
    0x00, 0x20, 0x00, 0x41, 0x08, 0x41, 0x08, 0x41, 0x08, 0x61, 0x08, 0x61, 0x08, 0x61, 0x08, 0x41,
    0x08, 0x41, 0x08, 0x41, 0x00, 0x21, 0x00, 0x20, 0x00, 0x21, 0x08, 0x41, 0x08, 0x41, 0x08, 0x61,
    0x08, 0x61, 0x08, 0x61, 0x08, 0x61, 0x08, 0x61, 0x08, 0x41, 0x08, 0x41, 0x00, 0x41, 0x00, 0x21,
    0x00, 0x41, 0x08, 0x41, 0x08, 0x41, 0x08, 0x61, 0x08, 0x61, 0x08, 0x62, 0x08, 0x61, 0x08, 0x61,
    0x08, 0x41, 0x08, 0x41, 0x00, 0x41, 0x00, 0x21, 0x00, 0x41, 0x08, 0x41, 0x08, 0x41, 0x08, 0x61,
    0x08, 0x62, 0x08, 0x62, 0x08, 0x62, 0x08, 0x61, 0x08, 0x41, 0x08, 0x41, 0x08, 0x41, 0x00, 0x41,
    0x08, 0x41, 0x08, 0x41, 0x08, 0x41, 0x08, 0x61, 0x08, 0x62, 0x08, 0x62, 0x08, 0x62, 0x08, 0x61,
    0x08, 0x41, 0x08, 0x41, 0x08, 0x41, 0x00, 0x41, 0x08, 0x41, 0x08, 0x41, 0x08, 0x41, 0x08, 0x61,
    0x08, 0x62, 0x08, 0x62, 0x08, 0x62, 0x08, 0x61, 0x08, 0x41, 0x08, 0x41, 0x08, 0x41, 0x00, 0x41,
    0x08, 0x41, 0x08, 0x41, 0x08, 0x41, 0x08, 0x61, 0x08, 0x62, 0x08, 0x62, 0x08, 0x62, 0x08, 0x61,
    0x08, 0x41, 0x08, 0x41, 0x00, 0x41, 0x00, 0x21, 0x00, 0x41, 0x08, 0x41, 0x08, 0x41, 0x08, 0x61,
    0x08, 0x61, 0x08, 0x62, 0x08, 0x61, 0x08, 0x61, 0x08, 0x41, 0x08, 0x41, 0x00, 0x21, 0x00, 0x21,
    0x00, 0x21, 0x08, 0x41, 0x08, 0x41, 0x08, 0x61, 0x08, 0x61, 0x08, 0x61, 0x08, 0x61, 0x08, 0x41,
    0x08, 0x41, 0x08, 0x41, 0x00, 0x21, 0x00, 0x20, 0x00, 0x20, 0x00, 0x41, 0x08, 0x41, 0x08, 0x41,
    0x08, 0x61, 0x08, 0x61, 0x08, 0x61, 0x08, 0x41, 0x08, 0x41, 0x00, 0x21, 0x00, 0x20, 0x00, 0x20,
    0x00, 0x20, 0x00, 0x21, 0x08, 0x41, 0x08, 0x41, 0x08, 0x41, 0x08, 0x41, 0x08, 0x41, 0x08, 0x41,
    0x00, 0x41, 0x00, 0x20, 0x00, 0x20, 0x00, 0x20, 0x00, 0x20, 0x00, 0x20, 0x00, 0x21, 0x08, 0x41,
    0x08, 0x41, 0x08, 0x41, 0x08, 0x41, 0x00, 0x41, 0x00, 0x20, 0x00, 0x20, 0x00, 0x20, 0x00, 0x20,
    0x00, 0x20, 0x00, 0x20, 0x00, 0x20, 0x00, 0x20, 0x00, 0x00, 0x00, 0x00, 0x00, 0x00, 0x00, 0x00,
    0x00, 0x00, 0x00, 0x00, 0x00, 0x00, 0x00, 0x00, 0x00, 0x00, 0x00, 0x00, 0x00, 0x00, 0x00, 0x00,
    0x00, 0x00, 0x00, 0x00, 0x00, 0x00, 0x00, 0x00, 0x00, 0x00, 0x00, 0x00, 0x00, 0x00, 0x00, 0x00,
    0x00, 0x00, 0x00, 0x00, 0x00, 0x00, 0x00, 0x00, 0x00, 0x00, 0x00, 0x00, 0x00, 0x00, 0x00, 0x00,
    0x00, 0x00, 0x00, 0x00, 0x00, 0x00, 0x00, 0x00, 0x00, 0x00, 0x00, 0x00, 0x00, 0x00, 0x00, 0x00,
    0x00, 0x00, 0x00, 0x00, 0x00, 0x00, 0x00, 0x00, 0x00, 0x00, 0x00, 0x00, 0x00, 0x00, 0x00, 0x00,
    0x00, 0x00, 0x00, 0x00, 0x00, 0x00, 0x00, 0x00, 0x00, 0x00, 0x00, 0x00, 0x00, 0x00, 0x00, 0x00,
    0x00, 0x00, 0x00, 0x00, 0x00, 0x00, 0x00, 0x00, 0x00, 0x20, 0x00, 0x20, 0x00, 0x21, 0x00, 0x41,
    0x08, 0x41, 0x08, 0x41, 0x00, 0x41, 0x00, 0x20, 0x00, 0x41, 0x00, 0x21, 0x00, 0x20, 0x00, 0x20,
    0x00, 0x20, 0x00, 0x20, 0x08, 0x41, 0x08, 0x41, 0x08, 0x41, 0x08, 0x41, 0x08, 0x41, 0x00, 0x41,
    0x08, 0x41, 0x08, 0x41, 0x00, 0x21, 0x00, 0x20, 0x00, 0x20, 0x00, 0x20, 0x08, 0x41, 0x08, 0x41,
    0x08, 0x61, 0x08, 0x41, 0x08, 0x41, 0x08, 0x41, 0x08, 0x41, 0x08, 0x41, 0x00, 0x41, 0x00, 0x20,
    0x00, 0x20, 0x00, 0x20, 0x08, 0x41, 0x08, 0x61, 0x08, 0x61, 0x08, 0x61, 0x08, 0x41, 0x08, 0x41,
    0x08, 0x61, 0x08, 0x41, 0x08, 0x41, 0x00, 0x21, 0x00, 0x21, 0x00, 0x21, 0x08, 0x61, 0x08, 0x61,
    0x08, 0x61, 0x08, 0x61, 0x08, 0x61, 0x08, 0x41, 0x08, 0x61, 0x08, 0x41, 0x08, 0x41, 0x00, 0x41,
    0x00, 0x21, 0x00, 0x41, 0x08, 0x61, 0x08, 0x61, 0x08, 0x62, 0x08, 0x62, 0x08, 0x61, 0x08, 0x41,
    0x08, 0x61, 0x08, 0x41, 0x08, 0x41, 0x08, 0x41, 0x00, 0x41, 0x08, 0x41, 0x08, 0x61, 0x08, 0x62,
    0x08, 0x62, 0x08, 0x62, 0x08, 0x61, 0x08, 0x41, 0x08, 0x61, 0x08, 0x41, 0x08, 0x41, 0x08, 0x41,
    0x00, 0x41, 0x08, 0x41, 0x08, 0x61, 0x08, 0x62, 0x08, 0x62, 0x08, 0x62, 0x08, 0x61, 0x08, 0x41,
    0x08, 0x61, 0x08, 0x41, 0x08, 0x41, 0x08, 0x41, 0x00, 0x41, 0x08, 0x41, 0x08, 0x61, 0x08, 0x62,
    0x08, 0x62, 0x08, 0x62, 0x08, 0x61, 0x08, 0x41, 0x08, 0x61, 0x08, 0x41, 0x08, 0x41, 0x08, 0x41,
    0x00, 0x41, 0x08, 0x41, 0x08, 0x61, 0x08, 0x62, 0x08, 0x62, 0x08, 0x62, 0x08, 0x61, 0x08, 0x41,
    0x08, 0x61, 0x08, 0x41, 0x08, 0x41, 0x00, 0x41, 0x00, 0x21, 0x00, 0x41, 0x08, 0x61, 0x08, 0x61,
    0x08, 0x62, 0x08, 0x61, 0x08, 0x61, 0x08, 0x41, 0x08, 0x61, 0x08, 0x41, 0x08, 0x41, 0x00, 0x21,
    0x00, 0x21, 0x00, 0x21, 0x08, 0x61, 0x08, 0x61, 0x08, 0x61, 0x08, 0x61, 0x08, 0x61, 0x08, 0x41,
    0x08, 0x41, 0x08, 0x41, 0x08, 0x41, 0x00, 0x21, 0x00, 0x20, 0x00, 0x21, 0x08, 0x41, 0x08, 0x61,
    0x08, 0x61, 0x08, 0x61, 0x08, 0x41, 0x08, 0x41, 0x08, 0x41, 0x08, 0x41, 0x00, 0x21, 0x00, 0x20,
    0x00, 0x20, 0x00, 0x20, 0x08, 0x41, 0x08, 0x41, 0x08, 0x41, 0x08, 0x41, 0x08, 0x41, 0x00, 0x41,
    0x08, 0x41, 0x00, 0x41, 0x00, 0x20, 0x00, 0x20, 0x00, 0x20, 0x00, 0x20, 0x08, 0x41, 0x08, 0x41,
    0x08, 0x41, 0x08, 0x41, 0x00, 0x41, 0x00, 0x20, 0x00, 0x41, 0x00, 0x20, 0x00, 0x20, 0x00, 0x20,
    0x00, 0x20, 0x00, 0x20, 0x00, 0x21, 0x00, 0x21, 0x00, 0x00, 0x00, 0x00, 0x00, 0x00, 0x00, 0x00,
    0x00, 0x00, 0x00, 0x00, 0x00, 0x00, 0x00, 0x00, 0x00, 0x00, 0x00, 0x00, 0x00, 0x00, 0x00, 0x00,
    0x00, 0x00, 0x00, 0x00, 0x00, 0x00, 0x00, 0x00, 0x00, 0x00, 0x00, 0x00, 0x00, 0x00, 0x00, 0x00,
    0x00, 0x00, 0x00, 0x00, 0x00, 0x00, 0x00, 0x00, 0x00, 0x00, 0x00, 0x00, 0x00, 0x00, 0x00, 0x00,
    0x00, 0x00, 0x00, 0x00, 0x00, 0x00, 0x00, 0x00, 0x00, 0x00, 0x00, 0x00, 0x00, 0x00, 0x00, 0x00,
    0x00, 0x00, 0x00, 0x00, 0x00, 0x00, 0x00, 0x00, 0x00, 0x00, 0x00, 0x00, 0x00, 0x00, 0x00, 0x00,
    0x00, 0x00, 0x00, 0x00, 0x00, 0x00, 0x00, 0x00, 0x00, 0x00, 0x00, 0x00, 0x00, 0x00, 0x00, 0x00,
    0x00, 0x00, 0x00, 0x00, 0x00, 0x00, 0x00, 0x20, 0x00, 0x20, 0x00, 0x20, 0x00, 0x41, 0x08, 0x41,
    0x08, 0x41, 0x00, 0x21, 0x00, 0x20, 0x00, 0x20, 0x08, 0x41, 0x08, 0x41, 0x00, 0x21, 0x00, 0x20,
    0x00, 0x20, 0x00, 0x20, 0x08, 0x41, 0x08, 0x41, 0x08, 0x41, 0x08, 0x41, 0x00, 0x41, 0x00, 0x20,
    0x08, 0x41, 0x08, 0x41, 0x08, 0x41, 0x00, 0x21, 0x00, 0x20, 0x00, 0x20, 0x08, 0x41, 0x08, 0x61,
    0x08, 0x41, 0x08, 0x41, 0x08, 0x41, 0x00, 0x41, 0x08, 0x61, 0x08, 0x41, 0x08, 0x41, 0x00, 0x41,
    0x00, 0x20, 0x00, 0x20, 0x08, 0x61, 0x08, 0x61, 0x08, 0x61, 0x08, 0x41, 0x08, 0x41, 0x08, 0x41,
    0x08, 0x61, 0x08, 0x61, 0x08, 0x41, 0x08, 0x41, 0x00, 0x21, 0x00, 0x21, 0x08, 0x61, 0x08, 0x61,
    0x08, 0x61, 0x08, 0x61, 0x08, 0x41, 0x08, 0x41, 0x08, 0x61, 0x08, 0x61, 0x08, 0x41, 0x08, 0x41,
    0x00, 0x41, 0x00, 0x21, 0x08, 0x62, 0x08, 0x62, 0x08, 0x62, 0x08, 0x61, 0x08, 0x41, 0x08, 0x41,
    0x08, 0x62, 0x08, 0x61, 0x08, 0x41, 0x08, 0x41, 0x08, 0x41, 0x00, 0x41, 0x08, 0x62, 0x08, 0x62,
    0x08, 0x62, 0x08, 0x61, 0x08, 0x41, 0x08, 0x41, 0x08, 0x62, 0x08, 0x61, 0x08, 0x61, 0x08, 0x41,
    0x08, 0x41, 0x00, 0x41, 0x08, 0x62, 0x08, 0x62, 0x08, 0x62, 0x08, 0x61, 0x08, 0x61, 0x08, 0x41,
    0x08, 0x62, 0x08, 0x61, 0x08, 0x61, 0x08, 0x41, 0x08, 0x41, 0x00, 0x41, 0x08, 0x62, 0x08, 0x62,
    0x08, 0x62, 0x08, 0x61, 0x08, 0x41, 0x08, 0x41, 0x08, 0x62, 0x08, 0x61, 0x08, 0x41, 0x08, 0x41,
    0x08, 0x41, 0x00, 0x41, 0x08, 0x62, 0x08, 0x62, 0x08, 0x62, 0x08, 0x61, 0x08, 0x41, 0x08, 0x41,
    0x08, 0x62, 0x08, 0x61, 0x08, 0x41, 0x08, 0x41, 0x00, 0x41, 0x00, 0x21, 0x08, 0x61, 0x08, 0x62,
    0x08, 0x61, 0x08, 0x61, 0x08, 0x41, 0x08, 0x41, 0x08, 0x61, 0x08, 0x61, 0x08, 0x41, 0x08, 0x41,
    0x00, 0x21, 0x00, 0x21, 0x08, 0x61, 0x08, 0x61, 0x08, 0x61, 0x08, 0x61, 0x08, 0x41, 0x08, 0x41,
    0x08, 0x61, 0x08, 0x61, 0x08, 0x41, 0x08, 0x41, 0x00, 0x21, 0x00, 0x20, 0x08, 0x61, 0x08, 0x61,
    0x08, 0x61, 0x08, 0x41, 0x08, 0x41, 0x00, 0x41, 0x08, 0x61, 0x08, 0x41, 0x08, 0x41, 0x00, 0x21,
    0x00, 0x20, 0x00, 0x20, 0x08, 0x41, 0x08, 0x41, 0x08, 0x41, 0x08, 0x41, 0x08, 0x41, 0x00, 0x20,
    0x08, 0x41, 0x08, 0x41, 0x00, 0x41, 0x00, 0x20, 0x00, 0x20, 0x00, 0x20, 0x08, 0x41, 0x08, 0x41,
    0x08, 0x41, 0x08, 0x41, 0x00, 0x21, 0x00, 0x20, 0x08, 0x41, 0x00, 0x41, 0x00, 0x20, 0x00, 0x20,
    0x00, 0x20, 0x00, 0x20, 0x00, 0x41, 0x00, 0x41, 0x00, 0x21, 0x00, 0x00, 0x00, 0x00, 0x00, 0x00,
    0x00, 0x00, 0x00, 0x00, 0x00, 0x00, 0x00, 0x00, 0x00, 0x00, 0x00, 0x00, 0x00, 0x00, 0x00, 0x00,
    0x00, 0x00, 0x00, 0x00, 0x00, 0x00, 0x00, 0x00, 0x00, 0x00, 0x00, 0x00, 0x00, 0x00, 0x00, 0x00,
    0x00, 0x00, 0x00, 0x00, 0x00, 0x00, 0x00, 0x00, 0x00, 0x00, 0x00, 0x00, 0x00, 0x00, 0x00, 0x00,
    0x00, 0x00, 0x00, 0x00, 0x00, 0x00, 0x00, 0x00, 0x00, 0x00, 0x00, 0x00, 0x00, 0x00, 0x00, 0x00,
    0x00, 0x00, 0x00, 0x00, 0x00, 0x00, 0x00, 0x00, 0x00, 0x00, 0x00, 0x00, 0x00, 0x00, 0x00, 0x00,
    0x00, 0x00, 0x00, 0x00, 0x00, 0x00, 0x00, 0x00, 0x00, 0x00, 0x00, 0x00, 0x00, 0x00, 0x00, 0x00,
    0x00, 0x00, 0x00, 0x00, 0x00, 0x20, 0x00, 0x20, 0x00, 0x20, 0x00, 0x20, 0x08, 0x41, 0x08, 0x41,
    0x00, 0x21, 0x00, 0x20, 0x00, 0x20, 0x00, 0x20, 0x08, 0x41, 0x08, 0x41, 0x08, 0x41, 0x00, 0x21,
    0x00, 0x20, 0x00, 0x20, 0x08, 0x41, 0x08, 0x41, 0x08, 0x41, 0x00, 0x41, 0x00, 0x20, 0x00, 0x20,
    0x08, 0x41, 0x08, 0x41, 0x08, 0x41, 0x08, 0x41, 0x00, 0x21, 0x00, 0x20, 0x08, 0x61, 0x08, 0x41,
    0x08, 0x41, 0x08, 0x41, 0x00, 0x41, 0x00, 0x20, 0x08, 0x61, 0x08, 0x61, 0x08, 0x41, 0x08, 0x41,
    0x00, 0x41, 0x00, 0x21, 0x08, 0x61, 0x08, 0x61, 0x08, 0x41, 0x08, 0x41, 0x08, 0x41, 0x00, 0x21,
    0x08, 0x61, 0x08, 0x61, 0x08, 0x61, 0x08, 0x41, 0x08, 0x41, 0x00, 0x21, 0x08, 0x61, 0x08, 0x61,
    0x08, 0x61, 0x08, 0x41, 0x08, 0x41, 0x00, 0x41, 0x08, 0x62, 0x08, 0x61, 0x08, 0x61, 0x08, 0x41,
    0x08, 0x41, 0x00, 0x41, 0x08, 0x62, 0x08, 0x62, 0x08, 0x61, 0x08, 0x41, 0x08, 0x41, 0x08, 0x41,
    0x08, 0x62, 0x08, 0x62, 0x08, 0x61, 0x08, 0x41, 0x08, 0x41, 0x08, 0x41, 0x08, 0x62, 0x08, 0x62,
    0x08, 0x61, 0x08, 0x61, 0x08, 0x41, 0x08, 0x41, 0x08, 0x62, 0x08, 0x62, 0x08, 0x61, 0x08, 0x61,
    0x08, 0x41, 0x08, 0x41, 0x08, 0x62, 0x08, 0x62, 0x08, 0x61, 0x08, 0x61, 0x08, 0x41, 0x08, 0x41,
    0x08, 0x62, 0x08, 0x62, 0x08, 0x61, 0x08, 0x61, 0x08, 0x41, 0x08, 0x41, 0x08, 0x62, 0x08, 0x62,
    0x08, 0x61, 0x08, 0x61, 0x08, 0x41, 0x08, 0x41, 0x08, 0x62, 0x08, 0x62, 0x08, 0x61, 0x08, 0x61,
    0x08, 0x41, 0x08, 0x41, 0x08, 0x62, 0x08, 0x62, 0x08, 0x61, 0x08, 0x41, 0x08, 0x41, 0x08, 0x41,
    0x08, 0x62, 0x08, 0x62, 0x08, 0x61, 0x08, 0x41, 0x08, 0x41, 0x00, 0x41, 0x08, 0x62, 0x08, 0x62,
    0x08, 0x61, 0x08, 0x41, 0x08, 0x41, 0x00, 0x41, 0x08, 0x62, 0x08, 0x61, 0x08, 0x61, 0x08, 0x41,
    0x08, 0x41, 0x00, 0x41, 0x08, 0x61, 0x08, 0x61, 0x08, 0x61, 0x08, 0x41, 0x08, 0x41, 0x00, 0x21,
    0x08, 0x61, 0x08, 0x61, 0x08, 0x61, 0x08, 0x41, 0x08, 0x41, 0x00, 0x21, 0x08, 0x61, 0x08, 0x61,
    0x08, 0x41, 0x08, 0x41, 0x00, 0x41, 0x00, 0x20, 0x08, 0x61, 0x08, 0x61, 0x08, 0x41, 0x08, 0x41,
    0x00, 0x21, 0x00, 0x20, 0x08, 0x41, 0x08, 0x41, 0x08, 0x41, 0x08, 0x41, 0x00, 0x21, 0x00, 0x20,
    0x08, 0x41, 0x08, 0x41, 0x08, 0x41, 0x00, 0x41, 0x00, 0x20, 0x00, 0x20, 0x08, 0x41, 0x08, 0x41,
    0x08, 0x41, 0x00, 0x21, 0x00, 0x20, 0x00, 0x20, 0x08, 0x41, 0x08, 0x41, 0x00, 0x41, 0x00, 0x20,
    0x00, 0x20, 0x00, 0x20, 0x08, 0x41, 0x00, 0x41, 0x00, 0x20, 0x00, 0x20, 0x00, 0x00, 0x00, 0x00,
    0x00, 0x00, 0x00, 0x00, 0x00, 0x00, 0x00, 0x00, 0x00, 0x00, 0x00, 0x00, 0x00, 0x00, 0x00, 0x00,
    0x00, 0x00, 0x00, 0x00, 0x00, 0x00, 0x00, 0x00, 0x00, 0x00, 0x00, 0x00, 0x00, 0x00, 0x00, 0x00,
    0x00, 0x00, 0x00, 0x00, 0x00, 0x00, 0x00, 0x00, 0x00, 0x00, 0x00, 0x00, 0x00, 0x00, 0x00, 0x00,
    0x00, 0x00, 0x00, 0x00, 0x00, 0x00, 0x00, 0x00, 0x00, 0x00, 0x00, 0x00, 0x00, 0x00, 0x00, 0x00,
    0x00, 0x00, 0x00, 0x00, 0x00, 0x00, 0x00, 0x00, 0x00, 0x00, 0x00, 0x00, 0x00, 0x00, 0x00, 0x00,
    0x00, 0x00, 0x00, 0x00, 0x00, 0x00, 0x00, 0x00, 0x00, 0x00, 0x00, 0x00, 0x00, 0x00, 0x00, 0x00,
    0x00, 0x00, 0x00, 0x41, 0x00, 0x21, 0x00, 0x21, 0x00, 0x20, 0x00, 0x20, 0x08, 0x41, 0x00, 0x21,
    0x00, 0x20, 0x00, 0x20, 0x00, 0x20, 0x00, 0x20, 0x08, 0x41, 0x08, 0x41, 0x08, 0x41, 0x08, 0x41,
    0x00, 0x21, 0x00, 0x20, 0x08, 0x41, 0x08, 0x41, 0x00, 0x41, 0x00, 0x20, 0x00, 0x20, 0x00, 0x20,
    0x08, 0x41, 0x08, 0x41, 0x08, 0x41, 0x08, 0x41, 0x08, 0x41, 0x00, 0x21, 0x08, 0x41, 0x08, 0x41,
    0x08, 0x41, 0x00, 0x41, 0x00, 0x20, 0x00, 0x20, 0x08, 0x61, 0x08, 0x61, 0x08, 0x61, 0x08, 0x41,
    0x08, 0x41, 0x08, 0x41, 0x08, 0x61, 0x08, 0x61, 0x08, 0x41, 0x08, 0x41, 0x00, 0x21, 0x00, 0x21,
    0x08, 0x61, 0x08, 0x61, 0x08, 0x61, 0x08, 0x61, 0x08, 0x41, 0x08, 0x41, 0x08, 0x61, 0x08, 0x61,
    0x08, 0x41, 0x08, 0x41, 0x00, 0x41, 0x00, 0x21, 0x08, 0x61, 0x08, 0x62, 0x08, 0x62, 0x08, 0x61,
    0x08, 0x41, 0x08, 0x41, 0x08, 0x62, 0x08, 0x61, 0x08, 0x41, 0x08, 0x41, 0x08, 0x41, 0x00, 0x41,
    0x08, 0x62, 0x08, 0x62, 0x08, 0x62, 0x08, 0x61, 0x08, 0x61, 0x08, 0x41, 0x08, 0x62, 0x08, 0x61,
    0x08, 0x61, 0x08, 0x41, 0x08, 0x41, 0x00, 0x41, 0x08, 0x62, 0x08, 0x82, 0x08, 0x62, 0x08, 0x61,
    0x08, 0x61, 0x08, 0x41, 0x08, 0x62, 0x08, 0x61, 0x08, 0x61, 0x08, 0x41, 0x08, 0x41, 0x00, 0x41,
    0x08, 0x62, 0x08, 0x82, 0x08, 0x62, 0x08, 0x61, 0x08, 0x61, 0x08, 0x41, 0x08, 0x62, 0x08, 0x61,
    0x08, 0x61, 0x08, 0x41, 0x08, 0x41, 0x00, 0x41, 0x08, 0x62, 0x08, 0x62, 0x08, 0x62, 0x08, 0x61,
    0x08, 0x61, 0x08, 0x41, 0x08, 0x62, 0x08, 0x61, 0x08, 0x41, 0x08, 0x41, 0x08, 0x41, 0x00, 0x41,
    0x08, 0x62, 0x08, 0x62, 0x08, 0x62, 0x08, 0x61, 0x08, 0x41, 0x08, 0x41, 0x08, 0x62, 0x08, 0x61,
    0x08, 0x41, 0x08, 0x41, 0x00, 0x41, 0x00, 0x21, 0x08, 0x61, 0x08, 0x62, 0x08, 0x61, 0x08, 0x61,
    0x08, 0x41, 0x08, 0x41, 0x08, 0x61, 0x08, 0x61, 0x08, 0x41, 0x08, 0x41, 0x00, 0x21, 0x00, 0x21,
    0x08, 0x61, 0x08, 0x61, 0x08, 0x61, 0x08, 0x61, 0x08, 0x41, 0x08, 0x41, 0x08, 0x61, 0x08, 0x41,
    0x08, 0x41, 0x00, 0x41, 0x00, 0x20, 0x00, 0x20, 0x08, 0x61, 0x08, 0x61, 0x08, 0x61, 0x08, 0x41,
    0x08, 0x41, 0x00, 0x21, 0x08, 0x41, 0x08, 0x41, 0x08, 0x41, 0x00, 0x21, 0x00, 0x20, 0x00, 0x20,
    0x08, 0x41, 0x08, 0x41, 0x08, 0x41, 0x08, 0x41, 0x00, 0x41, 0x00, 0x20, 0x08, 0x41, 0x08, 0x41,
    0x00, 0x21, 0x00, 0x20, 0x00, 0x20, 0x00, 0x20, 0x08, 0x41, 0x08, 0x41, 0x08, 0x41, 0x00, 0x41,
    0x00, 0x20, 0x00, 0x20, 0x00, 0x41, 0x00, 0x21, 0x00, 0x20, 0x00, 0x20, 0x00, 0x20, 0x00, 0x00,
    0x00, 0x00, 0x00, 0x00, 0x00, 0x00, 0x00, 0x00, 0x00, 0x00, 0x00, 0x00, 0x00, 0x00, 0x00, 0x00,
    0x00, 0x00, 0x00, 0x00, 0x00, 0x00, 0x00, 0x00, 0x00, 0x00, 0x00, 0x00, 0x00, 0x00, 0x00, 0x00,
    0x00, 0x00, 0x00, 0x00, 0x00, 0x00, 0x00, 0x00, 0x00, 0x00, 0x00, 0x00, 0x00, 0x00, 0x00, 0x00,
    0x00, 0x00, 0x00, 0x00, 0x00, 0x00, 0x00, 0x00, 0x00, 0x00, 0x00, 0x00, 0x00, 0x00, 0x00, 0x00,
    0x00, 0x00, 0x00, 0x00, 0x00, 0x00, 0x00, 0x00, 0x00, 0x00, 0x00, 0x00, 0x00, 0x00, 0x00, 0x00,
    0x00, 0x00, 0x00, 0x00, 0x00, 0x00, 0x00, 0x00, 0x00, 0x00, 0x00, 0x00, 0x00, 0x00, 0x00, 0x00,
    0x00, 0x20, 0x00, 0x21, 0x00, 0x41, 0x00, 0x41, 0x00, 0x21, 0x00, 0x20, 0x00, 0x21, 0x00, 0x20,
    0x00, 0x20, 0x00, 0x20, 0x00, 0x20, 0x00, 0x20, 0x08, 0x41, 0x08, 0x41, 0x08, 0x41, 0x08, 0x41,
    0x08, 0x41, 0x00, 0x41, 0x08, 0x41, 0x00, 0x41, 0x00, 0x20, 0x00, 0x20, 0x00, 0x20, 0x00, 0x20,
    0x08, 0x41, 0x08, 0x41, 0x08, 0x41, 0x08, 0x41, 0x08, 0x41, 0x08, 0x41, 0x08, 0x41, 0x08, 0x41,
    0x00, 0x41, 0x00, 0x20, 0x00, 0x20, 0x00, 0x20, 0x08, 0x41, 0x08, 0x61, 0x08, 0x61, 0x08, 0x61,
    0x08, 0x41, 0x08, 0x41, 0x08, 0x61, 0x08, 0x41, 0x08, 0x41, 0x00, 0x21, 0x00, 0x21, 0x00, 0x21,
    0x08, 0x61, 0x08, 0x61, 0x08, 0x61, 0x08, 0x61, 0x08, 0x61, 0x08, 0x41, 0x08, 0x61, 0x08, 0x41,
    0x08, 0x41, 0x00, 0x41, 0x00, 0x21, 0x00, 0x41, 0x08, 0x61, 0x08, 0x62, 0x08, 0x62, 0x08, 0x62,
    0x08, 0x61, 0x08, 0x41, 0x08, 0x61, 0x08, 0x41, 0x08, 0x41, 0x08, 0x41, 0x00, 0x41, 0x08, 0x41,
    0x08, 0x61, 0x08, 0x62, 0x08, 0x62, 0x08, 0x62, 0x08, 0x61, 0x08, 0x61, 0x08, 0x61, 0x08, 0x61,
    0x08, 0x41, 0x08, 0x41, 0x00, 0x41, 0x08, 0x41, 0x08, 0x61, 0x08, 0x62, 0x08, 0x82, 0x08, 0x62,
    0x08, 0x61, 0x08, 0x61, 0x08, 0x61, 0x08, 0x61, 0x08, 0x41, 0x08, 0x41, 0x00, 0x41, 0x08, 0x41,
    0x08, 0x61, 0x08, 0x62, 0x08, 0x82, 0x08, 0x62, 0x08, 0x61, 0x08, 0x61, 0x08, 0x61, 0x08, 0x61,
    0x08, 0x41, 0x08, 0x41, 0x00, 0x41, 0x08, 0x41, 0x08, 0x61, 0x08, 0x62, 0x08, 0x82, 0x08, 0x62,
    0x08, 0x61, 0x08, 0x61, 0x08, 0x61, 0x08, 0x61, 0x08, 0x41, 0x08, 0x41, 0x00, 0x41, 0x08, 0x41,
    0x08, 0x61, 0x08, 0x62, 0x08, 0x62, 0x08, 0x62, 0x08, 0x61, 0x08, 0x41, 0x08, 0x61, 0x08, 0x41,
    0x08, 0x41, 0x00, 0x41, 0x00, 0x21, 0x00, 0x41, 0x08, 0x61, 0x08, 0x61, 0x08, 0x62, 0x08, 0x61,
    0x08, 0x61, 0x08, 0x41, 0x08, 0x61, 0x08, 0x41, 0x08, 0x41, 0x00, 0x21, 0x00, 0x21, 0x00, 0x21,
    0x08, 0x61, 0x08, 0x61, 0x08, 0x61, 0x08, 0x61, 0x08, 0x61, 0x08, 0x41, 0x08, 0x41, 0x08, 0x41,
    0x08, 0x41, 0x00, 0x21, 0x00, 0x20, 0x00, 0x20, 0x08, 0x41, 0x08, 0x61, 0x08, 0x61, 0x08, 0x61,
    0x08, 0x41, 0x08, 0x41, 0x08, 0x41, 0x08, 0x41, 0x00, 0x21, 0x00, 0x20, 0x00, 0x20, 0x00, 0x20,
    0x08, 0x41, 0x08, 0x41, 0x08, 0x41, 0x08, 0x41, 0x08, 0x41, 0x00, 0x41, 0x08, 0x41, 0x00, 0x41,
    0x00, 0x20, 0x00, 0x20, 0x00, 0x20, 0x00, 0x20, 0x08, 0x41, 0x08, 0x41, 0x08, 0x41, 0x08, 0x41,
    0x00, 0x41, 0x00, 0x20, 0x00, 0x21, 0x00, 0x20, 0x00, 0x20, 0x00, 0x20, 0x00, 0x20, 0x00, 0x20,
    0x00, 0x00, 0x00, 0x00, 0x00, 0x00, 0x00, 0x00, 0x00, 0x00, 0x00, 0x00, 0x00, 0x00, 0x00, 0x00,
    0x00, 0x00, 0x00, 0x00, 0x00, 0x00, 0x00, 0x00, 0x00, 0x00, 0x00, 0x00, 0x00, 0x00, 0x00, 0x00,
    0x00, 0x00, 0x00, 0x00, 0x00, 0x00, 0x00, 0x00, 0x00, 0x00, 0x00, 0x00, 0x00, 0x00, 0x00, 0x00,
    0x00, 0x00, 0x00, 0x00, 0x00, 0x00, 0x00, 0x00, 0x00, 0x00, 0x00, 0x00, 0x00, 0x00, 0x00, 0x00,
    0x00, 0x00, 0x00, 0x00, 0x00, 0x00, 0x00, 0x00, 0x00, 0x00, 0x00, 0x00, 0x00, 0x00, 0x00, 0x00,
    0x00, 0x00, 0x00, 0x00, 0x00, 0x00, 0x00, 0x00, 0x00, 0x00, 0x00, 0x00, 0x00, 0x00, 0x00, 0x00,
    0x00, 0x20, 0x00, 0x21, 0x00, 0x41, 0x08, 0x41, 0x08, 0x41, 0x00, 0x21, 0x00, 0x20, 0x00, 0x20,
    0x00, 0x20, 0x00, 0x20, 0x00, 0x20, 0x00, 0x20, 0x00, 0x21, 0x08, 0x41, 0x08, 0x41, 0x08, 0x41,
    0x08, 0x41, 0x08, 0x41, 0x00, 0x41, 0x00, 0x20, 0x00, 0x20, 0x00, 0x20, 0x00, 0x20, 0x00, 0x21,
    0x08, 0x41, 0x08, 0x41, 0x08, 0x41, 0x08, 0x61, 0x08, 0x41, 0x08, 0x41, 0x08, 0x41, 0x00, 0x41,
    0x00, 0x20, 0x00, 0x20, 0x00, 0x20, 0x00, 0x41, 0x08, 0x41, 0x08, 0x41, 0x08, 0x61, 0x08, 0x61,
    0x08, 0x61, 0x08, 0x61, 0x08, 0x41, 0x08, 0x41, 0x00, 0x21, 0x00, 0x21, 0x00, 0x21, 0x08, 0x41,
    0x08, 0x41, 0x08, 0x61, 0x08, 0x61, 0x08, 0x62, 0x08, 0x61, 0x08, 0x61, 0x08, 0x41, 0x08, 0x41,
    0x00, 0x41, 0x00, 0x21, 0x00, 0x41, 0x08, 0x41, 0x08, 0x41, 0x08, 0x61, 0x08, 0x62, 0x08, 0x62,
    0x08, 0x62, 0x08, 0x61, 0x08, 0x41, 0x08, 0x41, 0x08, 0x41, 0x00, 0x41, 0x08, 0x41, 0x08, 0x41,
    0x08, 0x61, 0x08, 0x61, 0x08, 0x62, 0x08, 0x62, 0x08, 0x62, 0x08, 0x61, 0x08, 0x61, 0x08, 0x41,
    0x08, 0x41, 0x00, 0x41, 0x08, 0x41, 0x08, 0x41, 0x08, 0x61, 0x08, 0x61, 0x08, 0x62, 0x08, 0x82,
    0x08, 0x62, 0x08, 0x61, 0x08, 0x61, 0x08, 0x41, 0x08, 0x41, 0x08, 0x41, 0x08, 0x41, 0x08, 0x41,
    0x08, 0x61, 0x08, 0x61, 0x08, 0x62, 0x08, 0x82, 0x08, 0x62, 0x08, 0x61, 0x08, 0x61, 0x08, 0x41,
    0x08, 0x41, 0x08, 0x41, 0x08, 0x41, 0x08, 0x41, 0x08, 0x61, 0x08, 0x61, 0x08, 0x62, 0x08, 0x82,
    0x08, 0x62, 0x08, 0x61, 0x08, 0x61, 0x08, 0x41, 0x08, 0x41, 0x00, 0x41, 0x08, 0x41, 0x08, 0x41,
    0x08, 0x61, 0x08, 0x61, 0x08, 0x62, 0x08, 0x62, 0x08, 0x62, 0x08, 0x61, 0x08, 0x41, 0x08, 0x41,
    0x08, 0x41, 0x00, 0x41, 0x00, 0x41, 0x08, 0x41, 0x08, 0x41, 0x08, 0x61, 0x08, 0x62, 0x08, 0x62,
    0x08, 0x61, 0x08, 0x61, 0x08, 0x41, 0x08, 0x41, 0x00, 0x41, 0x00, 0x21, 0x00, 0x41, 0x08, 0x41,
    0x08, 0x41, 0x08, 0x61, 0x08, 0x61, 0x08, 0x61, 0x08, 0x61, 0x08, 0x61, 0x08, 0x41, 0x08, 0x41,
    0x00, 0x21, 0x00, 0x20, 0x00, 0x21, 0x00, 0x41, 0x08, 0x41, 0x08, 0x41, 0x08, 0x61, 0x08, 0x61,
    0x08, 0x61, 0x08, 0x41, 0x08, 0x41, 0x00, 0x21, 0x00, 0x20, 0x00, 0x20, 0x00, 0x20, 0x00, 0x21,
    0x08, 0x41, 0x08, 0x41, 0x08, 0x41, 0x08, 0x41, 0x08, 0x41, 0x08, 0x41, 0x00, 0x41, 0x00, 0x20,
    0x00, 0x20, 0x00, 0x20, 0x00, 0x20, 0x00, 0x20, 0x00, 0x21, 0x08, 0x41, 0x08, 0x41, 0x08, 0x41,
    0x08, 0x41, 0x00, 0x41, 0x00, 0x20, 0x00, 0x20, 0x00, 0x20, 0x00, 0x20, 0x00, 0x20, 0x00, 0x20,
    0x00, 0x00, 0x00, 0x00, 0x00, 0x00, 0x00, 0x00, 0x00, 0x00, 0x00, 0x00, 0x00, 0x00, 0x00, 0x00,
    0x00, 0x00, 0x00, 0x00, 0x00, 0x00, 0x00, 0x00, 0x00, 0x00, 0x00, 0x00, 0x00, 0x00, 0x00, 0x00,
    0x00, 0x00, 0x00, 0x00, 0x00, 0x00, 0x00, 0x00, 0x00, 0x00, 0x00, 0x00, 0x00, 0x00, 0x00, 0x00,
    0x00, 0x00, 0x00, 0x00, 0x00, 0x00, 0x00, 0x00, 0x00, 0x00, 0x00, 0x00, 0x00, 0x00, 0x00, 0x00,
    0x00, 0x00, 0x00, 0x00, 0x00, 0x00, 0x00, 0x00, 0x00, 0x00, 0x00, 0x00, 0x00, 0x00, 0x00, 0x00,
    0x00, 0x00, 0x00, 0x00, 0x00, 0x00, 0x00, 0x00, 0x00, 0x00, 0x00, 0x00, 0x00, 0x00, 0x00, 0x20,
    0x00, 0x21, 0x00, 0x41, 0x08, 0x41, 0x00, 0x41, 0x00, 0x21, 0x00, 0x20, 0x00, 0x41, 0x00, 0x20,
    0x00, 0x20, 0x00, 0x20, 0x00, 0x20, 0x00, 0x20, 0x08, 0x41, 0x08, 0x41, 0x08, 0x41, 0x08, 0x41,
    0x08, 0x41, 0x00, 0x41, 0x08, 0x41, 0x08, 0x41, 0x00, 0x21, 0x00, 0x20, 0x00, 0x20, 0x00, 0x20,
    0x08, 0x41, 0x08, 0x41, 0x08, 0x61, 0x08, 0x41, 0x08, 0x41, 0x08, 0x41, 0x08, 0x41, 0x08, 0x41,
    0x00, 0x41, 0x00, 0x20, 0x00, 0x20, 0x00, 0x21, 0x08, 0x41, 0x08, 0x61, 0x08, 0x61, 0x08, 0x61,
    0x08, 0x61, 0x08, 0x41, 0x08, 0x61, 0x08, 0x41, 0x08, 0x41, 0x00, 0x21, 0x00, 0x21, 0x00, 0x21,
    0x08, 0x61, 0x08, 0x61, 0x08, 0x62, 0x08, 0x61, 0x08, 0x61, 0x08, 0x41, 0x08, 0x61, 0x08, 0x41,
    0x08, 0x41, 0x00, 0x41, 0x00, 0x21, 0x00, 0x41, 0x08, 0x61, 0x08, 0x62, 0x08, 0x62, 0x08, 0x62,
    0x08, 0x61, 0x08, 0x41, 0x08, 0x61, 0x08, 0x61, 0x08, 0x41, 0x08, 0x41, 0x00, 0x41, 0x08, 0x41,
    0x08, 0x61, 0x08, 0x62, 0x08, 0x82, 0x08, 0x62, 0x08, 0x61, 0x08, 0x61, 0x08, 0x61, 0x08, 0x61,
    0x08, 0x41, 0x08, 0x41, 0x08, 0x41, 0x08, 0x41, 0x08, 0x61, 0x08, 0x62, 0x08, 0x82, 0x08, 0x62,
    0x08, 0x61, 0x08, 0x61, 0x08, 0x61, 0x08, 0x61, 0x08, 0x41, 0x08, 0x41, 0x08, 0x41, 0x08, 0x41,
    0x08, 0x61, 0x08, 0x62, 0x08, 0x82, 0x08, 0x62, 0x08, 0x61, 0x08, 0x61, 0x08, 0x61, 0x08, 0x61,
    0x08, 0x41, 0x08, 0x41, 0x08, 0x41, 0x08, 0x41, 0x08, 0x61, 0x08, 0x62, 0x08, 0x82, 0x08, 0x62,
    0x08, 0x61, 0x08, 0x61, 0x08, 0x61, 0x08, 0x61, 0x08, 0x41, 0x08, 0x41, 0x00, 0x41, 0x08, 0x41,
    0x08, 0x61, 0x08, 0x62, 0x08, 0x62, 0x08, 0x62, 0x08, 0x61, 0x08, 0x41, 0x08, 0x61, 0x08, 0x41,
    0x08, 0x41, 0x08, 0x41, 0x00, 0x41, 0x08, 0x41, 0x08, 0x61, 0x08, 0x62, 0x08, 0x62, 0x08, 0x62,
    0x08, 0x61, 0x08, 0x41, 0x08, 0x61, 0x08, 0x41, 0x08, 0x41, 0x00, 0x41, 0x00, 0x21, 0x00, 0x41,
    0x08, 0x61, 0x08, 0x61, 0x08, 0x61, 0x08, 0x61, 0x08, 0x61, 0x08, 0x41, 0x08, 0x61, 0x08, 0x41,
    0x08, 0x41, 0x00, 0x21, 0x00, 0x20, 0x00, 0x21, 0x08, 0x41, 0x08, 0x61, 0x08, 0x61, 0x08, 0x61,
    0x08, 0x41, 0x08, 0x41, 0x08, 0x41, 0x08, 0x41, 0x00, 0x21, 0x00, 0x20, 0x00, 0x20, 0x00, 0x20,
    0x08, 0x41, 0x08, 0x41, 0x08, 0x41, 0x08, 0x41, 0x08, 0x41, 0x00, 0x41, 0x08, 0x41, 0x00, 0x41,
    0x00, 0x20, 0x00, 0x20, 0x00, 0x20, 0x00, 0x20, 0x08, 0x41, 0x08, 0x41, 0x08, 0x41, 0x08, 0x41,
    0x00, 0x41, 0x00, 0x20, 0x00, 0x41, 0x00, 0x20, 0x00, 0x20, 0x00, 0x20, 0x00, 0x20, 0x00, 0x20,
    0x00, 0x20, 0x00, 0x00, 0x00, 0x00, 0x00, 0x00, 0x00, 0x00, 0x00, 0x00, 0x00, 0x00, 0x00, 0x00,
    0x00, 0x00, 0x00, 0x00, 0x00, 0x00, 0x00, 0x00, 0x00, 0x00, 0x00, 0x00, 0x00, 0x00, 0x00, 0x00,
    0x00, 0x00, 0x00, 0x00, 0x00, 0x00, 0x00, 0x00, 0x00, 0x00, 0x00, 0x00, 0x00, 0x00, 0x00, 0x00,
    0x00, 0x00, 0x00, 0x00, 0x00, 0x00, 0x00, 0x00, 0x00, 0x00, 0x00, 0x00, 0x00, 0x00, 0x00, 0x00,
    0x00, 0x00, 0x00, 0x00, 0x00, 0x00, 0x00, 0x00, 0x00, 0x00, 0x00, 0x00, 0x00, 0x00, 0x00, 0x00,
    0x00, 0x00, 0x00, 0x00, 0x00, 0x00, 0x00, 0x00, 0x00, 0x00, 0x00, 0x00, 0x00, 0x20, 0x00, 0x20,
    0x00, 0x41, 0x08, 0x41, 0x00, 0x41, 0x00, 0x21, 0x00, 0x20, 0x00, 0x20, 0x08, 0x41, 0x00, 0x41,
    0x00, 0x21, 0x00, 0x20, 0x00, 0x20, 0x00, 0x20, 0x08, 0x41, 0x08, 0x41, 0x08, 0x41, 0x08, 0x41,
    0x00, 0x41, 0x00, 0x20, 0x08, 0x41, 0x08, 0x41, 0x08, 0x41, 0x00, 0x21, 0x00, 0x20, 0x00, 0x20,
    0x08, 0x41, 0x08, 0x61, 0x08, 0x41, 0x08, 0x41, 0x08, 0x41, 0x00, 0x41, 0x08, 0x61, 0x08, 0x41,
    0x08, 0x41, 0x00, 0x41, 0x00, 0x21, 0x00, 0x20, 0x08, 0x61, 0x08, 0x61, 0x08, 0x61, 0x08, 0x61,
    0x08, 0x41, 0x08, 0x41, 0x08, 0x61, 0x08, 0x61, 0x08, 0x41, 0x08, 0x41, 0x00, 0x41, 0x00, 0x21,
    0x08, 0x61, 0x08, 0x62, 0x08, 0x61, 0x08, 0x61, 0x08, 0x41, 0x08, 0x41, 0x08, 0x62, 0x08, 0x61,
    0x08, 0x41, 0x08, 0x41, 0x08, 0x41, 0x00, 0x41, 0x08, 0x62, 0x08, 0x62, 0x08, 0x62, 0x08, 0x61,
    0x08, 0x41, 0x08, 0x41, 0x08, 0x62, 0x08, 0x61, 0x08, 0x61, 0x08, 0x41, 0x08, 0x41, 0x00, 0x41,
    0x08, 0x62, 0x08, 0x82, 0x08, 0x62, 0x08, 0x61, 0x08, 0x61, 0x08, 0x41, 0x08, 0x62, 0x08, 0x61,
    0x08, 0x61, 0x08, 0x41, 0x08, 0x41, 0x08, 0x41, 0x08, 0x62, 0x08, 0x82, 0x08, 0x82, 0x08, 0x62,
    0x08, 0x61, 0x08, 0x41, 0x08, 0x82, 0x08, 0x62, 0x08, 0x61, 0x08, 0x41, 0x08, 0x41, 0x08, 0x41,
    0x08, 0x82, 0x08, 0x82, 0x08, 0x82, 0x08, 0x62, 0x08, 0x61, 0x08, 0x41, 0x08, 0x82, 0x08, 0x62,
    0x08, 0x61, 0x08, 0x41, 0x08, 0x41, 0x08, 0x41, 0x08, 0x62, 0x08, 0x82, 0x08, 0x62, 0x08, 0x61,
    0x08, 0x61, 0x08, 0x41, 0x08, 0x62, 0x08, 0x61, 0x08, 0x61, 0x08, 0x41, 0x08, 0x41, 0x00, 0x41,
    0x08, 0x62, 0x08, 0x82, 0x08, 0x62, 0x08, 0x61, 0x08, 0x61, 0x08, 0x41, 0x08, 0x62, 0x08, 0x61,
    0x08, 0x41, 0x08, 0x41, 0x08, 0x41, 0x00, 0x41, 0x08, 0x62, 0x08, 0x62, 0x08, 0x62, 0x08, 0x61,
    0x08, 0x41, 0x08, 0x41, 0x08, 0x61, 0x08, 0x61, 0x08, 0x41, 0x08, 0x41, 0x00, 0x41, 0x00, 0x21,
    0x08, 0x61, 0x08, 0x61, 0x08, 0x61, 0x08, 0x61, 0x08, 0x41, 0x08, 0x41, 0x08, 0x61, 0x08, 0x61,
    0x08, 0x41, 0x08, 0x41, 0x00, 0x21, 0x00, 0x20, 0x08, 0x61, 0x08, 0x61, 0x08, 0x61, 0x08, 0x41,
    0x08, 0x41, 0x00, 0x41, 0x08, 0x61, 0x08, 0x41, 0x08, 0x41, 0x00, 0x21, 0x00, 0x20, 0x00, 0x20,
    0x08, 0x41, 0x08, 0x41, 0x08, 0x41, 0x08, 0x41, 0x08, 0x41, 0x00, 0x20, 0x08, 0x41, 0x08, 0x41,
    0x00, 0x41, 0x00, 0x20, 0x00, 0x20, 0x00, 0x20, 0x08, 0x41, 0x08, 0x41, 0x08, 0x41, 0x08, 0x41,
    0x00, 0x21, 0x00, 0x20, 0x08, 0x41, 0x00, 0x21, 0x00, 0x20, 0x00, 0x20, 0x00, 0x20, 0x00, 0x20,
    0x00, 0x21, 0x00, 0x41, 0x00, 0x00, 0x00, 0x00, 0x00, 0x00, 0x00, 0x00, 0x00, 0x00, 0x00, 0x00,
    0x00, 0x00, 0x00, 0x00, 0x00, 0x00, 0x00, 0x00, 0x00, 0x00, 0x00, 0x00, 0x00, 0x00, 0x00, 0x00,
    0x00, 0x00, 0x00, 0x00, 0x00, 0x00, 0x00, 0x00, 0x00, 0x00, 0x00, 0x00, 0x00, 0x00, 0x00, 0x00,
    0x00, 0x00, 0x00, 0x00, 0x00, 0x00, 0x00, 0x00, 0x00, 0x00, 0x00, 0x00, 0x00, 0x00, 0x00, 0x00,
    0x00, 0x00, 0x00, 0x00, 0x00, 0x00, 0x00, 0x00, 0x00, 0x00, 0x00, 0x00, 0x00, 0x00, 0x00, 0x00,
    0x00, 0x00, 0x00, 0x00, 0x00, 0x00, 0x00, 0x00, 0x00, 0x00, 0x00, 0x20, 0x00, 0x20, 0x00, 0x20,
    0x08, 0x41, 0x00, 0x41, 0x00, 0x21, 0x00, 0x20, 0x00, 0x20, 0x00, 0x20, 0x08, 0x41, 0x08, 0x41,
    0x08, 0x41, 0x00, 0x21, 0x00, 0x20, 0x00, 0x20, 0x08, 0x41, 0x08, 0x41, 0x08, 0x41, 0x00, 0x41,
    0x00, 0x20, 0x00, 0x20, 0x08, 0x41, 0x08, 0x41, 0x08, 0x41, 0x08, 0x41, 0x00, 0x21, 0x00, 0x20,
    0x08, 0x61, 0x08, 0x41, 0x08, 0x41, 0x08, 0x41, 0x00, 0x41, 0x00, 0x20, 0x08, 0x61, 0x08, 0x61,
    0x08, 0x41, 0x08, 0x41, 0x08, 0x41, 0x00, 0x21, 0x08, 0x61, 0x08, 0x61, 0x08, 0x61, 0x08, 0x41,
    0x08, 0x41, 0x00, 0x21, 0x08, 0x61, 0x08, 0x61, 0x08, 0x61, 0x08, 0x41, 0x08, 0x41, 0x00, 0x41,
    0x08, 0x62, 0x08, 0x61, 0x08, 0x61, 0x08, 0x41, 0x08, 0x41, 0x00, 0x41, 0x08, 0x62, 0x08, 0x62,
    0x08, 0x61, 0x08, 0x41, 0x08, 0x41, 0x08, 0x41, 0x08, 0x62, 0x08, 0x62, 0x08, 0x61, 0x08, 0x61,
    0x08, 0x41, 0x08, 0x41, 0x08, 0x62, 0x08, 0x62, 0x08, 0x61, 0x08, 0x61, 0x08, 0x41, 0x08, 0x41,
    0x08, 0x82, 0x08, 0x62, 0x08, 0x61, 0x08, 0x61, 0x08, 0x41, 0x08, 0x41, 0x08, 0x82, 0x08, 0x62,
    0x08, 0x62, 0x08, 0x61, 0x08, 0x41, 0x08, 0x41, 0x08, 0x82, 0x08, 0x82, 0x08, 0x62, 0x08, 0x61,
    0x08, 0x41, 0x08, 0x41, 0x08, 0x82, 0x08, 0x82, 0x08, 0x62, 0x08, 0x61, 0x08, 0x41, 0x08, 0x41,
    0x08, 0x82, 0x08, 0x82, 0x08, 0x62, 0x08, 0x61, 0x08, 0x41, 0x08, 0x41, 0x08, 0x82, 0x08, 0x82,
    0x08, 0x62, 0x08, 0x61, 0x08, 0x41, 0x08, 0x41, 0x08, 0x82, 0x08, 0x82, 0x08, 0x62, 0x08, 0x61,
    0x08, 0x41, 0x08, 0x41, 0x08, 0x82, 0x08, 0x62, 0x08, 0x61, 0x08, 0x61, 0x08, 0x41, 0x08, 0x41,
    0x08, 0x82, 0x08, 0x62, 0x08, 0x61, 0x08, 0x61, 0x08, 0x41, 0x08, 0x41, 0x08, 0x62, 0x08, 0x62,
    0x08, 0x61, 0x08, 0x41, 0x08, 0x41, 0x08, 0x41, 0x08, 0x62, 0x08, 0x62, 0x08, 0x61, 0x08, 0x41,
    0x08, 0x41, 0x00, 0x41, 0x08, 0x62, 0x08, 0x62, 0x08, 0x61, 0x08, 0x41, 0x08, 0x41, 0x00, 0x41,
    0x08, 0x62, 0x08, 0x61, 0x08, 0x61, 0x08, 0x41, 0x08, 0x41, 0x00, 0x21, 0x08, 0x61, 0x08, 0x61,
    0x08, 0x61, 0x08, 0x41, 0x08, 0x41, 0x00, 0x21, 0x08, 0x61, 0x08, 0x61, 0x08, 0x41, 0x08, 0x41,
    0x00, 0x41, 0x00, 0x20, 0x08, 0x61, 0x08, 0x61, 0x08, 0x41, 0x08, 0x41, 0x00, 0x21, 0x00, 0x20,
    0x08, 0x61, 0x08, 0x41, 0x08, 0x41, 0x08, 0x41, 0x00, 0x21, 0x00, 0x20, 0x08, 0x41, 0x08, 0x41,
    0x08, 0x41, 0x00, 0x41, 0x00, 0x20, 0x00, 0x20, 0x08, 0x41, 0x08, 0x41, 0x08, 0x41, 0x00, 0x21,
    0x00, 0x20, 0x00, 0x20, 0x08, 0x41, 0x08, 0x41, 0x00, 0x21, 0x00, 0x20, 0x00, 0x20, 0x00, 0x20,
    0x00, 0x41, 0x00, 0x21, 0x00, 0x20, 0x00, 0x00, 0x00, 0x00, 0x00, 0x00, 0x00, 0x00, 0x00, 0x00,
    0x00, 0x00, 0x00, 0x00, 0x00, 0x00, 0x00, 0x00, 0x00, 0x00, 0x00, 0x00, 0x00, 0x00, 0x00, 0x00,
    0x00, 0x00, 0x00, 0x00, 0x00, 0x00, 0x00, 0x00, 0x00, 0x00, 0x00, 0x00, 0x00, 0x00, 0x00, 0x00,
    0x00, 0x00, 0x00, 0x00, 0x00, 0x00, 0x00, 0x00, 0x00, 0x00, 0x00, 0x00, 0x00, 0x00, 0x00, 0x00,
    0x00, 0x00, 0x00, 0x00, 0x00, 0x00, 0x00, 0x00, 0x00, 0x00, 0x00, 0x00, 0x00, 0x00, 0x00, 0x00,
    0x00, 0x00, 0x00, 0x00, 0x00, 0x00, 0x00, 0x00, 0x00, 0x00, 0x00, 0x20, 0x00, 0x20, 0x00, 0x20,
    0x00, 0x41, 0x00, 0x21, 0x00, 0x20, 0x00, 0x20, 0x00, 0x20, 0x00, 0x20, 0x08, 0x41, 0x08, 0x41,
    0x08, 0x41, 0x08, 0x41, 0x00, 0x21, 0x00, 0x20, 0x08, 0x41, 0x08, 0x41, 0x00, 0x41, 0x00, 0x20,
    0x00, 0x20, 0x00, 0x20, 0x08, 0x41, 0x08, 0x41, 0x08, 0x41, 0x08, 0x41, 0x08, 0x41, 0x00, 0x21,
    0x08, 0x41, 0x08, 0x41, 0x08, 0x41, 0x00, 0x41, 0x00, 0x20, 0x00, 0x20, 0x08, 0x61, 0x08, 0x61,
    0x08, 0x61, 0x08, 0x41, 0x08, 0x41, 0x08, 0x41, 0x08, 0x61, 0x08, 0x61, 0x08, 0x41, 0x08, 0x41,
    0x00, 0x21, 0x00, 0x21, 0x08, 0x61, 0x08, 0x61, 0x08, 0x61, 0x08, 0x61, 0x08, 0x41, 0x08, 0x41,
    0x08, 0x61, 0x08, 0x61, 0x08, 0x41, 0x08, 0x41, 0x00, 0x41, 0x00, 0x21, 0x08, 0x62, 0x08, 0x62,
    0x08, 0x62, 0x08, 0x61, 0x08, 0x41, 0x08, 0x41, 0x08, 0x62, 0x08, 0x61, 0x08, 0x61, 0x08, 0x41,
    0x08, 0x41, 0x00, 0x41, 0x08, 0x62, 0x08, 0x82, 0x08, 0x62, 0x08, 0x61, 0x08, 0x61, 0x08, 0x41,
    0x08, 0x62, 0x08, 0x61, 0x08, 0x61, 0x08, 0x41, 0x08, 0x41, 0x08, 0x41, 0x08, 0x82, 0x08, 0x82,
    0x08, 0x82, 0x08, 0x62, 0x08, 0x61, 0x08, 0x41, 0x08, 0x82, 0x08, 0x62, 0x08, 0x61, 0x08, 0x41,
    0x08, 0x41, 0x08, 0x41, 0x08, 0x82, 0x08, 0x82, 0x08, 0x82, 0x08, 0x62, 0x08, 0x61, 0x08, 0x41,
    0x08, 0x82, 0x08, 0x62, 0x08, 0x61, 0x08, 0x41, 0x08, 0x41, 0x08, 0x41, 0x08, 0x82, 0x08, 0x82,
    0x08, 0x82, 0x08, 0x62, 0x08, 0x61, 0x08, 0x41, 0x08, 0x82, 0x08, 0x62, 0x08, 0x61, 0x08, 0x41,
    0x08, 0x41, 0x08, 0x41, 0x08, 0x82, 0x08, 0x82, 0x08, 0x62, 0x08, 0x61, 0x08, 0x61, 0x08, 0x41,
    0x08, 0x62, 0x08, 0x61, 0x08, 0x61, 0x08, 0x41, 0x08, 0x41, 0x00, 0x41, 0x08, 0x62, 0x08, 0x62,
    0x08, 0x62, 0x08, 0x61, 0x08, 0x61, 0x08, 0x41, 0x08, 0x62, 0x08, 0x61, 0x08, 0x41, 0x08, 0x41,
    0x08, 0x41, 0x00, 0x41, 0x08, 0x62, 0x08, 0x62, 0x08, 0x62, 0x08, 0x61, 0x08, 0x41, 0x08, 0x41,
    0x08, 0x61, 0x08, 0x61, 0x08, 0x41, 0x08, 0x41, 0x00, 0x21, 0x00, 0x21, 0x08, 0x61, 0x08, 0x61,
    0x08, 0x61, 0x08, 0x61, 0x08, 0x41, 0x08, 0x41, 0x08, 0x61, 0x08, 0x41, 0x08, 0x41, 0x00, 0x41,
    0x00, 0x21, 0x00, 0x20, 0x08, 0x61, 0x08, 0x61, 0x08, 0x61, 0x08, 0x41, 0x08, 0x41, 0x00, 0x21,
    0x08, 0x41, 0x08, 0x41, 0x08, 0x41, 0x00, 0x21, 0x00, 0x20, 0x00, 0x20, 0x08, 0x41, 0x08, 0x41,
    0x08, 0x41, 0x08, 0x41, 0x00, 0x41, 0x00, 0x20, 0x08, 0x41, 0x08, 0x41, 0x00, 0x21, 0x00, 0x20,
    0x00, 0x20, 0x00, 0x20, 0x08, 0x41, 0x08, 0x41, 0x08, 0x41, 0x00, 0x21, 0x00, 0x20, 0x00, 0x20,
    0x00, 0x41, 0x00, 0x21, 0x00, 0x20, 0x00, 0x00, 0x00, 0x00, 0x00, 0x00, 0x00, 0x00, 0x00, 0x00,
    0x00, 0x00, 0x00, 0x00, 0x00, 0x00, 0x00, 0x00, 0x00, 0x00, 0x00, 0x00, 0x00, 0x00, 0x00, 0x00,
    0x00, 0x00, 0x00, 0x00, 0x00, 0x00, 0x00, 0x00, 0x00, 0x00, 0x00, 0x00, 0x00, 0x00, 0x00, 0x00,
    0x00, 0x00, 0x00, 0x00, 0x00, 0x00, 0x00, 0x00, 0x00, 0x00, 0x00, 0x00, 0x00, 0x00, 0x00, 0x00,
    0x00, 0x00, 0x00, 0x00, 0x00, 0x00, 0x00, 0x00, 0x00, 0x00, 0x00, 0x00, 0x00, 0x00, 0x00, 0x00,
    0x00, 0x00, 0x00, 0x00, 0x00, 0x00, 0x00, 0x00, 0x00, 0x41, 0x00, 0x21, 0x00, 0x21, 0x00, 0x20,
    0x00, 0x21, 0x00, 0x20, 0x00, 0x20, 0x00, 0x20, 0x00, 0x20, 0x00, 0x20, 0x08, 0x41, 0x08, 0x41,
    0x08, 0x41, 0x08, 0x41, 0x08, 0x41, 0x00, 0x41, 0x08, 0x41, 0x00, 0x41, 0x00, 0x20, 0x00, 0x20,
    0x00, 0x20, 0x00, 0x20, 0x08, 0x41, 0x08, 0x41, 0x08, 0x41, 0x08, 0x41, 0x08, 0x41, 0x08, 0x41,
    0x08, 0x41, 0x08, 0x41, 0x00, 0x41, 0x00, 0x20, 0x00, 0x20, 0x00, 0x20, 0x08, 0x41, 0x08, 0x61,
    0x08, 0x61, 0x08, 0x61, 0x08, 0x41, 0x08, 0x41, 0x08, 0x61, 0x08, 0x41, 0x08, 0x41, 0x00, 0x21,
    0x00, 0x21, 0x00, 0x21, 0x08, 0x61, 0x08, 0x61, 0x08, 0x62, 0x08, 0x61, 0x08, 0x61, 0x08, 0x41,
    0x08, 0x61, 0x08, 0x41, 0x08, 0x41, 0x00, 0x41, 0x00, 0x41, 0x08, 0x41, 0x08, 0x61, 0x08, 0x62,
    0x08, 0x62, 0x08, 0x62, 0x08, 0x61, 0x08, 0x61, 0x08, 0x61, 0x08, 0x61, 0x08, 0x41, 0x08, 0x41,
    0x00, 0x41, 0x08, 0x41, 0x08, 0x61, 0x08, 0x62, 0x08, 0x82, 0x08, 0x62, 0x08, 0x61, 0x08, 0x61,
    0x08, 0x61, 0x08, 0x61, 0x08, 0x41, 0x08, 0x41, 0x08, 0x41, 0x08, 0x41, 0x08, 0x62, 0x08, 0x82,
    0x08, 0x82, 0x08, 0x82, 0x08, 0x62, 0x08, 0x61, 0x08, 0x62, 0x08, 0x61, 0x08, 0x41, 0x08, 0x41,
    0x08, 0x41, 0x08, 0x41, 0x08, 0x62, 0x08, 0x82, 0x08, 0x82, 0x08, 0x82, 0x08, 0x62, 0x08, 0x61,
    0x08, 0x62, 0x08, 0x61, 0x08, 0x41, 0x08, 0x41, 0x08, 0x41, 0x08, 0x41, 0x08, 0x62, 0x08, 0x82,
    0x08, 0x82, 0x08, 0x82, 0x08, 0x62, 0x08, 0x61, 0x08, 0x62, 0x08, 0x61, 0x08, 0x41, 0x08, 0x41,
    0x08, 0x41, 0x08, 0x41, 0x08, 0x62, 0x08, 0x82, 0x08, 0x82, 0x08, 0x82, 0x08, 0x62, 0x08, 0x61,
    0x08, 0x61, 0x08, 0x61, 0x08, 0x41, 0x08, 0x41, 0x08, 0x41, 0x08, 0x41, 0x08, 0x61, 0x08, 0x62,
    0x08, 0x82, 0x08, 0x62, 0x08, 0x61, 0x08, 0x61, 0x08, 0x61, 0x08, 0x41, 0x08, 0x41, 0x08, 0x41,
    0x00, 0x41, 0x08, 0x41, 0x08, 0x61, 0x08, 0x62, 0x08, 0x62, 0x08, 0x62, 0x08, 0x61, 0x08, 0x41,
    0x08, 0x61, 0x08, 0x41, 0x08, 0x41, 0x00, 0x41, 0x00, 0x21, 0x00, 0x41, 0x08, 0x61, 0x08, 0x61,
    0x08, 0x61, 0x08, 0x61, 0x08, 0x61, 0x08, 0x41, 0x08, 0x61, 0x08, 0x41, 0x08, 0x41, 0x00, 0x21,
    0x00, 0x20, 0x00, 0x21, 0x08, 0x41, 0x08, 0x61, 0x08, 0x61, 0x08, 0x61, 0x08, 0x41, 0x08, 0x41,
    0x08, 0x41, 0x08, 0x41, 0x00, 0x21, 0x00, 0x20, 0x00, 0x20, 0x00, 0x20, 0x08, 0x41, 0x08, 0x41,
    0x08, 0x41, 0x08, 0x41, 0x08, 0x41, 0x00, 0x41, 0x08, 0x41, 0x00, 0x21, 0x00, 0x20, 0x00, 0x20,
    0x00, 0x20, 0x00, 0x20, 0x00, 0x41, 0x08, 0x41, 0x08, 0x41, 0x08, 0x41, 0x00, 0x21, 0x00, 0x20,
    0x00, 0x21, 0x00, 0x20, 0x00, 0x20, 0x00, 0x20, 0x00, 0x00, 0x00, 0x00, 0x00, 0x00, 0x00, 0x00,
    0x00, 0x00, 0x00, 0x00, 0x00, 0x00, 0x00, 0x00, 0x00, 0x00, 0x00, 0x00, 0x00, 0x00, 0x00, 0x00,
    0x00, 0x00, 0x00, 0x00, 0x00, 0x00, 0x00, 0x00, 0x00, 0x00, 0x00, 0x00, 0x00, 0x00, 0x00, 0x00,
    0x00, 0x00, 0x00, 0x00, 0x00, 0x00, 0x00, 0x00, 0x00, 0x00, 0x00, 0x00, 0x00, 0x00, 0x00, 0x00,
    0x00, 0x00, 0x00, 0x00, 0x00, 0x00, 0x00, 0x00, 0x00, 0x00, 0x00, 0x00, 0x00, 0x00, 0x00, 0x00,
    0x00, 0x00, 0x00, 0x00, 0x00, 0x00, 0x00, 0x20, 0x00, 0x21, 0x00, 0x41, 0x00, 0x41, 0x00, 0x21,
    0x00, 0x20, 0x00, 0x20, 0x00, 0x20, 0x00, 0x20, 0x00, 0x20, 0x00, 0x20, 0x00, 0x21, 0x08, 0x41,
    0x08, 0x41, 0x08, 0x41, 0x08, 0x41, 0x08, 0x41, 0x00, 0x41, 0x00, 0x20, 0x00, 0x20, 0x00, 0x20,
    0x00, 0x20, 0x00, 0x21, 0x08, 0x41, 0x08, 0x41, 0x08, 0x41, 0x08, 0x61, 0x08, 0x41, 0x08, 0x41,
    0x08, 0x41, 0x00, 0x41, 0x00, 0x20, 0x00, 0x20, 0x00, 0x20, 0x00, 0x41, 0x08, 0x41, 0x08, 0x41,
    0x08, 0x61, 0x08, 0x61, 0x08, 0x61, 0x08, 0x61, 0x08, 0x41, 0x08, 0x41, 0x00, 0x21, 0x00, 0x21,
    0x00, 0x21, 0x08, 0x41, 0x08, 0x41, 0x08, 0x61, 0x08, 0x61, 0x08, 0x62, 0x08, 0x61, 0x08, 0x61,
    0x08, 0x41, 0x08, 0x41, 0x00, 0x41, 0x00, 0x41, 0x08, 0x41, 0x08, 0x41, 0x08, 0x41, 0x08, 0x61,
    0x08, 0x62, 0x08, 0x62, 0x08, 0x62, 0x08, 0x61, 0x08, 0x61, 0x08, 0x41, 0x08, 0x41, 0x00, 0x41,
    0x08, 0x41, 0x08, 0x41, 0x08, 0x61, 0x08, 0x61, 0x08, 0x62, 0x08, 0x82, 0x08, 0x82, 0x08, 0x62,
    0x08, 0x61, 0x08, 0x41, 0x08, 0x41, 0x08, 0x41, 0x08, 0x41, 0x08, 0x41, 0x08, 0x61, 0x08, 0x62,
    0x08, 0x82, 0x08, 0x82, 0x08, 0x82, 0x08, 0x62, 0x08, 0x61, 0x08, 0x41, 0x08, 0x41, 0x08, 0x41,
    0x08, 0x41, 0x08, 0x41, 0x08, 0x61, 0x08, 0x62, 0x08, 0x82, 0x10, 0x82, 0x08, 0x82, 0x08, 0x62,
    0x08, 0x61, 0x08, 0x41, 0x08, 0x41, 0x08, 0x41, 0x08, 0x41, 0x08, 0x41, 0x08, 0x61, 0x08, 0x62,
    0x08, 0x82, 0x10, 0x82, 0x08, 0x82, 0x08, 0x62, 0x08, 0x61, 0x08, 0x41, 0x08, 0x41, 0x08, 0x41,
    0x08, 0x41, 0x08, 0x41, 0x08, 0x61, 0x08, 0x62, 0x08, 0x82, 0x08, 0x82, 0x08, 0x82, 0x08, 0x62,
    0x08, 0x61, 0x08, 0x41, 0x08, 0x41, 0x08, 0x41, 0x08, 0x41, 0x08, 0x41, 0x08, 0x61, 0x08, 0x61,
    0x08, 0x62, 0x08, 0x82, 0x08, 0x62, 0x08, 0x61, 0x08, 0x61, 0x08, 0x41, 0x08, 0x41, 0x00, 0x41,
    0x08, 0x41, 0x08, 0x41, 0x08, 0x41, 0x08, 0x61, 0x08, 0x62, 0x08, 0x62, 0x08, 0x62, 0x08, 0x61,
    0x08, 0x41, 0x08, 0x41, 0x00, 0x41, 0x00, 0x21, 0x00, 0x41, 0x08, 0x41, 0x08, 0x41, 0x08, 0x61,
    0x08, 0x61, 0x08, 0x61, 0x08, 0x61, 0x08, 0x61, 0x08, 0x41, 0x08, 0x41, 0x00, 0x21, 0x00, 0x20,
    0x00, 0x21, 0x08, 0x41, 0x08, 0x41, 0x08, 0x41, 0x08, 0x61, 0x08, 0x61, 0x08, 0x61, 0x08, 0x41,
    0x08, 0x41, 0x00, 0x21, 0x00, 0x20, 0x00, 0x20, 0x00, 0x20, 0x00, 0x21, 0x08, 0x41, 0x08, 0x41,
    0x08, 0x41, 0x08, 0x41, 0x08, 0x41, 0x08, 0x41, 0x00, 0x41, 0x00, 0x20, 0x00, 0x20, 0x00, 0x20,
    0x00, 0x20, 0x00, 0x20, 0x00, 0x21, 0x00, 0x41, 0x08, 0x41, 0x08, 0x41, 0x08, 0x41, 0x00, 0x21,
    0x00, 0x20, 0x00, 0x20, 0x00, 0x20, 0x00, 0x20, 0x00, 0x20, 0x00, 0x00, 0x00, 0x00, 0x00, 0x00,
    0x00, 0x00, 0x00, 0x00, 0x00, 0x00, 0x00, 0x00, 0x00, 0x00, 0x00, 0x00, 0x00, 0x00, 0x00, 0x00,
    0x00, 0x00, 0x00, 0x00, 0x00, 0x00, 0x00, 0x00, 0x00, 0x00, 0x00, 0x00, 0x00, 0x00, 0x00, 0x00,
    0x00, 0x00, 0x00, 0x00, 0x00, 0x00, 0x00, 0x00, 0x00, 0x00, 0x00, 0x00, 0x00, 0x00, 0x00, 0x00,
    0x00, 0x00, 0x00, 0x00, 0x00, 0x00, 0x00, 0x00, 0x00, 0x00, 0x00, 0x00, 0x00, 0x00, 0x00, 0x00,
    0x00, 0x00, 0x00, 0x00, 0x00, 0x00, 0x00, 0x21, 0x00, 0x41, 0x00, 0x41, 0x00, 0x21, 0x00, 0x20,
    0x00, 0x21, 0x00, 0x20, 0x00, 0x20, 0x00, 0x20, 0x00, 0x20, 0x00, 0x20, 0x08, 0x41, 0x08, 0x41,
    0x08, 0x41, 0x08, 0x41, 0x08, 0x41, 0x00, 0x41, 0x08, 0x41, 0x00, 0x41, 0x00, 0x20, 0x00, 0x20,
    0x00, 0x20, 0x00, 0x20, 0x08, 0x41, 0x08, 0x41, 0x08, 0x61, 0x08, 0x41, 0x08, 0x41, 0x08, 0x41,
    0x08, 0x41, 0x08, 0x41, 0x00, 0x41, 0x00, 0x20, 0x00, 0x20, 0x00, 0x21, 0x08, 0x41, 0x08, 0x61,
    0x08, 0x61, 0x08, 0x61, 0x08, 0x61, 0x08, 0x41, 0x08, 0x61, 0x08, 0x41, 0x08, 0x41, 0x00, 0x21,
    0x00, 0x21, 0x00, 0x41, 0x08, 0x61, 0x08, 0x61, 0x08, 0x62, 0x08, 0x61, 0x08, 0x61, 0x08, 0x41,
    0x08, 0x61, 0x08, 0x41, 0x08, 0x41, 0x08, 0x41, 0x00, 0x41, 0x08, 0x41, 0x08, 0x61, 0x08, 0x62,
    0x08, 0x62, 0x08, 0x62, 0x08, 0x61, 0x08, 0x61, 0x08, 0x61, 0x08, 0x61, 0x08, 0x41, 0x08, 0x41,
    0x08, 0x41, 0x08, 0x41, 0x08, 0x61, 0x08, 0x62, 0x08, 0x82, 0x08, 0x82, 0x08, 0x62, 0x08, 0x61,
    0x08, 0x62, 0x08, 0x61, 0x08, 0x41, 0x08, 0x41, 0x08, 0x41, 0x08, 0x41, 0x08, 0x62, 0x08, 0x82,
    0x08, 0x82, 0x08, 0x82, 0x08, 0x62, 0x08, 0x61, 0x08, 0x62, 0x08, 0x61, 0x08, 0x41, 0x08, 0x41,
    0x08, 0x41, 0x08, 0x41, 0x08, 0x62, 0x08, 0x82, 0x10, 0x82, 0x08, 0x82, 0x08, 0x62, 0x08, 0x61,
    0x08, 0x62, 0x08, 0x61, 0x08, 0x41, 0x08, 0x41, 0x08, 0x41, 0x08, 0x41, 0x08, 0x62, 0x08, 0x82,
    0x10, 0x82, 0x08, 0x82, 0x08, 0x62, 0x08, 0x61, 0x08, 0x62, 0x08, 0x61, 0x08, 0x41, 0x08, 0x41,
    0x08, 0x41, 0x08, 0x41, 0x08, 0x62, 0x08, 0x82, 0x08, 0x82, 0x08, 0x82, 0x08, 0x62, 0x08, 0x61,
    0x08, 0x62, 0x08, 0x61, 0x08, 0x41, 0x08, 0x41, 0x08, 0x41, 0x08, 0x41, 0x08, 0x61, 0x08, 0x62,
    0x08, 0x82, 0x08, 0x62, 0x08, 0x61, 0x08, 0x61, 0x08, 0x61, 0x08, 0x61, 0x08, 0x41, 0x08, 0x41,
    0x00, 0x41, 0x08, 0x41, 0x08, 0x61, 0x08, 0x62, 0x08, 0x62, 0x08, 0x62, 0x08, 0x61, 0x08, 0x41,
    0x08, 0x61, 0x08, 0x41, 0x08, 0x41, 0x00, 0x41, 0x00, 0x21, 0x00, 0x41, 0x08, 0x61, 0x08, 0x61,
    0x08, 0x61, 0x08, 0x61, 0x08, 0x61, 0x08, 0x41, 0x08, 0x61, 0x08, 0x41, 0x08, 0x41, 0x00, 0x21,
    0x00, 0x20, 0x00, 0x21, 0x08, 0x41, 0x08, 0x61, 0x08, 0x61, 0x08, 0x61, 0x08, 0x41, 0x08, 0x41,
    0x08, 0x41, 0x08, 0x41, 0x00, 0x21, 0x00, 0x20, 0x00, 0x20, 0x00, 0x20, 0x08, 0x41, 0x08, 0x41,
    0x08, 0x41, 0x08, 0x41, 0x08, 0x41, 0x00, 0x41, 0x08, 0x41, 0x00, 0x41, 0x00, 0x20, 0x00, 0x20,
    0x00, 0x20, 0x00, 0x20, 0x08, 0x41, 0x08, 0x41, 0x08, 0x41, 0x08, 0x41, 0x00, 0x41, 0x00, 0x20,
    0x00, 0x21, 0x00, 0x20, 0x00, 0x20, 0x00, 0x20, 0x00, 0x20, 0x00, 0x00, 0x00, 0x00, 0x00, 0x00,
    0x00, 0x00, 0x00, 0x00, 0x00, 0x00, 0x00, 0x00, 0x00, 0x00, 0x00, 0x00, 0x00, 0x00, 0x00, 0x00,
    0x00, 0x00, 0x00, 0x00, 0x00, 0x00, 0x00, 0x00, 0x00, 0x00, 0x00, 0x00, 0x00, 0x00, 0x00, 0x00,
    0x00, 0x00, 0x00, 0x00, 0x00, 0x00, 0x00, 0x00, 0x00, 0x00, 0x00, 0x00, 0x00, 0x00, 0x00, 0x00,
    0x00, 0x00, 0x00, 0x00, 0x00, 0x00, 0x00, 0x00, 0x00, 0x00, 0x00, 0x00, 0x00, 0x00, 0x00, 0x00,
    0x00, 0x00, 0x00, 0x00, 0x00, 0x21, 0x00, 0x41, 0x00, 0x41, 0x00, 0x21, 0x00, 0x20, 0x00, 0x20,
    0x08, 0x41, 0x00, 0x41, 0x00, 0x20, 0x00, 0x20, 0x00, 0x20, 0x00, 0x20, 0x08, 0x41, 0x08, 0x41,
    0x08, 0x41, 0x08, 0x41, 0x00, 0x41, 0x00, 0x20, 0x08, 0x41, 0x08, 0x41, 0x08, 0x41, 0x00, 0x21,
    0x00, 0x20, 0x00, 0x20, 0x08, 0x41, 0x08, 0x61, 0x08, 0x41, 0x08, 0x41, 0x08, 0x41, 0x00, 0x41,
    0x08, 0x61, 0x08, 0x41, 0x08, 0x41, 0x00, 0x41, 0x00, 0x21, 0x00, 0x20, 0x08, 0x61, 0x08, 0x61,
    0x08, 0x61, 0x08, 0x61, 0x08, 0x41, 0x08, 0x41, 0x08, 0x61, 0x08, 0x61, 0x08, 0x41, 0x08, 0x41,
    0x00, 0x41, 0x00, 0x21, 0x08, 0x61, 0x08, 0x62, 0x08, 0x61, 0x08, 0x61, 0x08, 0x41, 0x08, 0x41,
    0x08, 0x62, 0x08, 0x61, 0x08, 0x41, 0x08, 0x41, 0x08, 0x41, 0x00, 0x41, 0x08, 0x62, 0x08, 0x62,
    0x08, 0x62, 0x08, 0x61, 0x08, 0x61, 0x08, 0x41, 0x08, 0x62, 0x08, 0x61, 0x08, 0x61, 0x08, 0x41,
    0x08, 0x41, 0x08, 0x41, 0x08, 0x82, 0x08, 0x82, 0x08, 0x82, 0x08, 0x62, 0x08, 0x61, 0x08, 0x41,
    0x08, 0x82, 0x08, 0x62, 0x08, 0x61, 0x08, 0x41, 0x08, 0x41, 0x08, 0x41, 0x08, 0x82, 0x10, 0x82,
    0x08, 0x82, 0x08, 0x62, 0x08, 0x61, 0x08, 0x41, 0x08, 0x82, 0x08, 0x62, 0x08, 0x61, 0x08, 0x41,
    0x08, 0x41, 0x08, 0x41, 0x08, 0x82, 0x10, 0x82, 0x08, 0x82, 0x08, 0x62, 0x08, 0x61, 0x08, 0x41,
    0x08, 0x82, 0x08, 0x62, 0x08, 0x61, 0x08, 0x41, 0x08, 0x41, 0x08, 0x41, 0x08, 0x82, 0x10, 0x82,
    0x08, 0x82, 0x08, 0x62, 0x08, 0x61, 0x08, 0x41, 0x08, 0x82, 0x08, 0x62, 0x08, 0x61, 0x08, 0x41,
    0x08, 0x41, 0x08, 0x41, 0x08, 0x82, 0x08, 0x82, 0x08, 0x82, 0x08, 0x62, 0x08, 0x61, 0x08, 0x41,
    0x08, 0x82, 0x08, 0x62, 0x08, 0x61, 0x08, 0x41, 0x08, 0x41, 0x08, 0x41, 0x08, 0x62, 0x08, 0x82,
    0x08, 0x62, 0x08, 0x61, 0x08, 0x61, 0x08, 0x41, 0x08, 0x62, 0x08, 0x61, 0x08, 0x61, 0x08, 0x41,
    0x08, 0x41, 0x00, 0x41, 0x08, 0x62, 0x08, 0x62, 0x08, 0x62, 0x08, 0x61, 0x08, 0x41, 0x08, 0x41,
    0x08, 0x62, 0x08, 0x61, 0x08, 0x41, 0x08, 0x41, 0x00, 0x41, 0x00, 0x21, 0x08, 0x61, 0x08, 0x62,
    0x08, 0x61, 0x08, 0x61, 0x08, 0x41, 0x08, 0x41, 0x08, 0x61, 0x08, 0x61, 0x08, 0x41, 0x08, 0x41,
    0x00, 0x21, 0x00, 0x20, 0x08, 0x61, 0x08, 0x61, 0x08, 0x61, 0x08, 0x41, 0x08, 0x41, 0x00, 0x41,
    0x08, 0x61, 0x08, 0x41, 0x08, 0x41, 0x00, 0x21, 0x00, 0x20, 0x00, 0x20, 0x08, 0x41, 0x08, 0x41,
    0x08, 0x41, 0x08, 0x41, 0x08, 0x41, 0x00, 0x20, 0x08, 0x41, 0x08, 0x41, 0x00, 0x41, 0x00, 0x20,
    0x00, 0x20, 0x00, 0x20, 0x08, 0x41, 0x08, 0x41, 0x08, 0x41, 0x00, 0x41, 0x00, 0x20, 0x00, 0x20,
    0x08, 0x41, 0x00, 0x21, 0x00, 0x20, 0x00, 0x20, 0x00, 0x20, 0x00, 0x20, 0x00, 0x00, 0x00, 0x00,
    0x00, 0x00, 0x00, 0x00, 0x00, 0x00, 0x00, 0x00, 0x00, 0x00, 0x00, 0x00, 0x00, 0x00, 0x00, 0x00,
    0x00, 0x00, 0x00, 0x00, 0x00, 0x00, 0x00, 0x00, 0x00, 0x00, 0x00, 0x00, 0x00, 0x00, 0x00, 0x00,
    0x00, 0x00, 0x00, 0x00, 0x00, 0x00, 0x00, 0x00, 0x00, 0x00, 0x00, 0x00, 0x00, 0x00, 0x00, 0x00,
    0x00, 0x00, 0x00, 0x00, 0x00, 0x00, 0x00, 0x00, 0x00, 0x00, 0x00, 0x00, 0x00, 0x00, 0x00, 0x00,
    0x00, 0x00, 0x00, 0x00, 0x00, 0x41, 0x00, 0x41, 0x00, 0x21, 0x00, 0x20, 0x00, 0x20, 0x00, 0x20,
    0x08, 0x41, 0x08, 0x41, 0x00, 0x41, 0x00, 0x21, 0x00, 0x20, 0x00, 0x20, 0x08, 0x41, 0x08, 0x41,
    0x08, 0x41, 0x00, 0x41, 0x00, 0x20, 0x00, 0x20, 0x08, 0x41, 0x08, 0x41, 0x08, 0x41, 0x08, 0x41,
    0x00, 0x21, 0x00, 0x20, 0x08, 0x61, 0x08, 0x41, 0x08, 0x41, 0x08, 0x41, 0x00, 0x41, 0x00, 0x20,
    0x08, 0x61, 0x08, 0x61, 0x08, 0x41, 0x08, 0x41, 0x08, 0x41, 0x00, 0x21, 0x08, 0x61, 0x08, 0x61,
    0x08, 0x61, 0x08, 0x41, 0x08, 0x41, 0x00, 0x21, 0x08, 0x61, 0x08, 0x61, 0x08, 0x61, 0x08, 0x41,
    0x08, 0x41, 0x00, 0x41, 0x08, 0x62, 0x08, 0x61, 0x08, 0x61, 0x08, 0x41, 0x08, 0x41, 0x08, 0x41,
    0x08, 0x62, 0x08, 0x62, 0x08, 0x61, 0x08, 0x41, 0x08, 0x41, 0x08, 0x41, 0x08, 0x62, 0x08, 0x62,
    0x08, 0x61, 0x08, 0x61, 0x08, 0x41, 0x08, 0x41, 0x08, 0x82, 0x08, 0x62, 0x08, 0x61, 0x08, 0x61,
    0x08, 0x41, 0x08, 0x41, 0x08, 0x82, 0x08, 0x82, 0x08, 0x62, 0x08, 0x61, 0x08, 0x41, 0x08, 0x41,
    0x08, 0x82, 0x08, 0x82, 0x08, 0x62, 0x08, 0x61, 0x08, 0x41, 0x08, 0x41, 0x10, 0x82, 0x08, 0x82,
    0x08, 0x62, 0x08, 0x61, 0x08, 0x41, 0x08, 0x41, 0x10, 0x82, 0x08, 0x82, 0x08, 0x62, 0x08, 0x61,
    0x08, 0x41, 0x08, 0x41, 0x10, 0x82, 0x08, 0x82, 0x08, 0x62, 0x08, 0x61, 0x08, 0x41, 0x08, 0x41,
    0x10, 0x82, 0x08, 0x82, 0x08, 0x62, 0x08, 0x61, 0x08, 0x41, 0x08, 0x41, 0x10, 0x82, 0x08, 0x82,
    0x08, 0x62, 0x08, 0x61, 0x08, 0x41, 0x08, 0x41, 0x10, 0x82, 0x08, 0x82, 0x08, 0x62, 0x08, 0x61,
    0x08, 0x41, 0x08, 0x41, 0x10, 0x82, 0x08, 0x82, 0x08, 0x62, 0x08, 0x61, 0x08, 0x41, 0x08, 0x41,
    0x08, 0x82, 0x08, 0x82, 0x08, 0x62, 0x08, 0x61, 0x08, 0x41, 0x08, 0x41, 0x08, 0x82, 0x08, 0x82,
    0x08, 0x62, 0x08, 0x61, 0x08, 0x41, 0x08, 0x41, 0x08, 0x82, 0x08, 0x62, 0x08, 0x61, 0x08, 0x61,
    0x08, 0x41, 0x08, 0x41, 0x08, 0x62, 0x08, 0x62, 0x08, 0x61, 0x08, 0x41, 0x08, 0x41, 0x08, 0x41,
    0x08, 0x62, 0x08, 0x62, 0x08, 0x61, 0x08, 0x41, 0x08, 0x41, 0x00, 0x41, 0x08, 0x62, 0x08, 0x61,
    0x08, 0x61, 0x08, 0x41, 0x08, 0x41, 0x00, 0x21, 0x08, 0x61, 0x08, 0x61, 0x08, 0x61, 0x08, 0x41,
    0x08, 0x41, 0x00, 0x21, 0x08, 0x61, 0x08, 0x61, 0x08, 0x41, 0x08, 0x41, 0x00, 0x41, 0x00, 0x20,
    0x08, 0x61, 0x08, 0x61, 0x08, 0x41, 0x08, 0x41, 0x00, 0x21, 0x00, 0x20, 0x08, 0x41, 0x08, 0x41,
    0x08, 0x41, 0x08, 0x41, 0x00, 0x21, 0x00, 0x20, 0x08, 0x41, 0x08, 0x41, 0x08, 0x41, 0x00, 0x41,
    0x00, 0x20, 0x00, 0x20, 0x08, 0x41, 0x08, 0x41, 0x08, 0x41, 0x00, 0x21, 0x00, 0x20, 0x00, 0x20,
    0x08, 0x41, 0x08, 0x41, 0x00, 0x21, 0x00, 0x20, 0x00, 0x20, 0x00, 0x20, 0x00, 0x00, 0x00, 0x00,
    0x00, 0x00, 0x00, 0x00, 0x00, 0x00, 0x00, 0x00, 0x00, 0x00, 0x00, 0x00, 0x00, 0x00, 0x00, 0x00,
    0x00, 0x00, 0x00, 0x00, 0x00, 0x00, 0x00, 0x00, 0x00, 0x00, 0x00, 0x00, 0x00, 0x00, 0x00, 0x00,
    0x00, 0x00, 0x00, 0x00, 0x00, 0x00, 0x00, 0x00, 0x00, 0x00, 0x00, 0x00, 0x00, 0x00, 0x00, 0x00,
    0x00, 0x00, 0x00, 0x00, 0x00, 0x00, 0x00, 0x00, 0x00, 0x00, 0x00, 0x00, 0x00, 0x00, 0x00, 0x00,
    0x00, 0x00, 0x00, 0x20, 0x00, 0x41, 0x00, 0x21, 0x00, 0x20, 0x00, 0x20, 0x00, 0x20, 0x00, 0x20,
    0x08, 0x41, 0x08, 0x41, 0x08, 0x41, 0x08, 0x41, 0x00, 0x21, 0x00, 0x20, 0x08, 0x41, 0x08, 0x41,
    0x00, 0x41, 0x00, 0x20, 0x00, 0x20, 0x00, 0x20, 0x08, 0x41, 0x08, 0x41, 0x08, 0x41, 0x08, 0x41,
    0x08, 0x41, 0x00, 0x21, 0x08, 0x41, 0x08, 0x41, 0x08, 0x41, 0x00, 0x41, 0x00, 0x20, 0x00, 0x20,
    0x08, 0x61, 0x08, 0x61, 0x08, 0x61, 0x08, 0x41, 0x08, 0x41, 0x08, 0x41, 0x08, 0x61, 0x08, 0x61,
    0x08, 0x41, 0x08, 0x41, 0x00, 0x21, 0x00, 0x21, 0x08, 0x61, 0x08, 0x61, 0x08, 0x61, 0x08, 0x61,
    0x08, 0x41, 0x08, 0x41, 0x08, 0x61, 0x08, 0x61, 0x08, 0x41, 0x08, 0x41, 0x08, 0x41, 0x00, 0x41,
    0x08, 0x62, 0x08, 0x62, 0x08, 0x62, 0x08, 0x61, 0x08, 0x61, 0x08, 0x41, 0x08, 0x62, 0x08, 0x61,
    0x08, 0x61, 0x08, 0x41, 0x08, 0x41, 0x08, 0x41, 0x08, 0x62, 0x08, 0x82, 0x08, 0x82, 0x08, 0x62,
    0x08, 0x61, 0x08, 0x41, 0x08, 0x82, 0x08, 0x62, 0x08, 0x61, 0x08, 0x41, 0x08, 0x41, 0x08, 0x41,
    0x08, 0x82, 0x10, 0x82, 0x08, 0x82, 0x08, 0x62, 0x08, 0x61, 0x08, 0x41, 0x08, 0x82, 0x08, 0x62,
    0x08, 0x61, 0x08, 0x41, 0x08, 0x41, 0x08, 0x41, 0x08, 0x82, 0x10, 0x82, 0x08, 0x82, 0x08, 0x62,
    0x08, 0x61, 0x08, 0x41, 0x08, 0x82, 0x08, 0x62, 0x08, 0x61, 0x08, 0x41, 0x08, 0x41, 0x08, 0x41,
    0x08, 0x82, 0x10, 0x82, 0x08, 0x82, 0x08, 0x62, 0x08, 0x61, 0x08, 0x41, 0x08, 0x82, 0x08, 0x62,
    0x08, 0x61, 0x08, 0x41, 0x08, 0x41, 0x08, 0x41, 0x08, 0x82, 0x10, 0x82, 0x08, 0x82, 0x08, 0x62,
    0x08, 0x61, 0x08, 0x41, 0x08, 0x82, 0x08, 0x62, 0x08, 0x61, 0x08, 0x41, 0x08, 0x41, 0x08, 0x41,
    0x08, 0x82, 0x08, 0x82, 0x08, 0x82, 0x08, 0x62, 0x08, 0x61, 0x08, 0x41, 0x08, 0x82, 0x08, 0x62,
    0x08, 0x61, 0x08, 0x41, 0x08, 0x41, 0x08, 0x41, 0x08, 0x62, 0x08, 0x82, 0x08, 0x62, 0x08, 0x61,
    0x08, 0x61, 0x08, 0x41, 0x08, 0x62, 0x08, 0x61, 0x08, 0x61, 0x08, 0x41, 0x08, 0x41, 0x00, 0x41,
    0x08, 0x62, 0x08, 0x62, 0x08, 0x62, 0x08, 0x61, 0x08, 0x41, 0x08, 0x41, 0x08, 0x61, 0x08, 0x61,
    0x08, 0x41, 0x08, 0x41, 0x00, 0x41, 0x00, 0x21, 0x08, 0x61, 0x08, 0x61, 0x08, 0x61, 0x08, 0x61,
    0x08, 0x41, 0x08, 0x41, 0x08, 0x61, 0x08, 0x41, 0x08, 0x41, 0x00, 0x41, 0x00, 0x20, 0x00, 0x20,
    0x08, 0x61, 0x08, 0x61, 0x08, 0x61, 0x08, 0x41, 0x08, 0x41, 0x00, 0x21, 0x08, 0x41, 0x08, 0x41,
    0x08, 0x41, 0x00, 0x21, 0x00, 0x20, 0x00, 0x20, 0x08, 0x41, 0x08, 0x41, 0x08, 0x41, 0x08, 0x41,
    0x00, 0x21, 0x00, 0x20, 0x08, 0x41, 0x08, 0x41, 0x00, 0x21, 0x00, 0x20, 0x00, 0x20, 0x00, 0x20,
    0x08, 0x41, 0x08, 0x41, 0x08, 0x41, 0x00, 0x21, 0x00, 0x20, 0x00, 0x20, 0x00, 0x21, 0x00, 0x00,
    0x00, 0x00, 0x00, 0x00, 0x00, 0x00, 0x00, 0x00, 0x00, 0x00, 0x00, 0x00, 0x00, 0x00, 0x00, 0x00,
    0x00, 0x00, 0x00, 0x00, 0x00, 0x00, 0x00, 0x00, 0x00, 0x00, 0x00, 0x00, 0x00, 0x00, 0x00, 0x00,
    0x00, 0x00, 0x00, 0x00, 0x00, 0x00, 0x00, 0x00, 0x00, 0x00, 0x00, 0x00, 0x00, 0x00, 0x00, 0x00,
    0x00, 0x00, 0x00, 0x00, 0x00, 0x00, 0x00, 0x00, 0x00, 0x00, 0x00, 0x00, 0x00, 0x00, 0x00, 0x00,
    0x00, 0x20, 0x00, 0x20, 0x00, 0x21, 0x00, 0x20, 0x00, 0x20, 0x00, 0x20, 0x00, 0x20, 0x00, 0x20,
    0x00, 0x41, 0x08, 0x41, 0x08, 0x41, 0x08, 0x41, 0x08, 0x41, 0x00, 0x21, 0x08, 0x41, 0x00, 0x41,
    0x00, 0x20, 0x00, 0x20, 0x00, 0x20, 0x00, 0x20, 0x08, 0x41, 0x08, 0x41, 0x08, 0x41, 0x08, 0x41,
    0x08, 0x41, 0x08, 0x41, 0x08, 0x41, 0x08, 0x41, 0x00, 0x41, 0x00, 0x20, 0x00, 0x20, 0x00, 0x20,
    0x08, 0x41, 0x08, 0x61, 0x08, 0x61, 0x08, 0x61, 0x08, 0x41, 0x08, 0x41, 0x08, 0x61, 0x08, 0x41,
    0x08, 0x41, 0x00, 0x21, 0x00, 0x21, 0x00, 0x21, 0x08, 0x61, 0x08, 0x61, 0x08, 0x62, 0x08, 0x61,
    0x08, 0x61, 0x08, 0x41, 0x08, 0x61, 0x08, 0x41, 0x08, 0x41, 0x08, 0x41, 0x00, 0x41, 0x08, 0x41,
    0x08, 0x61, 0x08, 0x62, 0x08, 0x62, 0x08, 0x62, 0x08, 0x61, 0x08, 0x61, 0x08, 0x61, 0x08, 0x61,
    0x08, 0x41, 0x08, 0x41, 0x08, 0x41, 0x08, 0x41, 0x08, 0x62, 0x08, 0x82, 0x08, 0x82, 0x08, 0x82,
    0x08, 0x62, 0x08, 0x61, 0x08, 0x62, 0x08, 0x61, 0x08, 0x41, 0x08, 0x41, 0x08, 0x41, 0x08, 0x41,
    0x08, 0x62, 0x08, 0x82, 0x10, 0x82, 0x08, 0x82, 0x08, 0x62, 0x08, 0x61, 0x08, 0x62, 0x08, 0x61,
    0x08, 0x41, 0x08, 0x41, 0x08, 0x41, 0x08, 0x41, 0x08, 0x62, 0x10, 0x82, 0x10, 0x82, 0x10, 0x82,
    0x08, 0x62, 0x08, 0x61, 0x08, 0x62, 0x08, 0x61, 0x08, 0x41, 0x08, 0x41, 0x08, 0x41, 0x08, 0x41,
    0x08, 0x62, 0x10, 0x82, 0x10, 0x82, 0x10, 0x82, 0x08, 0x62, 0x08, 0x61, 0x08, 0x62, 0x08, 0x61,
    0x08, 0x41, 0x08, 0x41, 0x08, 0x41, 0x08, 0x41, 0x08, 0x62, 0x08, 0x82, 0x10, 0x82, 0x08, 0x82,
    0x08, 0x62, 0x08, 0x61, 0x08, 0x62, 0x08, 0x61, 0x08, 0x41, 0x08, 0x41, 0x08, 0x41, 0x08, 0x41,
    0x08, 0x62, 0x08, 0x82, 0x10, 0x82, 0x08, 0x82, 0x08, 0x62, 0x08, 0x61, 0x08, 0x62, 0x08, 0x61,
    0x08, 0x41, 0x08, 0x41, 0x08, 0x41, 0x08, 0x41, 0x08, 0x61, 0x08, 0x62, 0x08, 0x82, 0x08, 0x62,
    0x08, 0x61, 0x08, 0x61, 0x08, 0x61, 0x08, 0x61, 0x08, 0x41, 0x08, 0x41, 0x00, 0x41, 0x08, 0x41,
    0x08, 0x61, 0x08, 0x62, 0x08, 0x62, 0x08, 0x62, 0x08, 0x61, 0x08, 0x41, 0x08, 0x61, 0x08, 0x41,
    0x08, 0x41, 0x00, 0x41, 0x00, 0x21, 0x00, 0x41, 0x08, 0x61, 0x08, 0x61, 0x08, 0x61, 0x08, 0x61,
    0x08, 0x61, 0x08, 0x41, 0x08, 0x61, 0x08, 0x41, 0x08, 0x41, 0x00, 0x21, 0x00, 0x20, 0x00, 0x20,
    0x08, 0x41, 0x08, 0x61, 0x08, 0x61, 0x08, 0x61, 0x08, 0x41, 0x08, 0x41, 0x08, 0x41, 0x08, 0x41,
    0x00, 0x21, 0x00, 0x20, 0x00, 0x20, 0x00, 0x20, 0x08, 0x41, 0x08, 0x41, 0x08, 0x41, 0x08, 0x41,
    0x08, 0x41, 0x00, 0x21, 0x08, 0x41, 0x00, 0x21, 0x00, 0x20, 0x00, 0x20, 0x00, 0x20, 0x00, 0x20,
    0x00, 0x41, 0x08, 0x41, 0x08, 0x41, 0x00, 0x41, 0x00, 0x21, 0x00, 0x20, 0x00, 0x20, 0x00, 0x20,
    0x00, 0x00, 0x00, 0x00, 0x00, 0x00, 0x00, 0x00, 0x00, 0x00, 0x00, 0x00, 0x00, 0x00, 0x00, 0x00,
    0x00, 0x00, 0x00, 0x00, 0x00, 0x00, 0x00, 0x00, 0x00, 0x00, 0x00, 0x00, 0x00, 0x00, 0x00, 0x00,
    0x00, 0x00, 0x00, 0x00, 0x00, 0x00, 0x00, 0x00, 0x00, 0x00, 0x00, 0x00, 0x00, 0x00, 0x00, 0x00,
    0x00, 0x00, 0x00, 0x00, 0x00, 0x00, 0x00, 0x00, 0x00, 0x00, 0x00, 0x00, 0x00, 0x00, 0x00, 0x00,
    0x00, 0x21, 0x00, 0x21, 0x00, 0x20, 0x00, 0x20, 0x00, 0x20, 0x00, 0x20, 0x00, 0x20, 0x00, 0x20,
    0x00, 0x21, 0x08, 0x41, 0x08, 0x41, 0x08, 0x41, 0x08, 0x41, 0x08, 0x41, 0x00, 0x41, 0x00, 0x20,
    0x00, 0x20, 0x00, 0x20, 0x00, 0x20, 0x00, 0x21, 0x08, 0x41, 0x08, 0x41, 0x08, 0x41, 0x08, 0x41,
    0x08, 0x41, 0x08, 0x41, 0x08, 0x41, 0x00, 0x41, 0x00, 0x20, 0x00, 0x20, 0x00, 0x20, 0x00, 0x41,
    0x08, 0x41, 0x08, 0x41, 0x08, 0x61, 0x08, 0x61, 0x08, 0x61, 0x08, 0x61, 0x08, 0x41, 0x08, 0x41,
    0x00, 0x21, 0x00, 0x21, 0x00, 0x21, 0x08, 0x41, 0x08, 0x41, 0x08, 0x61, 0x08, 0x61, 0x08, 0x62,
    0x08, 0x61, 0x08, 0x61, 0x08, 0x41, 0x08, 0x41, 0x08, 0x41, 0x00, 0x41, 0x08, 0x41, 0x08, 0x41,
    0x08, 0x61, 0x08, 0x61, 0x08, 0x62, 0x08, 0x82, 0x08, 0x62, 0x08, 0x61, 0x08, 0x61, 0x08, 0x41,
    0x08, 0x41, 0x08, 0x41, 0x08, 0x41, 0x08, 0x41, 0x08, 0x61, 0x08, 0x62, 0x08, 0x82, 0x08, 0x82,
    0x08, 0x82, 0x08, 0x62, 0x08, 0x61, 0x08, 0x41, 0x08, 0x41, 0x08, 0x41, 0x08, 0x41, 0x08, 0x41,
    0x08, 0x61, 0x08, 0x62, 0x08, 0x82, 0x10, 0x82, 0x08, 0x82, 0x08, 0x62, 0x08, 0x61, 0x08, 0x41,
    0x08, 0x41, 0x08, 0x41, 0x08, 0x41, 0x08, 0x41, 0x08, 0x61, 0x08, 0x62, 0x10, 0x82, 0x10, 0x82,
    0x10, 0x82, 0x08, 0x62, 0x08, 0x61, 0x08, 0x41, 0x08, 0x41, 0x08, 0x41, 0x08, 0x41, 0x08, 0x41,
    0x08, 0x61, 0x08, 0x62, 0x10, 0x82, 0x10, 0x82, 0x10, 0x82, 0x08, 0x62, 0x08, 0x61, 0x08, 0x41,
    0x08, 0x41, 0x08, 0x41, 0x08, 0x41, 0x08, 0x41, 0x08, 0x61, 0x08, 0x62, 0x10, 0x82, 0x10, 0x82,
    0x08, 0x82, 0x08, 0x62, 0x08, 0x61, 0x08, 0x41, 0x08, 0x41, 0x08, 0x41, 0x08, 0x41, 0x08, 0x41,
    0x08, 0x61, 0x08, 0x62, 0x08, 0x82, 0x10, 0x82, 0x08, 0x82, 0x08, 0x62, 0x08, 0x61, 0x08, 0x41,
    0x08, 0x41, 0x08, 0x41, 0x08, 0x41, 0x08, 0x41, 0x08, 0x61, 0x08, 0x62, 0x08, 0x62, 0x08, 0x82,
    0x08, 0x62, 0x08, 0x61, 0x08, 0x61, 0x08, 0x41, 0x08, 0x41, 0x00, 0x41, 0x08, 0x41, 0x08, 0x41,
    0x08, 0x41, 0x08, 0x61, 0x08, 0x62, 0x08, 0x62, 0x08, 0x62, 0x08, 0x61, 0x08, 0x41, 0x08, 0x41,
    0x00, 0x41, 0x00, 0x21, 0x00, 0x41, 0x08, 0x41, 0x08, 0x41, 0x08, 0x61, 0x08, 0x61, 0x08, 0x61,
    0x08, 0x61, 0x08, 0x61, 0x08, 0x41, 0x08, 0x41, 0x00, 0x21, 0x00, 0x20, 0x00, 0x21, 0x00, 0x41,
    0x08, 0x41, 0x08, 0x41, 0x08, 0x61, 0x08, 0x61, 0x08, 0x61, 0x08, 0x41, 0x08, 0x41, 0x00, 0x21,
    0x00, 0x20, 0x00, 0x20, 0x00, 0x20, 0x00, 0x21, 0x08, 0x41, 0x08, 0x41, 0x08, 0x41, 0x08, 0x41,
    0x08, 0x41, 0x08, 0x41, 0x00, 0x21, 0x00, 0x20, 0x00, 0x20, 0x00, 0x20, 0x00, 0x20, 0x00, 0x20,
    0x00, 0x20, 0x00, 0x41, 0x08, 0x41, 0x08, 0x41, 0x00, 0x41, 0x00, 0x21, 0x00, 0x20, 0x00, 0x20,
    0x00, 0x00, 0x00, 0x00, 0x00, 0x00, 0x00, 0x00, 0x00, 0x00, 0x00, 0x00, 0x00, 0x00, 0x00, 0x00,
    0x00, 0x00, 0x00, 0x00, 0x00, 0x00, 0x00, 0x00, 0x00, 0x00, 0x00, 0x00, 0x00, 0x00, 0x00, 0x00,
    0x00, 0x00, 0x00, 0x00, 0x00, 0x00, 0x00, 0x00, 0x00, 0x00, 0x00, 0x00, 0x00, 0x00, 0x00, 0x00,
    0x00, 0x00, 0x00, 0x00, 0x00, 0x00, 0x00, 0x00, 0x00, 0x00, 0x00, 0x00, 0x00, 0x00, 0x00, 0x21,
    0x00, 0x20, 0x00, 0x20, 0x00, 0x21, 0x00, 0x20, 0x00, 0x20, 0x00, 0x20, 0x00, 0x20, 0x00, 0x20,
    0x00, 0x41, 0x08, 0x41, 0x08, 0x41, 0x08, 0x41, 0x08, 0x41, 0x00, 0x41, 0x08, 0x41, 0x00, 0x41,
    0x00, 0x20, 0x00, 0x20, 0x00, 0x20, 0x00, 0x20, 0x08, 0x41, 0x08, 0x41, 0x08, 0x41, 0x08, 0x41,
    0x08, 0x41, 0x08, 0x41, 0x08, 0x41, 0x08, 0x41, 0x00, 0x41, 0x00, 0x20, 0x00, 0x20, 0x00, 0x21,
    0x08, 0x41, 0x08, 0x61, 0x08, 0x61, 0x08, 0x61, 0x08, 0x61, 0x08, 0x41, 0x08, 0x61, 0x08, 0x41,
    0x08, 0x41, 0x00, 0x21, 0x00, 0x21, 0x00, 0x41, 0x08, 0x61, 0x08, 0x61, 0x08, 0x62, 0x08, 0x61,
    0x08, 0x61, 0x08, 0x41, 0x08, 0x61, 0x08, 0x41, 0x08, 0x41, 0x08, 0x41, 0x00, 0x41, 0x08, 0x41,
    0x08, 0x61, 0x08, 0x62, 0x08, 0x82, 0x08, 0x62, 0x08, 0x61, 0x08, 0x61, 0x08, 0x61, 0x08, 0x61,
    0x08, 0x41, 0x08, 0x41, 0x08, 0x41, 0x08, 0x41, 0x08, 0x62, 0x08, 0x82, 0x08, 0x82, 0x08, 0x82,
    0x08, 0x62, 0x08, 0x61, 0x08, 0x62, 0x08, 0x61, 0x08, 0x41, 0x08, 0x41, 0x08, 0x41, 0x08, 0x41,
    0x08, 0x62, 0x08, 0x82, 0x10, 0x82, 0x08, 0x82, 0x08, 0x62, 0x08, 0x61, 0x08, 0x62, 0x08, 0x61,
    0x08, 0x41, 0x08, 0x41, 0x08, 0x41, 0x08, 0x41, 0x08, 0x62, 0x10, 0x82, 0x10, 0x82, 0x10, 0x82,
    0x08, 0x62, 0x08, 0x61, 0x08, 0x62, 0x08, 0x61, 0x08, 0x41, 0x08, 0x41, 0x08, 0x41, 0x08, 0x41,
    0x08, 0x62, 0x10, 0x82, 0x10, 0x82, 0x10, 0x82, 0x08, 0x62, 0x08, 0x61, 0x08, 0x62, 0x08, 0x61,
    0x08, 0x41, 0x08, 0x41, 0x08, 0x41, 0x08, 0x41, 0x08, 0x62, 0x10, 0x82, 0x10, 0x82, 0x10, 0x82,
    0x08, 0x62, 0x08, 0x61, 0x08, 0x62, 0x08, 0x61, 0x08, 0x41, 0x08, 0x41, 0x08, 0x41, 0x08, 0x41,
    0x08, 0x62, 0x08, 0x82, 0x10, 0x82, 0x08, 0x82, 0x08, 0x62, 0x08, 0x61, 0x08, 0x62, 0x08, 0x61,
    0x08, 0x41, 0x08, 0x41, 0x08, 0x41, 0x08, 0x41, 0x08, 0x62, 0x08, 0x82, 0x08, 0x82, 0x08, 0x62,
    0x08, 0x61, 0x08, 0x61, 0x08, 0x61, 0x08, 0x61, 0x08, 0x41, 0x08, 0x41, 0x00, 0x41, 0x08, 0x41,
    0x08, 0x61, 0x08, 0x62, 0x08, 0x62, 0x08, 0x62, 0x08, 0x61, 0x08, 0x41, 0x08, 0x61, 0x08, 0x41,
    0x08, 0x41, 0x00, 0x41, 0x00, 0x21, 0x00, 0x41, 0x08, 0x61, 0x08, 0x61, 0x08, 0x61, 0x08, 0x61,
    0x08, 0x61, 0x08, 0x41, 0x08, 0x61, 0x08, 0x41, 0x08, 0x41, 0x00, 0x21, 0x00, 0x20, 0x00, 0x21,
    0x08, 0x41, 0x08, 0x61, 0x08, 0x61, 0x08, 0x61, 0x08, 0x41, 0x08, 0x41, 0x08, 0x41, 0x08, 0x41,
    0x00, 0x21, 0x00, 0x20, 0x00, 0x20, 0x00, 0x20, 0x08, 0x41, 0x08, 0x41, 0x08, 0x41, 0x08, 0x41,
    0x08, 0x41, 0x00, 0x41, 0x08, 0x41, 0x00, 0x21, 0x00, 0x20, 0x00, 0x20, 0x00, 0x20, 0x00, 0x20,
    0x00, 0x41, 0x08, 0x41, 0x08, 0x41, 0x08, 0x41, 0x00, 0x21, 0x00, 0x20, 0x00, 0x21, 0x00, 0x20,
    0x00, 0x20, 0x00, 0x00, 0x00, 0x00, 0x00, 0x00, 0x00, 0x00, 0x00, 0x00, 0x00, 0x00, 0x00, 0x00,
    0x00, 0x00, 0x00, 0x00, 0x00, 0x00, 0x00, 0x00, 0x00, 0x00, 0x00, 0x00, 0x00, 0x00, 0x00, 0x00,
    0x00, 0x00, 0x00, 0x00, 0x00, 0x00, 0x00, 0x00, 0x00, 0x00, 0x00, 0x00, 0x00, 0x00, 0x00, 0x00,
    0x00, 0x00, 0x00, 0x00, 0x00, 0x00, 0x00, 0x00, 0x00, 0x00, 0x00, 0x00, 0x00, 0x00, 0x00, 0x20,
    0x00, 0x20, 0x00, 0x20, 0x00, 0x41, 0x00, 0x21, 0x00, 0x20, 0x00, 0x20, 0x00, 0x20, 0x00, 0x20,
    0x08, 0x41, 0x08, 0x41, 0x08, 0x41, 0x08, 0x41, 0x00, 0x21, 0x00, 0x20, 0x08, 0x41, 0x08, 0x41,
    0x00, 0x41, 0x00, 0x20, 0x00, 0x20, 0x00, 0x20, 0x08, 0x41, 0x08, 0x41, 0x08, 0x41, 0x08, 0x41,
    0x08, 0x41, 0x00, 0x21, 0x08, 0x61, 0x08, 0x41, 0x08, 0x41, 0x00, 0x41, 0x00, 0x21, 0x00, 0x20,
    0x08, 0x61, 0x08, 0x61, 0x08, 0x61, 0x08, 0x61, 0x08, 0x41, 0x08, 0x41, 0x08, 0x61, 0x08, 0x61,
    0x08, 0x41, 0x08, 0x41, 0x00, 0x41, 0x00, 0x21, 0x08, 0x61, 0x08, 0x62, 0x08, 0x61, 0x08, 0x61,
    0x08, 0x41, 0x08, 0x41, 0x08, 0x62, 0x08, 0x61, 0x08, 0x41, 0x08, 0x41, 0x08, 0x41, 0x00, 0x41,
    0x08, 0x62, 0x08, 0x82, 0x08, 0x62, 0x08, 0x61, 0x08, 0x61, 0x08, 0x41, 0x08, 0x62, 0x08, 0x62,
    0x08, 0x61, 0x08, 0x41, 0x08, 0x41, 0x08, 0x41, 0x08, 0x82, 0x08, 0x82, 0x08, 0x82, 0x08, 0x62,
    0x08, 0x61, 0x08, 0x41, 0x08, 0x82, 0x08, 0x62, 0x08, 0x61, 0x08, 0x41, 0x08, 0x41, 0x08, 0x41,
    0x08, 0x82, 0x10, 0x82, 0x10, 0x82, 0x08, 0x62, 0x08, 0x61, 0x08, 0x41, 0x10, 0x82, 0x08, 0x62,
    0x08, 0x61, 0x08, 0x41, 0x08, 0x41, 0x08, 0x41, 0x10, 0x82, 0x10, 0x82, 0x10, 0x82, 0x08, 0x62,
    0x08, 0x61, 0x08, 0x41, 0x10, 0x82, 0x08, 0x62, 0x08, 0x61, 0x08, 0x41, 0x08, 0x41, 0x08, 0x41,
    0x10, 0x82, 0x10, 0x82, 0x10, 0x82, 0x08, 0x62, 0x08, 0x61, 0x08, 0x41, 0x10, 0x82, 0x08, 0x62,
    0x08, 0x61, 0x08, 0x41, 0x08, 0x41, 0x08, 0x41, 0x10, 0x82, 0x10, 0x82, 0x10, 0x82, 0x08, 0x62,
    0x08, 0x61, 0x08, 0x41, 0x10, 0x82, 0x08, 0x62, 0x08, 0x61, 0x08, 0x41, 0x08, 0x41, 0x08, 0x41,
    0x08, 0x82, 0x10, 0x82, 0x08, 0x82, 0x08, 0x62, 0x08, 0x61, 0x08, 0x41, 0x08, 0x82, 0x08, 0x62,
    0x08, 0x61, 0x08, 0x41, 0x08, 0x41, 0x08, 0x41, 0x08, 0x82, 0x08, 0x82, 0x08, 0x82, 0x08, 0x62,
    0x08, 0x61, 0x08, 0x41, 0x08, 0x62, 0x08, 0x61, 0x08, 0x61, 0x08, 0x41, 0x08, 0x41, 0x00, 0x41,
    0x08, 0x62, 0x08, 0x62, 0x08, 0x62, 0x08, 0x61, 0x08, 0x41, 0x08, 0x41, 0x08, 0x62, 0x08, 0x61,
    0x08, 0x41, 0x08, 0x41, 0x00, 0x41, 0x00, 0x21, 0x08, 0x61, 0x08, 0x62, 0x08, 0x61, 0x08, 0x61,
    0x08, 0x41, 0x08, 0x41, 0x08, 0x61, 0x08, 0x61, 0x08, 0x41, 0x08, 0x41, 0x00, 0x21, 0x00, 0x20,
    0x08, 0x61, 0x08, 0x61, 0x08, 0x61, 0x08, 0x41, 0x08, 0x41, 0x00, 0x41, 0x08, 0x61, 0x08, 0x41,
    0x08, 0x41, 0x00, 0x21, 0x00, 0x20, 0x00, 0x20, 0x08, 0x41, 0x08, 0x41, 0x08, 0x41, 0x08, 0x41,
    0x00, 0x41, 0x00, 0x20, 0x08, 0x41, 0x08, 0x41, 0x00, 0x21, 0x00, 0x20, 0x00, 0x20, 0x00, 0x20,
    0x08, 0x41, 0x08, 0x41, 0x08, 0x41, 0x00, 0x21, 0x00, 0x20, 0x00, 0x20, 0x00, 0x41, 0x00, 0x21,
    0x00, 0x20, 0x00, 0x00, 0x00, 0x00, 0x00, 0x00, 0x00, 0x00, 0x00, 0x00, 0x00, 0x00, 0x00, 0x00,
    0x00, 0x00, 0x00, 0x00, 0x00, 0x00, 0x00, 0x00, 0x00, 0x00, 0x00, 0x00, 0x00, 0x00, 0x00, 0x00,
    0x00, 0x00, 0x00, 0x00, 0x00, 0x00, 0x00, 0x00, 0x00, 0x00, 0x00, 0x00, 0x00, 0x00, 0x00, 0x00,
    0x00, 0x00, 0x00, 0x00, 0x00, 0x00, 0x00, 0x00, 0x00, 0x00, 0x00, 0x00, 0x00, 0x20, 0x00, 0x20,
    0x00, 0x20, 0x00, 0x20, 0x08, 0x41, 0x08, 0x41, 0x00, 0x41, 0x00, 0x20, 0x00, 0x20, 0x00, 0x20,
    0x08, 0x41, 0x08, 0x41, 0x08, 0x41, 0x00, 0x21, 0x00, 0x20, 0x00, 0x20, 0x08, 0x41, 0x08, 0x41,
    0x08, 0x41, 0x08, 0x41, 0x00, 0x21, 0x00, 0x20, 0x08, 0x41, 0x08, 0x41, 0x08, 0x41, 0x08, 0x41,
    0x00, 0x21, 0x00, 0x20, 0x08, 0x61, 0x08, 0x61, 0x08, 0x41, 0x08, 0x41, 0x00, 0x41, 0x00, 0x21,
    0x08, 0x61, 0x08, 0x61, 0x08, 0x61, 0x08, 0x41, 0x08, 0x41, 0x00, 0x21, 0x08, 0x61, 0x08, 0x61,
    0x08, 0x61, 0x08, 0x41, 0x08, 0x41, 0x00, 0x41, 0x08, 0x62, 0x08, 0x61, 0x08, 0x61, 0x08, 0x41,
    0x08, 0x41, 0x08, 0x41, 0x08, 0x62, 0x08, 0x62, 0x08, 0x61, 0x08, 0x61, 0x08, 0x41, 0x08, 0x41,
    0x08, 0x82, 0x08, 0x62, 0x08, 0x61, 0x08, 0x61, 0x08, 0x41, 0x08, 0x41, 0x08, 0x82, 0x08, 0x82,
    0x08, 0x62, 0x08, 0x61, 0x08, 0x41, 0x08, 0x41, 0x08, 0x82, 0x08, 0x82, 0x08, 0x62, 0x08, 0x61,
    0x08, 0x41, 0x08, 0x41, 0x10, 0x82, 0x08, 0x82, 0x08, 0x62, 0x08, 0x61, 0x08, 0x41, 0x08, 0x41,
    0x10, 0x82, 0x10, 0x82, 0x08, 0x62, 0x08, 0x61, 0x08, 0x41, 0x08, 0x41, 0x10, 0x82, 0x10, 0x82,
    0x08, 0x62, 0x08, 0x61, 0x08, 0x41, 0x08, 0x41, 0x10, 0x82, 0x10, 0x82, 0x08, 0x62, 0x08, 0x61,
    0x08, 0x41, 0x08, 0x41, 0x10, 0x82, 0x10, 0x82, 0x08, 0x62, 0x08, 0x61, 0x08, 0x41, 0x08, 0x41,
    0x10, 0x82, 0x10, 0x82, 0x08, 0x62, 0x08, 0x61, 0x08, 0x41, 0x08, 0x41, 0x10, 0x82, 0x10, 0x82,
    0x08, 0x62, 0x08, 0x61, 0x08, 0x41, 0x08, 0x41, 0x10, 0x82, 0x10, 0x82, 0x08, 0x62, 0x08, 0x61,
    0x08, 0x41, 0x08, 0x41, 0x10, 0x82, 0x10, 0x82, 0x08, 0x62, 0x08, 0x61, 0x08, 0x41, 0x08, 0x41,
    0x10, 0x82, 0x08, 0x82, 0x08, 0x62, 0x08, 0x61, 0x08, 0x41, 0x08, 0x41, 0x10, 0x82, 0x08, 0x82,
    0x08, 0x62, 0x08, 0x61, 0x08, 0x41, 0x08, 0x41, 0x08, 0x82, 0x08, 0x82, 0x08, 0x62, 0x08, 0x61,
    0x08, 0x41, 0x08, 0x41, 0x08, 0x82, 0x08, 0x62, 0x08, 0x61, 0x08, 0x61, 0x08, 0x41, 0x08, 0x41,
    0x08, 0x62, 0x08, 0x62, 0x08, 0x61, 0x08, 0x41, 0x08, 0x41, 0x08, 0x41, 0x08, 0x62, 0x08, 0x62,
    0x08, 0x61, 0x08, 0x41, 0x08, 0x41, 0x00, 0x41, 0x08, 0x62, 0x08, 0x61, 0x08, 0x61, 0x08, 0x41,
    0x08, 0x41, 0x00, 0x21, 0x08, 0x61, 0x08, 0x61, 0x08, 0x61, 0x08, 0x41, 0x08, 0x41, 0x00, 0x21,
    0x08, 0x61, 0x08, 0x61, 0x08, 0x41, 0x08, 0x41, 0x00, 0x41, 0x00, 0x20, 0x08, 0x61, 0x08, 0x61,
    0x08, 0x41, 0x08, 0x41, 0x00, 0x21, 0x00, 0x20, 0x08, 0x41, 0x08, 0x41, 0x08, 0x41, 0x08, 0x41,
    0x00, 0x20, 0x00, 0x20, 0x08, 0x41, 0x08, 0x41, 0x08, 0x41, 0x00, 0x21, 0x00, 0x20, 0x00, 0x20,
    0x08, 0x41, 0x08, 0x41, 0x00, 0x41, 0x00, 0x20, 0x00, 0x20, 0x00, 0x20, 0x08, 0x41, 0x00, 0x41,
    0x00, 0x20, 0x00, 0x20, 0x00, 0x00, 0x00, 0x00, 0x00, 0x00, 0x00, 0x00, 0x00, 0x00, 0x00, 0x00,
    0x00, 0x00, 0x00, 0x00, 0x00, 0x00, 0x00, 0x00, 0x00, 0x00, 0x00, 0x00, 0x00, 0x00, 0x00, 0x00,
    0x00, 0x00, 0x00, 0x00, 0x00, 0x00, 0x00, 0x00, 0x00, 0x00, 0x00, 0x00, 0x00, 0x00, 0x00, 0x00,
    0x00, 0x00, 0x00, 0x00, 0x00, 0x00, 0x00, 0x00, 0x00, 0x00, 0x00, 0x00, 0x00, 0x20, 0x00, 0x20,
    0x00, 0x20, 0x00, 0x20, 0x08, 0x41, 0x08, 0x41, 0x08, 0x41, 0x00, 0x41, 0x00, 0x21, 0x00, 0x20,
    0x08, 0x41, 0x08, 0x41, 0x00, 0x21, 0x00, 0x20, 0x00, 0x20, 0x00, 0x20, 0x08, 0x41, 0x08, 0x41,
    0x08, 0x41, 0x08, 0x41, 0x08, 0x41, 0x00, 0x21, 0x08, 0x41, 0x08, 0x41, 0x08, 0x41, 0x00, 0x21,
    0x00, 0x20, 0x00, 0x20, 0x08, 0x61, 0x08, 0x61, 0x08, 0x61, 0x08, 0x41, 0x08, 0x41, 0x08, 0x41,
    0x08, 0x61, 0x08, 0x61, 0x08, 0x41, 0x08, 0x41, 0x00, 0x21, 0x00, 0x21, 0x08, 0x61, 0x08, 0x61,
    0x08, 0x61, 0x08, 0x61, 0x08, 0x41, 0x08, 0x41, 0x08, 0x61, 0x08, 0x61, 0x08, 0x41, 0x08, 0x41,
    0x08, 0x41, 0x00, 0x41, 0x08, 0x62, 0x08, 0x62, 0x08, 0x62, 0x08, 0x61, 0x08, 0x61, 0x08, 0x41,
    0x08, 0x62, 0x08, 0x61, 0x08, 0x61, 0x08, 0x41, 0x08, 0x41, 0x08, 0x41, 0x08, 0x82, 0x08, 0x82,
    0x08, 0x82, 0x08, 0x62, 0x08, 0x61, 0x08, 0x41, 0x08, 0x82, 0x08, 0x62, 0x08, 0x61, 0x08, 0x41,
    0x08, 0x41, 0x08, 0x41, 0x08, 0x82, 0x10, 0x82, 0x08, 0x82, 0x08, 0x62, 0x08, 0x61, 0x08, 0x41,
    0x10, 0x82, 0x08, 0x62, 0x08, 0x61, 0x08, 0x41, 0x08, 0x41, 0x08, 0x41, 0x10, 0x82, 0x10, 0x82,
    0x10, 0x82, 0x08, 0x62, 0x08, 0x61, 0x08, 0x41, 0x10, 0x82, 0x08, 0x62, 0x08, 0x61, 0x08, 0x41,
    0x08, 0x41, 0x08, 0x41, 0x10, 0x82, 0x10, 0x82, 0x10, 0x82, 0x08, 0x82, 0x08, 0x61, 0x08, 0x41,
    0x10, 0x82, 0x08, 0x82, 0x08, 0x61, 0x08, 0x41, 0x08, 0x41, 0x08, 0x41, 0x10, 0x82, 0x10, 0x82,
    0x10, 0x82, 0x08, 0x62, 0x08, 0x61, 0x08, 0x41, 0x10, 0x82, 0x08, 0x62, 0x08, 0x61, 0x08, 0x41,
    0x08, 0x41, 0x08, 0x41, 0x10, 0x82, 0x10, 0x82, 0x10, 0x82, 0x08, 0x62, 0x08, 0x61, 0x08, 0x41,
    0x10, 0x82, 0x08, 0x62, 0x08, 0x61, 0x08, 0x41, 0x08, 0x41, 0x08, 0x41, 0x08, 0x82, 0x10, 0x82,
    0x08, 0x82, 0x08, 0x62, 0x08, 0x61, 0x08, 0x41, 0x08, 0x82, 0x08, 0x62, 0x08, 0x61, 0x08, 0x41,
    0x08, 0x41, 0x08, 0x41, 0x08, 0x82, 0x08, 0x82, 0x08, 0x62, 0x08, 0x61, 0x08, 0x61, 0x08, 0x41,
    0x08, 0x62, 0x08, 0x61, 0x08, 0x61, 0x08, 0x41, 0x08, 0x41, 0x00, 0x41, 0x08, 0x62, 0x08, 0x62,
    0x08, 0x62, 0x08, 0x61, 0x08, 0x41, 0x08, 0x41, 0x08, 0x61, 0x08, 0x61, 0x08, 0x41, 0x08, 0x41,
    0x00, 0x41, 0x00, 0x21, 0x08, 0x61, 0x08, 0x61, 0x08, 0x61, 0x08, 0x61, 0x08, 0x41, 0x08, 0x41,
    0x08, 0x61, 0x08, 0x41, 0x08, 0x41, 0x00, 0x41, 0x00, 0x20, 0x00, 0x20, 0x08, 0x61, 0x08, 0x61,
    0x08, 0x41, 0x08, 0x41, 0x08, 0x41, 0x00, 0x21, 0x08, 0x41, 0x08, 0x41, 0x08, 0x41, 0x00, 0x20,
    0x00, 0x20, 0x00, 0x20, 0x08, 0x41, 0x08, 0x41, 0x08, 0x41, 0x08, 0x41, 0x00, 0x21, 0x00, 0x20,
    0x08, 0x41, 0x00, 0x41, 0x00, 0x20, 0x00, 0x20, 0x00, 0x20, 0x00, 0x20, 0x00, 0x41, 0x08, 0x41,
    0x00, 0x41, 0x00, 0x20, 0x00, 0x00, 0x00, 0x00, 0x00, 0x00, 0x00, 0x00, 0x00, 0x00, 0x00, 0x00,
    0x00, 0x00, 0x00, 0x00, 0x00, 0x00, 0x00, 0x00, 0x00, 0x00, 0x00, 0x00, 0x00, 0x00, 0x00, 0x00,
    0x00, 0x00, 0x00, 0x00, 0x00, 0x00, 0x00, 0x00, 0x00, 0x00, 0x00, 0x00, 0x00, 0x00, 0x00, 0x00,
    0x00, 0x00, 0x00, 0x00, 0x00, 0x00, 0x00, 0x00, 0x00, 0x00, 0x00, 0x20, 0x00, 0x20, 0x00, 0x20,
    0x00, 0x20, 0x00, 0x20, 0x00, 0x21, 0x08, 0x41, 0x08, 0x41, 0x08, 0x41, 0x08, 0x41, 0x00, 0x21,
    0x08, 0x41, 0x00, 0x21, 0x00, 0x20, 0x00, 0x20, 0x00, 0x20, 0x00, 0x20, 0x08, 0x41, 0x08, 0x41,
    0x08, 0x41, 0x08, 0x41, 0x08, 0x41, 0x08, 0x41, 0x08, 0x41, 0x08, 0x41, 0x00, 0x21, 0x00, 0x20,
    0x00, 0x20, 0x00, 0x20, 0x08, 0x41, 0x08, 0x61, 0x08, 0x61, 0x08, 0x61, 0x08, 0x41, 0x08, 0x41,
    0x08, 0x61, 0x08, 0x41, 0x08, 0x41, 0x00, 0x21, 0x00, 0x21, 0x00, 0x21, 0x08, 0x61, 0x08, 0x61,
    0x08, 0x62, 0x08, 0x61, 0x08, 0x61, 0x08, 0x41, 0x08, 0x61, 0x08, 0x41, 0x08, 0x41, 0x08, 0x41,
    0x00, 0x41, 0x08, 0x41, 0x08, 0x61, 0x08, 0x62, 0x08, 0x62, 0x08, 0x62, 0x08, 0x61, 0x08, 0x61,
    0x08, 0x61, 0x08, 0x61, 0x08, 0x41, 0x08, 0x41, 0x08, 0x41, 0x08, 0x41, 0x08, 0x62, 0x08, 0x82,
    0x08, 0x82, 0x08, 0x82, 0x08, 0x62, 0x08, 0x61, 0x08, 0x62, 0x08, 0x61, 0x08, 0x41, 0x08, 0x41,
    0x08, 0x41, 0x08, 0x41, 0x08, 0x62, 0x08, 0x82, 0x10, 0x82, 0x10, 0x82, 0x08, 0x62, 0x08, 0x61,
    0x08, 0x62, 0x08, 0x61, 0x08, 0x41, 0x08, 0x41, 0x08, 0x41, 0x08, 0x41, 0x08, 0x62, 0x10, 0x82,
    0x10, 0x82, 0x10, 0x82, 0x08, 0x62, 0x08, 0x61, 0x08, 0x82, 0x08, 0x61, 0x08, 0x41, 0x08, 0x41,
    0x08, 0x41, 0x08, 0x41, 0x08, 0x82, 0x10, 0x82, 0x10, 0x82, 0x10, 0x82, 0x08, 0x82, 0x08, 0x61,
    0x08, 0x82, 0x08, 0x61, 0x08, 0x41, 0x08, 0x41, 0x08, 0x41, 0x08, 0x41, 0x08, 0x82, 0x10, 0x82,
    0x10, 0x82, 0x10, 0x82, 0x08, 0x82, 0x08, 0x61, 0x08, 0x82, 0x08, 0x61, 0x08, 0x41, 0x08, 0x41,
    0x08, 0x41, 0x08, 0x41, 0x08, 0x62, 0x10, 0x82, 0x10, 0x82, 0x10, 0x82, 0x08, 0x62, 0x08, 0x61,
    0x08, 0x62, 0x08, 0x61, 0x08, 0x41, 0x08, 0x41, 0x08, 0x41, 0x08, 0x41, 0x08, 0x62, 0x08, 0x82,
    0x10, 0x82, 0x08, 0x82, 0x08, 0x62, 0x08, 0x61, 0x08, 0x62, 0x08, 0x61, 0x08, 0x41, 0x08, 0x41,
    0x08, 0x41, 0x08, 0x41, 0x08, 0x62, 0x08, 0x82, 0x08, 0x82, 0x08, 0x62, 0x08, 0x61, 0x08, 0x61,
    0x08, 0x61, 0x08, 0x61, 0x08, 0x41, 0x08, 0x41, 0x00, 0x41, 0x08, 0x41, 0x08, 0x61, 0x08, 0x62,
    0x08, 0x62, 0x08, 0x62, 0x08, 0x61, 0x08, 0x41, 0x08, 0x61, 0x08, 0x41, 0x08, 0x41, 0x00, 0x41,
    0x00, 0x21, 0x00, 0x41, 0x08, 0x61, 0x08, 0x61, 0x08, 0x61, 0x08, 0x61, 0x08, 0x61, 0x08, 0x41,
    0x08, 0x41, 0x08, 0x41, 0x08, 0x41, 0x00, 0x21, 0x00, 0x20, 0x00, 0x20, 0x08, 0x41, 0x08, 0x61,
    0x08, 0x61, 0x08, 0x41, 0x08, 0x41, 0x08, 0x41, 0x08, 0x41, 0x08, 0x41, 0x00, 0x21, 0x00, 0x20,
    0x00, 0x20, 0x00, 0x20, 0x08, 0x41, 0x08, 0x41, 0x08, 0x41, 0x08, 0x41, 0x08, 0x41, 0x00, 0x21,
    0x08, 0x41, 0x00, 0x21, 0x00, 0x20, 0x00, 0x20, 0x00, 0x20, 0x00, 0x20, 0x00, 0x21, 0x00, 0x41,
    0x00, 0x41, 0x00, 0x21, 0x00, 0x20, 0x00, 0x00, 0x00, 0x00, 0x00, 0x00, 0x00, 0x00, 0x00, 0x00,
    0x00, 0x00, 0x00, 0x00, 0x00, 0x00, 0x00, 0x00, 0x00, 0x00, 0x00, 0x00, 0x00, 0x00, 0x00, 0x00,
    0x00, 0x00, 0x00, 0x00, 0x00, 0x00, 0x00, 0x00, 0x00, 0x00, 0x00, 0x00, 0x00, 0x00, 0x00, 0x00,
    0x00, 0x00, 0x00, 0x00, 0x00, 0x00, 0x00, 0x00, 0x00, 0x00, 0x00, 0x20, 0x00, 0x20, 0x00, 0x20,
    0x00, 0x20, 0x00, 0x20, 0x00, 0x20, 0x00, 0x41, 0x08, 0x41, 0x08, 0x41, 0x08, 0x41, 0x08, 0x41,
    0x00, 0x21, 0x00, 0x20, 0x00, 0x20, 0x00, 0x20, 0x00, 0x20, 0x00, 0x20, 0x00, 0x41, 0x08, 0x41,
    0x08, 0x41, 0x08, 0x41, 0x08, 0x41, 0x08, 0x41, 0x08, 0x41, 0x00, 0x21, 0x00, 0x20, 0x00, 0x20,
    0x00, 0x20, 0x00, 0x41, 0x08, 0x41, 0x08, 0x41, 0x08, 0x61, 0x08, 0x61, 0x08, 0x61, 0x08, 0x61,
    0x08, 0x41, 0x08, 0x41, 0x00, 0x21, 0x00, 0x21, 0x00, 0x21, 0x08, 0x41, 0x08, 0x41, 0x08, 0x61,
    0x08, 0x61, 0x08, 0x62, 0x08, 0x61, 0x08, 0x61, 0x08, 0x41, 0x08, 0x41, 0x08, 0x41, 0x00, 0x41,
    0x08, 0x41, 0x08, 0x41, 0x08, 0x61, 0x08, 0x61, 0x08, 0x62, 0x08, 0x82, 0x08, 0x62, 0x08, 0x61,
    0x08, 0x61, 0x08, 0x41, 0x08, 0x41, 0x08, 0x41, 0x08, 0x41, 0x08, 0x41, 0x08, 0x61, 0x08, 0x62,
    0x08, 0x82, 0x10, 0x82, 0x08, 0x82, 0x08, 0x62, 0x08, 0x61, 0x08, 0x41, 0x08, 0x41, 0x08, 0x41,
    0x08, 0x41, 0x08, 0x41, 0x08, 0x61, 0x08, 0x62, 0x10, 0x82, 0x10, 0x82, 0x10, 0x82, 0x08, 0x62,
    0x08, 0x61, 0x08, 0x41, 0x08, 0x41, 0x08, 0x41, 0x08, 0x41, 0x08, 0x41, 0x08, 0x61, 0x08, 0x82,
    0x10, 0x82, 0x10, 0x82, 0x10, 0x82, 0x08, 0x82, 0x08, 0x61, 0x08, 0x41, 0x08, 0x41, 0x08, 0x41,
    0x08, 0x41, 0x08, 0x41, 0x08, 0x61, 0x08, 0x82, 0x10, 0x82, 0x10, 0x82, 0x10, 0x82, 0x08, 0x82,
    0x08, 0x61, 0x08, 0x41, 0x08, 0x41, 0x08, 0x41, 0x08, 0x41, 0x08, 0x41, 0x08, 0x61, 0x08, 0x82,
    0x10, 0x82, 0x10, 0x82, 0x10, 0x82, 0x08, 0x82, 0x08, 0x61, 0x08, 0x41, 0x08, 0x41, 0x08, 0x41,
    0x08, 0x41, 0x08, 0x41, 0x08, 0x61, 0x08, 0x62, 0x10, 0x82, 0x10, 0x82, 0x10, 0x82, 0x08, 0x62,
    0x08, 0x61, 0x08, 0x41, 0x08, 0x41, 0x08, 0x41, 0x08, 0x41, 0x08, 0x41, 0x08, 0x61, 0x08, 0x62,
    0x08, 0x82, 0x10, 0x82, 0x08, 0x82, 0x08, 0x62, 0x08, 0x61, 0x08, 0x41, 0x08, 0x41, 0x08, 0x41,
    0x08, 0x41, 0x08, 0x41, 0x08, 0x61, 0x08, 0x62, 0x08, 0x82, 0x08, 0x82, 0x08, 0x62, 0x08, 0x61,
    0x08, 0x61, 0x08, 0x41, 0x08, 0x41, 0x00, 0x41, 0x08, 0x41, 0x08, 0x41, 0x08, 0x41, 0x08, 0x61,
    0x08, 0x62, 0x08, 0x62, 0x08, 0x62, 0x08, 0x61, 0x08, 0x41, 0x08, 0x41, 0x00, 0x41, 0x00, 0x21,
    0x00, 0x41, 0x08, 0x41, 0x08, 0x41, 0x08, 0x61, 0x08, 0x61, 0x08, 0x61, 0x08, 0x61, 0x08, 0x61,
    0x08, 0x41, 0x08, 0x41, 0x00, 0x21, 0x00, 0x20, 0x00, 0x21, 0x00, 0x41, 0x08, 0x41, 0x08, 0x41,
    0x08, 0x61, 0x08, 0x61, 0x08, 0x41, 0x08, 0x41, 0x08, 0x41, 0x00, 0x21, 0x00, 0x20, 0x00, 0x20,
    0x00, 0x20, 0x00, 0x20, 0x00, 0x41, 0x08, 0x41, 0x08, 0x41, 0x08, 0x41, 0x08, 0x41, 0x08, 0x41,
    0x00, 0x21, 0x00, 0x20, 0x00, 0x20, 0x00, 0x20, 0x00, 0x20, 0x00, 0x20, 0x00, 0x20, 0x00, 0x21,
    0x00, 0x41, 0x00, 0x41, 0x00, 0x21, 0x00, 0x00, 0x00, 0x00, 0x00, 0x00, 0x00, 0x00, 0x00, 0x00,
    0x00, 0x00, 0x00, 0x00, 0x00, 0x00, 0x00, 0x00, 0x00, 0x00, 0x00, 0x00, 0x00, 0x00, 0x00, 0x00,
    0x00, 0x00, 0x00, 0x00, 0x00, 0x00, 0x00, 0x00, 0x00, 0x00, 0x00, 0x00, 0x00, 0x00, 0x00, 0x00,
    0x00, 0x00, 0x00, 0x00, 0x00, 0x00, 0x00, 0x00, 0x00, 0x20, 0x00, 0x20, 0x00, 0x20, 0x00, 0x20,
    0x00, 0x20, 0x00, 0x20, 0x00, 0x41, 0x08, 0x41, 0x08, 0x41, 0x08, 0x41, 0x08, 0x41, 0x00, 0x21,
    0x08, 0x41, 0x00, 0x21, 0x00, 0x20, 0x00, 0x20, 0x00, 0x20, 0x00, 0x20, 0x08, 0x41, 0x08, 0x41,
    0x08, 0x41, 0x08, 0x41, 0x08, 0x41, 0x08, 0x41, 0x08, 0x41, 0x08, 0x41, 0x00, 0x41, 0x00, 0x20,
    0x00, 0x20, 0x00, 0x20, 0x08, 0x41, 0x08, 0x61, 0x08, 0x61, 0x08, 0x61, 0x08, 0x61, 0x08, 0x41,
    0x08, 0x61, 0x08, 0x41, 0x08, 0x41, 0x00, 0x21, 0x00, 0x21, 0x00, 0x41, 0x08, 0x61, 0x08, 0x61,
    0x08, 0x62, 0x08, 0x61, 0x08, 0x61, 0x08, 0x41, 0x08, 0x61, 0x08, 0x41, 0x08, 0x41, 0x08, 0x41,
    0x00, 0x41, 0x08, 0x41, 0x08, 0x61, 0x08, 0x62, 0x08, 0x82, 0x08, 0x62, 0x08, 0x61, 0x08, 0x61,
    0x08, 0x61, 0x08, 0x61, 0x08, 0x41, 0x08, 0x41, 0x08, 0x41, 0x08, 0x41, 0x08, 0x62, 0x08, 0x82,
    0x10, 0x82, 0x08, 0x82, 0x08, 0x62, 0x08, 0x61, 0x08, 0x62, 0x08, 0x61, 0x08, 0x41, 0x08, 0x41,
    0x08, 0x41, 0x08, 0x41, 0x08, 0x62, 0x10, 0x82, 0x10, 0x82, 0x10, 0x82, 0x08, 0x62, 0x08, 0x61,
    0x08, 0x62, 0x08, 0x61, 0x08, 0x41, 0x08, 0x41, 0x08, 0x41, 0x08, 0x41, 0x08, 0x82, 0x10, 0x82,
    0x10, 0x82, 0x10, 0x82, 0x08, 0x82, 0x08, 0x61, 0x08, 0x82, 0x08, 0x61, 0x08, 0x41, 0x08, 0x41,
    0x08, 0x41, 0x08, 0x41, 0x08, 0x82, 0x10, 0x82, 0x10, 0x82, 0x10, 0x82, 0x08, 0x82, 0x08, 0x61,
    0x08, 0x82, 0x08, 0x61, 0x08, 0x41, 0x08, 0x41, 0x08, 0x41, 0x08, 0x41, 0x08, 0x82, 0x10, 0x82,
    0x10, 0x82, 0x10, 0x82, 0x08, 0x82, 0x08, 0x61, 0x08, 0x82, 0x08, 0x61, 0x08, 0x41, 0x08, 0x41,
    0x08, 0x41, 0x08, 0x41, 0x08, 0x82, 0x10, 0x82, 0x10, 0x82, 0x10, 0x82, 0x08, 0x62, 0x08, 0x61,
    0x08, 0x62, 0x08, 0x61, 0x08, 0x41, 0x08, 0x41, 0x08, 0x41, 0x08, 0x41, 0x08, 0x62, 0x10, 0x82,
    0x10, 0x82, 0x08, 0x82, 0x08, 0x62, 0x08, 0x61, 0x08, 0x62, 0x08, 0x61, 0x08, 0x41, 0x08, 0x41,
    0x08, 0x41, 0x08, 0x41, 0x08, 0x62, 0x08, 0x82, 0x08, 0x82, 0x08, 0x82, 0x08, 0x62, 0x08, 0x61,
    0x08, 0x61, 0x08, 0x61, 0x08, 0x41, 0x08, 0x41, 0x00, 0x41, 0x08, 0x41, 0x08, 0x61, 0x08, 0x62,
    0x08, 0x62, 0x08, 0x62, 0x08, 0x61, 0x08, 0x41, 0x08, 0x61, 0x08, 0x41, 0x08, 0x41, 0x00, 0x41,
    0x00, 0x21, 0x00, 0x41, 0x08, 0x61, 0x08, 0x61, 0x08, 0x61, 0x08, 0x61, 0x08, 0x61, 0x08, 0x41,
    0x08, 0x61, 0x08, 0x41, 0x08, 0x41, 0x00, 0x21, 0x00, 0x20, 0x00, 0x20, 0x08, 0x41, 0x08, 0x61,
    0x08, 0x61, 0x08, 0x61, 0x08, 0x41, 0x08, 0x41, 0x08, 0x41, 0x08, 0x41, 0x00, 0x21, 0x00, 0x20,
    0x00, 0x20, 0x00, 0x20, 0x08, 0x41, 0x08, 0x41, 0x08, 0x41, 0x08, 0x41, 0x08, 0x41, 0x00, 0x21,
    0x08, 0x41, 0x00, 0x21, 0x00, 0x20, 0x00, 0x20, 0x00, 0x20, 0x00, 0x20, 0x00, 0x21, 0x08, 0x41,
    0x08, 0x41, 0x00, 0x41, 0x00, 0x20, 0x00, 0x20, 0x00, 0x00, 0x00, 0x00, 0x00, 0x00, 0x00, 0x00,
    0x00, 0x00, 0x00, 0x00, 0x00, 0x00, 0x00, 0x00, 0x00, 0x00, 0x00, 0x00, 0x00, 0x00, 0x00, 0x00,
    0x00, 0x00, 0x00, 0x00, 0x00, 0x00, 0x00, 0x00, 0x00, 0x00, 0x00, 0x00, 0x00, 0x00, 0x00, 0x00,
    0x00, 0x00, 0x00, 0x00, 0x00, 0x00, 0x00, 0x00, 0x00, 0x21, 0x00, 0x21, 0x00, 0x20, 0x00, 0x20,
    0x00, 0x20, 0x00, 0x20, 0x08, 0x41, 0x08, 0x41, 0x08, 0x41, 0x08, 0x41, 0x00, 0x21, 0x00, 0x20,
    0x08, 0x41, 0x08, 0x41, 0x00, 0x41, 0x00, 0x20, 0x00, 0x20, 0x00, 0x20, 0x08, 0x41, 0x08, 0x41,
    0x08, 0x41, 0x08, 0x41, 0x08, 0x41, 0x00, 0x21, 0x08, 0x41, 0x08, 0x41, 0x08, 0x41, 0x00, 0x41,
    0x00, 0x20, 0x00, 0x20, 0x08, 0x61, 0x08, 0x61, 0x08, 0x61, 0x08, 0x41, 0x08, 0x41, 0x08, 0x41,
    0x08, 0x61, 0x08, 0x61, 0x08, 0x41, 0x08, 0x41, 0x00, 0x41, 0x00, 0x21, 0x08, 0x61, 0x08, 0x62,
    0x08, 0x61, 0x08, 0x61, 0x08, 0x41, 0x08, 0x41, 0x08, 0x62, 0x08, 0x61, 0x08, 0x41, 0x08, 0x41,
    0x08, 0x41, 0x00, 0x41, 0x08, 0x62, 0x08, 0x82, 0x08, 0x62, 0x08, 0x61, 0x08, 0x61, 0x08, 0x41,
    0x08, 0x82, 0x08, 0x62, 0x08, 0x61, 0x08, 0x41, 0x08, 0x41, 0x08, 0x41, 0x08, 0x82, 0x10, 0x82,
    0x08, 0x82, 0x08, 0x62, 0x08, 0x61, 0x08, 0x41, 0x08, 0x82, 0x08, 0x62, 0x08, 0x61, 0x08, 0x41,
    0x08, 0x41, 0x08, 0x41, 0x10, 0x82, 0x10, 0x82, 0x10, 0x82, 0x08, 0x62, 0x08, 0x61, 0x08, 0x41,
    0x10, 0x82, 0x08, 0x62, 0x08, 0x61, 0x08, 0x41, 0x08, 0x41, 0x08, 0x41, 0x10, 0x82, 0x10, 0x82,
    0x10, 0x82, 0x08, 0x82, 0x08, 0x61, 0x08, 0x41, 0x10, 0x82, 0x08, 0x82, 0x08, 0x61, 0x08, 0x41,
    0x08, 0x41, 0x08, 0x41, 0x10, 0x82, 0x10, 0x82, 0x10, 0x82, 0x08, 0x82, 0x08, 0x61, 0x08, 0x41,
    0x10, 0x82, 0x08, 0x82, 0x08, 0x61, 0x08, 0x41, 0x08, 0x41, 0x08, 0x41, 0x10, 0x82, 0x10, 0x82,
    0x10, 0x82, 0x08, 0x82, 0x08, 0x61, 0x08, 0x41, 0x10, 0x82, 0x08, 0x82, 0x08, 0x61, 0x08, 0x41,
    0x08, 0x41, 0x08, 0x41, 0x10, 0x82, 0x10, 0x82, 0x10, 0x82, 0x08, 0x82, 0x08, 0x61, 0x08, 0x41,
    0x10, 0x82, 0x08, 0x62, 0x08, 0x61, 0x08, 0x41, 0x08, 0x41, 0x08, 0x41, 0x10, 0x82, 0x10, 0x82,
    0x10, 0x82, 0x08, 0x62, 0x08, 0x61, 0x08, 0x41, 0x08, 0x82, 0x08, 0x62, 0x08, 0x61, 0x08, 0x41,
    0x08, 0x41, 0x08, 0x41, 0x08, 0x82, 0x08, 0x82, 0x08, 0x82, 0x08, 0x62, 0x08, 0x61, 0x08, 0x41,
    0x08, 0x62, 0x08, 0x61, 0x08, 0x61, 0x08, 0x41, 0x08, 0x41, 0x00, 0x41, 0x08, 0x62, 0x08, 0x62,
    0x08, 0x62, 0x08, 0x61, 0x08, 0x41, 0x08, 0x41, 0x08, 0x62, 0x08, 0x61, 0x08, 0x41, 0x08, 0x41,
    0x00, 0x41, 0x00, 0x21, 0x08, 0x61, 0x08, 0x61, 0x08, 0x61, 0x08, 0x61, 0x08, 0x41, 0x08, 0x41,
    0x08, 0x61, 0x08, 0x61, 0x08, 0x41, 0x08, 0x41, 0x00, 0x21, 0x00, 0x20, 0x08, 0x61, 0x08, 0x61,
    0x08, 0x61, 0x08, 0x41, 0x08, 0x41, 0x00, 0x21, 0x08, 0x41, 0x08, 0x41, 0x08, 0x41, 0x00, 0x21,
    0x00, 0x20, 0x00, 0x20, 0x08, 0x41, 0x08, 0x41, 0x08, 0x41, 0x08, 0x41, 0x00, 0x41, 0x00, 0x20,
    0x08, 0x41, 0x08, 0x41, 0x00, 0x21, 0x00, 0x20, 0x00, 0x20, 0x00, 0x20, 0x08, 0x41, 0x08, 0x41,
    0x00, 0x41, 0x00, 0x21, 0x00, 0x20, 0x00, 0x20, 0x00, 0x00, 0x00, 0x00, 0x00, 0x00, 0x00, 0x00,
    0x00, 0x00, 0x00, 0x00, 0x00, 0x00, 0x00, 0x00, 0x00, 0x00, 0x00, 0x00, 0x00, 0x00, 0x00, 0x00,
    0x00, 0x00, 0x00, 0x00, 0x00, 0x00, 0x00, 0x00, 0x00, 0x00, 0x00, 0x00, 0x00, 0x00, 0x00, 0x00,
    0x00, 0x00, 0x00, 0x00, 0x00, 0x00, 0x00, 0x20, 0x00, 0x41, 0x00, 0x41, 0x00, 0x21, 0x00, 0x20,
    0x00, 0x20, 0x00, 0x20, 0x08, 0x41, 0x08, 0x41, 0x08, 0x41, 0x00, 0x21, 0x00, 0x20, 0x00, 0x20,
    0x08, 0x41, 0x08, 0x41, 0x08, 0x41, 0x00, 0x41, 0x00, 0x20, 0x00, 0x20, 0x08, 0x41, 0x08, 0x41,
    0x08, 0x41, 0x08, 0x41, 0x00, 0x21, 0x00, 0x20, 0x08, 0x61, 0x08, 0x61, 0x08, 0x41, 0x08, 0x41,
    0x00, 0x41, 0x00, 0x21, 0x08, 0x61, 0x08, 0x61, 0x08, 0x41, 0x08, 0x41, 0x08, 0x41, 0x00, 0x21,
    0x08, 0x61, 0x08, 0x61, 0x08, 0x61, 0x08, 0x41, 0x08, 0x41, 0x00, 0x41, 0x08, 0x62, 0x08, 0x61,
    0x08, 0x61, 0x08, 0x41, 0x08, 0x41, 0x08, 0x41, 0x08, 0x62, 0x08, 0x62, 0x08, 0x61, 0x08, 0x61,
    0x08, 0x41, 0x08, 0x41, 0x08, 0x82, 0x08, 0x62, 0x08, 0x61, 0x08, 0x61, 0x08, 0x41, 0x08, 0x41,
    0x08, 0x82, 0x08, 0x82, 0x08, 0x62, 0x08, 0x61, 0x08, 0x41, 0x08, 0x41, 0x10, 0x82, 0x08, 0x82,
    0x08, 0x62, 0x08, 0x61, 0x08, 0x41, 0x08, 0x41, 0x10, 0x82, 0x10, 0x82, 0x08, 0x62, 0x08, 0x61,
    0x08, 0x41, 0x08, 0x41, 0x10, 0x82, 0x10, 0x82, 0x08, 0x62, 0x08, 0x61, 0x08, 0x41, 0x08, 0x41,
    0x10, 0x82, 0x10, 0x82, 0x08, 0x82, 0x08, 0x61, 0x08, 0x41, 0x08, 0x41, 0x10, 0x82, 0x10, 0x82,
    0x08, 0x82, 0x08, 0x61, 0x08, 0x41, 0x08, 0x41, 0x10, 0x82, 0x10, 0x82, 0x08, 0x82, 0x08, 0x61,
    0x08, 0x41, 0x08, 0x41, 0x10, 0x82, 0x10, 0x82, 0x08, 0x82, 0x08, 0x61, 0x08, 0x61, 0x08, 0x41,
    0x10, 0x82, 0x10, 0x82, 0x08, 0x82, 0x08, 0x61, 0x08, 0x61, 0x08, 0x41, 0x10, 0x82, 0x10, 0x82,
    0x08, 0x82, 0x08, 0x61, 0x08, 0x41, 0x08, 0x41, 0x10, 0x82, 0x10, 0x82, 0x08, 0x82, 0x08, 0x61,
    0x08, 0x41, 0x08, 0x41, 0x10, 0x82, 0x10, 0x82, 0x08, 0x82, 0x08, 0x61, 0x08, 0x41, 0x08, 0x41,
    0x10, 0x82, 0x10, 0x82, 0x08, 0x62, 0x08, 0x61, 0x08, 0x41, 0x08, 0x41, 0x10, 0x82, 0x10, 0x82,
    0x08, 0x62, 0x08, 0x61, 0x08, 0x41, 0x08, 0x41, 0x10, 0x82, 0x08, 0x82, 0x08, 0x62, 0x08, 0x61,
    0x08, 0x41, 0x08, 0x41, 0x10, 0x82, 0x08, 0x82, 0x08, 0x62, 0x08, 0x61, 0x08, 0x41, 0x08, 0x41,
    0x08, 0x82, 0x08, 0x62, 0x08, 0x61, 0x08, 0x61, 0x08, 0x41, 0x08, 0x41, 0x08, 0x82, 0x08, 0x62,
    0x08, 0x61, 0x08, 0x41, 0x08, 0x41, 0x08, 0x41, 0x08, 0x62, 0x08, 0x62, 0x08, 0x61, 0x08, 0x41,
    0x08, 0x41, 0x00, 0x41, 0x08, 0x62, 0x08, 0x61, 0x08, 0x61, 0x08, 0x41, 0x08, 0x41, 0x00, 0x21,
    0x08, 0x61, 0x08, 0x61, 0x08, 0x61, 0x08, 0x41, 0x08, 0x41, 0x00, 0x21, 0x08, 0x61, 0x08, 0x61,
    0x08, 0x41, 0x08, 0x41, 0x00, 0x41, 0x00, 0x20, 0x08, 0x61, 0x08, 0x41, 0x08, 0x41, 0x08, 0x41,
    0x00, 0x21, 0x00, 0x20, 0x08, 0x41, 0x08, 0x41, 0x08, 0x41, 0x00, 0x41, 0x00, 0x20, 0x00, 0x20,
    0x08, 0x41, 0x08, 0x41, 0x08, 0x41, 0x00, 0x21, 0x00, 0x20, 0x00, 0x20, 0x08, 0x41, 0x08, 0x41,
    0x00, 0x21, 0x00, 0x20, 0x00, 0x20, 0x00, 0x20, 0x00, 0x41, 0x00, 0x00, 0x00, 0x00, 0x00, 0x00,
    0x00, 0x00, 0x00, 0x00, 0x00, 0x00, 0x00, 0x00, 0x00, 0x00, 0x00, 0x00, 0x00, 0x00, 0x00, 0x00,
    0x00, 0x00, 0x00, 0x00, 0x00, 0x00, 0x00, 0x00, 0x00, 0x00, 0x00, 0x00, 0x00, 0x00, 0x00, 0x00,
    0x00, 0x00, 0x00, 0x00, 0x00, 0x00, 0x00, 0x20, 0x00, 0x41, 0x08, 0x41, 0x00, 0x41, 0x00, 0x21,
    0x00, 0x20, 0x00, 0x20, 0x08, 0x41, 0x00, 0x41, 0x00, 0x21, 0x00, 0x20, 0x00, 0x20, 0x00, 0x20,
    0x08, 0x41, 0x08, 0x41, 0x08, 0x41, 0x08, 0x41, 0x08, 0x41, 0x00, 0x21, 0x08, 0x41, 0x08, 0x41,
    0x08, 0x41, 0x00, 0x21, 0x00, 0x20, 0x00, 0x20, 0x08, 0x61, 0x08, 0x61, 0x08, 0x61, 0x08, 0x41,
    0x08, 0x41, 0x00, 0x41, 0x08, 0x61, 0x08, 0x41, 0x08, 0x41, 0x08, 0x41, 0x00, 0x21, 0x00, 0x21,
    0x08, 0x61, 0x08, 0x61, 0x08, 0x61, 0x08, 0x61, 0x08, 0x41, 0x08, 0x41, 0x08, 0x61, 0x08, 0x61,
    0x08, 0x41, 0x08, 0x41, 0x08, 0x41, 0x00, 0x41, 0x08, 0x62, 0x08, 0x62, 0x08, 0x62, 0x08, 0x61,
    0x08, 0x61, 0x08, 0x41, 0x08, 0x62, 0x08, 0x61, 0x08, 0x61, 0x08, 0x41, 0x08, 0x41, 0x08, 0x41,
    0x08, 0x82, 0x08, 0x82, 0x08, 0x82, 0x08, 0x62, 0x08, 0x61, 0x08, 0x41, 0x08, 0x82, 0x08, 0x62,
    0x08, 0x61, 0x08, 0x41, 0x08, 0x41, 0x08, 0x41, 0x10, 0x82, 0x10, 0x82, 0x10, 0x82, 0x08, 0x62,
    0x08, 0x61, 0x08, 0x41, 0x10, 0x82, 0x08, 0x62, 0x08, 0x61, 0x08, 0x41, 0x08, 0x41, 0x08, 0x41,
    0x10, 0x82, 0x10, 0x82, 0x10, 0x82, 0x08, 0x82, 0x08, 0x61, 0x08, 0x41, 0x10, 0x82, 0x08, 0x82,
    0x08, 0x61, 0x08, 0x41, 0x08, 0x41, 0x08, 0x41, 0x10, 0x82, 0x10, 0x82, 0x10, 0x82, 0x08, 0x82,
    0x08, 0x61, 0x08, 0x61, 0x10, 0x82, 0x08, 0x82, 0x08, 0x61, 0x08, 0x61, 0x08, 0x41, 0x08, 0x41,
    0x10, 0x82, 0x10, 0x82, 0x10, 0x82, 0x08, 0x82, 0x08, 0x61, 0x08, 0x61, 0x10, 0x82, 0x08, 0x82,
    0x08, 0x61, 0x08, 0x61, 0x08, 0x41, 0x08, 0x41, 0x10, 0x82, 0x10, 0x82, 0x10, 0x82, 0x08, 0x82,
    0x08, 0x61, 0x08, 0x41, 0x10, 0x82, 0x08, 0x82, 0x08, 0x61, 0x08, 0x41, 0x08, 0x41, 0x08, 0x41,
    0x10, 0x82, 0x10, 0x82, 0x10, 0x82, 0x08, 0x62, 0x08, 0x61, 0x08, 0x41, 0x10, 0x82, 0x08, 0x62,
    0x08, 0x61, 0x08, 0x41, 0x08, 0x41, 0x08, 0x41, 0x08, 0x82, 0x10, 0x82, 0x08, 0x82, 0x08, 0x62,
    0x08, 0x61, 0x08, 0x41, 0x08, 0x82, 0x08, 0x62, 0x08, 0x61, 0x08, 0x41, 0x08, 0x41, 0x08, 0x41,
    0x08, 0x82, 0x08, 0x82, 0x08, 0x62, 0x08, 0x61, 0x08, 0x61, 0x08, 0x41, 0x08, 0x62, 0x08, 0x61,
    0x08, 0x61, 0x08, 0x41, 0x08, 0x41, 0x00, 0x41, 0x08, 0x62, 0x08, 0x62, 0x08, 0x62, 0x08, 0x61,
    0x08, 0x41, 0x08, 0x41, 0x08, 0x61, 0x08, 0x61, 0x08, 0x41, 0x08, 0x41, 0x00, 0x21, 0x00, 0x21,
    0x08, 0x61, 0x08, 0x61, 0x08, 0x61, 0x08, 0x61, 0x08, 0x41, 0x08, 0x41, 0x08, 0x61, 0x08, 0x41,
    0x08, 0x41, 0x00, 0x41, 0x00, 0x20, 0x00, 0x20, 0x08, 0x41, 0x08, 0x61, 0x08, 0x41, 0x08, 0x41,
    0x08, 0x41, 0x00, 0x21, 0x08, 0x41, 0x08, 0x41, 0x00, 0x41, 0x00, 0x20, 0x00, 0x20, 0x00, 0x20,
    0x08, 0x41, 0x08, 0x41, 0x08, 0x41, 0x08, 0x41, 0x00, 0x21, 0x00, 0x20, 0x08, 0x41, 0x00, 0x41,
    0x00, 0x20, 0x00, 0x20, 0x00, 0x20, 0x00, 0x20, 0x00, 0x21, 0x00, 0x00, 0x00, 0x00, 0x00, 0x00,
    0x00, 0x00, 0x00, 0x00, 0x00, 0x00, 0x00, 0x00, 0x00, 0x00, 0x00, 0x00, 0x00, 0x00, 0x00, 0x00,
    0x00, 0x00, 0x00, 0x00, 0x00, 0x00, 0x00, 0x00, 0x00, 0x00, 0x00, 0x00, 0x00, 0x00, 0x00, 0x00,
    0x00, 0x00, 0x00, 0x00, 0x00, 0x20, 0x00, 0x20, 0x00, 0x21, 0x00, 0x41, 0x08, 0x41, 0x08, 0x41,
    0x00, 0x41, 0x00, 0x20, 0x00, 0x41, 0x00, 0x21, 0x00, 0x20, 0x00, 0x20, 0x00, 0x20, 0x00, 0x20,
    0x08, 0x41, 0x08, 0x41, 0x08, 0x41, 0x08, 0x41, 0x08, 0x41, 0x08, 0x41, 0x08, 0x41, 0x08, 0x41,
    0x00, 0x21, 0x00, 0x20, 0x00, 0x20, 0x00, 0x20, 0x08, 0x41, 0x08, 0x61, 0x08, 0x61, 0x08, 0x61,
    0x08, 0x41, 0x08, 0x41, 0x08, 0x41, 0x08, 0x41, 0x08, 0x41, 0x00, 0x21, 0x00, 0x21, 0x00, 0x21,
    0x08, 0x61, 0x08, 0x61, 0x08, 0x61, 0x08, 0x61, 0x08, 0x61, 0x08, 0x41, 0x08, 0x61, 0x08, 0x41,
    0x08, 0x41, 0x08, 0x41, 0x00, 0x41, 0x08, 0x41, 0x08, 0x61, 0x08, 0x62, 0x08, 0x62, 0x08, 0x62,
    0x08, 0x61, 0x08, 0x61, 0x08, 0x61, 0x08, 0x61, 0x08, 0x41, 0x08, 0x41, 0x08, 0x41, 0x08, 0x41,
    0x08, 0x62, 0x08, 0x82, 0x08, 0x82, 0x08, 0x82, 0x08, 0x62, 0x08, 0x61, 0x08, 0x62, 0x08, 0x61,
    0x08, 0x41, 0x08, 0x41, 0x08, 0x41, 0x08, 0x41, 0x08, 0x62, 0x10, 0x82, 0x10, 0x82, 0x10, 0x82,
    0x08, 0x62, 0x08, 0x61, 0x08, 0x62, 0x08, 0x61, 0x08, 0x41, 0x08, 0x41, 0x08, 0x41, 0x08, 0x41,
    0x08, 0x82, 0x10, 0x82, 0x10, 0x82, 0x10, 0x82, 0x08, 0x82, 0x08, 0x61, 0x08, 0x82, 0x08, 0x61,
    0x08, 0x41, 0x08, 0x41, 0x08, 0x41, 0x08, 0x41, 0x08, 0x82, 0x10, 0x82, 0x10, 0x82, 0x10, 0x82,
    0x08, 0x82, 0x08, 0x61, 0x08, 0x82, 0x08, 0x61, 0x08, 0x61, 0x08, 0x41, 0x08, 0x41, 0x08, 0x41,
    0x08, 0x82, 0x10, 0x82, 0x10, 0x82, 0x10, 0x82, 0x08, 0x82, 0x08, 0x61, 0x08, 0x82, 0x08, 0x61,
    0x08, 0x61, 0x08, 0x41, 0x08, 0x41, 0x08, 0x41, 0x08, 0x82, 0x10, 0x82, 0x10, 0x82, 0x10, 0x82,
    0x08, 0x82, 0x08, 0x61, 0x08, 0x82, 0x08, 0x61, 0x08, 0x41, 0x08, 0x41, 0x08, 0x41, 0x08, 0x41,
    0x08, 0x82, 0x10, 0x82, 0x10, 0x82, 0x10, 0x82, 0x08, 0x62, 0x08, 0x61, 0x08, 0x62, 0x08, 0x61,
    0x08, 0x41, 0x08, 0x41, 0x08, 0x41, 0x08, 0x41, 0x08, 0x62, 0x10, 0x82, 0x10, 0x82, 0x08, 0x82,
    0x08, 0x62, 0x08, 0x61, 0x08, 0x62, 0x08, 0x61, 0x08, 0x41, 0x08, 0x41, 0x08, 0x41, 0x08, 0x41,
    0x08, 0x62, 0x08, 0x82, 0x08, 0x82, 0x08, 0x62, 0x08, 0x61, 0x08, 0x61, 0x08, 0x61, 0x08, 0x61,
    0x08, 0x41, 0x08, 0x41, 0x00, 0x41, 0x08, 0x41, 0x08, 0x61, 0x08, 0x62, 0x08, 0x62, 0x08, 0x62,
    0x08, 0x61, 0x08, 0x41, 0x08, 0x61, 0x08, 0x41, 0x08, 0x41, 0x00, 0x41, 0x00, 0x21, 0x00, 0x21,
    0x08, 0x61, 0x08, 0x61, 0x08, 0x61, 0x08, 0x61, 0x08, 0x41, 0x08, 0x41, 0x08, 0x41, 0x08, 0x41,
    0x00, 0x41, 0x00, 0x20, 0x00, 0x20, 0x00, 0x20, 0x08, 0x41, 0x08, 0x41, 0x08, 0x61, 0x08, 0x41,
    0x08, 0x41, 0x08, 0x41, 0x08, 0x41, 0x08, 0x41, 0x00, 0x20, 0x00, 0x20, 0x00, 0x20, 0x00, 0x20,
    0x08, 0x41, 0x08, 0x41, 0x08, 0x41, 0x08, 0x41, 0x08, 0x41, 0x00, 0x21, 0x00, 0x41, 0x00, 0x20,
    0x00, 0x20, 0x00, 0x20, 0x00, 0x20, 0x00, 0x20, 0x00, 0x20, 0x00, 0x21, 0x00, 0x00, 0x00, 0x00,
    0x00, 0x00, 0x00, 0x00, 0x00, 0x00, 0x00, 0x00, 0x00, 0x00, 0x00, 0x00, 0x00, 0x00, 0x00, 0x00,
    0x00, 0x00, 0x00, 0x00, 0x00, 0x00, 0x00, 0x00, 0x00, 0x00, 0x00, 0x00, 0x00, 0x00, 0x00, 0x00,
    0x00, 0x00, 0x00, 0x00, 0x00, 0x20, 0x00, 0x20, 0x00, 0x20, 0x00, 0x21, 0x08, 0x41, 0x08, 0x41,
    0x08, 0x41, 0x00, 0x41, 0x00, 0x21, 0x00, 0x20, 0x00, 0x20, 0x00, 0x20, 0x00, 0x20, 0x00, 0x20,
    0x00, 0x41, 0x08, 0x41, 0x08, 0x41, 0x08, 0x41, 0x08, 0x41, 0x08, 0x41, 0x08, 0x41, 0x00, 0x21,
    0x00, 0x20, 0x00, 0x20, 0x00, 0x20, 0x00, 0x41, 0x08, 0x41, 0x08, 0x41, 0x08, 0x61, 0x08, 0x61,
    0x08, 0x61, 0x08, 0x41, 0x08, 0x41, 0x08, 0x41, 0x00, 0x21, 0x00, 0x21, 0x00, 0x21, 0x08, 0x41,
    0x08, 0x41, 0x08, 0x61, 0x08, 0x61, 0x08, 0x62, 0x08, 0x61, 0x08, 0x61, 0x08, 0x41, 0x08, 0x41,
    0x00, 0x41, 0x00, 0x41, 0x08, 0x41, 0x08, 0x41, 0x08, 0x61, 0x08, 0x61, 0x08, 0x62, 0x08, 0x82,
    0x08, 0x62, 0x08, 0x61, 0x08, 0x61, 0x08, 0x41, 0x08, 0x41, 0x08, 0x41, 0x08, 0x41, 0x08, 0x41,
    0x08, 0x61, 0x08, 0x62, 0x08, 0x82, 0x10, 0x82, 0x08, 0x82, 0x08, 0x62, 0x08, 0x61, 0x08, 0x41,
    0x08, 0x41, 0x08, 0x41, 0x08, 0x41, 0x08, 0x41, 0x08, 0x61, 0x08, 0x62, 0x10, 0x82, 0x10, 0x82,
    0x10, 0x82, 0x08, 0x62, 0x08, 0x61, 0x08, 0x41, 0x08, 0x41, 0x08, 0x41, 0x08, 0x41, 0x08, 0x41,
    0x08, 0x61, 0x08, 0x82, 0x10, 0x82, 0x10, 0x82, 0x10, 0x82, 0x08, 0x82, 0x08, 0x61, 0x08, 0x61,
    0x08, 0x41, 0x08, 0x41, 0x08, 0x41, 0x08, 0x61, 0x08, 0x61, 0x08, 0x82, 0x10, 0x82, 0x10, 0x82,
    0x10, 0x82, 0x08, 0x82, 0x08, 0x61, 0x08, 0x61, 0x08, 0x41, 0x08, 0x41, 0x08, 0x41, 0x08, 0x61,
    0x08, 0x61, 0x08, 0x82, 0x10, 0x82, 0x10, 0x82, 0x10, 0x82, 0x08, 0x82, 0x08, 0x61, 0x08, 0x61,
    0x08, 0x41, 0x08, 0x41, 0x08, 0x41, 0x08, 0x61, 0x08, 0x61, 0x08, 0x82, 0x10, 0x82, 0x10, 0x82,
    0x10, 0x82, 0x08, 0x82, 0x08, 0x61, 0x08, 0x41, 0x08, 0x41, 0x08, 0x41, 0x08, 0x41, 0x08, 0x41,
    0x08, 0x61, 0x08, 0x82, 0x10, 0x82, 0x10, 0x82, 0x10, 0x82, 0x08, 0x82, 0x08, 0x61, 0x08, 0x41,
    0x08, 0x41, 0x08, 0x41, 0x08, 0x41, 0x08, 0x41, 0x08, 0x61, 0x08, 0x62, 0x10, 0x82, 0x10, 0x82,
    0x08, 0x82, 0x08, 0x62, 0x08, 0x61, 0x08, 0x41, 0x08, 0x41, 0x08, 0x41, 0x08, 0x41, 0x08, 0x41,
    0x08, 0x61, 0x08, 0x62, 0x08, 0x82, 0x08, 0x82, 0x08, 0x62, 0x08, 0x61, 0x08, 0x61, 0x08, 0x41,
    0x08, 0x41, 0x00, 0x41, 0x08, 0x41, 0x08, 0x41, 0x08, 0x41, 0x08, 0x61, 0x08, 0x62, 0x08, 0x62,
    0x08, 0x62, 0x08, 0x61, 0x08, 0x41, 0x08, 0x41, 0x00, 0x41, 0x00, 0x21, 0x00, 0x41, 0x08, 0x41,
    0x08, 0x41, 0x08, 0x61, 0x08, 0x61, 0x08, 0x61, 0x08, 0x61, 0x08, 0x41, 0x08, 0x41, 0x08, 0x41,
    0x00, 0x21, 0x00, 0x20, 0x00, 0x20, 0x00, 0x41, 0x08, 0x41, 0x08, 0x41, 0x08, 0x41, 0x08, 0x61,
    0x08, 0x41, 0x08, 0x41, 0x08, 0x41, 0x00, 0x21, 0x00, 0x20, 0x00, 0x20, 0x00, 0x20, 0x00, 0x20,
    0x00, 0x41, 0x08, 0x41, 0x08, 0x41, 0x08, 0x41, 0x08, 0x41, 0x00, 0x41, 0x00, 0x20, 0x00, 0x20,
    0x00, 0x20, 0x00, 0x20, 0x00, 0x20, 0x00, 0x20, 0x00, 0x20, 0x00, 0x20, 0x00, 0x00, 0x00, 0x00,
    0x00, 0x00, 0x00, 0x00, 0x00, 0x00, 0x00, 0x00, 0x00, 0x00, 0x00, 0x00, 0x00, 0x00, 0x00, 0x00,
    0x00, 0x00, 0x00, 0x00, 0x00, 0x00, 0x00, 0x00, 0x00, 0x00, 0x00, 0x00, 0x00, 0x00, 0x00, 0x00,
    0x00, 0x00, 0x00, 0x20, 0x00, 0x20, 0x00, 0x20, 0x00, 0x21, 0x00, 0x41, 0x08, 0x41, 0x08, 0x41,
    0x00, 0x41, 0x00, 0x21, 0x08, 0x41, 0x00, 0x21, 0x00, 0x20, 0x00, 0x20, 0x00, 0x20, 0x00, 0x20,
    0x08, 0x41, 0x08, 0x41, 0x08, 0x41, 0x08, 0x41, 0x08, 0x41, 0x08, 0x41, 0x08, 0x41, 0x08, 0x41,
    0x00, 0x21, 0x00, 0x20, 0x00, 0x20, 0x00, 0x20, 0x08, 0x41, 0x08, 0x61, 0x08, 0x61, 0x08, 0x61,
    0x08, 0x41, 0x08, 0x41, 0x08, 0x41, 0x08, 0x41, 0x08, 0x41, 0x00, 0x21, 0x00, 0x21, 0x00, 0x21,
    0x08, 0x61, 0x08, 0x61, 0x08, 0x62, 0x08, 0x61, 0x08, 0x61, 0x08, 0x41, 0x08, 0x61, 0x08, 0x41,
    0x08, 0x41, 0x08, 0x41, 0x00, 0x41, 0x08, 0x41, 0x08, 0x61, 0x08, 0x62, 0x08, 0x82, 0x08, 0x62,
    0x08, 0x61, 0x08, 0x61, 0x08, 0x61, 0x08, 0x61, 0x08, 0x41, 0x08, 0x41, 0x08, 0x41, 0x08, 0x41,
    0x08, 0x62, 0x08, 0x82, 0x10, 0x82, 0x08, 0x82, 0x08, 0x62, 0x08, 0x61, 0x08, 0x62, 0x08, 0x61,
    0x08, 0x41, 0x08, 0x41, 0x08, 0x41, 0x08, 0x41, 0x08, 0x62, 0x10, 0x82, 0x10, 0x82, 0x10, 0x82,
    0x08, 0x62, 0x08, 0x61, 0x08, 0x82, 0x08, 0x61, 0x08, 0x41, 0x08, 0x41, 0x08, 0x41, 0x08, 0x41,
    0x08, 0x82, 0x10, 0x82, 0x10, 0x82, 0x10, 0x82, 0x08, 0x82, 0x08, 0x61, 0x08, 0x82, 0x08, 0x61,
    0x08, 0x61, 0x08, 0x41, 0x08, 0x41, 0x08, 0x41, 0x08, 0x82, 0x10, 0x82, 0x10, 0x82, 0x10, 0x82,
    0x08, 0x82, 0x08, 0x61, 0x08, 0x82, 0x08, 0x61, 0x08, 0x61, 0x08, 0x41, 0x08, 0x41, 0x08, 0x41,
    0x08, 0x82, 0x10, 0x82, 0x10, 0x82, 0x10, 0x82, 0x08, 0x82, 0x08, 0x61, 0x08, 0x82, 0x08, 0x61,
    0x08, 0x61, 0x08, 0x41, 0x08, 0x41, 0x08, 0x41, 0x08, 0x82, 0x10, 0x82, 0x10, 0x82, 0x10, 0x82,
    0x08, 0x82, 0x08, 0x61, 0x08, 0x82, 0x08, 0x61, 0x08, 0x41, 0x08, 0x41, 0x08, 0x41, 0x08, 0x41,
    0x08, 0x82, 0x10, 0x82, 0x10, 0x82, 0x10, 0x82, 0x08, 0x82, 0x08, 0x61, 0x08, 0x82, 0x08, 0x61,
    0x08, 0x41, 0x08, 0x41, 0x08, 0x41, 0x08, 0x41, 0x08, 0x62, 0x10, 0x82, 0x10, 0x82, 0x10, 0x82,
    0x08, 0x62, 0x08, 0x61, 0x08, 0x62, 0x08, 0x61, 0x08, 0x41, 0x08, 0x41, 0x08, 0x41, 0x08, 0x41,
    0x08, 0x62, 0x08, 0x82, 0x08, 0x82, 0x08, 0x82, 0x08, 0x62, 0x08, 0x61, 0x08, 0x61, 0x08, 0x61,
    0x08, 0x41, 0x08, 0x41, 0x00, 0x41, 0x08, 0x41, 0x08, 0x61, 0x08, 0x62, 0x08, 0x62, 0x08, 0x62,
    0x08, 0x61, 0x08, 0x41, 0x08, 0x61, 0x08, 0x41, 0x08, 0x41, 0x00, 0x41, 0x00, 0x21, 0x00, 0x41,
    0x08, 0x61, 0x08, 0x61, 0x08, 0x61, 0x08, 0x61, 0x08, 0x61, 0x08, 0x41, 0x08, 0x41, 0x08, 0x41,
    0x00, 0x41, 0x00, 0x20, 0x00, 0x20, 0x00, 0x20, 0x08, 0x41, 0x08, 0x61, 0x08, 0x61, 0x08, 0x41,
    0x08, 0x41, 0x08, 0x41, 0x08, 0x41, 0x08, 0x41, 0x00, 0x20, 0x00, 0x20, 0x00, 0x20, 0x00, 0x20,
    0x08, 0x41, 0x08, 0x41, 0x08, 0x41, 0x08, 0x41, 0x08, 0x41, 0x00, 0x21, 0x00, 0x41, 0x00, 0x20,
    0x00, 0x20, 0x00, 0x20, 0x00, 0x20, 0x00, 0x20, 0x00, 0x21, 0x00, 0x21, 0x00, 0x41, 0x00, 0x00,
    0x00, 0x00, 0x00, 0x00, 0x00, 0x00, 0x00, 0x00, 0x00, 0x00, 0x00, 0x00, 0x00, 0x00, 0x00, 0x00,
    0x00, 0x00, 0x00, 0x00, 0x00, 0x00, 0x00, 0x00, 0x00, 0x00, 0x00, 0x00, 0x00, 0x00, 0x00, 0x00,
    0x00, 0x00, 0x00, 0x20, 0x00, 0x20, 0x00, 0x20, 0x00, 0x41, 0x08, 0x41, 0x08, 0x41, 0x00, 0x41,
    0x00, 0x20, 0x00, 0x20, 0x08, 0x41, 0x08, 0x41, 0x00, 0x21, 0x00, 0x20, 0x00, 0x20, 0x00, 0x20,
    0x08, 0x41, 0x08, 0x41, 0x08, 0x41, 0x08, 0x41, 0x08, 0x41, 0x00, 0x21, 0x08, 0x41, 0x08, 0x41,
    0x08, 0x41, 0x00, 0x21, 0x00, 0x20, 0x00, 0x20, 0x08, 0x61, 0x08, 0x61, 0x08, 0x61, 0x08, 0x41,
    0x08, 0x41, 0x08, 0x41, 0x08, 0x61, 0x08, 0x61, 0x08, 0x41, 0x08, 0x41, 0x00, 0x21, 0x00, 0x21,
    0x08, 0x61, 0x08, 0x62, 0x08, 0x61, 0x08, 0x61, 0x08, 0x41, 0x08, 0x41, 0x08, 0x62, 0x08, 0x61,
    0x08, 0x41, 0x08, 0x41, 0x08, 0x41, 0x00, 0x41, 0x08, 0x62, 0x08, 0x82, 0x08, 0x62, 0x08, 0x61,
    0x08, 0x61, 0x08, 0x41, 0x08, 0x82, 0x08, 0x62, 0x08, 0x61, 0x08, 0x41, 0x08, 0x41, 0x08, 0x41,
    0x08, 0x82, 0x10, 0x82, 0x08, 0x82, 0x08, 0x62, 0x08, 0x61, 0x08, 0x41, 0x08, 0x82, 0x08, 0x62,
    0x08, 0x61, 0x08, 0x41, 0x08, 0x41, 0x08, 0x41, 0x10, 0x82, 0x10, 0x82, 0x10, 0x82, 0x08, 0x82,
    0x08, 0x61, 0x08, 0x41, 0x10, 0x82, 0x08, 0x82, 0x08, 0x61, 0x08, 0x41, 0x08, 0x41, 0x08, 0x41,
    0x10, 0x82, 0x10, 0x82, 0x10, 0x82, 0x08, 0x82, 0x08, 0x61, 0x08, 0x61, 0x10, 0x82, 0x08, 0x82,
    0x08, 0x61, 0x08, 0x61, 0x08, 0x41, 0x08, 0x41, 0x10, 0x82, 0x10, 0x82, 0x10, 0x82, 0x08, 0x82,
    0x08, 0x61, 0x08, 0x61, 0x10, 0x82, 0x08, 0x82, 0x08, 0x62, 0x08, 0x61, 0x08, 0x41, 0x08, 0x41,
    0x10, 0x82, 0x10, 0x82, 0x10, 0x82, 0x08, 0x82, 0x08, 0x62, 0x08, 0x61, 0x10, 0x82, 0x08, 0x82,
    0x08, 0x61, 0x08, 0x61, 0x08, 0x41, 0x08, 0x41, 0x10, 0x82, 0x10, 0x82, 0x10, 0x82, 0x08, 0x82,
    0x08, 0x61, 0x08, 0x61, 0x10, 0x82, 0x08, 0x82, 0x08, 0x61, 0x08, 0x61, 0x08, 0x41, 0x08, 0x41,
    0x10, 0x82, 0x10, 0x82, 0x10, 0x82, 0x08, 0x82, 0x08, 0x61, 0x08, 0x41, 0x10, 0x82, 0x08, 0x82,
    0x08, 0x61, 0x08, 0x41, 0x08, 0x41, 0x08, 0x41, 0x10, 0x82, 0x10, 0x82, 0x10, 0x82, 0x08, 0x62,
    0x08, 0x61, 0x08, 0x41, 0x08, 0x82, 0x08, 0x62, 0x08, 0x61, 0x08, 0x41, 0x08, 0x41, 0x08, 0x41,
    0x08, 0x82, 0x08, 0x82, 0x08, 0x82, 0x08, 0x62, 0x08, 0x61, 0x08, 0x41, 0x08, 0x62, 0x08, 0x61,
    0x08, 0x61, 0x08, 0x41, 0x08, 0x41, 0x00, 0x41, 0x08, 0x62, 0x08, 0x62, 0x08, 0x62, 0x08, 0x61,
    0x08, 0x41, 0x08, 0x41, 0x08, 0x62, 0x08, 0x61, 0x08, 0x41, 0x08, 0x41, 0x00, 0x41, 0x00, 0x21,
    0x08, 0x61, 0x08, 0x61, 0x08, 0x61, 0x08, 0x61, 0x08, 0x41, 0x08, 0x41, 0x08, 0x61, 0x08, 0x41,
    0x08, 0x41, 0x00, 0x41, 0x00, 0x20, 0x00, 0x20, 0x08, 0x61, 0x08, 0x61, 0x08, 0x41, 0x08, 0x41,
    0x08, 0x41, 0x00, 0x21, 0x08, 0x41, 0x08, 0x41, 0x08, 0x41, 0x00, 0x20, 0x00, 0x20, 0x00, 0x20,
    0x08, 0x41, 0x08, 0x41, 0x08, 0x41, 0x08, 0x41, 0x00, 0x21, 0x00, 0x20, 0x08, 0x41, 0x00, 0x41,
    0x00, 0x20, 0x00, 0x20, 0x00, 0x20, 0x00, 0x20, 0x00, 0x41, 0x00, 0x41, 0x00, 0x21, 0x00, 0x00,
    0x00, 0x00, 0x00, 0x00, 0x00, 0x00, 0x00, 0x00, 0x00, 0x00, 0x00, 0x00, 0x00, 0x00, 0x00, 0x00,
    0x00, 0x00, 0x00, 0x00, 0x00, 0x00, 0x00, 0x00, 0x00, 0x00, 0x00, 0x00, 0x00, 0x00, 0x00, 0x00,
    0x00, 0x00, 0x00, 0x20, 0x00, 0x20, 0x00, 0x20, 0x08, 0x41, 0x08, 0x41, 0x00, 0x41, 0x00, 0x20,
    0x00, 0x20, 0x00, 0x20, 0x08, 0x41, 0x08, 0x41, 0x08, 0x41, 0x00, 0x21, 0x00, 0x20, 0x00, 0x20,
    0x08, 0x41, 0x08, 0x41, 0x08, 0x41, 0x08, 0x41, 0x00, 0x21, 0x00, 0x20, 0x08, 0x41, 0x08, 0x41,
    0x08, 0x41, 0x08, 0x41, 0x00, 0x41, 0x00, 0x20, 0x08, 0x61, 0x08, 0x61, 0x08, 0x41, 0x08, 0x41,
    0x08, 0x41, 0x00, 0x21, 0x08, 0x61, 0x08, 0x61, 0x08, 0x61, 0x08, 0x41, 0x08, 0x41, 0x00, 0x41,
    0x08, 0x62, 0x08, 0x61, 0x08, 0x61, 0x08, 0x41, 0x08, 0x41, 0x00, 0x41, 0x08, 0x62, 0x08, 0x62,
    0x08, 0x61, 0x08, 0x41, 0x08, 0x41, 0x08, 0x41, 0x08, 0x82, 0x08, 0x62, 0x08, 0x61, 0x08, 0x61,
    0x08, 0x41, 0x08, 0x41, 0x08, 0x82, 0x08, 0x82, 0x08, 0x62, 0x08, 0x61, 0x08, 0x41, 0x08, 0x41,
    0x10, 0x82, 0x08, 0x82, 0x08, 0x62, 0x08, 0x61, 0x08, 0x41, 0x08, 0x41, 0x10, 0x82, 0x10, 0x82,
    0x08, 0x62, 0x08, 0x61, 0x08, 0x41, 0x08, 0x41, 0x10, 0x82, 0x10, 0x82, 0x08, 0x82, 0x08, 0x61,
    0x08, 0x41, 0x08, 0x41, 0x10, 0x82, 0x10, 0x82, 0x08, 0x82, 0x08, 0x61, 0x08, 0x41, 0x08, 0x41,
    0x10, 0x82, 0x10, 0x82, 0x08, 0x82, 0x08, 0x61, 0x08, 0x61, 0x08, 0x41, 0x10, 0x82, 0x10, 0x82,
    0x08, 0x82, 0x08, 0x61, 0x08, 0x61, 0x08, 0x41, 0x10, 0x82, 0x10, 0x82, 0x08, 0x82, 0x08, 0x62,
    0x08, 0x61, 0x08, 0x41, 0x10, 0x82, 0x10, 0x82, 0x08, 0x82, 0x08, 0x62, 0x08, 0x61, 0x08, 0x41,
    0x10, 0x82, 0x10, 0x82, 0x08, 0x82, 0x08, 0x62, 0x08, 0x61, 0x08, 0x41, 0x10, 0x82, 0x10, 0x82,
    0x08, 0x82, 0x08, 0x62, 0x08, 0x61, 0x08, 0x41, 0x10, 0x82, 0x10, 0x82, 0x08, 0x82, 0x08, 0x61,
    0x08, 0x61, 0x08, 0x41, 0x10, 0x82, 0x10, 0x82, 0x08, 0x82, 0x08, 0x61, 0x08, 0x61, 0x08, 0x41,
    0x10, 0x82, 0x10, 0x82, 0x08, 0x82, 0x08, 0x61, 0x08, 0x41, 0x08, 0x41, 0x10, 0x82, 0x10, 0x82,
    0x08, 0x82, 0x08, 0x61, 0x08, 0x41, 0x08, 0x41, 0x10, 0x82, 0x10, 0x82, 0x08, 0x62, 0x08, 0x61,
    0x08, 0x41, 0x08, 0x41, 0x10, 0x82, 0x08, 0x82, 0x08, 0x62, 0x08, 0x61, 0x08, 0x41, 0x08, 0x41,
    0x10, 0x82, 0x08, 0x82, 0x08, 0x62, 0x08, 0x61, 0x08, 0x41, 0x08, 0x41, 0x08, 0x82, 0x08, 0x62,
    0x08, 0x61, 0x08, 0x61, 0x08, 0x41, 0x08, 0x41, 0x08, 0x62, 0x08, 0x62, 0x08, 0x61, 0x08, 0x41,
    0x08, 0x41, 0x08, 0x41, 0x08, 0x62, 0x08, 0x62, 0x08, 0x61, 0x08, 0x41, 0x08, 0x41, 0x00, 0x41,
    0x08, 0x61, 0x08, 0x61, 0x08, 0x61, 0x08, 0x41, 0x08, 0x41, 0x00, 0x21, 0x08, 0x61, 0x08, 0x61,
    0x08, 0x41, 0x08, 0x41, 0x00, 0x41, 0x00, 0x20, 0x08, 0x61, 0x08, 0x61, 0x08, 0x41, 0x08, 0x41,
    0x00, 0x21, 0x00, 0x20, 0x08, 0x41, 0x08, 0x41, 0x08, 0x41, 0x08, 0x41, 0x00, 0x20, 0x00, 0x20,
    0x08, 0x41, 0x08, 0x41, 0x08, 0x41, 0x00, 0x21, 0x00, 0x20, 0x00, 0x20, 0x08, 0x41, 0x08, 0x41,
    0x00, 0x41, 0x00, 0x20, 0x00, 0x20, 0x00, 0x20, 0x08, 0x41, 0x00, 0x41, 0x00, 0x20, 0x00, 0x00,
    0x00, 0x00, 0x00, 0x00, 0x00, 0x00, 0x00, 0x00, 0x00, 0x00, 0x00, 0x00, 0x00, 0x00, 0x00, 0x00,
    0x00, 0x00, 0x00, 0x00, 0x00, 0x00, 0x00, 0x00, 0x00, 0x00, 0x00, 0x00, 0x00, 0x00, 0x00, 0x00,
    0x00, 0x21, 0x00, 0x20, 0x00, 0x20, 0x00, 0x20, 0x08, 0x41, 0x00, 0x21, 0x00, 0x20, 0x00, 0x20,
    0x00, 0x20, 0x00, 0x20, 0x08, 0x41, 0x08, 0x41, 0x08, 0x41, 0x08, 0x41, 0x00, 0x41, 0x00, 0x20,
    0x08, 0x41, 0x08, 0x41, 0x08, 0x41, 0x00, 0x21, 0x00, 0x20, 0x00, 0x20, 0x08, 0x41, 0x08, 0x61,
    0x08, 0x41, 0x08, 0x41, 0x08, 0x41, 0x00, 0x41, 0x08, 0x61, 0x08, 0x41, 0x08, 0x41, 0x08, 0x41,
    0x00, 0x21, 0x00, 0x20, 0x08, 0x61, 0x08, 0x61, 0x08, 0x61, 0x08, 0x61, 0x08, 0x41, 0x08, 0x41,
    0x08, 0x61, 0x08, 0x61, 0x08, 0x41, 0x08, 0x41, 0x00, 0x41, 0x00, 0x41, 0x08, 0x62, 0x08, 0x62,
    0x08, 0x62, 0x08, 0x61, 0x08, 0x61, 0x08, 0x41, 0x08, 0x62, 0x08, 0x61, 0x08, 0x61, 0x08, 0x41,
    0x08, 0x41, 0x08, 0x41, 0x08, 0x82, 0x08, 0x82, 0x08, 0x82, 0x08, 0x62, 0x08, 0x61, 0x08, 0x41,
    0x08, 0x82, 0x08, 0x62, 0x08, 0x61, 0x08, 0x41, 0x08, 0x41, 0x08, 0x41, 0x10, 0x82, 0x10, 0x82,
    0x10, 0x82, 0x08, 0x62, 0x08, 0x61, 0x08, 0x41, 0x10, 0x82, 0x08, 0x82, 0x08, 0x61, 0x08, 0x41,
    0x08, 0x41, 0x08, 0x41, 0x10, 0x82, 0x10, 0x82, 0x10, 0x82, 0x08, 0x82, 0x08, 0x61, 0x08, 0x61,
    0x10, 0x82, 0x08, 0x82, 0x08, 0x61, 0x08, 0x61, 0x08, 0x41, 0x08, 0x41, 0x10, 0x82, 0x10, 0x82,
    0x10, 0x82, 0x08, 0x82, 0x08, 0x62, 0x08, 0x61, 0x10, 0x82, 0x08, 0x82, 0x08, 0x62, 0x08, 0x61,
    0x08, 0x41, 0x08, 0x41, 0x10, 0x82, 0x10, 0x82, 0x10, 0x82, 0x08, 0x82, 0x08, 0x62, 0x08, 0x61,
    0x10, 0x82, 0x08, 0x82, 0x08, 0x62, 0x08, 0x61, 0x08, 0x41, 0x08, 0x41, 0x10, 0x82, 0x10, 0x82,
    0x10, 0x82, 0x08, 0x82, 0x08, 0x62, 0x08, 0x61, 0x10, 0x82, 0x08, 0x82, 0x08, 0x62, 0x08, 0x61,
    0x08, 0x41, 0x08, 0x41, 0x10, 0x82, 0x10, 0x82, 0x10, 0x82, 0x08, 0x82, 0x08, 0x61, 0x08, 0x61,
    0x10, 0x82, 0x08, 0x82, 0x08, 0x61, 0x08, 0x41, 0x08, 0x41, 0x08, 0x41, 0x10, 0x82, 0x10, 0x82,
    0x10, 0x82, 0x08, 0x82, 0x08, 0x61, 0x08, 0x41, 0x10, 0x82, 0x08, 0x62, 0x08, 0x61, 0x08, 0x41,
    0x08, 0x41, 0x08, 0x41, 0x10, 0x82, 0x10, 0x82, 0x08, 0x82, 0x08, 0x62, 0x08, 0x61, 0x08, 0x41,
    0x08, 0x82, 0x08, 0x62, 0x08, 0x61, 0x08, 0x41, 0x08, 0x41, 0x08, 0x41, 0x08, 0x82, 0x08, 0x82,
    0x08, 0x62, 0x08, 0x61, 0x08, 0x61, 0x08, 0x41, 0x08, 0x62, 0x08, 0x61, 0x08, 0x61, 0x08, 0x41,
    0x08, 0x41, 0x00, 0x41, 0x08, 0x62, 0x08, 0x62, 0x08, 0x62, 0x08, 0x61, 0x08, 0x41, 0x08, 0x41,
    0x08, 0x61, 0x08, 0x61, 0x08, 0x41, 0x08, 0x41, 0x00, 0x21, 0x00, 0x20, 0x08, 0x61, 0x08, 0x61,
    0x08, 0x61, 0x08, 0x41, 0x08, 0x41, 0x00, 0x41, 0x08, 0x61, 0x08, 0x41, 0x08, 0x41, 0x00, 0x21,
    0x00, 0x20, 0x00, 0x20, 0x08, 0x41, 0x08, 0x41, 0x08, 0x41, 0x08, 0x41, 0x08, 0x41, 0x00, 0x20,
    0x08, 0x41, 0x08, 0x41, 0x00, 0x41, 0x00, 0x20, 0x00, 0x20, 0x00, 0x20, 0x08, 0x41, 0x08, 0x41,
    0x08, 0x41, 0x00, 0x41, 0x00, 0x20, 0x00, 0x20, 0x00, 0x41, 0x00, 0x21, 0x00, 0x20, 0x00, 0x20,
    0x00, 0x00, 0x00, 0x00, 0x00, 0x00, 0x00, 0x00, 0x00, 0x00, 0x00, 0x00, 0x00, 0x00, 0x00, 0x00,
    0x00, 0x00, 0x00, 0x00, 0x00, 0x00, 0x00, 0x00, 0x00, 0x00, 0x00, 0x00, 0x00, 0x00, 0x00, 0x00,
    0x00, 0x41, 0x00, 0x41, 0x00, 0x21, 0x00, 0x20, 0x00, 0x21, 0x00, 0x20, 0x00, 0x20, 0x00, 0x20,
    0x00, 0x20, 0x00, 0x20, 0x08, 0x41, 0x08, 0x41, 0x08, 0x41, 0x08, 0x41, 0x08, 0x41, 0x00, 0x41,
    0x08, 0x41, 0x08, 0x41, 0x00, 0x21, 0x00, 0x20, 0x00, 0x20, 0x00, 0x20, 0x08, 0x41, 0x08, 0x41,
    0x08, 0x61, 0x08, 0x61, 0x08, 0x41, 0x08, 0x41, 0x08, 0x41, 0x08, 0x41, 0x08, 0x41, 0x00, 0x21,
    0x00, 0x20, 0x00, 0x21, 0x08, 0x61, 0x08, 0x61, 0x08, 0x61, 0x08, 0x61, 0x08, 0x61, 0x08, 0x41,
    0x08, 0x61, 0x08, 0x41, 0x08, 0x41, 0x00, 0x41, 0x00, 0x21, 0x08, 0x41, 0x08, 0x61, 0x08, 0x62,
    0x08, 0x62, 0x08, 0x62, 0x08, 0x61, 0x08, 0x61, 0x08, 0x61, 0x08, 0x61, 0x08, 0x41, 0x08, 0x41,
    0x08, 0x41, 0x08, 0x41, 0x08, 0x62, 0x08, 0x82, 0x08, 0x82, 0x08, 0x82, 0x08, 0x62, 0x08, 0x61,
    0x08, 0x62, 0x08, 0x61, 0x08, 0x41, 0x08, 0x41, 0x08, 0x41, 0x08, 0x41, 0x08, 0x62, 0x10, 0x82,
    0x10, 0x82, 0x10, 0x82, 0x08, 0x62, 0x08, 0x61, 0x08, 0x82, 0x08, 0x61, 0x08, 0x41, 0x08, 0x41,
    0x08, 0x41, 0x08, 0x41, 0x08, 0x82, 0x10, 0x82, 0x10, 0x82, 0x10, 0x82, 0x08, 0x82, 0x08, 0x61,
    0x08, 0x82, 0x08, 0x61, 0x08, 0x61, 0x08, 0x41, 0x08, 0x41, 0x08, 0x41, 0x08, 0x82, 0x10, 0x82,
    0x10, 0x82, 0x10, 0x82, 0x08, 0x82, 0x08, 0x62, 0x08, 0x82, 0x08, 0x62, 0x08, 0x61, 0x08, 0x41,
    0x08, 0x41, 0x08, 0x41, 0x10, 0x82, 0x10, 0x82, 0x10, 0x82, 0x10, 0x82, 0x10, 0x82, 0x08, 0x62,
    0x10, 0x82, 0x08, 0x62, 0x08, 0x61, 0x08, 0x41, 0x08, 0x41, 0x08, 0x41, 0x10, 0x82, 0x10, 0x82,
    0x10, 0x82, 0x10, 0x82, 0x08, 0x82, 0x08, 0x62, 0x08, 0x82, 0x08, 0x62, 0x08, 0x61, 0x08, 0x41,
    0x08, 0x41, 0x08, 0x41, 0x08, 0x82, 0x10, 0x82, 0x10, 0x82, 0x10, 0x82, 0x08, 0x82, 0x08, 0x61,
    0x08, 0x82, 0x08, 0x61, 0x08, 0x61, 0x08, 0x41, 0x08, 0x41, 0x08, 0x41, 0x08, 0x82, 0x10, 0x82,
    0x10, 0x82, 0x10, 0x82, 0x08, 0x82, 0x08, 0x61, 0x08, 0x82, 0x08, 0x61, 0x08, 0x41, 0x08, 0x41,
    0x08, 0x41, 0x08, 0x41, 0x08, 0x62, 0x10, 0x82, 0x10, 0x82, 0x08, 0x82, 0x08, 0x62, 0x08, 0x61,
    0x08, 0x62, 0x08, 0x61, 0x08, 0x41, 0x08, 0x41, 0x08, 0x41, 0x08, 0x41, 0x08, 0x62, 0x08, 0x82,
    0x08, 0x82, 0x08, 0x62, 0x08, 0x61, 0x08, 0x61, 0x08, 0x61, 0x08, 0x61, 0x08, 0x41, 0x08, 0x41,
    0x00, 0x41, 0x08, 0x41, 0x08, 0x61, 0x08, 0x62, 0x08, 0x62, 0x08, 0x61, 0x08, 0x61, 0x08, 0x41,
    0x08, 0x61, 0x08, 0x41, 0x08, 0x41, 0x00, 0x21, 0x00, 0x21, 0x00, 0x21, 0x08, 0x61, 0x08, 0x61,
    0x08, 0x61, 0x08, 0x61, 0x08, 0x41, 0x08, 0x41, 0x08, 0x41, 0x08, 0x41, 0x00, 0x41, 0x00, 0x20,
    0x00, 0x20, 0x00, 0x20, 0x08, 0x41, 0x08, 0x41, 0x08, 0x41, 0x08, 0x41, 0x08, 0x41, 0x00, 0x41,
    0x08, 0x41, 0x00, 0x41, 0x00, 0x20, 0x00, 0x20, 0x00, 0x20, 0x00, 0x20, 0x08, 0x41, 0x08, 0x41,
    0x08, 0x41, 0x08, 0x41, 0x00, 0x41, 0x00, 0x20, 0x00, 0x21, 0x00, 0x20, 0x00, 0x20, 0x00, 0x20,
    0x00, 0x00, 0x00, 0x00, 0x00, 0x00, 0x00, 0x00, 0x00, 0x00, 0x00, 0x00, 0x00, 0x00, 0x00, 0x00,
    0x00, 0x00, 0x00, 0x00, 0x00, 0x00, 0x00, 0x00, 0x00, 0x00, 0x00, 0x00, 0x00, 0x00, 0x00, 0x20,
    0x00, 0x21, 0x00, 0x41, 0x00, 0x41, 0x00, 0x21, 0x00, 0x20, 0x00, 0x20, 0x00, 0x20, 0x00, 0x20,
    0x00, 0x20, 0x00, 0x20, 0x00, 0x21, 0x08, 0x41, 0x08, 0x41, 0x08, 0x41, 0x08, 0x41, 0x08, 0x41,
    0x08, 0x41, 0x00, 0x21, 0x00, 0x20, 0x00, 0x20, 0x00, 0x20, 0x00, 0x21, 0x08, 0x41, 0x08, 0x41,
    0x08, 0x61, 0x08, 0x61, 0x08, 0x61, 0x08, 0x41, 0x08, 0x41, 0x08, 0x41, 0x00, 0x21, 0x00, 0x20,
    0x00, 0x21, 0x08, 0x41, 0x08, 0x41, 0x08, 0x61, 0x08, 0x61, 0x08, 0x61, 0x08, 0x61, 0x08, 0x61,
    0x08, 0x41, 0x08, 0x41, 0x00, 0x41, 0x00, 0x21, 0x08, 0x41, 0x08, 0x41, 0x08, 0x41, 0x08, 0x61,
    0x08, 0x62, 0x08, 0x62, 0x08, 0x62, 0x08, 0x61, 0x08, 0x61, 0x08, 0x41, 0x08, 0x41, 0x08, 0x41,
    0x08, 0x41, 0x08, 0x41, 0x08, 0x61, 0x08, 0x62, 0x08, 0x82, 0x10, 0x82, 0x08, 0x82, 0x08, 0x62,
    0x08, 0x61, 0x08, 0x41, 0x08, 0x41, 0x08, 0x41, 0x08, 0x41, 0x08, 0x41, 0x08, 0x61, 0x08, 0x62,
    0x10, 0x82, 0x10, 0x82, 0x10, 0x82, 0x08, 0x82, 0x08, 0x61, 0x08, 0x41, 0x08, 0x41, 0x08, 0x41,
    0x08, 0x41, 0x08, 0x41, 0x08, 0x61, 0x08, 0x82, 0x10, 0x82, 0x10, 0x82, 0x10, 0x82, 0x08, 0x82,
    0x08, 0x61, 0x08, 0x61, 0x08, 0x41, 0x08, 0x41, 0x08, 0x41, 0x08, 0x61, 0x08, 0x62, 0x08, 0x82,
    0x10, 0x82, 0x10, 0x82, 0x10, 0x82, 0x08, 0x82, 0x08, 0x62, 0x08, 0x61, 0x08, 0x41, 0x08, 0x41,
    0x08, 0x41, 0x08, 0x61, 0x08, 0x62, 0x10, 0x82, 0x10, 0x82, 0x10, 0x82, 0x10, 0x82, 0x10, 0x82,
    0x08, 0x62, 0x08, 0x61, 0x08, 0x41, 0x08, 0x41, 0x08, 0x41, 0x08, 0x61, 0x08, 0x62, 0x10, 0x82,
    0x10, 0x82, 0x10, 0x82, 0x10, 0x82, 0x10, 0x82, 0x08, 0x62, 0x08, 0x61, 0x08, 0x41, 0x08, 0x41,
    0x08, 0x41, 0x08, 0x61, 0x08, 0x62, 0x08, 0x82, 0x10, 0x82, 0x10, 0x82, 0x10, 0x82, 0x08, 0x82,
    0x08, 0x61, 0x08, 0x61, 0x08, 0x41, 0x08, 0x41, 0x08, 0x41, 0x08, 0x41, 0x08, 0x61, 0x08, 0x82,
    0x10, 0x82, 0x10, 0x82, 0x10, 0x82, 0x08, 0x82, 0x08, 0x61, 0x08, 0x41, 0x08, 0x41, 0x08, 0x41,
    0x08, 0x41, 0x08, 0x41, 0x08, 0x61, 0x08, 0x62, 0x10, 0x82, 0x10, 0x82, 0x08, 0x82, 0x08, 0x62,
    0x08, 0x61, 0x08, 0x41, 0x08, 0x41, 0x08, 0x41, 0x08, 0x41, 0x08, 0x41, 0x08, 0x61, 0x08, 0x62,
    0x08, 0x82, 0x08, 0x82, 0x08, 0x62, 0x08, 0x61, 0x08, 0x61, 0x08, 0x41, 0x08, 0x41, 0x00, 0x41,
    0x08, 0x41, 0x08, 0x41, 0x08, 0x41, 0x08, 0x61, 0x08, 0x62, 0x08, 0x62, 0x08, 0x61, 0x08, 0x61,
    0x08, 0x41, 0x08, 0x41, 0x00, 0x41, 0x00, 0x21, 0x00, 0x21, 0x08, 0x41, 0x08, 0x41, 0x08, 0x61,
    0x08, 0x61, 0x08, 0x61, 0x08, 0x61, 0x08, 0x41, 0x08, 0x41, 0x00, 0x41, 0x00, 0x20, 0x00, 0x20,
    0x00, 0x20, 0x00, 0x21, 0x08, 0x41, 0x08, 0x41, 0x08, 0x41, 0x08, 0x41, 0x08, 0x41, 0x08, 0x41,
    0x00, 0x41, 0x00, 0x20, 0x00, 0x20, 0x00, 0x20, 0x00, 0x20, 0x00, 0x20, 0x00, 0x21, 0x08, 0x41,
    0x08, 0x41, 0x08, 0x41, 0x08, 0x41, 0x00, 0x21, 0x00, 0x20, 0x00, 0x20, 0x00, 0x20, 0x00, 0x20,
    0x00, 0x20, 0x00, 0x00, 0x00, 0x00, 0x00, 0x00, 0x00, 0x00, 0x00, 0x00, 0x00, 0x00, 0x00, 0x00,
    0x00, 0x00, 0x00, 0x00, 0x00, 0x00, 0x00, 0x00, 0x00, 0x00, 0x00, 0x00, 0x00, 0x00, 0x00, 0x21,
    0x00, 0x41, 0x00, 0x41, 0x00, 0x21, 0x00, 0x20, 0x00, 0x21, 0x00, 0x20, 0x00, 0x20, 0x00, 0x20,
    0x00, 0x20, 0x00, 0x20, 0x08, 0x41, 0x08, 0x41, 0x08, 0x41, 0x08, 0x41, 0x08, 0x41, 0x00, 0x41,
    0x08, 0x41, 0x08, 0x41, 0x00, 0x21, 0x00, 0x20, 0x00, 0x20, 0x00, 0x20, 0x08, 0x41, 0x08, 0x61,
    0x08, 0x61, 0x08, 0x61, 0x08, 0x41, 0x08, 0x41, 0x08, 0x41, 0x08, 0x41, 0x08, 0x41, 0x00, 0x21,
    0x00, 0x20, 0x00, 0x21, 0x08, 0x61, 0x08, 0x61, 0x08, 0x61, 0x08, 0x61, 0x08, 0x61, 0x08, 0x41,
    0x08, 0x61, 0x08, 0x41, 0x08, 0x41, 0x00, 0x41, 0x00, 0x41, 0x08, 0x41, 0x08, 0x61, 0x08, 0x62,
    0x08, 0x62, 0x08, 0x62, 0x08, 0x61, 0x08, 0x61, 0x08, 0x61, 0x08, 0x61, 0x08, 0x41, 0x08, 0x41,
    0x08, 0x41, 0x08, 0x41, 0x08, 0x62, 0x08, 0x82, 0x10, 0x82, 0x08, 0x82, 0x08, 0x62, 0x08, 0x61,
    0x08, 0x62, 0x08, 0x61, 0x08, 0x41, 0x08, 0x41, 0x08, 0x41, 0x08, 0x41, 0x08, 0x62, 0x10, 0x82,
    0x10, 0x82, 0x10, 0x82, 0x08, 0x82, 0x08, 0x61, 0x08, 0x82, 0x08, 0x61, 0x08, 0x41, 0x08, 0x41,
    0x08, 0x41, 0x08, 0x41, 0x08, 0x82, 0x10, 0x82, 0x10, 0x82, 0x10, 0x82, 0x08, 0x82, 0x08, 0x61,
    0x08, 0x82, 0x08, 0x61, 0x08, 0x61, 0x08, 0x41, 0x08, 0x41, 0x08, 0x41, 0x08, 0x82, 0x10, 0x82,
    0x10, 0x82, 0x10, 0x82, 0x10, 0x82, 0x08, 0x62, 0x10, 0x82, 0x08, 0x62, 0x08, 0x61, 0x08, 0x41,
    0x08, 0x41, 0x08, 0x41, 0x10, 0x82, 0x10, 0x82, 0x10, 0x82, 0x10, 0x82, 0x10, 0x82, 0x08, 0x62,
    0x10, 0x82, 0x08, 0x62, 0x08, 0x61, 0x08, 0x41, 0x08, 0x41, 0x08, 0x41, 0x10, 0x82, 0x10, 0x82,
    0x10, 0x82, 0x10, 0x82, 0x10, 0x82, 0x08, 0x62, 0x10, 0x82, 0x08, 0x62, 0x08, 0x61, 0x08, 0x41,
    0x08, 0x41, 0x08, 0x41, 0x08, 0x82, 0x10, 0x82, 0x10, 0x82, 0x10, 0x82, 0x08, 0x82, 0x08, 0x61,
    0x08, 0x82, 0x08, 0x61, 0x08, 0x61, 0x08, 0x41, 0x08, 0x41, 0x08, 0x41, 0x08, 0x82, 0x10, 0x82,
    0x10, 0x82, 0x10, 0x82, 0x08, 0x82, 0x08, 0x61, 0x08, 0x82, 0x08, 0x61, 0x08, 0x41, 0x08, 0x41,
    0x08, 0x41, 0x08, 0x41, 0x08, 0x62, 0x10, 0x82, 0x10, 0x82, 0x10, 0x82, 0x08, 0x62, 0x08, 0x61,
    0x08, 0x62, 0x08, 0x61, 0x08, 0x41, 0x08, 0x41, 0x08, 0x41, 0x08, 0x41, 0x08, 0x62, 0x08, 0x82,
    0x08, 0x82, 0x08, 0x82, 0x08, 0x61, 0x08, 0x61, 0x08, 0x61, 0x08, 0x61, 0x08, 0x41, 0x08, 0x41,
    0x00, 0x41, 0x08, 0x41, 0x08, 0x61, 0x08, 0x62, 0x08, 0x62, 0x08, 0x62, 0x08, 0x61, 0x08, 0x41,
    0x08, 0x61, 0x08, 0x41, 0x08, 0x41, 0x00, 0x21, 0x00, 0x21, 0x00, 0x21, 0x08, 0x61, 0x08, 0x61,
    0x08, 0x61, 0x08, 0x61, 0x08, 0x41, 0x08, 0x41, 0x08, 0x41, 0x08, 0x41, 0x00, 0x41, 0x00, 0x20,
    0x00, 0x20, 0x00, 0x20, 0x08, 0x41, 0x08, 0x41, 0x08, 0x41, 0x08, 0x41, 0x08, 0x41, 0x08, 0x41,
    0x08, 0x41, 0x00, 0x41, 0x00, 0x20, 0x00, 0x20, 0x00, 0x20, 0x00, 0x20, 0x08, 0x41, 0x08, 0x41,
    0x08, 0x41, 0x08, 0x41, 0x00, 0x41, 0x00, 0x20, 0x00, 0x21, 0x00, 0x20, 0x00, 0x20, 0x00, 0x20,
    0x00, 0x20, 0x00, 0x00, 0x00, 0x00, 0x00, 0x00, 0x00, 0x00, 0x00, 0x00, 0x00, 0x00, 0x00, 0x00,
    0x00, 0x00, 0x00, 0x00, 0x00, 0x00, 0x00, 0x00, 0x00, 0x00, 0x00, 0x00, 0x00, 0x00, 0x00, 0x41,
    0x00, 0x41, 0x00, 0x21, 0x00, 0x20, 0x00, 0x20, 0x08, 0x41, 0x00, 0x41, 0x00, 0x20, 0x00, 0x20,
    0x00, 0x20, 0x00, 0x20, 0x08, 0x41, 0x08, 0x41, 0x08, 0x41, 0x08, 0x41, 0x00, 0x41, 0x00, 0x20,
    0x08, 0x41, 0x08, 0x41, 0x08, 0x41, 0x00, 0x21, 0x00, 0x20, 0x00, 0x20, 0x08, 0x41, 0x08, 0x61,
    0x08, 0x61, 0x08, 0x41, 0x08, 0x41, 0x00, 0x41, 0x08, 0x61, 0x08, 0x41, 0x08, 0x41, 0x08, 0x41,
    0x00, 0x21, 0x00, 0x21, 0x08, 0x61, 0x08, 0x61, 0x08, 0x61, 0x08, 0x61, 0x08, 0x41, 0x08, 0x41,
    0x08, 0x61, 0x08, 0x61, 0x08, 0x41, 0x08, 0x41, 0x08, 0x41, 0x00, 0x41, 0x08, 0x62, 0x08, 0x62,
    0x08, 0x62, 0x08, 0x61, 0x08, 0x61, 0x08, 0x41, 0x08, 0x62, 0x08, 0x61, 0x08, 0x61, 0x08, 0x41,
    0x08, 0x41, 0x08, 0x41, 0x08, 0x82, 0x10, 0x82, 0x08, 0x82, 0x08, 0x62, 0x08, 0x61, 0x08, 0x41,
    0x08, 0x82, 0x08, 0x62, 0x08, 0x61, 0x08, 0x41, 0x08, 0x41, 0x08, 0x41, 0x10, 0x82, 0x10, 0x82,
    0x10, 0x82, 0x08, 0x82, 0x08, 0x61, 0x08, 0x41, 0x10, 0x82, 0x08, 0x82, 0x08, 0x61, 0x08, 0x41,
    0x08, 0x41, 0x08, 0x41, 0x10, 0x82, 0x10, 0x82, 0x10, 0x82, 0x08, 0x82, 0x08, 0x61, 0x08, 0x61,
    0x10, 0x82, 0x08, 0x82, 0x08, 0x62, 0x08, 0x61, 0x08, 0x41, 0x08, 0x41, 0x10, 0x82, 0x10, 0x82,
    0x10, 0x82, 0x10, 0x82, 0x08, 0x62, 0x08, 0x61, 0x10, 0x82, 0x10, 0x82, 0x08, 0x62, 0x08, 0x61,
    0x08, 0x41, 0x08, 0x41, 0x10, 0x82, 0x10, 0x82, 0x10, 0x82, 0x10, 0x82, 0x08, 0x62, 0x08, 0x61,
    0x10, 0x82, 0x10, 0x82, 0x08, 0x62, 0x08, 0x61, 0x08, 0x41, 0x08, 0x41, 0x10, 0x82, 0x10, 0x82,
    0x10, 0x82, 0x10, 0x82, 0x08, 0x62, 0x08, 0x61, 0x10, 0x82, 0x10, 0x82, 0x08, 0x62, 0x08, 0x61,
    0x08, 0x41, 0x08, 0x41, 0x10, 0x82, 0x10, 0x82, 0x10, 0x82, 0x08, 0x82, 0x08, 0x62, 0x08, 0x61,
    0x10, 0x82, 0x08, 0x82, 0x08, 0x61, 0x08, 0x61, 0x08, 0x41, 0x08, 0x41, 0x10, 0x82, 0x10, 0x82,
    0x10, 0x82, 0x08, 0x82, 0x08, 0x61, 0x08, 0x41, 0x10, 0x82, 0x08, 0x82, 0x08, 0x61, 0x08, 0x41,
    0x08, 0x41, 0x08, 0x41, 0x10, 0x82, 0x10, 0x82, 0x10, 0x82, 0x08, 0x62, 0x08, 0x61, 0x08, 0x41,
    0x08, 0x82, 0x08, 0x62, 0x08, 0x61, 0x08, 0x41, 0x08, 0x41, 0x08, 0x41, 0x08, 0x82, 0x08, 0x82,
    0x08, 0x82, 0x08, 0x62, 0x08, 0x61, 0x08, 0x41, 0x08, 0x62, 0x08, 0x61, 0x08, 0x61, 0x08, 0x41,
    0x08, 0x41, 0x00, 0x41, 0x08, 0x62, 0x08, 0x62, 0x08, 0x62, 0x08, 0x61, 0x08, 0x41, 0x08, 0x41,
    0x08, 0x61, 0x08, 0x61, 0x08, 0x41, 0x08, 0x41, 0x00, 0x21, 0x00, 0x21, 0x08, 0x61, 0x08, 0x61,
    0x08, 0x61, 0x08, 0x41, 0x08, 0x41, 0x08, 0x41, 0x08, 0x61, 0x08, 0x41, 0x08, 0x41, 0x00, 0x41,
    0x00, 0x20, 0x00, 0x20, 0x08, 0x41, 0x08, 0x61, 0x08, 0x41, 0x08, 0x41, 0x08, 0x41, 0x00, 0x21,
    0x08, 0x41, 0x08, 0x41, 0x00, 0x41, 0x00, 0x20, 0x00, 0x20, 0x00, 0x20, 0x08, 0x41, 0x08, 0x41,
    0x08, 0x41, 0x00, 0x41, 0x00, 0x20, 0x00, 0x20, 0x08, 0x41, 0x00, 0x21, 0x00, 0x20, 0x00, 0x20,
    0x00, 0x20, 0x00, 0x00, 0x00, 0x00, 0x00, 0x00, 0x00, 0x00, 0x00, 0x00, 0x00, 0x00, 0x00, 0x00,
    0x00, 0x00, 0x00, 0x00, 0x00, 0x00, 0x00, 0x00, 0x00, 0x00, 0x00, 0x00, 0x00, 0x41, 0x00, 0x21,
    0x00, 0x21, 0x00, 0x20, 0x00, 0x20, 0x00, 0x20, 0x08, 0x41, 0x08, 0x41, 0x00, 0x41, 0x00, 0x21,
    0x00, 0x20, 0x00, 0x20, 0x08, 0x41, 0x08, 0x41, 0x08, 0x41, 0x00, 0x41, 0x00, 0x20, 0x00, 0x20,
    0x08, 0x41, 0x08, 0x41, 0x08, 0x41, 0x08, 0x41, 0x00, 0x21, 0x00, 0x20, 0x08, 0x61, 0x08, 0x61,
    0x08, 0x41, 0x08, 0x41, 0x00, 0x41, 0x00, 0x21, 0x08, 0x61, 0x08, 0x61, 0x08, 0x61, 0x08, 0x41,
    0x08, 0x41, 0x00, 0x21, 0x08, 0x61, 0x08, 0x61, 0x08, 0x61, 0x08, 0x41, 0x08, 0x41, 0x00, 0x41,
    0x08, 0x62, 0x08, 0x62, 0x08, 0x61, 0x08, 0x41, 0x08, 0x41, 0x08, 0x41, 0x08, 0x62, 0x08, 0x62,
    0x08, 0x61, 0x08, 0x61, 0x08, 0x41, 0x08, 0x41, 0x08, 0x82, 0x08, 0x82, 0x08, 0x62, 0x08, 0x61,
    0x08, 0x41, 0x08, 0x41, 0x10, 0x82, 0x08, 0x82, 0x08, 0x62, 0x08, 0x61, 0x08, 0x41, 0x08, 0x41,
    0x10, 0x82, 0x10, 0x82, 0x08, 0x62, 0x08, 0x61, 0x08, 0x41, 0x08, 0x41, 0x10, 0x82, 0x10, 0x82,
    0x08, 0x82, 0x08, 0x61, 0x08, 0x41, 0x08, 0x41, 0x10, 0x82, 0x10, 0x82, 0x08, 0x82, 0x08, 0x61,
    0x08, 0x61, 0x08, 0x41, 0x10, 0x82, 0x10, 0x82, 0x08, 0x82, 0x08, 0x61, 0x08, 0x61, 0x08, 0x41,
    0x10, 0x82, 0x10, 0x82, 0x08, 0x82, 0x08, 0x62, 0x08, 0x61, 0x08, 0x41, 0x10, 0x82, 0x10, 0x82,
    0x10, 0x82, 0x08, 0x62, 0x08, 0x61, 0x08, 0x41, 0x10, 0x82, 0x10, 0x82, 0x10, 0x82, 0x08, 0x62,
    0x08, 0x61, 0x08, 0x41, 0x10, 0x82, 0x10, 0x82, 0x10, 0x82, 0x08, 0x62, 0x08, 0x61, 0x08, 0x41,
    0x10, 0x82, 0x10, 0x82, 0x10, 0x82, 0x08, 0x62, 0x08, 0x61, 0x08, 0x41, 0x10, 0x82, 0x10, 0x82,
    0x10, 0x82, 0x08, 0x62, 0x08, 0x61, 0x08, 0x41, 0x10, 0x82, 0x10, 0x82, 0x10, 0x82, 0x08, 0x62,
    0x08, 0x61, 0x08, 0x41, 0x10, 0x82, 0x10, 0x82, 0x08, 0x82, 0x08, 0x62, 0x08, 0x61, 0x08, 0x41,
    0x10, 0x82, 0x10, 0x82, 0x08, 0x82, 0x08, 0x61, 0x08, 0x61, 0x08, 0x41, 0x10, 0x82, 0x10, 0x82,
    0x08, 0x82, 0x08, 0x61, 0x08, 0x41, 0x08, 0x41, 0x10, 0x82, 0x10, 0x82, 0x08, 0x82, 0x08, 0x61,
    0x08, 0x41, 0x08, 0x41, 0x10, 0x82, 0x10, 0x82, 0x08, 0x62, 0x08, 0x61, 0x08, 0x41, 0x08, 0x41,
    0x10, 0x82, 0x08, 0x82, 0x08, 0x62, 0x08, 0x61, 0x08, 0x41, 0x08, 0x41, 0x08, 0x82, 0x08, 0x82,
    0x08, 0x62, 0x08, 0x61, 0x08, 0x41, 0x08, 0x41, 0x08, 0x82, 0x08, 0x62, 0x08, 0x61, 0x08, 0x61,
    0x08, 0x41, 0x08, 0x41, 0x08, 0x62, 0x08, 0x62, 0x08, 0x61, 0x08, 0x41, 0x08, 0x41, 0x00, 0x41,
    0x08, 0x62, 0x08, 0x61, 0x08, 0x61, 0x08, 0x41, 0x08, 0x41, 0x00, 0x21, 0x08, 0x61, 0x08, 0x61,
    0x08, 0x61, 0x08, 0x41, 0x08, 0x41, 0x00, 0x21, 0x08, 0x61, 0x08, 0x61, 0x08, 0x41, 0x08, 0x41,
    0x00, 0x41, 0x00, 0x20, 0x08, 0x61, 0x08, 0x41, 0x08, 0x41, 0x08, 0x41, 0x00, 0x21, 0x00, 0x20,
    0x08, 0x41, 0x08, 0x41, 0x08, 0x41, 0x00, 0x41, 0x00, 0x20, 0x00, 0x20, 0x08, 0x41, 0x08, 0x41,
    0x08, 0x41, 0x00, 0x21, 0x00, 0x20, 0x00, 0x20, 0x08, 0x41, 0x08, 0x41, 0x00, 0x21, 0x00, 0x20,
    0x00, 0x20, 0x00, 0x20, 0x00, 0x00, 0x00, 0x00, 0x00, 0x00, 0x00, 0x00, 0x00, 0x00, 0x00, 0x00,
    0x00, 0x00, 0x00, 0x00, 0x00, 0x00, 0x00, 0x00, 0x00, 0x00, 0x00, 0x00, 0x00, 0x21, 0x00, 0x21,
    0x00, 0x20, 0x00, 0x20, 0x00, 0x20, 0x00, 0x20, 0x08, 0x41, 0x08, 0x41, 0x08, 0x41, 0x08, 0x41,
    0x00, 0x21, 0x00, 0x20, 0x08, 0x41, 0x08, 0x41, 0x00, 0x41, 0x00, 0x20, 0x00, 0x20, 0x00, 0x20,
    0x08, 0x41, 0x08, 0x41, 0x08, 0x41, 0x08, 0x41, 0x08, 0x41, 0x00, 0x21, 0x08, 0x61, 0x08, 0x41,
    0x08, 0x41, 0x00, 0x41, 0x00, 0x21, 0x00, 0x20, 0x08, 0x61, 0x08, 0x61, 0x08, 0x61, 0x08, 0x61,
    0x08, 0x41, 0x08, 0x41, 0x08, 0x61, 0x08, 0x61, 0x08, 0x41, 0x08, 0x41, 0x00, 0x41, 0x00, 0x21,
    0x08, 0x62, 0x08, 0x62, 0x08, 0x62, 0x08, 0x61, 0x08, 0x41, 0x08, 0x41, 0x08, 0x62, 0x08, 0x61,
    0x08, 0x61, 0x08, 0x41, 0x08, 0x41, 0x08, 0x41, 0x08, 0x82, 0x08, 0x82, 0x08, 0x82, 0x08, 0x62,
    0x08, 0x61, 0x08, 0x41, 0x08, 0x82, 0x08, 0x62, 0x08, 0x61, 0x08, 0x41, 0x08, 0x41, 0x08, 0x41,
    0x10, 0x82, 0x10, 0x82, 0x10, 0x82, 0x08, 0x62, 0x08, 0x61, 0x08, 0x41, 0x10, 0x82, 0x08, 0x82,
    0x08, 0x61, 0x08, 0x41, 0x08, 0x41, 0x08, 0x41, 0x10, 0x82, 0x10, 0x82, 0x10, 0x82, 0x08, 0x82,
    0x08, 0x61, 0x08, 0x61, 0x10, 0x82, 0x08, 0x82, 0x08, 0x61, 0x08, 0x61, 0x08, 0x41, 0x08, 0x41,
    0x10, 0x82, 0x10, 0x82, 0x10, 0x82, 0x10, 0x82, 0x08, 0x62, 0x08, 0x61, 0x10, 0x82, 0x10, 0x82,
    0x08, 0x62, 0x08, 0x61, 0x08, 0x41, 0x08, 0x41, 0x10, 0x82, 0x10, 0x82, 0x10, 0x82, 0x10, 0x82,
    0x08, 0x62, 0x08, 0x61, 0x10, 0x82, 0x10, 0x82, 0x08, 0x62, 0x08, 0x61, 0x08, 0x41, 0x08, 0x41,
    0x10, 0x82, 0x10, 0x82, 0x10, 0x82, 0x10, 0x82, 0x08, 0x62, 0x08, 0x61, 0x10, 0x82, 0x10, 0x82,
    0x08, 0x62, 0x08, 0x61, 0x08, 0x41, 0x08, 0x41, 0x10, 0x82, 0x10, 0x82, 0x10, 0x82, 0x10, 0x82,
    0x08, 0x62, 0x08, 0x61, 0x10, 0x82, 0x10, 0x82, 0x08, 0x62, 0x08, 0x61, 0x08, 0x41, 0x08, 0x41,
    0x10, 0x82, 0x10, 0x82, 0x10, 0x82, 0x08, 0x82, 0x08, 0x61, 0x08, 0x61, 0x10, 0x82, 0x08, 0x82,
    0x08, 0x61, 0x08, 0x61, 0x08, 0x41, 0x08, 0x41, 0x10, 0x82, 0x10, 0x82, 0x10, 0x82, 0x08, 0x82,
    0x08, 0x61, 0x08, 0x41, 0x10, 0x82, 0x08, 0x62, 0x08, 0x61, 0x08, 0x41, 0x08, 0x41, 0x08, 0x41,
    0x10, 0x82, 0x10, 0x82, 0x08, 0x82, 0x08, 0x62, 0x08, 0x61, 0x08, 0x41, 0x08, 0x82, 0x08, 0x62,
    0x08, 0x61, 0x08, 0x41, 0x08, 0x41, 0x08, 0x41, 0x08, 0x62, 0x08, 0x82, 0x08, 0x62, 0x08, 0x61,
    0x08, 0x61, 0x08, 0x41, 0x08, 0x62, 0x08, 0x61, 0x08, 0x41, 0x08, 0x41, 0x00, 0x41, 0x00, 0x21,
    0x08, 0x61, 0x08, 0x62, 0x08, 0x61, 0x08, 0x61, 0x08, 0x41, 0x08, 0x41, 0x08, 0x61, 0x08, 0x61,
    0x08, 0x41, 0x08, 0x41, 0x00, 0x21, 0x00, 0x20, 0x08, 0x61, 0x08, 0x61, 0x08, 0x61, 0x08, 0x41,
    0x08, 0x41, 0x00, 0x41, 0x08, 0x41, 0x08, 0x41, 0x08, 0x41, 0x00, 0x21, 0x00, 0x20, 0x00, 0x20,
    0x08, 0x41, 0x08, 0x41, 0x08, 0x41, 0x08, 0x41, 0x00, 0x41, 0x00, 0x20, 0x08, 0x41, 0x08, 0x41,
    0x00, 0x21, 0x00, 0x20, 0x00, 0x20, 0x00, 0x20, 0x08, 0x41, 0x08, 0x41, 0x00, 0x41, 0x00, 0x21,
    0x00, 0x20, 0x00, 0x20, 0x00, 0x00, 0x00, 0x00, 0x00, 0x00, 0x00, 0x00, 0x00, 0x00, 0x00, 0x00,
    0x00, 0x00, 0x00, 0x00, 0x00, 0x00, 0x00, 0x00, 0x00, 0x00, 0x00, 0x00, 0x00, 0x20, 0x00, 0x20,
    0x00, 0x20, 0x00, 0x20, 0x00, 0x20, 0x00, 0x20, 0x00, 0x41, 0x08, 0x41, 0x08, 0x41, 0x08, 0x41,
    0x08, 0x41, 0x00, 0x21, 0x08, 0x41, 0x00, 0x41, 0x00, 0x20, 0x00, 0x20, 0x00, 0x20, 0x00, 0x20,
    0x08, 0x41, 0x08, 0x41, 0x08, 0x41, 0x08, 0x41, 0x08, 0x41, 0x08, 0x41, 0x08, 0x41, 0x08, 0x41,
    0x00, 0x41, 0x00, 0x20, 0x00, 0x20, 0x00, 0x21, 0x08, 0x41, 0x08, 0x61, 0x08, 0x61, 0x08, 0x61,
    0x08, 0x61, 0x08, 0x41, 0x08, 0x61, 0x08, 0x41, 0x08, 0x41, 0x00, 0x41, 0x00, 0x21, 0x00, 0x41,
    0x08, 0x61, 0x08, 0x62, 0x08, 0x62, 0x08, 0x62, 0x08, 0x61, 0x08, 0x61, 0x08, 0x61, 0x08, 0x61,
    0x08, 0x41, 0x08, 0x41, 0x08, 0x41, 0x08, 0x41, 0x08, 0x62, 0x08, 0x82, 0x08, 0x82, 0x08, 0x82,
    0x08, 0x62, 0x08, 0x61, 0x08, 0x62, 0x08, 0x61, 0x08, 0x41, 0x08, 0x41, 0x08, 0x41, 0x08, 0x41,
    0x08, 0x62, 0x10, 0x82, 0x10, 0x82, 0x10, 0x82, 0x08, 0x62, 0x08, 0x61, 0x08, 0x82, 0x08, 0x61,
    0x08, 0x41, 0x08, 0x41, 0x08, 0x41, 0x08, 0x41, 0x08, 0x82, 0x10, 0x82, 0x10, 0x82, 0x10, 0x82,
    0x08, 0x82, 0x08, 0x61, 0x08, 0x82, 0x08, 0x61, 0x08, 0x61, 0x08, 0x41, 0x08, 0x41, 0x08, 0x41,
    0x08, 0x82, 0x10, 0x82, 0x10, 0x82, 0x10, 0x82, 0x10, 0x82, 0x08, 0x62, 0x10, 0x82, 0x08, 0x62,
    0x08, 0x61, 0x08, 0x41, 0x08, 0x41, 0x08, 0x41, 0x10, 0x82, 0x10, 0x82, 0x10, 0x82, 0x10, 0x82,
    0x10, 0x82, 0x08, 0x62, 0x10, 0x82, 0x08, 0x62, 0x08, 0x61, 0x08, 0x41, 0x08, 0x41, 0x08, 0x41,
    0x10, 0x82, 0x10, 0x82, 0x10, 0x82, 0x10, 0x82, 0x10, 0x82, 0x08, 0x62, 0x10, 0x82, 0x08, 0x62,
    0x08, 0x61, 0x08, 0x41, 0x08, 0x41, 0x08, 0x41, 0x10, 0x82, 0x10, 0x82, 0x10, 0x82, 0x10, 0x82,
    0x10, 0x82, 0x08, 0x62, 0x10, 0x82, 0x08, 0x62, 0x08, 0x61, 0x08, 0x41, 0x08, 0x41, 0x08, 0x41,
    0x08, 0x82, 0x10, 0x82, 0x10, 0x82, 0x10, 0x82, 0x08, 0x82, 0x08, 0x61, 0x08, 0x82, 0x08, 0x61,
    0x08, 0x61, 0x08, 0x41, 0x08, 0x41, 0x08, 0x41, 0x08, 0x82, 0x10, 0x82, 0x10, 0x82, 0x10, 0x82,
    0x08, 0x82, 0x08, 0x61, 0x08, 0x82, 0x08, 0x61, 0x08, 0x41, 0x08, 0x41, 0x08, 0x41, 0x08, 0x41,
    0x08, 0x62, 0x08, 0x82, 0x10, 0x82, 0x08, 0x82, 0x08, 0x62, 0x08, 0x61, 0x08, 0x62, 0x08, 0x61,
    0x08, 0x41, 0x08, 0x41, 0x08, 0x41, 0x08, 0x41, 0x08, 0x61, 0x08, 0x62, 0x08, 0x82, 0x08, 0x62,
    0x08, 0x61, 0x08, 0x61, 0x08, 0x61, 0x08, 0x41, 0x08, 0x41, 0x08, 0x41, 0x00, 0x41, 0x00, 0x41,
    0x08, 0x61, 0x08, 0x61, 0x08, 0x62, 0x08, 0x61, 0x08, 0x61, 0x08, 0x41, 0x08, 0x61, 0x08, 0x41,
    0x08, 0x41, 0x00, 0x21, 0x00, 0x20, 0x00, 0x21, 0x08, 0x41, 0x08, 0x61, 0x08, 0x61, 0x08, 0x61,
    0x08, 0x41, 0x08, 0x41, 0x08, 0x41, 0x08, 0x41, 0x00, 0x21, 0x00, 0x20, 0x00, 0x20, 0x00, 0x20,
    0x08, 0x41, 0x08, 0x41, 0x08, 0x41, 0x08, 0x41, 0x08, 0x41, 0x00, 0x21, 0x08, 0x41, 0x00, 0x21,
    0x00, 0x20, 0x00, 0x20, 0x00, 0x20, 0x00, 0x20, 0x00, 0x41, 0x08, 0x41, 0x08, 0x41, 0x00, 0x41,
    0x00, 0x21, 0x00, 0x20, 0x00, 0x00, 0x00, 0x00, 0x00, 0x00, 0x00, 0x00, 0x00, 0x00, 0x00, 0x00,
    0x00, 0x00, 0x00, 0x00, 0x00, 0x00, 0x00, 0x00, 0x00, 0x00, 0x00, 0x20, 0x00, 0x20, 0x00, 0x20,
    0x00, 0x20, 0x00, 0x20, 0x00, 0x20, 0x00, 0x20, 0x00, 0x20, 0x00, 0x41, 0x08, 0x41, 0x08, 0x41,
    0x08, 0x41, 0x08, 0x41, 0x00, 0x41, 0x00, 0x20, 0x00, 0x20, 0x00, 0x20, 0x00, 0x20, 0x00, 0x21,
    0x08, 0x41, 0x08, 0x41, 0x08, 0x41, 0x08, 0x61, 0x08, 0x41, 0x08, 0x41, 0x08, 0x41, 0x00, 0x41,
    0x00, 0x20, 0x00, 0x20, 0x00, 0x21, 0x08, 0x41, 0x08, 0x41, 0x08, 0x61, 0x08, 0x61, 0x08, 0x61,
    0x08, 0x61, 0x08, 0x61, 0x08, 0x41, 0x08, 0x41, 0x00, 0x41, 0x00, 0x21, 0x00, 0x41, 0x08, 0x41,
    0x08, 0x41, 0x08, 0x61, 0x08, 0x62, 0x08, 0x62, 0x08, 0x62, 0x08, 0x61, 0x08, 0x61, 0x08, 0x41,
    0x08, 0x41, 0x08, 0x41, 0x08, 0x41, 0x08, 0x41, 0x08, 0x61, 0x08, 0x62, 0x08, 0x82, 0x08, 0x82,
    0x08, 0x82, 0x08, 0x62, 0x08, 0x61, 0x08, 0x41, 0x08, 0x41, 0x08, 0x41, 0x08, 0x41, 0x08, 0x41,
    0x08, 0x61, 0x08, 0x62, 0x10, 0x82, 0x10, 0x82, 0x10, 0x82, 0x08, 0x82, 0x08, 0x61, 0x08, 0x41,
    0x08, 0x41, 0x08, 0x41, 0x08, 0x41, 0x08, 0x41, 0x08, 0x61, 0x08, 0x82, 0x10, 0x82, 0x10, 0x82,
    0x10, 0x82, 0x08, 0x82, 0x08, 0x61, 0x08, 0x61, 0x08, 0x41, 0x08, 0x41, 0x08, 0x41, 0x08, 0x61,
    0x08, 0x62, 0x10, 0x82, 0x10, 0x82, 0x10, 0x82, 0x10, 0x82, 0x10, 0x82, 0x08, 0x62, 0x08, 0x61,
    0x08, 0x41, 0x08, 0x41, 0x08, 0x41, 0x08, 0x61, 0x08, 0x62, 0x10, 0x82, 0x10, 0x82, 0x10, 0x82,
    0x10, 0x82, 0x10, 0x82, 0x08, 0x62, 0x08, 0x61, 0x08, 0x41, 0x08, 0x41, 0x08, 0x41, 0x08, 0x61,
    0x08, 0x62, 0x10, 0x82, 0x10, 0x82, 0x10, 0x82, 0x10, 0x82, 0x10, 0x82, 0x08, 0x62, 0x08, 0x61,
    0x08, 0x41, 0x08, 0x41, 0x08, 0x41, 0x08, 0x61, 0x08, 0x62, 0x10, 0x82, 0x10, 0x82, 0x10, 0x82,
    0x10, 0x82, 0x10, 0x82, 0x08, 0x62, 0x08, 0x61, 0x08, 0x41, 0x08, 0x41, 0x08, 0x41, 0x08, 0x61,
    0x08, 0x62, 0x08, 0x82, 0x10, 0x82, 0x10, 0x82, 0x10, 0x82, 0x08, 0x82, 0x08, 0x61, 0x08, 0x61,
    0x08, 0x41, 0x08, 0x41, 0x08, 0x41, 0x08, 0x61, 0x08, 0x61, 0x08, 0x82, 0x10, 0x82, 0x10, 0x82,
    0x10, 0x82, 0x08, 0x82, 0x08, 0x61, 0x08, 0x41, 0x08, 0x41, 0x08, 0x41, 0x08, 0x41, 0x08, 0x41,
    0x08, 0x61, 0x08, 0x62, 0x08, 0x82, 0x10, 0x82, 0x08, 0x82, 0x08, 0x62, 0x08, 0x61, 0x08, 0x41,
    0x08, 0x41, 0x08, 0x41, 0x08, 0x41, 0x08, 0x41, 0x08, 0x61, 0x08, 0x61, 0x08, 0x62, 0x08, 0x82,
    0x08, 0x62, 0x08, 0x61, 0x08, 0x61, 0x08, 0x41, 0x08, 0x41, 0x00, 0x41, 0x08, 0x41, 0x08, 0x41,
    0x08, 0x41, 0x08, 0x61, 0x08, 0x61, 0x08, 0x62, 0x08, 0x61, 0x08, 0x61, 0x08, 0x41, 0x08, 0x41,
    0x00, 0x21, 0x00, 0x20, 0x00, 0x21, 0x08, 0x41, 0x08, 0x41, 0x08, 0x41, 0x08, 0x61, 0x08, 0x61,
    0x08, 0x61, 0x08, 0x41, 0x08, 0x41, 0x00, 0x21, 0x00, 0x20, 0x00, 0x20, 0x00, 0x20, 0x00, 0x21,
    0x08, 0x41, 0x08, 0x41, 0x08, 0x41, 0x08, 0x41, 0x08, 0x41, 0x08, 0x41, 0x00, 0x21, 0x00, 0x20,
    0x00, 0x20, 0x00, 0x20, 0x00, 0x20, 0x00, 0x20, 0x00, 0x20, 0x00, 0x21, 0x08, 0x41, 0x08, 0x41,
    0x00, 0x41, 0x00, 0x20, 0x00, 0x20, 0x00, 0x00, 0x00, 0x00, 0x00, 0x00, 0x00, 0x00, 0x00, 0x00,
    0x00, 0x00, 0x00, 0x00, 0x00, 0x00, 0x00, 0x00, 0x00, 0x00, 0x00, 0x20, 0x00, 0x21, 0x00, 0x20,
    0x00, 0x20, 0x00, 0x20, 0x00, 0x20, 0x00, 0x20, 0x00, 0x41, 0x08, 0x41, 0x08, 0x41, 0x08, 0x41,
    0x08, 0x41, 0x00, 0x21, 0x08, 0x41, 0x00, 0x41, 0x00, 0x20, 0x00, 0x20, 0x00, 0x20, 0x00, 0x20,
    0x08, 0x41, 0x08, 0x41, 0x08, 0x61, 0x08, 0x41, 0x08, 0x41, 0x08, 0x41, 0x08, 0x41, 0x08, 0x41,
    0x00, 0x41, 0x00, 0x21, 0x00, 0x20, 0x00, 0x21, 0x08, 0x41, 0x08, 0x61, 0x08, 0x61, 0x08, 0x61,
    0x08, 0x61, 0x08, 0x41, 0x08, 0x61, 0x08, 0x41, 0x08, 0x41, 0x00, 0x41, 0x00, 0x21, 0x00, 0x41,
    0x08, 0x61, 0x08, 0x62, 0x08, 0x62, 0x08, 0x62, 0x08, 0x61, 0x08, 0x61, 0x08, 0x61, 0x08, 0x61,
    0x08, 0x41, 0x08, 0x41, 0x08, 0x41, 0x08, 0x41, 0x08, 0x62, 0x08, 0x82, 0x08, 0x82, 0x08, 0x82,
    0x08, 0x62, 0x08, 0x61, 0x08, 0x62, 0x08, 0x61, 0x08, 0x41, 0x08, 0x41, 0x08, 0x41, 0x08, 0x41,
    0x08, 0x62, 0x10, 0x82, 0x10, 0x82, 0x10, 0x82, 0x08, 0x82, 0x08, 0x61, 0x08, 0x82, 0x08, 0x61,
    0x08, 0x41, 0x08, 0x41, 0x08, 0x41, 0x08, 0x41, 0x08, 0x82, 0x10, 0x82, 0x10, 0x82, 0x10, 0x82,
    0x08, 0x82, 0x08, 0x61, 0x08, 0x82, 0x08, 0x62, 0x08, 0x61, 0x08, 0x41, 0x08, 0x41, 0x08, 0x41,
    0x10, 0x82, 0x10, 0x82, 0x10, 0x82, 0x10, 0x82, 0x10, 0x82, 0x08, 0x62, 0x10, 0x82, 0x08, 0x62,
    0x08, 0x61, 0x08, 0x41, 0x08, 0x41, 0x08, 0x41, 0x10, 0x82, 0x10, 0x82, 0x10, 0x82, 0x10, 0x82,
    0x10, 0x82, 0x08, 0x62, 0x10, 0x82, 0x08, 0x62, 0x08, 0x61, 0x08, 0x41, 0x08, 0x41, 0x08, 0x41,
    0x10, 0x82, 0x10, 0x82, 0x10, 0x82, 0x10, 0x82, 0x10, 0x82, 0x08, 0x62, 0x10, 0x82, 0x08, 0x62,
    0x08, 0x61, 0x08, 0x41, 0x08, 0x41, 0x08, 0x41, 0x10, 0x82, 0x10, 0x82, 0x10, 0x82, 0x10, 0x82,
    0x10, 0x82, 0x08, 0x62, 0x10, 0x82, 0x08, 0x62, 0x08, 0x61, 0x08, 0x41, 0x08, 0x41, 0x08, 0x41,
    0x10, 0x82, 0x10, 0x82, 0x10, 0x82, 0x10, 0x82, 0x08, 0x82, 0x08, 0x62, 0x08, 0x82, 0x08, 0x61,
    0x08, 0x61, 0x08, 0x41, 0x08, 0x41, 0x08, 0x41, 0x08, 0x82, 0x10, 0x82, 0x10, 0x82, 0x10, 0x82,
    0x08, 0x82, 0x08, 0x61, 0x08, 0x82, 0x08, 0x61, 0x08, 0x41, 0x08, 0x41, 0x08, 0x41, 0x08, 0x41,
    0x08, 0x62, 0x10, 0x82, 0x10, 0x82, 0x08, 0x82, 0x08, 0x62, 0x08, 0x61, 0x08, 0x62, 0x08, 0x61,
    0x08, 0x41, 0x08, 0x41, 0x08, 0x41, 0x08, 0x41, 0x08, 0x62, 0x08, 0x62, 0x08, 0x82, 0x08, 0x62,
    0x08, 0x61, 0x08, 0x61, 0x08, 0x61, 0x08, 0x61, 0x08, 0x41, 0x08, 0x41, 0x00, 0x41, 0x00, 0x41,
    0x08, 0x61, 0x08, 0x62, 0x08, 0x62, 0x08, 0x61, 0x08, 0x61, 0x08, 0x41, 0x08, 0x61, 0x08, 0x41,
    0x08, 0x41, 0x00, 0x21, 0x00, 0x20, 0x00, 0x21, 0x08, 0x41, 0x08, 0x61, 0x08, 0x61, 0x08, 0x61,
    0x08, 0x41, 0x08, 0x41, 0x08, 0x41, 0x08, 0x41, 0x00, 0x21, 0x00, 0x20, 0x00, 0x20, 0x00, 0x20,
    0x08, 0x41, 0x08, 0x41, 0x08, 0x41, 0x08, 0x41, 0x08, 0x41, 0x00, 0x41, 0x08, 0x41, 0x00, 0x21,
    0x00, 0x20, 0x00, 0x20, 0x00, 0x20, 0x00, 0x20, 0x00, 0x41, 0x08, 0x41, 0x08, 0x41, 0x00, 0x41,
    0x00, 0x21, 0x00, 0x20, 0x00, 0x20, 0x00, 0x00, 0x00, 0x00, 0x00, 0x00, 0x00, 0x00, 0x00, 0x00,
    0x00, 0x00, 0x00, 0x00, 0x00, 0x00, 0x00, 0x00, 0x00, 0x00, 0x00, 0x20, 0x00, 0x41, 0x00, 0x21,
    0x00, 0x20, 0x00, 0x20, 0x00, 0x20, 0x00, 0x20, 0x08, 0x41, 0x08, 0x41, 0x08, 0x41, 0x08, 0x41,
    0x00, 0x21, 0x00, 0x20, 0x08, 0x41, 0x08, 0x41, 0x00, 0x41, 0x00, 0x20, 0x00, 0x20, 0x00, 0x20,
    0x08, 0x41, 0x08, 0x41, 0x08, 0x41, 0x08, 0x41, 0x08, 0x41, 0x00, 0x41, 0x08, 0x61, 0x08, 0x41,
    0x08, 0x41, 0x00, 0x41, 0x00, 0x21, 0x00, 0x20, 0x08, 0x61, 0x08, 0x61, 0x08, 0x61, 0x08, 0x61,
    0x08, 0x41, 0x08, 0x41, 0x08, 0x61, 0x08, 0x61, 0x08, 0x41, 0x08, 0x41, 0x00, 0x41, 0x00, 0x21,
    0x08, 0x62, 0x08, 0x62, 0x08, 0x62, 0x08, 0x61, 0x08, 0x61, 0x08, 0x41, 0x08, 0x62, 0x08, 0x61,
    0x08, 0x61, 0x08, 0x41, 0x08, 0x41, 0x08, 0x41, 0x08, 0x82, 0x08, 0x82, 0x08, 0x82, 0x08, 0x62,
    0x08, 0x61, 0x08, 0x41, 0x08, 0x82, 0x08, 0x62, 0x08, 0x61, 0x08, 0x41, 0x08, 0x41, 0x08, 0x41,
    0x10, 0x82, 0x10, 0x82, 0x10, 0x82, 0x08, 0x82, 0x08, 0x61, 0x08, 0x41, 0x10, 0x82, 0x08, 0x82,
    0x08, 0x61, 0x08, 0x41, 0x08, 0x41, 0x08, 0x41, 0x10, 0x82, 0x10, 0x82, 0x10, 0x82, 0x08, 0x82,
    0x08, 0x61, 0x08, 0x61, 0x10, 0x82, 0x08, 0x82, 0x08, 0x62, 0x08, 0x61, 0x08, 0x41, 0x08, 0x41,
    0x10, 0x82, 0x10, 0x82, 0x10, 0x82, 0x10, 0x82, 0x08, 0x62, 0x08, 0x61, 0x10, 0x82, 0x10, 0x82,
    0x08, 0x62, 0x08, 0x61, 0x08, 0x41, 0x08, 0x41, 0x10, 0x82, 0x10, 0x82, 0x10, 0x82, 0x10, 0x82,
    0x08, 0x62, 0x08, 0x61, 0x10, 0x82, 0x10, 0x82, 0x08, 0x62, 0x08, 0x61, 0x08, 0x41, 0x08, 0x41,
    0x10, 0x82, 0x10, 0x82, 0x10, 0x82, 0x10, 0x82, 0x08, 0x62, 0x08, 0x61, 0x10, 0x82, 0x10, 0x82,
    0x08, 0x62, 0x08, 0x61, 0x08, 0x41, 0x08, 0x41, 0x10, 0x82, 0x10, 0x82, 0x10, 0x82, 0x10, 0x82,
    0x08, 0x62, 0x08, 0x61, 0x10, 0x82, 0x10, 0x82, 0x08, 0x62, 0x08, 0x61, 0x08, 0x41, 0x08, 0x41,
    0x10, 0x82, 0x10, 0x82, 0x10, 0x82, 0x08, 0x82, 0x08, 0x62, 0x08, 0x61, 0x10, 0x82, 0x08, 0x82,
    0x08, 0x61, 0x08, 0x61, 0x08, 0x41, 0x08, 0x41, 0x10, 0x82, 0x10, 0x82, 0x10, 0x82, 0x08, 0x82,
    0x08, 0x61, 0x08, 0x41, 0x10, 0x82, 0x08, 0x82, 0x08, 0x61, 0x08, 0x41, 0x08, 0x41, 0x08, 0x41,
    0x10, 0x82, 0x10, 0x82, 0x10, 0x82, 0x08, 0x62, 0x08, 0x61, 0x08, 0x41, 0x08, 0x82, 0x08, 0x62,
    0x08, 0x61, 0x08, 0x41, 0x08, 0x41, 0x08, 0x41, 0x08, 0x82, 0x08, 0x82, 0x08, 0x62, 0x08, 0x61,
    0x08, 0x61, 0x08, 0x41, 0x08, 0x62, 0x08, 0x61, 0x08, 0x41, 0x08, 0x41, 0x08, 0x41, 0x00, 0x41,
    0x08, 0x62, 0x08, 0x62, 0x08, 0x61, 0x08, 0x61, 0x08, 0x41, 0x08, 0x41, 0x08, 0x61, 0x08, 0x61,
    0x08, 0x41, 0x08, 0x41, 0x00, 0x21, 0x00, 0x20, 0x08, 0x61, 0x08, 0x61, 0x08, 0x61, 0x08, 0x41,
    0x08, 0x41, 0x00, 0x41, 0x08, 0x61, 0x08, 0x41, 0x08, 0x41, 0x00, 0x21, 0x00, 0x20, 0x00, 0x20,
    0x08, 0x41, 0x08, 0x41, 0x08, 0x41, 0x08, 0x41, 0x00, 0x41, 0x00, 0x20, 0x08, 0x41, 0x08, 0x41,
    0x00, 0x21, 0x00, 0x20, 0x00, 0x20, 0x00, 0x20, 0x08, 0x41, 0x08, 0x41, 0x08, 0x41, 0x00, 0x21,
    0x00, 0x20, 0x00, 0x20, 0x00, 0x21, 0x00, 0x00, 0x00, 0x00, 0x00, 0x00, 0x00, 0x00, 0x00, 0x00,
    0x00, 0x00, 0x00, 0x00, 0x00, 0x00, 0x00, 0x00, 0x00, 0x20, 0x00, 0x20, 0x00, 0x41, 0x00, 0x41,
    0x00, 0x21, 0x00, 0x20, 0x00, 0x20, 0x00, 0x20, 0x08, 0x41, 0x08, 0x41, 0x08, 0x41, 0x00, 0x21,
    0x00, 0x20, 0x00, 0x20, 0x08, 0x41, 0x08, 0x41, 0x08, 0x41, 0x08, 0x41, 0x00, 0x21, 0x00, 0x20,
    0x08, 0x41, 0x08, 0x41, 0x08, 0x41, 0x08, 0x41, 0x00, 0x41, 0x00, 0x20, 0x08, 0x61, 0x08, 0x61,
    0x08, 0x41, 0x08, 0x41, 0x08, 0x41, 0x00, 0x21, 0x08, 0x61, 0x08, 0x61, 0x08, 0x61, 0x08, 0x41,
    0x08, 0x41, 0x00, 0x41, 0x08, 0x62, 0x08, 0x61, 0x08, 0x61, 0x08, 0x41, 0x08, 0x41, 0x00, 0x41,
    0x08, 0x62, 0x08, 0x62, 0x08, 0x61, 0x08, 0x61, 0x08, 0x41, 0x08, 0x41, 0x08, 0x82, 0x08, 0x62,
    0x08, 0x61, 0x08, 0x61, 0x08, 0x41, 0x08, 0x41, 0x08, 0x82, 0x08, 0x82, 0x08, 0x62, 0x08, 0x61,
    0x08, 0x41, 0x08, 0x41, 0x10, 0x82, 0x08, 0x82, 0x08, 0x62, 0x08, 0x61, 0x08, 0x41, 0x08, 0x41,
    0x10, 0x82, 0x10, 0x82, 0x08, 0x82, 0x08, 0x61, 0x08, 0x41, 0x08, 0x41, 0x10, 0x82, 0x10, 0x82,
    0x08, 0x82, 0x08, 0x61, 0x08, 0x61, 0x08, 0x41, 0x10, 0x82, 0x10, 0x82, 0x08, 0x82, 0x08, 0x61,
    0x08, 0x61, 0x08, 0x41, 0x10, 0x82, 0x10, 0x82, 0x10, 0x82, 0x08, 0x62, 0x08, 0x61, 0x08, 0x41,
    0x10, 0x82, 0x10, 0x82, 0x10, 0x82, 0x08, 0x62, 0x08, 0x61, 0x08, 0x41, 0x10, 0x82, 0x10, 0x82,
    0x10, 0x82, 0x08, 0x62, 0x08, 0x61, 0x08, 0x41, 0x10, 0x82, 0x10, 0x82, 0x10, 0x82, 0x08, 0x62,
    0x08, 0x61, 0x08, 0x41, 0x10, 0xA2, 0x10, 0x82, 0x10, 0x82, 0x08, 0x62, 0x08, 0x61, 0x08, 0x41,
    0x10, 0xA2, 0x10, 0x82, 0x10, 0x82, 0x08, 0x62, 0x08, 0x61, 0x08, 0x41, 0x10, 0xA2, 0x10, 0x82,
    0x10, 0x82, 0x08, 0x62, 0x08, 0x61, 0x08, 0x41, 0x10, 0x82, 0x10, 0x82, 0x10, 0x82, 0x08, 0x62,
    0x08, 0x61, 0x08, 0x41, 0x10, 0x82, 0x10, 0x82, 0x10, 0x82, 0x08, 0x62, 0x08, 0x61, 0x08, 0x41,
    0x10, 0x82, 0x10, 0x82, 0x10, 0x82, 0x08, 0x62, 0x08, 0x61, 0x08, 0x41, 0x10, 0x82, 0x10, 0x82,
    0x08, 0x82, 0x08, 0x61, 0x08, 0x61, 0x08, 0x41, 0x10, 0x82, 0x10, 0x82, 0x08, 0x82, 0x08, 0x61,
    0x08, 0x41, 0x08, 0x41, 0x10, 0x82, 0x10, 0x82, 0x08, 0x82, 0x08, 0x61, 0x08, 0x41, 0x08, 0x41,
    0x10, 0x82, 0x10, 0x82, 0x08, 0x62, 0x08, 0x61, 0x08, 0x41, 0x08, 0x41, 0x10, 0x82, 0x08, 0x82,
    0x08, 0x62, 0x08, 0x61, 0x08, 0x41, 0x08, 0x41, 0x08, 0x82, 0x08, 0x82, 0x08, 0x62, 0x08, 0x61,
    0x08, 0x41, 0x08, 0x41, 0x08, 0x82, 0x08, 0x62, 0x08, 0x61, 0x08, 0x41, 0x08, 0x41, 0x08, 0x41,
    0x08, 0x62, 0x08, 0x62, 0x08, 0x61, 0x08, 0x41, 0x08, 0x41, 0x00, 0x41, 0x08, 0x61, 0x08, 0x61,
    0x08, 0x61, 0x08, 0x41, 0x08, 0x41, 0x00, 0x21, 0x08, 0x61, 0x08, 0x61, 0x08, 0x41, 0x08, 0x41,
    0x00, 0x41, 0x00, 0x20, 0x08, 0x61, 0x08, 0x61, 0x08, 0x41, 0x08, 0x41, 0x00, 0x21, 0x00, 0x20,
    0x08, 0x41, 0x08, 0x41, 0x08, 0x41, 0x00, 0x41, 0x00, 0x20, 0x00, 0x20, 0x08, 0x41, 0x08, 0x41,
    0x08, 0x41, 0x00, 0x21, 0x00, 0x20, 0x00, 0x20, 0x08, 0x41, 0x08, 0x41, 0x00, 0x21, 0x00, 0x20,
    0x00, 0x20, 0x00, 0x20, 0x00, 0x41, 0x00, 0x21, 0x00, 0x00, 0x00, 0x00, 0x00, 0x00, 0x00, 0x00,
    0x00, 0x00, 0x00, 0x00, 0x00, 0x00, 0x00, 0x00, 0x00, 0x20, 0x00, 0x20, 0x00, 0x41, 0x08, 0x41,
    0x08, 0x41, 0x00, 0x21, 0x00, 0x20, 0x00, 0x20, 0x08, 0x41, 0x08, 0x41, 0x00, 0x21, 0x00, 0x20,
    0x00, 0x20, 0x00, 0x20, 0x08, 0x41, 0x08, 0x41, 0x08, 0x41, 0x08, 0x41, 0x08, 0x41, 0x00, 0x21,
    0x08, 0x41, 0x08, 0x41, 0x08, 0x41, 0x00, 0x21, 0x00, 0x20, 0x00, 0x20, 0x08, 0x61, 0x08, 0x61,
    0x08, 0x61, 0x08, 0x41, 0x08, 0x41, 0x08, 0x41, 0x08, 0x61, 0x08, 0x61, 0x08, 0x41, 0x08, 0x41,
    0x00, 0x21, 0x00, 0x21, 0x08, 0x61, 0x08, 0x62, 0x08, 0x61, 0x08, 0x61, 0x08, 0x41, 0x08, 0x41,
    0x08, 0x62, 0x08, 0x61, 0x08, 0x41, 0x08, 0x41, 0x08, 0x41, 0x00, 0x41, 0x08, 0x62, 0x08, 0x82,
    0x08, 0x62, 0x08, 0x62, 0x08, 0x61, 0x08, 0x41, 0x08, 0x82, 0x08, 0x62, 0x08, 0x61, 0x08, 0x41,
    0x08, 0x41, 0x08, 0x41, 0x08, 0x82, 0x10, 0x82, 0x10, 0x82, 0x08, 0x62, 0x08, 0x61, 0x08, 0x41,
    0x10, 0x82, 0x08, 0x62, 0x08, 0x61, 0x08, 0x41, 0x08, 0x41, 0x08, 0x41, 0x10, 0x82, 0x10, 0x82,
    0x10, 0x82, 0x08, 0x82, 0x08, 0x61, 0x08, 0x61, 0x10, 0x82, 0x08, 0x82, 0x08, 0x61, 0x08, 0x61,
    0x08, 0x41, 0x08, 0x41, 0x10, 0x82, 0x10, 0x82, 0x10, 0x82, 0x10, 0x82, 0x08, 0x62, 0x08, 0x61,
    0x10, 0x82, 0x10, 0x82, 0x08, 0x62, 0x08, 0x61, 0x08, 0x41, 0x08, 0x41, 0x10, 0x82, 0x10, 0x82,
    0x10, 0x82, 0x10, 0x82, 0x08, 0x62, 0x08, 0x61, 0x10, 0x82, 0x10, 0x82, 0x08, 0x62, 0x08, 0x61,
    0x08, 0x41, 0x08, 0x41, 0x10, 0x82, 0x10, 0xA2, 0x10, 0x82, 0x10, 0x82, 0x08, 0x62, 0x08, 0x61,
    0x10, 0x82, 0x10, 0x82, 0x08, 0x62, 0x08, 0x61, 0x08, 0x41, 0x08, 0x41, 0x10, 0x82, 0x10, 0xA2,
    0x10, 0x82, 0x10, 0x82, 0x08, 0x62, 0x08, 0x61, 0x10, 0x82, 0x10, 0x82, 0x08, 0x62, 0x08, 0x61,
    0x08, 0x41, 0x08, 0x41, 0x10, 0x82, 0x10, 0x82, 0x10, 0x82, 0x10, 0x82, 0x08, 0x62, 0x08, 0x61,
    0x10, 0x82, 0x10, 0x82, 0x08, 0x62, 0x08, 0x61, 0x08, 0x41, 0x08, 0x41, 0x10, 0x82, 0x10, 0x82,
    0x10, 0x82, 0x08, 0x82, 0x08, 0x61, 0x08, 0x61, 0x10, 0x82, 0x08, 0x82, 0x08, 0x61, 0x08, 0x61,
    0x08, 0x41, 0x08, 0x41, 0x10, 0x82, 0x10, 0x82, 0x10, 0x82, 0x08, 0x82, 0x08, 0x61, 0x08, 0x41,
    0x10, 0x82, 0x08, 0x62, 0x08, 0x61, 0x08, 0x41, 0x08, 0x41, 0x08, 0x41, 0x08, 0x82, 0x10, 0x82,
    0x08, 0x82, 0x08, 0x62, 0x08, 0x61, 0x08, 0x41, 0x08, 0x82, 0x08, 0x62, 0x08, 0x61, 0x08, 0x41,
    0x08, 0x41, 0x00, 0x41, 0x08, 0x62, 0x08, 0x62, 0x08, 0x62, 0x08, 0x61, 0x08, 0x41, 0x08, 0x41,
    0x08, 0x62, 0x08, 0x61, 0x08, 0x41, 0x08, 0x41, 0x00, 0x41, 0x00, 0x21, 0x08, 0x61, 0x08, 0x61,
    0x08, 0x61, 0x08, 0x61, 0x08, 0x41, 0x08, 0x41, 0x08, 0x61, 0x08, 0x41, 0x08, 0x41, 0x00, 0x41,
    0x00, 0x20, 0x00, 0x20, 0x08, 0x61, 0x08, 0x61, 0x08, 0x41, 0x08, 0x41, 0x08, 0x41, 0x00, 0x21,
    0x08, 0x41, 0x08, 0x41, 0x08, 0x41, 0x00, 0x20, 0x00, 0x20, 0x00, 0x20, 0x08, 0x41, 0x08, 0x41,
    0x08, 0x41, 0x08, 0x41, 0x00, 0x21, 0x00, 0x20, 0x08, 0x41, 0x00, 0x41, 0x00, 0x20, 0x00, 0x20,
    0x00, 0x20, 0x00, 0x20, 0x00, 0x21, 0x00, 0x41, 0x00, 0x00, 0x00, 0x00, 0x00, 0x00, 0x00, 0x00,
    0x00, 0x00, 0x00, 0x00, 0x00, 0x00, 0x00, 0x00, 0x00, 0x20, 0x00, 0x20, 0x00, 0x21, 0x00, 0x41,
    0x08, 0x41, 0x08, 0x41, 0x00, 0x41, 0x00, 0x20, 0x08, 0x41, 0x00, 0x21, 0x00, 0x20, 0x00, 0x20,
    0x00, 0x20, 0x00, 0x20, 0x08, 0x41, 0x08, 0x41, 0x08, 0x41, 0x08, 0x41, 0x08, 0x41, 0x08, 0x41,
    0x08, 0x41, 0x08, 0x41, 0x00, 0x21, 0x00, 0x20, 0x00, 0x20, 0x00, 0x20, 0x08, 0x41, 0x08, 0x61,
    0x08, 0x61, 0x08, 0x61, 0x08, 0x41, 0x08, 0x41, 0x08, 0x61, 0x08, 0x41, 0x08, 0x41, 0x00, 0x21,
    0x00, 0x21, 0x00, 0x41, 0x08, 0x61, 0x08, 0x61, 0x08, 0x62, 0x08, 0x62, 0x08, 0x61, 0x08, 0x41,
    0x08, 0x61, 0x08, 0x41, 0x08, 0x41, 0x08, 0x41, 0x00, 0x41, 0x08, 0x41, 0x08, 0x61, 0x08, 0x62,
    0x08, 0x82, 0x08, 0x82, 0x08, 0x62, 0x08, 0x61, 0x08, 0x62, 0x08, 0x61, 0x08, 0x41, 0x08, 0x41,
    0x08, 0x41, 0x08, 0x41, 0x08, 0x62, 0x10, 0x82, 0x10, 0x82, 0x10, 0x82, 0x08, 0x62, 0x08, 0x61,
    0x08, 0x62, 0x08, 0x61, 0x08, 0x41, 0x08, 0x41, 0x08, 0x41, 0x08, 0x41, 0x08, 0x82, 0x10, 0x82,
    0x10, 0x82, 0x10, 0x82, 0x08, 0x82, 0x08, 0x61, 0x08, 0x82, 0x08, 0x61, 0x08, 0x61, 0x08, 0x41,
    0x08, 0x41, 0x08, 0x41, 0x10, 0x82, 0x10, 0x82, 0x10, 0x82, 0x10, 0x82, 0x10, 0x82, 0x08, 0x62,
    0x10, 0x82, 0x08, 0x62, 0x08, 0x61, 0x08, 0x41, 0x08, 0x41, 0x08, 0x41, 0x10, 0x82, 0x10, 0x82,
    0x10, 0x82, 0x10, 0x82, 0x10, 0x82, 0x08, 0x62, 0x10, 0x82, 0x08, 0x62, 0x08, 0x61, 0x08, 0x41,
    0x08, 0x41, 0x08, 0x41, 0x10, 0x82, 0x10, 0x82, 0x10, 0xA2, 0x10, 0x82, 0x10, 0x82, 0x08, 0x62,
    0x10, 0x82, 0x08, 0x62, 0x08, 0x61, 0x08, 0x41, 0x08, 0x41, 0x08, 0x41, 0x10, 0x82, 0x10, 0x82,
    0x10, 0xA2, 0x10, 0x82, 0x10, 0x82, 0x08, 0x62, 0x10, 0x82, 0x08, 0x62, 0x08, 0x61, 0x08, 0x41,
    0x08, 0x41, 0x08, 0x41, 0x10, 0x82, 0x10, 0x82, 0x10, 0x82, 0x10, 0x82, 0x10, 0x82, 0x08, 0x62,
    0x10, 0x82, 0x08, 0x62, 0x08, 0x61, 0x08, 0x41, 0x08, 0x41, 0x08, 0x41, 0x08, 0x82, 0x10, 0x82,
    0x10, 0x82, 0x10, 0x82, 0x08, 0x82, 0x08, 0x61, 0x08, 0x82, 0x08, 0x61, 0x08, 0x61, 0x08, 0x41,
    0x08, 0x41, 0x08, 0x41, 0x08, 0x82, 0x10, 0x82, 0x10, 0x82, 0x10, 0x82, 0x08, 0x82, 0x08, 0x61,
    0x08, 0x62, 0x08, 0x61, 0x08, 0x41, 0x08, 0x41, 0x08, 0x41, 0x08, 0x41, 0x08, 0x62, 0x08, 0x82,
    0x10, 0x82, 0x08, 0x82, 0x08, 0x62, 0x08, 0x61, 0x08, 0x62, 0x08, 0x61, 0x08, 0x41, 0x08, 0x41,
    0x08, 0x41, 0x08, 0x41, 0x08, 0x61, 0x08, 0x62, 0x08, 0x62, 0x08, 0x62, 0x08, 0x61, 0x08, 0x41,
    0x08, 0x61, 0x08, 0x41, 0x08, 0x41, 0x00, 0x41, 0x00, 0x21, 0x00, 0x41, 0x08, 0x61, 0x08, 0x61,
    0x08, 0x61, 0x08, 0x61, 0x08, 0x61, 0x08, 0x41, 0x08, 0x61, 0x08, 0x41, 0x08, 0x41, 0x00, 0x21,
    0x00, 0x20, 0x00, 0x20, 0x08, 0x41, 0x08, 0x61, 0x08, 0x61, 0x08, 0x41, 0x08, 0x41, 0x08, 0x41,
    0x08, 0x41, 0x08, 0x41, 0x00, 0x21, 0x00, 0x20, 0x00, 0x20, 0x00, 0x20, 0x08, 0x41, 0x08, 0x41,
    0x08, 0x41, 0x08, 0x41, 0x08, 0x41, 0x00, 0x21, 0x00, 0x41, 0x00, 0x20, 0x00, 0x20, 0x00, 0x20,
    0x00, 0x20, 0x00, 0x20, 0x00, 0x21, 0x00, 0x21, 0x00, 0x00, 0x00, 0x00, 0x00, 0x00, 0x00, 0x00,
    0x00, 0x00, 0x00, 0x00, 0x00, 0x00, 0x00, 0x00, 0x00, 0x20, 0x00, 0x20, 0x00, 0x20, 0x00, 0x21,
    0x08, 0x41, 0x08, 0x41, 0x08, 0x41, 0x00, 0x41, 0x00, 0x21, 0x00, 0x20, 0x00, 0x20, 0x00, 0x20,
    0x00, 0x20, 0x00, 0x20, 0x00, 0x41, 0x08, 0x41, 0x08, 0x41, 0x08, 0x41, 0x08, 0x41, 0x08, 0x41,
    0x08, 0x41, 0x00, 0x21, 0x00, 0x20, 0x00, 0x20, 0x00, 0x20, 0x00, 0x41, 0x08, 0x41, 0x08, 0x41,
    0x08, 0x61, 0x08, 0x61, 0x08, 0x61, 0x08, 0x61, 0x08, 0x41, 0x08, 0x41, 0x00, 0x21, 0x00, 0x21,
    0x00, 0x41, 0x08, 0x41, 0x08, 0x41, 0x08, 0x61, 0x08, 0x62, 0x08, 0x62, 0x08, 0x62, 0x08, 0x61,
    0x08, 0x41, 0x08, 0x41, 0x08, 0x41, 0x00, 0x41, 0x08, 0x41, 0x08, 0x41, 0x08, 0x61, 0x08, 0x61,
    0x08, 0x82, 0x08, 0x82, 0x08, 0x82, 0x08, 0x62, 0x08, 0x61, 0x08, 0x41, 0x08, 0x41, 0x08, 0x41,
    0x08, 0x41, 0x08, 0x41, 0x08, 0x61, 0x08, 0x62, 0x10, 0x82, 0x10, 0x82, 0x10, 0x82, 0x08, 0x62,
    0x08, 0x61, 0x08, 0x41, 0x08, 0x41, 0x08, 0x41, 0x08, 0x41, 0x08, 0x41, 0x08, 0x61, 0x08, 0x82,
    0x10, 0x82, 0x10, 0x82, 0x10, 0x82, 0x08, 0x82, 0x08, 0x61, 0x08, 0x61, 0x08, 0x41, 0x08, 0x41,
    0x08, 0x41, 0x08, 0x61, 0x08, 0x62, 0x10, 0x82, 0x10, 0x82, 0x10, 0x82, 0x10, 0x82, 0x10, 0x82,
    0x08, 0x62, 0x08, 0x61, 0x08, 0x41, 0x08, 0x41, 0x08, 0x41, 0x08, 0x61, 0x08, 0x62, 0x10, 0x82,
    0x10, 0x82, 0x10, 0xA2, 0x10, 0x82, 0x10, 0x82, 0x08, 0x62, 0x08, 0x61, 0x08, 0x41, 0x08, 0x41,
    0x08, 0x41, 0x08, 0x61, 0x08, 0x62, 0x10, 0x82, 0x10, 0x82, 0x10, 0xA2, 0x10, 0x82, 0x10, 0x82,
    0x08, 0x62, 0x08, 0x61, 0x08, 0x41, 0x08, 0x41, 0x08, 0x41, 0x08, 0x61, 0x08, 0x62, 0x10, 0x82,
    0x10, 0x82, 0x10, 0xA2, 0x10, 0x82, 0x10, 0x82, 0x08, 0x62, 0x08, 0x61, 0x08, 0x41, 0x08, 0x41,
    0x08, 0x41, 0x08, 0x61, 0x08, 0x62, 0x10, 0x82, 0x10, 0x82, 0x10, 0x82, 0x10, 0x82, 0x10, 0x82,
    0x08, 0x62, 0x08, 0x61, 0x08, 0x41, 0x08, 0x41, 0x08, 0x41, 0x08, 0x61, 0x08, 0x62, 0x08, 0x82,
    0x10, 0x82, 0x10, 0x82, 0x10, 0x82, 0x08, 0x82, 0x08, 0x61, 0x08, 0x61, 0x08, 0x41, 0x08, 0x41,
    0x08, 0x41, 0x08, 0x41, 0x08, 0x61, 0x08, 0x82, 0x10, 0x82, 0x10, 0x82, 0x10, 0x82, 0x08, 0x82,
    0x08, 0x61, 0x08, 0x41, 0x08, 0x41, 0x08, 0x41, 0x08, 0x41, 0x08, 0x41, 0x08, 0x61, 0x08, 0x62,
    0x08, 0x82, 0x10, 0x82, 0x08, 0x82, 0x08, 0x62, 0x08, 0x61, 0x08, 0x41, 0x08, 0x41, 0x08, 0x41,
    0x08, 0x41, 0x08, 0x41, 0x08, 0x61, 0x08, 0x61, 0x08, 0x62, 0x08, 0x62, 0x08, 0x62, 0x08, 0x61,
    0x08, 0x41, 0x08, 0x41, 0x00, 0x41, 0x00, 0x21, 0x00, 0x41, 0x08, 0x41, 0x08, 0x41, 0x08, 0x61,
    0x08, 0x61, 0x08, 0x61, 0x08, 0x61, 0x08, 0x61, 0x08, 0x41, 0x08, 0x41, 0x00, 0x21, 0x00, 0x20,
    0x00, 0x21, 0x00, 0x41, 0x08, 0x41, 0x08, 0x41, 0x08, 0x61, 0x08, 0x61, 0x08, 0x41, 0x08, 0x41,
    0x08, 0x41, 0x00, 0x21, 0x00, 0x20, 0x00, 0x20, 0x00, 0x20, 0x00, 0x20, 0x00, 0x41, 0x08, 0x41,
    0x08, 0x41, 0x08, 0x41, 0x08, 0x41, 0x08, 0x41, 0x00, 0x21, 0x00, 0x20, 0x00, 0x20, 0x00, 0x20,
    0x00, 0x20, 0x00, 0x20, 0x00, 0x20, 0x00, 0x20, 0x00, 0x00, 0x00, 0x00, 0x00, 0x00, 0x00, 0x00,
    0x00, 0x00, 0x00, 0x00, 0x00, 0x00, 0x00, 0x20, 0x00, 0x20, 0x00, 0x20, 0x00, 0x21, 0x08, 0x41,
    0x08, 0x41, 0x08, 0x41, 0x00, 0x41, 0x00, 0x21, 0x08, 0x41, 0x00, 0x21, 0x00, 0x20, 0x00, 0x20,
    0x00, 0x20, 0x00, 0x20, 0x08, 0x41, 0x08, 0x41, 0x08, 0x41, 0x08, 0x41, 0x08, 0x41, 0x08, 0x41,
    0x08, 0x41, 0x08, 0x41, 0x00, 0x21, 0x00, 0x20, 0x00, 0x20, 0x00, 0x20, 0x08, 0x41, 0x08, 0x61,
    0x08, 0x61, 0x08, 0x61, 0x08, 0x61, 0x08, 0x41, 0x08, 0x61, 0x08, 0x41, 0x08, 0x41, 0x00, 0x41,
    0x00, 0x21, 0x00, 0x41, 0x08, 0x61, 0x08, 0x61, 0x08, 0x62, 0x08, 0x62, 0x08, 0x61, 0x08, 0x41,
    0x08, 0x61, 0x08, 0x61, 0x08, 0x41, 0x08, 0x41, 0x00, 0x41, 0x08, 0x41, 0x08, 0x61, 0x08, 0x62,
    0x08, 0x82, 0x08, 0x82, 0x08, 0x62, 0x08, 0x61, 0x08, 0x62, 0x08, 0x61, 0x08, 0x41, 0x08, 0x41,
    0x08, 0x41, 0x08, 0x41, 0x08, 0x62, 0x10, 0x82, 0x10, 0x82, 0x10, 0x82, 0x08, 0x62, 0x08, 0x61,
    0x08, 0x82, 0x08, 0x61, 0x08, 0x41, 0x08, 0x41, 0x08, 0x41, 0x08, 0x41, 0x08, 0x82, 0x10, 0x82,
    0x10, 0x82, 0x10, 0x82, 0x08, 0x82, 0x08, 0x61, 0x08, 0x82, 0x08, 0x62, 0x08, 0x61, 0x08, 0x41,
    0x08, 0x41, 0x08, 0x41, 0x10, 0x82, 0x10, 0x82, 0x10, 0x82, 0x10, 0x82, 0x10, 0x82, 0x08, 0x62,
    0x10, 0x82, 0x08, 0x62, 0x08, 0x61, 0x08, 0x41, 0x08, 0x41, 0x08, 0x41, 0x10, 0x82, 0x10, 0x82,
    0x10, 0xA2, 0x10, 0x82, 0x10, 0x82, 0x08, 0x62, 0x10, 0x82, 0x08, 0x62, 0x08, 0x61, 0x08, 0x41,
    0x08, 0x41, 0x08, 0x41, 0x10, 0x82, 0x10, 0x82, 0x10, 0xA2, 0x10, 0x82, 0x10, 0x82, 0x08, 0x62,
    0x10, 0x82, 0x08, 0x62, 0x08, 0x61, 0x08, 0x41, 0x08, 0x41, 0x08, 0x41, 0x10, 0x82, 0x10, 0x82,
    0x10, 0xA2, 0x10, 0x82, 0x10, 0x82, 0x08, 0x62, 0x10, 0x82, 0x08, 0x62, 0x08, 0x61, 0x08, 0x41,
    0x08, 0x41, 0x08, 0x41, 0x10, 0x82, 0x10, 0x82, 0x10, 0x82, 0x10, 0x82, 0x10, 0x82, 0x08, 0x62,
    0x10, 0x82, 0x08, 0x62, 0x08, 0x61, 0x08, 0x41, 0x08, 0x41, 0x08, 0x41, 0x10, 0x82, 0x10, 0x82,
    0x10, 0x82, 0x10, 0x82, 0x08, 0x82, 0x08, 0x62, 0x08, 0x82, 0x08, 0x61, 0x08, 0x61, 0x08, 0x41,
    0x08, 0x41, 0x08, 0x41, 0x08, 0x82, 0x10, 0x82, 0x10, 0x82, 0x10, 0x82, 0x08, 0x82, 0x08, 0x61,
    0x08, 0x62, 0x08, 0x61, 0x08, 0x41, 0x08, 0x41, 0x08, 0x41, 0x08, 0x41, 0x08, 0x62, 0x08, 0x82,
    0x10, 0x82, 0x08, 0x82, 0x08, 0x62, 0x08, 0x61, 0x08, 0x62, 0x08, 0x61, 0x08, 0x41, 0x08, 0x41,
    0x08, 0x41, 0x08, 0x41, 0x08, 0x61, 0x08, 0x62, 0x08, 0x82, 0x08, 0x62, 0x08, 0x61, 0x08, 0x41,
    0x08, 0x61, 0x08, 0x41, 0x08, 0x41, 0x00, 0x41, 0x00, 0x21, 0x00, 0x41, 0x08, 0x61, 0x08, 0x61,
    0x08, 0x61, 0x08, 0x61, 0x08, 0x61, 0x08, 0x41, 0x08, 0x61, 0x08, 0x41, 0x08, 0x41, 0x00, 0x21,
    0x00, 0x20, 0x00, 0x20, 0x08, 0x41, 0x08, 0x61, 0x08, 0x61, 0x08, 0x41, 0x08, 0x41, 0x08, 0x41,
    0x08, 0x41, 0x08, 0x41, 0x00, 0x21, 0x00, 0x20, 0x00, 0x20, 0x00, 0x20, 0x08, 0x41, 0x08, 0x41,
    0x08, 0x41, 0x08, 0x41, 0x08, 0x41, 0x00, 0x21, 0x00, 0x41, 0x00, 0x20, 0x00, 0x20, 0x00, 0x20,
    0x00, 0x20, 0x00, 0x20, 0x00, 0x21, 0x00, 0x21, 0x00, 0x21, 0x00, 0x00, 0x00, 0x00, 0x00, 0x00,
    0x00, 0x00, 0x00, 0x00, 0x00, 0x00, 0x00, 0x20, 0x00, 0x20, 0x00, 0x20, 0x00, 0x41, 0x08, 0x41,
    0x08, 0x41, 0x00, 0x41, 0x00, 0x20, 0x00, 0x20, 0x08, 0x41, 0x08, 0x41, 0x00, 0x21, 0x00, 0x20,
    0x00, 0x20, 0x00, 0x20, 0x08, 0x41, 0x08, 0x41, 0x08, 0x41, 0x08, 0x41, 0x08, 0x41, 0x00, 0x21,
    0x08, 0x41, 0x08, 0x41, 0x08, 0x41, 0x00, 0x41, 0x00, 0x20, 0x00, 0x20, 0x08, 0x61, 0x08, 0x61,
    0x08, 0x61, 0x08, 0x41, 0x08, 0x41, 0x08, 0x41, 0x08, 0x61, 0x08, 0x61, 0x08, 0x41, 0x08, 0x41,
    0x00, 0x41, 0x00, 0x21, 0x08, 0x61, 0x08, 0x62, 0x08, 0x62, 0x08, 0x61, 0x08, 0x41, 0x08, 0x41,
    0x08, 0x62, 0x08, 0x61, 0x08, 0x61, 0x08, 0x41, 0x08, 0x41, 0x08, 0x41, 0x08, 0x62, 0x08, 0x82,
    0x08, 0x82, 0x08, 0x62, 0x08, 0x61, 0x08, 0x41, 0x08, 0x82, 0x08, 0x62, 0x08, 0x61, 0x08, 0x41,
    0x08, 0x41, 0x08, 0x41, 0x10, 0x82, 0x10, 0x82, 0x10, 0x82, 0x08, 0x62, 0x08, 0x61, 0x08, 0x41,
    0x10, 0x82, 0x08, 0x82, 0x08, 0x61, 0x08, 0x41, 0x08, 0x41, 0x08, 0x41, 0x10, 0x82, 0x10, 0x82,
    0x10, 0x82, 0x08, 0x82, 0x08, 0x61, 0x08, 0x61, 0x10, 0x82, 0x08, 0x82, 0x08, 0x62, 0x08, 0x61,
    0x08, 0x41, 0x08, 0x41, 0x10, 0x82, 0x10, 0x82, 0x10, 0x82, 0x10, 0x82, 0x08, 0x62, 0x08, 0x61,
    0x10, 0x82, 0x10, 0x82, 0x08, 0x62, 0x08, 0x61, 0x08, 0x41, 0x08, 0x41, 0x10, 0x82, 0x10, 0xA2,
    0x10, 0x82, 0x10, 0x82, 0x08, 0x62, 0x08, 0x61, 0x10, 0x82, 0x10, 0x82, 0x08, 0x62, 0x08, 0x61,
    0x08, 0x41, 0x08, 0x41, 0x10, 0x82, 0x10, 0xA2, 0x10, 0x82, 0x10, 0x82, 0x08, 0x62, 0x08, 0x61,
    0x10, 0x82, 0x10, 0x82, 0x08, 0x62, 0x08, 0x61, 0x08, 0x41, 0x08, 0x41, 0x10, 0x82, 0x10, 0xA2,
    0x10, 0x82, 0x10, 0x82, 0x08, 0x62, 0x08, 0x61, 0x10, 0x82, 0x10, 0x82, 0x08, 0x62, 0x08, 0x61,
    0x08, 0x41, 0x08, 0x41, 0x10, 0x82, 0x10, 0x82, 0x10, 0x82, 0x10, 0x82, 0x08, 0x62, 0x08, 0x61,
    0x10, 0x82, 0x10, 0x82, 0x08, 0x62, 0x08, 0x61, 0x08, 0x41, 0x08, 0x41, 0x10, 0x82, 0x10, 0x82,
    0x10, 0x82, 0x08, 0x82, 0x08, 0x62, 0x08, 0x61, 0x10, 0x82, 0x08, 0x82, 0x08, 0x61, 0x08, 0x61,
    0x08, 0x41, 0x08, 0x41, 0x10, 0x82, 0x10, 0x82, 0x10, 0x82, 0x08, 0x82, 0x08, 0x61, 0x08, 0x41,
    0x10, 0x82, 0x08, 0x62, 0x08, 0x61, 0x08, 0x41, 0x08, 0x41, 0x08, 0x41, 0x10, 0x82, 0x10, 0x82,
    0x08, 0x82, 0x08, 0x62, 0x08, 0x61, 0x08, 0x41, 0x08, 0x82, 0x08, 0x62, 0x08, 0x61, 0x08, 0x41,
    0x08, 0x41, 0x08, 0x41, 0x08, 0x62, 0x08, 0x82, 0x08, 0x62, 0x08, 0x61, 0x08, 0x61, 0x08, 0x41,
    0x08, 0x62, 0x08, 0x61, 0x08, 0x41, 0x08, 0x41, 0x00, 0x41, 0x00, 0x21, 0x08, 0x61, 0x08, 0x62,
    0x08, 0x61, 0x08, 0x61, 0x08, 0x41, 0x08, 0x41, 0x08, 0x61, 0x08, 0x61, 0x08, 0x41, 0x08, 0x41,
    0x00, 0x21, 0x00, 0x20, 0x08, 0x61, 0x08, 0x61, 0x08, 0x61, 0x08, 0x41, 0x08, 0x41, 0x00, 0x21,
    0x08, 0x41, 0x08, 0x41, 0x08, 0x41, 0x00, 0x21, 0x00, 0x20, 0x00, 0x20, 0x08, 0x41, 0x08, 0x41,
    0x08, 0x41, 0x08, 0x41, 0x00, 0x21, 0x00, 0x20, 0x08, 0x41, 0x00, 0x41, 0x00, 0x20, 0x00, 0x20,
    0x00, 0x20, 0x00, 0x20, 0x00, 0x41, 0x00, 0x41, 0x00, 0x21, 0x00, 0x00, 0x00, 0x00, 0x00, 0x00,
    0x00, 0x00, 0x00, 0x00, 0x00, 0x00, 0x00, 0x20, 0x00, 0x20, 0x00, 0x20, 0x08, 0x41, 0x08, 0x41,
    0x00, 0x41, 0x00, 0x20, 0x00, 0x20, 0x00, 0x20, 0x08, 0x41, 0x08, 0x41, 0x08, 0x41, 0x00, 0x21,
    0x00, 0x20, 0x00, 0x20, 0x08, 0x41, 0x08, 0x41, 0x08, 0x41, 0x08, 0x41, 0x00, 0x21, 0x00, 0x20,
    0x08, 0x61, 0x08, 0x41, 0x08, 0x41, 0x08, 0x41, 0x00, 0x41, 0x00, 0x20, 0x08, 0x61, 0x08, 0x61,
    0x08, 0x41, 0x08, 0x41, 0x08, 0x41, 0x00, 0x21, 0x08, 0x61, 0x08, 0x61, 0x08, 0x61, 0x08, 0x41,
    0x08, 0x41, 0x00, 0x41, 0x08, 0x62, 0x08, 0x62, 0x08, 0x61, 0x08, 0x41, 0x08, 0x41, 0x08, 0x41,
    0x08, 0x62, 0x08, 0x62, 0x08, 0x61, 0x08, 0x61, 0x08, 0x41, 0x08, 0x41, 0x08, 0x82, 0x08, 0x82,
    0x08, 0x62, 0x08, 0x61, 0x08, 0x41, 0x08, 0x41, 0x10, 0x82, 0x08, 0x82, 0x08, 0x62, 0x08, 0x61,
    0x08, 0x41, 0x08, 0x41, 0x10, 0x82, 0x10, 0x82, 0x08, 0x62, 0x08, 0x61, 0x08, 0x41, 0x08, 0x41,
    0x10, 0x82, 0x10, 0x82, 0x08, 0x82, 0x08, 0x61, 0x08, 0x41, 0x08, 0x41, 0x10, 0x82, 0x10, 0x82,
    0x08, 0x82, 0x08, 0x61, 0x08, 0x61, 0x08, 0x41, 0x10, 0x82, 0x10, 0x82, 0x10, 0x82, 0x08, 0x62,
    0x08, 0x61, 0x08, 0x41, 0x10, 0x82, 0x10, 0x82, 0x10, 0x82, 0x08, 0x62, 0x08, 0x61, 0x08, 0x41,
    0x10, 0x82, 0x10, 0x82, 0x10, 0x82, 0x08, 0x62, 0x08, 0x61, 0x08, 0x41, 0x10, 0xA2, 0x10, 0x82,
    0x10, 0x82, 0x08, 0x62, 0x08, 0x61, 0x08, 0x41, 0x10, 0xA2, 0x10, 0x82, 0x10, 0x82, 0x08, 0x62,
    0x08, 0x61, 0x08, 0x41, 0x10, 0xA2, 0x10, 0x82, 0x10, 0x82, 0x08, 0x62, 0x08, 0x61, 0x08, 0x41,
    0x10, 0xA2, 0x10, 0x82, 0x10, 0x82, 0x08, 0x62, 0x08, 0x61, 0x08, 0x41, 0x10, 0xA2, 0x10, 0x82,
    0x10, 0x82, 0x08, 0x62, 0x08, 0x61, 0x08, 0x41, 0x10, 0xA2, 0x10, 0x82, 0x10, 0x82, 0x08, 0x62,
    0x08, 0x61, 0x08, 0x41, 0x10, 0xA2, 0x10, 0x82, 0x10, 0x82, 0x08, 0x62, 0x08, 0x61, 0x08, 0x41,
    0x10, 0x82, 0x10, 0x82, 0x10, 0x82, 0x08, 0x62, 0x08, 0x61, 0x08, 0x41, 0x10, 0x82, 0x10, 0x82,
    0x10, 0x82, 0x08, 0x62, 0x08, 0x61, 0x08, 0x41, 0x10, 0x82, 0x10, 0x82, 0x08, 0x82, 0x08, 0x61,
    0x08, 0x61, 0x08, 0x41, 0x10, 0x82, 0x10, 0x82, 0x08, 0x82, 0x08, 0x61, 0x08, 0x41, 0x08, 0x41,
    0x10, 0x82, 0x10, 0x82, 0x08, 0x62, 0x08, 0x61, 0x08, 0x41, 0x08, 0x41, 0x10, 0x82, 0x08, 0x82,
    0x08, 0x62, 0x08, 0x61, 0x08, 0x41, 0x08, 0x41, 0x10, 0x82, 0x08, 0x82, 0x08, 0x62, 0x08, 0x61,
    0x08, 0x41, 0x08, 0x41, 0x08, 0x82, 0x08, 0x62, 0x08, 0x61, 0x08, 0x61, 0x08, 0x41, 0x08, 0x41,
    0x08, 0x62, 0x08, 0x62, 0x08, 0x61, 0x08, 0x41, 0x08, 0x41, 0x00, 0x41, 0x08, 0x62, 0x08, 0x61,
    0x08, 0x61, 0x08, 0x41, 0x08, 0x41, 0x00, 0x21, 0x08, 0x61, 0x08, 0x61, 0x08, 0x41, 0x08, 0x41,
    0x08, 0x41, 0x00, 0x21, 0x08, 0x61, 0x08, 0x61, 0x08, 0x41, 0x08, 0x41, 0x00, 0x21, 0x00, 0x20,
    0x08, 0x41, 0x08, 0x41, 0x08, 0x41, 0x08, 0x41, 0x00, 0x20, 0x00, 0x20, 0x08, 0x41, 0x08, 0x41,
    0x08, 0x41, 0x00, 0x21, 0x00, 0x20, 0x00, 0x20, 0x08, 0x41, 0x08, 0x41, 0x00, 0x41, 0x00, 0x20,
    0x00, 0x20, 0x00, 0x20, 0x08, 0x41, 0x00, 0x41, 0x00, 0x20, 0x00, 0x00, 0x00, 0x00, 0x00, 0x00,
    0x00, 0x00, 0x00, 0x00, 0x00, 0x00, 0x00, 0x20, 0x00, 0x20, 0x00, 0x20, 0x00, 0x41, 0x00, 0x21,
    0x00, 0x20, 0x00, 0x20, 0x00, 0x20, 0x00, 0x20, 0x08, 0x41, 0x08, 0x41, 0x08, 0x41, 0x08, 0x41,
    0x00, 0x41, 0x00, 0x20, 0x08, 0x41, 0x08, 0x41, 0x08, 0x41, 0x00, 0x21, 0x00, 0x20, 0x00, 0x20,
    0x08, 0x41, 0x08, 0x61, 0x08, 0x61, 0x08, 0x41, 0x08, 0x41, 0x00, 0x41, 0x08, 0x61, 0x08, 0x41,
    0x08, 0x41, 0x08, 0x41, 0x00, 0x21, 0x00, 0x21, 0x08, 0x61, 0x08, 0x61, 0x08, 0x61, 0x08, 0x61,
    0x08, 0x41, 0x08, 0x41, 0x08, 0x61, 0x08, 0x61, 0x08, 0x41, 0x08, 0x41, 0x08, 0x41, 0x00, 0x41,
    0x08, 0x62, 0x08, 0x62, 0x08, 0x62, 0x08, 0x61, 0x08, 0x61, 0x08, 0x41, 0x08, 0x82, 0x08, 0x62,
    0x08, 0x61, 0x08, 0x41, 0x08, 0x41, 0x08, 0x41, 0x08, 0x82, 0x10, 0x82, 0x08, 0x82, 0x08, 0x62,
    0x08, 0x61, 0x08, 0x41, 0x10, 0x82, 0x08, 0x62, 0x08, 0x61, 0x08, 0x41, 0x08, 0x41, 0x08, 0x41,
    0x10, 0x82, 0x10, 0x82, 0x10, 0x82, 0x08, 0x82, 0x08, 0x61, 0x08, 0x61, 0x10, 0x82, 0x08, 0x82,
    0x08, 0x61, 0x08, 0x61, 0x08, 0x41, 0x08, 0x41, 0x10, 0x82, 0x10, 0x82, 0x10, 0x82, 0x10, 0x82,
    0x08, 0x62, 0x08, 0x61, 0x10, 0x82, 0x10, 0x82, 0x08, 0x62, 0x08, 0x61, 0x08, 0x41, 0x08, 0x41,
    0x10, 0x82, 0x10, 0x82, 0x10, 0x82, 0x10, 0x82, 0x08, 0x62, 0x08, 0x61, 0x10, 0x82, 0x10, 0x82,
    0x08, 0x62, 0x08, 0x61, 0x08, 0x41, 0x08, 0x41, 0x10, 0x82, 0x10, 0xA2, 0x10, 0x82, 0x10, 0x82,
    0x08, 0x62, 0x08, 0x61, 0x10, 0x82, 0x10, 0x82, 0x08, 0x62, 0x08, 0x61, 0x08, 0x41, 0x08, 0x41,
    0x10, 0x82, 0x10, 0xA2, 0x10, 0x82, 0x10, 0x82, 0x08, 0x62, 0x08, 0x61, 0x10, 0x82, 0x10, 0x82,
    0x08, 0x62, 0x08, 0x61, 0x08, 0x41, 0x08, 0x41, 0x10, 0x82, 0x10, 0xA2, 0x10, 0x82, 0x10, 0x82,
    0x08, 0x62, 0x08, 0x61, 0x10, 0x82, 0x10, 0x82, 0x08, 0x62, 0x08, 0x61, 0x08, 0x41, 0x08, 0x41,
    0x10, 0x82, 0x10, 0x82, 0x10, 0x82, 0x10, 0x82, 0x08, 0x62, 0x08, 0x61, 0x10, 0x82, 0x10, 0x82,
    0x08, 0x62, 0x08, 0x61, 0x08, 0x41, 0x08, 0x41, 0x10, 0x82, 0x10, 0x82, 0x10, 0x82, 0x08, 0x82,
    0x08, 0x61, 0x08, 0x61, 0x10, 0x82, 0x08, 0x82, 0x08, 0x61, 0x08, 0x41, 0x08, 0x41, 0x08, 0x41,
    0x10, 0x82, 0x10, 0x82, 0x10, 0x82, 0x08, 0x62, 0x08, 0x61, 0x08, 0x41, 0x10, 0x82, 0x08, 0x62,
    0x08, 0x61, 0x08, 0x41, 0x08, 0x41, 0x08, 0x41, 0x08, 0x82, 0x08, 0x82, 0x08, 0x82, 0x08, 0x62,
    0x08, 0x61, 0x08, 0x41, 0x08, 0x62, 0x08, 0x61, 0x08, 0x61, 0x08, 0x41, 0x08, 0x41, 0x00, 0x41,
    0x08, 0x62, 0x08, 0x62, 0x08, 0x62, 0x08, 0x61, 0x08, 0x41, 0x08, 0x41, 0x08, 0x61, 0x08, 0x61,
    0x08, 0x41, 0x08, 0x41, 0x00, 0x21, 0x00, 0x21, 0x08, 0x61, 0x08, 0x61, 0x08, 0x61, 0x08, 0x41,
    0x08, 0x41, 0x00, 0x41, 0x08, 0x61, 0x08, 0x41, 0x08, 0x41, 0x00, 0x41, 0x00, 0x20, 0x00, 0x20,
    0x08, 0x41, 0x08, 0x41, 0x08, 0x41, 0x08, 0x41, 0x08, 0x41, 0x00, 0x20, 0x08, 0x41, 0x08, 0x41,
    0x00, 0x41, 0x00, 0x20, 0x00, 0x20, 0x00, 0x20, 0x08, 0x41, 0x08, 0x41, 0x08, 0x41, 0x00, 0x41,
    0x00, 0x20, 0x00, 0x20, 0x00, 0x41, 0x00, 0x21, 0x00, 0x20, 0x00, 0x00, 0x00, 0x00, 0x00, 0x00,
    0x00, 0x00, 0x00, 0x00, 0x00, 0x00, 0x00, 0x21, 0x00, 0x21, 0x00, 0x20, 0x00, 0x21, 0x00, 0x20,
    0x00, 0x20, 0x00, 0x20, 0x00, 0x20, 0x00, 0x20, 0x08, 0x41, 0x08, 0x41, 0x08, 0x41, 0x08, 0x41,
    0x08, 0x41, 0x00, 0x41, 0x08, 0x41, 0x08, 0x41, 0x00, 0x21, 0x00, 0x20, 0x00, 0x20, 0x00, 0x20,
    0x08, 0x41, 0x08, 0x41, 0x08, 0x61, 0x08, 0x61, 0x08, 0x41, 0x08, 0x41, 0x08, 0x41, 0x08, 0x41,
    0x08, 0x41, 0x00, 0x21, 0x00, 0x20, 0x00, 0x21, 0x08, 0x61, 0x08, 0x61, 0x08, 0x61, 0x08, 0x61,
    0x08, 0x61, 0x08, 0x41, 0x08, 0x61, 0x08, 0x41, 0x08, 0x41, 0x08, 0x41, 0x00, 0x41, 0x08, 0x41,
    0x08, 0x61, 0x08, 0x62, 0x08, 0x82, 0x08, 0x62, 0x08, 0x61, 0x08, 0x61, 0x08, 0x62, 0x08, 0x61,
    0x08, 0x41, 0x08, 0x41, 0x08, 0x41, 0x08, 0x41, 0x08, 0x62, 0x08, 0x82, 0x10, 0x82, 0x08, 0x82,
    0x08, 0x62, 0x08, 0x61, 0x08, 0x62, 0x08, 0x61, 0x08, 0x41, 0x08, 0x41, 0x08, 0x41, 0x08, 0x41,
    0x08, 0x82, 0x10, 0x82, 0x10, 0x82, 0x10, 0x82, 0x08, 0x82, 0x08, 0x61, 0x08, 0x82, 0x08, 0x61,
    0x08, 0x61, 0x08, 0x41, 0x08, 0x41, 0x08, 0x41, 0x08, 0x82, 0x10, 0x82, 0x10, 0x82, 0x10, 0x82,
    0x10, 0x82, 0x08, 0x62, 0x10, 0x82, 0x08, 0x62, 0x08, 0x61, 0x08, 0x41, 0x08, 0x41, 0x08, 0x41,
    0x10, 0x82, 0x10, 0x82, 0x10, 0xA2, 0x10, 0x82, 0x10, 0x82, 0x08, 0x62, 0x10, 0x82, 0x08, 0x62,
    0x08, 0x61, 0x08, 0x41, 0x08, 0x41, 0x08, 0x41, 0x10, 0x82, 0x10, 0x82, 0x10, 0xA2, 0x10, 0x82,
    0x10, 0x82, 0x08, 0x62, 0x10, 0x82, 0x08, 0x62, 0x08, 0x61, 0x08, 0x41, 0x08, 0x41, 0x08, 0x41,
    0x10, 0x82, 0x10, 0x82, 0x10, 0xA2, 0x10, 0x82, 0x10, 0x82, 0x08, 0x62, 0x10, 0x82, 0x08, 0x62,
    0x08, 0x61, 0x08, 0x41, 0x08, 0x41, 0x08, 0x41, 0x10, 0x82, 0x10, 0x82, 0x10, 0xA2, 0x10, 0x82,
    0x10, 0x82, 0x08, 0x62, 0x10, 0x82, 0x08, 0x62, 0x08, 0x61, 0x08, 0x41, 0x08, 0x41, 0x08, 0x41,
    0x10, 0x82, 0x10, 0x82, 0x10, 0x82, 0x10, 0x82, 0x10, 0x82, 0x08, 0x62, 0x10, 0x82, 0x08, 0x62,
    0x08, 0x61, 0x08, 0x41, 0x08, 0x41, 0x08, 0x41, 0x08, 0x82, 0x10, 0x82, 0x10, 0x82, 0x10, 0x82,
    0x08, 0x82, 0x08, 0x61, 0x08, 0x82, 0x08, 0x61, 0x08, 0x61, 0x08, 0x41, 0x08, 0x41, 0x08, 0x41,
    0x08, 0x82, 0x10, 0x82, 0x10, 0x82, 0x10, 0x82, 0x08, 0x62, 0x08, 0x61, 0x08, 0x62, 0x08, 0x61,
    0x08, 0x41, 0x08, 0x41, 0x08, 0x41, 0x08, 0x41, 0x08, 0x62, 0x08, 0x82, 0x08, 0x82, 0x08, 0x82,
    0x08, 0x62, 0x08, 0x61, 0x08, 0x61, 0x08, 0x61, 0x08, 0x41, 0x08, 0x41, 0x00, 0x41, 0x08, 0x41,
    0x08, 0x61, 0x08, 0x62, 0x08, 0x62, 0x08, 0x62, 0x08, 0x61, 0x08, 0x41, 0x08, 0x61, 0x08, 0x41,
    0x08, 0x41, 0x00, 0x41, 0x00, 0x21, 0x00, 0x21, 0x08, 0x61, 0x08, 0x61, 0x08, 0x61, 0x08, 0x61,
    0x08, 0x41, 0x08, 0x41, 0x08, 0x41, 0x08, 0x41, 0x00, 0x41, 0x00, 0x20, 0x00, 0x20, 0x00, 0x20,
    0x08, 0x41, 0x08, 0x41, 0x08, 0x41, 0x08, 0x41, 0x08, 0x41, 0x00, 0x41, 0x08, 0x41, 0x00, 0x41,
    0x00, 0x20, 0x00, 0x20, 0x00, 0x20, 0x00, 0x20, 0x08, 0x41, 0x08, 0x41, 0x08, 0x41, 0x08, 0x41,
    0x00, 0x21, 0x00, 0x20, 0x00, 0x21, 0x00, 0x20, 0x00, 0x20, 0x00, 0x00, 0x00, 0x00, 0x00, 0x00,
    0x00, 0x00, 0x00, 0x00, 0x00, 0x21, 0x00, 0x41, 0x00, 0x41, 0x00, 0x21, 0x00, 0x20, 0x00, 0x20,
    0x00, 0x20, 0x00, 0x20, 0x00, 0x20, 0x00, 0x20, 0x00, 0x21, 0x08, 0x41, 0x08, 0x41, 0x08, 0x41,
    0x08, 0x41, 0x08, 0x41, 0x08, 0x41, 0x00, 0x21, 0x00, 0x20, 0x00, 0x20, 0x00, 0x20, 0x00, 0x21,
    0x08, 0x41, 0x08, 0x41, 0x08, 0x61, 0x08, 0x61, 0x08, 0x61, 0x08, 0x41, 0x08, 0x41, 0x08, 0x41,
    0x00, 0x21, 0x00, 0x20, 0x00, 0x21, 0x08, 0x41, 0x08, 0x41, 0x08, 0x61, 0x08, 0x61, 0x08, 0x62,
    0x08, 0x61, 0x08, 0x61, 0x08, 0x41, 0x08, 0x41, 0x08, 0x41, 0x00, 0x41, 0x08, 0x41, 0x08, 0x41,
    0x08, 0x61, 0x08, 0x61, 0x08, 0x62, 0x08, 0x82, 0x08, 0x62, 0x08, 0x61, 0x08, 0x61, 0x08, 0x41,
    0x08, 0x41, 0x08, 0x41, 0x08, 0x41, 0x08, 0x41, 0x08, 0x61, 0x08, 0x62, 0x08, 0x82, 0x10, 0x82,
    0x10, 0x82, 0x08, 0x62, 0x08, 0x61, 0x08, 0x41, 0x08, 0x41, 0x08, 0x41, 0x08, 0x41, 0x08, 0x41,
    0x08, 0x61, 0x08, 0x82, 0x10, 0x82, 0x10, 0x82, 0x10, 0x82, 0x08, 0x82, 0x08, 0x61, 0x08, 0x61,
    0x08, 0x41, 0x08, 0x41, 0x08, 0x41, 0x08, 0x61, 0x08, 0x62, 0x10, 0x82, 0x10, 0x82, 0x10, 0x82,
    0x10, 0x82, 0x10, 0x82, 0x08, 0x62, 0x08, 0x61, 0x08, 0x41, 0x08, 0x41, 0x08, 0x41, 0x08, 0x61,
    0x08, 0x62, 0x10, 0x82, 0x10, 0x82, 0x10, 0xA2, 0x10, 0x82, 0x10, 0x82, 0x08, 0x62, 0x08, 0x61,
    0x08, 0x41, 0x08, 0x41, 0x08, 0x41, 0x08, 0x61, 0x08, 0x62, 0x10, 0x82, 0x10, 0x82, 0x10, 0xA2,
    0x10, 0x82, 0x10, 0x82, 0x08, 0x62, 0x08, 0x61, 0x08, 0x41, 0x08, 0x41, 0x08, 0x41, 0x08, 0x61,
    0x08, 0x62, 0x10, 0x82, 0x10, 0x82, 0x10, 0xA2, 0x10, 0x82, 0x10, 0x82, 0x08, 0x62, 0x08, 0x61,
    0x08, 0x41, 0x08, 0x41, 0x08, 0x41, 0x08, 0x61, 0x08, 0x62, 0x10, 0x82, 0x10, 0x82, 0x10, 0xA2,
    0x10, 0x82, 0x10, 0x82, 0x08, 0x62, 0x08, 0x61, 0x08, 0x41, 0x08, 0x41, 0x08, 0x41, 0x08, 0x61,
    0x08, 0x62, 0x10, 0x82, 0x10, 0x82, 0x10, 0x82, 0x10, 0x82, 0x10, 0x82, 0x08, 0x62, 0x08, 0x61,
    0x08, 0x41, 0x08, 0x41, 0x08, 0x41, 0x08, 0x61, 0x08, 0x62, 0x08, 0x82, 0x10, 0x82, 0x10, 0x82,
    0x10, 0x82, 0x08, 0x82, 0x08, 0x61, 0x08, 0x61, 0x08, 0x41, 0x08, 0x41, 0x08, 0x41, 0x08, 0x41,
    0x08, 0x61, 0x08, 0x82, 0x10, 0x82, 0x10, 0x82, 0x10, 0x82, 0x08, 0x62, 0x08, 0x61, 0x08, 0x41,
    0x08, 0x41, 0x08, 0x41, 0x08, 0x41, 0x08, 0x41, 0x08, 0x61, 0x08, 0x62, 0x08, 0x82, 0x08, 0x82,
    0x08, 0x82, 0x08, 0x62, 0x08, 0x61, 0x08, 0x41, 0x08, 0x41, 0x00, 0x41, 0x08, 0x41, 0x08, 0x41,
    0x08, 0x41, 0x08, 0x61, 0x08, 0x62, 0x08, 0x62, 0x08, 0x62, 0x08, 0x61, 0x08, 0x41, 0x08, 0x41,
    0x00, 0x41, 0x00, 0x21, 0x00, 0x21, 0x08, 0x41, 0x08, 0x41, 0x08, 0x61, 0x08, 0x61, 0x08, 0x61,
    0x08, 0x61, 0x08, 0x41, 0x08, 0x41, 0x00, 0x41, 0x00, 0x20, 0x00, 0x20, 0x00, 0x20, 0x00, 0x21,
    0x08, 0x41, 0x08, 0x41, 0x08, 0x41, 0x08, 0x41, 0x08, 0x41, 0x08, 0x41, 0x00, 0x41, 0x00, 0x20,
    0x00, 0x20, 0x00, 0x20, 0x00, 0x20, 0x00, 0x20, 0x00, 0x21, 0x00, 0x41, 0x08, 0x41, 0x08, 0x41,
    0x08, 0x41, 0x00, 0x21, 0x00, 0x20, 0x00, 0x20, 0x00, 0x20, 0x00, 0x20, 0x00, 0x00, 0x00, 0x00,
    0x00, 0x00, 0x00, 0x00, 0x00, 0x41, 0x00, 0x41, 0x00, 0x21, 0x00, 0x20, 0x00, 0x21, 0x00, 0x20,
    0x00, 0x20, 0x00, 0x20, 0x00, 0x20, 0x00, 0x20, 0x08, 0x41, 0x08, 0x41, 0x08, 0x41, 0x08, 0x41,
    0x08, 0x41, 0x00, 0x41, 0x08, 0x41, 0x08, 0x41, 0x00, 0x21, 0x00, 0x20, 0x00, 0x20, 0x00, 0x20,
    0x08, 0x41, 0x08, 0x61, 0x08, 0x61, 0x08, 0x61, 0x08, 0x41, 0x08, 0x41, 0x08, 0x41, 0x08, 0x41,
    0x08, 0x41, 0x00, 0x21, 0x00, 0x21, 0x00, 0x21, 0x08, 0x61, 0x08, 0x61, 0x08, 0x61, 0x08, 0x61,
    0x08, 0x61, 0x08, 0x41, 0x08, 0x61, 0x08, 0x41, 0x08, 0x41, 0x08, 0x41, 0x00, 0x41, 0x08, 0x41,
    0x08, 0x61, 0x08, 0x62, 0x08, 0x82, 0x08, 0x62, 0x08, 0x61, 0x08, 0x61, 0x08, 0x62, 0x08, 0x61,
    0x08, 0x41, 0x08, 0x41, 0x08, 0x41, 0x08, 0x41, 0x08, 0x62, 0x08, 0x82, 0x10, 0x82, 0x10, 0x82,
    0x08, 0x62, 0x08, 0x61, 0x08, 0x62, 0x08, 0x61, 0x08, 0x41, 0x08, 0x41, 0x08, 0x41, 0x08, 0x41,
    0x08, 0x82, 0x10, 0x82, 0x10, 0x82, 0x10, 0x82, 0x08, 0x82, 0x08, 0x61, 0x08, 0x82, 0x08, 0x61,
    0x08, 0x61, 0x08, 0x41, 0x08, 0x41, 0x08, 0x41, 0x10, 0x82, 0x10, 0x82, 0x10, 0x82, 0x10, 0x82,
    0x10, 0x82, 0x08, 0x62, 0x10, 0x82, 0x08, 0x62, 0x08, 0x61, 0x08, 0x41, 0x08, 0x41, 0x08, 0x41,
    0x10, 0x82, 0x10, 0x82, 0x10, 0xA2, 0x10, 0x82, 0x10, 0x82, 0x08, 0x62, 0x10, 0x82, 0x08, 0x62,
    0x08, 0x61, 0x08, 0x41, 0x08, 0x41, 0x08, 0x41, 0x10, 0x82, 0x10, 0x82, 0x10, 0xA2, 0x10, 0x82,
    0x10, 0x82, 0x08, 0x62, 0x10, 0x82, 0x08, 0x62, 0x08, 0x61, 0x08, 0x41, 0x08, 0x41, 0x08, 0x41,
    0x10, 0x82, 0x10, 0x82, 0x10, 0xA2, 0x10, 0x82, 0x10, 0x82, 0x08, 0x62, 0x10, 0x82, 0x08, 0x62,
    0x08, 0x61, 0x08, 0x41, 0x08, 0x41, 0x08, 0x41, 0x10, 0x82, 0x10, 0x82, 0x10, 0xA2, 0x10, 0x82,
    0x10, 0x82, 0x08, 0x62, 0x10, 0x82, 0x08, 0x62, 0x08, 0x61, 0x08, 0x41, 0x08, 0x41, 0x08, 0x41,
    0x10, 0x82, 0x10, 0x82, 0x10, 0x82, 0x10, 0x82, 0x10, 0x82, 0x08, 0x62, 0x10, 0x82, 0x08, 0x62,
    0x08, 0x61, 0x08, 0x41, 0x08, 0x41, 0x08, 0x41, 0x10, 0x82, 0x10, 0x82, 0x10, 0x82, 0x10, 0x82,
    0x08, 0x82, 0x08, 0x61, 0x08, 0x82, 0x08, 0x61, 0x08, 0x61, 0x08, 0x41, 0x08, 0x41, 0x08, 0x41,
    0x08, 0x82, 0x10, 0x82, 0x10, 0x82, 0x10, 0x82, 0x08, 0x62, 0x08, 0x61, 0x08, 0x62, 0x08, 0x61,
    0x08, 0x41, 0x08, 0x41, 0x08, 0x41, 0x08, 0x41, 0x08, 0x62, 0x08, 0x82, 0x08, 0x82, 0x08, 0x82,
    0x08, 0x62, 0x08, 0x61, 0x08, 0x62, 0x08, 0x61, 0x08, 0x41, 0x08, 0x41, 0x00, 0x41, 0x08, 0x41,
    0x08, 0x61, 0x08, 0x62, 0x08, 0x62, 0x08, 0x62, 0x08, 0x61, 0x08, 0x41, 0x08, 0x61, 0x08, 0x41,
    0x08, 0x41, 0x00, 0x41, 0x00, 0x21, 0x00, 0x21, 0x08, 0x61, 0x08, 0x61, 0x08, 0x61, 0x08, 0x61,
    0x08, 0x41, 0x08, 0x41, 0x08, 0x41, 0x08, 0x41, 0x00, 0x41, 0x00, 0x20, 0x00, 0x20, 0x00, 0x20,
    0x08, 0x41, 0x08, 0x41, 0x08, 0x41, 0x08, 0x41, 0x08, 0x41, 0x08, 0x41, 0x08, 0x41, 0x00, 0x41,
    0x00, 0x20, 0x00, 0x20, 0x00, 0x20, 0x00, 0x20, 0x08, 0x41, 0x08, 0x41, 0x08, 0x41, 0x08, 0x41,
    0x00, 0x41, 0x00, 0x20, 0x00, 0x21, 0x00, 0x20, 0x00, 0x20, 0x00, 0x20, 0x00, 0x00, 0x00, 0x00,
    0x00, 0x00, 0x00, 0x00, 0x00, 0x21, 0x00, 0x21, 0x00, 0x20, 0x00, 0x20, 0x08, 0x41, 0x00, 0x41,
    0x00, 0x20, 0x00, 0x20, 0x00, 0x20, 0x00, 0x20, 0x08, 0x41, 0x08, 0x41, 0x08, 0x41, 0x08, 0x41,
    0x00, 0x41, 0x00, 0x20, 0x08, 0x41, 0x08, 0x41, 0x08, 0x41, 0x00, 0x21, 0x00, 0x20, 0x00, 0x20,
    0x08, 0x41, 0x08, 0x61, 0x08, 0x61, 0x08, 0x41, 0x08, 0x41, 0x00, 0x41, 0x08, 0x61, 0x08, 0x41,
    0x08, 0x41, 0x08, 0x41, 0x00, 0x21, 0x00, 0x21, 0x08, 0x61, 0x08, 0x61, 0x08, 0x61, 0x08, 0x61,
    0x08, 0x41, 0x08, 0x41, 0x08, 0x62, 0x08, 0x61, 0x08, 0x41, 0x08, 0x41, 0x08, 0x41, 0x00, 0x41,
    0x08, 0x62, 0x08, 0x82, 0x08, 0x62, 0x08, 0x61, 0x08, 0x61, 0x08, 0x41, 0x08, 0x82, 0x08, 0x62,
    0x08, 0x61, 0x08, 0x41, 0x08, 0x41, 0x08, 0x41, 0x08, 0x82, 0x10, 0x82, 0x10, 0x82, 0x08, 0x62,
    0x08, 0x61, 0x08, 0x41, 0x10, 0x82, 0x08, 0x62, 0x08, 0x61, 0x08, 0x41, 0x08, 0x41, 0x08, 0x41,
    0x10, 0x82, 0x10, 0x82, 0x10, 0x82, 0x08, 0x82, 0x08, 0x61, 0x08, 0x61, 0x10, 0x82, 0x08, 0x82,
    0x08, 0x62, 0x08, 0x61, 0x08, 0x41, 0x08, 0x41, 0x10, 0x82, 0x10, 0x82, 0x10, 0x82, 0x10, 0x82,
    0x08, 0x62, 0x08, 0x61, 0x10, 0x82, 0x10, 0x82, 0x08, 0x62, 0x08, 0x61, 0x08, 0x41, 0x08, 0x41,
    0x10, 0x82, 0x10, 0xA2, 0x10, 0x82, 0x10, 0x82, 0x08, 0x62, 0x08, 0x61, 0x10, 0x82, 0x10, 0x82,
    0x08, 0x62, 0x08, 0x61, 0x08, 0x41, 0x08, 0x41, 0x10, 0x82, 0x10, 0xA2, 0x10, 0x82, 0x10, 0x82,
    0x08, 0x62, 0x08, 0x61, 0x10, 0x82, 0x10, 0x82, 0x08, 0x62, 0x08, 0x61, 0x08, 0x41, 0x08, 0x41,
    0x10, 0x82, 0x10, 0xA2, 0x10, 0x82, 0x10, 0x82, 0x08, 0x62, 0x08, 0x61, 0x10, 0x82, 0x10, 0x82,
    0x08, 0x62, 0x08, 0x61, 0x08, 0x41, 0x08, 0x41, 0x10, 0x82, 0x10, 0xA2, 0x10, 0x82, 0x10, 0x82,
    0x08, 0x62, 0x08, 0x61, 0x10, 0x82, 0x10, 0x82, 0x08, 0x62, 0x08, 0x61, 0x08, 0x41, 0x08, 0x41,
    0x10, 0x82, 0x10, 0x82, 0x10, 0x82, 0x10, 0x82, 0x08, 0x62, 0x08, 0x61, 0x10, 0x82, 0x10, 0x82,
    0x08, 0x62, 0x08, 0x61, 0x08, 0x41, 0x08, 0x41, 0x10, 0x82, 0x10, 0x82, 0x10, 0x82, 0x08, 0x82,
    0x08, 0x62, 0x08, 0x61, 0x10, 0x82, 0x08, 0x82, 0x08, 0x61, 0x08, 0x61, 0x08, 0x41, 0x08, 0x41,
    0x10, 0x82, 0x10, 0x82, 0x10, 0x82, 0x08, 0x82, 0x08, 0x61, 0x08, 0x41, 0x10, 0x82, 0x08, 0x62,
    0x08, 0x61, 0x08, 0x41, 0x08, 0x41, 0x08, 0x41, 0x08, 0x82, 0x10, 0x82, 0x08, 0x82, 0x08, 0x62,
    0x08, 0x61, 0x08, 0x41, 0x08, 0x82, 0x08, 0x61, 0x08, 0x61, 0x08, 0x41, 0x08, 0x41, 0x00, 0x41,
    0x08, 0x62, 0x08, 0x62, 0x08, 0x62, 0x08, 0x61, 0x08, 0x41, 0x08, 0x41, 0x08, 0x61, 0x08, 0x61,
    0x08, 0x41, 0x08, 0x41, 0x00, 0x41, 0x00, 0x21, 0x08, 0x61, 0x08, 0x61, 0x08, 0x61, 0x08, 0x61,
    0x08, 0x41, 0x08, 0x41, 0x08, 0x61, 0x08, 0x41, 0x08, 0x41, 0x00, 0x41, 0x00, 0x20, 0x00, 0x20,
    0x08, 0x41, 0x08, 0x41, 0x08, 0x41, 0x08, 0x41, 0x08, 0x41, 0x00, 0x20, 0x08, 0x41, 0x08, 0x41,
    0x00, 0x41, 0x00, 0x20, 0x00, 0x20, 0x00, 0x20, 0x08, 0x41, 0x08, 0x41, 0x08, 0x41, 0x00, 0x41,
    0x00, 0x20, 0x00, 0x20, 0x00, 0x41, 0x00, 0x21, 0x00, 0x20, 0x00, 0x20, 0x00, 0x00, 0x00, 0x00,
    0x00, 0x00, 0x00, 0x00, 0x00, 0x20, 0x00, 0x20, 0x00, 0x20, 0x00, 0x20, 0x08, 0x41, 0x08, 0x41,
    0x00, 0x41, 0x00, 0x21, 0x00, 0x20, 0x00, 0x20, 0x08, 0x41, 0x08, 0x41, 0x08, 0x41, 0x00, 0x41,
    0x00, 0x20, 0x00, 0x20, 0x08, 0x41, 0x08, 0x41, 0x08, 0x41, 0x08, 0x41, 0x00, 0x21, 0x00, 0x20,
    0x08, 0x61, 0x08, 0x61, 0x08, 0x41, 0x08, 0x41, 0x00, 0x41, 0x00, 0x21, 0x08, 0x61, 0x08, 0x61,
    0x08, 0x61, 0x08, 0x41, 0x08, 0x41, 0x00, 0x21, 0x08, 0x61, 0x08, 0x61, 0x08, 0x61, 0x08, 0x41,
    0x08, 0x41, 0x00, 0x41, 0x08, 0x62, 0x08, 0x62, 0x08, 0x61, 0x08, 0x41, 0x08, 0x41, 0x08, 0x41,
    0x08, 0x62, 0x08, 0x62, 0x08, 0x61, 0x08, 0x61, 0x08, 0x41, 0x08, 0x41, 0x08, 0x82, 0x08, 0x82,
    0x08, 0x62, 0x08, 0x61, 0x08, 0x41, 0x08, 0x41, 0x10, 0x82, 0x08, 0x82, 0x08, 0x62, 0x08, 0x61,
    0x08, 0x41, 0x08, 0x41, 0x10, 0x82, 0x10, 0x82, 0x08, 0x82, 0x08, 0x61, 0x08, 0x41, 0x08, 0x41,
    0x10, 0x82, 0x10, 0x82, 0x08, 0x82, 0x08, 0x61, 0x08, 0x61, 0x08, 0x41, 0x10, 0x82, 0x10, 0x82,
    0x08, 0x82, 0x08, 0x62, 0x08, 0x61, 0x08, 0x41, 0x10, 0x82, 0x10, 0x82, 0x10, 0x82, 0x08, 0x62,
    0x08, 0x61, 0x08, 0x41, 0x10, 0x82, 0x10, 0x82, 0x10, 0x82, 0x08, 0x62, 0x08, 0x61, 0x08, 0x41,
    0x10, 0xA2, 0x10, 0x82, 0x10, 0x82, 0x08, 0x62, 0x08, 0x61, 0x08, 0x41, 0x10, 0xA2, 0x10, 0x82,
    0x10, 0x82, 0x08, 0x62, 0x08, 0x61, 0x08, 0x41, 0x10, 0xA2, 0x10, 0x82, 0x10, 0x82, 0x08, 0x62,
    0x08, 0x61, 0x08, 0x41, 0x10, 0xA2, 0x10, 0x82, 0x10, 0x82, 0x08, 0x62, 0x08, 0x61, 0x08, 0x41,
    0x10, 0xA2, 0x10, 0x82, 0x10, 0x82, 0x08, 0x62, 0x08, 0x61, 0x08, 0x41, 0x10, 0xA2, 0x10, 0x82,
    0x10, 0x82, 0x08, 0x62, 0x08, 0x61, 0x08, 0x41, 0x10, 0xA2, 0x10, 0x82, 0x10, 0x82, 0x08, 0x62,
    0x08, 0x61, 0x08, 0x41, 0x10, 0xA2, 0x10, 0x82, 0x10, 0x82, 0x08, 0x62, 0x08, 0x61, 0x08, 0x41,
    0x10, 0xA2, 0x10, 0x82, 0x10, 0x82, 0x08, 0x62, 0x08, 0x61, 0x08, 0x41, 0x10, 0x82, 0x10, 0x82,
    0x10, 0x82, 0x08, 0x62, 0x08, 0x61, 0x08, 0x41, 0x10, 0x82, 0x10, 0x82, 0x08, 0x82, 0x08, 0x62,
    0x08, 0x61, 0x08, 0x41, 0x10, 0x82, 0x10, 0x82, 0x08, 0x82, 0x08, 0x61, 0x08, 0x41, 0x08, 0x41,
    0x10, 0x82, 0x10, 0x82, 0x08, 0x82, 0x08, 0x61, 0x08, 0x41, 0x08, 0x41, 0x10, 0x82, 0x10, 0x82,
    0x08, 0x62, 0x08, 0x61, 0x08, 0x41, 0x08, 0x41, 0x10, 0x82, 0x08, 0x82, 0x08, 0x62, 0x08, 0x61,
    0x08, 0x41, 0x08, 0x41, 0x08, 0x82, 0x08, 0x62, 0x08, 0x61, 0x08, 0x61, 0x08, 0x41, 0x08, 0x41,
    0x08, 0x62, 0x08, 0x62, 0x08, 0x61, 0x08, 0x41, 0x08, 0x41, 0x00, 0x41, 0x08, 0x62, 0x08, 0x61,
    0x08, 0x61, 0x08, 0x41, 0x08, 0x41, 0x00, 0x21, 0x08, 0x61, 0x08, 0x61, 0x08, 0x61, 0x08, 0x41,
    0x08, 0x41, 0x00, 0x21, 0x08, 0x61, 0x08, 0x61, 0x08, 0x41, 0x08, 0x41, 0x00, 0x41, 0x00, 0x20,
    0x08, 0x61, 0x08, 0x41, 0x08, 0x41, 0x08, 0x41, 0x00, 0x21, 0x00, 0x20, 0x08, 0x41, 0x08, 0x41,
    0x08, 0x41, 0x00, 0x41, 0x00, 0x20, 0x00, 0x20, 0x08, 0x41, 0x08, 0x41, 0x00, 0x41, 0x00, 0x20,
    0x00, 0x20, 0x00, 0x20, 0x08, 0x41, 0x00, 0x41, 0x00, 0x21, 0x00, 0x20, 0x00, 0x00, 0x00, 0x00,
    0x00, 0x00, 0x00, 0x00, 0x00, 0x20, 0x00, 0x20, 0x00, 0x20, 0x00, 0x20, 0x08, 0x41, 0x08, 0x41,
    0x08, 0x41, 0x00, 0x41, 0x00, 0x21, 0x00, 0x20, 0x08, 0x41, 0x08, 0x41, 0x00, 0x41, 0x00, 0x20,
    0x00, 0x20, 0x00, 0x20, 0x08, 0x41, 0x08, 0x41, 0x08, 0x41, 0x08, 0x41, 0x08, 0x41, 0x00, 0x21,
    0x08, 0x61, 0x08, 0x41, 0x08, 0x41, 0x00, 0x41, 0x00, 0x20, 0x00, 0x20, 0x08, 0x61, 0x08, 0x61,
    0x08, 0x61, 0x08, 0x61, 0x08, 0x41, 0x08, 0x41, 0x08, 0x61, 0x08, 0x61, 0x08, 0x41, 0x08, 0x41,
    0x00, 0x41, 0x00, 0x21, 0x08, 0x62, 0x08, 0x62, 0x08, 0x62, 0x08, 0x61, 0x08, 0x61, 0x08, 0x41,
    0x08, 0x62, 0x08, 0x61, 0x08, 0x61, 0x08, 0x41, 0x08, 0x41, 0x08, 0x41, 0x08, 0x82, 0x08, 0x82,
    0x08, 0x82, 0x08, 0x62, 0x08, 0x61, 0x08, 0x41, 0x08, 0x82, 0x08, 0x62, 0x08, 0x61, 0x08, 0x41,
    0x08, 0x41, 0x08, 0x41, 0x10, 0x82, 0x10, 0x82, 0x10, 0x82, 0x08, 0x82, 0x08, 0x61, 0x08, 0x41,
    0x10, 0x82, 0x08, 0x82, 0x08, 0x61, 0x08, 0x61, 0x08, 0x41, 0x08, 0x41, 0x10, 0x82, 0x10, 0x82,
    0x10, 0x82, 0x08, 0x82, 0x08, 0x62, 0x08, 0x61, 0x10, 0x82, 0x10, 0x82, 0x08, 0x62, 0x08, 0x61,
    0x08, 0x41, 0x08, 0x41, 0x10, 0x82, 0x10, 0x82, 0x10, 0x82, 0x10, 0x82, 0x08, 0x62, 0x08, 0x61,
    0x10, 0x82, 0x10, 0x82, 0x08, 0x62, 0x08, 0x61, 0x08, 0x41, 0x08, 0x41, 0x10, 0x82, 0x10, 0xA2,
    0x10, 0x82, 0x10, 0x82, 0x08, 0x62, 0x08, 0x61, 0x10, 0x82, 0x10, 0x82, 0x08, 0x62, 0x08, 0x61,
    0x08, 0x41, 0x08, 0x41, 0x10, 0x82, 0x10, 0xA2, 0x10, 0x82, 0x10, 0x82, 0x08, 0x62, 0x08, 0x61,
    0x10, 0x82, 0x10, 0x82, 0x08, 0x62, 0x08, 0x61, 0x08, 0x41, 0x08, 0x41, 0x10, 0x82, 0x10, 0xA2,
    0x10, 0x82, 0x10, 0x82, 0x08, 0x62, 0x08, 0x61, 0x10, 0x82, 0x10, 0x82, 0x08, 0x62, 0x08, 0x61,
    0x08, 0x41, 0x08, 0x41, 0x10, 0x82, 0x10, 0xA2, 0x10, 0x82, 0x10, 0x82, 0x08, 0x62, 0x08, 0x61,
    0x10, 0x82, 0x10, 0x82, 0x08, 0x62, 0x08, 0x61, 0x08, 0x41, 0x08, 0x41, 0x10, 0x82, 0x10, 0x82,
    0x10, 0x82, 0x10, 0x82, 0x08, 0x62, 0x08, 0x61, 0x10, 0x82, 0x10, 0x82, 0x08, 0x62, 0x08, 0x61,
    0x08, 0x41, 0x08, 0x41, 0x10, 0x82, 0x10, 0x82, 0x10, 0x82, 0x08, 0x82, 0x08, 0x61, 0x08, 0x41,
    0x10, 0x82, 0x08, 0x82, 0x08, 0x61, 0x08, 0x41, 0x08, 0x41, 0x08, 0x41, 0x10, 0x82, 0x10, 0x82,
    0x10, 0x82, 0x08, 0x62, 0x08, 0x61, 0x08, 0x41, 0x08, 0x82, 0x08, 0x62, 0x08, 0x61, 0x08, 0x41,
    0x08, 0x41, 0x08, 0x41, 0x08, 0x82, 0x08, 0x82, 0x08, 0x62, 0x08, 0x61, 0x08, 0x61, 0x08, 0x41,
    0x08, 0x62, 0x08, 0x61, 0x08, 0x41, 0x08, 0x41, 0x08, 0x41, 0x00, 0x21, 0x08, 0x62, 0x08, 0x62,
    0x08, 0x61, 0x08, 0x61, 0x08, 0x41, 0x08, 0x41, 0x08, 0x61, 0x08, 0x61, 0x08, 0x41, 0x08, 0x41,
    0x00, 0x21, 0x00, 0x20, 0x08, 0x61, 0x08, 0x61, 0x08, 0x61, 0x08, 0x41, 0x08, 0x41, 0x00, 0x21,
    0x08, 0x41, 0x08, 0x41, 0x08, 0x41, 0x00, 0x21, 0x00, 0x20, 0x00, 0x20, 0x08, 0x41, 0x08, 0x41,
    0x08, 0x41, 0x08, 0x41, 0x00, 0x21, 0x00, 0x20, 0x08, 0x41, 0x08, 0x41, 0x00, 0x21, 0x00, 0x20,
    0x00, 0x20, 0x00, 0x20, 0x08, 0x41, 0x08, 0x41, 0x00, 0x41, 0x00, 0x20, 0x00, 0x00, 0x00, 0x00,
    0x00, 0x00, 0x00, 0x20, 0x00, 0x20, 0x00, 0x20, 0x00, 0x20, 0x00, 0x20, 0x00, 0x21, 0x08, 0x41,
    0x08, 0x41, 0x08, 0x41, 0x08, 0x41, 0x00, 0x21, 0x08, 0x41, 0x00, 0x21, 0x00, 0x20, 0x00, 0x20,
    0x00, 0x20, 0x00, 0x20, 0x08, 0x41, 0x08, 0x41, 0x08, 0x41, 0x08, 0x41, 0x08, 0x41, 0x08, 0x41,
    0x08, 0x41, 0x08, 0x41, 0x00, 0x41, 0x00, 0x20, 0x00, 0x20, 0x00, 0x21, 0x08, 0x41, 0x08, 0x61,
    0x08, 0x61, 0x08, 0x61, 0x08, 0x61, 0x08, 0x41, 0x08, 0x61, 0x08, 0x41, 0x08, 0x41, 0x00, 0x41,
    0x00, 0x21, 0x00, 0x41, 0x08, 0x61, 0x08, 0x62, 0x08, 0x62, 0x08, 0x62, 0x08, 0x61, 0x08, 0x61,
    0x08, 0x61, 0x08, 0x61, 0x08, 0x41, 0x08, 0x41, 0x08, 0x41, 0x08, 0x41, 0x08, 0x62, 0x08, 0x82,
    0x10, 0x82, 0x08, 0x82, 0x08, 0x62, 0x08, 0x61, 0x08, 0x62, 0x08, 0x61, 0x08, 0x41, 0x08, 0x41,
    0x08, 0x41, 0x08, 0x41, 0x08, 0x62, 0x10, 0x82, 0x10, 0x82, 0x10, 0x82, 0x08, 0x82, 0x08, 0x61,
    0x08, 0x82, 0x08, 0x61, 0x08, 0x61, 0x08, 0x41, 0x08, 0x41, 0x08, 0x41, 0x08, 0x82, 0x10, 0x82,
    0x10, 0x82, 0x10, 0x82, 0x10, 0x82, 0x08, 0x62, 0x10, 0x82, 0x08, 0x62, 0x08, 0x61, 0x08, 0x41,
    0x08, 0x41, 0x08, 0x41, 0x10, 0x82, 0x10, 0x82, 0x10, 0xA2, 0x10, 0x82, 0x10, 0x82, 0x08, 0x62,
    0x10, 0x82, 0x08, 0x62, 0x08, 0x61, 0x08, 0x41, 0x08, 0x41, 0x08, 0x41, 0x10, 0x82, 0x10, 0x82,
    0x10, 0xA2, 0x10, 0x82, 0x10, 0x82, 0x08, 0x62, 0x10, 0x82, 0x08, 0x62, 0x08, 0x61, 0x08, 0x41,
    0x08, 0x41, 0x08, 0x41, 0x10, 0x82, 0x10, 0xA2, 0x10, 0xA2, 0x10, 0xA2, 0x10, 0x82, 0x08, 0x62,
    0x10, 0x82, 0x08, 0x62, 0x08, 0x61, 0x08, 0x41, 0x08, 0x41, 0x08, 0x41, 0x10, 0x82, 0x10, 0x82,
    0x10, 0xA2, 0x10, 0x82, 0x10, 0x82, 0x08, 0x62, 0x10, 0x82, 0x08, 0x62, 0x08, 0x61, 0x08, 0x41,
    0x08, 0x41, 0x08, 0x41, 0x10, 0x82, 0x10, 0x82, 0x10, 0xA2, 0x10, 0x82, 0x10, 0x82, 0x08, 0x62,
    0x10, 0x82, 0x08, 0x62, 0x08, 0x61, 0x08, 0x41, 0x08, 0x41, 0x08, 0x41, 0x10, 0x82, 0x10, 0x82,
    0x10, 0x82, 0x10, 0x82, 0x10, 0x82, 0x08, 0x62, 0x10, 0x82, 0x08, 0x62, 0x08, 0x61, 0x08, 0x41,
    0x08, 0x41, 0x08, 0x41, 0x08, 0x82, 0x10, 0x82, 0x10, 0x82, 0x10, 0x82, 0x08, 0x82, 0x08, 0x61,
    0x08, 0x82, 0x08, 0x61, 0x08, 0x41, 0x08, 0x41, 0x08, 0x41, 0x08, 0x41, 0x08, 0x62, 0x10, 0x82,
    0x10, 0x82, 0x10, 0x82, 0x08, 0x62, 0x08, 0x61, 0x08, 0x62, 0x08, 0x61, 0x08, 0x41, 0x08, 0x41,
    0x08, 0x41, 0x08, 0x41, 0x08, 0x62, 0x08, 0x82, 0x08, 0x82, 0x08, 0x62, 0x08, 0x61, 0x08, 0x61,
    0x08, 0x61, 0x08, 0x61, 0x08, 0x41, 0x08, 0x41, 0x00, 0x41, 0x00, 0x41, 0x08, 0x61, 0x08, 0x61,
    0x08, 0x62, 0x08, 0x61, 0x08, 0x61, 0x08, 0x41, 0x08, 0x61, 0x08, 0x41, 0x08, 0x41, 0x00, 0x21,
    0x00, 0x20, 0x00, 0x21, 0x08, 0x41, 0x08, 0x61, 0x08, 0x61, 0x08, 0x61, 0x08, 0x41, 0x08, 0x41,
    0x08, 0x41, 0x08, 0x41, 0x00, 0x21, 0x00, 0x20, 0x00, 0x20, 0x00, 0x20, 0x08, 0x41, 0x08, 0x41,
    0x08, 0x41, 0x08, 0x41, 0x08, 0x41, 0x00, 0x21, 0x08, 0x41, 0x00, 0x21, 0x00, 0x20, 0x00, 0x20,
    0x00, 0x20, 0x00, 0x20, 0x00, 0x21, 0x00, 0x41, 0x00, 0x41, 0x00, 0x21, 0x00, 0x20, 0x00, 0x00,
    0x00, 0x00, 0x00, 0x20, 0x00, 0x20, 0x00, 0x20, 0x00, 0x20, 0x00, 0x20, 0x00, 0x20, 0x00, 0x41,
    0x08, 0x41, 0x08, 0x41, 0x08, 0x41, 0x08, 0x41, 0x00, 0x21, 0x00, 0x20, 0x00, 0x20, 0x00, 0x20,
    0x00, 0x20, 0x00, 0x20, 0x08, 0x41, 0x08, 0x41, 0x08, 0x41, 0x08, 0x41, 0x08, 0x41, 0x08, 0x41,
    0x08, 0x41, 0x00, 0x41, 0x00, 0x20, 0x00, 0x20, 0x00, 0x21, 0x08, 0x41, 0x08, 0x41, 0x08, 0x61,
    0x08, 0x61, 0x08, 0x61, 0x08, 0x61, 0x08, 0x61, 0x08, 0x41, 0x08, 0x41, 0x00, 0x41, 0x00, 0x21,
    0x00, 0x41, 0x08, 0x41, 0x08, 0x41, 0x08, 0x61, 0x08, 0x62, 0x08, 0x62, 0x08, 0x62, 0x08, 0x61,
    0x08, 0x61, 0x08, 0x41, 0x08, 0x41, 0x08, 0x41, 0x08, 0x41, 0x08, 0x41, 0x08, 0x61, 0x08, 0x62,
    0x08, 0x82, 0x10, 0x82, 0x08, 0x82, 0x08, 0x62, 0x08, 0x61, 0x08, 0x41, 0x08, 0x41, 0x08, 0x41,
    0x08, 0x41, 0x08, 0x41, 0x08, 0x61, 0x08, 0x82, 0x10, 0x82, 0x10, 0x82, 0x10, 0x82, 0x08, 0x82,
    0x08, 0x61, 0x08, 0x61, 0x08, 0x41, 0x08, 0x41, 0x08, 0x41, 0x08, 0x61, 0x08, 0x62, 0x08, 0x82,
    0x10, 0x82, 0x10, 0x82, 0x10, 0x82, 0x10, 0x82, 0x08, 0x62, 0x08, 0x61, 0x08, 0x41, 0x08, 0x41,
    0x08, 0x41, 0x08, 0x61, 0x08, 0x62, 0x10, 0x82, 0x10, 0x82, 0x10, 0xA2, 0x10, 0x82, 0x10, 0x82,
    0x08, 0x62, 0x08, 0x61, 0x08, 0x41, 0x08, 0x41, 0x08, 0x41, 0x08, 0x61, 0x08, 0x62, 0x10, 0x82,
    0x10, 0x82, 0x10, 0xA2, 0x10, 0x82, 0x10, 0x82, 0x08, 0x62, 0x08, 0x61, 0x08, 0x41, 0x08, 0x41,
    0x08, 0x41, 0x08, 0x61, 0x08, 0x62, 0x10, 0x82, 0x10, 0xA2, 0x10, 0xA2, 0x10, 0xA2, 0x10, 0x82,
    0x08, 0x62, 0x08, 0x61, 0x08, 0x41, 0x08, 0x41, 0x08, 0x41, 0x08, 0x61, 0x08, 0x62, 0x10, 0x82,
    0x10, 0x82, 0x10, 0xA2, 0x10, 0x82, 0x10, 0x82, 0x08, 0x62, 0x08, 0x61, 0x08, 0x41, 0x08, 0x41,
    0x08, 0x41, 0x08, 0x61, 0x08, 0x62, 0x10, 0x82, 0x10, 0x82, 0x10, 0xA2, 0x10, 0x82, 0x10, 0x82,
    0x08, 0x62, 0x08, 0x61, 0x08, 0x41, 0x08, 0x41, 0x08, 0x41, 0x08, 0x61, 0x08, 0x62, 0x10, 0x82,
    0x10, 0x82, 0x10, 0x82, 0x10, 0x82, 0x10, 0x82, 0x08, 0x62, 0x08, 0x61, 0x08, 0x41, 0x08, 0x41,
    0x08, 0x41, 0x08, 0x61, 0x08, 0x61, 0x08, 0x82, 0x10, 0x82, 0x10, 0x82, 0x10, 0x82, 0x08, 0x82,
    0x08, 0x61, 0x08, 0x41, 0x08, 0x41, 0x08, 0x41, 0x08, 0x41, 0x08, 0x41, 0x08, 0x61, 0x08, 0x62,
    0x10, 0x82, 0x10, 0x82, 0x10, 0x82, 0x08, 0x62, 0x08, 0x61, 0x08, 0x41, 0x08, 0x41, 0x08, 0x41,
    0x08, 0x41, 0x08, 0x41, 0x08, 0x61, 0x08, 0x62, 0x08, 0x62, 0x08, 0x82, 0x08, 0x62, 0x08, 0x61,
    0x08, 0x61, 0x08, 0x41, 0x08, 0x41, 0x00, 0x41, 0x08, 0x41, 0x08, 0x41, 0x08, 0x41, 0x08, 0x61,
    0x08, 0x61, 0x08, 0x62, 0x08, 0x61, 0x08, 0x61, 0x08, 0x41, 0x08, 0x41, 0x00, 0x21, 0x00, 0x20,
    0x00, 0x21, 0x08, 0x41, 0x08, 0x41, 0x08, 0x41, 0x08, 0x61, 0x08, 0x61, 0x08, 0x61, 0x08, 0x41,
    0x08, 0x41, 0x00, 0x21, 0x00, 0x20, 0x00, 0x20, 0x00, 0x20, 0x00, 0x21, 0x08, 0x41, 0x08, 0x41,
    0x08, 0x41, 0x08, 0x41, 0x08, 0x41, 0x08, 0x41, 0x00, 0x21, 0x00, 0x20, 0x00, 0x20, 0x00, 0x20,
    0x00, 0x20, 0x00, 0x20, 0x00, 0x20, 0x00, 0x21, 0x00, 0x41, 0x00, 0x41, 0x00, 0x21, 0x00, 0x00,
    0x00, 0x00, 0x00, 0x20, 0x00, 0x20, 0x00, 0x20, 0x00, 0x20, 0x00, 0x20, 0x00, 0x41, 0x08, 0x41,
    0x08, 0x41, 0x08, 0x41, 0x08, 0x41, 0x00, 0x21, 0x08, 0x41, 0x00, 0x21, 0x00, 0x20, 0x00, 0x20,
    0x00, 0x20, 0x00, 0x20, 0x08, 0x41, 0x08, 0x41, 0x08, 0x41, 0x08, 0x41, 0x08, 0x41, 0x08, 0x41,
    0x08, 0x41, 0x08, 0x41, 0x00, 0x41, 0x00, 0x20, 0x00, 0x20, 0x00, 0x21, 0x08, 0x41, 0x08, 0x61,
    0x08, 0x61, 0x08, 0x61, 0x08, 0x61, 0x08, 0x41, 0x08, 0x61, 0x08, 0x41, 0x08, 0x41, 0x00, 0x41,
    0x00, 0x21, 0x00, 0x41, 0x08, 0x61, 0x08, 0x62, 0x08, 0x62, 0x08, 0x62, 0x08, 0x61, 0x08, 0x61,
    0x08, 0x61, 0x08, 0x61, 0x08, 0x41, 0x08, 0x41, 0x08, 0x41, 0x08, 0x41, 0x08, 0x62, 0x08, 0x82,
    0x10, 0x82, 0x08, 0x82, 0x08, 0x62, 0x08, 0x61, 0x08, 0x62, 0x08, 0x61, 0x08, 0x41, 0x08, 0x41,
    0x08, 0x41, 0x08, 0x41, 0x08, 0x82, 0x10, 0x82, 0x10, 0x82, 0x10, 0x82, 0x08, 0x82, 0x08, 0x61,
    0x08, 0x82, 0x08, 0x61, 0x08, 0x61, 0x08, 0x41, 0x08, 0x41, 0x08, 0x41, 0x08, 0x82, 0x10, 0x82,
    0x10, 0x82, 0x10, 0x82, 0x10, 0x82, 0x08, 0x62, 0x10, 0x82, 0x08, 0x62, 0x08, 0x61, 0x08, 0x41,
    0x08, 0x41, 0x08, 0x41, 0x10, 0x82, 0x10, 0x82, 0x10, 0xA2, 0x10, 0x82, 0x10, 0x82, 0x08, 0x62,
    0x10, 0x82, 0x08, 0x62, 0x08, 0x61, 0x08, 0x41, 0x08, 0x41, 0x08, 0x41, 0x10, 0x82, 0x10, 0x82,
    0x10, 0xA2, 0x10, 0x82, 0x10, 0x82, 0x08, 0x62, 0x10, 0x82, 0x08, 0x62, 0x08, 0x61, 0x08, 0x41,
    0x08, 0x41, 0x08, 0x41, 0x10, 0x82, 0x10, 0xA2, 0x10, 0xA2, 0x10, 0xA2, 0x10, 0x82, 0x08, 0x62,
    0x10, 0x82, 0x08, 0x62, 0x08, 0x61, 0x08, 0x41, 0x08, 0x41, 0x08, 0x41, 0x10, 0x82, 0x10, 0xA2,
    0x10, 0xA2, 0x10, 0xA2, 0x10, 0x82, 0x08, 0x62, 0x10, 0x82, 0x08, 0x62, 0x08, 0x61, 0x08, 0x41,
    0x08, 0x41, 0x08, 0x41, 0x10, 0x82, 0x10, 0x82, 0x10, 0xA2, 0x10, 0x82, 0x10, 0x82, 0x08, 0x62,
    0x10, 0x82, 0x08, 0x62, 0x08, 0x61, 0x08, 0x41, 0x08, 0x41, 0x08, 0x41, 0x10, 0x82, 0x10, 0x82,
    0x10, 0x82, 0x10, 0x82, 0x10, 0x82, 0x08, 0x62, 0x10, 0x82, 0x08, 0x62, 0x08, 0x61, 0x08, 0x41,
    0x08, 0x41, 0x08, 0x41, 0x08, 0x82, 0x10, 0x82, 0x10, 0x82, 0x10, 0x82, 0x08, 0x82, 0x08, 0x61,
    0x08, 0x82, 0x08, 0x61, 0x08, 0x41, 0x08, 0x41, 0x08, 0x41, 0x08, 0x41, 0x08, 0x62, 0x10, 0x82,
    0x10, 0x82, 0x10, 0x82, 0x08, 0x62, 0x08, 0x61, 0x08, 0x62, 0x08, 0x61, 0x08, 0x41, 0x08, 0x41,
    0x08, 0x41, 0x08, 0x41, 0x08, 0x62, 0x08, 0x82, 0x08, 0x82, 0x08, 0x62, 0x08, 0x61, 0x08, 0x61,
    0x08, 0x61, 0x08, 0x61, 0x08, 0x41, 0x08, 0x41, 0x00, 0x41, 0x08, 0x41, 0x08, 0x61, 0x08, 0x62,
    0x08, 0x62, 0x08, 0x61, 0x08, 0x61, 0x08, 0x41, 0x08, 0x61, 0x08, 0x41, 0x08, 0x41, 0x00, 0x21,
    0x00, 0x20, 0x00, 0x21, 0x08, 0x41, 0x08, 0x61, 0x08, 0x61, 0x08, 0x61, 0x08, 0x41, 0x08, 0x41,
    0x08, 0x41, 0x08, 0x41, 0x00, 0x21, 0x00, 0x20, 0x00, 0x20, 0x00, 0x20, 0x08, 0x41, 0x08, 0x41,
    0x08, 0x41, 0x08, 0x41, 0x08, 0x41, 0x00, 0x21, 0x08, 0x41, 0x00, 0x21, 0x00, 0x20, 0x00, 0x20,
    0x00, 0x20, 0x00, 0x20, 0x00, 0x21, 0x00, 0x41, 0x00, 0x41, 0x00, 0x41, 0x00, 0x20, 0x00, 0x00,
    0x00, 0x00, 0x00, 0x20, 0x00, 0x20, 0x00, 0x20, 0x00, 0x20, 0x00, 0x20, 0x08, 0x41, 0x08, 0x41,
    0x08, 0x41, 0x08, 0x41, 0x00, 0x21, 0x00, 0x20, 0x08, 0x41, 0x08, 0x41, 0x00, 0x41, 0x00, 0x20,
    0x00, 0x20, 0x00, 0x20, 0x08, 0x41, 0x08, 0x41, 0x08, 0x41, 0x08, 0x41, 0x08, 0x41, 0x00, 0x21,
    0x08, 0x61, 0x08, 0x41, 0x08, 0x41, 0x00, 0x41, 0x00, 0x21, 0x00, 0x20, 0x08, 0x61, 0x08, 0x61,
    0x08, 0x61, 0x08, 0x61, 0x08, 0x41, 0x08, 0x41, 0x08, 0x61, 0x08, 0x61, 0x08, 0x41, 0x08, 0x41,
    0x00, 0x41, 0x00, 0x21, 0x08, 0x62, 0x08, 0x62, 0x08, 0x62, 0x08, 0x61, 0x08, 0x61, 0x08, 0x41,
    0x08, 0x62, 0x08, 0x61, 0x08, 0x61, 0x08, 0x41, 0x08, 0x41, 0x08, 0x41, 0x08, 0x82, 0x08, 0x82,
    0x08, 0x82, 0x08, 0x62, 0x08, 0x61, 0x08, 0x41, 0x08, 0x82, 0x08, 0x62, 0x08, 0x61, 0x08, 0x41,
    0x08, 0x41, 0x08, 0x41, 0x10, 0x82, 0x10, 0x82, 0x10, 0x82, 0x08, 0x82, 0x08, 0x61, 0x08, 0x41,
    0x10, 0x82, 0x08, 0x82, 0x08, 0x61, 0x08, 0x61, 0x08, 0x41, 0x08, 0x41, 0x10, 0x82, 0x10, 0x82,
    0x10, 0x82, 0x10, 0x82, 0x08, 0x62, 0x08, 0x61, 0x10, 0x82, 0x10, 0x82, 0x08, 0x62, 0x08, 0x61,
    0x08, 0x41, 0x08, 0x41, 0x10, 0x82, 0x10, 0xA2, 0x10, 0x82, 0x10, 0x82, 0x08, 0x62, 0x08, 0x61,
    0x10, 0x82, 0x10, 0x82, 0x08, 0x62, 0x08, 0x61, 0x08, 0x41, 0x08, 0x41, 0x10, 0x82, 0x10, 0xA2,
    0x10, 0x82, 0x10, 0x82, 0x08, 0x62, 0x08, 0x61, 0x10, 0xA2, 0x10, 0x82, 0x08, 0x62, 0x08, 0x61,
    0x08, 0x41, 0x08, 0x41, 0x10, 0xA2, 0x10, 0xA2, 0x10, 0xA2, 0x10, 0x82, 0x08, 0x62, 0x08, 0x61,
    0x10, 0xA2, 0x10, 0x82, 0x08, 0x62, 0x08, 0x61, 0x08, 0x41, 0x08, 0x41, 0x10, 0xA2, 0x10, 0xA2,
    0x10, 0xA2, 0x10, 0x82, 0x08, 0x62, 0x08, 0x61, 0x10, 0x82, 0x10, 0x82, 0x08, 0x62, 0x08, 0x61,
    0x08, 0x41, 0x08, 0x41, 0x10, 0x82, 0x10, 0xA2, 0x10, 0x82, 0x10, 0x82, 0x08, 0x62, 0x08, 0x61,
    0x10, 0x82, 0x10, 0x82, 0x08, 0x62, 0x08, 0x61, 0x08, 0x41, 0x08, 0x41, 0x10, 0x82, 0x10, 0x82,
    0x10, 0x82, 0x10, 0x82, 0x08, 0x62, 0x08, 0x61, 0x10, 0x82, 0x10, 0x82, 0x08, 0x62, 0x08, 0x61,
    0x08, 0x41, 0x08, 0x41, 0x10, 0x82, 0x10, 0x82, 0x10, 0x82, 0x08, 0x82, 0x08, 0x61, 0x08, 0x61,
    0x10, 0x82, 0x08, 0x82, 0x08, 0x61, 0x08, 0x41, 0x08, 0x41, 0x08, 0x41, 0x10, 0x82, 0x10, 0x82,
    0x10, 0x82, 0x08, 0x62, 0x08, 0x61, 0x08, 0x41, 0x08, 0x82, 0x08, 0x62, 0x08, 0x61, 0x08, 0x41,
    0x08, 0x41, 0x08, 0x41, 0x08, 0x82, 0x08, 0x82, 0x08, 0x82, 0x08, 0x61, 0x08, 0x61, 0x08, 0x41,
    0x08, 0x62, 0x08, 0x61, 0x08, 0x61, 0x08, 0x41, 0x08, 0x41, 0x00, 0x41, 0x08, 0x62, 0x08, 0x62,
    0x08, 0x61, 0x08, 0x61, 0x08, 0x41, 0x08, 0x41, 0x08, 0x61, 0x08, 0x61, 0x08, 0x41, 0x08, 0x41,
    0x00, 0x21, 0x00, 0x20, 0x08, 0x61, 0x08, 0x61, 0x08, 0x61, 0x08, 0x41, 0x08, 0x41, 0x00, 0x41,
    0x08, 0x41, 0x08, 0x41, 0x08, 0x41, 0x00, 0x21, 0x00, 0x20, 0x00, 0x20, 0x08, 0x41, 0x08, 0x41,
    0x08, 0x41, 0x08, 0x41, 0x00, 0x41, 0x00, 0x20, 0x08, 0x41, 0x08, 0x41, 0x00, 0x21, 0x00, 0x20,
    0x00, 0x20, 0x00, 0x20, 0x08, 0x41, 0x08, 0x41, 0x00, 0x41, 0x00, 0x21, 0x00, 0x20, 0x00, 0x00,
    0x00, 0x00, 0x00, 0x21, 0x00, 0x21, 0x00, 0x20, 0x00, 0x20, 0x00, 0x20, 0x08, 0x41, 0x08, 0x41,
    0x00, 0x41, 0x00, 0x21, 0x00, 0x20, 0x00, 0x20, 0x08, 0x41, 0x08, 0x41, 0x08, 0x41, 0x00, 0x41,
    0x00, 0x20, 0x00, 0x20, 0x08, 0x41, 0x08, 0x41, 0x08, 0x41, 0x08, 0x41, 0x00, 0x21, 0x00, 0x20,
    0x08, 0x61, 0x08, 0x61, 0x08, 0x41, 0x08, 0x41, 0x08, 0x41, 0x00, 0x21, 0x08, 0x61, 0x08, 0x61,
    0x08, 0x61, 0x08, 0x41, 0x08, 0x41, 0x00, 0x21, 0x08, 0x61, 0x08, 0x61, 0x08, 0x61, 0x08, 0x41,
    0x08, 0x41, 0x00, 0x41, 0x08, 0x62, 0x08, 0x62, 0x08, 0x61, 0x08, 0x61, 0x08, 0x41, 0x08, 0x41,
    0x08, 0x82, 0x08, 0x62, 0x08, 0x61, 0x08, 0x61, 0x08, 0x41, 0x08, 0x41, 0x08, 0x82, 0x08, 0x82,
    0x08, 0x62, 0x08, 0x61, 0x08, 0x41, 0x08, 0x41, 0x10, 0x82, 0x10, 0x82, 0x08, 0x62, 0x08, 0x61,
    0x08, 0x41, 0x08, 0x41, 0x10, 0x82, 0x10, 0x82, 0x08, 0x82, 0x08, 0x61, 0x08, 0x41, 0x08, 0x41,
    0x10, 0x82, 0x10, 0x82, 0x08, 0x82, 0x08, 0x61, 0x08, 0x61, 0x08, 0x41, 0x10, 0x82, 0x10, 0x82,
    0x10, 0x82, 0x08, 0x62, 0x08, 0x61, 0x08, 0x41, 0x10, 0x82, 0x10, 0x82, 0x10, 0x82, 0x08, 0x62,
    0x08, 0x61, 0x08, 0x41, 0x10, 0xA2, 0x10, 0x82, 0x10, 0x82, 0x08, 0x62, 0x08, 0x61, 0x08, 0x41,
    0x10, 0xA2, 0x10, 0x82, 0x10, 0x82, 0x08, 0x62, 0x08, 0x61, 0x08, 0x41, 0x10, 0xA2, 0x10, 0x82,
    0x10, 0x82, 0x08, 0x62, 0x08, 0x61, 0x08, 0x41, 0x10, 0xA2, 0x10, 0xA2, 0x10, 0x82, 0x08, 0x62,
    0x08, 0x61, 0x08, 0x41, 0x10, 0xA2, 0x10, 0xA2, 0x10, 0x82, 0x08, 0x62, 0x08, 0x61, 0x08, 0x41,
    0x10, 0xA2, 0x10, 0xA2, 0x10, 0x82, 0x08, 0x62, 0x08, 0x61, 0x08, 0x41, 0x10, 0xA2, 0x10, 0xA2,
    0x10, 0x82, 0x08, 0x62, 0x08, 0x61, 0x08, 0x41, 0x10, 0xA2, 0x10, 0x82, 0x10, 0x82, 0x08, 0x62,
    0x08, 0x61, 0x08, 0x41, 0x10, 0xA2, 0x10, 0x82, 0x10, 0x82, 0x08, 0x62, 0x08, 0x61, 0x08, 0x41,
    0x10, 0xA2, 0x10, 0x82, 0x10, 0x82, 0x08, 0x62, 0x08, 0x61, 0x08, 0x41, 0x10, 0x82, 0x10, 0x82,
    0x10, 0x82, 0x08, 0x62, 0x08, 0x61, 0x08, 0x41, 0x10, 0x82, 0x10, 0x82, 0x10, 0x82, 0x08, 0x62,
    0x08, 0x61, 0x08, 0x41, 0x10, 0x82, 0x10, 0x82, 0x08, 0x82, 0x08, 0x61, 0x08, 0x61, 0x08, 0x41,
    0x10, 0x82, 0x10, 0x82, 0x08, 0x82, 0x08, 0x61, 0x08, 0x41, 0x08, 0x41, 0x10, 0x82, 0x10, 0x82,
    0x08, 0x62, 0x08, 0x61, 0x08, 0x41, 0x08, 0x41, 0x10, 0x82, 0x08, 0x82, 0x08, 0x62, 0x08, 0x61,
    0x08, 0x41, 0x08, 0x41, 0x08, 0x82, 0x08, 0x82, 0x08, 0x62, 0x08, 0x61, 0x08, 0x41, 0x08, 0x41,
    0x08, 0x82, 0x08, 0x62, 0x08, 0x61, 0x08, 0x41, 0x08, 0x41, 0x08, 0x41, 0x08, 0x62, 0x08, 0x62,
    0x08, 0x61, 0x08, 0x41, 0x08, 0x41, 0x00, 0x41, 0x08, 0x61, 0x08, 0x61, 0x08, 0x61, 0x08, 0x41,
    0x08, 0x41, 0x00, 0x21, 0x08, 0x61, 0x08, 0x61, 0x08, 0x41, 0x08, 0x41, 0x00, 0x41, 0x00, 0x20,
    0x08, 0x61, 0x08, 0x41, 0x08, 0x41, 0x08, 0x41, 0x00, 0x21, 0x00, 0x20, 0x08, 0x41, 0x08, 0x41,
    0x08, 0x41, 0x00, 0x41, 0x00, 0x20, 0x00, 0x20, 0x08, 0x41, 0x08, 0x41, 0x08, 0x41, 0x00, 0x21,
    0x00, 0x20, 0x00, 0x20, 0x08, 0x41, 0x00, 0x41, 0x00, 0x21, 0x00, 0x20, 0x00, 0x20, 0x00, 0x00,
    0x00, 0x00, 0x00, 0x41, 0x00, 0x41, 0x00, 0x21, 0x00, 0x20, 0x00, 0x20, 0x08, 0x41, 0x00, 0x41,
    0x00, 0x21, 0x00, 0x20, 0x00, 0x20, 0x00, 0x20, 0x08, 0x41, 0x08, 0x41, 0x08, 0x41, 0x08, 0x41,
    0x00, 0x41, 0x00, 0x21, 0x08, 0x41, 0x08, 0x41, 0x08, 0x41, 0x00, 0x21, 0x00, 0x20, 0x00, 0x20,
    0x08, 0x61, 0x08, 0x61, 0x08, 0x61, 0x08, 0x41, 0x08, 0x41, 0x08, 0x41, 0x08, 0x61, 0x08, 0x61,
    0x08, 0x41, 0x08, 0x41, 0x00, 0x21, 0x00, 0x21, 0x08, 0x61, 0x08, 0x62, 0x08, 0x61, 0x08, 0x61,
    0x08, 0x41, 0x08, 0x41, 0x08, 0x62, 0x08, 0x61, 0x08, 0x41, 0x08, 0x41, 0x08, 0x41, 0x00, 0x41,
    0x08, 0x62, 0x08, 0x82, 0x08, 0x62, 0x08, 0x62, 0x08, 0x61, 0x08, 0x41, 0x08, 0x82, 0x08, 0x62,
    0x08, 0x61, 0x08, 0x41, 0x08, 0x41, 0x08, 0x41, 0x10, 0x82, 0x10, 0x82, 0x10, 0x82, 0x08, 0x62,
    0x08, 0x61, 0x08, 0x41, 0x10, 0x82, 0x08, 0x82, 0x08, 0x61, 0x08, 0x41, 0x08, 0x41, 0x08, 0x41,
    0x10, 0x82, 0x10, 0x82, 0x10, 0x82, 0x08, 0x82, 0x08, 0x62, 0x08, 0x61, 0x10, 0x82, 0x10, 0x82,
    0x08, 0x62, 0x08, 0x61, 0x08, 0x41, 0x08, 0x41, 0x10, 0x82, 0x10, 0x82, 0x10, 0x82, 0x10, 0x82,
    0x08, 0x62, 0x08, 0x61, 0x10, 0x82, 0x10, 0x82, 0x08, 0x62, 0x08, 0x61, 0x08, 0x41, 0x08, 0x41,
    0x10, 0x82, 0x10, 0xA2, 0x10, 0x82, 0x10, 0x82, 0x08, 0x62, 0x08, 0x61, 0x10, 0x82, 0x10, 0x82,
    0x08, 0x62, 0x08, 0x61, 0x08, 0x41, 0x08, 0x41, 0x10, 0xA2, 0x10, 0xA2, 0x10, 0xA2, 0x10, 0x82,
    0x08, 0x62, 0x08, 0x61, 0x10, 0xA2, 0x10, 0x82, 0x08, 0x62, 0x08, 0x61, 0x08, 0x41, 0x08, 0x41,
    0x10, 0xA2, 0x10, 0xA2, 0x10, 0xA2, 0x10, 0x82, 0x08, 0x62, 0x08, 0x61, 0x10, 0xA2, 0x10, 0x82,
    0x08, 0x62, 0x08, 0x61, 0x08, 0x41, 0x08, 0x41, 0x10, 0xA2, 0x10, 0xA2, 0x10, 0x82, 0x10, 0x82,
    0x08, 0x62, 0x08, 0x61, 0x10, 0x82, 0x10, 0x82, 0x08, 0x62, 0x08, 0x61, 0x08, 0x41, 0x08, 0x41,
    0x10, 0x82, 0x10, 0xA2, 0x10, 0x82, 0x10, 0x82, 0x08, 0x62, 0x08, 0x61, 0x10, 0x82, 0x10, 0x82,
    0x08, 0x62, 0x08, 0x61, 0x08, 0x41, 0x08, 0x41, 0x10, 0x82, 0x10, 0x82, 0x10, 0x82, 0x10, 0x82,
    0x08, 0x62, 0x08, 0x61, 0x10, 0x82, 0x08, 0x82, 0x08, 0x61, 0x08, 0x61, 0x08, 0x41, 0x08, 0x41,
    0x10, 0x82, 0x10, 0x82, 0x10, 0x82, 0x08, 0x82, 0x08, 0x61, 0x08, 0x41, 0x10, 0x82, 0x08, 0x62,
    0x08, 0x61, 0x08, 0x41, 0x08, 0x41, 0x08, 0x41, 0x08, 0x82, 0x10, 0x82, 0x08, 0x82, 0x08, 0x62,
    0x08, 0x61, 0x08, 0x41, 0x08, 0x82, 0x08, 0x62, 0x08, 0x61, 0x08, 0x41, 0x08, 0x41, 0x00, 0x41,
    0x08, 0x62, 0x08, 0x62, 0x08, 0x62, 0x08, 0x61, 0x08, 0x41, 0x08, 0x41, 0x08, 0x62, 0x08, 0x61,
    0x08, 0x41, 0x08, 0x41, 0x00, 0x41, 0x00, 0x21, 0x08, 0x61, 0x08, 0x61, 0x08, 0x61, 0x08, 0x61,
    0x08, 0x41, 0x08, 0x41, 0x08, 0x61, 0x08, 0x41, 0x08, 0x41, 0x00, 0x41, 0x00, 0x20, 0x00, 0x20,
    0x08, 0x61, 0x08, 0x61, 0x08, 0x41, 0x08, 0x41, 0x08, 0x41, 0x00, 0x21, 0x08, 0x41, 0x08, 0x41,
    0x00, 0x41, 0x00, 0x20, 0x00, 0x20, 0x00, 0x20, 0x08, 0x41, 0x08, 0x41, 0x08, 0x41, 0x00, 0x41,
    0x00, 0x20, 0x00, 0x20, 0x08, 0x41, 0x00, 0x21, 0x00, 0x20, 0x00, 0x20, 0x00, 0x20, 0x00, 0x00,
    0x00, 0x00, 0x00, 0x21, 0x00, 0x41, 0x00, 0x41, 0x00, 0x21, 0x00, 0x20, 0x00, 0x41, 0x00, 0x20,
    0x00, 0x20, 0x00, 0x20, 0x00, 0x20, 0x00, 0x20, 0x08, 0x41, 0x08, 0x41, 0x08, 0x41, 0x08, 0x41,
    0x08, 0x41, 0x08, 0x41, 0x08, 0x41, 0x08, 0x41, 0x00, 0x21, 0x00, 0x20, 0x00, 0x20, 0x00, 0x20,
    0x08, 0x41, 0x08, 0x61, 0x08, 0x61, 0x08, 0x61, 0x08, 0x41, 0x08, 0x41, 0x08, 0x41, 0x08, 0x41,
    0x08, 0x41, 0x00, 0x21, 0x00, 0x21, 0x00, 0x41, 0x08, 0x61, 0x08, 0x61, 0x08, 0x62, 0x08, 0x61,
    0x08, 0x61, 0x08, 0x41, 0x08, 0x61, 0x08, 0x41, 0x08, 0x41, 0x08, 0x41, 0x00, 0x41, 0x08, 0x41,
    0x08, 0x61, 0x08, 0x62, 0x08, 0x82, 0x08, 0x82, 0x08, 0x62, 0x08, 0x61, 0x08, 0x62, 0x08, 0x61,
    0x08, 0x41, 0x08, 0x41, 0x08, 0x41, 0x08, 0x41, 0x08, 0x62, 0x10, 0x82, 0x10, 0x82, 0x10, 0x82,
    0x08, 0x62, 0x08, 0x61, 0x08, 0x82, 0x08, 0x61, 0x08, 0x41, 0x08, 0x41, 0x08, 0x41, 0x08, 0x41,
    0x08, 0x82, 0x10, 0x82, 0x10, 0x82, 0x10, 0x82, 0x08, 0x82, 0x08, 0x62, 0x08, 0x82, 0x08, 0x62,
    0x08, 0x61, 0x08, 0x41, 0x08, 0x41, 0x08, 0x41, 0x10, 0x82, 0x10, 0x82, 0x10, 0x82, 0x10, 0x82,
    0x10, 0x82, 0x08, 0x62, 0x10, 0x82, 0x08, 0x62, 0x08, 0x61, 0x08, 0x41, 0x08, 0x41, 0x08, 0x41,
    0x10, 0x82, 0x10, 0x82, 0x10, 0xA2, 0x10, 0x82, 0x10, 0x82, 0x08, 0x62, 0x10, 0x82, 0x08, 0x62,
    0x08, 0x61, 0x08, 0x41, 0x08, 0x41, 0x08, 0x41, 0x10, 0x82, 0x10, 0xA2, 0x10, 0xA2, 0x10, 0xA2,
    0x10, 0x82, 0x08, 0x62, 0x10, 0x82, 0x08, 0x62, 0x08, 0x61, 0x08, 0x41, 0x08, 0x41, 0x08, 0x41,
    0x10, 0x82, 0x10, 0xA2, 0x10, 0xA2, 0x10, 0xA2, 0x10, 0x82, 0x08, 0x62, 0x10, 0x82, 0x08, 0x62,
    0x08, 0x61, 0x08, 0x41, 0x08, 0x41, 0x08, 0x41, 0x10, 0x82, 0x10, 0xA2, 0x10, 0xA2, 0x10, 0x82,
    0x10, 0x82, 0x08, 0x62, 0x10, 0x82, 0x08, 0x62, 0x08, 0x61, 0x08, 0x41, 0x08, 0x41, 0x08, 0x41,
    0x10, 0x82, 0x10, 0x82, 0x10, 0xA2, 0x10, 0x82, 0x10, 0x82, 0x08, 0x62, 0x10, 0x82, 0x08, 0x62,
    0x08, 0x61, 0x08, 0x41, 0x08, 0x41, 0x08, 0x41, 0x10, 0x82, 0x10, 0x82, 0x10, 0x82, 0x10, 0x82,
    0x10, 0x82, 0x08, 0x62, 0x08, 0x82, 0x08, 0x62, 0x08, 0x61, 0x08, 0x41, 0x08, 0x41, 0x08, 0x41,
    0x08, 0x82, 0x10, 0x82, 0x10, 0x82, 0x10, 0x82, 0x08, 0x82, 0x08, 0x61, 0x08, 0x82, 0x08, 0x61,
    0x08, 0x41, 0x08, 0x41, 0x08, 0x41, 0x08, 0x41, 0x08, 0x62, 0x08, 0x82, 0x10, 0x82, 0x08, 0x82,
    0x08, 0x62, 0x08, 0x61, 0x08, 0x62, 0x08, 0x61, 0x08, 0x41, 0x08, 0x41, 0x08, 0x41, 0x08, 0x41,
    0x08, 0x61, 0x08, 0x62, 0x08, 0x62, 0x08, 0x62, 0x08, 0x61, 0x08, 0x41, 0x08, 0x61, 0x08, 0x41,
    0x08, 0x41, 0x00, 0x41, 0x00, 0x21, 0x00, 0x41, 0x08, 0x61, 0x08, 0x61, 0x08, 0x61, 0x08, 0x61,
    0x08, 0x61, 0x08, 0x41, 0x08, 0x41, 0x08, 0x41, 0x00, 0x41, 0x00, 0x20, 0x00, 0x20, 0x00, 0x20,
    0x08, 0x41, 0x08, 0x41, 0x08, 0x61, 0x08, 0x41, 0x08, 0x41, 0x08, 0x41, 0x08, 0x41, 0x08, 0x41,
    0x00, 0x20, 0x00, 0x20, 0x00, 0x20, 0x00, 0x20, 0x08, 0x41, 0x08, 0x41, 0x08, 0x41, 0x08, 0x41,
    0x00, 0x41, 0x00, 0x20, 0x00, 0x21, 0x00, 0x20, 0x00, 0x20, 0x00, 0x20, 0x00, 0x20, 0x00, 0x00,
    0x00, 0x00, 0x00, 0x20, 0x00, 0x41, 0x08, 0x41, 0x08, 0x41, 0x00, 0x21, 0x00, 0x20, 0x00, 0x20,
    0x00, 0x20, 0x00, 0x20, 0x00, 0x20, 0x00, 0x20, 0x00, 0x21, 0x08, 0x41, 0x08, 0x41, 0x08, 0x41,
    0x08, 0x41, 0x08, 0x41, 0x08, 0x41, 0x00, 0x21, 0x00, 0x20, 0x00, 0x20, 0x00, 0x20, 0x00, 0x41,
    0x08, 0x41, 0x08, 0x41, 0x08, 0x61, 0x08, 0x61, 0x08, 0x61, 0x08, 0x41, 0x08, 0x41, 0x08, 0x41,
    0x00, 0x21, 0x00, 0x21, 0x00, 0x21, 0x08, 0x41, 0x08, 0x41, 0x08, 0x61, 0x08, 0x61, 0x08, 0x62,
    0x08, 0x62, 0x08, 0x61, 0x08, 0x41, 0x08, 0x41, 0x08, 0x41, 0x00, 0x41, 0x08, 0x41, 0x08, 0x41,
    0x08, 0x61, 0x08, 0x61, 0x08, 0x62, 0x08, 0x82, 0x08, 0x82, 0x08, 0x62, 0x08, 0x61, 0x08, 0x41,
    0x08, 0x41, 0x08, 0x41, 0x08, 0x41, 0x08, 0x41, 0x08, 0x61, 0x08, 0x62, 0x10, 0x82, 0x10, 0x82,
    0x10, 0x82, 0x08, 0x82, 0x08, 0x61, 0x08, 0x41, 0x08, 0x41, 0x08, 0x41, 0x08, 0x41, 0x08, 0x61,
    0x08, 0x61, 0x08, 0x82, 0x10, 0x82, 0x10, 0x82, 0x10, 0x82, 0x08, 0x82, 0x08, 0x62, 0x08, 0x61,
    0x08, 0x41, 0x08, 0x41, 0x08, 0x41, 0x08, 0x61, 0x08, 0x62, 0x10, 0x82, 0x10, 0x82, 0x10, 0x82,
    0x10, 0x82, 0x10, 0x82, 0x08, 0x62, 0x08, 0x61, 0x08, 0x41, 0x08, 0x41, 0x08, 0x41, 0x08, 0x61,
    0x08, 0x62, 0x10, 0x82, 0x10, 0x82, 0x10, 0xA2, 0x10, 0x82, 0x10, 0x82, 0x08, 0x62, 0x08, 0x61,
    0x08, 0x41, 0x08, 0x41, 0x08, 0x41, 0x08, 0x61, 0x08, 0x62, 0x10, 0x82, 0x10, 0xA2, 0x10, 0xA2,
    0x10, 0xA2, 0x10, 0x82, 0x08, 0x62, 0x08, 0x61, 0x08, 0x41, 0x08, 0x41, 0x08, 0x41, 0x08, 0x61,
    0x08, 0x62, 0x10, 0x82, 0x10, 0xA2, 0x10, 0xA2, 0x10, 0xA2, 0x10, 0x82, 0x08, 0x62, 0x08, 0x61,
    0x08, 0x41, 0x08, 0x41, 0x08, 0x41, 0x08, 0x61, 0x08, 0x62, 0x10, 0x82, 0x10, 0xA2, 0x10, 0xA2,
    0x10, 0x82, 0x10, 0x82, 0x08, 0x62, 0x08, 0x61, 0x08, 0x41, 0x08, 0x41, 0x08, 0x41, 0x08, 0x61,
    0x08, 0x62, 0x10, 0x82, 0x10, 0x82, 0x10, 0xA2, 0x10, 0x82, 0x10, 0x82, 0x08, 0x62, 0x08, 0x61,
    0x08, 0x41, 0x08, 0x41, 0x08, 0x41, 0x08, 0x61, 0x08, 0x62, 0x10, 0x82, 0x10, 0x82, 0x10, 0x82,
    0x10, 0x82, 0x10, 0x82, 0x08, 0x62, 0x08, 0x61, 0x08, 0x41, 0x08, 0x41, 0x08, 0x41, 0x08, 0x61,
    0x08, 0x61, 0x08, 0x82, 0x10, 0x82, 0x10, 0x82, 0x10, 0x82, 0x08, 0x82, 0x08, 0x61, 0x08, 0x41,
    0x08, 0x41, 0x08, 0x41, 0x08, 0x41, 0x08, 0x41, 0x08, 0x61, 0x08, 0x62, 0x08, 0x82, 0x10, 0x82,
    0x08, 0x82, 0x08, 0x62, 0x08, 0x61, 0x08, 0x41, 0x08, 0x41, 0x08, 0x41, 0x08, 0x41, 0x08, 0x41,
    0x08, 0x61, 0x08, 0x61, 0x08, 0x62, 0x08, 0x62, 0x08, 0x62, 0x08, 0x61, 0x08, 0x41, 0x08, 0x41,
    0x00, 0x41, 0x00, 0x21, 0x00, 0x41, 0x08, 0x41, 0x08, 0x41, 0x08, 0x61, 0x08, 0x61, 0x08, 0x61,
    0x08, 0x61, 0x08, 0x61, 0x08, 0x41, 0x08, 0x41, 0x00, 0x21, 0x00, 0x20, 0x00, 0x20, 0x00, 0x41,
    0x08, 0x41, 0x08, 0x41, 0x08, 0x41, 0x08, 0x41, 0x08, 0x41, 0x08, 0x41, 0x08, 0x41, 0x00, 0x20,
    0x00, 0x20, 0x00, 0x20, 0x00, 0x20, 0x00, 0x20, 0x00, 0x21, 0x08, 0x41, 0x08, 0x41, 0x08, 0x41,
    0x08, 0x41, 0x00, 0x41, 0x00, 0x20, 0x00, 0x20, 0x00, 0x20, 0x00, 0x20, 0x00, 0x20, 0x00, 0x00,
    0x00, 0x20, 0x00, 0x21, 0x00, 0x41, 0x00, 0x41, 0x00, 0x21, 0x00, 0x20, 0x00, 0x41, 0x00, 0x20,
    0x00, 0x20, 0x00, 0x20, 0x00, 0x20, 0x00, 0x20, 0x08, 0x41, 0x08, 0x41, 0x08, 0x41, 0x08, 0x41,
    0x08, 0x41, 0x08, 0x41, 0x08, 0x41, 0x08, 0x41, 0x00, 0x21, 0x00, 0x20, 0x00, 0x20, 0x00, 0x20,
    0x08, 0x41, 0x08, 0x61, 0x08, 0x61, 0x08, 0x61, 0x08, 0x41, 0x08, 0x41, 0x08, 0x61, 0x08, 0x41,
    0x08, 0x41, 0x00, 0x21, 0x00, 0x21, 0x00, 0x41, 0x08, 0x61, 0x08, 0x61, 0x08, 0x62, 0x08, 0x62,
    0x08, 0x61, 0x08, 0x41, 0x08, 0x61, 0x08, 0x41, 0x08, 0x41, 0x08, 0x41, 0x00, 0x41, 0x08, 0x41,
    0x08, 0x61, 0x08, 0x62, 0x08, 0x82, 0x08, 0x82, 0x08, 0x62, 0x08, 0x61, 0x08, 0x62, 0x08, 0x61,
    0x08, 0x41, 0x08, 0x41, 0x08, 0x41, 0x08, 0x41, 0x08, 0x62, 0x10, 0x82, 0x10, 0x82, 0x10, 0x82,
    0x08, 0x62, 0x08, 0x61, 0x08, 0x82, 0x08, 0x61, 0x08, 0x41, 0x08, 0x41, 0x08, 0x41, 0x08, 0x41,
    0x08, 0x82, 0x10, 0x82, 0x10, 0x82, 0x10, 0x82, 0x08, 0x82, 0x08, 0x62, 0x10, 0x82, 0x08, 0x62,
    0x08, 0x61, 0x08, 0x41, 0x08, 0x41, 0x08, 0x41, 0x10, 0x82, 0x10, 0x82, 0x10, 0x82, 0x10, 0x82,
    0x10, 0x82, 0x08, 0x62, 0x10, 0x82, 0x08, 0x62, 0x08, 0x61, 0x08, 0x41, 0x08, 0x41, 0x08, 0x41,
    0x10, 0x82, 0x10, 0x82, 0x10, 0xA2, 0x10, 0x82, 0x10, 0x82, 0x08, 0x62, 0x10, 0x82, 0x08, 0x62,
    0x08, 0x61, 0x08, 0x41, 0x08, 0x41, 0x08, 0x41, 0x10, 0x82, 0x10, 0xA2, 0x10, 0xA2, 0x10, 0xA2,
    0x10, 0x82, 0x08, 0x62, 0x10, 0x82, 0x08, 0x62, 0x08, 0x61, 0x08, 0x41, 0x08, 0x41, 0x08, 0x41,
    0x10, 0x82, 0x10, 0xA2, 0x10, 0xA2, 0x10, 0xA2, 0x10, 0x82, 0x08, 0x62, 0x10, 0x82, 0x08, 0x62,
    0x08, 0x61, 0x08, 0x41, 0x08, 0x41, 0x08, 0x41, 0x10, 0x82, 0x10, 0xA2, 0x10, 0xA2, 0x10, 0xA2,
    0x10, 0x82, 0x08, 0x62, 0x10, 0x82, 0x08, 0x62, 0x08, 0x61, 0x08, 0x41, 0x08, 0x41, 0x08, 0x41,
    0x10, 0x82, 0x10, 0x82, 0x10, 0xA2, 0x10, 0x82, 0x10, 0x82, 0x08, 0x62, 0x10, 0x82, 0x08, 0x62,
    0x08, 0x61, 0x08, 0x41, 0x08, 0x41, 0x08, 0x41, 0x10, 0x82, 0x10, 0x82, 0x10, 0x82, 0x10, 0x82,
    0x10, 0x82, 0x08, 0x62, 0x08, 0x82, 0x08, 0x62, 0x08, 0x61, 0x08, 0x41, 0x08, 0x41, 0x08, 0x41,
    0x08, 0x82, 0x10, 0x82, 0x10, 0x82, 0x10, 0x82, 0x08, 0x82, 0x08, 0x61, 0x08, 0x82, 0x08, 0x61,
    0x08, 0x41, 0x08, 0x41, 0x08, 0x41, 0x08, 0x41, 0x08, 0x62, 0x08, 0x82, 0x10, 0x82, 0x08, 0x82,
    0x08, 0x62, 0x08, 0x61, 0x08, 0x62, 0x08, 0x61, 0x08, 0x41, 0x08, 0x41, 0x08, 0x41, 0x08, 0x41,
    0x08, 0x61, 0x08, 0x62, 0x08, 0x62, 0x08, 0x62, 0x08, 0x61, 0x08, 0x41, 0x08, 0x61, 0x08, 0x41,
    0x08, 0x41, 0x00, 0x41, 0x00, 0x21, 0x00, 0x41, 0x08, 0x61, 0x08, 0x61, 0x08, 0x61, 0x08, 0x61,
    0x08, 0x61, 0x08, 0x41, 0x08, 0x41, 0x08, 0x41, 0x00, 0x41, 0x00, 0x20, 0x00, 0x20, 0x00, 0x20,
    0x08, 0x41, 0x08, 0x41, 0x08, 0x61, 0x08, 0x41, 0x08, 0x41, 0x08, 0x41, 0x08, 0x41, 0x08, 0x41,
    0x00, 0x20, 0x00, 0x20, 0x00, 0x20, 0x00, 0x20, 0x08, 0x41, 0x08, 0x41, 0x08, 0x41, 0x08, 0x41,
    0x00, 0x41, 0x00, 0x20, 0x00, 0x21, 0x00, 0x20, 0x00, 0x20, 0x00, 0x20, 0x00, 0x20, 0x00, 0x20,
    0x00, 0x21, 0x00, 0x41, 0x00, 0x41, 0x00, 0x21, 0x00, 0x20, 0x00, 0x20, 0x08, 0x41, 0x00, 0x41,
    0x00, 0x21, 0x00, 0x20, 0x00, 0x20, 0x00, 0x20, 0x08, 0x41, 0x08, 0x41, 0x08, 0x41, 0x08, 0x41,
    0x08, 0x41, 0x00, 0x21, 0x08, 0x41, 0x08, 0x41, 0x08, 0x41, 0x00, 0x21, 0x00, 0x20, 0x00, 0x20,
    0x08, 0x61, 0x08, 0x61, 0x08, 0x61, 0x08, 0x41, 0x08, 0x41, 0x08, 0x41, 0x08, 0x61, 0x08, 0x61,
    0x08, 0x41, 0x08, 0x41, 0x00, 0x21, 0x00, 0x21, 0x08, 0x61, 0x08, 0x62, 0x08, 0x61, 0x08, 0x61,
    0x08, 0x41, 0x08, 0x41, 0x08, 0x62, 0x08, 0x61, 0x08, 0x61, 0x08, 0x41, 0x08, 0x41, 0x00, 0x41,
    0x08, 0x62, 0x08, 0x82, 0x08, 0x82, 0x08, 0x62, 0x08, 0x61, 0x08, 0x41, 0x08, 0x82, 0x08, 0x62,
    0x08, 0x61, 0x08, 0x41, 0x08, 0x41, 0x08, 0x41, 0x10, 0x82, 0x10, 0x82, 0x10, 0x82, 0x08, 0x62,
    0x08, 0x61, 0x08, 0x41, 0x10, 0x82, 0x08, 0x82, 0x08, 0x61, 0x08, 0x41, 0x08, 0x41, 0x08, 0x41,
    0x10, 0x82, 0x10, 0x82, 0x10, 0x82, 0x08, 0x82, 0x08, 0x62, 0x08, 0x61, 0x10, 0x82, 0x10, 0x82,
    0x08, 0x62, 0x08, 0x61, 0x08, 0x41, 0x08, 0x41, 0x10, 0x82, 0x10, 0x82, 0x10, 0x82, 0x10, 0x82,
    0x08, 0x62, 0x08, 0x61, 0x10, 0x82, 0x10, 0x82, 0x08, 0x62, 0x08, 0x61, 0x08, 0x41, 0x08, 0x41,
    0x10, 0x82, 0x10, 0xA2, 0x10, 0x82, 0x10, 0x82, 0x08, 0x62, 0x08, 0x61, 0x10, 0x82, 0x10, 0x82,
    0x08, 0x62, 0x08, 0x61, 0x08, 0x41, 0x08, 0x41, 0x10, 0xA2, 0x10, 0xA2, 0x10, 0xA2, 0x10, 0x82,
    0x08, 0x62, 0x08, 0x61, 0x10, 0xA2, 0x10, 0x82, 0x08, 0x62, 0x08, 0x61, 0x08, 0x41, 0x08, 0x41,
    0x10, 0xA2, 0x10, 0xA2, 0x10, 0xA2, 0x10, 0x82, 0x08, 0x62, 0x08, 0x61, 0x10, 0xA2, 0x10, 0x82,
    0x08, 0x62, 0x08, 0x61, 0x08, 0x41, 0x08, 0x41, 0x10, 0xA2, 0x10, 0xA2, 0x10, 0xA2, 0x10, 0x82,
    0x08, 0x62, 0x08, 0x61, 0x10, 0x82, 0x10, 0x82, 0x08, 0x62, 0x08, 0x61, 0x08, 0x41, 0x08, 0x41,
    0x10, 0x82, 0x10, 0xA2, 0x10, 0x82, 0x10, 0x82, 0x08, 0x62, 0x08, 0x61, 0x10, 0x82, 0x10, 0x82,
    0x08, 0x62, 0x08, 0x61, 0x08, 0x41, 0x08, 0x41, 0x10, 0x82, 0x10, 0x82, 0x10, 0x82, 0x10, 0x82,
    0x08, 0x62, 0x08, 0x61, 0x10, 0x82, 0x08, 0x82, 0x08, 0x62, 0x08, 0x61, 0x08, 0x41, 0x08, 0x41,
    0x10, 0x82, 0x10, 0x82, 0x10, 0x82, 0x08, 0x82, 0x08, 0x61, 0x08, 0x41, 0x10, 0x82, 0x08, 0x62,
    0x08, 0x61, 0x08, 0x41, 0x08, 0x41, 0x08, 0x41, 0x10, 0x82, 0x10, 0x82, 0x08, 0x82, 0x08, 0x62,
    0x08, 0x61, 0x08, 0x41, 0x08, 0x82, 0x08, 0x62, 0x08, 0x61, 0x08, 0x41, 0x08, 0x41, 0x08, 0x41,
    0x08, 0x62, 0x08, 0x82, 0x08, 0x62, 0x08, 0x61, 0x08, 0x41, 0x08, 0x41, 0x08, 0x62, 0x08, 0x61,
    0x08, 0x41, 0x08, 0x41, 0x00, 0x41, 0x00, 0x21, 0x08, 0x61, 0x08, 0x61, 0x08, 0x61, 0x08, 0x61,
    0x08, 0x41, 0x08, 0x41, 0x08, 0x61, 0x08, 0x41, 0x08, 0x41, 0x00, 0x41, 0x00, 0x20, 0x00, 0x20,
    0x08, 0x61, 0x08, 0x61, 0x08, 0x41, 0x08, 0x41, 0x08, 0x41, 0x00, 0x21, 0x08, 0x41, 0x08, 0x41,
    0x00, 0x41, 0x00, 0x20, 0x00, 0x20, 0x00, 0x20, 0x08, 0x41, 0x08, 0x41, 0x08, 0x41, 0x08, 0x41,
    0x00, 0x20, 0x00, 0x20, 0x08, 0x41, 0x00, 0x21, 0x00, 0x20, 0x00, 0x20, 0x00, 0x20, 0x00, 0x20,
    0x00, 0x41, 0x00, 0x21, 0x00, 0x21, 0x00, 0x20, 0x00, 0x20, 0x00, 0x20, 0x08, 0x41, 0x08, 0x41,
    0x08, 0x41, 0x00, 0x21, 0x00, 0x20, 0x00, 0x20, 0x08, 0x41, 0x08, 0x41, 0x08, 0x41, 0x00, 0x41,
    0x00, 0x20, 0x00, 0x20, 0x08, 0x41, 0x08, 0x41, 0x08, 0x41, 0x08, 0x41, 0x00, 0x21, 0x00, 0x20,
    0x08, 0x61, 0x08, 0x61, 0x08, 0x41, 0x08, 0x41, 0x08, 0x41, 0x00, 0x21, 0x08, 0x61, 0x08, 0x61,
    0x08, 0x61, 0x08, 0x41, 0x08, 0x41, 0x00, 0x41, 0x08, 0x62, 0x08, 0x61, 0x08, 0x61, 0x08, 0x41,
    0x08, 0x41, 0x08, 0x41, 0x08, 0x62, 0x08, 0x62, 0x08, 0x61, 0x08, 0x61, 0x08, 0x41, 0x08, 0x41,
    0x08, 0x82, 0x08, 0x62, 0x08, 0x62, 0x08, 0x61, 0x08, 0x41, 0x08, 0x41, 0x10, 0x82, 0x08, 0x82,
    0x08, 0x62, 0x08, 0x61, 0x08, 0x41, 0x08, 0x41, 0x10, 0x82, 0x10, 0x82, 0x08, 0x62, 0x08, 0x61,
    0x08, 0x41, 0x08, 0x41, 0x10, 0x82, 0x10, 0x82, 0x08, 0x82, 0x08, 0x61, 0x08, 0x61, 0x08, 0x41,
    0x10, 0x82, 0x10, 0x82, 0x08, 0x82, 0x08, 0x62, 0x08, 0x61, 0x08, 0x41, 0x10, 0x82, 0x10, 0x82,
    0x10, 0x82, 0x08, 0x62, 0x08, 0x61, 0x08, 0x41, 0x10, 0x82, 0x10, 0x82, 0x10, 0x82, 0x08, 0x62,
    0x08, 0x61, 0x08, 0x41, 0x10, 0xA2, 0x10, 0x82, 0x10, 0x82, 0x08, 0x62, 0x08, 0x61, 0x08, 0x41,
    0x10, 0xA2, 0x10, 0x82, 0x10, 0x82, 0x08, 0x62, 0x08, 0x61, 0x08, 0x41, 0x10, 0xA2, 0x10, 0xA2,
    0x10, 0x82, 0x08, 0x62, 0x08, 0x61, 0x08, 0x41, 0x10, 0xA2, 0x10, 0xA2, 0x10, 0x82, 0x08, 0x62,
    0x08, 0x61, 0x08, 0x41, 0x10, 0xA2, 0x10, 0xA2, 0x10, 0x82, 0x08, 0x62, 0x08, 0x61, 0x08, 0x41,
    0x10, 0xA2, 0x10, 0xA2, 0x10, 0x82, 0x08, 0x62, 0x08, 0x61, 0x08, 0x41, 0x10, 0xA2, 0x10, 0xA2,
    0x10, 0x82, 0x08, 0x62, 0x08, 0x61, 0x08, 0x41, 0x10, 0xA2, 0x10, 0xA2, 0x10, 0x82, 0x08, 0x62,
    0x08, 0x61, 0x08, 0x41, 0x10, 0xA2, 0x10, 0x82, 0x10, 0x82, 0x08, 0x62, 0x08, 0x61, 0x08, 0x41,
    0x10, 0xA2, 0x10, 0x82, 0x10, 0x82, 0x08, 0x62, 0x08, 0x61, 0x08, 0x41, 0x10, 0xA2, 0x10, 0x82,
    0x10, 0x82, 0x08, 0x62, 0x08, 0x61, 0x08, 0x41, 0x10, 0x82, 0x10, 0x82, 0x10, 0x82, 0x08, 0x62,
    0x08, 0x61, 0x08, 0x41, 0x10, 0x82, 0x10, 0x82, 0x08, 0x82, 0x08, 0x61, 0x08, 0x61, 0x08, 0x41,
    0x10, 0x82, 0x10, 0x82, 0x08, 0x82, 0x08, 0x61, 0x08, 0x41, 0x08, 0x41, 0x10, 0x82, 0x10, 0x82,
    0x08, 0x62, 0x08, 0x61, 0x08, 0x41, 0x08, 0x41, 0x10, 0x82, 0x08, 0x82, 0x08, 0x62, 0x08, 0x61,
    0x08, 0x41, 0x08, 0x41, 0x08, 0x82, 0x08, 0x82, 0x08, 0x62, 0x08, 0x61, 0x08, 0x41, 0x08, 0x41,
    0x08, 0x82, 0x08, 0x62, 0x08, 0x61, 0x08, 0x61, 0x08, 0x41, 0x08, 0x41, 0x08, 0x62, 0x08, 0x62,
    0x08, 0x61, 0x08, 0x41, 0x08, 0x41, 0x00, 0x41, 0x08, 0x61, 0x08, 0x61, 0x08, 0x61, 0x08, 0x41,
    0x08, 0x41, 0x00, 0x21, 0x08, 0x61, 0x08, 0x61, 0x08, 0x41, 0x08, 0x41, 0x00, 0x41, 0x00, 0x20,
    0x08, 0x61, 0x08, 0x41, 0x08, 0x41, 0x08, 0x41, 0x00, 0x21, 0x00, 0x20, 0x08, 0x41, 0x08, 0x41,
    0x08, 0x41, 0x00, 0x41, 0x00, 0x20, 0x00, 0x20, 0x08, 0x41, 0x08, 0x41, 0x08, 0x41, 0x00, 0x21,
    0x00, 0x20, 0x00, 0x20, 0x08, 0x41, 0x08, 0x41, 0x00, 0x21, 0x00, 0x20, 0x00, 0x20, 0x00, 0x20,
    0x00, 0x21, 0x00, 0x20, 0x00, 0x20, 0x00, 0x20, 0x00, 0x20, 0x00, 0x20, 0x08, 0x41, 0x08, 0x41,
    0x08, 0x41, 0x08, 0x41, 0x00, 0x21, 0x00, 0x20, 0x08, 0x41, 0x08, 0x41, 0x00, 0x41, 0x00, 0x20,
    0x00, 0x20, 0x00, 0x20, 0x08, 0x41, 0x08, 0x41, 0x08, 0x41, 0x08, 0x41, 0x08, 0x41, 0x00, 0x41,
    0x08, 0x61, 0x08, 0x41, 0x08, 0x41, 0x00, 0x41, 0x00, 0x21, 0x00, 0x20, 0x08, 0x61, 0x08, 0x61,
    0x08, 0x61, 0x08, 0x61, 0x08, 0x41, 0x08, 0x41, 0x08, 0x61, 0x08, 0x61, 0x08, 0x41, 0x08, 0x41,
    0x00, 0x41, 0x00, 0x41, 0x08, 0x62, 0x08, 0x62, 0x08, 0x62, 0x08, 0x61, 0x08, 0x61, 0x08, 0x41,
    0x08, 0x62, 0x08, 0x61, 0x08, 0x61, 0x08, 0x41, 0x08, 0x41, 0x08, 0x41, 0x08, 0x82, 0x10, 0x82,
    0x08, 0x82, 0x08, 0x62, 0x08, 0x61, 0x08, 0x41, 0x10, 0x82, 0x08, 0x62, 0x08, 0x61, 0x08, 0x41,
    0x08, 0x41, 0x08, 0x41, 0x10, 0x82, 0x10, 0x82, 0x10, 0x82, 0x08, 0x82, 0x08, 0x61, 0x08, 0x61,
    0x10, 0x82, 0x08, 0x82, 0x08, 0x61, 0x08, 0x61, 0x08, 0x41, 0x08, 0x41, 0x10, 0x82, 0x10, 0x82,
    0x10, 0x82, 0x10, 0x82, 0x08, 0x62, 0x08, 0x61, 0x10, 0x82, 0x10, 0x82, 0x08, 0x62, 0x08, 0x61,
    0x08, 0x41, 0x08, 0x41, 0x10, 0x82, 0x10, 0xA2, 0x10, 0x82, 0x10, 0x82, 0x08, 0x62, 0x08, 0x61,
    0x10, 0x82, 0x10, 0x82, 0x08, 0x62, 0x08, 0x61, 0x08, 0x41, 0x08, 0x41, 0x10, 0xA2, 0x10, 0xA2,
    0x10, 0xA2, 0x10, 0x82, 0x08, 0x62, 0x08, 0x61, 0x10, 0xA2, 0x10, 0x82, 0x08, 0x62, 0x08, 0x61,
    0x08, 0x41, 0x08, 0x41, 0x10, 0xA2, 0x10, 0xA2, 0x10, 0xA2, 0x10, 0x82, 0x08, 0x62, 0x08, 0x61,
    0x10, 0xA2, 0x10, 0x82, 0x08, 0x62, 0x08, 0x61, 0x08, 0x41, 0x08, 0x41, 0x10, 0xA2, 0x10, 0xA2,
    0x10, 0xA2, 0x10, 0x82, 0x08, 0x62, 0x08, 0x61, 0x10, 0xA2, 0x10, 0x82, 0x08, 0x62, 0x08, 0x61,
    0x08, 0x41, 0x08, 0x41, 0x10, 0x82, 0x10, 0xA2, 0x10, 0x82, 0x10, 0x82, 0x08, 0x62, 0x08, 0x61,
    0x10, 0x82, 0x10, 0x82, 0x08, 0x62, 0x08, 0x61, 0x08, 0x41, 0x08, 0x41, 0x10, 0x82, 0x10, 0xA2,
    0x10, 0x82, 0x10, 0x82, 0x08, 0x62, 0x08, 0x61, 0x10, 0x82, 0x10, 0x82, 0x08, 0x62, 0x08, 0x61,
    0x08, 0x41, 0x08, 0x41, 0x10, 0x82, 0x10, 0x82, 0x10, 0x82, 0x08, 0x82, 0x08, 0x61, 0x08, 0x61,
    0x10, 0x82, 0x08, 0x82, 0x08, 0x61, 0x08, 0x41, 0x08, 0x41, 0x08, 0x41, 0x10, 0x82, 0x10, 0x82,
    0x10, 0x82, 0x08, 0x62, 0x08, 0x61, 0x08, 0x41, 0x10, 0x82, 0x08, 0x62, 0x08, 0x61, 0x08, 0x41,
    0x08, 0x41, 0x08, 0x41, 0x08, 0x82, 0x08, 0x82, 0x08, 0x82, 0x08, 0x62, 0x08, 0x61, 0x08, 0x41,
    0x08, 0x62, 0x08, 0x61, 0x08, 0x61, 0x08, 0x41, 0x08, 0x41, 0x00, 0x41, 0x08, 0x62, 0x08, 0x62,
    0x08, 0x62, 0x08, 0x61, 0x08, 0x41, 0x08, 0x41, 0x08, 0x61, 0x08, 0x61, 0x08, 0x41, 0x08, 0x41,
    0x00, 0x21, 0x00, 0x20, 0x08, 0x61, 0x08, 0x61, 0x08, 0x61, 0x08, 0x41, 0x08, 0x41, 0x00, 0x41,
    0x08, 0x61, 0x08, 0x41, 0x08, 0x41, 0x00, 0x21, 0x00, 0x20, 0x00, 0x20, 0x08, 0x41, 0x08, 0x41,
    0x08, 0x41, 0x08, 0x41, 0x00, 0x41, 0x00, 0x20, 0x08, 0x41, 0x08, 0x41, 0x00, 0x21, 0x00, 0x20,
    0x00, 0x20, 0x00, 0x20, 0x08, 0x41, 0x08, 0x41, 0x00, 0x41, 0x00, 0x21, 0x00, 0x20, 0x00, 0x20,
    0x00, 0x20, 0x00, 0x20, 0x00, 0x20, 0x00, 0x20, 0x00, 0x20, 0x00, 0x20, 0x00, 0x41, 0x08, 0x41,
    0x08, 0x41, 0x08, 0x41, 0x08, 0x41, 0x00, 0x21, 0x08, 0x41, 0x00, 0x41, 0x00, 0x20, 0x00, 0x20,
    0x00, 0x20, 0x00, 0x20, 0x08, 0x41, 0x08, 0x41, 0x08, 0x61, 0x08, 0x41, 0x08, 0x41, 0x08, 0x41,
    0x08, 0x41, 0x08, 0x41, 0x00, 0x41, 0x00, 0x21, 0x00, 0x20, 0x00, 0x21, 0x08, 0x61, 0x08, 0x61,
    0x08, 0x61, 0x08, 0x61, 0x08, 0x61, 0x08, 0x41, 0x08, 0x61, 0x08, 0x41, 0x08, 0x41, 0x00, 0x41,
    0x00, 0x21, 0x08, 0x41, 0x08, 0x61, 0x08, 0x62, 0x08, 0x62, 0x08, 0x62, 0x08, 0x61, 0x08, 0x61,
    0x08, 0x61, 0x08, 0x61, 0x08, 0x41, 0x08, 0x41, 0x08, 0x41, 0x08, 0x41, 0x08, 0x62, 0x08, 0x82,
    0x10, 0x82, 0x08, 0x82, 0x08, 0x62, 0x08, 0x61, 0x08, 0x62, 0x08, 0x61, 0x08, 0x41, 0x08, 0x41,
    0x08, 0x41, 0x08, 0x41, 0x08, 0x82, 0x10, 0x82, 0x10, 0x82, 0x10, 0x82, 0x08, 0x82, 0x08, 0x61,
    0x08, 0x82, 0x08, 0x61, 0x08, 0x61, 0x08, 0x41, 0x08, 0x41, 0x08, 0x41, 0x10, 0x82, 0x10, 0x82,
    0x10, 0x82, 0x10, 0x82, 0x10, 0x82, 0x08, 0x62, 0x10, 0x82, 0x08, 0x62, 0x08, 0x61, 0x08, 0x41,
    0x08, 0x41, 0x08, 0x41, 0x10, 0x82, 0x10, 0x82, 0x10, 0xA2, 0x10, 0x82, 0x10, 0x82, 0x08, 0x62,
    0x10, 0x82, 0x08, 0x62, 0x08, 0x61, 0x08, 0x41, 0x08, 0x41, 0x08, 0x41, 0x10, 0x82, 0x10, 0xA2,
    0x10, 0xA2, 0x10, 0xA2, 0x10, 0x82, 0x08, 0x62, 0x10, 0x82, 0x08, 0x62, 0x08, 0x61, 0x08, 0x41,
    0x08, 0x41, 0x08, 0x41, 0x10, 0x82, 0x10, 0xA2, 0x10, 0xA2, 0x10, 0xA2, 0x10, 0x82, 0x08, 0x62,
    0x10, 0x82, 0x08, 0x62, 0x08, 0x61, 0x08, 0x41, 0x08, 0x41, 0x08, 0x41, 0x10, 0x82, 0x10, 0xA2,
    0x10, 0xA2, 0x10, 0xA2, 0x10, 0x82, 0x08, 0x62, 0x10, 0x82, 0x08, 0x62, 0x08, 0x61, 0x08, 0x41,
    0x08, 0x41, 0x08, 0x41, 0x10, 0x82, 0x10, 0x82, 0x10, 0xA2, 0x10, 0x82, 0x10, 0x82, 0x08, 0x62,
    0x10, 0x82, 0x08, 0x62, 0x08, 0x61, 0x08, 0x41, 0x08, 0x41, 0x08, 0x41, 0x10, 0x82, 0x10, 0x82,
    0x10, 0xA2, 0x10, 0x82, 0x10, 0x82, 0x08, 0x62, 0x10, 0x82, 0x08, 0x62, 0x08, 0x61, 0x08, 0x41,
    0x08, 0x41, 0x08, 0x41, 0x10, 0x82, 0x10, 0x82, 0x10, 0x82, 0x10, 0x82, 0x08, 0x82, 0x08, 0x61,
    0x08, 0x82, 0x08, 0x61, 0x08, 0x41, 0x08, 0x41, 0x08, 0x41, 0x08, 0x41, 0x08, 0x82, 0x10, 0x82,
    0x10, 0x82, 0x10, 0x82, 0x08, 0x62, 0x08, 0x61, 0x08, 0x62, 0x08, 0x61, 0x08, 0x41, 0x08, 0x41,
    0x08, 0x41, 0x08, 0x41, 0x08, 0x62, 0x08, 0x82, 0x08, 0x82, 0x08, 0x82, 0x08, 0x61, 0x08, 0x61,
    0x08, 0x61, 0x08, 0x61, 0x08, 0x41, 0x08, 0x41, 0x00, 0x41, 0x08, 0x41, 0x08, 0x61, 0x08, 0x62,
    0x08, 0x62, 0x08, 0x61, 0x08, 0x61, 0x08, 0x41, 0x08, 0x61, 0x08, 0x41, 0x08, 0x41, 0x00, 0x21,
    0x00, 0x20, 0x00, 0x21, 0x08, 0x41, 0x08, 0x61, 0x08, 0x61, 0x08, 0x61, 0x08, 0x41, 0x08, 0x41,
    0x08, 0x41, 0x08, 0x41, 0x00, 0x21, 0x00, 0x20, 0x00, 0x20, 0x00, 0x20, 0x08, 0x41, 0x08, 0x41,
    0x08, 0x41, 0x08, 0x41, 0x08, 0x41, 0x00, 0x41, 0x08, 0x41, 0x00, 0x21, 0x00, 0x20, 0x00, 0x20,
    0x00, 0x20, 0x00, 0x20, 0x00, 0x41, 0x08, 0x41, 0x08, 0x41, 0x00, 0x41, 0x00, 0x21, 0x00, 0x20,
    0x00, 0x20, 0x00, 0x20, 0x00, 0x20, 0x00, 0x20, 0x00, 0x20, 0x00, 0x20, 0x00, 0x20, 0x00, 0x41,
    0x08, 0x41, 0x08, 0x41, 0x08, 0x41, 0x08, 0x41, 0x00, 0x41, 0x00, 0x20, 0x00, 0x20, 0x00, 0x20,
    0x00, 0x20, 0x00, 0x21, 0x08, 0x41, 0x08, 0x41, 0x08, 0x41, 0x08, 0x61, 0x08, 0x41, 0x08, 0x41,
    0x08, 0x41, 0x00, 0x41, 0x00, 0x20, 0x00, 0x20, 0x00, 0x21, 0x08, 0x41, 0x08, 0x41, 0x08, 0x61,
    0x08, 0x61, 0x08, 0x61, 0x08, 0x61, 0x08, 0x61, 0x08, 0x41, 0x08, 0x41, 0x00, 0x41, 0x00, 0x21,
    0x00, 0x41, 0x08, 0x41, 0x08, 0x41, 0x08, 0x61, 0x08, 0x62, 0x08, 0x62, 0x08, 0x62, 0x08, 0x61,
    0x08, 0x61, 0x08, 0x41, 0x08, 0x41, 0x08, 0x41, 0x08, 0x41, 0x08, 0x41, 0x08, 0x61, 0x08, 0x62,
    0x08, 0x82, 0x10, 0x82, 0x08, 0x82, 0x08, 0x62, 0x08, 0x61, 0x08, 0x41, 0x08, 0x41, 0x08, 0x41,
    0x08, 0x41, 0x08, 0x41, 0x08, 0x61, 0x08, 0x82, 0x10, 0x82, 0x10, 0x82, 0x10, 0x82, 0x08, 0x82,
    0x08, 0x61, 0x08, 0x61, 0x08, 0x41, 0x08, 0x41, 0x08, 0x41, 0x08, 0x61, 0x08, 0x62, 0x10, 0x82,
    0x10, 0x82, 0x10, 0x82, 0x10, 0x82, 0x10, 0x82, 0x08, 0x62, 0x08, 0x61, 0x08, 0x41, 0x08, 0x41,
    0x08, 0x41, 0x08, 0x61, 0x08, 0x62, 0x10, 0x82, 0x10, 0x82, 0x10, 0xA2, 0x10, 0x82, 0x10, 0x82,
    0x08, 0x62, 0x08, 0x61, 0x08, 0x41, 0x08, 0x41, 0x08, 0x41, 0x08, 0x61, 0x08, 0x62, 0x10, 0x82,
    0x10, 0xA2, 0x10, 0xA2, 0x10, 0xA2, 0x10, 0x82, 0x08, 0x62, 0x08, 0x61, 0x08, 0x41, 0x08, 0x41,
    0x08, 0x41, 0x08, 0x61, 0x08, 0x62, 0x10, 0x82, 0x10, 0xA2, 0x10, 0xA2, 0x10, 0xA2, 0x10, 0x82,
    0x08, 0x62, 0x08, 0x61, 0x08, 0x41, 0x08, 0x41, 0x08, 0x41, 0x08, 0x61, 0x08, 0x62, 0x10, 0x82,
    0x10, 0xA2, 0x10, 0xA2, 0x10, 0xA2, 0x10, 0x82, 0x08, 0x62, 0x08, 0x61, 0x08, 0x41, 0x08, 0x41,
    0x08, 0x41, 0x08, 0x61, 0x08, 0x62, 0x10, 0x82, 0x10, 0x82, 0x10, 0xA2, 0x10, 0x82, 0x10, 0x82,
    0x08, 0x62, 0x08, 0x61, 0x08, 0x41, 0x08, 0x41, 0x08, 0x41, 0x08, 0x61, 0x08, 0x62, 0x10, 0x82,
    0x10, 0x82, 0x10, 0x82, 0x10, 0x82, 0x10, 0x82, 0x08, 0x62, 0x08, 0x61, 0x08, 0x41, 0x08, 0x41,
    0x08, 0x41, 0x08, 0x61, 0x08, 0x62, 0x08, 0x82, 0x10, 0x82, 0x10, 0x82, 0x10, 0x82, 0x08, 0x82,
    0x08, 0x61, 0x08, 0x61, 0x08, 0x41, 0x08, 0x41, 0x08, 0x41, 0x08, 0x41, 0x08, 0x61, 0x08, 0x82,
    0x10, 0x82, 0x10, 0x82, 0x10, 0x82, 0x08, 0x62, 0x08, 0x61, 0x08, 0x41, 0x08, 0x41, 0x08, 0x41,
    0x08, 0x41, 0x08, 0x41, 0x08, 0x61, 0x08, 0x62, 0x08, 0x82, 0x08, 0x82, 0x08, 0x62, 0x08, 0x61,
    0x08, 0x61, 0x08, 0x41, 0x08, 0x41, 0x00, 0x41, 0x08, 0x41, 0x08, 0x41, 0x08, 0x41, 0x08, 0x61,
    0x08, 0x62, 0x08, 0x62, 0x08, 0x61, 0x08, 0x61, 0x08, 0x41, 0x08, 0x41, 0x00, 0x21, 0x00, 0x21,
    0x00, 0x21, 0x08, 0x41, 0x08, 0x41, 0x08, 0x41, 0x08, 0x61, 0x08, 0x61, 0x08, 0x61, 0x08, 0x41,
    0x08, 0x41, 0x00, 0x21, 0x00, 0x20, 0x00, 0x20, 0x00, 0x20, 0x00, 0x21, 0x08, 0x41, 0x08, 0x41,
    0x08, 0x41, 0x08, 0x41, 0x08, 0x41, 0x08, 0x41, 0x00, 0x21, 0x00, 0x20, 0x00, 0x20, 0x00, 0x20,
    0x00, 0x20, 0x00, 0x20, 0x00, 0x20, 0x00, 0x21, 0x00, 0x41, 0x00, 0x41, 0x00, 0x41, 0x00, 0x20,
    0x00, 0x20, 0x00, 0x20, 0x00, 0x20, 0x00, 0x20, 0x00, 0x20, 0x00, 0x20, 0x00, 0x41, 0x08, 0x41,
    0x08, 0x41, 0x08, 0x41, 0x08, 0x41, 0x00, 0x21, 0x08, 0x41, 0x00, 0x41, 0x00, 0x20, 0x00, 0x20,
    0x00, 0x20, 0x00, 0x20, 0x08, 0x41, 0x08, 0x41, 0x08, 0x61, 0x08, 0x41, 0x08, 0x41, 0x08, 0x41,
    0x08, 0x41, 0x08, 0x41, 0x00, 0x41, 0x00, 0x21, 0x00, 0x20, 0x00, 0x21, 0x08, 0x61, 0x08, 0x61,
    0x08, 0x61, 0x08, 0x61, 0x08, 0x61, 0x08, 0x41, 0x08, 0x61, 0x08, 0x41, 0x08, 0x41, 0x00, 0x41,
    0x00, 0x21, 0x08, 0x41, 0x08, 0x61, 0x08, 0x62, 0x08, 0x62, 0x08, 0x62, 0x08, 0x61, 0x08, 0x61,
    0x08, 0x61, 0x08, 0x61, 0x08, 0x41, 0x08, 0x41, 0x08, 0x41, 0x08, 0x41, 0x08, 0x62, 0x08, 0x82,
    0x10, 0x82, 0x08, 0x82, 0x08, 0x62, 0x08, 0x61, 0x08, 0x62, 0x08, 0x61, 0x08, 0x41, 0x08, 0x41,
    0x08, 0x41, 0x08, 0x41, 0x08, 0x82, 0x10, 0x82, 0x10, 0x82, 0x10, 0x82, 0x08, 0x82, 0x08, 0x61,
    0x08, 0x82, 0x08, 0x61, 0x08, 0x61, 0x08, 0x41, 0x08, 0x41, 0x08, 0x41, 0x10, 0x82, 0x10, 0x82,
    0x10, 0x82, 0x10, 0x82, 0x10, 0x82, 0x08, 0x62, 0x10, 0x82, 0x08, 0x62, 0x08, 0x61, 0x08, 0x41,
    0x08, 0x41, 0x08, 0x41, 0x10, 0x82, 0x10, 0x82, 0x10, 0xA2, 0x10, 0x82, 0x10, 0x82, 0x08, 0x62,
    0x10, 0x82, 0x08, 0x62, 0x08, 0x61, 0x08, 0x41, 0x08, 0x41, 0x08, 0x41, 0x10, 0x82, 0x10, 0xA2,
    0x10, 0xA2, 0x10, 0xA2, 0x10, 0x82, 0x08, 0x62, 0x10, 0x82, 0x08, 0x62, 0x08, 0x61, 0x08, 0x41,
    0x08, 0x41, 0x08, 0x41, 0x10, 0x82, 0x10, 0xA2, 0x10, 0xA2, 0x10, 0xA2, 0x10, 0x82, 0x08, 0x62,
    0x10, 0x82, 0x08, 0x62, 0x08, 0x61, 0x08, 0x41, 0x08, 0x41, 0x08, 0x41, 0x10, 0x82, 0x10, 0xA2,
    0x10, 0xA2, 0x10, 0xA2, 0x10, 0x82, 0x08, 0x62, 0x10, 0x82, 0x08, 0x62, 0x08, 0x61, 0x08, 0x41,
    0x08, 0x41, 0x08, 0x41, 0x10, 0x82, 0x10, 0x82, 0x10, 0xA2, 0x10, 0x82, 0x10, 0x82, 0x08, 0x62,
    0x10, 0x82, 0x08, 0x62, 0x08, 0x61, 0x08, 0x41, 0x08, 0x41, 0x08, 0x41, 0x10, 0x82, 0x10, 0x82,
    0x10, 0xA2, 0x10, 0x82, 0x10, 0x82, 0x08, 0x62, 0x10, 0x82, 0x08, 0x62, 0x08, 0x61, 0x08, 0x41,
    0x08, 0x41, 0x08, 0x41, 0x10, 0x82, 0x10, 0x82, 0x10, 0x82, 0x10, 0x82, 0x08, 0x82, 0x08, 0x61,
    0x08, 0x82, 0x08, 0x61, 0x08, 0x61, 0x08, 0x41, 0x08, 0x41, 0x08, 0x41, 0x08, 0x82, 0x10, 0x82,
    0x10, 0x82, 0x10, 0x82, 0x08, 0x62, 0x08, 0x61, 0x08, 0x62, 0x08, 0x61, 0x08, 0x41, 0x08, 0x41,
    0x08, 0x41, 0x08, 0x41, 0x08, 0x62, 0x08, 0x82, 0x08, 0x82, 0x08, 0x82, 0x08, 0x61, 0x08, 0x61,
    0x08, 0x61, 0x08, 0x61, 0x08, 0x41, 0x08, 0x41, 0x00, 0x41, 0x08, 0x41, 0x08, 0x61, 0x08, 0x62,
    0x08, 0x62, 0x08, 0x61, 0x08, 0x61, 0x08, 0x41, 0x08, 0x61, 0x08, 0x41, 0x08, 0x41, 0x00, 0x21,
    0x00, 0x21, 0x00, 0x21, 0x08, 0x41, 0x08, 0x61, 0x08, 0x61, 0x08, 0x61, 0x08, 0x41, 0x08, 0x41,
    0x08, 0x41, 0x08, 0x41, 0x00, 0x21, 0x00, 0x20, 0x00, 0x20, 0x00, 0x20, 0x08, 0x41, 0x08, 0x41,
    0x08, 0x41, 0x08, 0x41, 0x08, 0x41, 0x00, 0x41, 0x08, 0x41, 0x00, 0x21, 0x00, 0x20, 0x00, 0x20,
    0x00, 0x20, 0x00, 0x20, 0x00, 0x41, 0x08, 0x41, 0x08, 0x41, 0x00, 0x41, 0x00, 0x21, 0x00, 0x20,
    0x00, 0x21, 0x00, 0x21, 0x00, 0x20, 0x00, 0x20, 0x00, 0x20, 0x00, 0x20, 0x08, 0x41, 0x08, 0x41,
    0x08, 0x41, 0x08, 0x41, 0x00, 0x21, 0x00, 0x20, 0x08, 0x41, 0x08, 0x41, 0x00, 0x41, 0x00, 0x20,
    0x00, 0x20, 0x00, 0x20, 0x08, 0x41, 0x08, 0x41, 0x08, 0x41, 0x08, 0x41, 0x08, 0x41, 0x00, 0x41,
    0x08, 0x61, 0x08, 0x41, 0x08, 0x41, 0x08, 0x41, 0x00, 0x21, 0x00, 0x20, 0x08, 0x61, 0x08, 0x61,
    0x08, 0x61, 0x08, 0x61, 0x08, 0x41, 0x08, 0x41, 0x08, 0x61, 0x08, 0x61, 0x08, 0x41, 0x08, 0x41,
    0x00, 0x41, 0x00, 0x41, 0x08, 0x62, 0x08, 0x62, 0x08, 0x62, 0x08, 0x61, 0x08, 0x61, 0x08, 0x41,
    0x08, 0x62, 0x08, 0x61, 0x08, 0x61, 0x08, 0x41, 0x08, 0x41, 0x08, 0x41, 0x08, 0x82, 0x10, 0x82,
    0x08, 0x82, 0x08, 0x62, 0x08, 0x61, 0x08, 0x41, 0x10, 0x82, 0x08, 0x62, 0x08, 0x61, 0x08, 0x41,
    0x08, 0x41, 0x08, 0x41, 0x10, 0x82, 0x10, 0x82, 0x10, 0x82, 0x08, 0x82, 0x08, 0x61, 0x08, 0x61,
    0x10, 0x82, 0x08, 0x82, 0x08, 0x62, 0x08, 0x61, 0x08, 0x41, 0x08, 0x41, 0x10, 0x82, 0x10, 0x82,
    0x10, 0x82, 0x10, 0x82, 0x08, 0x62, 0x08, 0x61, 0x10, 0x82, 0x10, 0x82, 0x08, 0x62, 0x08, 0x61,
    0x08, 0x41, 0x08, 0x41, 0x10, 0x82, 0x10, 0xA2, 0x10, 0x82, 0x10, 0x82, 0x08, 0x62, 0x08, 0x61,
    0x10, 0x82, 0x10, 0x82, 0x08, 0x62, 0x08, 0x61, 0x08, 0x41, 0x08, 0x41, 0x10, 0xA2, 0x10, 0xA2,
    0x10, 0xA2, 0x10, 0x82, 0x08, 0x62, 0x08, 0x61, 0x10, 0xA2, 0x10, 0x82, 0x08, 0x62, 0x08, 0x61,
    0x08, 0x41, 0x08, 0x41, 0x10, 0xA2, 0x10, 0xA2, 0x10, 0xA2, 0x10, 0x82, 0x08, 0x62, 0x08, 0x61,
    0x10, 0xA2, 0x10, 0x82, 0x08, 0x62, 0x08, 0x61, 0x08, 0x41, 0x08, 0x41, 0x10, 0xA2, 0x10, 0xA2,
    0x10, 0xA2, 0x10, 0x82, 0x08, 0x62, 0x08, 0x61, 0x10, 0xA2, 0x10, 0x82, 0x08, 0x62, 0x08, 0x61,
    0x08, 0x41, 0x08, 0x41, 0x10, 0xA2, 0x10, 0xA2, 0x10, 0x82, 0x10, 0x82, 0x08, 0x62, 0x08, 0x61,
    0x10, 0x82, 0x10, 0x82, 0x08, 0x62, 0x08, 0x61, 0x08, 0x41, 0x08, 0x41, 0x10, 0x82, 0x10, 0xA2,
    0x10, 0x82, 0x10, 0x82, 0x08, 0x62, 0x08, 0x61, 0x10, 0x82, 0x10, 0x82, 0x08, 0x62, 0x08, 0x61,
    0x08, 0x41, 0x08, 0x41, 0x10, 0x82, 0x10, 0x82, 0x10, 0x82, 0x08, 0x82, 0x08, 0x61, 0x08, 0x61,
    0x10, 0x82, 0x08, 0x82, 0x08, 0x61, 0x08, 0x41, 0x08, 0x41, 0x08, 0x41, 0x10, 0x82, 0x10, 0x82,
    0x10, 0x82, 0x08, 0x62, 0x08, 0x61, 0x08, 0x41, 0x10, 0x82, 0x08, 0x62, 0x08, 0x61, 0x08, 0x41,
    0x08, 0x41, 0x08, 0x41, 0x08, 0x82, 0x08, 0x82, 0x08, 0x82, 0x08, 0x62, 0x08, 0x61, 0x08, 0x41,
    0x08, 0x62, 0x08, 0x61, 0x08, 0x61, 0x08, 0x41, 0x08, 0x41, 0x00, 0x41, 0x08, 0x62, 0x08, 0x62,
    0x08, 0x62, 0x08, 0x61, 0x08, 0x41, 0x08, 0x41, 0x08, 0x61, 0x08, 0x61, 0x08, 0x41, 0x08, 0x41,
    0x00, 0x21, 0x00, 0x20, 0x08, 0x61, 0x08, 0x61, 0x08, 0x61, 0x08, 0x41, 0x08, 0x41, 0x00, 0x41,
    0x08, 0x61, 0x08, 0x41, 0x08, 0x41, 0x00, 0x21, 0x00, 0x20, 0x00, 0x20, 0x08, 0x41, 0x08, 0x41,
    0x08, 0x41, 0x08, 0x41, 0x00, 0x41, 0x00, 0x20, 0x08, 0x41, 0x08, 0x41, 0x00, 0x21, 0x00, 0x20,
    0x00, 0x20, 0x00, 0x20, 0x08, 0x41, 0x08, 0x41, 0x00, 0x41, 0x00, 0x21, 0x00, 0x20, 0x00, 0x20,
    0x00, 0x41, 0x00, 0x41, 0x00, 0x21, 0x00, 0x20, 0x00, 0x20, 0x00, 0x20, 0x08, 0x41, 0x08, 0x41,
    0x08, 0x41, 0x00, 0x21, 0x00, 0x20, 0x00, 0x20, 0x08, 0x41, 0x08, 0x41, 0x08, 0x41, 0x00, 0x41,
    0x00, 0x20, 0x00, 0x20, 0x08, 0x41, 0x08, 0x41, 0x08, 0x41, 0x08, 0x41, 0x00, 0x21, 0x00, 0x20,
    0x08, 0x61, 0x08, 0x61, 0x08, 0x41, 0x08, 0x41, 0x08, 0x41, 0x00, 0x21, 0x08, 0x61, 0x08, 0x61,
    0x08, 0x61, 0x08, 0x41, 0x08, 0x41, 0x00, 0x41, 0x08, 0x62, 0x08, 0x61, 0x08, 0x61, 0x08, 0x41,
    0x08, 0x41, 0x08, 0x41, 0x08, 0x62, 0x08, 0x62, 0x08, 0x61, 0x08, 0x61, 0x08, 0x41, 0x08, 0x41,
    0x08, 0x82, 0x08, 0x62, 0x08, 0x62, 0x08, 0x61, 0x08, 0x41, 0x08, 0x41, 0x10, 0x82, 0x08, 0x82,
    0x08, 0x62, 0x08, 0x61, 0x08, 0x41, 0x08, 0x41, 0x10, 0x82, 0x10, 0x82, 0x08, 0x62, 0x08, 0x61,
    0x08, 0x41, 0x08, 0x41, 0x10, 0x82, 0x10, 0x82, 0x08, 0x82, 0x08, 0x61, 0x08, 0x61, 0x08, 0x41,
    0x10, 0x82, 0x10, 0x82, 0x08, 0x82, 0x08, 0x62, 0x08, 0x61, 0x08, 0x41, 0x10, 0x82, 0x10, 0x82,
    0x10, 0x82, 0x08, 0x62, 0x08, 0x61, 0x08, 0x41, 0x10, 0x82, 0x10, 0x82, 0x10, 0x82, 0x08, 0x62,
    0x08, 0x61, 0x08, 0x41, 0x10, 0xA2, 0x10, 0x82, 0x10, 0x82, 0x08, 0x62, 0x08, 0x61, 0x08, 0x41,
    0x10, 0xA2, 0x10, 0x82, 0x10, 0x82, 0x08, 0x62, 0x08, 0x61, 0x08, 0x41, 0x10, 0xA2, 0x10, 0xA2,
    0x10, 0x82, 0x08, 0x62, 0x08, 0x61, 0x08, 0x41, 0x10, 0xA2, 0x10, 0xA2, 0x10, 0x82, 0x08, 0x62,
    0x08, 0x61, 0x08, 0x41, 0x10, 0xA2, 0x10, 0xA2, 0x10, 0x82, 0x08, 0x62, 0x08, 0x61, 0x08, 0x41,
    0x10, 0xA2, 0x10, 0xA2, 0x10, 0x82, 0x08, 0x62, 0x08, 0x61, 0x08, 0x41, 0x10, 0xA2, 0x10, 0xA2,
    0x10, 0x82, 0x08, 0x62, 0x08, 0x61, 0x08, 0x41, 0x10, 0xA2, 0x10, 0xA2, 0x10, 0x82, 0x08, 0x62,
    0x08, 0x61, 0x08, 0x41, 0x10, 0xA2, 0x10, 0x82, 0x10, 0x82, 0x08, 0x62, 0x08, 0x61, 0x08, 0x41,
    0x10, 0xA2, 0x10, 0x82, 0x10, 0x82, 0x08, 0x62, 0x08, 0x61, 0x08, 0x41, 0x10, 0xA2, 0x10, 0x82,
    0x10, 0x82, 0x08, 0x62, 0x08, 0x61, 0x08, 0x41, 0x10, 0x82, 0x10, 0x82, 0x10, 0x82, 0x08, 0x62,
    0x08, 0x61, 0x08, 0x41, 0x10, 0x82, 0x10, 0x82, 0x08, 0x82, 0x08, 0x62, 0x08, 0x61, 0x08, 0x41,
    0x10, 0x82, 0x10, 0x82, 0x08, 0x82, 0x08, 0x61, 0x08, 0x41, 0x08, 0x41, 0x10, 0x82, 0x10, 0x82,
    0x08, 0x62, 0x08, 0x61, 0x08, 0x41, 0x08, 0x41, 0x10, 0x82, 0x08, 0x82, 0x08, 0x62, 0x08, 0x61,
    0x08, 0x41, 0x08, 0x41, 0x08, 0x82, 0x08, 0x82, 0x08, 0x62, 0x08, 0x61, 0x08, 0x41, 0x08, 0x41,
    0x08, 0x82, 0x08, 0x62, 0x08, 0x61, 0x08, 0x61, 0x08, 0x41, 0x08, 0x41, 0x08, 0x62, 0x08, 0x62,
    0x08, 0x61, 0x08, 0x41, 0x08, 0x41, 0x00, 0x41, 0x08, 0x61, 0x08, 0x61, 0x08, 0x61, 0x08, 0x41,
    0x08, 0x41, 0x00, 0x21, 0x08, 0x61, 0x08, 0x61, 0x08, 0x41, 0x08, 0x41, 0x00, 0x41, 0x00, 0x20,
    0x08, 0x61, 0x08, 0x61, 0x08, 0x41, 0x08, 0x41, 0x00, 0x21, 0x00, 0x20, 0x08, 0x41, 0x08, 0x41,
    0x08, 0x41, 0x00, 0x41, 0x00, 0x20, 0x00, 0x20, 0x08, 0x41, 0x08, 0x41, 0x08, 0x41, 0x00, 0x21,
    0x00, 0x20, 0x00, 0x20, 0x08, 0x41, 0x08, 0x41, 0x00, 0x21, 0x00, 0x20, 0x00, 0x20, 0x00, 0x20,
    0x00, 0x21, 0x00, 0x41, 0x00, 0x41, 0x00, 0x21, 0x00, 0x20, 0x00, 0x20, 0x08, 0x41, 0x00, 0x41,
    0x00, 0x21, 0x00, 0x20, 0x00, 0x20, 0x00, 0x20, 0x08, 0x41, 0x08, 0x41, 0x08, 0x41, 0x08, 0x41,
    0x08, 0x41, 0x00, 0x21, 0x08, 0x41, 0x08, 0x41, 0x08, 0x41, 0x00, 0x21, 0x00, 0x20, 0x00, 0x20,
    0x08, 0x61, 0x08, 0x61, 0x08, 0x61, 0x08, 0x41, 0x08, 0x41, 0x08, 0x41, 0x08, 0x61, 0x08, 0x61,
    0x08, 0x41, 0x08, 0x41, 0x00, 0x21, 0x00, 0x21, 0x08, 0x61, 0x08, 0x62, 0x08, 0x61, 0x08, 0x61,
    0x08, 0x41, 0x08, 0x41, 0x08, 0x62, 0x08, 0x61, 0x08, 0x61, 0x08, 0x41, 0x08, 0x41, 0x00, 0x41,
    0x08, 0x62, 0x08, 0x82, 0x08, 0x82, 0x08, 0x62, 0x08, 0x61, 0x08, 0x41, 0x08, 0x82, 0x08, 0x62,
    0x08, 0x61, 0x08, 0x41, 0x08, 0x41, 0x08, 0x41, 0x10, 0x82, 0x10, 0x82, 0x10, 0x82, 0x08, 0x62,
    0x08, 0x61, 0x08, 0x41, 0x10, 0x82, 0x08, 0x82, 0x08, 0x61, 0x08, 0x61, 0x08, 0x41, 0x08, 0x41,
    0x10, 0x82, 0x10, 0x82, 0x10, 0x82, 0x08, 0x82, 0x08, 0x62, 0x08, 0x61, 0x10, 0x82, 0x10, 0x82,
    0x08, 0x62, 0x08, 0x61, 0x08, 0x41, 0x08, 0x41, 0x10, 0x82, 0x10, 0x82, 0x10, 0x82, 0x10, 0x82,
    0x08, 0x62, 0x08, 0x61, 0x10, 0x82, 0x10, 0x82, 0x08, 0x62, 0x08, 0x61, 0x08, 0x41, 0x08, 0x41,
    0x10, 0x82, 0x10, 0xA2, 0x10, 0x82, 0x10, 0x82, 0x08, 0x62, 0x08, 0x61, 0x10, 0xA2, 0x10, 0x82,
    0x08, 0x62, 0x08, 0x61, 0x08, 0x41, 0x08, 0x41, 0x10, 0xA2, 0x10, 0xA2, 0x10, 0xA2, 0x10, 0x82,
    0x08, 0x62, 0x08, 0x61, 0x10, 0xA2, 0x10, 0x82, 0x08, 0x62, 0x08, 0x61, 0x08, 0x41, 0x08, 0x41,
    0x10, 0xA2, 0x10, 0xA2, 0x10, 0xA2, 0x10, 0x82, 0x08, 0x62, 0x08, 0x61, 0x10, 0xA2, 0x10, 0x82,
    0x08, 0x62, 0x08, 0x61, 0x08, 0x41, 0x08, 0x41, 0x10, 0xA2, 0x10, 0xA2, 0x10, 0xA2, 0x10, 0x82,
    0x08, 0x62, 0x08, 0x61, 0x10, 0xA2, 0x10, 0x82, 0x08, 0x62, 0x08, 0x61, 0x08, 0x41, 0x08, 0x41,
    0x10, 0x82, 0x10, 0xA2, 0x10, 0x82, 0x10, 0x82, 0x08, 0x62, 0x08, 0x61, 0x10, 0x82, 0x10, 0x82,
    0x08, 0x62, 0x08, 0x61, 0x08, 0x41, 0x08, 0x41, 0x10, 0x82, 0x10, 0x82, 0x10, 0x82, 0x10, 0x82,
    0x08, 0x62, 0x08, 0x61, 0x10, 0x82, 0x08, 0x82, 0x08, 0x62, 0x08, 0x61, 0x08, 0x41, 0x08, 0x41,
    0x10, 0x82, 0x10, 0x82, 0x10, 0x82, 0x08, 0x82, 0x08, 0x61, 0x08, 0x41, 0x10, 0x82, 0x08, 0x82,
    0x08, 0x61, 0x08, 0x41, 0x08, 0x41, 0x08, 0x41, 0x10, 0x82, 0x10, 0x82, 0x08, 0x82, 0x08, 0x62,
    0x08, 0x61, 0x08, 0x41, 0x08, 0x82, 0x08, 0x62, 0x08, 0x61, 0x08, 0x41, 0x08, 0x41, 0x08, 0x41,
    0x08, 0x62, 0x08, 0x82, 0x08, 0x62, 0x08, 0x61, 0x08, 0x41, 0x08, 0x41, 0x08, 0x62, 0x08, 0x61,
    0x08, 0x41, 0x08, 0x41, 0x00, 0x41, 0x00, 0x21, 0x08, 0x61, 0x08, 0x61, 0x08, 0x61, 0x08, 0x61,
    0x08, 0x41, 0x08, 0x41, 0x08, 0x61, 0x08, 0x41, 0x08, 0x41, 0x00, 0x41, 0x00, 0x20, 0x00, 0x20,
    0x08, 0x61, 0x08, 0x61, 0x08, 0x41, 0x08, 0x41, 0x08, 0x41, 0x00, 0x21, 0x08, 0x41, 0x08, 0x41,
    0x00, 0x41, 0x00, 0x20, 0x00, 0x20, 0x00, 0x20, 0x08, 0x41, 0x08, 0x41, 0x08, 0x41, 0x08, 0x41,
    0x00, 0x21, 0x00, 0x20, 0x08, 0x41, 0x00, 0x21, 0x00, 0x20, 0x00, 0x20, 0x00, 0x20, 0x00, 0x20,
    0x00, 0x20, 0x00, 0x41, 0x08, 0x41, 0x00, 0x41, 0x00, 0x21, 0x00, 0x20, 0x00, 0x41, 0x00, 0x21,
    0x00, 0x20, 0x00, 0x20, 0x00, 0x20, 0x00, 0x20, 0x08, 0x41, 0x08, 0x41, 0x08, 0x41, 0x08, 0x41,
    0x08, 0x41, 0x08, 0x41, 0x08, 0x41, 0x08, 0x41, 0x00, 0x21, 0x00, 0x20, 0x00, 0x20, 0x00, 0x20,
    0x08, 0x41, 0x08, 0x61, 0x08, 0x61, 0x08, 0x61, 0x08, 0x41, 0x08, 0x41, 0x08, 0x61, 0x08, 0x41,
    0x08, 0x41, 0x00, 0x21, 0x00, 0x21, 0x00, 0x41, 0x08, 0x61, 0x08, 0x61, 0x08, 0x62, 0x08, 0x62,
    0x08, 0x61, 0x08, 0x41, 0x08, 0x61, 0x08, 0x41, 0x08, 0x41, 0x08, 0x41, 0x00, 0x41, 0x08, 0x41,
    0x08, 0x61, 0x08, 0x62, 0x08, 0x82, 0x08, 0x82, 0x08, 0x62, 0x08, 0x61, 0x08, 0x62, 0x08, 0x61,
    0x08, 0x41, 0x08, 0x41, 0x08, 0x41, 0x08, 0x41, 0x08, 0x62, 0x10, 0x82, 0x10, 0x82, 0x10, 0x82,
    0x08, 0x82, 0x08, 0x61, 0x08, 0x82, 0x08, 0x61, 0x08, 0x41, 0x08, 0x41, 0x08, 0x41, 0x08, 0x41,
    0x08, 0x82, 0x10, 0x82, 0x10, 0x82, 0x10, 0x82, 0x08, 0x82, 0x08, 0x62, 0x10, 0x82, 0x08, 0x62,
    0x08, 0x61, 0x08, 0x41, 0x08, 0x41, 0x08, 0x41, 0x10, 0x82, 0x10, 0x82, 0x10, 0x82, 0x10, 0x82,
    0x10, 0x82, 0x08, 0x62, 0x10, 0x82, 0x08, 0x62, 0x08, 0x61, 0x08, 0x41, 0x08, 0x41, 0x08, 0x41,
    0x10, 0x82, 0x10, 0x82, 0x10, 0xA2, 0x10, 0x82, 0x10, 0x82, 0x08, 0x62, 0x10, 0x82, 0x08, 0x62,
    0x08, 0x61, 0x08, 0x41, 0x08, 0x41, 0x08, 0x41, 0x10, 0x82, 0x10, 0xA2, 0x10, 0xA2, 0x10, 0xA2,
    0x10, 0x82, 0x08, 0x62, 0x10, 0x82, 0x08, 0x62, 0x08, 0x61, 0x08, 0x41, 0x08, 0x41, 0x08, 0x41,
    0x10, 0x82, 0x10, 0xA2, 0x10, 0xA2, 0x10, 0xA2, 0x10, 0x82, 0x08, 0x62, 0x10, 0x82, 0x08, 0x62,
    0x08, 0x61, 0x08, 0x41, 0x08, 0x41, 0x08, 0x41, 0x10, 0x82, 0x10, 0xA2, 0x10, 0xA2, 0x10, 0xA2,
    0x10, 0x82, 0x08, 0x62, 0x10, 0x82, 0x08, 0x62, 0x08, 0x61, 0x08, 0x41, 0x08, 0x41, 0x08, 0x41,
    0x10, 0x82, 0x10, 0x82, 0x10, 0xA2, 0x10, 0x82, 0x10, 0x82, 0x08, 0x62, 0x10, 0x82, 0x08, 0x62,
    0x08, 0x61, 0x08, 0x41, 0x08, 0x41, 0x08, 0x41, 0x10, 0x82, 0x10, 0x82, 0x10, 0x82, 0x10, 0x82,
    0x10, 0x82, 0x08, 0x62, 0x10, 0x82, 0x08, 0x62, 0x08, 0x61, 0x08, 0x41, 0x08, 0x41, 0x08, 0x41,
    0x08, 0x82, 0x10, 0x82, 0x10, 0x82, 0x10, 0x82, 0x08, 0x82, 0x08, 0x61, 0x08, 0x82, 0x08, 0x61,
    0x08, 0x41, 0x08, 0x41, 0x08, 0x41, 0x08, 0x41, 0x08, 0x62, 0x08, 0x82, 0x10, 0x82, 0x08, 0x82,
    0x08, 0x62, 0x08, 0x61, 0x08, 0x62, 0x08, 0x61, 0x08, 0x41, 0x08, 0x41, 0x08, 0x41, 0x08, 0x41,
    0x08, 0x61, 0x08, 0x62, 0x08, 0x62, 0x08, 0x62, 0x08, 0x61, 0x08, 0x41, 0x08, 0x61, 0x08, 0x41,
    0x08, 0x41, 0x00, 0x41, 0x00, 0x21, 0x00, 0x41, 0x08, 0x61, 0x08, 0x61, 0x08, 0x61, 0x08, 0x61,
    0x08, 0x61, 0x08, 0x41, 0x08, 0x41, 0x08, 0x41, 0x08, 0x41, 0x00, 0x21, 0x00, 0x20, 0x00, 0x20,
    0x08, 0x41, 0x08, 0x61, 0x08, 0x61, 0x08, 0x41, 0x08, 0x41, 0x08, 0x41, 0x08, 0x41, 0x08, 0x41,
    0x00, 0x20, 0x00, 0x20, 0x00, 0x20, 0x00, 0x20, 0x08, 0x41, 0x08, 0x41, 0x08, 0x41, 0x08, 0x41,
    0x00, 0x41, 0x00, 0x20, 0x00, 0x41, 0x00, 0x20, 0x00, 0x20, 0x00, 0x20, 0x00, 0x20, 0x00, 0x20,
    0x00, 0x20, 0x00, 0x21, 0x00, 0x41, 0x08, 0x41, 0x08, 0x41, 0x00, 0x41, 0x00, 0x20, 0x00, 0x20,
    0x00, 0x20, 0x00, 0x20, 0x00, 0x20, 0x00, 0x20, 0x00, 0x41, 0x08, 0x41, 0x08, 0x41, 0x08, 0x41,
    0x08, 0x41, 0x08, 0x41, 0x08, 0x41, 0x00, 0x21, 0x00, 0x20, 0x00, 0x20, 0x00, 0x20, 0x00, 0x41,
    0x08, 0x41, 0x08, 0x41, 0x08, 0x61, 0x08, 0x61, 0x08, 0x61, 0x08, 0x41, 0x08, 0x41, 0x08, 0x41,
    0x00, 0x21, 0x00, 0x21, 0x00, 0x21, 0x08, 0x41, 0x08, 0x41, 0x08, 0x61, 0x08, 0x61, 0x08, 0x62,
    0x08, 0x62, 0x08, 0x61, 0x08, 0x41, 0x08, 0x41, 0x08, 0x41, 0x00, 0x41, 0x08, 0x41, 0x08, 0x41,
    0x08, 0x61, 0x08, 0x61, 0x08, 0x82, 0x08, 0x82, 0x08, 0x82, 0x08, 0x62, 0x08, 0x61, 0x08, 0x41,
    0x08, 0x41, 0x08, 0x41, 0x08, 0x41, 0x08, 0x41, 0x08, 0x61, 0x08, 0x62, 0x10, 0x82, 0x10, 0x82,
    0x10, 0x82, 0x08, 0x82, 0x08, 0x61, 0x08, 0x41, 0x08, 0x41, 0x08, 0x41, 0x08, 0x41, 0x08, 0x61,
    0x08, 0x61, 0x08, 0x82, 0x10, 0x82, 0x10, 0x82, 0x10, 0x82, 0x10, 0x82, 0x08, 0x62, 0x08, 0x61,
    0x08, 0x41, 0x08, 0x41, 0x08, 0x41, 0x08, 0x61, 0x08, 0x62, 0x10, 0x82, 0x10, 0x82, 0x10, 0xA2,
    0x10, 0x82, 0x10, 0x82, 0x08, 0x62, 0x08, 0x61, 0x08, 0x41, 0x08, 0x41, 0x08, 0x41, 0x08, 0x61,
    0x08, 0x62, 0x10, 0x82, 0x10, 0x82, 0x10, 0xA2, 0x10, 0x82, 0x10, 0x82, 0x08, 0x62, 0x08, 0x61,
    0x08, 0x41, 0x08, 0x41, 0x08, 0x41, 0x08, 0x61, 0x08, 0x62, 0x10, 0x82, 0x10, 0xA2, 0x10, 0xA2,
    0x10, 0xA2, 0x10, 0x82, 0x08, 0x62, 0x08, 0x61, 0x08, 0x41, 0x08, 0x41, 0x08, 0x41, 0x08, 0x61,
    0x08, 0x62, 0x10, 0x82, 0x10, 0xA2, 0x10, 0xA2, 0x10, 0xA2, 0x10, 0x82, 0x08, 0x62, 0x08, 0x61,
    0x08, 0x41, 0x08, 0x41, 0x08, 0x41, 0x08, 0x61, 0x08, 0x62, 0x10, 0x82, 0x10, 0xA2, 0x10, 0xA2,
    0x10, 0xA2, 0x10, 0x82, 0x08, 0x62, 0x08, 0x61, 0x08, 0x41, 0x08, 0x41, 0x08, 0x41, 0x08, 0x61,
    0x08, 0x62, 0x10, 0x82, 0x10, 0x82, 0x10, 0xA2, 0x10, 0x82, 0x10, 0x82, 0x08, 0x62, 0x08, 0x61,
    0x08, 0x41, 0x08, 0x41, 0x08, 0x41, 0x08, 0x61, 0x08, 0x62, 0x10, 0x82, 0x10, 0x82, 0x10, 0x82,
    0x10, 0x82, 0x10, 0x82, 0x08, 0x62, 0x08, 0x61, 0x08, 0x41, 0x08, 0x41, 0x08, 0x41, 0x08, 0x61,
    0x08, 0x61, 0x08, 0x82, 0x10, 0x82, 0x10, 0x82, 0x10, 0x82, 0x08, 0x82, 0x08, 0x61, 0x08, 0x41,
    0x08, 0x41, 0x08, 0x41, 0x08, 0x41, 0x08, 0x41, 0x08, 0x61, 0x08, 0x62, 0x08, 0x82, 0x10, 0x82,
    0x08, 0x82, 0x08, 0x62, 0x08, 0x61, 0x08, 0x41, 0x08, 0x41, 0x08, 0x41, 0x08, 0x41, 0x08, 0x41,
    0x08, 0x61, 0x08, 0x61, 0x08, 0x62, 0x08, 0x62, 0x08, 0x62, 0x08, 0x61, 0x08, 0x41, 0x08, 0x41,
    0x00, 0x41, 0x00, 0x21, 0x00, 0x41, 0x08, 0x41, 0x08, 0x41, 0x08, 0x61, 0x08, 0x61, 0x08, 0x61,
    0x08, 0x61, 0x08, 0x61, 0x08, 0x41, 0x08, 0x41, 0x00, 0x21, 0x00, 0x20, 0x00, 0x20, 0x00, 0x41,
    0x08, 0x41, 0x08, 0x41, 0x08, 0x41, 0x08, 0x61, 0x08, 0x41, 0x08, 0x41, 0x08, 0x41, 0x00, 0x21,
    0x00, 0x20, 0x00, 0x20, 0x00, 0x20, 0x00, 0x20, 0x00, 0x21, 0x08, 0x41, 0x08, 0x41, 0x08, 0x41,
    0x08, 0x41, 0x00, 0x41, 0x00, 0x20, 0x00, 0x20, 0x00, 0x20, 0x00, 0x20, 0x00, 0x20, 0x00, 0x20,
    0x00, 0x20, 0x00, 0x41, 0x08, 0x41, 0x00, 0x41, 0x00, 0x21, 0x00, 0x20, 0x00, 0x41, 0x00, 0x21,
    0x00, 0x20, 0x00, 0x20, 0x00, 0x20, 0x00, 0x20, 0x08, 0x41, 0x08, 0x41, 0x08, 0x41, 0x08, 0x41,
    0x08, 0x41, 0x08, 0x41, 0x08, 0x41, 0x08, 0x41, 0x00, 0x21, 0x00, 0x20, 0x00, 0x20, 0x00, 0x20,
    0x08, 0x41, 0x08, 0x61, 0x08, 0x61, 0x08, 0x61, 0x08, 0x41, 0x08, 0x41, 0x08, 0x61, 0x08, 0x41,
    0x08, 0x41, 0x00, 0x21, 0x00, 0x21, 0x00, 0x41, 0x08, 0x61, 0x08, 0x61, 0x08, 0x62, 0x08, 0x62,
    0x08, 0x61, 0x08, 0x41, 0x08, 0x61, 0x08, 0x41, 0x08, 0x41, 0x08, 0x41, 0x00, 0x41, 0x08, 0x41,
    0x08, 0x61, 0x08, 0x62, 0x08, 0x82, 0x08, 0x82, 0x08, 0x62, 0x08, 0x61, 0x08, 0x62, 0x08, 0x61,
    0x08, 0x41, 0x08, 0x41, 0x08, 0x41, 0x08, 0x41, 0x08, 0x62, 0x10, 0x82, 0x10, 0x82, 0x10, 0x82,
    0x08, 0x82, 0x08, 0x61, 0x08, 0x82, 0x08, 0x61, 0x08, 0x41, 0x08, 0x41, 0x08, 0x41, 0x08, 0x41,
    0x08, 0x82, 0x10, 0x82, 0x10, 0x82, 0x10, 0x82, 0x08, 0x82, 0x08, 0x62, 0x10, 0x82, 0x08, 0x62,
    0x08, 0x61, 0x08, 0x41, 0x08, 0x41, 0x08, 0x41, 0x10, 0x82, 0x10, 0x82, 0x10, 0x82, 0x10, 0x82,
    0x10, 0x82, 0x08, 0x62, 0x10, 0x82, 0x08, 0x62, 0x08, 0x61, 0x08, 0x41, 0x08, 0x41, 0x08, 0x41,
    0x10, 0x82, 0x10, 0x82, 0x10, 0xA2, 0x10, 0x82, 0x10, 0x82, 0x08, 0x62, 0x10, 0x82, 0x08, 0x62,
    0x08, 0x61, 0x08, 0x41, 0x08, 0x41, 0x08, 0x41, 0x10, 0x82, 0x10, 0xA2, 0x10, 0xA2, 0x10, 0xA2,
    0x10, 0x82, 0x08, 0x62, 0x10, 0x82, 0x08, 0x62, 0x08, 0x61, 0x08, 0x41, 0x08, 0x41, 0x08, 0x41,
    0x10, 0x82, 0x10, 0xA2, 0x10, 0xA2, 0x10, 0xA2, 0x10, 0x82, 0x08, 0x62, 0x10, 0x82, 0x08, 0x62,
    0x08, 0x61, 0x08, 0x41, 0x08, 0x41, 0x08, 0x41, 0x10, 0x82, 0x10, 0xA2, 0x10, 0xA2, 0x10, 0xA2,
    0x10, 0x82, 0x08, 0x62, 0x10, 0x82, 0x08, 0x62, 0x08, 0x61, 0x08, 0x41, 0x08, 0x41, 0x08, 0x41,
    0x10, 0x82, 0x10, 0x82, 0x10, 0xA2, 0x10, 0x82, 0x10, 0x82, 0x08, 0x62, 0x10, 0x82, 0x08, 0x62,
    0x08, 0x61, 0x08, 0x41, 0x08, 0x41, 0x08, 0x41, 0x10, 0x82, 0x10, 0x82, 0x10, 0x82, 0x10, 0x82,
    0x10, 0x82, 0x08, 0x62, 0x10, 0x82, 0x08, 0x62, 0x08, 0x61, 0x08, 0x41, 0x08, 0x41, 0x08, 0x41,
    0x08, 0x82, 0x10, 0x82, 0x10, 0x82, 0x10, 0x82, 0x08, 0x82, 0x08, 0x61, 0x08, 0x82, 0x08, 0x61,
    0x08, 0x41, 0x08, 0x41, 0x08, 0x41, 0x08, 0x41, 0x08, 0x62, 0x08, 0x82, 0x10, 0x82, 0x08, 0x82,
    0x08, 0x62, 0x08, 0x61, 0x08, 0x62, 0x08, 0x61, 0x08, 0x41, 0x08, 0x41, 0x08, 0x41, 0x08, 0x41,
    0x08, 0x61, 0x08, 0x62, 0x08, 0x62, 0x08, 0x62, 0x08, 0x61, 0x08, 0x41, 0x08, 0x61, 0x08, 0x41,
    0x08, 0x41, 0x00, 0x41, 0x00, 0x21, 0x00, 0x41, 0x08, 0x61, 0x08, 0x61, 0x08, 0x61, 0x08, 0x61,
    0x08, 0x61, 0x08, 0x41, 0x08, 0x41, 0x08, 0x41, 0x08, 0x41, 0x00, 0x21, 0x00, 0x20, 0x00, 0x20,
    0x08, 0x41, 0x08, 0x61, 0x08, 0x61, 0x08, 0x41, 0x08, 0x41, 0x08, 0x41, 0x08, 0x41, 0x08, 0x41,
    0x00, 0x20, 0x00, 0x20, 0x00, 0x20, 0x00, 0x20, 0x08, 0x41, 0x08, 0x41, 0x08, 0x41, 0x08, 0x41,
    0x00, 0x41, 0x00, 0x20, 0x00, 0x41, 0x00, 0x20, 0x00, 0x20, 0x00, 0x20, 0x00, 0x20, 0x00, 0x20,
    0x00, 0x21, 0x00, 0x41, 0x00, 0x41, 0x00, 0x21, 0x00, 0x20, 0x00, 0x20, 0x08, 0x41, 0x00, 0x41,
    0x00, 0x21, 0x00, 0x20, 0x00, 0x20, 0x00, 0x20, 0x08, 0x41, 0x08, 0x41, 0x08, 0x41, 0x08, 0x41,
    0x08, 0x41, 0x00, 0x21, 0x08, 0x41, 0x08, 0x41, 0x08, 0x41, 0x00, 0x21, 0x00, 0x20, 0x00, 0x20,
    0x08, 0x61, 0x08, 0x61, 0x08, 0x61, 0x08, 0x41, 0x08, 0x41, 0x08, 0x41, 0x08, 0x61, 0x08, 0x61,
    0x08, 0x41, 0x08, 0x41, 0x00, 0x21, 0x00, 0x21, 0x08, 0x61, 0x08, 0x62, 0x08, 0x61, 0x08, 0x61,
    0x08, 0x41, 0x08, 0x41, 0x08, 0x62, 0x08, 0x61, 0x08, 0x61, 0x08, 0x41, 0x08, 0x41, 0x00, 0x41,
    0x08, 0x62, 0x08, 0x82, 0x08, 0x82, 0x08, 0x62, 0x08, 0x61, 0x08, 0x41, 0x08, 0x82, 0x08, 0x62,
    0x08, 0x61, 0x08, 0x41, 0x08, 0x41, 0x08, 0x41, 0x10, 0x82, 0x10, 0x82, 0x10, 0x82, 0x08, 0x62,
    0x08, 0x61, 0x08, 0x41, 0x10, 0x82, 0x08, 0x82, 0x08, 0x61, 0x08, 0x61, 0x08, 0x41, 0x08, 0x41,
    0x10, 0x82, 0x10, 0x82, 0x10, 0x82, 0x08, 0x82, 0x08, 0x62, 0x08, 0x61, 0x10, 0x82, 0x10, 0x82,
    0x08, 0x62, 0x08, 0x61, 0x08, 0x41, 0x08, 0x41, 0x10, 0x82, 0x10, 0x82, 0x10, 0x82, 0x10, 0x82,
    0x08, 0x62, 0x08, 0x61, 0x10, 0x82, 0x10, 0x82, 0x08, 0x62, 0x08, 0x61, 0x08, 0x41, 0x08, 0x41,
    0x10, 0x82, 0x10, 0xA2, 0x10, 0x82, 0x10, 0x82, 0x08, 0x62, 0x08, 0x61, 0x10, 0xA2, 0x10, 0x82,
    0x08, 0x62, 0x08, 0x61, 0x08, 0x41, 0x08, 0x41, 0x10, 0xA2, 0x10, 0xA2, 0x10, 0xA2, 0x10, 0x82,
    0x08, 0x62, 0x08, 0x61, 0x10, 0xA2, 0x10, 0x82, 0x08, 0x62, 0x08, 0x61, 0x08, 0x41, 0x08, 0x41,
    0x10, 0xA2, 0x10, 0xA2, 0x10, 0xA2, 0x10, 0x82, 0x08, 0x62, 0x08, 0x61, 0x10, 0xA2, 0x10, 0x82,
    0x08, 0x62, 0x08, 0x61, 0x08, 0x41, 0x08, 0x41, 0x10, 0xA2, 0x10, 0xA2, 0x10, 0xA2, 0x10, 0x82,
    0x08, 0x62, 0x08, 0x61, 0x10, 0xA2, 0x10, 0x82, 0x08, 0x62, 0x08, 0x61, 0x08, 0x41, 0x08, 0x41,
    0x10, 0x82, 0x10, 0xA2, 0x10, 0x82, 0x10, 0x82, 0x08, 0x62, 0x08, 0x61, 0x10, 0x82, 0x10, 0x82,
    0x08, 0x62, 0x08, 0x61, 0x08, 0x41, 0x08, 0x41, 0x10, 0x82, 0x10, 0x82, 0x10, 0x82, 0x10, 0x82,
    0x08, 0x62, 0x08, 0x61, 0x10, 0x82, 0x08, 0x82, 0x08, 0x62, 0x08, 0x61, 0x08, 0x41, 0x08, 0x41,
    0x10, 0x82, 0x10, 0x82, 0x10, 0x82, 0x08, 0x82, 0x08, 0x61, 0x08, 0x41, 0x10, 0x82, 0x08, 0x82,
    0x08, 0x61, 0x08, 0x41, 0x08, 0x41, 0x08, 0x41, 0x10, 0x82, 0x10, 0x82, 0x08, 0x82, 0x08, 0x62,
    0x08, 0x61, 0x08, 0x41, 0x08, 0x82, 0x08, 0x62, 0x08, 0x61, 0x08, 0x41, 0x08, 0x41, 0x08, 0x41,
    0x08, 0x62, 0x08, 0x82, 0x08, 0x62, 0x08, 0x61, 0x08, 0x41, 0x08, 0x41, 0x08, 0x62, 0x08, 0x61,
    0x08, 0x41, 0x08, 0x41, 0x00, 0x41, 0x00, 0x21, 0x08, 0x61, 0x08, 0x61, 0x08, 0x61, 0x08, 0x61,
    0x08, 0x41, 0x08, 0x41, 0x08, 0x61, 0x08, 0x41, 0x08, 0x41, 0x00, 0x41, 0x00, 0x20, 0x00, 0x20,
    0x08, 0x61, 0x08, 0x61, 0x08, 0x41, 0x08, 0x41, 0x08, 0x41, 0x00, 0x21, 0x08, 0x41, 0x08, 0x41,
    0x00, 0x41, 0x00, 0x20, 0x00, 0x20, 0x00, 0x20, 0x08, 0x41, 0x08, 0x41, 0x08, 0x41, 0x08, 0x41,
    0x00, 0x21, 0x00, 0x20, 0x08, 0x41, 0x00, 0x21, 0x00, 0x20, 0x00, 0x20, 0x00, 0x20, 0x00, 0x20,
    0x00, 0x41, 0x00, 0x41, 0x00, 0x21, 0x00, 0x20, 0x00, 0x20, 0x00, 0x20, 0x08, 0x41, 0x08, 0x41,
    0x08, 0x41, 0x00, 0x21, 0x00, 0x20, 0x00, 0x20, 0x08, 0x41, 0x08, 0x41, 0x08, 0x41, 0x00, 0x41,
    0x00, 0x20, 0x00, 0x20, 0x08, 0x41, 0x08, 0x41, 0x08, 0x41, 0x08, 0x41, 0x00, 0x21, 0x00, 0x20,
    0x08, 0x61, 0x08, 0x61, 0x08, 0x41, 0x08, 0x41, 0x08, 0x41, 0x00, 0x21, 0x08, 0x61, 0x08, 0x61,
    0x08, 0x61, 0x08, 0x41, 0x08, 0x41, 0x00, 0x41, 0x08, 0x62, 0x08, 0x61, 0x08, 0x61, 0x08, 0x41,
    0x08, 0x41, 0x08, 0x41, 0x08, 0x62, 0x08, 0x62, 0x08, 0x61, 0x08, 0x61, 0x08, 0x41, 0x08, 0x41,
    0x08, 0x82, 0x08, 0x62, 0x08, 0x62, 0x08, 0x61, 0x08, 0x41, 0x08, 0x41, 0x10, 0x82, 0x08, 0x82,
    0x08, 0x62, 0x08, 0x61, 0x08, 0x41, 0x08, 0x41, 0x10, 0x82, 0x10, 0x82, 0x08, 0x62, 0x08, 0x61,
    0x08, 0x41, 0x08, 0x41, 0x10, 0x82, 0x10, 0x82, 0x08, 0x82, 0x08, 0x61, 0x08, 0x61, 0x08, 0x41,
    0x10, 0x82, 0x10, 0x82, 0x08, 0x82, 0x08, 0x62, 0x08, 0x61, 0x08, 0x41, 0x10, 0x82, 0x10, 0x82,
    0x10, 0x82, 0x08, 0x62, 0x08, 0x61, 0x08, 0x41, 0x10, 0x82, 0x10, 0x82, 0x10, 0x82, 0x08, 0x62,
    0x08, 0x61, 0x08, 0x41, 0x10, 0xA2, 0x10, 0x82, 0x10, 0x82, 0x08, 0x62, 0x08, 0x61, 0x08, 0x41,
    0x10, 0xA2, 0x10, 0x82, 0x10, 0x82, 0x08, 0x62, 0x08, 0x61, 0x08, 0x41, 0x10, 0xA2, 0x10, 0xA2,
    0x10, 0x82, 0x08, 0x62, 0x08, 0x61, 0x08, 0x41, 0x10, 0xA2, 0x10, 0xA2, 0x10, 0x82, 0x08, 0x62,
    0x08, 0x61, 0x08, 0x41, 0x10, 0xA2, 0x10, 0xA2, 0x10, 0x82, 0x08, 0x62, 0x08, 0x61, 0x08, 0x41,
    0x10, 0xA2, 0x10, 0xA2, 0x10, 0x82, 0x08, 0x62, 0x08, 0x61, 0x08, 0x41, 0x10, 0xA2, 0x10, 0xA2,
    0x10, 0x82, 0x08, 0x62, 0x08, 0x61, 0x08, 0x41, 0x10, 0xA2, 0x10, 0xA2, 0x10, 0x82, 0x08, 0x62,
    0x08, 0x61, 0x08, 0x41, 0x10, 0xA2, 0x10, 0x82, 0x10, 0x82, 0x08, 0x62, 0x08, 0x61, 0x08, 0x41,
    0x10, 0xA2, 0x10, 0x82, 0x10, 0x82, 0x08, 0x62, 0x08, 0x61, 0x08, 0x41, 0x10, 0xA2, 0x10, 0x82,
    0x10, 0x82, 0x08, 0x62, 0x08, 0x61, 0x08, 0x41, 0x10, 0x82, 0x10, 0x82, 0x10, 0x82, 0x08, 0x62,
    0x08, 0x61, 0x08, 0x41, 0x10, 0x82, 0x10, 0x82, 0x08, 0x82, 0x08, 0x62, 0x08, 0x61, 0x08, 0x41,
    0x10, 0x82, 0x10, 0x82, 0x08, 0x82, 0x08, 0x61, 0x08, 0x41, 0x08, 0x41, 0x10, 0x82, 0x10, 0x82,
    0x08, 0x62, 0x08, 0x61, 0x08, 0x41, 0x08, 0x41, 0x10, 0x82, 0x08, 0x82, 0x08, 0x62, 0x08, 0x61,
    0x08, 0x41, 0x08, 0x41, 0x08, 0x82, 0x08, 0x82, 0x08, 0x62, 0x08, 0x61, 0x08, 0x41, 0x08, 0x41,
    0x08, 0x82, 0x08, 0x62, 0x08, 0x61, 0x08, 0x61, 0x08, 0x41, 0x08, 0x41, 0x08, 0x62, 0x08, 0x62,
    0x08, 0x61, 0x08, 0x41, 0x08, 0x41, 0x00, 0x41, 0x08, 0x61, 0x08, 0x61, 0x08, 0x61, 0x08, 0x41,
    0x08, 0x41, 0x00, 0x21, 0x08, 0x61, 0x08, 0x61, 0x08, 0x41, 0x08, 0x41, 0x00, 0x41, 0x00, 0x20,
    0x08, 0x61, 0x08, 0x41, 0x08, 0x41, 0x08, 0x41, 0x00, 0x21, 0x00, 0x20, 0x08, 0x41, 0x08, 0x41,
    0x08, 0x41, 0x00, 0x41, 0x00, 0x20, 0x00, 0x20, 0x08, 0x41, 0x08, 0x41, 0x08, 0x41, 0x00, 0x21,
    0x00, 0x20, 0x00, 0x20, 0x08, 0x41, 0x08, 0x41, 0x00, 0x21, 0x00, 0x20, 0x00, 0x20, 0x00, 0x20,
    0x00, 0x21, 0x00, 0x21, 0x00, 0x20, 0x00, 0x20, 0x00, 0x20, 0x00, 0x20, 0x08, 0x41, 0x08, 0x41,
    0x08, 0x41, 0x08, 0x41, 0x00, 0x21, 0x00, 0x20, 0x08, 0x41, 0x08, 0x41, 0x00, 0x41, 0x00, 0x20,
    0x00, 0x20, 0x00, 0x20, 0x08, 0x41, 0x08, 0x41, 0x08, 0x41, 0x08, 0x41, 0x08, 0x41, 0x00, 0x41,
    0x08, 0x61, 0x08, 0x41, 0x08, 0x41, 0x08, 0x41, 0x00, 0x21, 0x00, 0x20, 0x08, 0x61, 0x08, 0x61,
    0x08, 0x61, 0x08, 0x61, 0x08, 0x41, 0x08, 0x41, 0x08, 0x61, 0x08, 0x61, 0x08, 0x41, 0x08, 0x41,
    0x00, 0x41, 0x00, 0x41, 0x08, 0x62, 0x08, 0x62, 0x08, 0x62, 0x08, 0x61, 0x08, 0x61, 0x08, 0x41,
    0x08, 0x62, 0x08, 0x61, 0x08, 0x61, 0x08, 0x41, 0x08, 0x41, 0x08, 0x41, 0x08, 0x82, 0x10, 0x82,
    0x08, 0x82, 0x08, 0x62, 0x08, 0x61, 0x08, 0x41, 0x10, 0x82, 0x08, 0x62, 0x08, 0x61, 0x08, 0x41,
    0x08, 0x41, 0x08, 0x41, 0x10, 0x82, 0x10, 0x82, 0x10, 0x82, 0x08, 0x82, 0x08, 0x61, 0x08, 0x61,
    0x10, 0x82, 0x08, 0x82, 0x08, 0x62, 0x08, 0x61, 0x08, 0x41, 0x08, 0x41, 0x10, 0x82, 0x10, 0x82,
    0x10, 0x82, 0x10, 0x82, 0x08, 0x62, 0x08, 0x61, 0x10, 0x82, 0x10, 0x82, 0x08, 0x62, 0x08, 0x61,
    0x08, 0x41, 0x08, 0x41, 0x10, 0x82, 0x10, 0xA2, 0x10, 0x82, 0x10, 0x82, 0x08, 0x62, 0x08, 0x61,
    0x10, 0x82, 0x10, 0x82, 0x08, 0x62, 0x08, 0x61, 0x08, 0x41, 0x08, 0x41, 0x10, 0xA2, 0x10, 0xA2,
    0x10, 0xA2, 0x10, 0x82, 0x08, 0x62, 0x08, 0x61, 0x10, 0xA2, 0x10, 0x82, 0x08, 0x62, 0x08, 0x61,
    0x08, 0x41, 0x08, 0x41, 0x10, 0xA2, 0x10, 0xA2, 0x10, 0xA2, 0x10, 0x82, 0x08, 0x62, 0x08, 0x61,
    0x10, 0xA2, 0x10, 0x82, 0x08, 0x62, 0x08, 0x61, 0x08, 0x41, 0x08, 0x41, 0x10, 0xA2, 0x10, 0xA2,
    0x10, 0xA2, 0x10, 0x82, 0x08, 0x62, 0x08, 0x61, 0x10, 0xA2, 0x10, 0x82, 0x08, 0x62, 0x08, 0x61,
    0x08, 0x41, 0x08, 0x41, 0x10, 0xA2, 0x10, 0xA2, 0x10, 0x82, 0x10, 0x82, 0x08, 0x62, 0x08, 0x61,
    0x10, 0x82, 0x10, 0x82, 0x08, 0x62, 0x08, 0x61, 0x08, 0x41, 0x08, 0x41, 0x10, 0x82, 0x10, 0xA2,
    0x10, 0x82, 0x10, 0x82, 0x08, 0x62, 0x08, 0x61, 0x10, 0x82, 0x10, 0x82, 0x08, 0x62, 0x08, 0x61,
    0x08, 0x41, 0x08, 0x41, 0x10, 0x82, 0x10, 0x82, 0x10, 0x82, 0x08, 0x82, 0x08, 0x61, 0x08, 0x61,
    0x10, 0x82, 0x08, 0x82, 0x08, 0x61, 0x08, 0x41, 0x08, 0x41, 0x08, 0x41, 0x10, 0x82, 0x10, 0x82,
    0x10, 0x82, 0x08, 0x62, 0x08, 0x61, 0x08, 0x41, 0x10, 0x82, 0x08, 0x62, 0x08, 0x61, 0x08, 0x41,
    0x08, 0x41, 0x08, 0x41, 0x08, 0x82, 0x08, 0x82, 0x08, 0x82, 0x08, 0x62, 0x08, 0x61, 0x08, 0x41,
    0x08, 0x62, 0x08, 0x61, 0x08, 0x61, 0x08, 0x41, 0x08, 0x41, 0x00, 0x41, 0x08, 0x62, 0x08, 0x62,
    0x08, 0x62, 0x08, 0x61, 0x08, 0x41, 0x08, 0x41, 0x08, 0x61, 0x08, 0x61, 0x08, 0x41, 0x08, 0x41,
    0x00, 0x21, 0x00, 0x20, 0x08, 0x61, 0x08, 0x61, 0x08, 0x61, 0x08, 0x41, 0x08, 0x41, 0x00, 0x41,
    0x08, 0x61, 0x08, 0x41, 0x08, 0x41, 0x00, 0x21, 0x00, 0x20, 0x00, 0x20, 0x08, 0x41, 0x08, 0x41,
    0x08, 0x41, 0x08, 0x41, 0x00, 0x41, 0x00, 0x20, 0x08, 0x41, 0x08, 0x41, 0x00, 0x21, 0x00, 0x20,
    0x00, 0x20, 0x00, 0x20, 0x08, 0x41, 0x08, 0x41, 0x00, 0x41, 0x00, 0x21, 0x00, 0x20, 0x00, 0x20,
    0x00, 0x20, 0x00, 0x20, 0x00, 0x20, 0x00, 0x20, 0x00, 0x20, 0x00, 0x20, 0x00, 0x41, 0x08, 0x41,
    0x08, 0x41, 0x08, 0x41, 0x08, 0x41, 0x00, 0x21, 0x08, 0x41, 0x00, 0x41, 0x00, 0x20, 0x00, 0x20,
    0x00, 0x20, 0x00, 0x20, 0x08, 0x41, 0x08, 0x41, 0x08, 0x61, 0x08, 0x41, 0x08, 0x41, 0x08, 0x41,
    0x08, 0x41, 0x08, 0x41, 0x00, 0x41, 0x00, 0x21, 0x00, 0x20, 0x00, 0x21, 0x08, 0x61, 0x08, 0x61,
    0x08, 0x61, 0x08, 0x61, 0x08, 0x61, 0x08, 0x41, 0x08, 0x61, 0x08, 0x41, 0x08, 0x41, 0x00, 0x41,
    0x00, 0x21, 0x08, 0x41, 0x08, 0x61, 0x08, 0x62, 0x08, 0x62, 0x08, 0x62, 0x08, 0x61, 0x08, 0x61,
    0x08, 0x61, 0x08, 0x61, 0x08, 0x41, 0x08, 0x41, 0x08, 0x41, 0x08, 0x41, 0x08, 0x62, 0x08, 0x82,
    0x10, 0x82, 0x08, 0x82, 0x08, 0x62, 0x08, 0x61, 0x08, 0x62, 0x08, 0x61, 0x08, 0x41, 0x08, 0x41,
    0x08, 0x41, 0x08, 0x41, 0x08, 0x82, 0x10, 0x82, 0x10, 0x82, 0x10, 0x82, 0x08, 0x82, 0x08, 0x61,
    0x08, 0x82, 0x08, 0x61, 0x08, 0x61, 0x08, 0x41, 0x08, 0x41, 0x08, 0x41, 0x10, 0x82, 0x10, 0x82,
    0x10, 0x82, 0x10, 0x82, 0x10, 0x82, 0x08, 0x62, 0x10, 0x82, 0x08, 0x62, 0x08, 0x61, 0x08, 0x41,
    0x08, 0x41, 0x08, 0x41, 0x10, 0x82, 0x10, 0x82, 0x10, 0xA2, 0x10, 0x82, 0x10, 0x82, 0x08, 0x62,
    0x10, 0x82, 0x08, 0x62, 0x08, 0x61, 0x08, 0x41, 0x08, 0x41, 0x08, 0x41, 0x10, 0x82, 0x10, 0xA2,
    0x10, 0xA2, 0x10, 0xA2, 0x10, 0x82, 0x08, 0x62, 0x10, 0x82, 0x08, 0x62, 0x08, 0x61, 0x08, 0x41,
    0x08, 0x41, 0x08, 0x41, 0x10, 0x82, 0x10, 0xA2, 0x10, 0xA2, 0x10, 0xA2, 0x10, 0x82, 0x08, 0x62,
    0x10, 0x82, 0x08, 0x62, 0x08, 0x61, 0x08, 0x41, 0x08, 0x41, 0x08, 0x41, 0x10, 0x82, 0x10, 0xA2,
    0x10, 0xA2, 0x10, 0xA2, 0x10, 0x82, 0x08, 0x62, 0x10, 0x82, 0x08, 0x62, 0x08, 0x61, 0x08, 0x41,
    0x08, 0x41, 0x08, 0x41, 0x10, 0x82, 0x10, 0x82, 0x10, 0xA2, 0x10, 0x82, 0x10, 0x82, 0x08, 0x62,
    0x10, 0x82, 0x08, 0x62, 0x08, 0x61, 0x08, 0x41, 0x08, 0x41, 0x08, 0x41, 0x10, 0x82, 0x10, 0x82,
    0x10, 0xA2, 0x10, 0x82, 0x10, 0x82, 0x08, 0x62, 0x10, 0x82, 0x08, 0x62, 0x08, 0x61, 0x08, 0x41,
    0x08, 0x41, 0x08, 0x41, 0x10, 0x82, 0x10, 0x82, 0x10, 0x82, 0x10, 0x82, 0x08, 0x82, 0x08, 0x61,
    0x08, 0x82, 0x08, 0x61, 0x08, 0x61, 0x08, 0x41, 0x08, 0x41, 0x08, 0x41, 0x08, 0x82, 0x10, 0x82,
    0x10, 0x82, 0x10, 0x82, 0x08, 0x62, 0x08, 0x61, 0x08, 0x62, 0x08, 0x61, 0x08, 0x41, 0x08, 0x41,
    0x08, 0x41, 0x08, 0x41, 0x08, 0x62, 0x08, 0x82, 0x08, 0x82, 0x08, 0x82, 0x08, 0x61, 0x08, 0x61,
    0x08, 0x61, 0x08, 0x61, 0x08, 0x41, 0x08, 0x41, 0x00, 0x41, 0x08, 0x41, 0x08, 0x61, 0x08, 0x62,
    0x08, 0x62, 0x08, 0x61, 0x08, 0x61, 0x08, 0x41, 0x08, 0x61, 0x08, 0x41, 0x08, 0x41, 0x00, 0x21,
    0x00, 0x21, 0x00, 0x21, 0x08, 0x41, 0x08, 0x61, 0x08, 0x61, 0x08, 0x61, 0x08, 0x41, 0x08, 0x41,
    0x08, 0x41, 0x08, 0x41, 0x00, 0x21, 0x00, 0x20, 0x00, 0x20, 0x00, 0x20, 0x08, 0x41, 0x08, 0x41,
    0x08, 0x41, 0x08, 0x41, 0x08, 0x41, 0x00, 0x41, 0x08, 0x41, 0x00, 0x21, 0x00, 0x20, 0x00, 0x20,
    0x00, 0x20, 0x00, 0x20, 0x00, 0x41, 0x08, 0x41, 0x08, 0x41, 0x00, 0x41, 0x00, 0x21, 0x00, 0x20,
    0x00, 0x20, 0x00, 0x20, 0x00, 0x20, 0x00, 0x20, 0x00, 0x20, 0x00, 0x20, 0x00, 0x20, 0x00, 0x41,
    0x08, 0x41, 0x08, 0x41, 0x08, 0x41, 0x08, 0x41, 0x00, 0x41, 0x00, 0x20, 0x00, 0x20, 0x00, 0x20,
    0x00, 0x20, 0x00, 0x21, 0x08, 0x41, 0x08, 0x41, 0x08, 0x41, 0x08, 0x61, 0x08, 0x41, 0x08, 0x41,
    0x08, 0x41, 0x00, 0x41, 0x00, 0x20, 0x00, 0x20, 0x00, 0x21, 0x08, 0x41, 0x08, 0x41, 0x08, 0x61,
    0x08, 0x61, 0x08, 0x61, 0x08, 0x61, 0x08, 0x61, 0x08, 0x41, 0x08, 0x41, 0x00, 0x41, 0x00, 0x21,
    0x00, 0x41, 0x08, 0x41, 0x08, 0x41, 0x08, 0x61, 0x08, 0x62, 0x08, 0x62, 0x08, 0x62, 0x08, 0x61,
    0x08, 0x61, 0x08, 0x41, 0x08, 0x41, 0x08, 0x41, 0x08, 0x41, 0x08, 0x41, 0x08, 0x61, 0x08, 0x62,
    0x08, 0x82, 0x10, 0x82, 0x08, 0x82, 0x08, 0x62, 0x08, 0x61, 0x08, 0x41, 0x08, 0x41, 0x08, 0x41,
    0x08, 0x41, 0x08, 0x41, 0x08, 0x61, 0x08, 0x82, 0x10, 0x82, 0x10, 0x82, 0x10, 0x82, 0x08, 0x82,
    0x08, 0x61, 0x08, 0x61, 0x08, 0x41, 0x08, 0x41, 0x08, 0x41, 0x08, 0x61, 0x08, 0x62, 0x10, 0x82,
    0x10, 0x82, 0x10, 0x82, 0x10, 0x82, 0x10, 0x82, 0x08, 0x62, 0x08, 0x61, 0x08, 0x41, 0x08, 0x41,
    0x08, 0x41, 0x08, 0x61, 0x08, 0x62, 0x10, 0x82, 0x10, 0x82, 0x10, 0xA2, 0x10, 0x82, 0x10, 0x82,
    0x08, 0x62, 0x08, 0x61, 0x08, 0x41, 0x08, 0x41, 0x08, 0x41, 0x08, 0x61, 0x08, 0x62, 0x10, 0x82,
    0x10, 0xA2, 0x10, 0xA2, 0x10, 0xA2, 0x10, 0x82, 0x08, 0x62, 0x08, 0x61, 0x08, 0x41, 0x08, 0x41,
    0x08, 0x41, 0x08, 0x61, 0x08, 0x62, 0x10, 0x82, 0x10, 0xA2, 0x10, 0xA2, 0x10, 0xA2, 0x10, 0x82,
    0x08, 0x62, 0x08, 0x61, 0x08, 0x41, 0x08, 0x41, 0x08, 0x41, 0x08, 0x61, 0x08, 0x62, 0x10, 0x82,
    0x10, 0xA2, 0x10, 0xA2, 0x10, 0xA2, 0x10, 0x82, 0x08, 0x62, 0x08, 0x61, 0x08, 0x41, 0x08, 0x41,
    0x08, 0x41, 0x08, 0x61, 0x08, 0x62, 0x10, 0x82, 0x10, 0x82, 0x10, 0xA2, 0x10, 0x82, 0x10, 0x82,
    0x08, 0x62, 0x08, 0x61, 0x08, 0x41, 0x08, 0x41, 0x08, 0x41, 0x08, 0x61, 0x08, 0x62, 0x10, 0x82,
    0x10, 0x82, 0x10, 0x82, 0x10, 0x82, 0x10, 0x82, 0x08, 0x62, 0x08, 0x61, 0x08, 0x41, 0x08, 0x41,
    0x08, 0x41, 0x08, 0x61, 0x08, 0x62, 0x08, 0x82, 0x10, 0x82, 0x10, 0x82, 0x10, 0x82, 0x08, 0x82,
    0x08, 0x61, 0x08, 0x61, 0x08, 0x41, 0x08, 0x41, 0x08, 0x41, 0x08, 0x41, 0x08, 0x61, 0x08, 0x82,
    0x10, 0x82, 0x10, 0x82, 0x10, 0x82, 0x08, 0x62, 0x08, 0x61, 0x08, 0x41, 0x08, 0x41, 0x08, 0x41,
    0x08, 0x41, 0x08, 0x41, 0x08, 0x61, 0x08, 0x62, 0x08, 0x82, 0x08, 0x82, 0x08, 0x62, 0x08, 0x61,
    0x08, 0x61, 0x08, 0x41, 0x08, 0x41, 0x00, 0x41, 0x08, 0x41, 0x08, 0x41, 0x08, 0x41, 0x08, 0x61,
    0x08, 0x62, 0x08, 0x62, 0x08, 0x61, 0x08, 0x61, 0x08, 0x41, 0x08, 0x41, 0x00, 0x21, 0x00, 0x21,
    0x00, 0x21, 0x08, 0x41, 0x08, 0x41, 0x08, 0x41, 0x08, 0x61, 0x08, 0x61, 0x08, 0x61, 0x08, 0x41,
    0x08, 0x41, 0x00, 0x21, 0x00, 0x20, 0x00, 0x20, 0x00, 0x20, 0x00, 0x21, 0x08, 0x41, 0x08, 0x41,
    0x08, 0x41, 0x08, 0x41, 0x08, 0x41, 0x08, 0x41, 0x00, 0x21, 0x00, 0x20, 0x00, 0x20, 0x00, 0x20,
    0x00, 0x20, 0x00, 0x20, 0x00, 0x20, 0x00, 0x21, 0x00, 0x41, 0x00, 0x41, 0x00, 0x41, 0x00, 0x20,
    0x00, 0x20, 0x00, 0x20, 0x00, 0x20, 0x00, 0x20, 0x00, 0x20, 0x00, 0x20, 0x00, 0x41, 0x08, 0x41,
    0x08, 0x41, 0x08, 0x41, 0x08, 0x41, 0x00, 0x21, 0x08, 0x41, 0x00, 0x41, 0x00, 0x20, 0x00, 0x20,
    0x00, 0x20, 0x00, 0x20, 0x08, 0x41, 0x08, 0x41, 0x08, 0x41, 0x08, 0x41, 0x08, 0x41, 0x08, 0x41,
    0x08, 0x41, 0x08, 0x41, 0x00, 0x41, 0x00, 0x21, 0x00, 0x20, 0x00, 0x21, 0x08, 0x61, 0x08, 0x61,
    0x08, 0x61, 0x08, 0x61, 0x08, 0x61, 0x08, 0x41, 0x08, 0x61, 0x08, 0x41, 0x08, 0x41, 0x00, 0x41,
    0x00, 0x21, 0x08, 0x41, 0x08, 0x61, 0x08, 0x62, 0x08, 0x62, 0x08, 0x62, 0x08, 0x61, 0x08, 0x61,
    0x08, 0x61, 0x08, 0x61, 0x08, 0x41, 0x08, 0x41, 0x08, 0x41, 0x08, 0x41, 0x08, 0x62, 0x08, 0x82,
    0x10, 0x82, 0x08, 0x82, 0x08, 0x62, 0x08, 0x61, 0x08, 0x62, 0x08, 0x61, 0x08, 0x41, 0x08, 0x41,
    0x08, 0x41, 0x08, 0x41, 0x08, 0x82, 0x10, 0x82, 0x10, 0x82, 0x10, 0x82, 0x08, 0x82, 0x08, 0x61,
    0x08, 0x82, 0x08, 0x61, 0x08, 0x61, 0x08, 0x41, 0x08, 0x41, 0x08, 0x41, 0x10, 0x82, 0x10, 0x82,
    0x10, 0x82, 0x10, 0x82, 0x10, 0x82, 0x08, 0x62, 0x10, 0x82, 0x08, 0x62, 0x08, 0x61, 0x08, 0x41,
    0x08, 0x41, 0x08, 0x41, 0x10, 0x82, 0x10, 0x82, 0x10, 0xA2, 0x10, 0x82, 0x10, 0x82, 0x08, 0x62,
    0x10, 0x82, 0x08, 0x62, 0x08, 0x61, 0x08, 0x41, 0x08, 0x41, 0x08, 0x41, 0x10, 0x82, 0x10, 0xA2,
    0x10, 0xA2, 0x10, 0xA2, 0x10, 0x82, 0x08, 0x62, 0x10, 0x82, 0x08, 0x62, 0x08, 0x61, 0x08, 0x41,
    0x08, 0x41, 0x08, 0x41, 0x10, 0x82, 0x10, 0xA2, 0x10, 0xA2, 0x10, 0xA2, 0x10, 0x82, 0x08, 0x62,
    0x10, 0x82, 0x08, 0x62, 0x08, 0x61, 0x08, 0x41, 0x08, 0x41, 0x08, 0x41, 0x10, 0x82, 0x10, 0xA2,
    0x10, 0xA2, 0x10, 0xA2, 0x10, 0x82, 0x08, 0x62, 0x10, 0x82, 0x08, 0x62, 0x08, 0x61, 0x08, 0x41,
    0x08, 0x41, 0x08, 0x41, 0x10, 0x82, 0x10, 0x82, 0x10, 0xA2, 0x10, 0x82, 0x10, 0x82, 0x08, 0x62,
    0x10, 0x82, 0x08, 0x62, 0x08, 0x61, 0x08, 0x41, 0x08, 0x41, 0x08, 0x41, 0x10, 0x82, 0x10, 0x82,
    0x10, 0x82, 0x10, 0x82, 0x10, 0x82, 0x08, 0x62, 0x10, 0x82, 0x08, 0x62, 0x08, 0x61, 0x08, 0x41,
    0x08, 0x41, 0x08, 0x41, 0x08, 0x82, 0x10, 0x82, 0x10, 0x82, 0x10, 0x82, 0x08, 0x82, 0x08, 0x61,
    0x08, 0x82, 0x08, 0x61, 0x08, 0x41, 0x08, 0x41, 0x08, 0x41, 0x08, 0x41, 0x08, 0x82, 0x10, 0x82,
    0x10, 0x82, 0x10, 0x82, 0x08, 0x62, 0x08, 0x61, 0x08, 0x62, 0x08, 0x61, 0x08, 0x41, 0x08, 0x41,
    0x08, 0x41, 0x08, 0x41, 0x08, 0x62, 0x08, 0x82, 0x08, 0x82, 0x08, 0x82, 0x08, 0x61, 0x08, 0x61,
    0x08, 0x61, 0x08, 0x61, 0x08, 0x41, 0x08, 0x41, 0x00, 0x41, 0x08, 0x41, 0x08, 0x61, 0x08, 0x62,
    0x08, 0x62, 0x08, 0x61, 0x08, 0x61, 0x08, 0x41, 0x08, 0x61, 0x08, 0x41, 0x08, 0x41, 0x00, 0x21,
    0x00, 0x20, 0x00, 0x21, 0x08, 0x41, 0x08, 0x61, 0x08, 0x61, 0x08, 0x61, 0x08, 0x41, 0x08, 0x41,
    0x08, 0x41, 0x08, 0x41, 0x00, 0x21, 0x00, 0x20, 0x00, 0x20, 0x00, 0x20, 0x08, 0x41, 0x08, 0x41,
    0x08, 0x41, 0x08, 0x41, 0x08, 0x41, 0x00, 0x41, 0x08, 0x41, 0x00, 0x21, 0x00, 0x20, 0x00, 0x20,
    0x00, 0x20, 0x00, 0x20, 0x00, 0x41, 0x08, 0x41, 0x08, 0x41, 0x00, 0x41, 0x00, 0x20, 0x00, 0x20,
    0x00, 0x21, 0x00, 0x20, 0x00, 0x20, 0x00, 0x20, 0x00, 0x20, 0x00, 0x20, 0x08, 0x41, 0x08, 0x41,
    0x08, 0x41, 0x08, 0x41, 0x00, 0x21, 0x00, 0x20, 0x08, 0x41, 0x08, 0x41, 0x00, 0x41, 0x00, 0x20,
    0x00, 0x20, 0x00, 0x20, 0x08, 0x41, 0x08, 0x41, 0x08, 0x41, 0x08, 0x41, 0x08, 0x41, 0x00, 0x41,
    0x08, 0x61, 0x08, 0x41, 0x08, 0x41, 0x00, 0x41, 0x00, 0x21, 0x00, 0x20, 0x08, 0x61, 0x08, 0x61,
    0x08, 0x61, 0x08, 0x61, 0x08, 0x41, 0x08, 0x41, 0x08, 0x61, 0x08, 0x61, 0x08, 0x41, 0x08, 0x41,
    0x00, 0x41, 0x00, 0x41, 0x08, 0x62, 0x08, 0x62, 0x08, 0x62, 0x08, 0x61, 0x08, 0x61, 0x08, 0x41,
    0x08, 0x62, 0x08, 0x61, 0x08, 0x61, 0x08, 0x41, 0x08, 0x41, 0x08, 0x41, 0x08, 0x82, 0x10, 0x82,
    0x08, 0x82, 0x08, 0x62, 0x08, 0x61, 0x08, 0x41, 0x10, 0x82, 0x08, 0x62, 0x08, 0x61, 0x08, 0x41,
    0x08, 0x41, 0x08, 0x41, 0x10, 0x82, 0x10, 0x82, 0x10, 0x82, 0x08, 0x82, 0x08, 0x61, 0x08, 0x61,
    0x10, 0x82, 0x08, 0x82, 0x08, 0x61, 0x08, 0x61, 0x08, 0x41, 0x08, 0x41, 0x10, 0x82, 0x10, 0x82,
    0x10, 0x82, 0x10, 0x82, 0x08, 0x62, 0x08, 0x61, 0x10, 0x82, 0x10, 0x82, 0x08, 0x62, 0x08, 0x61,
    0x08, 0x41, 0x08, 0x41, 0x10, 0x82, 0x10, 0xA2, 0x10, 0x82, 0x10, 0x82, 0x08, 0x62, 0x08, 0x61,
    0x10, 0x82, 0x10, 0x82, 0x08, 0x62, 0x08, 0x61, 0x08, 0x41, 0x08, 0x41, 0x10, 0x82, 0x10, 0xA2,
    0x10, 0xA2, 0x10, 0x82, 0x08, 0x62, 0x08, 0x61, 0x10, 0xA2, 0x10, 0x82, 0x08, 0x62, 0x08, 0x61,
    0x08, 0x41, 0x08, 0x41, 0x10, 0xA2, 0x10, 0xA2, 0x10, 0xA2, 0x10, 0x82, 0x08, 0x62, 0x08, 0x61,
    0x10, 0xA2, 0x10, 0x82, 0x08, 0x62, 0x08, 0x61, 0x08, 0x41, 0x08, 0x41, 0x10, 0xA2, 0x10, 0xA2,
    0x10, 0xA2, 0x10, 0x82, 0x08, 0x62, 0x08, 0x61, 0x10, 0xA2, 0x10, 0x82, 0x08, 0x62, 0x08, 0x61,
    0x08, 0x41, 0x08, 0x41, 0x10, 0x82, 0x10, 0xA2, 0x10, 0x82, 0x10, 0x82, 0x08, 0x62, 0x08, 0x61,
    0x10, 0x82, 0x10, 0x82, 0x08, 0x62, 0x08, 0x61, 0x08, 0x41, 0x08, 0x41, 0x10, 0x82, 0x10, 0xA2,
    0x10, 0x82, 0x10, 0x82, 0x08, 0x62, 0x08, 0x61, 0x10, 0x82, 0x10, 0x82, 0x08, 0x62, 0x08, 0x61,
    0x08, 0x41, 0x08, 0x41, 0x10, 0x82, 0x10, 0x82, 0x10, 0x82, 0x08, 0x82, 0x08, 0x61, 0x08, 0x61,
    0x10, 0x82, 0x08, 0x82, 0x08, 0x61, 0x08, 0x41, 0x08, 0x41, 0x08, 0x41, 0x10, 0x82, 0x10, 0x82,
    0x10, 0x82, 0x08, 0x62, 0x08, 0x61, 0x08, 0x41, 0x10, 0x82, 0x08, 0x62, 0x08, 0x61, 0x08, 0x41,
    0x08, 0x41, 0x08, 0x41, 0x08, 0x82, 0x08, 0x82, 0x08, 0x82, 0x08, 0x62, 0x08, 0x61, 0x08, 0x41,
    0x08, 0x62, 0x08, 0x61, 0x08, 0x61, 0x08, 0x41, 0x08, 0x41, 0x00, 0x41, 0x08, 0x62, 0x08, 0x62,
    0x08, 0x62, 0x08, 0x61, 0x08, 0x41, 0x08, 0x41, 0x08, 0x61, 0x08, 0x61, 0x08, 0x41, 0x08, 0x41,
    0x00, 0x21, 0x00, 0x20, 0x08, 0x61, 0x08, 0x61, 0x08, 0x61, 0x08, 0x41, 0x08, 0x41, 0x00, 0x41,
    0x08, 0x61, 0x08, 0x41, 0x08, 0x41, 0x00, 0x21, 0x00, 0x20, 0x00, 0x20, 0x08, 0x41, 0x08, 0x41,
    0x08, 0x41, 0x08, 0x41, 0x00, 0x41, 0x00, 0x20, 0x08, 0x41, 0x08, 0x41, 0x00, 0x21, 0x00, 0x20,
    0x00, 0x20, 0x00, 0x20, 0x08, 0x41, 0x08, 0x41, 0x00, 0x41, 0x00, 0x21, 0x00, 0x20, 0x00, 0x20,
    0x00, 0x41, 0x00, 0x21, 0x00, 0x21, 0x00, 0x20, 0x00, 0x20, 0x00, 0x20, 0x08, 0x41, 0x08, 0x41,
    0x08, 0x41, 0x00, 0x21, 0x00, 0x20, 0x00, 0x20, 0x08, 0x41, 0x08, 0x41, 0x08, 0x41, 0x00, 0x41,
    0x00, 0x20, 0x00, 0x20, 0x08, 0x41, 0x08, 0x41, 0x08, 0x41, 0x08, 0x41, 0x00, 0x21, 0x00, 0x20,
    0x08, 0x61, 0x08, 0x61, 0x08, 0x41, 0x08, 0x41, 0x08, 0x41, 0x00, 0x21, 0x08, 0x61, 0x08, 0x61,
    0x08, 0x61, 0x08, 0x41, 0x08, 0x41, 0x00, 0x41, 0x08, 0x62, 0x08, 0x61, 0x08, 0x61, 0x08, 0x41,
    0x08, 0x41, 0x08, 0x41, 0x08, 0x62, 0x08, 0x62, 0x08, 0x61, 0x08, 0x61, 0x08, 0x41, 0x08, 0x41,
    0x08, 0x82, 0x08, 0x62, 0x08, 0x62, 0x08, 0x61, 0x08, 0x41, 0x08, 0x41, 0x10, 0x82, 0x08, 0x82,
    0x08, 0x62, 0x08, 0x61, 0x08, 0x41, 0x08, 0x41, 0x10, 0x82, 0x10, 0x82, 0x08, 0x62, 0x08, 0x61,
    0x08, 0x41, 0x08, 0x41, 0x10, 0x82, 0x10, 0x82, 0x08, 0x82, 0x08, 0x61, 0x08, 0x61, 0x08, 0x41,
    0x10, 0x82, 0x10, 0x82, 0x08, 0x82, 0x08, 0x62, 0x08, 0x61, 0x08, 0x41, 0x10, 0x82, 0x10, 0x82,
    0x10, 0x82, 0x08, 0x62, 0x08, 0x61, 0x08, 0x41, 0x10, 0x82, 0x10, 0x82, 0x10, 0x82, 0x08, 0x62,
    0x08, 0x61, 0x08, 0x41, 0x10, 0xA2, 0x10, 0x82, 0x10, 0x82, 0x08, 0x62, 0x08, 0x61, 0x08, 0x41,
    0x10, 0xA2, 0x10, 0x82, 0x10, 0x82, 0x08, 0x62, 0x08, 0x61, 0x08, 0x41, 0x10, 0xA2, 0x10, 0xA2,
    0x10, 0x82, 0x08, 0x62, 0x08, 0x61, 0x08, 0x41, 0x10, 0xA2, 0x10, 0xA2, 0x10, 0x82, 0x08, 0x62,
    0x08, 0x61, 0x08, 0x41, 0x10, 0xA2, 0x10, 0xA2, 0x10, 0x82, 0x08, 0x62, 0x08, 0x61, 0x08, 0x41,
    0x10, 0xA2, 0x10, 0xA2, 0x10, 0x82, 0x08, 0x62, 0x08, 0x61, 0x08, 0x41, 0x10, 0xA2, 0x10, 0xA2,
    0x10, 0x82, 0x08, 0x62, 0x08, 0x61, 0x08, 0x41, 0x10, 0xA2, 0x10, 0xA2, 0x10, 0x82, 0x08, 0x62,
    0x08, 0x61, 0x08, 0x41, 0x10, 0xA2, 0x10, 0x82, 0x10, 0x82, 0x08, 0x62, 0x08, 0x61, 0x08, 0x41,
    0x10, 0xA2, 0x10, 0x82, 0x10, 0x82, 0x08, 0x62, 0x08, 0x61, 0x08, 0x41, 0x10, 0xA2, 0x10, 0x82,
    0x10, 0x82, 0x08, 0x62, 0x08, 0x61, 0x08, 0x41, 0x10, 0x82, 0x10, 0x82, 0x10, 0x82, 0x08, 0x62,
    0x08, 0x61, 0x08, 0x41, 0x10, 0x82, 0x10, 0x82, 0x08, 0x82, 0x08, 0x61, 0x08, 0x61, 0x08, 0x41,
    0x10, 0x82, 0x10, 0x82, 0x08, 0x82, 0x08, 0x61, 0x08, 0x41, 0x08, 0x41, 0x10, 0x82, 0x10, 0x82,
    0x08, 0x62, 0x08, 0x61, 0x08, 0x41, 0x08, 0x41, 0x10, 0x82, 0x08, 0x82, 0x08, 0x62, 0x08, 0x61,
    0x08, 0x41, 0x08, 0x41, 0x08, 0x82, 0x08, 0x82, 0x08, 0x62, 0x08, 0x61, 0x08, 0x41, 0x08, 0x41,
    0x08, 0x82, 0x08, 0x62, 0x08, 0x61, 0x08, 0x61, 0x08, 0x41, 0x08, 0x41, 0x08, 0x62, 0x08, 0x62,
    0x08, 0x61, 0x08, 0x41, 0x08, 0x41, 0x00, 0x41, 0x08, 0x61, 0x08, 0x61, 0x08, 0x61, 0x08, 0x41,
    0x08, 0x41, 0x00, 0x21, 0x08, 0x61, 0x08, 0x61, 0x08, 0x41, 0x08, 0x41, 0x00, 0x41, 0x00, 0x20,
    0x08, 0x61, 0x08, 0x41, 0x08, 0x41, 0x08, 0x41, 0x00, 0x21, 0x00, 0x20, 0x08, 0x41, 0x08, 0x41,
    0x08, 0x41, 0x00, 0x41, 0x00, 0x20, 0x00, 0x20, 0x08, 0x41, 0x08, 0x41, 0x08, 0x41, 0x00, 0x21,
    0x00, 0x20, 0x00, 0x20, 0x08, 0x41, 0x08, 0x41, 0x00, 0x21, 0x00, 0x20, 0x00, 0x20, 0x00, 0x20,
    0x00, 0x21, 0x00, 0x41, 0x00, 0x41, 0x00, 0x21, 0x00, 0x20, 0x00, 0x20, 0x08, 0x41, 0x00, 0x41,
    0x00, 0x21, 0x00, 0x20, 0x00, 0x20, 0x00, 0x20, 0x08, 0x41, 0x08, 0x41, 0x08, 0x41, 0x08, 0x41,
    0x08, 0x41, 0x00, 0x21, 0x08, 0x41, 0x08, 0x41, 0x08, 0x41, 0x00, 0x21, 0x00, 0x20, 0x00, 0x20,
    0x08, 0x61, 0x08, 0x61, 0x08, 0x61, 0x08, 0x41, 0x08, 0x41, 0x08, 0x41, 0x08, 0x61, 0x08, 0x61,
    0x08, 0x41, 0x08, 0x41, 0x00, 0x21, 0x00, 0x21, 0x08, 0x61, 0x08, 0x62, 0x08, 0x61, 0x08, 0x61,
    0x08, 0x41, 0x08, 0x41, 0x08, 0x62, 0x08, 0x61, 0x08, 0x41, 0x08, 0x41, 0x08, 0x41, 0x00, 0x41,
    0x08, 0x62, 0x08, 0x82, 0x08, 0x82, 0x08, 0x62, 0x08, 0x61, 0x08, 0x41, 0x08, 0x82, 0x08, 0x62,
    0x08, 0x61, 0x08, 0x41, 0x08, 0x41, 0x08, 0x41, 0x10, 0x82, 0x10, 0x82, 0x10, 0x82, 0x08, 0x62,
    0x08, 0x61, 0x08, 0x41, 0x10, 0x82, 0x08, 0x82, 0x08, 0x61, 0x08, 0x41, 0x08, 0x41, 0x08, 0x41,
    0x10, 0x82, 0x10, 0x82, 0x10, 0x82, 0x08, 0x82, 0x08, 0x62, 0x08, 0x61, 0x10, 0x82, 0x10, 0x82,
    0x08, 0x62, 0x08, 0x61, 0x08, 0x41, 0x08, 0x41, 0x10, 0x82, 0x10, 0x82, 0x10, 0x82, 0x10, 0x82,
    0x08, 0x62, 0x08, 0x61, 0x10, 0x82, 0x10, 0x82, 0x08, 0x62, 0x08, 0x61, 0x08, 0x41, 0x08, 0x41,
    0x10, 0x82, 0x10, 0xA2, 0x10, 0x82, 0x10, 0x82, 0x08, 0x62, 0x08, 0x61, 0x10, 0x82, 0x10, 0x82,
    0x08, 0x62, 0x08, 0x61, 0x08, 0x41, 0x08, 0x41, 0x10, 0xA2, 0x10, 0xA2, 0x10, 0xA2, 0x10, 0x82,
    0x08, 0x62, 0x08, 0x61, 0x10, 0xA2, 0x10, 0x82, 0x08, 0x62, 0x08, 0x61, 0x08, 0x41, 0x08, 0x41,
    0x10, 0xA2, 0x10, 0xA2, 0x10, 0xA2, 0x10, 0x82, 0x08, 0x62, 0x08, 0x61, 0x10, 0xA2, 0x10, 0x82,
    0x08, 0x62, 0x08, 0x61, 0x08, 0x41, 0x08, 0x41, 0x10, 0xA2, 0x10, 0xA2, 0x10, 0xA2, 0x10, 0x82,
    0x08, 0x62, 0x08, 0x61, 0x10, 0x82, 0x10, 0x82, 0x08, 0x62, 0x08, 0x61, 0x08, 0x41, 0x08, 0x41,
    0x10, 0x82, 0x10, 0xA2, 0x10, 0x82, 0x10, 0x82, 0x08, 0x62, 0x08, 0x61, 0x10, 0x82, 0x10, 0x82,
    0x08, 0x62, 0x08, 0x61, 0x08, 0x41, 0x08, 0x41, 0x10, 0x82, 0x10, 0x82, 0x10, 0x82, 0x10, 0x82,
    0x08, 0x62, 0x08, 0x61, 0x10, 0x82, 0x08, 0x82, 0x08, 0x62, 0x08, 0x61, 0x08, 0x41, 0x08, 0x41,
    0x10, 0x82, 0x10, 0x82, 0x10, 0x82, 0x08, 0x82, 0x08, 0x61, 0x08, 0x41, 0x10, 0x82, 0x08, 0x62,
    0x08, 0x61, 0x08, 0x41, 0x08, 0x41, 0x08, 0x41, 0x10, 0x82, 0x10, 0x82, 0x08, 0x82, 0x08, 0x62,
    0x08, 0x61, 0x08, 0x41, 0x08, 0x82, 0x08, 0x62, 0x08, 0x61, 0x08, 0x41, 0x08, 0x41, 0x08, 0x41,
    0x08, 0x62, 0x08, 0x82, 0x08, 0x62, 0x08, 0x61, 0x08, 0x41, 0x08, 0x41, 0x08, 0x62, 0x08, 0x61,
    0x08, 0x41, 0x08, 0x41, 0x00, 0x41, 0x00, 0x21, 0x08, 0x61, 0x08, 0x61, 0x08, 0x61, 0x08, 0x61,
    0x08, 0x41, 0x08, 0x41, 0x08, 0x61, 0x08, 0x41, 0x08, 0x41, 0x00, 0x41, 0x00, 0x20, 0x00, 0x20,
    0x08, 0x61, 0x08, 0x61, 0x08, 0x41, 0x08, 0x41, 0x08, 0x41, 0x00, 0x21, 0x08, 0x41, 0x08, 0x41,
    0x00, 0x41, 0x00, 0x20, 0x00, 0x20, 0x00, 0x20, 0x08, 0x41, 0x08, 0x41, 0x08, 0x41, 0x00, 0x41,
    0x00, 0x20, 0x00, 0x20, 0x08, 0x41, 0x00, 0x21, 0x00, 0x20, 0x00, 0x20, 0x00, 0x20, 0x00, 0x20,
    0x00, 0x00, 0x00, 0x21, 0x00, 0x41, 0x00, 0x41, 0x00, 0x21, 0x00, 0x20, 0x00, 0x41, 0x00, 0x20,
    0x00, 0x20, 0x00, 0x20, 0x00, 0x20, 0x00, 0x20, 0x08, 0x41, 0x08, 0x41, 0x08, 0x41, 0x08, 0x41,
    0x08, 0x41, 0x08, 0x41, 0x08, 0x41, 0x08, 0x41, 0x00, 0x21, 0x00, 0x20, 0x00, 0x20, 0x00, 0x20,
    0x08, 0x41, 0x08, 0x61, 0x08, 0x61, 0x08, 0x61, 0x08, 0x41, 0x08, 0x41, 0x08, 0x61, 0x08, 0x41,
    0x08, 0x41, 0x00, 0x21, 0x00, 0x21, 0x00, 0x41, 0x08, 0x61, 0x08, 0x61, 0x08, 0x62, 0x08, 0x61,
    0x08, 0x61, 0x08, 0x41, 0x08, 0x61, 0x08, 0x41, 0x08, 0x41, 0x08, 0x41, 0x00, 0x41, 0x08, 0x41,
    0x08, 0x61, 0x08, 0x62, 0x08, 0x82, 0x08, 0x82, 0x08, 0x62, 0x08, 0x61, 0x08, 0x62, 0x08, 0x61,
    0x08, 0x41, 0x08, 0x41, 0x08, 0x41, 0x08, 0x41, 0x08, 0x62, 0x10, 0x82, 0x10, 0x82, 0x10, 0x82,
    0x08, 0x62, 0x08, 0x61, 0x08, 0x82, 0x08, 0x61, 0x08, 0x41, 0x08, 0x41, 0x08, 0x41, 0x08, 0x41,
    0x08, 0x82, 0x10, 0x82, 0x10, 0x82, 0x10, 0x82, 0x08, 0x82, 0x08, 0x62, 0x10, 0x82, 0x08, 0x62,
    0x08, 0x61, 0x08, 0x41, 0x08, 0x41, 0x08, 0x41, 0x10, 0x82, 0x10, 0x82, 0x10, 0x82, 0x10, 0x82,
    0x10, 0x82, 0x08, 0x62, 0x10, 0x82, 0x08, 0x62, 0x08, 0x61, 0x08, 0x41, 0x08, 0x41, 0x08, 0x41,
    0x10, 0x82, 0x10, 0x82, 0x10, 0xA2, 0x10, 0x82, 0x10, 0x82, 0x08, 0x62, 0x10, 0x82, 0x08, 0x62,
    0x08, 0x61, 0x08, 0x41, 0x08, 0x41, 0x08, 0x41, 0x10, 0x82, 0x10, 0xA2, 0x10, 0xA2, 0x10, 0xA2,
    0x10, 0x82, 0x08, 0x62, 0x10, 0x82, 0x08, 0x62, 0x08, 0x61, 0x08, 0x41, 0x08, 0x41, 0x08, 0x41,
    0x10, 0x82, 0x10, 0xA2, 0x10, 0xA2, 0x10, 0xA2, 0x10, 0x82, 0x08, 0x62, 0x10, 0x82, 0x08, 0x62,
    0x08, 0x61, 0x08, 0x41, 0x08, 0x41, 0x08, 0x41, 0x10, 0x82, 0x10, 0xA2, 0x10, 0xA2, 0x10, 0xA2,
    0x10, 0x82, 0x08, 0x62, 0x10, 0x82, 0x08, 0x62, 0x08, 0x61, 0x08, 0x41, 0x08, 0x41, 0x08, 0x41,
    0x10, 0x82, 0x10, 0x82, 0x10, 0xA2, 0x10, 0x82, 0x10, 0x82, 0x08, 0x62, 0x10, 0x82, 0x08, 0x62,
    0x08, 0x61, 0x08, 0x41, 0x08, 0x41, 0x08, 0x41, 0x10, 0x82, 0x10, 0x82, 0x10, 0x82, 0x10, 0x82,
    0x10, 0x82, 0x08, 0x62, 0x08, 0x82, 0x08, 0x62, 0x08, 0x61, 0x08, 0x41, 0x08, 0x41, 0x08, 0x41,
    0x08, 0x82, 0x10, 0x82, 0x10, 0x82, 0x10, 0x82, 0x08, 0x82, 0x08, 0x61, 0x08, 0x82, 0x08, 0x61,
    0x08, 0x41, 0x08, 0x41, 0x08, 0x41, 0x08, 0x41, 0x08, 0x62, 0x08, 0x82, 0x10, 0x82, 0x08, 0x82,
    0x08, 0x62, 0x08, 0x61, 0x08, 0x62, 0x08, 0x61, 0x08, 0x41, 0x08, 0x41, 0x08, 0x41, 0x08, 0x41,
    0x08, 0x61, 0x08, 0x62, 0x08, 0x62, 0x08, 0x62, 0x08, 0x61, 0x08, 0x41, 0x08, 0x61, 0x08, 0x41,
    0x08, 0x41, 0x00, 0x41, 0x00, 0x21, 0x00, 0x41, 0x08, 0x61, 0x08, 0x61, 0x08, 0x61, 0x08, 0x61,
    0x08, 0x61, 0x08, 0x41, 0x08, 0x41, 0x08, 0x41, 0x00, 0x41, 0x00, 0x20, 0x00, 0x20, 0x00, 0x20,
    0x08, 0x41, 0x08, 0x41, 0x08, 0x61, 0x08, 0x41, 0x08, 0x41, 0x08, 0x41, 0x08, 0x41, 0x08, 0x41,
    0x00, 0x20, 0x00, 0x20, 0x00, 0x20, 0x00, 0x20, 0x08, 0x41, 0x08, 0x41, 0x08, 0x41, 0x08, 0x41,
    0x00, 0x41, 0x00, 0x20, 0x00, 0x21, 0x00, 0x20, 0x00, 0x20, 0x00, 0x20, 0x00, 0x20, 0x00, 0x00,
    0x00, 0x00, 0x00, 0x20, 0x00, 0x41, 0x08, 0x41, 0x08, 0x41, 0x00, 0x21, 0x00, 0x20, 0x00, 0x20,
    0x00, 0x20, 0x00, 0x20, 0x00, 0x20, 0x00, 0x20, 0x00, 0x21, 0x08, 0x41, 0x08, 0x41, 0x08, 0x41,
    0x08, 0x41, 0x08, 0x41, 0x08, 0x41, 0x00, 0x21, 0x00, 0x20, 0x00, 0x20, 0x00, 0x20, 0x00, 0x21,
    0x08, 0x41, 0x08, 0x41, 0x08, 0x61, 0x08, 0x61, 0x08, 0x61, 0x08, 0x41, 0x08, 0x41, 0x08, 0x41,
    0x00, 0x21, 0x00, 0x21, 0x00, 0x21, 0x08, 0x41, 0x08, 0x41, 0x08, 0x61, 0x08, 0x61, 0x08, 0x62,
    0x08, 0x62, 0x08, 0x61, 0x08, 0x41, 0x08, 0x41, 0x08, 0x41, 0x00, 0x41, 0x08, 0x41, 0x08, 0x41,
    0x08, 0x61, 0x08, 0x61, 0x08, 0x62, 0x08, 0x82, 0x08, 0x82, 0x08, 0x62, 0x08, 0x61, 0x08, 0x41,
    0x08, 0x41, 0x08, 0x41, 0x08, 0x41, 0x08, 0x41, 0x08, 0x61, 0x08, 0x62, 0x10, 0x82, 0x10, 0x82,
    0x10, 0x82, 0x08, 0x82, 0x08, 0x61, 0x08, 0x41, 0x08, 0x41, 0x08, 0x41, 0x08, 0x41, 0x08, 0x61,
    0x08, 0x61, 0x08, 0x82, 0x10, 0x82, 0x10, 0x82, 0x10, 0x82, 0x08, 0x82, 0x08, 0x62, 0x08, 0x61,
    0x08, 0x41, 0x08, 0x41, 0x08, 0x41, 0x08, 0x61, 0x08, 0x62, 0x10, 0x82, 0x10, 0x82, 0x10, 0x82,
    0x10, 0x82, 0x10, 0x82, 0x08, 0x62, 0x08, 0x61, 0x08, 0x41, 0x08, 0x41, 0x08, 0x41, 0x08, 0x61,
    0x08, 0x62, 0x10, 0x82, 0x10, 0x82, 0x10, 0xA2, 0x10, 0x82, 0x10, 0x82, 0x08, 0x62, 0x08, 0x61,
    0x08, 0x41, 0x08, 0x41, 0x08, 0x41, 0x08, 0x61, 0x08, 0x62, 0x10, 0x82, 0x10, 0xA2, 0x10, 0xA2,
    0x10, 0xA2, 0x10, 0x82, 0x08, 0x62, 0x08, 0x61, 0x08, 0x41, 0x08, 0x41, 0x08, 0x41, 0x08, 0x61,
    0x08, 0x62, 0x10, 0x82, 0x10, 0xA2, 0x10, 0xA2, 0x10, 0xA2, 0x10, 0x82, 0x08, 0x62, 0x08, 0x61,
    0x08, 0x41, 0x08, 0x41, 0x08, 0x41, 0x08, 0x61, 0x08, 0x62, 0x10, 0x82, 0x10, 0xA2, 0x10, 0xA2,
    0x10, 0x82, 0x10, 0x82, 0x08, 0x62, 0x08, 0x61, 0x08, 0x41, 0x08, 0x41, 0x08, 0x41, 0x08, 0x61,
    0x08, 0x62, 0x10, 0x82, 0x10, 0x82, 0x10, 0xA2, 0x10, 0x82, 0x10, 0x82, 0x08, 0x62, 0x08, 0x61,
    0x08, 0x41, 0x08, 0x41, 0x08, 0x41, 0x08, 0x61, 0x08, 0x62, 0x10, 0x82, 0x10, 0x82, 0x10, 0x82,
    0x10, 0x82, 0x08, 0x82, 0x08, 0x62, 0x08, 0x61, 0x08, 0x41, 0x08, 0x41, 0x08, 0x41, 0x08, 0x61,
    0x08, 0x61, 0x08, 0x82, 0x10, 0x82, 0x10, 0x82, 0x10, 0x82, 0x08, 0x82, 0x08, 0x61, 0x08, 0x41,
    0x08, 0x41, 0x08, 0x41, 0x08, 0x41, 0x08, 0x41, 0x08, 0x61, 0x08, 0x62, 0x08, 0x82, 0x10, 0x82,
    0x08, 0x82, 0x08, 0x62, 0x08, 0x61, 0x08, 0x41, 0x08, 0x41, 0x08, 0x41, 0x08, 0x41, 0x08, 0x41,
    0x08, 0x61, 0x08, 0x61, 0x08, 0x62, 0x08, 0x62, 0x08, 0x62, 0x08, 0x61, 0x08, 0x41, 0x08, 0x41,
    0x00, 0x41, 0x00, 0x21, 0x00, 0x41, 0x08, 0x41, 0x08, 0x41, 0x08, 0x61, 0x08, 0x61, 0x08, 0x61,
    0x08, 0x61, 0x08, 0x41, 0x08, 0x41, 0x08, 0x41, 0x00, 0x21, 0x00, 0x20, 0x00, 0x20, 0x00, 0x41,
    0x08, 0x41, 0x08, 0x41, 0x08, 0x41, 0x08, 0x41, 0x08, 0x41, 0x08, 0x41, 0x08, 0x41, 0x00, 0x20,
    0x00, 0x20, 0x00, 0x20, 0x00, 0x20, 0x00, 0x20, 0x00, 0x21, 0x08, 0x41, 0x08, 0x41, 0x08, 0x41,
    0x08, 0x41, 0x00, 0x41, 0x00, 0x20, 0x00, 0x20, 0x00, 0x20, 0x00, 0x20, 0x00, 0x20, 0x00, 0x00,
    0x00, 0x00, 0x00, 0x21, 0x00, 0x41, 0x00, 0x41, 0x00, 0x21, 0x00, 0x20, 0x00, 0x41, 0x00, 0x20,
    0x00, 0x20, 0x00, 0x20, 0x00, 0x20, 0x00, 0x20, 0x08, 0x41, 0x08, 0x41, 0x08, 0x41, 0x08, 0x41,
    0x08, 0x41, 0x08, 0x41, 0x08, 0x41, 0x08, 0x41, 0x00, 0x21, 0x00, 0x20, 0x00, 0x20, 0x00, 0x20,
    0x08, 0x41, 0x08, 0x61, 0x08, 0x61, 0x08, 0x61, 0x08, 0x41, 0x08, 0x41, 0x08, 0x41, 0x08, 0x41,
    0x08, 0x41, 0x00, 0x21, 0x00, 0x21, 0x00, 0x21, 0x08, 0x61, 0x08, 0x61, 0x08, 0x62, 0x08, 0x61,
    0x08, 0x61, 0x08, 0x41, 0x08, 0x61, 0x08, 0x41, 0x08, 0x41, 0x08, 0x41, 0x00, 0x41, 0x08, 0x41,
    0x08, 0x61, 0x08, 0x62, 0x08, 0x82, 0x08, 0x82, 0x08, 0x62, 0x08, 0x61, 0x08, 0x62, 0x08, 0x61,
    0x08, 0x41, 0x08, 0x41, 0x08, 0x41, 0x08, 0x41, 0x08, 0x62, 0x10, 0x82, 0x10, 0x82, 0x10, 0x82,
    0x08, 0x62, 0x08, 0x61, 0x08, 0x82, 0x08, 0x61, 0x08, 0x41, 0x08, 0x41, 0x08, 0x41, 0x08, 0x41,
    0x08, 0x82, 0x10, 0x82, 0x10, 0x82, 0x10, 0x82, 0x08, 0x82, 0x08, 0x62, 0x08, 0x82, 0x08, 0x62,
    0x08, 0x61, 0x08, 0x41, 0x08, 0x41, 0x08, 0x41, 0x10, 0x82, 0x10, 0x82, 0x10, 0x82, 0x10, 0x82,
    0x10, 0x82, 0x08, 0x62, 0x10, 0x82, 0x08, 0x62, 0x08, 0x61, 0x08, 0x41, 0x08, 0x41, 0x08, 0x41,
    0x10, 0x82, 0x10, 0x82, 0x10, 0xA2, 0x10, 0x82, 0x10, 0x82, 0x08, 0x62, 0x10, 0x82, 0x08, 0x62,
    0x08, 0x61, 0x08, 0x41, 0x08, 0x41, 0x08, 0x41, 0x10, 0x82, 0x10, 0xA2, 0x10, 0xA2, 0x10, 0xA2,
    0x10, 0x82, 0x08, 0x62, 0x10, 0x82, 0x08, 0x62, 0x08, 0x61, 0x08, 0x41, 0x08, 0x41, 0x08, 0x41,
    0x10, 0x82, 0x10, 0xA2, 0x10, 0xA2, 0x10, 0xA2, 0x10, 0x82, 0x08, 0x62, 0x10, 0x82, 0x08, 0x62,
    0x08, 0x61, 0x08, 0x41, 0x08, 0x41, 0x08, 0x41, 0x10, 0x82, 0x10, 0xA2, 0x10, 0xA2, 0x10, 0x82,
    0x10, 0x82, 0x08, 0x62, 0x10, 0x82, 0x08, 0x62, 0x08, 0x61, 0x08, 0x41, 0x08, 0x41, 0x08, 0x41,
    0x10, 0x82, 0x10, 0x82, 0x10, 0xA2, 0x10, 0x82, 0x10, 0x82, 0x08, 0x62, 0x10, 0x82, 0x08, 0x62,
    0x08, 0x61, 0x08, 0x41, 0x08, 0x41, 0x08, 0x41, 0x10, 0x82, 0x10, 0x82, 0x10, 0x82, 0x10, 0x82,
    0x10, 0x82, 0x08, 0x62, 0x08, 0x82, 0x08, 0x62, 0x08, 0x61, 0x08, 0x41, 0x08, 0x41, 0x08, 0x41,
    0x08, 0x82, 0x10, 0x82, 0x10, 0x82, 0x10, 0x82, 0x08, 0x82, 0x08, 0x61, 0x08, 0x62, 0x08, 0x61,
    0x08, 0x41, 0x08, 0x41, 0x08, 0x41, 0x08, 0x41, 0x08, 0x62, 0x08, 0x82, 0x10, 0x82, 0x08, 0x82,
    0x08, 0x62, 0x08, 0x61, 0x08, 0x62, 0x08, 0x61, 0x08, 0x41, 0x08, 0x41, 0x08, 0x41, 0x08, 0x41,
    0x08, 0x61, 0x08, 0x62, 0x08, 0x62, 0x08, 0x62, 0x08, 0x61, 0x08, 0x41, 0x08, 0x61, 0x08, 0x41,
    0x08, 0x41, 0x00, 0x41, 0x00, 0x21, 0x00, 0x41, 0x08, 0x61, 0x08, 0x61, 0x08, 0x61, 0x08, 0x61,
    0x08, 0x61, 0x08, 0x41, 0x08, 0x41, 0x08, 0x41, 0x00, 0x41, 0x00, 0x20, 0x00, 0x20, 0x00, 0x20,
    0x08, 0x41, 0x08, 0x41, 0x08, 0x61, 0x08, 0x41, 0x08, 0x41, 0x08, 0x41, 0x08, 0x41, 0x00, 0x41,
    0x00, 0x20, 0x00, 0x20, 0x00, 0x20, 0x00, 0x20, 0x08, 0x41, 0x08, 0x41, 0x08, 0x41, 0x08, 0x41,
    0x00, 0x41, 0x00, 0x20, 0x00, 0x21, 0x00, 0x20, 0x00, 0x20, 0x00, 0x20, 0x00, 0x20, 0x00, 0x00,
    0x00, 0x00, 0x00, 0x41, 0x00, 0x41, 0x00, 0x21, 0x00, 0x20, 0x00, 0x20, 0x08, 0x41, 0x00, 0x41,
    0x00, 0x21, 0x00, 0x20, 0x00, 0x20, 0x00, 0x20, 0x08, 0x41, 0x08, 0x41, 0x08, 0x41, 0x08, 0x41,
    0x00, 0x41, 0x00, 0x20, 0x08, 0x41, 0x08, 0x41, 0x08, 0x41, 0x00, 0x21, 0x00, 0x20, 0x00, 0x20,
    0x08, 0x61, 0x08, 0x61, 0x08, 0x61, 0x08, 0x41, 0x08, 0x41, 0x08, 0x41, 0x08, 0x61, 0x08, 0x61,
    0x08, 0x41, 0x08, 0x41, 0x00, 0x21, 0x00, 0x21, 0x08, 0x61, 0x08, 0x62, 0x08, 0x61, 0x08, 0x61,
    0x08, 0x41, 0x08, 0x41, 0x08, 0x62, 0x08, 0x61, 0x08, 0x41, 0x08, 0x41, 0x08, 0x41, 0x00, 0x41,
    0x08, 0x62, 0x08, 0x82, 0x08, 0x62, 0x08, 0x62, 0x08, 0x61, 0x08, 0x41, 0x08, 0x82, 0x08, 0x62,
    0x08, 0x61, 0x08, 0x41, 0x08, 0x41, 0x08, 0x41, 0x10, 0x82, 0x10, 0x82, 0x10, 0x82, 0x08, 0x62,
    0x08, 0x61, 0x08, 0x41, 0x10, 0x82, 0x08, 0x82, 0x08, 0x61, 0x08, 0x41, 0x08, 0x41, 0x08, 0x41,
    0x10, 0x82, 0x10, 0x82, 0x10, 0x82, 0x08, 0x82, 0x08, 0x62, 0x08, 0x61, 0x10, 0x82, 0x10, 0x82,
    0x08, 0x62, 0x08, 0x61, 0x08, 0x41, 0x08, 0x41, 0x10, 0x82, 0x10, 0x82, 0x10, 0x82, 0x10, 0x82,
    0x08, 0x62, 0x08, 0x61, 0x10, 0x82, 0x10, 0x82, 0x08, 0x62, 0x08, 0x61, 0x08, 0x41, 0x08, 0x41,
    0x10, 0x82, 0x10, 0xA2, 0x10, 0x82, 0x10, 0x82, 0x08, 0x62, 0x08, 0x61, 0x10, 0x82, 0x10, 0x82,
    0x08, 0x62, 0x08, 0x61, 0x08, 0x41, 0x08, 0x41, 0x10, 0xA2, 0x10, 0xA2, 0x10, 0xA2, 0x10, 0x82,
    0x08, 0x62, 0x08, 0x61, 0x10, 0xA2, 0x10, 0x82, 0x08, 0x62, 0x08, 0x61, 0x08, 0x41, 0x08, 0x41,
    0x10, 0xA2, 0x10, 0xA2, 0x10, 0xA2, 0x10, 0x82, 0x08, 0x62, 0x08, 0x61, 0x10, 0xA2, 0x10, 0x82,
    0x08, 0x62, 0x08, 0x61, 0x08, 0x41, 0x08, 0x41, 0x10, 0xA2, 0x10, 0xA2, 0x10, 0x82, 0x10, 0x82,
    0x08, 0x62, 0x08, 0x61, 0x10, 0x82, 0x10, 0x82, 0x08, 0x62, 0x08, 0x61, 0x08, 0x41, 0x08, 0x41,
    0x10, 0x82, 0x10, 0xA2, 0x10, 0x82, 0x10, 0x82, 0x08, 0x62, 0x08, 0x61, 0x10, 0x82, 0x10, 0x82,
    0x08, 0x62, 0x08, 0x61, 0x08, 0x41, 0x08, 0x41, 0x10, 0x82, 0x10, 0x82, 0x10, 0x82, 0x10, 0x82,
    0x08, 0x62, 0x08, 0x61, 0x10, 0x82, 0x08, 0x82, 0x08, 0x61, 0x08, 0x61, 0x08, 0x41, 0x08, 0x41,
    0x10, 0x82, 0x10, 0x82, 0x10, 0x82, 0x08, 0x82, 0x08, 0x61, 0x08, 0x41, 0x10, 0x82, 0x08, 0x62,
    0x08, 0x61, 0x08, 0x41, 0x08, 0x41, 0x08, 0x41, 0x08, 0x82, 0x10, 0x82, 0x08, 0x82, 0x08, 0x62,
    0x08, 0x61, 0x08, 0x41, 0x08, 0x82, 0x08, 0x62, 0x08, 0x61, 0x08, 0x41, 0x08, 0x41, 0x00, 0x41,
    0x08, 0x62, 0x08, 0x62, 0x08, 0x62, 0x08, 0x61, 0x08, 0x41, 0x08, 0x41, 0x08, 0x62, 0x08, 0x61,
    0x08, 0x41, 0x08, 0x41, 0x00, 0x41, 0x00, 0x21, 0x08, 0x61, 0x08, 0x61, 0x08, 0x61, 0x08, 0x61,
    0x08, 0x41, 0x08, 0x41, 0x08, 0x61, 0x08, 0x41, 0x08, 0x41, 0x00, 0x41, 0x00, 0x20, 0x00, 0x20,
    0x08, 0x41, 0x08, 0x61, 0x08, 0x41, 0x08, 0x41, 0x08, 0x41, 0x00, 0x21, 0x08, 0x41, 0x08, 0x41,
    0x00, 0x41, 0x00, 0x20, 0x00, 0x20, 0x00, 0x20, 0x08, 0x41, 0x08, 0x41, 0x08, 0x41, 0x00, 0x41,
    0x00, 0x20, 0x00, 0x20, 0x08, 0x41, 0x00, 0x21, 0x00, 0x20, 0x00, 0x20, 0x00, 0x20, 0x00, 0x00,
    0x00, 0x00, 0x00, 0x21, 0x00, 0x21, 0x00, 0x20, 0x00, 0x20, 0x00, 0x20, 0x08, 0x41, 0x08, 0x41,
    0x00, 0x41, 0x00, 0x21, 0x00, 0x20, 0x00, 0x20, 0x08, 0x41, 0x08, 0x41, 0x08, 0x41, 0x00, 0x41,
    0x00, 0x20, 0x00, 0x20, 0x08, 0x41, 0x08, 0x41, 0x08, 0x41, 0x08, 0x41, 0x00, 0x21, 0x00, 0x20,
    0x08, 0x61, 0x08, 0x61, 0x08, 0x41, 0x08, 0x41, 0x00, 0x41, 0x00, 0x21, 0x08, 0x61, 0x08, 0x61,
    0x08, 0x61, 0x08, 0x41, 0x08, 0x41, 0x00, 0x21, 0x08, 0x61, 0x08, 0x61, 0x08, 0x61, 0x08, 0x41,
    0x08, 0x41, 0x00, 0x41, 0x08, 0x62, 0x08, 0x62, 0x08, 0x61, 0x08, 0x61, 0x08, 0x41, 0x08, 0x41,
    0x08, 0x82, 0x08, 0x62, 0x08, 0x61, 0x08, 0x61, 0x08, 0x41, 0x08, 0x41, 0x08, 0x82, 0x08, 0x82,
    0x08, 0x62, 0x08, 0x61, 0x08, 0x41, 0x08, 0x41, 0x10, 0x82, 0x10, 0x82, 0x08, 0x62, 0x08, 0x61,
    0x08, 0x41, 0x08, 0x41, 0x10, 0x82, 0x10, 0x82, 0x08, 0x82, 0x08, 0x61, 0x08, 0x41, 0x08, 0x41,
    0x10, 0x82, 0x10, 0x82, 0x08, 0x82, 0x08, 0x61, 0x08, 0x61, 0x08, 0x41, 0x10, 0x82, 0x10, 0x82,
    0x10, 0x82, 0x08, 0x62, 0x08, 0x61, 0x08, 0x41, 0x10, 0x82, 0x10, 0x82, 0x10, 0x82, 0x08, 0x62,
    0x08, 0x61, 0x08, 0x41, 0x10, 0x82, 0x10, 0x82, 0x10, 0x82, 0x08, 0x62, 0x08, 0x61, 0x08, 0x41,
    0x10, 0xA2, 0x10, 0x82, 0x10, 0x82, 0x08, 0x62, 0x08, 0x61, 0x08, 0x41, 0x10, 0xA2, 0x10, 0x82,
    0x10, 0x82, 0x08, 0x62, 0x08, 0x61, 0x08, 0x41, 0x10, 0xA2, 0x10, 0xA2, 0x10, 0x82, 0x08, 0x62,
    0x08, 0x61, 0x08, 0x41, 0x10, 0xA2, 0x10, 0xA2, 0x10, 0x82, 0x08, 0x62, 0x08, 0x61, 0x08, 0x41,
    0x10, 0xA2, 0x10, 0xA2, 0x10, 0x82, 0x08, 0x62, 0x08, 0x61, 0x08, 0x41, 0x10, 0xA2, 0x10, 0xA2,
    0x10, 0x82, 0x08, 0x62, 0x08, 0x61, 0x08, 0x41, 0x10, 0xA2, 0x10, 0x82, 0x10, 0x82, 0x08, 0x62,
    0x08, 0x61, 0x08, 0x41, 0x10, 0xA2, 0x10, 0x82, 0x10, 0x82, 0x08, 0x62, 0x08, 0x61, 0x08, 0x41,
    0x10, 0xA2, 0x10, 0x82, 0x10, 0x82, 0x08, 0x62, 0x08, 0x61, 0x08, 0x41, 0x10, 0x82, 0x10, 0x82,
    0x10, 0x82, 0x08, 0x62, 0x08, 0x61, 0x08, 0x41, 0x10, 0x82, 0x10, 0x82, 0x10, 0x82, 0x08, 0x62,
    0x08, 0x61, 0x08, 0x41, 0x10, 0x82, 0x10, 0x82, 0x08, 0x82, 0x08, 0x61, 0x08, 0x61, 0x08, 0x41,
    0x10, 0x82, 0x10, 0x82, 0x08, 0x82, 0x08, 0x61, 0x08, 0x41, 0x08, 0x41, 0x10, 0x82, 0x10, 0x82,
    0x08, 0x62, 0x08, 0x61, 0x08, 0x41, 0x08, 0x41, 0x10, 0x82, 0x08, 0x82, 0x08, 0x62, 0x08, 0x61,
    0x08, 0x41, 0x08, 0x41, 0x08, 0x82, 0x08, 0x82, 0x08, 0x62, 0x08, 0x61, 0x08, 0x41, 0x08, 0x41,
    0x08, 0x82, 0x08, 0x62, 0x08, 0x61, 0x08, 0x41, 0x08, 0x41, 0x08, 0x41, 0x08, 0x62, 0x08, 0x62,
    0x08, 0x61, 0x08, 0x41, 0x08, 0x41, 0x00, 0x41, 0x08, 0x61, 0x08, 0x61, 0x08, 0x61, 0x08, 0x41,
    0x08, 0x41, 0x00, 0x21, 0x08, 0x61, 0x08, 0x61, 0x08, 0x41, 0x08, 0x41, 0x00, 0x41, 0x00, 0x20,
    0x08, 0x61, 0x08, 0x41, 0x08, 0x41, 0x08, 0x41, 0x00, 0x21, 0x00, 0x20, 0x08, 0x41, 0x08, 0x41,
    0x08, 0x41, 0x00, 0x41, 0x00, 0x20, 0x00, 0x20, 0x08, 0x41, 0x08, 0x41, 0x08, 0x41, 0x00, 0x20,
    0x00, 0x20, 0x00, 0x20, 0x08, 0x41, 0x00, 0x41, 0x00, 0x21, 0x00, 0x20, 0x00, 0x20, 0x00, 0x00,
    0x00, 0x00, 0x00, 0x20, 0x00, 0x20, 0x00, 0x20, 0x00, 0x20, 0x00, 0x20, 0x08, 0x41, 0x08, 0x41,
    0x08, 0x41, 0x08, 0x41, 0x00, 0x21, 0x00, 0x20, 0x08, 0x41, 0x08, 0x41, 0x00, 0x41, 0x00, 0x20,
    0x00, 0x20, 0x00, 0x20, 0x08, 0x41, 0x08, 0x41, 0x08, 0x41, 0x08, 0x41, 0x08, 0x41, 0x00, 0x21,
    0x08, 0x61, 0x08, 0x41, 0x08, 0x41, 0x00, 0x41, 0x00, 0x21, 0x00, 0x20, 0x08, 0x61, 0x08, 0x61,
    0x08, 0x61, 0x08, 0x61, 0x08, 0x41, 0x08, 0x41, 0x08, 0x61, 0x08, 0x61, 0x08, 0x41, 0x08, 0x41,
    0x00, 0x41, 0x00, 0x21, 0x08, 0x62, 0x08, 0x62, 0x08, 0x62, 0x08, 0x61, 0x08, 0x61, 0x08, 0x41,
    0x08, 0x62, 0x08, 0x61, 0x08, 0x61, 0x08, 0x41, 0x08, 0x41, 0x08, 0x41, 0x08, 0x82, 0x08, 0x82,
    0x08, 0x82, 0x08, 0x62, 0x08, 0x61, 0x08, 0x41, 0x08, 0x82, 0x08, 0x62, 0x08, 0x61, 0x08, 0x41,
    0x08, 0x41, 0x08, 0x41, 0x10, 0x82, 0x10, 0x82, 0x10, 0x82, 0x08, 0x82, 0x08, 0x61, 0x08, 0x41,
    0x10, 0x82, 0x08, 0x82, 0x08, 0x61, 0x08, 0x61, 0x08, 0x41, 0x08, 0x41, 0x10, 0x82, 0x10, 0x82,
    0x10, 0x82, 0x10, 0x82, 0x08, 0x62, 0x08, 0x61, 0x10, 0x82, 0x10, 0x82, 0x08, 0x62, 0x08, 0x61,
    0x08, 0x41, 0x08, 0x41, 0x10, 0x82, 0x10, 0xA2, 0x10, 0x82, 0x10, 0x82, 0x08, 0x62, 0x08, 0x61,
    0x10, 0x82, 0x10, 0x82, 0x08, 0x62, 0x08, 0x61, 0x08, 0x41, 0x08, 0x41, 0x10, 0x82, 0x10, 0xA2,
    0x10, 0x82, 0x10, 0x82, 0x08, 0x62, 0x08, 0x61, 0x10, 0x82, 0x10, 0x82, 0x08, 0x62, 0x08, 0x61,
    0x08, 0x41, 0x08, 0x41, 0x10, 0xA2, 0x10, 0xA2, 0x10, 0xA2, 0x10, 0x82, 0x08, 0x62, 0x08, 0x61,
    0x10, 0xA2, 0x10, 0x82, 0x08, 0x62, 0x08, 0x61, 0x08, 0x41, 0x08, 0x41, 0x10, 0xA2, 0x10, 0xA2,
    0x10, 0xA2, 0x10, 0x82, 0x08, 0x62, 0x08, 0x61, 0x10, 0x82, 0x10, 0x82, 0x08, 0x62, 0x08, 0x61,
    0x08, 0x41, 0x08, 0x41, 0x10, 0x82, 0x10, 0xA2, 0x10, 0x82, 0x10, 0x82, 0x08, 0x62, 0x08, 0x61,
    0x10, 0x82, 0x10, 0x82, 0x08, 0x62, 0x08, 0x61, 0x08, 0x41, 0x08, 0x41, 0x10, 0x82, 0x10, 0x82,
    0x10, 0x82, 0x10, 0x82, 0x08, 0x62, 0x08, 0x61, 0x10, 0x82, 0x10, 0x82, 0x08, 0x62, 0x08, 0x61,
    0x08, 0x41, 0x08, 0x41, 0x10, 0x82, 0x10, 0x82, 0x10, 0x82, 0x08, 0x82, 0x08, 0x61, 0x08, 0x61,
    0x10, 0x82, 0x08, 0x82, 0x08, 0x61, 0x08, 0x41, 0x08, 0x41, 0x08, 0x41, 0x10, 0x82, 0x10, 0x82,
    0x10, 0x82, 0x08, 0x62, 0x08, 0x61, 0x08, 0x41, 0x08, 0x82, 0x08, 0x62, 0x08, 0x61, 0x08, 0x41,
    0x08, 0x41, 0x08, 0x41, 0x08, 0x82, 0x08, 0x82, 0x08, 0x62, 0x08, 0x61, 0x08, 0x61, 0x08, 0x41,
    0x08, 0x62, 0x08, 0x61, 0x08, 0x41, 0x08, 0x41, 0x08, 0x41, 0x00, 0x41, 0x08, 0x62, 0x08, 0x62,
    0x08, 0x61, 0x08, 0x61, 0x08, 0x41, 0x08, 0x41, 0x08, 0x61, 0x08, 0x61, 0x08, 0x41, 0x08, 0x41,
    0x00, 0x21, 0x00, 0x20, 0x08, 0x61, 0x08, 0x61, 0x08, 0x61, 0x08, 0x41, 0x08, 0x41, 0x00, 0x41,
    0x08, 0x41, 0x08, 0x41, 0x08, 0x41, 0x00, 0x21, 0x00, 0x20, 0x00, 0x20, 0x08, 0x41, 0x08, 0x41,
    0x08, 0x41, 0x08, 0x41, 0x00, 0x21, 0x00, 0x20, 0x08, 0x41, 0x08, 0x41, 0x00, 0x21, 0x00, 0x20,
    0x00, 0x20, 0x00, 0x20, 0x08, 0x41, 0x08, 0x41, 0x00, 0x41, 0x00, 0x21, 0x00, 0x20, 0x00, 0x00,
    0x00, 0x00, 0x00, 0x20, 0x00, 0x20, 0x00, 0x20, 0x00, 0x20, 0x00, 0x20, 0x00, 0x21, 0x08, 0x41,
    0x08, 0x41, 0x08, 0x41, 0x08, 0x41, 0x00, 0x21, 0x08, 0x41, 0x00, 0x21, 0x00, 0x20, 0x00, 0x20,
    0x00, 0x20, 0x00, 0x20, 0x08, 0x41, 0x08, 0x41, 0x08, 0x41, 0x08, 0x41, 0x08, 0x41, 0x08, 0x41,
    0x08, 0x41, 0x08, 0x41, 0x00, 0x41, 0x00, 0x20, 0x00, 0x20, 0x00, 0x21, 0x08, 0x41, 0x08, 0x61,
    0x08, 0x61, 0x08, 0x61, 0x08, 0x61, 0x08, 0x41, 0x08, 0x61, 0x08, 0x41, 0x08, 0x41, 0x00, 0x41,
    0x00, 0x21, 0x00, 0x41, 0x08, 0x61, 0x08, 0x62, 0x08, 0x62, 0x08, 0x62, 0x08, 0x61, 0x08, 0x61,
    0x08, 0x61, 0x08, 0x61, 0x08, 0x41, 0x08, 0x41, 0x08, 0x41, 0x08, 0x41, 0x08, 0x62, 0x08, 0x82,
    0x10, 0x82, 0x08, 0x82, 0x08, 0x62, 0x08, 0x61, 0x08, 0x62, 0x08, 0x61, 0x08, 0x41, 0x08, 0x41,
    0x08, 0x41, 0x08, 0x41, 0x08, 0x62, 0x10, 0x82, 0x10, 0x82, 0x10, 0x82, 0x08, 0x82, 0x08, 0x61,
    0x08, 0x82, 0x08, 0x61, 0x08, 0x61, 0x08, 0x41, 0x08, 0x41, 0x08, 0x41, 0x08, 0x82, 0x10, 0x82,
    0x10, 0x82, 0x10, 0x82, 0x10, 0x82, 0x08, 0x62, 0x10, 0x82, 0x08, 0x62, 0x08, 0x61, 0x08, 0x41,
    0x08, 0x41, 0x08, 0x41, 0x10, 0x82, 0x10, 0x82, 0x10, 0xA2, 0x10, 0x82, 0x10, 0x82, 0x08, 0x62,
    0x10, 0x82, 0x08, 0x62, 0x08, 0x61, 0x08, 0x41, 0x08, 0x41, 0x08, 0x41, 0x10, 0x82, 0x10, 0x82,
    0x10, 0xA2, 0x10, 0x82, 0x10, 0x82, 0x08, 0x62, 0x10, 0x82, 0x08, 0x62, 0x08, 0x61, 0x08, 0x41,
    0x08, 0x41, 0x08, 0x41, 0x10, 0x82, 0x10, 0xA2, 0x10, 0xA2, 0x10, 0xA2, 0x10, 0x82, 0x08, 0x62,
    0x10, 0x82, 0x08, 0x62, 0x08, 0x61, 0x08, 0x41, 0x08, 0x41, 0x08, 0x41, 0x10, 0x82, 0x10, 0xA2,
    0x10, 0xA2, 0x10, 0x82, 0x10, 0x82, 0x08, 0x62, 0x10, 0x82, 0x08, 0x62, 0x08, 0x61, 0x08, 0x41,
    0x08, 0x41, 0x08, 0x41, 0x10, 0x82, 0x10, 0x82, 0x10, 0xA2, 0x10, 0x82, 0x10, 0x82, 0x08, 0x62,
    0x10, 0x82, 0x08, 0x62, 0x08, 0x61, 0x08, 0x41, 0x08, 0x41, 0x08, 0x41, 0x10, 0x82, 0x10, 0x82,
    0x10, 0x82, 0x10, 0x82, 0x10, 0x82, 0x08, 0x62, 0x10, 0x82, 0x08, 0x62, 0x08, 0x61, 0x08, 0x41,
    0x08, 0x41, 0x08, 0x41, 0x08, 0x82, 0x10, 0x82, 0x10, 0x82, 0x10, 0x82, 0x08, 0x82, 0x08, 0x61,
    0x08, 0x82, 0x08, 0x61, 0x08, 0x41, 0x08, 0x41, 0x08, 0x41, 0x08, 0x41, 0x08, 0x62, 0x10, 0x82,
    0x10, 0x82, 0x10, 0x82, 0x08, 0x62, 0x08, 0x61, 0x08, 0x62, 0x08, 0x61, 0x08, 0x41, 0x08, 0x41,
    0x08, 0x41, 0x08, 0x41, 0x08, 0x62, 0x08, 0x82, 0x08, 0x82, 0x08, 0x62, 0x08, 0x61, 0x08, 0x61,
    0x08, 0x61, 0x08, 0x61, 0x08, 0x41, 0x08, 0x41, 0x00, 0x41, 0x00, 0x41, 0x08, 0x61, 0x08, 0x61,
    0x08, 0x62, 0x08, 0x61, 0x08, 0x61, 0x08, 0x41, 0x08, 0x61, 0x08, 0x41, 0x08, 0x41, 0x00, 0x21,
    0x00, 0x20, 0x00, 0x21, 0x08, 0x41, 0x08, 0x61, 0x08, 0x61, 0x08, 0x61, 0x08, 0x41, 0x08, 0x41,
    0x08, 0x41, 0x08, 0x41, 0x00, 0x21, 0x00, 0x20, 0x00, 0x20, 0x00, 0x20, 0x08, 0x41, 0x08, 0x41,
    0x08, 0x41, 0x08, 0x41, 0x08, 0x41, 0x00, 0x21, 0x08, 0x41, 0x00, 0x21, 0x00, 0x20, 0x00, 0x20,
    0x00, 0x20, 0x00, 0x20, 0x00, 0x21, 0x00, 0x41, 0x00, 0x41, 0x00, 0x21, 0x00, 0x20, 0x00, 0x00,
    0x00, 0x00, 0x00, 0x20, 0x00, 0x20, 0x00, 0x20, 0x00, 0x20, 0x00, 0x20, 0x00, 0x20, 0x00, 0x41,
    0x08, 0x41, 0x08, 0x41, 0x08, 0x41, 0x08, 0x41, 0x00, 0x21, 0x00, 0x20, 0x00, 0x20, 0x00, 0x20,
    0x00, 0x20, 0x00, 0x20, 0x08, 0x41, 0x08, 0x41, 0x08, 0x41, 0x08, 0x41, 0x08, 0x41, 0x08, 0x41,
    0x08, 0x41, 0x00, 0x41, 0x00, 0x20, 0x00, 0x20, 0x00, 0x21, 0x08, 0x41, 0x08, 0x41, 0x08, 0x41,
    0x08, 0x61, 0x08, 0x61, 0x08, 0x61, 0x08, 0x61, 0x08, 0x41, 0x08, 0x41, 0x00, 0x41, 0x00, 0x21,
    0x00, 0x41, 0x08, 0x41, 0x08, 0x41, 0x08, 0x61, 0x08, 0x62, 0x08, 0x62, 0x08, 0x62, 0x08, 0x61,
    0x08, 0x61, 0x08, 0x41, 0x08, 0x41, 0x08, 0x41, 0x08, 0x41, 0x08, 0x41, 0x08, 0x61, 0x08, 0x62,
    0x08, 0x82, 0x10, 0x82, 0x08, 0x82, 0x08, 0x62, 0x08, 0x61, 0x08, 0x41, 0x08, 0x41, 0x08, 0x41,
    0x08, 0x41, 0x08, 0x41, 0x08, 0x61, 0x08, 0x82, 0x10, 0x82, 0x10, 0x82, 0x10, 0x82, 0x08, 0x82,
    0x08, 0x61, 0x08, 0x61, 0x08, 0x41, 0x08, 0x41, 0x08, 0x41, 0x08, 0x61, 0x08, 0x62, 0x08, 0x82,
    0x10, 0x82, 0x10, 0x82, 0x10, 0x82, 0x10, 0x82, 0x08, 0x62, 0x08, 0x61, 0x08, 0x41, 0x08, 0x41,
    0x08, 0x41, 0x08, 0x61, 0x08, 0x62, 0x10, 0x82, 0x10, 0x82, 0x10, 0xA2, 0x10, 0x82, 0x10, 0x82,
    0x08, 0x62, 0x08, 0x61, 0x08, 0x41, 0x08, 0x41, 0x08, 0x41, 0x08, 0x61, 0x08, 0x62, 0x10, 0x82,
    0x10, 0x82, 0x10, 0xA2, 0x10, 0x82, 0x10, 0x82, 0x08, 0x62, 0x08, 0x61, 0x08, 0x41, 0x08, 0x41,
    0x08, 0x41, 0x08, 0x61, 0x08, 0x62, 0x10, 0x82, 0x10, 0xA2, 0x10, 0xA2, 0x10, 0xA2, 0x10, 0x82,
    0x08, 0x62, 0x08, 0x61, 0x08, 0x41, 0x08, 0x41, 0x08, 0x41, 0x08, 0x61, 0x08, 0x62, 0x10, 0x82,
    0x10, 0x82, 0x10, 0xA2, 0x10, 0x82, 0x10, 0x82, 0x08, 0x62, 0x08, 0x61, 0x08, 0x41, 0x08, 0x41,
    0x08, 0x41, 0x08, 0x61, 0x08, 0x62, 0x10, 0x82, 0x10, 0x82, 0x10, 0xA2, 0x10, 0x82, 0x10, 0x82,
    0x08, 0x62, 0x08, 0x61, 0x08, 0x41, 0x08, 0x41, 0x08, 0x41, 0x08, 0x61, 0x08, 0x62, 0x10, 0x82,
    0x10, 0x82, 0x10, 0x82, 0x10, 0x82, 0x10, 0x82, 0x08, 0x62, 0x08, 0x61, 0x08, 0x41, 0x08, 0x41,
    0x08, 0x41, 0x08, 0x61, 0x08, 0x61, 0x08, 0x82, 0x10, 0x82, 0x10, 0x82, 0x10, 0x82, 0x08, 0x82,
    0x08, 0x61, 0x08, 0x41, 0x08, 0x41, 0x08, 0x41, 0x08, 0x41, 0x08, 0x41, 0x08, 0x61, 0x08, 0x62,
    0x10, 0x82, 0x10, 0x82, 0x10, 0x82, 0x08, 0x62, 0x08, 0x61, 0x08, 0x41, 0x08, 0x41, 0x08, 0x41,
    0x08, 0x41, 0x08, 0x41, 0x08, 0x61, 0x08, 0x62, 0x08, 0x62, 0x08, 0x82, 0x08, 0x62, 0x08, 0x61,
    0x08, 0x61, 0x08, 0x41, 0x08, 0x41, 0x00, 0x41, 0x08, 0x41, 0x08, 0x41, 0x08, 0x41, 0x08, 0x61,
    0x08, 0x61, 0x08, 0x62, 0x08, 0x61, 0x08, 0x61, 0x08, 0x41, 0x08, 0x41, 0x00, 0x21, 0x00, 0x20,
    0x00, 0x21, 0x08, 0x41, 0x08, 0x41, 0x08, 0x41, 0x08, 0x61, 0x08, 0x61, 0x08, 0x61, 0x08, 0x41,
    0x08, 0x41, 0x00, 0x21, 0x00, 0x20, 0x00, 0x20, 0x00, 0x20, 0x00, 0x21, 0x08, 0x41, 0x08, 0x41,
    0x08, 0x41, 0x08, 0x41, 0x08, 0x41, 0x08, 0x41, 0x00, 0x21, 0x00, 0x20, 0x00, 0x20, 0x00, 0x20,
    0x00, 0x20, 0x00, 0x20, 0x00, 0x20, 0x00, 0x21, 0x00, 0x41, 0x00, 0x41, 0x00, 0x21, 0x00, 0x00,
    0x00, 0x00, 0x00, 0x00, 0x00, 0x20, 0x00, 0x20, 0x00, 0x20, 0x00, 0x20, 0x00, 0x21, 0x08, 0x41,
    0x08, 0x41, 0x08, 0x41, 0x08, 0x41, 0x00, 0x21, 0x08, 0x41, 0x00, 0x21, 0x00, 0x20, 0x00, 0x20,
    0x00, 0x20, 0x00, 0x20, 0x08, 0x41, 0x08, 0x41, 0x08, 0x41, 0x08, 0x41, 0x08, 0x41, 0x08, 0x41,
    0x08, 0x41, 0x08, 0x41, 0x00, 0x41, 0x00, 0x20, 0x00, 0x20, 0x00, 0x21, 0x08, 0x41, 0x08, 0x61,
    0x08, 0x61, 0x08, 0x61, 0x08, 0x61, 0x08, 0x41, 0x08, 0x61, 0x08, 0x41, 0x08, 0x41, 0x00, 0x41,
    0x00, 0x21, 0x00, 0x41, 0x08, 0x61, 0x08, 0x62, 0x08, 0x62, 0x08, 0x62, 0x08, 0x61, 0x08, 0x61,
    0x08, 0x61, 0x08, 0x61, 0x08, 0x41, 0x08, 0x41, 0x08, 0x41, 0x08, 0x41, 0x08, 0x62, 0x08, 0x82,
    0x08, 0x82, 0x08, 0x82, 0x08, 0x62, 0x08, 0x61, 0x08, 0x62, 0x08, 0x61, 0x08, 0x41, 0x08, 0x41,
    0x08, 0x41, 0x08, 0x41, 0x08, 0x62, 0x10, 0x82, 0x10, 0x82, 0x10, 0x82, 0x08, 0x82, 0x08, 0x61,
    0x08, 0x82, 0x08, 0x61, 0x08, 0x61, 0x08, 0x41, 0x08, 0x41, 0x08, 0x41, 0x08, 0x82, 0x10, 0x82,
    0x10, 0x82, 0x10, 0x82, 0x10, 0x82, 0x08, 0x62, 0x10, 0x82, 0x08, 0x62, 0x08, 0x61, 0x08, 0x41,
    0x08, 0x41, 0x08, 0x41, 0x10, 0x82, 0x10, 0x82, 0x10, 0x82, 0x10, 0x82, 0x10, 0x82, 0x08, 0x62,
    0x10, 0x82, 0x08, 0x62, 0x08, 0x61, 0x08, 0x41, 0x08, 0x41, 0x08, 0x41, 0x10, 0x82, 0x10, 0x82,
    0x10, 0xA2, 0x10, 0x82, 0x10, 0x82, 0x08, 0x62, 0x10, 0x82, 0x08, 0x62, 0x08, 0x61, 0x08, 0x41,
    0x08, 0x41, 0x08, 0x41, 0x10, 0x82, 0x10, 0x82, 0x10, 0xA2, 0x10, 0x82, 0x10, 0x82, 0x08, 0x62,
    0x10, 0x82, 0x08, 0x62, 0x08, 0x61, 0x08, 0x41, 0x08, 0x41, 0x08, 0x41, 0x10, 0x82, 0x10, 0x82,
    0x10, 0xA2, 0x10, 0x82, 0x10, 0x82, 0x08, 0x62, 0x10, 0x82, 0x08, 0x62, 0x08, 0x61, 0x08, 0x41,
    0x08, 0x41, 0x08, 0x41, 0x10, 0x82, 0x10, 0x82, 0x10, 0xA2, 0x10, 0x82, 0x10, 0x82, 0x08, 0x62,
    0x10, 0x82, 0x08, 0x62, 0x08, 0x61, 0x08, 0x41, 0x08, 0x41, 0x08, 0x41, 0x10, 0x82, 0x10, 0x82,
    0x10, 0x82, 0x10, 0x82, 0x10, 0x82, 0x08, 0x62, 0x10, 0x82, 0x08, 0x62, 0x08, 0x61, 0x08, 0x41,
    0x08, 0x41, 0x08, 0x41, 0x08, 0x82, 0x10, 0x82, 0x10, 0x82, 0x10, 0x82, 0x08, 0x82, 0x08, 0x61,
    0x08, 0x82, 0x08, 0x61, 0x08, 0x41, 0x08, 0x41, 0x08, 0x41, 0x08, 0x41, 0x08, 0x62, 0x10, 0x82,
    0x10, 0x82, 0x10, 0x82, 0x08, 0x62, 0x08, 0x61, 0x08, 0x62, 0x08, 0x61, 0x08, 0x41, 0x08, 0x41,
    0x08, 0x41, 0x08, 0x41, 0x08, 0x62, 0x08, 0x82, 0x08, 0x82, 0x08, 0x62, 0x08, 0x61, 0x08, 0x61,
    0x08, 0x61, 0x08, 0x61, 0x08, 0x41, 0x08, 0x41, 0x00, 0x41, 0x00, 0x41, 0x08, 0x61, 0x08, 0x61,
    0x08, 0x62, 0x08, 0x61, 0x08, 0x61, 0x08, 0x41, 0x08, 0x61, 0x08, 0x41, 0x08, 0x41, 0x00, 0x21,
    0x00, 0x20, 0x00, 0x21, 0x08, 0x41, 0x08, 0x61, 0x08, 0x61, 0x08, 0x61, 0x08, 0x41, 0x08, 0x41,
    0x08, 0x41, 0x08, 0x41, 0x00, 0x21, 0x00, 0x20, 0x00, 0x20, 0x00, 0x20, 0x08, 0x41, 0x08, 0x41,
    0x08, 0x41, 0x08, 0x41, 0x08, 0x41, 0x00, 0x21, 0x08, 0x41, 0x00, 0x21, 0x00, 0x20, 0x00, 0x20,
    0x00, 0x20, 0x00, 0x20, 0x00, 0x21, 0x00, 0x41, 0x00, 0x41, 0x00, 0x21, 0x00, 0x00, 0x00, 0x00,
    0x00, 0x00, 0x00, 0x00, 0x00, 0x20, 0x00, 0x20, 0x00, 0x20, 0x00, 0x20, 0x08, 0x41, 0x08, 0x41,
    0x08, 0x41, 0x00, 0x41, 0x00, 0x21, 0x00, 0x20, 0x08, 0x41, 0x08, 0x41, 0x00, 0x41, 0x00, 0x20,
    0x00, 0x20, 0x00, 0x20, 0x08, 0x41, 0x08, 0x41, 0x08, 0x41, 0x08, 0x41, 0x08, 0x41, 0x00, 0x21,
    0x08, 0x41, 0x08, 0x41, 0x08, 0x41, 0x00, 0x41, 0x00, 0x20, 0x00, 0x20, 0x08, 0x61, 0x08, 0x61,
    0x08, 0x61, 0x08, 0x61, 0x08, 0x41, 0x08, 0x41, 0x08, 0x61, 0x08, 0x61, 0x08, 0x41, 0x08, 0x41,
    0x00, 0x41, 0x00, 0x21, 0x08, 0x62, 0x08, 0x62, 0x08, 0x62, 0x08, 0x61, 0x08, 0x41, 0x08, 0x41,
    0x08, 0x62, 0x08, 0x61, 0x08, 0x61, 0x08, 0x41, 0x08, 0x41, 0x08, 0x41, 0x08, 0x82, 0x08, 0x82,
    0x08, 0x82, 0x08, 0x62, 0x08, 0x61, 0x08, 0x41, 0x08, 0x82, 0x08, 0x62, 0x08, 0x61, 0x08, 0x41,
    0x08, 0x41, 0x08, 0x41, 0x10, 0x82, 0x10, 0x82, 0x10, 0x82, 0x08, 0x82, 0x08, 0x61, 0x08, 0x41,
    0x10, 0x82, 0x08, 0x82, 0x08, 0x61, 0x08, 0x61, 0x08, 0x41, 0x08, 0x41, 0x10, 0x82, 0x10, 0x82,
    0x10, 0x82, 0x08, 0x82, 0x08, 0x62, 0x08, 0x61, 0x10, 0x82, 0x10, 0x82, 0x08, 0x62, 0x08, 0x61,
    0x08, 0x41, 0x08, 0x41, 0x10, 0x82, 0x10, 0x82, 0x10, 0x82, 0x10, 0x82, 0x08, 0x62, 0x08, 0x61,
    0x10, 0x82, 0x10, 0x82, 0x08, 0x62, 0x08, 0x61, 0x08, 0x41, 0x08, 0x41, 0x10, 0x82, 0x10, 0xA2,
    0x10, 0x82, 0x10, 0x82, 0x08, 0x62, 0x08, 0x61, 0x10, 0x82, 0x10, 0x82, 0x08, 0x62, 0x08, 0x61,
    0x08, 0x41, 0x08, 0x41, 0x10, 0x82, 0x10, 0xA2, 0x10, 0x82, 0x10, 0x82, 0x08, 0x62, 0x08, 0x61,
    0x10, 0x82, 0x10, 0x82, 0x08, 0x62, 0x08, 0x61, 0x08, 0x41, 0x08, 0x41, 0x10, 0x82, 0x10, 0xA2,
    0x10, 0x82, 0x10, 0x82, 0x08, 0x62, 0x08, 0x61, 0x10, 0x82, 0x10, 0x82, 0x08, 0x62, 0x08, 0x61,
    0x08, 0x41, 0x08, 0x41, 0x10, 0x82, 0x10, 0xA2, 0x10, 0x82, 0x10, 0x82, 0x08, 0x62, 0x08, 0x61,
    0x10, 0x82, 0x10, 0x82, 0x08, 0x62, 0x08, 0x61, 0x08, 0x41, 0x08, 0x41, 0x10, 0x82, 0x10, 0x82,
    0x10, 0x82, 0x10, 0x82, 0x08, 0x62, 0x08, 0x61, 0x10, 0x82, 0x10, 0x82, 0x08, 0x62, 0x08, 0x61,
    0x08, 0x41, 0x08, 0x41, 0x10, 0x82, 0x10, 0x82, 0x10, 0x82, 0x08, 0x82, 0x08, 0x61, 0x08, 0x41,
    0x10, 0x82, 0x08, 0x82, 0x08, 0x61, 0x08, 0x41, 0x08, 0x41, 0x08, 0x41, 0x10, 0x82, 0x10, 0x82,
    0x10, 0x82, 0x08, 0x62, 0x08, 0x61, 0x08, 0x41, 0x08, 0x82, 0x08, 0x62, 0x08, 0x61, 0x08, 0x41,
    0x08, 0x41, 0x08, 0x41, 0x08, 0x82, 0x08, 0x82, 0x08, 0x62, 0x08, 0x61, 0x08, 0x61, 0x08, 0x41,
    0x08, 0x62, 0x08, 0x61, 0x08, 0x41, 0x08, 0x41, 0x08, 0x41, 0x00, 0x21, 0x08, 0x62, 0x08, 0x62,
    0x08, 0x61, 0x08, 0x61, 0x08, 0x41, 0x08, 0x41, 0x08, 0x61, 0x08, 0x61, 0x08, 0x41, 0x08, 0x41,
    0x00, 0x21, 0x00, 0x20, 0x08, 0x61, 0x08, 0x61, 0x08, 0x61, 0x08, 0x41, 0x08, 0x41, 0x00, 0x21,
    0x08, 0x41, 0x08, 0x41, 0x08, 0x41, 0x00, 0x21, 0x00, 0x20, 0x00, 0x20, 0x08, 0x41, 0x08, 0x41,
    0x08, 0x41, 0x08, 0x41, 0x00, 0x21, 0x00, 0x20, 0x08, 0x41, 0x08, 0x41, 0x00, 0x21, 0x00, 0x20,
    0x00, 0x20, 0x00, 0x20, 0x00, 0x41, 0x08, 0x41, 0x00, 0x41, 0x00, 0x20, 0x00, 0x00, 0x00, 0x00,
    0x00, 0x00, 0x00, 0x00, 0x00, 0x20, 0x00, 0x20, 0x00, 0x20, 0x00, 0x20, 0x08, 0x41, 0x08, 0x41,
    0x00, 0x41, 0x00, 0x20, 0x00, 0x20, 0x00, 0x20, 0x08, 0x41, 0x08, 0x41, 0x08, 0x41, 0x00, 0x41,
    0x00, 0x20, 0x00, 0x20, 0x08, 0x41, 0x08, 0x41, 0x08, 0x41, 0x08, 0x41, 0x00, 0x21, 0x00, 0x20,
    0x08, 0x61, 0x08, 0x61, 0x08, 0x41, 0x08, 0x41, 0x00, 0x41, 0x00, 0x21, 0x08, 0x61, 0x08, 0x61,
    0x08, 0x61, 0x08, 0x41, 0x08, 0x41, 0x00, 0x21, 0x08, 0x61, 0x08, 0x61, 0x08, 0x61, 0x08, 0x41,
    0x08, 0x41, 0x00, 0x41, 0x08, 0x62, 0x08, 0x62, 0x08, 0x61, 0x08, 0x41, 0x08, 0x41, 0x08, 0x41,
    0x08, 0x62, 0x08, 0x62, 0x08, 0x61, 0x08, 0x61, 0x08, 0x41, 0x08, 0x41, 0x08, 0x82, 0x08, 0x82,
    0x08, 0x62, 0x08, 0x61, 0x08, 0x41, 0x08, 0x41, 0x10, 0x82, 0x08, 0x82, 0x08, 0x62, 0x08, 0x61,
    0x08, 0x41, 0x08, 0x41, 0x10, 0x82, 0x10, 0x82, 0x08, 0x82, 0x08, 0x61, 0x08, 0x41, 0x08, 0x41,
    0x10, 0x82, 0x10, 0x82, 0x08, 0x82, 0x08, 0x61, 0x08, 0x61, 0x08, 0x41, 0x10, 0x82, 0x10, 0x82,
    0x08, 0x82, 0x08, 0x62, 0x08, 0x61, 0x08, 0x41, 0x10, 0x82, 0x10, 0x82, 0x10, 0x82, 0x08, 0x62,
    0x08, 0x61, 0x08, 0x41, 0x10, 0x82, 0x10, 0x82, 0x10, 0x82, 0x08, 0x62, 0x08, 0x61, 0x08, 0x41,
    0x10, 0xA2, 0x10, 0x82, 0x10, 0x82, 0x08, 0x62, 0x08, 0x61, 0x08, 0x41, 0x10, 0xA2, 0x10, 0x82,
    0x10, 0x82, 0x08, 0x62, 0x08, 0x61, 0x08, 0x41, 0x10, 0xA2, 0x10, 0x82, 0x10, 0x82, 0x08, 0x62,
    0x08, 0x61, 0x08, 0x41, 0x10, 0xA2, 0x10, 0x82, 0x10, 0x82, 0x08, 0x62, 0x08, 0x61, 0x08, 0x41,
    0x10, 0xA2, 0x10, 0x82, 0x10, 0x82, 0x08, 0x62, 0x08, 0x61, 0x08, 0x41, 0x10, 0xA2, 0x10, 0x82,
    0x10, 0x82, 0x08, 0x62, 0x08, 0x61, 0x08, 0x41, 0x10, 0xA2, 0x10, 0x82, 0x10, 0x82, 0x08, 0x62,
    0x08, 0x61, 0x08, 0x41, 0x10, 0xA2, 0x10, 0x82, 0x10, 0x82, 0x08, 0x62, 0x08, 0x61, 0x08, 0x41,
    0x10, 0xA2, 0x10, 0x82, 0x10, 0x82, 0x08, 0x62, 0x08, 0x61, 0x08, 0x41, 0x10, 0x82, 0x10, 0x82,
    0x10, 0x82, 0x08, 0x62, 0x08, 0x61, 0x08, 0x41, 0x10, 0x82, 0x10, 0x82, 0x08, 0x82, 0x08, 0x62,
    0x08, 0x61, 0x08, 0x41, 0x10, 0x82, 0x10, 0x82, 0x08, 0x82, 0x08, 0x61, 0x08, 0x41, 0x08, 0x41,
    0x10, 0x82, 0x10, 0x82, 0x08, 0x82, 0x08, 0x61, 0x08, 0x41, 0x08, 0x41, 0x10, 0x82, 0x10, 0x82,
    0x08, 0x62, 0x08, 0x61, 0x08, 0x41, 0x08, 0x41, 0x10, 0x82, 0x08, 0x82, 0x08, 0x62, 0x08, 0x61,
    0x08, 0x41, 0x08, 0x41, 0x08, 0x82, 0x08, 0x62, 0x08, 0x61, 0x08, 0x61, 0x08, 0x41, 0x08, 0x41,
    0x08, 0x62, 0x08, 0x62, 0x08, 0x61, 0x08, 0x41, 0x08, 0x41, 0x00, 0x41, 0x08, 0x62, 0x08, 0x61,
    0x08, 0x61, 0x08, 0x41, 0x08, 0x41, 0x00, 0x21, 0x08, 0x61, 0x08, 0x61, 0x08, 0x61, 0x08, 0x41,
    0x08, 0x41, 0x00, 0x21, 0x08, 0x61, 0x08, 0x61, 0x08, 0x41, 0x08, 0x41, 0x00, 0x41, 0x00, 0x20,
    0x08, 0x61, 0x08, 0x41, 0x08, 0x41, 0x08, 0x41, 0x00, 0x21, 0x00, 0x20, 0x08, 0x41, 0x08, 0x41,
    0x08, 0x41, 0x00, 0x41, 0x00, 0x20, 0x00, 0x20, 0x08, 0x41, 0x08, 0x41, 0x00, 0x41, 0x00, 0x20,
    0x00, 0x20, 0x00, 0x20, 0x08, 0x41, 0x00, 0x41, 0x00, 0x21, 0x00, 0x20, 0x00, 0x00, 0x00, 0x00,
    0x00, 0x00, 0x00, 0x00, 0x00, 0x21, 0x00, 0x21, 0x00, 0x20, 0x00, 0x20, 0x08, 0x41, 0x00, 0x41,
    0x00, 0x20, 0x00, 0x20, 0x00, 0x20, 0x00, 0x20, 0x08, 0x41, 0x08, 0x41, 0x08, 0x41, 0x08, 0x41,
    0x00, 0x41, 0x00, 0x20, 0x08, 0x41, 0x08, 0x41, 0x08, 0x41, 0x00, 0x21, 0x00, 0x20, 0x00, 0x20,
    0x08, 0x41, 0x08, 0x61, 0x08, 0x61, 0x08, 0x41, 0x08, 0x41, 0x00, 0x41, 0x08, 0x61, 0x08, 0x41,
    0x08, 0x41, 0x08, 0x41, 0x00, 0x21, 0x00, 0x21, 0x08, 0x61, 0x08, 0x61, 0x08, 0x61, 0x08, 0x61,
    0x08, 0x41, 0x08, 0x41, 0x08, 0x62, 0x08, 0x61, 0x08, 0x41, 0x08, 0x41, 0x08, 0x41, 0x00, 0x41,
    0x08, 0x62, 0x08, 0x82, 0x08, 0x62, 0x08, 0x61, 0x08, 0x61, 0x08, 0x41, 0x08, 0x82, 0x08, 0x62,
    0x08, 0x61, 0x08, 0x41, 0x08, 0x41, 0x08, 0x41, 0x08, 0x82, 0x10, 0x82, 0x08, 0x82, 0x08, 0x62,
    0x08, 0x61, 0x08, 0x41, 0x10, 0x82, 0x08, 0x62, 0x08, 0x61, 0x08, 0x41, 0x08, 0x41, 0x08, 0x41,
    0x10, 0x82, 0x10, 0x82, 0x10, 0x82, 0x08, 0x82, 0x08, 0x61, 0x08, 0x61, 0x10, 0x82, 0x08, 0x82,
    0x08, 0x62, 0x08, 0x61, 0x08, 0x41, 0x08, 0x41, 0x10, 0x82, 0x10, 0x82, 0x10, 0x82, 0x10, 0x82,
    0x08, 0x62, 0x08, 0x61, 0x10, 0x82, 0x10, 0x82, 0x08, 0x62, 0x08, 0x61, 0x08, 0x41, 0x08, 0x41,
    0x10, 0x82, 0x10, 0xA2, 0x10, 0x82, 0x10, 0x82, 0x08, 0x62, 0x08, 0x61, 0x10, 0x82, 0x10, 0x82,
    0x08, 0x62, 0x08, 0x61, 0x08, 0x41, 0x08, 0x41, 0x10, 0x82, 0x10, 0xA2, 0x10, 0x82, 0x10, 0x82,
    0x08, 0x62, 0x08, 0x61, 0x10, 0x82, 0x10, 0x82, 0x08, 0x62, 0x08, 0x61, 0x08, 0x41, 0x08, 0x41,
    0x10, 0x82, 0x10, 0xA2, 0x10, 0x82, 0x10, 0x82, 0x08, 0x62, 0x08, 0x61, 0x10, 0x82, 0x10, 0x82,
    0x08, 0x62, 0x08, 0x61, 0x08, 0x41, 0x08, 0x41, 0x10, 0x82, 0x10, 0xA2, 0x10, 0x82, 0x10, 0x82,
    0x08, 0x62, 0x08, 0x61, 0x10, 0x82, 0x10, 0x82, 0x08, 0x62, 0x08, 0x61, 0x08, 0x41, 0x08, 0x41,
    0x10, 0x82, 0x10, 0x82, 0x10, 0x82, 0x10, 0x82, 0x08, 0x62, 0x08, 0x61, 0x10, 0x82, 0x10, 0x82,
    0x08, 0x62, 0x08, 0x61, 0x08, 0x41, 0x08, 0x41, 0x10, 0x82, 0x10, 0x82, 0x10, 0x82, 0x08, 0x82,
    0x08, 0x61, 0x08, 0x61, 0x10, 0x82, 0x08, 0x82, 0x08, 0x61, 0x08, 0x61, 0x08, 0x41, 0x08, 0x41,
    0x10, 0x82, 0x10, 0x82, 0x10, 0x82, 0x08, 0x62, 0x08, 0x61, 0x08, 0x41, 0x10, 0x82, 0x08, 0x62,
    0x08, 0x61, 0x08, 0x41, 0x08, 0x41, 0x08, 0x41, 0x08, 0x82, 0x10, 0x82, 0x08, 0x82, 0x08, 0x62,
    0x08, 0x61, 0x08, 0x41, 0x08, 0x82, 0x08, 0x61, 0x08, 0x61, 0x08, 0x41, 0x08, 0x41, 0x00, 0x41,
    0x08, 0x62, 0x08, 0x62, 0x08, 0x62, 0x08, 0x61, 0x08, 0x41, 0x08, 0x41, 0x08, 0x61, 0x08, 0x61,
    0x08, 0x41, 0x08, 0x41, 0x00, 0x21, 0x00, 0x21, 0x08, 0x61, 0x08, 0x61, 0x08, 0x61, 0x08, 0x41,
    0x08, 0x41, 0x08, 0x41, 0x08, 0x61, 0x08, 0x41, 0x08, 0x41, 0x00, 0x41, 0x00, 0x20, 0x00, 0x20,
    0x08, 0x41, 0x08, 0x41, 0x08, 0x41, 0x08, 0x41, 0x08, 0x41, 0x00, 0x20, 0x08, 0x41, 0x08, 0x41,
    0x00, 0x41, 0x00, 0x20, 0x00, 0x20, 0x00, 0x20, 0x08, 0x41, 0x08, 0x41, 0x08, 0x41, 0x00, 0x41,
    0x00, 0x20, 0x00, 0x20, 0x00, 0x41, 0x00, 0x21, 0x00, 0x20, 0x00, 0x20, 0x00, 0x00, 0x00, 0x00,
    0x00, 0x00, 0x00, 0x00, 0x00, 0x41, 0x00, 0x21, 0x00, 0x21, 0x00, 0x20, 0x00, 0x21, 0x00, 0x20,
    0x00, 0x20, 0x00, 0x20, 0x00, 0x20, 0x00, 0x20, 0x08, 0x41, 0x08, 0x41, 0x08, 0x41, 0x08, 0x41,
    0x08, 0x41, 0x00, 0x41, 0x08, 0x41, 0x08, 0x41, 0x00, 0x21, 0x00, 0x20, 0x00, 0x20, 0x00, 0x20,
    0x08, 0x41, 0x08, 0x61, 0x08, 0x61, 0x08, 0x61, 0x08, 0x41, 0x08, 0x41, 0x08, 0x41, 0x08, 0x41,
    0x08, 0x41, 0x00, 0x21, 0x00, 0x21, 0x00, 0x21, 0x08, 0x61, 0x08, 0x61, 0x08, 0x61, 0x08, 0x61,
    0x08, 0x61, 0x08, 0x41, 0x08, 0x61, 0x08, 0x41, 0x08, 0x41, 0x08, 0x41, 0x00, 0x41, 0x08, 0x41,
    0x08, 0x61, 0x08, 0x62, 0x08, 0x82, 0x08, 0x62, 0x08, 0x61, 0x08, 0x61, 0x08, 0x62, 0x08, 0x61,
    0x08, 0x41, 0x08, 0x41, 0x08, 0x41, 0x08, 0x41, 0x08, 0x62, 0x08, 0x82, 0x10, 0x82, 0x10, 0x82,
    0x08, 0x62, 0x08, 0x61, 0x08, 0x62, 0x08, 0x61, 0x08, 0x41, 0x08, 0x41, 0x08, 0x41, 0x08, 0x41,
    0x08, 0x82, 0x10, 0x82, 0x10, 0x82, 0x10, 0x82, 0x08, 0x82, 0x08, 0x61, 0x08, 0x82, 0x08, 0x61,
    0x08, 0x61, 0x08, 0x41, 0x08, 0x41, 0x08, 0x41, 0x10, 0x82, 0x10, 0x82, 0x10, 0x82, 0x10, 0x82,
    0x10, 0x82, 0x08, 0x62, 0x10, 0x82, 0x08, 0x62, 0x08, 0x61, 0x08, 0x41, 0x08, 0x41, 0x08, 0x41,
    0x10, 0x82, 0x10, 0x82, 0x10, 0xA2, 0x10, 0x82, 0x10, 0x82, 0x08, 0x62, 0x10, 0x82, 0x08, 0x62,
    0x08, 0x61, 0x08, 0x41, 0x08, 0x41, 0x08, 0x41, 0x10, 0x82, 0x10, 0x82, 0x10, 0xA2, 0x10, 0x82,
    0x10, 0x82, 0x08, 0x62, 0x10, 0x82, 0x08, 0x62, 0x08, 0x61, 0x08, 0x41, 0x08, 0x41, 0x08, 0x41,
    0x10, 0x82, 0x10, 0x82, 0x10, 0xA2, 0x10, 0x82, 0x10, 0x82, 0x08, 0x62, 0x10, 0x82, 0x08, 0x62,
    0x08, 0x61, 0x08, 0x41, 0x08, 0x41, 0x08, 0x41, 0x10, 0x82, 0x10, 0x82, 0x10, 0xA2, 0x10, 0x82,
    0x10, 0x82, 0x08, 0x62, 0x10, 0x82, 0x08, 0x62, 0x08, 0x61, 0x08, 0x41, 0x08, 0x41, 0x08, 0x41,
    0x10, 0x82, 0x10, 0x82, 0x10, 0x82, 0x10, 0x82, 0x10, 0x82, 0x08, 0x62, 0x10, 0x82, 0x08, 0x62,
    0x08, 0x61, 0x08, 0x41, 0x08, 0x41, 0x08, 0x41, 0x08, 0x82, 0x10, 0x82, 0x10, 0x82, 0x10, 0x82,
    0x08, 0x82, 0x08, 0x61, 0x08, 0x82, 0x08, 0x61, 0x08, 0x61, 0x08, 0x41, 0x08, 0x41, 0x08, 0x41,
    0x08, 0x82, 0x10, 0x82, 0x10, 0x82, 0x10, 0x82, 0x08, 0x62, 0x08, 0x61, 0x08, 0x62, 0x08, 0x61,
    0x08, 0x41, 0x08, 0x41, 0x08, 0x41, 0x08, 0x41, 0x08, 0x62, 0x08, 0x82, 0x08, 0x82, 0x08, 0x82,
    0x08, 0x62, 0x08, 0x61, 0x08, 0x61, 0x08, 0x61, 0x08, 0x41, 0x08, 0x41, 0x00, 0x41, 0x08, 0x41,
    0x08, 0x61, 0x08, 0x62, 0x08, 0x62, 0x08, 0x62, 0x08, 0x61, 0x08, 0x41, 0x08, 0x61, 0x08, 0x41,
    0x08, 0x41, 0x00, 0x41, 0x00, 0x21, 0x00, 0x21, 0x08, 0x61, 0x08, 0x61, 0x08, 0x61, 0x08, 0x61,
    0x08, 0x41, 0x08, 0x41, 0x08, 0x41, 0x08, 0x41, 0x00, 0x41, 0x00, 0x20, 0x00, 0x20, 0x00, 0x20,
    0x08, 0x41, 0x08, 0x41, 0x08, 0x41, 0x08, 0x41, 0x08, 0x41, 0x08, 0x41, 0x08, 0x41, 0x00, 0x41,
    0x00, 0x20, 0x00, 0x20, 0x00, 0x20, 0x00, 0x20, 0x08, 0x41, 0x08, 0x41, 0x08, 0x41, 0x08, 0x41,
    0x00, 0x21, 0x00, 0x20, 0x00, 0x21, 0x00, 0x20, 0x00, 0x20, 0x00, 0x20, 0x00, 0x00, 0x00, 0x00,
    0x00, 0x00, 0x00, 0x00, 0x00, 0x00, 0x00, 0x41, 0x00, 0x41, 0x00, 0x21, 0x00, 0x20, 0x00, 0x20,
    0x00, 0x20, 0x00, 0x20, 0x00, 0x20, 0x00, 0x20, 0x00, 0x21, 0x08, 0x41, 0x08, 0x41, 0x08, 0x41,
    0x08, 0x41, 0x08, 0x41, 0x00, 0x41, 0x00, 0x21, 0x00, 0x20, 0x00, 0x20, 0x00, 0x20, 0x00, 0x21,
    0x08, 0x41, 0x08, 0x41, 0x08, 0x61, 0x08, 0x61, 0x08, 0x61, 0x08, 0x41, 0x08, 0x41, 0x08, 0x41,
    0x00, 0x21, 0x00, 0x20, 0x00, 0x21, 0x08, 0x41, 0x08, 0x41, 0x08, 0x61, 0x08, 0x61, 0x08, 0x62,
    0x08, 0x61, 0x08, 0x61, 0x08, 0x41, 0x08, 0x41, 0x00, 0x41, 0x00, 0x41, 0x08, 0x41, 0x08, 0x41,
    0x08, 0x61, 0x08, 0x61, 0x08, 0x62, 0x08, 0x82, 0x08, 0x62, 0x08, 0x61, 0x08, 0x61, 0x08, 0x41,
    0x08, 0x41, 0x08, 0x41, 0x08, 0x41, 0x08, 0x41, 0x08, 0x61, 0x08, 0x62, 0x08, 0x82, 0x10, 0x82,
    0x10, 0x82, 0x08, 0x62, 0x08, 0x61, 0x08, 0x41, 0x08, 0x41, 0x08, 0x41, 0x08, 0x41, 0x08, 0x41,
    0x08, 0x61, 0x08, 0x82, 0x10, 0x82, 0x10, 0x82, 0x10, 0x82, 0x08, 0x82, 0x08, 0x61, 0x08, 0x61,
    0x08, 0x41, 0x08, 0x41, 0x08, 0x41, 0x08, 0x61, 0x08, 0x62, 0x10, 0x82, 0x10, 0x82, 0x10, 0x82,
    0x10, 0x82, 0x10, 0x82, 0x08, 0x62, 0x08, 0x61, 0x08, 0x41, 0x08, 0x41, 0x08, 0x41, 0x08, 0x61,
    0x08, 0x62, 0x10, 0x82, 0x10, 0x82, 0x10, 0xA2, 0x10, 0x82, 0x10, 0x82, 0x08, 0x62, 0x08, 0x61,
    0x08, 0x41, 0x08, 0x41, 0x08, 0x41, 0x08, 0x61, 0x08, 0x62, 0x10, 0x82, 0x10, 0x82, 0x10, 0xA2,
    0x10, 0x82, 0x10, 0x82, 0x08, 0x62, 0x08, 0x61, 0x08, 0x41, 0x08, 0x41, 0x08, 0x41, 0x08, 0x61,
    0x08, 0x62, 0x10, 0x82, 0x10, 0x82, 0x10, 0xA2, 0x10, 0x82, 0x10, 0x82, 0x08, 0x62, 0x08, 0x61,
    0x08, 0x41, 0x08, 0x41, 0x08, 0x41, 0x08, 0x61, 0x08, 0x62, 0x10, 0x82, 0x10, 0x82, 0x10, 0xA2,
    0x10, 0x82, 0x10, 0x82, 0x08, 0x62, 0x08, 0x61, 0x08, 0x41, 0x08, 0x41, 0x08, 0x41, 0x08, 0x61,
    0x08, 0x62, 0x10, 0x82, 0x10, 0x82, 0x10, 0x82, 0x10, 0x82, 0x10, 0x82, 0x08, 0x62, 0x08, 0x61,
    0x08, 0x41, 0x08, 0x41, 0x08, 0x41, 0x08, 0x61, 0x08, 0x62, 0x08, 0x82, 0x10, 0x82, 0x10, 0x82,
    0x10, 0x82, 0x08, 0x82, 0x08, 0x61, 0x08, 0x61, 0x08, 0x41, 0x08, 0x41, 0x08, 0x41, 0x08, 0x41,
    0x08, 0x61, 0x08, 0x82, 0x10, 0x82, 0x10, 0x82, 0x10, 0x82, 0x08, 0x62, 0x08, 0x61, 0x08, 0x41,
    0x08, 0x41, 0x08, 0x41, 0x08, 0x41, 0x08, 0x41, 0x08, 0x61, 0x08, 0x62, 0x08, 0x82, 0x08, 0x82,
    0x08, 0x82, 0x08, 0x62, 0x08, 0x61, 0x08, 0x41, 0x08, 0x41, 0x00, 0x41, 0x08, 0x41, 0x08, 0x41,
    0x08, 0x41, 0x08, 0x61, 0x08, 0x62, 0x08, 0x62, 0x08, 0x62, 0x08, 0x61, 0x08, 0x41, 0x08, 0x41,
    0x00, 0x41, 0x00, 0x21, 0x00, 0x21, 0x08, 0x41, 0x08, 0x41, 0x08, 0x61, 0x08, 0x61, 0x08, 0x61,
    0x08, 0x61, 0x08, 0x41, 0x08, 0x41, 0x00, 0x41, 0x00, 0x20, 0x00, 0x20, 0x00, 0x20, 0x00, 0x21,
    0x08, 0x41, 0x08, 0x41, 0x08, 0x41, 0x08, 0x41, 0x08, 0x41, 0x08, 0x41, 0x00, 0x41, 0x00, 0x20,
    0x00, 0x20, 0x00, 0x20, 0x00, 0x20, 0x00, 0x20, 0x00, 0x21, 0x00, 0x41, 0x08, 0x41, 0x08, 0x41,
    0x08, 0x41, 0x00, 0x21, 0x00, 0x20, 0x00, 0x20, 0x00, 0x20, 0x00, 0x00, 0x00, 0x00, 0x00, 0x00,
    0x00, 0x00, 0x00, 0x00, 0x00, 0x00, 0x00, 0x21, 0x00, 0x21, 0x00, 0x20, 0x00, 0x21, 0x00, 0x20,
    0x00, 0x20, 0x00, 0x20, 0x00, 0x20, 0x00, 0x20, 0x08, 0x41, 0x08, 0x41, 0x08, 0x41, 0x08, 0x41,
    0x08, 0x41, 0x00, 0x41, 0x08, 0x41, 0x08, 0x41, 0x00, 0x21, 0x00, 0x20, 0x00, 0x20, 0x00, 0x20,
    0x08, 0x41, 0x08, 0x41, 0x08, 0x61, 0x08, 0x61, 0x08, 0x41, 0x08, 0x41, 0x08, 0x41, 0x08, 0x41,
    0x08, 0x41, 0x00, 0x21, 0x00, 0x20, 0x00, 0x21, 0x08, 0x61, 0x08, 0x61, 0x08, 0x61, 0x08, 0x61,
    0x08, 0x61, 0x08, 0x41, 0x08, 0x61, 0x08, 0x41, 0x08, 0x41, 0x08, 0x41, 0x00, 0x41, 0x08, 0x41,
    0x08, 0x61, 0x08, 0x62, 0x08, 0x82, 0x08, 0x62, 0x08, 0x61, 0x08, 0x61, 0x08, 0x62, 0x08, 0x61,
    0x08, 0x41, 0x08, 0x41, 0x08, 0x41, 0x08, 0x41, 0x08, 0x62, 0x08, 0x82, 0x10, 0x82, 0x08, 0x82,
    0x08, 0x62, 0x08, 0x61, 0x08, 0x62, 0x08, 0x61, 0x08, 0x41, 0x08, 0x41, 0x08, 0x41, 0x08, 0x41,
    0x08, 0x82, 0x10, 0x82, 0x10, 0x82, 0x10, 0x82, 0x08, 0x82, 0x08, 0x61, 0x08, 0x82, 0x08, 0x61,
    0x08, 0x61, 0x08, 0x41, 0x08, 0x41, 0x08, 0x41, 0x08, 0x82, 0x10, 0x82, 0x10, 0x82, 0x10, 0x82,
    0x10, 0x82, 0x08, 0x62, 0x10, 0x82, 0x08, 0x62, 0x08, 0x61, 0x08, 0x41, 0x08, 0x41, 0x08, 0x41,
    0x10, 0x82, 0x10, 0x82, 0x10, 0x82, 0x10, 0x82, 0x10, 0x82, 0x08, 0x62, 0x10, 0x82, 0x08, 0x62,
    0x08, 0x61, 0x08, 0x41, 0x08, 0x41, 0x08, 0x41, 0x10, 0x82, 0x10, 0x82, 0x10, 0xA2, 0x10, 0x82,
    0x10, 0x82, 0x08, 0x62, 0x10, 0x82, 0x08, 0x62, 0x08, 0x61, 0x08, 0x41, 0x08, 0x41, 0x08, 0x41,
    0x10, 0x82, 0x10, 0x82, 0x10, 0xA2, 0x10, 0x82, 0x10, 0x82, 0x08, 0x62, 0x10, 0x82, 0x08, 0x62,
    0x08, 0x61, 0x08, 0x41, 0x08, 0x41, 0x08, 0x41, 0x10, 0x82, 0x10, 0x82, 0x10, 0xA2, 0x10, 0x82,
    0x10, 0x82, 0x08, 0x62, 0x10, 0x82, 0x08, 0x62, 0x08, 0x61, 0x08, 0x41, 0x08, 0x41, 0x08, 0x41,
    0x10, 0x82, 0x10, 0x82, 0x10, 0x82, 0x10, 0x82, 0x10, 0x82, 0x08, 0x62, 0x10, 0x82, 0x08, 0x62,
    0x08, 0x61, 0x08, 0x41, 0x08, 0x41, 0x08, 0x41, 0x08, 0x82, 0x10, 0x82, 0x10, 0x82, 0x10, 0x82,
    0x08, 0x82, 0x08, 0x61, 0x08, 0x82, 0x08, 0x61, 0x08, 0x41, 0x08, 0x41, 0x08, 0x41, 0x08, 0x41,
    0x08, 0x82, 0x10, 0x82, 0x10, 0x82, 0x10, 0x82, 0x08, 0x62, 0x08, 0x61, 0x08, 0x62, 0x08, 0x61,
    0x08, 0x41, 0x08, 0x41, 0x08, 0x41, 0x08, 0x41, 0x08, 0x62, 0x08, 0x82, 0x08, 0x82, 0x08, 0x82,
    0x08, 0x62, 0x08, 0x61, 0x08, 0x61, 0x08, 0x61, 0x08, 0x41, 0x08, 0x41, 0x00, 0x41, 0x08, 0x41,
    0x08, 0x61, 0x08, 0x62, 0x08, 0x62, 0x08, 0x62, 0x08, 0x61, 0x08, 0x41, 0x08, 0x61, 0x08, 0x41,
    0x08, 0x41, 0x00, 0x41, 0x00, 0x21, 0x00, 0x21, 0x08, 0x61, 0x08, 0x61, 0x08, 0x61, 0x08, 0x61,
    0x08, 0x41, 0x08, 0x41, 0x08, 0x41, 0x08, 0x41, 0x00, 0x41, 0x00, 0x20, 0x00, 0x20, 0x00, 0x20,
    0x08, 0x41, 0x08, 0x41, 0x08, 0x41, 0x08, 0x41, 0x08, 0x41, 0x00, 0x41, 0x08, 0x41, 0x00, 0x41,
    0x00, 0x20, 0x00, 0x20, 0x00, 0x20, 0x00, 0x20, 0x08, 0x41, 0x08, 0x41, 0x08, 0x41, 0x08, 0x41,
    0x00, 0x21, 0x00, 0x20, 0x00, 0x21, 0x00, 0x20, 0x00, 0x20, 0x00, 0x00, 0x00, 0x00, 0x00, 0x00,
    0x00, 0x00, 0x00, 0x00, 0x00, 0x00, 0x00, 0x20, 0x00, 0x20, 0x00, 0x20, 0x00, 0x41, 0x00, 0x21,
    0x00, 0x20, 0x00, 0x20, 0x00, 0x20, 0x00, 0x20, 0x08, 0x41, 0x08, 0x41, 0x08, 0x41, 0x08, 0x41,
    0x00, 0x41, 0x00, 0x20, 0x08, 0x41, 0x08, 0x41, 0x08, 0x41, 0x00, 0x21, 0x00, 0x20, 0x00, 0x20,
    0x08, 0x41, 0x08, 0x61, 0x08, 0x61, 0x08, 0x41, 0x08, 0x41, 0x00, 0x41, 0x08, 0x61, 0x08, 0x41,
    0x08, 0x41, 0x08, 0x41, 0x00, 0x21, 0x00, 0x21, 0x08, 0x61, 0x08, 0x61, 0x08, 0x61, 0x08, 0x61,
    0x08, 0x41, 0x08, 0x41, 0x08, 0x61, 0x08, 0x61, 0x08, 0x41, 0x08, 0x41, 0x08, 0x41, 0x00, 0x41,
    0x08, 0x62, 0x08, 0x62, 0x08, 0x62, 0x08, 0x61, 0x08, 0x61, 0x08, 0x41, 0x08, 0x62, 0x08, 0x62,
    0x08, 0x61, 0x08, 0x41, 0x08, 0x41, 0x08, 0x41, 0x08, 0x82, 0x10, 0x82, 0x08, 0x82, 0x08, 0x62,
    0x08, 0x61, 0x08, 0x41, 0x10, 0x82, 0x08, 0x62, 0x08, 0x61, 0x08, 0x41, 0x08, 0x41, 0x08, 0x41,
    0x10, 0x82, 0x10, 0x82, 0x10, 0x82, 0x08, 0x82, 0x08, 0x61, 0x08, 0x61, 0x10, 0x82, 0x08, 0x82,
    0x08, 0x61, 0x08, 0x61, 0x08, 0x41, 0x08, 0x41, 0x10, 0x82, 0x10, 0x82, 0x10, 0x82, 0x10, 0x82,
    0x08, 0x62, 0x08, 0x61, 0x10, 0x82, 0x10, 0x82, 0x08, 0x62, 0x08, 0x61, 0x08, 0x41, 0x08, 0x41,
    0x10, 0x82, 0x10, 0x82, 0x10, 0x82, 0x10, 0x82, 0x08, 0x62, 0x08, 0x61, 0x10, 0x82, 0x10, 0x82,
    0x08, 0x62, 0x08, 0x61, 0x08, 0x41, 0x08, 0x41, 0x10, 0x82, 0x10, 0xA2, 0x10, 0x82, 0x10, 0x82,
    0x08, 0x62, 0x08, 0x61, 0x10, 0x82, 0x10, 0x82, 0x08, 0x62, 0x08, 0x61, 0x08, 0x41, 0x08, 0x41,
    0x10, 0x82, 0x10, 0xA2, 0x10, 0x82, 0x10, 0x82, 0x08, 0x62, 0x08, 0x61, 0x10, 0x82, 0x10, 0x82,
    0x08, 0x62, 0x08, 0x61, 0x08, 0x41, 0x08, 0x41, 0x10, 0x82, 0x10, 0xA2, 0x10, 0x82, 0x10, 0x82,
    0x08, 0x62, 0x08, 0x61, 0x10, 0x82, 0x10, 0x82, 0x08, 0x62, 0x08, 0x61, 0x08, 0x41, 0x08, 0x41,
    0x10, 0x82, 0x10, 0x82, 0x10, 0x82, 0x10, 0x82, 0x08, 0x62, 0x08, 0x61, 0x10, 0x82, 0x10, 0x82,
    0x08, 0x62, 0x08, 0x61, 0x08, 0x41, 0x08, 0x41, 0x10, 0x82, 0x10, 0x82, 0x10, 0x82, 0x08, 0x82,
    0x08, 0x61, 0x08, 0x61, 0x10, 0x82, 0x08, 0x82, 0x08, 0x61, 0x08, 0x41, 0x08, 0x41, 0x08, 0x41,
    0x10, 0x82, 0x10, 0x82, 0x10, 0x82, 0x08, 0x62, 0x08, 0x61, 0x08, 0x41, 0x10, 0x82, 0x08, 0x62,
    0x08, 0x61, 0x08, 0x41, 0x08, 0x41, 0x08, 0x41, 0x08, 0x82, 0x08, 0x82, 0x08, 0x82, 0x08, 0x62,
    0x08, 0x61, 0x08, 0x41, 0x08, 0x62, 0x08, 0x61, 0x08, 0x61, 0x08, 0x41, 0x08, 0x41, 0x00, 0x41,
    0x08, 0x62, 0x08, 0x62, 0x08, 0x62, 0x08, 0x61, 0x08, 0x41, 0x08, 0x41, 0x08, 0x61, 0x08, 0x61,
    0x08, 0x41, 0x08, 0x41, 0x00, 0x21, 0x00, 0x21, 0x08, 0x61, 0x08, 0x61, 0x08, 0x61, 0x08, 0x41,
    0x08, 0x41, 0x00, 0x41, 0x08, 0x61, 0x08, 0x41, 0x08, 0x41, 0x00, 0x41, 0x00, 0x20, 0x00, 0x20,
    0x08, 0x41, 0x08, 0x41, 0x08, 0x41, 0x08, 0x41, 0x08, 0x41, 0x00, 0x20, 0x08, 0x41, 0x08, 0x41,
    0x00, 0x21, 0x00, 0x20, 0x00, 0x20, 0x00, 0x20, 0x08, 0x41, 0x08, 0x41, 0x08, 0x41, 0x00, 0x41,
    0x00, 0x20, 0x00, 0x20, 0x00, 0x41, 0x00, 0x21, 0x00, 0x20, 0x00, 0x00, 0x00, 0x00, 0x00, 0x00,
    0x00, 0x00, 0x00, 0x00, 0x00, 0x00, 0x00, 0x20, 0x00, 0x20, 0x00, 0x20, 0x08, 0x41, 0x08, 0x41,
    0x00, 0x21, 0x00, 0x20, 0x00, 0x20, 0x00, 0x20, 0x08, 0x41, 0x08, 0x41, 0x08, 0x41, 0x00, 0x21,
    0x00, 0x20, 0x00, 0x20, 0x08, 0x41, 0x08, 0x41, 0x08, 0x41, 0x08, 0x41, 0x00, 0x21, 0x00, 0x20,
    0x08, 0x61, 0x08, 0x41, 0x08, 0x41, 0x08, 0x41, 0x00, 0x41, 0x00, 0x20, 0x08, 0x61, 0x08, 0x61,
    0x08, 0x41, 0x08, 0x41, 0x08, 0x41, 0x00, 0x21, 0x08, 0x61, 0x08, 0x61, 0x08, 0x61, 0x08, 0x41,
    0x08, 0x41, 0x00, 0x41, 0x08, 0x62, 0x08, 0x62, 0x08, 0x61, 0x08, 0x41, 0x08, 0x41, 0x08, 0x41,
    0x08, 0x62, 0x08, 0x62, 0x08, 0x61, 0x08, 0x61, 0x08, 0x41, 0x08, 0x41, 0x08, 0x82, 0x08, 0x82,
    0x08, 0x62, 0x08, 0x61, 0x08, 0x41, 0x08, 0x41, 0x10, 0x82, 0x08, 0x82, 0x08, 0x62, 0x08, 0x61,
    0x08, 0x41, 0x08, 0x41, 0x10, 0x82, 0x10, 0x82, 0x08, 0x62, 0x08, 0x61, 0x08, 0x41, 0x08, 0x41,
    0x10, 0x82, 0x10, 0x82, 0x08, 0x82, 0x08, 0x61, 0x08, 0x41, 0x08, 0x41, 0x10, 0x82, 0x10, 0x82,
    0x08, 0x82, 0x08, 0x61, 0x08, 0x61, 0x08, 0x41, 0x10, 0x82, 0x10, 0x82, 0x08, 0x82, 0x08, 0x62,
    0x08, 0x61, 0x08, 0x41, 0x10, 0x82, 0x10, 0x82, 0x10, 0x82, 0x08, 0x62, 0x08, 0x61, 0x08, 0x41,
    0x10, 0x82, 0x10, 0x82, 0x10, 0x82, 0x08, 0x62, 0x08, 0x61, 0x08, 0x41, 0x10, 0xA2, 0x10, 0x82,
    0x10, 0x82, 0x08, 0x62, 0x08, 0x61, 0x08, 0x41, 0x10, 0xA2, 0x10, 0x82, 0x10, 0x82, 0x08, 0x62,
    0x08, 0x61, 0x08, 0x41, 0x10, 0xA2, 0x10, 0x82, 0x10, 0x82, 0x08, 0x62, 0x08, 0x61, 0x08, 0x41,
    0x10, 0xA2, 0x10, 0x82, 0x10, 0x82, 0x08, 0x62, 0x08, 0x61, 0x08, 0x41, 0x10, 0xA2, 0x10, 0x82,
    0x10, 0x82, 0x08, 0x62, 0x08, 0x61, 0x08, 0x41, 0x10, 0xA2, 0x10, 0x82, 0x10, 0x82, 0x08, 0x62,
    0x08, 0x61, 0x08, 0x41, 0x10, 0xA2, 0x10, 0x82, 0x10, 0x82, 0x08, 0x62, 0x08, 0x61, 0x08, 0x41,
    0x10, 0x82, 0x10, 0x82, 0x10, 0x82, 0x08, 0x62, 0x08, 0x61, 0x08, 0x41, 0x10, 0x82, 0x10, 0x82,
    0x10, 0x82, 0x08, 0x62, 0x08, 0x61, 0x08, 0x41, 0x10, 0x82, 0x10, 0x82, 0x08, 0x82, 0x08, 0x61,
    0x08, 0x61, 0x08, 0x41, 0x10, 0x82, 0x10, 0x82, 0x08, 0x82, 0x08, 0x61, 0x08, 0x41, 0x08, 0x41,
    0x10, 0x82, 0x10, 0x82, 0x08, 0x62, 0x08, 0x61, 0x08, 0x41, 0x08, 0x41, 0x10, 0x82, 0x08, 0x82,
    0x08, 0x62, 0x08, 0x61, 0x08, 0x41, 0x08, 0x41, 0x08, 0x82, 0x08, 0x82, 0x08, 0x62, 0x08, 0x61,
    0x08, 0x41, 0x08, 0x41, 0x08, 0x82, 0x08, 0x62, 0x08, 0x61, 0x08, 0x61, 0x08, 0x41, 0x08, 0x41,
    0x08, 0x62, 0x08, 0x62, 0x08, 0x61, 0x08, 0x41, 0x08, 0x41, 0x00, 0x41, 0x08, 0x62, 0x08, 0x61,
    0x08, 0x61, 0x08, 0x41, 0x08, 0x41, 0x00, 0x21, 0x08, 0x61, 0x08, 0x61, 0x08, 0x41, 0x08, 0x41,
    0x00, 0x41, 0x00, 0x20, 0x08, 0x61, 0x08, 0x61, 0x08, 0x41, 0x08, 0x41, 0x00, 0x21, 0x00, 0x20,
    0x08, 0x41, 0x08, 0x41, 0x08, 0x41, 0x08, 0x41, 0x00, 0x20, 0x00, 0x20, 0x08, 0x41, 0x08, 0x41,
    0x08, 0x41, 0x00, 0x21, 0x00, 0x20, 0x00, 0x20, 0x08, 0x41, 0x08, 0x41, 0x00, 0x41, 0x00, 0x20,
    0x00, 0x20, 0x00, 0x20, 0x00, 0x41, 0x00, 0x21, 0x00, 0x20, 0x00, 0x00, 0x00, 0x00, 0x00, 0x00,
    0x00, 0x00, 0x00, 0x00, 0x00, 0x00, 0x00, 0x20, 0x00, 0x20, 0x00, 0x20, 0x00, 0x41, 0x08, 0x41,
    0x08, 0x41, 0x00, 0x41, 0x00, 0x20, 0x00, 0x20, 0x08, 0x41, 0x08, 0x41, 0x00, 0x21, 0x00, 0x20,
    0x00, 0x20, 0x00, 0x20, 0x08, 0x41, 0x08, 0x41, 0x08, 0x41, 0x08, 0x41, 0x08, 0x41, 0x00, 0x21,
    0x08, 0x41, 0x08, 0x41, 0x08, 0x41, 0x00, 0x41, 0x00, 0x20, 0x00, 0x20, 0x08, 0x61, 0x08, 0x61,
    0x08, 0x61, 0x08, 0x41, 0x08, 0x41, 0x08, 0x41, 0x08, 0x61, 0x08, 0x61, 0x08, 0x41, 0x08, 0x41,
    0x00, 0x41, 0x00, 0x21, 0x08, 0x61, 0x08, 0x62, 0x08, 0x62, 0x08, 0x61, 0x08, 0x41, 0x08, 0x41,
    0x08, 0x62, 0x08, 0x61, 0x08, 0x61, 0x08, 0x41, 0x08, 0x41, 0x08, 0x41, 0x08, 0x62, 0x08, 0x82,
    0x08, 0x82, 0x08, 0x62, 0x08, 0x61, 0x08, 0x41, 0x08, 0x82, 0x08, 0x62, 0x08, 0x61, 0x08, 0x41,
    0x08, 0x41, 0x08, 0x41, 0x10, 0x82, 0x10, 0x82, 0x10, 0x82, 0x08, 0x62, 0x08, 0x61, 0x08, 0x41,
    0x10, 0x82, 0x08, 0x82, 0x08, 0x61, 0x08, 0x41, 0x08, 0x41, 0x08, 0x41, 0x10, 0x82, 0x10, 0x82,
    0x10, 0x82, 0x08, 0x82, 0x08, 0x61, 0x08, 0x61, 0x10, 0x82, 0x08, 0x82, 0x08, 0x62, 0x08, 0x61,
    0x08, 0x41, 0x08, 0x41, 0x10, 0x82, 0x10, 0x82, 0x10, 0x82, 0x10, 0x82, 0x08, 0x62, 0x08, 0x61,
    0x10, 0x82, 0x10, 0x82, 0x08, 0x62, 0x08, 0x61, 0x08, 0x41, 0x08, 0x41, 0x10, 0x82, 0x10, 0xA2,
    0x10, 0x82, 0x10, 0x82, 0x08, 0x62, 0x08, 0x61, 0x10, 0x82, 0x10, 0x82, 0x08, 0x62, 0x08, 0x61,
    0x08, 0x41, 0x08, 0x41, 0x10, 0x82, 0x10, 0xA2, 0x10, 0x82, 0x10, 0x82, 0x08, 0x62, 0x08, 0x61,
    0x10, 0x82, 0x10, 0x82, 0x08, 0x62, 0x08, 0x61, 0x08, 0x41, 0x08, 0x41, 0x10, 0x82, 0x10, 0xA2,
    0x10, 0x82, 0x10, 0x82, 0x08, 0x62, 0x08, 0x61, 0x10, 0x82, 0x10, 0x82, 0x08, 0x62, 0x08, 0x61,
    0x08, 0x41, 0x08, 0x41, 0x10, 0x82, 0x10, 0x82, 0x10, 0x82, 0x10, 0x82, 0x08, 0x62, 0x08, 0x61,
    0x10, 0x82, 0x10, 0x82, 0x08, 0x62, 0x08, 0x61, 0x08, 0x41, 0x08, 0x41, 0x10, 0x82, 0x10, 0x82,
    0x10, 0x82, 0x08, 0x82, 0x08, 0x62, 0x08, 0x61, 0x10, 0x82, 0x08, 0x82, 0x08, 0x61, 0x08, 0x61,
    0x08, 0x41, 0x08, 0x41, 0x10, 0x82, 0x10, 0x82, 0x10, 0x82, 0x08, 0x82, 0x08, 0x61, 0x08, 0x41,
    0x10, 0x82, 0x08, 0x62, 0x08, 0x61, 0x08, 0x41, 0x08, 0x41, 0x08, 0x41, 0x08, 0x82, 0x10, 0x82,
    0x08, 0x82, 0x08, 0x62, 0x08, 0x61, 0x08, 0x41, 0x08, 0x82, 0x08, 0x62, 0x08, 0x61, 0x08, 0x41,
    0x08, 0x41, 0x08, 0x41, 0x08, 0x62, 0x08, 0x82, 0x08, 0x62, 0x08, 0x61, 0x08, 0x61, 0x08, 0x41,
    0x08, 0x62, 0x08, 0x61, 0x08, 0x41, 0x08, 0x41, 0x00, 0x41, 0x00, 0x21, 0x08, 0x61, 0x08, 0x62,
    0x08, 0x61, 0x08, 0x61, 0x08, 0x41, 0x08, 0x41, 0x08, 0x61, 0x08, 0x61, 0x08, 0x41, 0x08, 0x41,
    0x00, 0x21, 0x00, 0x20, 0x08, 0x61, 0x08, 0x61, 0x08, 0x61, 0x08, 0x41, 0x08, 0x41, 0x00, 0x21,
    0x08, 0x41, 0x08, 0x41, 0x08, 0x41, 0x00, 0x21, 0x00, 0x20, 0x00, 0x20, 0x08, 0x41, 0x08, 0x41,
    0x08, 0x41, 0x08, 0x41, 0x00, 0x21, 0x00, 0x20, 0x08, 0x41, 0x00, 0x41, 0x00, 0x20, 0x00, 0x20,
    0x00, 0x20, 0x00, 0x20, 0x00, 0x41, 0x00, 0x41, 0x00, 0x21, 0x00, 0x00, 0x00, 0x00, 0x00, 0x00,
    0x00, 0x00, 0x00, 0x00, 0x00, 0x00, 0x00, 0x00, 0x00, 0x20, 0x00, 0x20, 0x00, 0x21, 0x00, 0x41,
    0x08, 0x41, 0x08, 0x41, 0x00, 0x41, 0x00, 0x21, 0x08, 0x41, 0x00, 0x21, 0x00, 0x20, 0x00, 0x20,
    0x00, 0x20, 0x00, 0x20, 0x08, 0x41, 0x08, 0x41, 0x08, 0x41, 0x08, 0x41, 0x08, 0x41, 0x08, 0x41,
    0x08, 0x41, 0x08, 0x41, 0x00, 0x21, 0x00, 0x20, 0x00, 0x20, 0x00, 0x20, 0x08, 0x41, 0x08, 0x61,
    0x08, 0x61, 0x08, 0x61, 0x08, 0x41, 0x08, 0x41, 0x08, 0x61, 0x08, 0x41, 0x08, 0x41, 0x00, 0x21,
    0x00, 0x21, 0x00, 0x41, 0x08, 0x61, 0x08, 0x61, 0x08, 0x62, 0x08, 0x62, 0x08, 0x61, 0x08, 0x41,
    0x08, 0x61, 0x08, 0x41, 0x08, 0x41, 0x08, 0x41, 0x00, 0x41, 0x08, 0x41, 0x08, 0x61, 0x08, 0x62,
    0x08, 0x82, 0x08, 0x82, 0x08, 0x62, 0x08, 0x61, 0x08, 0x62, 0x08, 0x61, 0x08, 0x41, 0x08, 0x41,
    0x08, 0x41, 0x08, 0x41, 0x08, 0x62, 0x10, 0x82, 0x10, 0x82, 0x10, 0x82, 0x08, 0x62, 0x08, 0x61,
    0x08, 0x82, 0x08, 0x61, 0x08, 0x41, 0x08, 0x41, 0x08, 0x41, 0x08, 0x41, 0x08, 0x82, 0x10, 0x82,
    0x10, 0x82, 0x10, 0x82, 0x08, 0x82, 0x08, 0x61, 0x08, 0x82, 0x08, 0x62, 0x08, 0x61, 0x08, 0x41,
    0x08, 0x41, 0x08, 0x41, 0x10, 0x82, 0x10, 0x82, 0x10, 0x82, 0x10, 0x82, 0x10, 0x82, 0x08, 0x62,
    0x10, 0x82, 0x08, 0x62, 0x08, 0x61, 0x08, 0x41, 0x08, 0x41, 0x08, 0x41, 0x10, 0x82, 0x10, 0x82,
    0x10, 0x82, 0x10, 0x82, 0x10, 0x82, 0x08, 0x62, 0x10, 0x82, 0x08, 0x62, 0x08, 0x61, 0x08, 0x41,
    0x08, 0x41, 0x08, 0x41, 0x10, 0x82, 0x10, 0x82, 0x10, 0xA2, 0x10, 0x82, 0x10, 0x82, 0x08, 0x62,
    0x10, 0x82, 0x08, 0x62, 0x08, 0x61, 0x08, 0x41, 0x08, 0x41, 0x08, 0x41, 0x10, 0x82, 0x10, 0x82,
    0x10, 0xA2, 0x10, 0x82, 0x10, 0x82, 0x08, 0x62, 0x10, 0x82, 0x08, 0x62, 0x08, 0x61, 0x08, 0x41,
    0x08, 0x41, 0x08, 0x41, 0x10, 0x82, 0x10, 0x82, 0x10, 0x82, 0x10, 0x82, 0x10, 0x82, 0x08, 0x62,
    0x10, 0x82, 0x08, 0x62, 0x08, 0x61, 0x08, 0x41, 0x08, 0x41, 0x08, 0x41, 0x10, 0x82, 0x10, 0x82,
    0x10, 0x82, 0x10, 0x82, 0x08, 0x82, 0x08, 0x61, 0x08, 0x82, 0x08, 0x61, 0x08, 0x61, 0x08, 0x41,
    0x08, 0x41, 0x08, 0x41, 0x08, 0x82, 0x10, 0x82, 0x10, 0x82, 0x10, 0x82, 0x08, 0x82, 0x08, 0x61,
    0x08, 0x62, 0x08, 0x61, 0x08, 0x41, 0x08, 0x41, 0x08, 0x41, 0x08, 0x41, 0x08, 0x62, 0x08, 0x82,
    0x10, 0x82, 0x08, 0x82, 0x08, 0x62, 0x08, 0x61, 0x08, 0x62, 0x08, 0x61, 0x08, 0x41, 0x08, 0x41,
    0x08, 0x41, 0x08, 0x41, 0x08, 0x61, 0x08, 0x62, 0x08, 0x62, 0x08, 0x62, 0x08, 0x61, 0x08, 0x41,
    0x08, 0x61, 0x08, 0x41, 0x08, 0x41, 0x00, 0x41, 0x00, 0x21, 0x00, 0x41, 0x08, 0x61, 0x08, 0x61,
    0x08, 0x61, 0x08, 0x61, 0x08, 0x61, 0x08, 0x41, 0x08, 0x61, 0x08, 0x41, 0x08, 0x41, 0x00, 0x21,
    0x00, 0x20, 0x00, 0x20, 0x08, 0x41, 0x08, 0x61, 0x08, 0x61, 0x08, 0x41, 0x08, 0x41, 0x08, 0x41,
    0x08, 0x41, 0x08, 0x41, 0x00, 0x21, 0x00, 0x20, 0x00, 0x20, 0x00, 0x20, 0x08, 0x41, 0x08, 0x41,
    0x08, 0x41, 0x08, 0x41, 0x08, 0x41, 0x00, 0x21, 0x00, 0x41, 0x00, 0x20, 0x00, 0x20, 0x00, 0x20,
    0x00, 0x20, 0x00, 0x20, 0x00, 0x21, 0x00, 0x21, 0x00, 0x00, 0x00, 0x00, 0x00, 0x00, 0x00, 0x00,
    0x00, 0x00, 0x00, 0x00, 0x00, 0x00, 0x00, 0x00, 0x00, 0x20, 0x00, 0x20, 0x00, 0x20, 0x00, 0x21,
    0x08, 0x41, 0x08, 0x41, 0x08, 0x41, 0x00, 0x41, 0x00, 0x21, 0x00, 0x20, 0x00, 0x20, 0x00, 0x20,
    0x00, 0x20, 0x00, 0x20, 0x00, 0x41, 0x08, 0x41, 0x08, 0x41, 0x08, 0x41, 0x08, 0x41, 0x08, 0x41,
    0x08, 0x41, 0x00, 0x21, 0x00, 0x20, 0x00, 0x20, 0x00, 0x20, 0x00, 0x41, 0x08, 0x41, 0x08, 0x41,
    0x08, 0x61, 0x08, 0x61, 0x08, 0x61, 0x08, 0x61, 0x08, 0x41, 0x08, 0x41, 0x00, 0x21, 0x00, 0x21,
    0x00, 0x41, 0x08, 0x41, 0x08, 0x41, 0x08, 0x61, 0x08, 0x61, 0x08, 0x62, 0x08, 0x62, 0x08, 0x61,
    0x08, 0x41, 0x08, 0x41, 0x08, 0x41, 0x00, 0x41, 0x08, 0x41, 0x08, 0x41, 0x08, 0x61, 0x08, 0x61,
    0x08, 0x62, 0x08, 0x82, 0x08, 0x82, 0x08, 0x62, 0x08, 0x61, 0x08, 0x41, 0x08, 0x41, 0x08, 0x41,
    0x08, 0x41, 0x08, 0x41, 0x08, 0x61, 0x08, 0x62, 0x10, 0x82, 0x10, 0x82, 0x10, 0x82, 0x08, 0x62,
    0x08, 0x61, 0x08, 0x41, 0x08, 0x41, 0x08, 0x41, 0x08, 0x41, 0x08, 0x41, 0x08, 0x61, 0x08, 0x82,
    0x10, 0x82, 0x10, 0x82, 0x10, 0x82, 0x08, 0x82, 0x08, 0x61, 0x08, 0x61, 0x08, 0x41, 0x08, 0x41,
    0x08, 0x41, 0x08, 0x61, 0x08, 0x62, 0x10, 0x82, 0x10, 0x82, 0x10, 0x82, 0x10, 0x82, 0x10, 0x82,
    0x08, 0x62, 0x08, 0x61, 0x08, 0x41, 0x08, 0x41, 0x08, 0x41, 0x08, 0x61, 0x08, 0x62, 0x10, 0x82,
    0x10, 0x82, 0x10, 0x82, 0x10, 0x82, 0x10, 0x82, 0x08, 0x62, 0x08, 0x61, 0x08, 0x41, 0x08, 0x41,
    0x08, 0x41, 0x08, 0x61, 0x08, 0x62, 0x10, 0x82, 0x10, 0x82, 0x10, 0xA2, 0x10, 0x82, 0x10, 0x82,
    0x08, 0x62, 0x08, 0x61, 0x08, 0x41, 0x08, 0x41, 0x08, 0x41, 0x08, 0x61, 0x08, 0x62, 0x10, 0x82,
    0x10, 0x82, 0x10, 0xA2, 0x10, 0x82, 0x10, 0x82, 0x08, 0x62, 0x08, 0x61, 0x08, 0x41, 0x08, 0x41,
    0x08, 0x41, 0x08, 0x61, 0x08, 0x62, 0x10, 0x82, 0x10, 0x82, 0x10, 0x82, 0x10, 0x82, 0x10, 0x82,
    0x08, 0x62, 0x08, 0x61, 0x08, 0x41, 0x08, 0x41, 0x08, 0x41, 0x08, 0x61, 0x08, 0x62, 0x08, 0x82,
    0x10, 0x82, 0x10, 0x82, 0x10, 0x82, 0x08, 0x82, 0x08, 0x61, 0x08, 0x61, 0x08, 0x41, 0x08, 0x41,
    0x08, 0x41, 0x08, 0x41, 0x08, 0x61, 0x08, 0x82, 0x10, 0x82, 0x10, 0x82, 0x10, 0x82, 0x08, 0x62,
    0x08, 0x61, 0x08, 0x41, 0x08, 0x41, 0x08, 0x41, 0x08, 0x41, 0x08, 0x41, 0x08, 0x61, 0x08, 0x62,
    0x08, 0x82, 0x10, 0x82, 0x08, 0x82, 0x08, 0x62, 0x08, 0x61, 0x08, 0x41, 0x08, 0x41, 0x08, 0x41,
    0x08, 0x41, 0x08, 0x41, 0x08, 0x61, 0x08, 0x61, 0x08, 0x62, 0x08, 0x62, 0x08, 0x62, 0x08, 0x61,
    0x08, 0x41, 0x08, 0x41, 0x00, 0x41, 0x00, 0x21, 0x00, 0x41, 0x08, 0x41, 0x08, 0x41, 0x08, 0x61,
    0x08, 0x61, 0x08, 0x61, 0x08, 0x61, 0x08, 0x61, 0x08, 0x41, 0x08, 0x41, 0x00, 0x21, 0x00, 0x20,
    0x00, 0x20, 0x00, 0x41, 0x08, 0x41, 0x08, 0x41, 0x08, 0x61, 0x08, 0x61, 0x08, 0x41, 0x08, 0x41,
    0x08, 0x41, 0x00, 0x21, 0x00, 0x20, 0x00, 0x20, 0x00, 0x20, 0x00, 0x20, 0x00, 0x41, 0x08, 0x41,
    0x08, 0x41, 0x08, 0x41, 0x08, 0x41, 0x08, 0x41, 0x00, 0x20, 0x00, 0x20, 0x00, 0x20, 0x00, 0x20,
    0x00, 0x20, 0x00, 0x20, 0x00, 0x20, 0x00, 0x20, 0x00, 0x00, 0x00, 0x00, 0x00, 0x00, 0x00, 0x00,
    0x00, 0x00, 0x00, 0x00, 0x00, 0x00, 0x00, 0x00, 0x00, 0x20, 0x00, 0x20, 0x00, 0x21, 0x00, 0x41,
    0x08, 0x41, 0x08, 0x41, 0x00, 0x41, 0x00, 0x20, 0x00, 0x41, 0x00, 0x21, 0x00, 0x20, 0x00, 0x20,
    0x00, 0x20, 0x00, 0x20, 0x08, 0x41, 0x08, 0x41, 0x08, 0x41, 0x08, 0x41, 0x08, 0x41, 0x08, 0x41,
    0x08, 0x41, 0x08, 0x41, 0x00, 0x21, 0x00, 0x20, 0x00, 0x20, 0x00, 0x20, 0x08, 0x41, 0x08, 0x61,
    0x08, 0x61, 0x08, 0x61, 0x08, 0x41, 0x08, 0x41, 0x08, 0x61, 0x08, 0x41, 0x08, 0x41, 0x00, 0x21,
    0x00, 0x21, 0x00, 0x41, 0x08, 0x61, 0x08, 0x61, 0x08, 0x62, 0x08, 0x62, 0x08, 0x61, 0x08, 0x41,
    0x08, 0x61, 0x08, 0x41, 0x08, 0x41, 0x08, 0x41, 0x00, 0x41, 0x08, 0x41, 0x08, 0x61, 0x08, 0x62,
    0x08, 0x82, 0x08, 0x82, 0x08, 0x62, 0x08, 0x61, 0x08, 0x62, 0x08, 0x61, 0x08, 0x41, 0x08, 0x41,
    0x08, 0x41, 0x08, 0x41, 0x08, 0x62, 0x10, 0x82, 0x10, 0x82, 0x10, 0x82, 0x08, 0x62, 0x08, 0x61,
    0x08, 0x62, 0x08, 0x61, 0x08, 0x41, 0x08, 0x41, 0x08, 0x41, 0x08, 0x41, 0x08, 0x82, 0x10, 0x82,
    0x10, 0x82, 0x10, 0x82, 0x08, 0x82, 0x08, 0x61, 0x08, 0x82, 0x08, 0x61, 0x08, 0x61, 0x08, 0x41,
    0x08, 0x41, 0x08, 0x41, 0x08, 0x82, 0x10, 0x82, 0x10, 0x82, 0x10, 0x82, 0x10, 0x82, 0x08, 0x62,
    0x10, 0x82, 0x08, 0x62, 0x08, 0x61, 0x08, 0x41, 0x08, 0x41, 0x08, 0x41, 0x10, 0x82, 0x10, 0x82,
    0x10, 0x82, 0x10, 0x82, 0x10, 0x82, 0x08, 0x62, 0x10, 0x82, 0x08, 0x62, 0x08, 0x61, 0x08, 0x41,
    0x08, 0x41, 0x08, 0x41, 0x10, 0x82, 0x10, 0x82, 0x10, 0xA2, 0x10, 0x82, 0x10, 0x82, 0x08, 0x62,
    0x10, 0x82, 0x08, 0x62, 0x08, 0x61, 0x08, 0x41, 0x08, 0x41, 0x08, 0x41, 0x10, 0x82, 0x10, 0x82,
    0x10, 0xA2, 0x10, 0x82, 0x10, 0x82, 0x08, 0x62, 0x10, 0x82, 0x08, 0x62, 0x08, 0x61, 0x08, 0x41,
    0x08, 0x41, 0x08, 0x41, 0x10, 0x82, 0x10, 0x82, 0x10, 0x82, 0x10, 0x82, 0x10, 0x82, 0x08, 0x62,
    0x10, 0x82, 0x08, 0x62, 0x08, 0x61, 0x08, 0x41, 0x08, 0x41, 0x08, 0x41, 0x08, 0x82, 0x10, 0x82,
    0x10, 0x82, 0x10, 0x82, 0x08, 0x82, 0x08, 0x61, 0x08, 0x82, 0x08, 0x61, 0x08, 0x61, 0x08, 0x41,
    0x08, 0x41, 0x08, 0x41, 0x08, 0x82, 0x10, 0x82, 0x10, 0x82, 0x10, 0x82, 0x08, 0x62, 0x08, 0x61,
    0x08, 0x62, 0x08, 0x61, 0x08, 0x41, 0x08, 0x41, 0x08, 0x41, 0x08, 0x41, 0x08, 0x62, 0x08, 0x82,
    0x10, 0x82, 0x08, 0x82, 0x08, 0x62, 0x08, 0x61, 0x08, 0x62, 0x08, 0x61, 0x08, 0x41, 0x08, 0x41,
    0x08, 0x41, 0x08, 0x41, 0x08, 0x61, 0x08, 0x62, 0x08, 0x62, 0x08, 0x62, 0x08, 0x61, 0x08, 0x41,
    0x08, 0x61, 0x08, 0x41, 0x08, 0x41, 0x00, 0x41, 0x00, 0x21, 0x00, 0x41, 0x08, 0x61, 0x08, 0x61,
    0x08, 0x61, 0x08, 0x61, 0x08, 0x61, 0x08, 0x41, 0x08, 0x61, 0x08, 0x41, 0x08, 0x41, 0x00, 0x21,
    0x00, 0x20, 0x00, 0x20, 0x08, 0x41, 0x08, 0x61, 0x08, 0x61, 0x08, 0x41, 0x08, 0x41, 0x08, 0x41,
    0x08, 0x41, 0x08, 0x41, 0x00, 0x21, 0x00, 0x20, 0x00, 0x20, 0x00, 0x20, 0x08, 0x41, 0x08, 0x41,
    0x08, 0x41, 0x08, 0x41, 0x08, 0x41, 0x00, 0x21, 0x00, 0x41, 0x00, 0x20, 0x00, 0x20, 0x00, 0x20,
    0x00, 0x20, 0x00, 0x20, 0x00, 0x20, 0x00, 0x21, 0x00, 0x00, 0x00, 0x00, 0x00, 0x00, 0x00, 0x00,
    0x00, 0x00, 0x00, 0x00, 0x00, 0x00, 0x00, 0x00, 0x00, 0x20, 0x00, 0x20, 0x00, 0x41, 0x08, 0x41,
    0x08, 0x41, 0x00, 0x21, 0x00, 0x20, 0x00, 0x20, 0x08, 0x41, 0x08, 0x41, 0x00, 0x21, 0x00, 0x20,
    0x00, 0x20, 0x00, 0x20, 0x08, 0x41, 0x08, 0x41, 0x08, 0x41, 0x08, 0x41, 0x08, 0x41, 0x00, 0x21,
    0x08, 0x41, 0x08, 0x41, 0x08, 0x41, 0x00, 0x21, 0x00, 0x20, 0x00, 0x20, 0x08, 0x61, 0x08, 0x61,
    0x08, 0x61, 0x08, 0x41, 0x08, 0x41, 0x08, 0x41, 0x08, 0x61, 0x08, 0x61, 0x08, 0x41, 0x08, 0x41,
    0x00, 0x21, 0x00, 0x21, 0x08, 0x61, 0x08, 0x62, 0x08, 0x61, 0x08, 0x61, 0x08, 0x41, 0x08, 0x41,
    0x08, 0x62, 0x08, 0x61, 0x08, 0x41, 0x08, 0x41, 0x08, 0x41, 0x00, 0x41, 0x08, 0x62, 0x08, 0x82,
    0x08, 0x62, 0x08, 0x62, 0x08, 0x61, 0x08, 0x41, 0x08, 0x82, 0x08, 0x62, 0x08, 0x61, 0x08, 0x41,
    0x08, 0x41, 0x08, 0x41, 0x08, 0x82, 0x10, 0x82, 0x10, 0x82, 0x08, 0x62, 0x08, 0x61, 0x08, 0x41,
    0x10, 0x82, 0x08, 0x62, 0x08, 0x61, 0x08, 0x41, 0x08, 0x41, 0x08, 0x41, 0x10, 0x82, 0x10, 0x82,
    0x10, 0x82, 0x08, 0x82, 0x08, 0x61, 0x08, 0x61, 0x10, 0x82, 0x08, 0x82, 0x08, 0x61, 0x08, 0x61,
    0x08, 0x41, 0x08, 0x41, 0x10, 0x82, 0x10, 0x82, 0x10, 0x82, 0x10, 0x82, 0x08, 0x62, 0x08, 0x61,
    0x10, 0x82, 0x10, 0x82, 0x08, 0x62, 0x08, 0x61, 0x08, 0x41, 0x08, 0x41, 0x10, 0x82, 0x10, 0x82,
    0x10, 0x82, 0x10, 0x82, 0x08, 0x62, 0x08, 0x61, 0x10, 0x82, 0x10, 0x82, 0x08, 0x62, 0x08, 0x61,
    0x08, 0x41, 0x08, 0x41, 0x10, 0x82, 0x10, 0xA2, 0x10, 0x82, 0x10, 0x82, 0x08, 0x62, 0x08, 0x61,
    0x10, 0x82, 0x10, 0x82, 0x08, 0x62, 0x08, 0x61, 0x08, 0x41, 0x08, 0x41, 0x10, 0x82, 0x10, 0x82,
    0x10, 0x82, 0x10, 0x82, 0x08, 0x62, 0x08, 0x61, 0x10, 0x82, 0x10, 0x82, 0x08, 0x62, 0x08, 0x61,
    0x08, 0x41, 0x08, 0x41, 0x10, 0x82, 0x10, 0x82, 0x10, 0x82, 0x10, 0x82, 0x08, 0x62, 0x08, 0x61,
    0x10, 0x82, 0x10, 0x82, 0x08, 0x62, 0x08, 0x61, 0x08, 0x41, 0x08, 0x41, 0x10, 0x82, 0x10, 0x82,
    0x10, 0x82, 0x08, 0x82, 0x08, 0x61, 0x08, 0x61, 0x10, 0x82, 0x08, 0x82, 0x08, 0x61, 0x08, 0x41,
    0x08, 0x41, 0x08, 0x41, 0x10, 0x82, 0x10, 0x82, 0x10, 0x82, 0x08, 0x82, 0x08, 0x61, 0x08, 0x41,
    0x10, 0x82, 0x08, 0x62, 0x08, 0x61, 0x08, 0x41, 0x08, 0x41, 0x08, 0x41, 0x08, 0x82, 0x10, 0x82,
    0x08, 0x82, 0x08, 0x62, 0x08, 0x61, 0x08, 0x41, 0x08, 0x82, 0x08, 0x62, 0x08, 0x61, 0x08, 0x41,
    0x08, 0x41, 0x00, 0x41, 0x08, 0x62, 0x08, 0x62, 0x08, 0x62, 0x08, 0x61, 0x08, 0x41, 0x08, 0x41,
    0x08, 0x62, 0x08, 0x61, 0x08, 0x41, 0x08, 0x41, 0x00, 0x41, 0x00, 0x21, 0x08, 0x61, 0x08, 0x61,
    0x08, 0x61, 0x08, 0x61, 0x08, 0x41, 0x08, 0x41, 0x08, 0x61, 0x08, 0x41, 0x08, 0x41, 0x00, 0x41,
    0x00, 0x20, 0x00, 0x20, 0x08, 0x61, 0x08, 0x61, 0x08, 0x41, 0x08, 0x41, 0x08, 0x41, 0x00, 0x21,
    0x08, 0x41, 0x08, 0x41, 0x08, 0x41, 0x00, 0x20, 0x00, 0x20, 0x00, 0x20, 0x08, 0x41, 0x08, 0x41,
    0x08, 0x41, 0x08, 0x41, 0x00, 0x21, 0x00, 0x20, 0x08, 0x41, 0x00, 0x41, 0x00, 0x20, 0x00, 0x20,
    0x00, 0x20, 0x00, 0x20, 0x00, 0x21, 0x00, 0x21, 0x00, 0x00, 0x00, 0x00, 0x00, 0x00, 0x00, 0x00,
    0x00, 0x00, 0x00, 0x00, 0x00, 0x00, 0x00, 0x00, 0x00, 0x00, 0x00, 0x20, 0x00, 0x41, 0x00, 0x41,
    0x00, 0x21, 0x00, 0x20, 0x00, 0x20, 0x00, 0x20, 0x08, 0x41, 0x08, 0x41, 0x08, 0x41, 0x00, 0x21,
    0x00, 0x20, 0x00, 0x20, 0x08, 0x41, 0x08, 0x41, 0x08, 0x41, 0x08, 0x41, 0x00, 0x21, 0x00, 0x20,
    0x08, 0x41, 0x08, 0x41, 0x08, 0x41, 0x08, 0x41, 0x00, 0x21, 0x00, 0x20, 0x08, 0x61, 0x08, 0x61,
    0x08, 0x41, 0x08, 0x41, 0x08, 0x41, 0x00, 0x21, 0x08, 0x61, 0x08, 0x61, 0x08, 0x61, 0x08, 0x41,
    0x08, 0x41, 0x00, 0x41, 0x08, 0x62, 0x08, 0x61, 0x08, 0x61, 0x08, 0x41, 0x08, 0x41, 0x00, 0x41,
    0x08, 0x62, 0x08, 0x62, 0x08, 0x61, 0x08, 0x41, 0x08, 0x41, 0x08, 0x41, 0x08, 0x82, 0x08, 0x62,
    0x08, 0x61, 0x08, 0x61, 0x08, 0x41, 0x08, 0x41, 0x08, 0x82, 0x08, 0x82, 0x08, 0x62, 0x08, 0x61,
    0x08, 0x41, 0x08, 0x41, 0x10, 0x82, 0x08, 0x82, 0x08, 0x62, 0x08, 0x61, 0x08, 0x41, 0x08, 0x41,
    0x10, 0x82, 0x10, 0x82, 0x08, 0x62, 0x08, 0x61, 0x08, 0x41, 0x08, 0x41, 0x10, 0x82, 0x10, 0x82,
    0x08, 0x82, 0x08, 0x61, 0x08, 0x61, 0x08, 0x41, 0x10, 0x82, 0x10, 0x82, 0x08, 0x82, 0x08, 0x61,
    0x08, 0x61, 0x08, 0x41, 0x10, 0x82, 0x10, 0x82, 0x08, 0x82, 0x08, 0x62, 0x08, 0x61, 0x08, 0x41,
    0x10, 0x82, 0x10, 0x82, 0x10, 0x82, 0x08, 0x62, 0x08, 0x61, 0x08, 0x41, 0x10, 0x82, 0x10, 0x82,
    0x10, 0x82, 0x08, 0x62, 0x08, 0x61, 0x08, 0x41, 0x10, 0x82, 0x10, 0x82, 0x10, 0x82, 0x08, 0x62,
    0x08, 0x61, 0x08, 0x41, 0x10, 0x82, 0x10, 0x82, 0x10, 0x82, 0x08, 0x62, 0x08, 0x61, 0x08, 0x41,
    0x10, 0x82, 0x10, 0x82, 0x10, 0x82, 0x08, 0x62, 0x08, 0x61, 0x08, 0x41, 0x10, 0x82, 0x10, 0x82,
    0x10, 0x82, 0x08, 0x62, 0x08, 0x61, 0x08, 0x41, 0x10, 0x82, 0x10, 0x82, 0x10, 0x82, 0x08, 0x62,
    0x08, 0x61, 0x08, 0x41, 0x10, 0x82, 0x10, 0x82, 0x10, 0x82, 0x08, 0x62, 0x08, 0x61, 0x08, 0x41,
    0x10, 0x82, 0x10, 0x82, 0x10, 0x82, 0x08, 0x62, 0x08, 0x61, 0x08, 0x41, 0x10, 0x82, 0x10, 0x82,
    0x08, 0x82, 0x08, 0x61, 0x08, 0x61, 0x08, 0x41, 0x10, 0x82, 0x10, 0x82, 0x08, 0x82, 0x08, 0x61,
    0x08, 0x41, 0x08, 0x41, 0x10, 0x82, 0x10, 0x82, 0x08, 0x82, 0x08, 0x61, 0x08, 0x41, 0x08, 0x41,
    0x10, 0x82, 0x10, 0x82, 0x08, 0x62, 0x08, 0x61, 0x08, 0x41, 0x08, 0x41, 0x10, 0x82, 0x08, 0x82,
    0x08, 0x62, 0x08, 0x61, 0x08, 0x41, 0x08, 0x41, 0x08, 0x82, 0x08, 0x82, 0x08, 0x61, 0x08, 0x61,
    0x08, 0x41, 0x08, 0x41, 0x08, 0x62, 0x08, 0x62, 0x08, 0x61, 0x08, 0x41, 0x08, 0x41, 0x08, 0x41,
    0x08, 0x62, 0x08, 0x62, 0x08, 0x61, 0x08, 0x41, 0x08, 0x41, 0x00, 0x41, 0x08, 0x61, 0x08, 0x61,
    0x08, 0x61, 0x08, 0x41, 0x08, 0x41, 0x00, 0x21, 0x08, 0x61, 0x08, 0x61, 0x08, 0x41, 0x08, 0x41,
    0x00, 0x41, 0x00, 0x20, 0x08, 0x61, 0x08, 0x61, 0x08, 0x41, 0x08, 0x41, 0x00, 0x21, 0x00, 0x20,
    0x08, 0x41, 0x08, 0x41, 0x08, 0x41, 0x00, 0x41, 0x00, 0x20, 0x00, 0x20, 0x08, 0x41, 0x08, 0x41,
    0x08, 0x41, 0x00, 0x21, 0x00, 0x20, 0x00, 0x20, 0x08, 0x41, 0x08, 0x41, 0x00, 0x21, 0x00, 0x20,
    0x00, 0x20, 0x00, 0x20, 0x00, 0x41, 0x00, 0x00, 0x00, 0x00, 0x00, 0x00, 0x00, 0x00, 0x00, 0x00,
    0x00, 0x00, 0x00, 0x00, 0x00, 0x00, 0x00, 0x00, 0x00, 0x00, 0x00, 0x20, 0x00, 0x41, 0x00, 0x21,
    0x00, 0x20, 0x00, 0x20, 0x00, 0x20, 0x00, 0x20, 0x08, 0x41, 0x08, 0x41, 0x08, 0x41, 0x08, 0x41,
    0x00, 0x21, 0x00, 0x20, 0x08, 0x41, 0x08, 0x41, 0x00, 0x41, 0x00, 0x20, 0x00, 0x20, 0x00, 0x20,
    0x08, 0x41, 0x08, 0x41, 0x08, 0x41, 0x08, 0x41, 0x08, 0x41, 0x00, 0x41, 0x08, 0x61, 0x08, 0x41,
    0x08, 0x41, 0x00, 0x41, 0x00, 0x21, 0x00, 0x20, 0x08, 0x61, 0x08, 0x61, 0x08, 0x61, 0x08, 0x61,
    0x08, 0x41, 0x08, 0x41, 0x08, 0x61, 0x08, 0x61, 0x08, 0x41, 0x08, 0x41, 0x00, 0x41, 0x00, 0x21,
    0x08, 0x62, 0x08, 0x62, 0x08, 0x62, 0x08, 0x61, 0x08, 0x61, 0x08, 0x41, 0x08, 0x62, 0x08, 0x61,
    0x08, 0x61, 0x08, 0x41, 0x08, 0x41, 0x08, 0x41, 0x08, 0x82, 0x08, 0x82, 0x08, 0x82, 0x08, 0x62,
    0x08, 0x61, 0x08, 0x41, 0x08, 0x82, 0x08, 0x62, 0x08, 0x61, 0x08, 0x41, 0x08, 0x41, 0x08, 0x41,
    0x10, 0x82, 0x10, 0x82, 0x10, 0x82, 0x08, 0x62, 0x08, 0x61, 0x08, 0x41, 0x10, 0x82, 0x08, 0x82,
    0x08, 0x61, 0x08, 0x41, 0x08, 0x41, 0x08, 0x41, 0x10, 0x82, 0x10, 0x82, 0x10, 0x82, 0x08, 0x82,
    0x08, 0x61, 0x08, 0x61, 0x10, 0x82, 0x08, 0x82, 0x08, 0x62, 0x08, 0x61, 0x08, 0x41, 0x08, 0x41,
    0x10, 0x82, 0x10, 0x82, 0x10, 0x82, 0x10, 0x82, 0x08, 0x62, 0x08, 0x61, 0x10, 0x82, 0x10, 0x82,
    0x08, 0x62, 0x08, 0x61, 0x08, 0x41, 0x08, 0x41, 0x10, 0x82, 0x10, 0x82, 0x10, 0x82, 0x10, 0x82,
    0x08, 0x62, 0x08, 0x61, 0x10, 0x82, 0x10, 0x82, 0x08, 0x62, 0x08, 0x61, 0x08, 0x41, 0x08, 0x41,
    0x10, 0x82, 0x10, 0x82, 0x10, 0x82, 0x10, 0x82, 0x08, 0x62, 0x08, 0x61, 0x10, 0x82, 0x10, 0x82,
    0x08, 0x62, 0x08, 0x61, 0x08, 0x41, 0x08, 0x41, 0x10, 0x82, 0x10, 0x82, 0x10, 0x82, 0x10, 0x82,
    0x08, 0x62, 0x08, 0x61, 0x10, 0x82, 0x10, 0x82, 0x08, 0x62, 0x08, 0x61, 0x08, 0x41, 0x08, 0x41,
    0x10, 0x82, 0x10, 0x82, 0x10, 0x82, 0x08, 0x82, 0x08, 0x62, 0x08, 0x61, 0x10, 0x82, 0x08, 0x82,
    0x08, 0x61, 0x08, 0x61, 0x08, 0x41, 0x08, 0x41, 0x10, 0x82, 0x10, 0x82, 0x10, 0x82, 0x08, 0x82,
    0x08, 0x61, 0x08, 0x41, 0x10, 0x82, 0x08, 0x82, 0x08, 0x61, 0x08, 0x41, 0x08, 0x41, 0x08, 0x41,
    0x10, 0x82, 0x10, 0x82, 0x10, 0x82, 0x08, 0x62, 0x08, 0x61, 0x08, 0x41, 0x08, 0x82, 0x08, 0x62,
    0x08, 0x61, 0x08, 0x41, 0x08, 0x41, 0x08, 0x41, 0x08, 0x82, 0x08, 0x82, 0x08, 0x62, 0x08, 0x61,
    0x08, 0x61, 0x08, 0x41, 0x08, 0x62, 0x08, 0x61, 0x08, 0x41, 0x08, 0x41, 0x08, 0x41, 0x00, 0x41,
    0x08, 0x62, 0x08, 0x62, 0x08, 0x61, 0x08, 0x61, 0x08, 0x41, 0x08, 0x41, 0x08, 0x61, 0x08, 0x61,
    0x08, 0x41, 0x08, 0x41, 0x00, 0x21, 0x00, 0x20, 0x08, 0x61, 0x08, 0x61, 0x08, 0x61, 0x08, 0x41,
    0x08, 0x41, 0x00, 0x41, 0x08, 0x61, 0x08, 0x41, 0x08, 0x41, 0x00, 0x21, 0x00, 0x20, 0x00, 0x20,
    0x08, 0x41, 0x08, 0x41, 0x08, 0x41, 0x08, 0x41, 0x00, 0x41, 0x00, 0x20, 0x08, 0x41, 0x08, 0x41,
    0x00, 0x21, 0x00, 0x20, 0x00, 0x20, 0x00, 0x20, 0x08, 0x41, 0x08, 0x41, 0x08, 0x41, 0x00, 0x21,
    0x00, 0x20, 0x00, 0x20, 0x00, 0x21, 0x00, 0x00, 0x00, 0x00, 0x00, 0x00, 0x00, 0x00, 0x00, 0x00,
    0x00, 0x00, 0x00, 0x00, 0x00, 0x00, 0x00, 0x00, 0x00, 0x00, 0x00, 0x20, 0x00, 0x20, 0x00, 0x20,
    0x00, 0x20, 0x00, 0x20, 0x00, 0x20, 0x00, 0x20, 0x00, 0x41, 0x08, 0x41, 0x08, 0x41, 0x08, 0x41,
    0x08, 0x41, 0x00, 0x21, 0x08, 0x41, 0x00, 0x41, 0x00, 0x20, 0x00, 0x20, 0x00, 0x20, 0x00, 0x20,
    0x08, 0x41, 0x08, 0x41, 0x08, 0x41, 0x08, 0x41, 0x08, 0x41, 0x08, 0x41, 0x08, 0x41, 0x08, 0x41,
    0x00, 0x41, 0x00, 0x21, 0x00, 0x20, 0x00, 0x21, 0x08, 0x41, 0x08, 0x61, 0x08, 0x61, 0x08, 0x61,
    0x08, 0x61, 0x08, 0x41, 0x08, 0x61, 0x08, 0x41, 0x08, 0x41, 0x00, 0x41, 0x00, 0x21, 0x00, 0x41,
    0x08, 0x61, 0x08, 0x62, 0x08, 0x62, 0x08, 0x62, 0x08, 0x61, 0x08, 0x61, 0x08, 0x61, 0x08, 0x61,
    0x08, 0x41, 0x08, 0x41, 0x08, 0x41, 0x08, 0x41, 0x08, 0x62, 0x08, 0x82, 0x08, 0x82, 0x08, 0x82,
    0x08, 0x62, 0x08, 0x61, 0x08, 0x62, 0x08, 0x61, 0x08, 0x41, 0x08, 0x41, 0x08, 0x41, 0x08, 0x41,
    0x08, 0x62, 0x10, 0x82, 0x10, 0x82, 0x10, 0x82, 0x08, 0x62, 0x08, 0x61, 0x08, 0x82, 0x08, 0x61,
    0x08, 0x41, 0x08, 0x41, 0x08, 0x41, 0x08, 0x41, 0x08, 0x82, 0x10, 0x82, 0x10, 0x82, 0x10, 0x82,
    0x08, 0x82, 0x08, 0x61, 0x08, 0x82, 0x08, 0x62, 0x08, 0x61, 0x08, 0x41, 0x08, 0x41, 0x08, 0x41,
    0x10, 0x82, 0x10, 0x82, 0x10, 0x82, 0x10, 0x82, 0x10, 0x82, 0x08, 0x62, 0x10, 0x82, 0x08, 0x62,
    0x08, 0x61, 0x08, 0x41, 0x08, 0x41, 0x08, 0x41, 0x10, 0x82, 0x10, 0x82, 0x10, 0x82, 0x10, 0x82,
    0x10, 0x82, 0x08, 0x62, 0x10, 0x82, 0x08, 0x62, 0x08, 0x61, 0x08, 0x41, 0x08, 0x41, 0x08, 0x41,
    0x10, 0x82, 0x10, 0x82, 0x10, 0x82, 0x10, 0x82, 0x10, 0x82, 0x08, 0x62, 0x10, 0x82, 0x08, 0x62,
    0x08, 0x61, 0x08, 0x41, 0x08, 0x41, 0x08, 0x41, 0x10, 0x82, 0x10, 0x82, 0x10, 0x82, 0x10, 0x82,
    0x10, 0x82, 0x08, 0x62, 0x10, 0x82, 0x08, 0x62, 0x08, 0x61, 0x08, 0x41, 0x08, 0x41, 0x08, 0x41,
    0x08, 0x82, 0x10, 0x82, 0x10, 0x82, 0x10, 0x82, 0x08, 0x82, 0x08, 0x61, 0x08, 0x82, 0x08, 0x61,
    0x08, 0x61, 0x08, 0x41, 0x08, 0x41, 0x08, 0x41, 0x08, 0x82, 0x10, 0x82, 0x10, 0x82, 0x10, 0x82,
    0x08, 0x82, 0x08, 0x61, 0x08, 0x82, 0x08, 0x61, 0x08, 0x41, 0x08, 0x41, 0x08, 0x41, 0x08, 0x41,
    0x08, 0x62, 0x10, 0x82, 0x10, 0x82, 0x08, 0x82, 0x08, 0x62, 0x08, 0x61, 0x08, 0x62, 0x08, 0x61,
    0x08, 0x41, 0x08, 0x41, 0x08, 0x41, 0x08, 0x41, 0x08, 0x62, 0x08, 0x62, 0x08, 0x82, 0x08, 0x62,
    0x08, 0x61, 0x08, 0x61, 0x08, 0x61, 0x08, 0x41, 0x08, 0x41, 0x08, 0x41, 0x00, 0x41, 0x00, 0x41,
    0x08, 0x61, 0x08, 0x61, 0x08, 0x62, 0x08, 0x61, 0x08, 0x61, 0x08, 0x41, 0x08, 0x61, 0x08, 0x41,
    0x08, 0x41, 0x00, 0x21, 0x00, 0x20, 0x00, 0x21, 0x08, 0x41, 0x08, 0x61, 0x08, 0x61, 0x08, 0x61,
    0x08, 0x41, 0x08, 0x41, 0x08, 0x41, 0x08, 0x41, 0x00, 0x21, 0x00, 0x20, 0x00, 0x20, 0x00, 0x20,
    0x08, 0x41, 0x08, 0x41, 0x08, 0x41, 0x08, 0x41, 0x08, 0x41, 0x00, 0x41, 0x08, 0x41, 0x00, 0x21,
    0x00, 0x20, 0x00, 0x20, 0x00, 0x20, 0x00, 0x20, 0x00, 0x41, 0x08, 0x41, 0x08, 0x41, 0x00, 0x41,
    0x00, 0x21, 0x00, 0x20, 0x00, 0x20, 0x00, 0x00, 0x00, 0x00, 0x00, 0x00, 0x00, 0x00, 0x00, 0x00,
    0x00, 0x00, 0x00, 0x00, 0x00, 0x00, 0x00, 0x00, 0x00, 0x00, 0x00, 0x00, 0x00, 0x20, 0x00, 0x20,
    0x00, 0x20, 0x00, 0x20, 0x00, 0x20, 0x00, 0x20, 0x00, 0x20, 0x00, 0x41, 0x08, 0x41, 0x08, 0x41,
    0x08, 0x41, 0x08, 0x41, 0x00, 0x21, 0x00, 0x20, 0x00, 0x20, 0x00, 0x20, 0x00, 0x20, 0x00, 0x21,
    0x08, 0x41, 0x08, 0x41, 0x08, 0x41, 0x08, 0x61, 0x08, 0x41, 0x08, 0x41, 0x08, 0x41, 0x00, 0x41,
    0x00, 0x20, 0x00, 0x20, 0x00, 0x21, 0x08, 0x41, 0x08, 0x41, 0x08, 0x61, 0x08, 0x61, 0x08, 0x61,
    0x08, 0x61, 0x08, 0x61, 0x08, 0x41, 0x08, 0x41, 0x00, 0x41, 0x00, 0x21, 0x00, 0x41, 0x08, 0x41,
    0x08, 0x41, 0x08, 0x61, 0x08, 0x62, 0x08, 0x62, 0x08, 0x62, 0x08, 0x61, 0x08, 0x61, 0x08, 0x41,
    0x08, 0x41, 0x08, 0x41, 0x08, 0x41, 0x08, 0x41, 0x08, 0x61, 0x08, 0x62, 0x08, 0x82, 0x08, 0x82,
    0x08, 0x82, 0x08, 0x62, 0x08, 0x61, 0x08, 0x41, 0x08, 0x41, 0x08, 0x41, 0x08, 0x41, 0x08, 0x41,
    0x08, 0x61, 0x08, 0x62, 0x10, 0x82, 0x10, 0x82, 0x10, 0x82, 0x08, 0x82, 0x08, 0x61, 0x08, 0x41,
    0x08, 0x41, 0x08, 0x41, 0x08, 0x41, 0x08, 0x41, 0x08, 0x61, 0x08, 0x82, 0x10, 0x82, 0x10, 0x82,
    0x10, 0x82, 0x08, 0x82, 0x08, 0x61, 0x08, 0x61, 0x08, 0x41, 0x08, 0x41, 0x08, 0x41, 0x08, 0x61,
    0x08, 0x62, 0x10, 0x82, 0x10, 0x82, 0x10, 0x82, 0x10, 0x82, 0x10, 0x82, 0x08, 0x62, 0x08, 0x61,
    0x08, 0x41, 0x08, 0x41, 0x08, 0x41, 0x08, 0x61, 0x08, 0x62, 0x10, 0x82, 0x10, 0x82, 0x10, 0x82,
    0x10, 0x82, 0x10, 0x82, 0x08, 0x62, 0x08, 0x61, 0x08, 0x41, 0x08, 0x41, 0x08, 0x41, 0x08, 0x61,
    0x08, 0x62, 0x10, 0x82, 0x10, 0x82, 0x10, 0x82, 0x10, 0x82, 0x10, 0x82, 0x08, 0x62, 0x08, 0x61,
    0x08, 0x41, 0x08, 0x41, 0x08, 0x41, 0x08, 0x61, 0x08, 0x62, 0x10, 0x82, 0x10, 0x82, 0x10, 0x82,
    0x10, 0x82, 0x10, 0x82, 0x08, 0x62, 0x08, 0x61, 0x08, 0x41, 0x08, 0x41, 0x08, 0x41, 0x08, 0x61,
    0x08, 0x62, 0x08, 0x82, 0x10, 0x82, 0x10, 0x82, 0x10, 0x82, 0x08, 0x82, 0x08, 0x61, 0x08, 0x61,
    0x08, 0x41, 0x08, 0x41, 0x08, 0x41, 0x08, 0x41, 0x08, 0x61, 0x08, 0x82, 0x10, 0x82, 0x10, 0x82,
    0x10, 0x82, 0x08, 0x82, 0x08, 0x61, 0x08, 0x41, 0x08, 0x41, 0x08, 0x41, 0x08, 0x41, 0x08, 0x41,
    0x08, 0x61, 0x08, 0x62, 0x08, 0x82, 0x10, 0x82, 0x08, 0x82, 0x08, 0x62, 0x08, 0x61, 0x08, 0x41,
    0x08, 0x41, 0x08, 0x41, 0x08, 0x41, 0x08, 0x41, 0x08, 0x61, 0x08, 0x61, 0x08, 0x62, 0x08, 0x82,
    0x08, 0x62, 0x08, 0x61, 0x08, 0x61, 0x08, 0x41, 0x08, 0x41, 0x00, 0x41, 0x00, 0x41, 0x08, 0x41,
    0x08, 0x41, 0x08, 0x61, 0x08, 0x61, 0x08, 0x62, 0x08, 0x61, 0x08, 0x61, 0x08, 0x41, 0x08, 0x41,
    0x00, 0x21, 0x00, 0x20, 0x00, 0x21, 0x08, 0x41, 0x08, 0x41, 0x08, 0x41, 0x08, 0x61, 0x08, 0x61,
    0x08, 0x61, 0x08, 0x41, 0x08, 0x41, 0x00, 0x21, 0x00, 0x20, 0x00, 0x20, 0x00, 0x20, 0x00, 0x21,
    0x08, 0x41, 0x08, 0x41, 0x08, 0x41, 0x08, 0x41, 0x08, 0x41, 0x08, 0x41, 0x00, 0x21, 0x00, 0x20,
    0x00, 0x20, 0x00, 0x20, 0x00, 0x20, 0x00, 0x20, 0x00, 0x20, 0x00, 0x21, 0x00, 0x41, 0x08, 0x41,
    0x00, 0x41, 0x00, 0x20, 0x00, 0x00, 0x00, 0x00, 0x00, 0x00, 0x00, 0x00, 0x00, 0x00, 0x00, 0x00,
    0x00, 0x00, 0x00, 0x00, 0x00, 0x00, 0x00, 0x00, 0x00, 0x00, 0x00, 0x00, 0x00, 0x20, 0x00, 0x20,
    0x00, 0x20, 0x00, 0x20, 0x00, 0x20, 0x00, 0x20, 0x00, 0x41, 0x08, 0x41, 0x08, 0x41, 0x08, 0x41,
    0x08, 0x41, 0x00, 0x21, 0x08, 0x41, 0x00, 0x41, 0x00, 0x20, 0x00, 0x20, 0x00, 0x20, 0x00, 0x20,
    0x08, 0x41, 0x08, 0x41, 0x08, 0x41, 0x08, 0x41, 0x08, 0x41, 0x08, 0x41, 0x08, 0x41, 0x08, 0x41,
    0x00, 0x41, 0x00, 0x20, 0x00, 0x20, 0x00, 0x21, 0x08, 0x41, 0x08, 0x61, 0x08, 0x61, 0x08, 0x61,
    0x08, 0x61, 0x08, 0x41, 0x08, 0x61, 0x08, 0x41, 0x08, 0x41, 0x00, 0x41, 0x00, 0x21, 0x00, 0x41,
    0x08, 0x61, 0x08, 0x62, 0x08, 0x62, 0x08, 0x62, 0x08, 0x61, 0x08, 0x41, 0x08, 0x61, 0x08, 0x61,
    0x08, 0x41, 0x08, 0x41, 0x08, 0x41, 0x08, 0x41, 0x08, 0x62, 0x08, 0x82, 0x08, 0x82, 0x08, 0x82,
    0x08, 0x62, 0x08, 0x61, 0x08, 0x62, 0x08, 0x61, 0x08, 0x41, 0x08, 0x41, 0x08, 0x41, 0x08, 0x41,
    0x08, 0x62, 0x10, 0x82, 0x10, 0x82, 0x10, 0x82, 0x08, 0x62, 0x08, 0x61, 0x08, 0x82, 0x08, 0x61,
    0x08, 0x41, 0x08, 0x41, 0x08, 0x41, 0x08, 0x41, 0x08, 0x82, 0x10, 0x82, 0x10, 0x82, 0x10, 0x82,
    0x08, 0x82, 0x08, 0x61, 0x08, 0x82, 0x08, 0x61, 0x08, 0x61, 0x08, 0x41, 0x08, 0x41, 0x08, 0x41,
    0x08, 0x82, 0x10, 0x82, 0x10, 0x82, 0x10, 0x82, 0x10, 0x82, 0x08, 0x62, 0x10, 0x82, 0x08, 0x62,
    0x08, 0x61, 0x08, 0x41, 0x08, 0x41, 0x08, 0x41, 0x10, 0x82, 0x10, 0x82, 0x10, 0x82, 0x10, 0x82,
    0x10, 0x82, 0x08, 0x62, 0x10, 0x82, 0x08, 0x62, 0x08, 0x61, 0x08, 0x41, 0x08, 0x41, 0x08, 0x41,
    0x10, 0x82, 0x10, 0x82, 0x10, 0x82, 0x10, 0x82, 0x10, 0x82, 0x08, 0x62, 0x10, 0x82, 0x08, 0x62,
    0x08, 0x61, 0x08, 0x41, 0x08, 0x41, 0x08, 0x41, 0x10, 0x82, 0x10, 0x82, 0x10, 0x82, 0x10, 0x82,
    0x10, 0x82, 0x08, 0x62, 0x10, 0x82, 0x08, 0x62, 0x08, 0x61, 0x08, 0x41, 0x08, 0x41, 0x08, 0x41,
    0x08, 0x82, 0x10, 0x82, 0x10, 0x82, 0x10, 0x82, 0x08, 0x82, 0x08, 0x61, 0x08, 0x82, 0x08, 0x61,
    0x08, 0x61, 0x08, 0x41, 0x08, 0x41, 0x08, 0x41, 0x08, 0x82, 0x10, 0x82, 0x10, 0x82, 0x10, 0x82,
    0x08, 0x82, 0x08, 0x61, 0x08, 0x62, 0x08, 0x61, 0x08, 0x41, 0x08, 0x41, 0x08, 0x41, 0x08, 0x41,
    0x08, 0x62, 0x08, 0x82, 0x10, 0x82, 0x08, 0x82, 0x08, 0x62, 0x08, 0x61, 0x08, 0x62, 0x08, 0x61,
    0x08, 0x41, 0x08, 0x41, 0x08, 0x41, 0x08, 0x41, 0x08, 0x61, 0x08, 0x62, 0x08, 0x82, 0x08, 0x62,
    0x08, 0x61, 0x08, 0x61, 0x08, 0x61, 0x08, 0x41, 0x08, 0x41, 0x08, 0x41, 0x00, 0x21, 0x00, 0x41,
    0x08, 0x61, 0x08, 0x61, 0x08, 0x62, 0x08, 0x61, 0x08, 0x61, 0x08, 0x41, 0x08, 0x61, 0x08, 0x41,
    0x08, 0x41, 0x00, 0x21, 0x00, 0x20, 0x00, 0x21, 0x08, 0x41, 0x08, 0x61, 0x08, 0x61, 0x08, 0x61,
    0x08, 0x41, 0x08, 0x41, 0x08, 0x41, 0x08, 0x41, 0x00, 0x21, 0x00, 0x20, 0x00, 0x20, 0x00, 0x20,
    0x08, 0x41, 0x08, 0x41, 0x08, 0x41, 0x08, 0x41, 0x08, 0x41, 0x00, 0x21, 0x08, 0x41, 0x00, 0x21,
    0x00, 0x20, 0x00, 0x20, 0x00, 0x20, 0x00, 0x20, 0x00, 0x41, 0x08, 0x41, 0x08, 0x41, 0x00, 0x41,
    0x00, 0x21, 0x00, 0x20, 0x00, 0x00, 0x00, 0x00, 0x00, 0x00, 0x00, 0x00, 0x00, 0x00, 0x00, 0x00,
    0x00, 0x00, 0x00, 0x00, 0x00, 0x00, 0x00, 0x00, 0x00, 0x00, 0x00, 0x00, 0x00, 0x21, 0x00, 0x20,
    0x00, 0x20, 0x00, 0x20, 0x00, 0x20, 0x00, 0x20, 0x08, 0x41, 0x08, 0x41, 0x08, 0x41, 0x08, 0x41,
    0x00, 0x21, 0x00, 0x20, 0x08, 0x41, 0x08, 0x41, 0x00, 0x41, 0x00, 0x20, 0x00, 0x20, 0x00, 0x20,
    0x08, 0x41, 0x08, 0x41, 0x08, 0x41, 0x08, 0x41, 0x08, 0x41, 0x00, 0x21, 0x08, 0x61, 0x08, 0x41,
    0x08, 0x41, 0x00, 0x41, 0x00, 0x20, 0x00, 0x20, 0x08, 0x61, 0x08, 0x61, 0x08, 0x61, 0x08, 0x61,
    0x08, 0x41, 0x08, 0x41, 0x08, 0x61, 0x08, 0x61, 0x08, 0x41, 0x08, 0x41, 0x00, 0x41, 0x00, 0x21,
    0x08, 0x62, 0x08, 0x62, 0x08, 0x62, 0x08, 0x61, 0x08, 0x41, 0x08, 0x41, 0x08, 0x62, 0x08, 0x61,
    0x08, 0x61, 0x08, 0x41, 0x08, 0x41, 0x08, 0x41, 0x08, 0x62, 0x08, 0x82, 0x08, 0x82, 0x08, 0x62,
    0x08, 0x61, 0x08, 0x41, 0x08, 0x82, 0x08, 0x62, 0x08, 0x61, 0x08, 0x41, 0x08, 0x41, 0x08, 0x41,
    0x10, 0x82, 0x10, 0x82, 0x10, 0x82, 0x08, 0x62, 0x08, 0x61, 0x08, 0x41, 0x10, 0x82, 0x08, 0x82,
    0x08, 0x61, 0x08, 0x41, 0x08, 0x41, 0x08, 0x41, 0x10, 0x82, 0x10, 0x82, 0x10, 0x82, 0x08, 0x82,
    0x08, 0x61, 0x08, 0x61, 0x10, 0x82, 0x08, 0x82, 0x08, 0x61, 0x08, 0x61, 0x08, 0x41, 0x08, 0x41,
    0x10, 0x82, 0x10, 0x82, 0x10, 0x82, 0x08, 0x82, 0x08, 0x62, 0x08, 0x61, 0x10, 0x82, 0x10, 0x82,
    0x08, 0x62, 0x08, 0x61, 0x08, 0x41, 0x08, 0x41, 0x10, 0x82, 0x10, 0x82, 0x10, 0x82, 0x10, 0x82,
    0x08, 0x62, 0x08, 0x61, 0x10, 0x82, 0x10, 0x82, 0x08, 0x62, 0x08, 0x61, 0x08, 0x41, 0x08, 0x41,
    0x10, 0x82, 0x10, 0x82, 0x10, 0x82, 0x10, 0x82, 0x08, 0x62, 0x08, 0x61, 0x10, 0x82, 0x10, 0x82,
    0x08, 0x62, 0x08, 0x61, 0x08, 0x41, 0x08, 0x41, 0x10, 0x82, 0x10, 0x82, 0x10, 0x82, 0x10, 0x82,
    0x08, 0x62, 0x08, 0x61, 0x10, 0x82, 0x08, 0x82, 0x08, 0x62, 0x08, 0x61, 0x08, 0x41, 0x08, 0x41,
    0x10, 0x82, 0x10, 0x82, 0x10, 0x82, 0x08, 0x82, 0x08, 0x61, 0x08, 0x61, 0x10, 0x82, 0x08, 0x82,
    0x08, 0x61, 0x08, 0x41, 0x08, 0x41, 0x08, 0x41, 0x10, 0x82, 0x10, 0x82, 0x10, 0x82, 0x08, 0x82,
    0x08, 0x61, 0x08, 0x41, 0x10, 0x82, 0x08, 0x62, 0x08, 0x61, 0x08, 0x41, 0x08, 0x41, 0x08, 0x41,
    0x08, 0x82, 0x10, 0x82, 0x08, 0x82, 0x08, 0x62, 0x08, 0x61, 0x08, 0x41, 0x08, 0x82, 0x08, 0x62,
    0x08, 0x61, 0x08, 0x41, 0x08, 0x41, 0x08, 0x41, 0x08, 0x62, 0x08, 0x82, 0x08, 0x62, 0x08, 0x61,
    0x08, 0x61, 0x08, 0x41, 0x08, 0x62, 0x08, 0x61, 0x08, 0x41, 0x08, 0x41, 0x00, 0x41, 0x00, 0x21,
    0x08, 0x61, 0x08, 0x62, 0x08, 0x61, 0x08, 0x61, 0x08, 0x41, 0x08, 0x41, 0x08, 0x61, 0x08, 0x61,
    0x08, 0x41, 0x08, 0x41, 0x00, 0x21, 0x00, 0x20, 0x08, 0x61, 0x08, 0x61, 0x08, 0x61, 0x08, 0x41,
    0x08, 0x41, 0x00, 0x21, 0x08, 0x41, 0x08, 0x41, 0x08, 0x41, 0x00, 0x21, 0x00, 0x20, 0x00, 0x20,
    0x08, 0x41, 0x08, 0x41, 0x08, 0x41, 0x08, 0x41, 0x00, 0x41, 0x00, 0x20, 0x08, 0x41, 0x08, 0x41,
    0x00, 0x21, 0x00, 0x20, 0x00, 0x20, 0x00, 0x20, 0x08, 0x41, 0x08, 0x41, 0x00, 0x41, 0x00, 0x21,
    0x00, 0x20, 0x00, 0x20, 0x00, 0x00, 0x00, 0x00, 0x00, 0x00, 0x00, 0x00, 0x00, 0x00, 0x00, 0x00,
    0x00, 0x00, 0x00, 0x00, 0x00, 0x00, 0x00, 0x00, 0x00, 0x00, 0x00, 0x00, 0x00, 0x00, 0x00, 0x21,
    0x00, 0x21, 0x00, 0x20, 0x00, 0x20, 0x00, 0x20, 0x08, 0x41, 0x08, 0x41, 0x00, 0x41, 0x00, 0x21,
    0x00, 0x20, 0x00, 0x20, 0x08, 0x41, 0x08, 0x41, 0x08, 0x41, 0x00, 0x41, 0x00, 0x20, 0x00, 0x20,
    0x08, 0x41, 0x08, 0x41, 0x08, 0x41, 0x08, 0x41, 0x00, 0x21, 0x00, 0x20, 0x08, 0x61, 0x08, 0x61,
    0x08, 0x41, 0x08, 0x41, 0x00, 0x41, 0x00, 0x21, 0x08, 0x61, 0x08, 0x61, 0x08, 0x41, 0x08, 0x41,
    0x08, 0x41, 0x00, 0x21, 0x08, 0x61, 0x08, 0x61, 0x08, 0x61, 0x08, 0x41, 0x08, 0x41, 0x00, 0x41,
    0x08, 0x62, 0x08, 0x62, 0x08, 0x61, 0x08, 0x41, 0x08, 0x41, 0x08, 0x41, 0x08, 0x62, 0x08, 0x62,
    0x08, 0x61, 0x08, 0x61, 0x08, 0x41, 0x08, 0x41, 0x08, 0x82, 0x08, 0x62, 0x08, 0x62, 0x08, 0x61,
    0x08, 0x41, 0x08, 0x41, 0x08, 0x82, 0x08, 0x82, 0x08, 0x62, 0x08, 0x61, 0x08, 0x41, 0x08, 0x41,
    0x10, 0x82, 0x10, 0x82, 0x08, 0x62, 0x08, 0x61, 0x08, 0x41, 0x08, 0x41, 0x10, 0x82, 0x10, 0x82,
    0x08, 0x82, 0x08, 0x61, 0x08, 0x41, 0x08, 0x41, 0x10, 0x82, 0x10, 0x82, 0x08, 0x82, 0x08, 0x61,
    0x08, 0x61, 0x08, 0x41, 0x10, 0x82, 0x10, 0x82, 0x08, 0x82, 0x08, 0x61, 0x08, 0x61, 0x08, 0x41,
    0x10, 0x82, 0x10, 0x82, 0x08, 0x82, 0x08, 0x62, 0x08, 0x61, 0x08, 0x41, 0x10, 0x82, 0x10, 0x82,
    0x10, 0x82, 0x08, 0x62, 0x08, 0x61, 0x08, 0x41, 0x10, 0x82, 0x10, 0x82, 0x10, 0x82, 0x08, 0x62,
    0x08, 0x61, 0x08, 0x41, 0x10, 0x82, 0x10, 0x82, 0x10, 0x82, 0x08, 0x62, 0x08, 0x61, 0x08, 0x41,
    0x10, 0x82, 0x10, 0x82, 0x10, 0x82, 0x08, 0x62, 0x08, 0x61, 0x08, 0x41, 0x10, 0x82, 0x10, 0x82,
    0x10, 0x82, 0x08, 0x62, 0x08, 0x61, 0x08, 0x41, 0x10, 0x82, 0x10, 0x82, 0x10, 0x82, 0x08, 0x62,
    0x08, 0x61, 0x08, 0x41, 0x10, 0x82, 0x10, 0x82, 0x08, 0x82, 0x08, 0x62, 0x08, 0x61, 0x08, 0x41,
    0x10, 0x82, 0x10, 0x82, 0x08, 0x82, 0x08, 0x61, 0x08, 0x61, 0x08, 0x41, 0x10, 0x82, 0x10, 0x82,
    0x08, 0x82, 0x08, 0x61, 0x08, 0x41, 0x08, 0x41, 0x10, 0x82, 0x10, 0x82, 0x08, 0x82, 0x08, 0x61,
    0x08, 0x41, 0x08, 0x41, 0x10, 0x82, 0x10, 0x82, 0x08, 0x62, 0x08, 0x61, 0x08, 0x41, 0x08, 0x41,
    0x10, 0x82, 0x08, 0x82, 0x08, 0x62, 0x08, 0x61, 0x08, 0x41, 0x08, 0x41, 0x08, 0x82, 0x08, 0x82,
    0x08, 0x62, 0x08, 0x61, 0x08, 0x41, 0x08, 0x41, 0x08, 0x82, 0x08, 0x62, 0x08, 0x61, 0x08, 0x61,
    0x08, 0x41, 0x08, 0x41, 0x08, 0x62, 0x08, 0x62, 0x08, 0x61, 0x08, 0x41, 0x08, 0x41, 0x00, 0x41,
    0x08, 0x62, 0x08, 0x61, 0x08, 0x61, 0x08, 0x41, 0x08, 0x41, 0x00, 0x21, 0x08, 0x61, 0x08, 0x61,
    0x08, 0x61, 0x08, 0x41, 0x08, 0x41, 0x00, 0x21, 0x08, 0x61, 0x08, 0x61, 0x08, 0x41, 0x08, 0x41,
    0x00, 0x41, 0x00, 0x20, 0x08, 0x61, 0x08, 0x41, 0x08, 0x41, 0x08, 0x41, 0x00, 0x21, 0x00, 0x20,
    0x08, 0x41, 0x08, 0x41, 0x08, 0x41, 0x00, 0x41, 0x00, 0x20, 0x00, 0x20, 0x08, 0x41, 0x08, 0x41,
    0x08, 0x41, 0x00, 0x20, 0x00, 0x20, 0x00, 0x20, 0x08, 0x41, 0x00, 0x41, 0x00, 0x21, 0x00, 0x20,
    0x00, 0x20, 0x00, 0x00, 0x00, 0x00, 0x00, 0x00, 0x00, 0x00, 0x00, 0x00, 0x00, 0x00, 0x00, 0x00,
    0x00, 0x00, 0x00, 0x00, 0x00, 0x00, 0x00, 0x00, 0x00, 0x00, 0x00, 0x00, 0x00, 0x00, 0x00, 0x41,
    0x00, 0x41, 0x00, 0x21, 0x00, 0x20, 0x00, 0x20, 0x08, 0x41, 0x00, 0x41, 0x00, 0x20, 0x00, 0x20,
    0x00, 0x20, 0x00, 0x20, 0x08, 0x41, 0x08, 0x41, 0x08, 0x41, 0x08, 0x41, 0x00, 0x41, 0x00, 0x20,
    0x08, 0x41, 0x08, 0x41, 0x08, 0x41, 0x00, 0x21, 0x00, 0x20, 0x00, 0x20, 0x08, 0x41, 0x08, 0x61,
    0x08, 0x61, 0x08, 0x41, 0x08, 0x41, 0x00, 0x41, 0x08, 0x61, 0x08, 0x41, 0x08, 0x41, 0x08, 0x41,
    0x00, 0x21, 0x00, 0x21, 0x08, 0x61, 0x08, 0x61, 0x08, 0x61, 0x08, 0x61, 0x08, 0x41, 0x08, 0x41,
    0x08, 0x61, 0x08, 0x61, 0x08, 0x41, 0x08, 0x41, 0x08, 0x41, 0x00, 0x41, 0x08, 0x62, 0x08, 0x62,
    0x08, 0x62, 0x08, 0x61, 0x08, 0x61, 0x08, 0x41, 0x08, 0x62, 0x08, 0x61, 0x08, 0x61, 0x08, 0x41,
    0x08, 0x41, 0x08, 0x41, 0x08, 0x82, 0x10, 0x82, 0x08, 0x82, 0x08, 0x62, 0x08, 0x61, 0x08, 0x41,
    0x08, 0x82, 0x08, 0x62, 0x08, 0x61, 0x08, 0x41, 0x08, 0x41, 0x08, 0x41, 0x10, 0x82, 0x10, 0x82,
    0x10, 0x82, 0x08, 0x82, 0x08, 0x61, 0x08, 0x41, 0x10, 0x82, 0x08, 0x82, 0x08, 0x61, 0x08, 0x41,
    0x08, 0x41, 0x08, 0x41, 0x10, 0x82, 0x10, 0x82, 0x10, 0x82, 0x08, 0x82, 0x08, 0x61, 0x08, 0x61,
    0x10, 0x82, 0x08, 0x82, 0x08, 0x62, 0x08, 0x61, 0x08, 0x41, 0x08, 0x41, 0x10, 0x82, 0x10, 0x82,
    0x10, 0x82, 0x10, 0x82, 0x08, 0x62, 0x08, 0x61, 0x10, 0x82, 0x10, 0x82, 0x08, 0x62, 0x08, 0x61,
    0x08, 0x41, 0x08, 0x41, 0x10, 0x82, 0x10, 0x82, 0x10, 0x82, 0x10, 0x82, 0x08, 0x62, 0x08, 0x61,
    0x10, 0x82, 0x10, 0x82, 0x08, 0x62, 0x08, 0x61, 0x08, 0x41, 0x08, 0x41, 0x10, 0x82, 0x10, 0x82,
    0x10, 0x82, 0x10, 0x82, 0x08, 0x62, 0x08, 0x61, 0x10, 0x82, 0x10, 0x82, 0x08, 0x62, 0x08, 0x61,
    0x08, 0x41, 0x08, 0x41, 0x10, 0x82, 0x10, 0x82, 0x10, 0x82, 0x08, 0x82, 0x08, 0x61, 0x08, 0x61,
    0x10, 0x82, 0x08, 0x82, 0x08, 0x61, 0x08, 0x61, 0x08, 0x41, 0x08, 0x41, 0x10, 0x82, 0x10, 0x82,
    0x10, 0x82, 0x08, 0x82, 0x08, 0x61, 0x08, 0x41, 0x10, 0x82, 0x08, 0x82, 0x08, 0x61, 0x08, 0x41,
    0x08, 0x41, 0x08, 0x41, 0x10, 0x82, 0x10, 0x82, 0x10, 0x82, 0x08, 0x62, 0x08, 0x61, 0x08, 0x41,
    0x08, 0x82, 0x08, 0x62, 0x08, 0x61, 0x08, 0x41, 0x08, 0x41, 0x08, 0x41, 0x08, 0x82, 0x08, 0x82,
    0x08, 0x82, 0x08, 0x62, 0x08, 0x61, 0x08, 0x41, 0x08, 0x62, 0x08, 0x61, 0x08, 0x61, 0x08, 0x41,
    0x08, 0x41, 0x00, 0x41, 0x08, 0x62, 0x08, 0x62, 0x08, 0x62, 0x08, 0x61, 0x08, 0x41, 0x08, 0x41,
    0x08, 0x61, 0x08, 0x61, 0x08, 0x41, 0x08, 0x41, 0x00, 0x21, 0x00, 0x21, 0x08, 0x61, 0x08, 0x61,
    0x08, 0x61, 0x08, 0x41, 0x08, 0x41, 0x00, 0x41, 0x08, 0x61, 0x08, 0x41, 0x08, 0x41, 0x00, 0x41,
    0x00, 0x20, 0x00, 0x20, 0x08, 0x41, 0x08, 0x41, 0x08, 0x41, 0x08, 0x41, 0x08, 0x41, 0x00, 0x20,
    0x08, 0x41, 0x08, 0x41, 0x00, 0x41, 0x00, 0x20, 0x00, 0x20, 0x00, 0x20, 0x08, 0x41, 0x08, 0x41,
    0x08, 0x41, 0x00, 0x41, 0x00, 0x20, 0x00, 0x20, 0x08, 0x41, 0x00, 0x21, 0x00, 0x20, 0x00, 0x20,
    0x00, 0x20, 0x00, 0x00, 0x00, 0x00, 0x00, 0x00, 0x00, 0x00, 0x00, 0x00, 0x00, 0x00, 0x00, 0x00,
    0x00, 0x00, 0x00, 0x00, 0x00, 0x00, 0x00, 0x00, 0x00, 0x00, 0x00, 0x00, 0x00, 0x00, 0x00, 0x21,
    0x00, 0x41, 0x00, 0x41, 0x00, 0x21, 0x00, 0x20, 0x00, 0x21, 0x00, 0x20, 0x00, 0x20, 0x00, 0x20,
    0x00, 0x20, 0x00, 0x20, 0x08, 0x41, 0x08, 0x41, 0x08, 0x41, 0x08, 0x41, 0x08, 0x41, 0x00, 0x41,
    0x08, 0x41, 0x08, 0x41, 0x00, 0x21, 0x00, 0x20, 0x00, 0x20, 0x00, 0x20, 0x08, 0x41, 0x08, 0x41,
    0x08, 0x61, 0x08, 0x61, 0x08, 0x41, 0x08, 0x41, 0x08, 0x41, 0x08, 0x41, 0x08, 0x41, 0x00, 0x21,
    0x00, 0x20, 0x00, 0x21, 0x08, 0x61, 0x08, 0x61, 0x08, 0x61, 0x08, 0x61, 0x08, 0x61, 0x08, 0x41,
    0x08, 0x61, 0x08, 0x41, 0x08, 0x41, 0x00, 0x41, 0x00, 0x41, 0x08, 0x41, 0x08, 0x61, 0x08, 0x62,
    0x08, 0x62, 0x08, 0x62, 0x08, 0x61, 0x08, 0x61, 0x08, 0x61, 0x08, 0x61, 0x08, 0x41, 0x08, 0x41,
    0x08, 0x41, 0x08, 0x41, 0x08, 0x62, 0x08, 0x82, 0x10, 0x82, 0x08, 0x82, 0x08, 0x62, 0x08, 0x61,
    0x08, 0x62, 0x08, 0x61, 0x08, 0x41, 0x08, 0x41, 0x08, 0x41, 0x08, 0x41, 0x08, 0x62, 0x10, 0x82,
    0x10, 0x82, 0x10, 0x82, 0x08, 0x82, 0x08, 0x61, 0x08, 0x82, 0x08, 0x61, 0x08, 0x41, 0x08, 0x41,
    0x08, 0x41, 0x08, 0x41, 0x08, 0x82, 0x10, 0x82, 0x10, 0x82, 0x10, 0x82, 0x08, 0x82, 0x08, 0x61,
    0x08, 0x82, 0x08, 0x61, 0x08, 0x61, 0x08, 0x41, 0x08, 0x41, 0x08, 0x41, 0x08, 0x82, 0x10, 0x82,
    0x10, 0x82, 0x10, 0x82, 0x08, 0x82, 0x08, 0x62, 0x10, 0x82, 0x08, 0x62, 0x08, 0x61, 0x08, 0x41,
    0x08, 0x41, 0x08, 0x41, 0x10, 0x82, 0x10, 0x82, 0x10, 0x82, 0x10, 0x82, 0x10, 0x82, 0x08, 0x62,
    0x10, 0x82, 0x08, 0x62, 0x08, 0x61, 0x08, 0x41, 0x08, 0x41, 0x08, 0x41, 0x10, 0x82, 0x10, 0x82,
    0x10, 0x82, 0x10, 0x82, 0x10, 0x82, 0x08, 0x62, 0x08, 0x82, 0x08, 0x62, 0x08, 0x61, 0x08, 0x41,
    0x08, 0x41, 0x08, 0x41, 0x08, 0x82, 0x10, 0x82, 0x10, 0x82, 0x10, 0x82, 0x08, 0x82, 0x08, 0x61,
    0x08, 0x82, 0x08, 0x61, 0x08, 0x61, 0x08, 0x41, 0x08, 0x41, 0x08, 0x41, 0x08, 0x82, 0x10, 0x82,
    0x10, 0x82, 0x10, 0x82, 0x08, 0x82, 0x08, 0x61, 0x08, 0x82, 0x08, 0x61, 0x08, 0x41, 0x08, 0x41,
    0x08, 0x41, 0x08, 0x41, 0x08, 0x62, 0x10, 0x82, 0x10, 0x82, 0x08, 0x82, 0x08, 0x62, 0x08, 0x61,
    0x08, 0x62, 0x08, 0x61, 0x08, 0x41, 0x08, 0x41, 0x08, 0x41, 0x08, 0x41, 0x08, 0x62, 0x08, 0x82,
    0x08, 0x82, 0x08, 0x62, 0x08, 0x61, 0x08, 0x61, 0x08, 0x61, 0x08, 0x61, 0x08, 0x41, 0x08, 0x41,
    0x00, 0x41, 0x08, 0x41, 0x08, 0x61, 0x08, 0x62, 0x08, 0x62, 0x08, 0x62, 0x08, 0x61, 0x08, 0x41,
    0x08, 0x61, 0x08, 0x41, 0x08, 0x41, 0x00, 0x21, 0x00, 0x21, 0x00, 0x21, 0x08, 0x61, 0x08, 0x61,
    0x08, 0x61, 0x08, 0x61, 0x08, 0x41, 0x08, 0x41, 0x08, 0x41, 0x08, 0x41, 0x00, 0x41, 0x00, 0x20,
    0x00, 0x20, 0x00, 0x20, 0x08, 0x41, 0x08, 0x41, 0x08, 0x41, 0x08, 0x41, 0x08, 0x41, 0x08, 0x41,
    0x08, 0x41, 0x00, 0x41, 0x00, 0x20, 0x00, 0x20, 0x00, 0x20, 0x00, 0x20, 0x08, 0x41, 0x08, 0x41,
    0x08, 0x41, 0x08, 0x41, 0x00, 0x41, 0x00, 0x20, 0x00, 0x21, 0x00, 0x20, 0x00, 0x20, 0x00, 0x20,
    0x00, 0x20, 0x00, 0x00, 0x00, 0x00, 0x00, 0x00, 0x00, 0x00, 0x00, 0x00, 0x00, 0x00, 0x00, 0x00,
    0x00, 0x00, 0x00, 0x00, 0x00, 0x00, 0x00, 0x00, 0x00, 0x00, 0x00, 0x00, 0x00, 0x00, 0x00, 0x00,
    0x00, 0x21, 0x00, 0x41, 0x00, 0x41, 0x00, 0x21, 0x00, 0x20, 0x00, 0x20, 0x00, 0x20, 0x00, 0x20,
    0x00, 0x20, 0x00, 0x20, 0x00, 0x21, 0x08, 0x41, 0x08, 0x41, 0x08, 0x41, 0x08, 0x41, 0x08, 0x41,
    0x00, 0x41, 0x00, 0x20, 0x00, 0x20, 0x00, 0x20, 0x00, 0x20, 0x00, 0x21, 0x08, 0x41, 0x08, 0x41,
    0x08, 0x61, 0x08, 0x61, 0x08, 0x61, 0x08, 0x41, 0x08, 0x41, 0x00, 0x41, 0x00, 0x21, 0x00, 0x20,
    0x00, 0x21, 0x08, 0x41, 0x08, 0x41, 0x08, 0x61, 0x08, 0x61, 0x08, 0x61, 0x08, 0x61, 0x08, 0x61,
    0x08, 0x41, 0x08, 0x41, 0x00, 0x41, 0x00, 0x21, 0x00, 0x41, 0x08, 0x41, 0x08, 0x41, 0x08, 0x61,
    0x08, 0x62, 0x08, 0x62, 0x08, 0x62, 0x08, 0x61, 0x08, 0x61, 0x08, 0x41, 0x08, 0x41, 0x08, 0x41,
    0x08, 0x41, 0x08, 0x41, 0x08, 0x61, 0x08, 0x62, 0x08, 0x82, 0x10, 0x82, 0x08, 0x82, 0x08, 0x62,
    0x08, 0x61, 0x08, 0x41, 0x08, 0x41, 0x08, 0x41, 0x08, 0x41, 0x08, 0x41, 0x08, 0x61, 0x08, 0x62,
    0x10, 0x82, 0x10, 0x82, 0x10, 0x82, 0x08, 0x82, 0x08, 0x61, 0x08, 0x41, 0x08, 0x41, 0x08, 0x41,
    0x08, 0x41, 0x08, 0x41, 0x08, 0x61, 0x08, 0x82, 0x10, 0x82, 0x10, 0x82, 0x10, 0x82, 0x08, 0x82,
    0x08, 0x61, 0x08, 0x61, 0x08, 0x41, 0x08, 0x41, 0x08, 0x41, 0x08, 0x61, 0x08, 0x61, 0x08, 0x82,
    0x10, 0x82, 0x10, 0x82, 0x10, 0x82, 0x08, 0x82, 0x08, 0x62, 0x08, 0x61, 0x08, 0x41, 0x08, 0x41,
    0x08, 0x41, 0x08, 0x61, 0x08, 0x62, 0x10, 0x82, 0x10, 0x82, 0x10, 0x82, 0x10, 0x82, 0x10, 0x82,
    0x08, 0x62, 0x08, 0x61, 0x08, 0x41, 0x08, 0x41, 0x08, 0x41, 0x08, 0x61, 0x08, 0x62, 0x08, 0x82,
    0x10, 0x82, 0x10, 0x82, 0x10, 0x82, 0x08, 0x82, 0x08, 0x62, 0x08, 0x61, 0x08, 0x41, 0x08, 0x41,
    0x08, 0x41, 0x08, 0x61, 0x08, 0x61, 0x08, 0x82, 0x10, 0x82, 0x10, 0x82, 0x10, 0x82, 0x08, 0x82,
    0x08, 0x61, 0x08, 0x61, 0x08, 0x41, 0x08, 0x41, 0x08, 0x41, 0x08, 0x41, 0x08, 0x61, 0x08, 0x82,
    0x10, 0x82, 0x10, 0x82, 0x10, 0x82, 0x08, 0x82, 0x08, 0x61, 0x08, 0x41, 0x08, 0x41, 0x08, 0x41,
    0x08, 0x41, 0x08, 0x41, 0x08, 0x61, 0x08, 0x62, 0x08, 0x82, 0x10, 0x82, 0x08, 0x82, 0x08, 0x62,
    0x08, 0x61, 0x08, 0x41, 0x08, 0x41, 0x08, 0x41, 0x08, 0x41, 0x08, 0x41, 0x08, 0x61, 0x08, 0x62,
    0x08, 0x62, 0x08, 0x82, 0x08, 0x62, 0x08, 0x61, 0x08, 0x61, 0x08, 0x41, 0x08, 0x41, 0x00, 0x41,
    0x08, 0x41, 0x08, 0x41, 0x08, 0x41, 0x08, 0x61, 0x08, 0x62, 0x08, 0x62, 0x08, 0x61, 0x08, 0x61,
    0x08, 0x41, 0x08, 0x41, 0x00, 0x21, 0x00, 0x21, 0x00, 0x21, 0x08, 0x41, 0x08, 0x41, 0x08, 0x61,
    0x08, 0x61, 0x08, 0x61, 0x08, 0x61, 0x08, 0x41, 0x08, 0x41, 0x00, 0x41, 0x00, 0x20, 0x00, 0x20,
    0x00, 0x20, 0x00, 0x21, 0x08, 0x41, 0x08, 0x41, 0x08, 0x41, 0x08, 0x41, 0x08, 0x41, 0x08, 0x41,
    0x00, 0x41, 0x00, 0x20, 0x00, 0x20, 0x00, 0x20, 0x00, 0x20, 0x00, 0x20, 0x00, 0x21, 0x08, 0x41,
    0x08, 0x41, 0x08, 0x41, 0x08, 0x41, 0x00, 0x21, 0x00, 0x20, 0x00, 0x20, 0x00, 0x20, 0x00, 0x20,
    0x00, 0x00, 0x00, 0x00, 0x00, 0x00, 0x00, 0x00, 0x00, 0x00, 0x00, 0x00, 0x00, 0x00, 0x00, 0x00,
    0x00, 0x00, 0x00, 0x00, 0x00, 0x00, 0x00, 0x00, 0x00, 0x00, 0x00, 0x00, 0x00, 0x00, 0x00, 0x00,
    0x00, 0x41, 0x00, 0x21, 0x00, 0x21, 0x00, 0x20, 0x00, 0x21, 0x00, 0x20, 0x00, 0x20, 0x00, 0x20,
    0x00, 0x20, 0x00, 0x20, 0x08, 0x41, 0x08, 0x41, 0x08, 0x41, 0x08, 0x41, 0x08, 0x41, 0x00, 0x41,
    0x08, 0x41, 0x08, 0x41, 0x00, 0x21, 0x00, 0x20, 0x00, 0x20, 0x00, 0x20, 0x08, 0x41, 0x08, 0x41,
    0x08, 0x61, 0x08, 0x61, 0x08, 0x41, 0x08, 0x41, 0x08, 0x41, 0x08, 0x41, 0x08, 0x41, 0x00, 0x21,
    0x00, 0x20, 0x00, 0x21, 0x08, 0x61, 0x08, 0x61, 0x08, 0x61, 0x08, 0x61, 0x08, 0x61, 0x08, 0x41,
    0x08, 0x61, 0x08, 0x41, 0x08, 0x41, 0x00, 0x41, 0x00, 0x21, 0x00, 0x41, 0x08, 0x61, 0x08, 0x62,
    0x08, 0x62, 0x08, 0x62, 0x08, 0x61, 0x08, 0x61, 0x08, 0x61, 0x08, 0x61, 0x08, 0x41, 0x08, 0x41,
    0x08, 0x41, 0x08, 0x41, 0x08, 0x62, 0x08, 0x82, 0x08, 0x82, 0x08, 0x82, 0x08, 0x62, 0x08, 0x61,
    0x08, 0x62, 0x08, 0x61, 0x08, 0x41, 0x08, 0x41, 0x08, 0x41, 0x08, 0x41, 0x08, 0x62, 0x10, 0x82,
    0x10, 0x82, 0x10, 0x82, 0x08, 0x62, 0x08, 0x61, 0x08, 0x62, 0x08, 0x61, 0x08, 0x41, 0x08, 0x41,
    0x08, 0x41, 0x08, 0x41, 0x08, 0x82, 0x10, 0x82, 0x10, 0x82, 0x10, 0x82, 0x08, 0x82, 0x08, 0x61,
    0x08, 0x82, 0x08, 0x61, 0x08, 0x61, 0x08, 0x41, 0x08, 0x41, 0x08, 0x41, 0x08, 0x82, 0x10, 0x82,
    0x10, 0x82, 0x10, 0x82, 0x08, 0x82, 0x08, 0x62, 0x08, 0x82, 0x08, 0x62, 0x08, 0x61, 0x08, 0x41,
    0x08, 0x41, 0x08, 0x41, 0x08, 0x82, 0x10, 0x82, 0x10, 0x82, 0x10, 0x82, 0x08, 0x82, 0x08, 0x62,
    0x08, 0x82, 0x08, 0x62, 0x08, 0x61, 0x08, 0x41, 0x08, 0x41, 0x08, 0x41, 0x08, 0x82, 0x10, 0x82,
    0x10, 0x82, 0x10, 0x82, 0x08, 0x82, 0x08, 0x62, 0x08, 0x82, 0x08, 0x62, 0x08, 0x61, 0x08, 0x41,
    0x08, 0x41, 0x08, 0x41, 0x08, 0x82, 0x10, 0x82, 0x10, 0x82, 0x10, 0x82, 0x08, 0x82, 0x08, 0x61,
    0x08, 0x82, 0x08, 0x61, 0x08, 0x41, 0x08, 0x41, 0x08, 0x41, 0x08, 0x41, 0x08, 0x82, 0x10, 0x82,
    0x10, 0x82, 0x10, 0x82, 0x08, 0x82, 0x08, 0x61, 0x08, 0x62, 0x08, 0x61, 0x08, 0x41, 0x08, 0x41,
    0x08, 0x41, 0x08, 0x41, 0x08, 0x62, 0x08, 0x82, 0x10, 0x82, 0x08, 0x82, 0x08, 0x62, 0x08, 0x61,
    0x08, 0x62, 0x08, 0x61, 0x08, 0x41, 0x08, 0x41, 0x08, 0x41, 0x08, 0x41, 0x08, 0x62, 0x08, 0x62,
    0x08, 0x82, 0x08, 0x62, 0x08, 0x61, 0x08, 0x61, 0x08, 0x61, 0x08, 0x61, 0x08, 0x41, 0x08, 0x41,
    0x00, 0x41, 0x08, 0x41, 0x08, 0x61, 0x08, 0x62, 0x08, 0x62, 0x08, 0x61, 0x08, 0x61, 0x08, 0x41,
    0x08, 0x61, 0x08, 0x41, 0x08, 0x41, 0x00, 0x21, 0x00, 0x21, 0x00, 0x21, 0x08, 0x61, 0x08, 0x61,
    0x08, 0x61, 0x08, 0x61, 0x08, 0x41, 0x08, 0x41, 0x08, 0x41, 0x08, 0x41, 0x00, 0x41, 0x00, 0x20,
    0x00, 0x20, 0x00, 0x20, 0x08, 0x41, 0x08, 0x41, 0x08, 0x41, 0x08, 0x41, 0x08, 0x41, 0x00, 0x41,
    0x08, 0x41, 0x00, 0x41, 0x00, 0x20, 0x00, 0x20, 0x00, 0x20, 0x00, 0x20, 0x08, 0x41, 0x08, 0x41,
    0x08, 0x41, 0x08, 0x41, 0x00, 0x21, 0x00, 0x20, 0x00, 0x21, 0x00, 0x20, 0x00, 0x20, 0x00, 0x20,
    0x00, 0x00, 0x00, 0x00, 0x00, 0x00, 0x00, 0x00, 0x00, 0x00, 0x00, 0x00, 0x00, 0x00, 0x00, 0x00,
    0x00, 0x00, 0x00, 0x00, 0x00, 0x00, 0x00, 0x00, 0x00, 0x00, 0x00, 0x00, 0x00, 0x00, 0x00, 0x00,
    0x00, 0x00, 0x00, 0x20, 0x00, 0x20, 0x00, 0x20, 0x00, 0x41, 0x00, 0x21, 0x00, 0x20, 0x00, 0x20,
    0x00, 0x20, 0x00, 0x20, 0x08, 0x41, 0x08, 0x41, 0x08, 0x41, 0x08, 0x41, 0x00, 0x41, 0x00, 0x20,
    0x08, 0x41, 0x08, 0x41, 0x08, 0x41, 0x00, 0x21, 0x00, 0x20, 0x00, 0x20, 0x08, 0x41, 0x08, 0x61,
    0x08, 0x41, 0x08, 0x41, 0x08, 0x41, 0x00, 0x41, 0x08, 0x61, 0x08, 0x41, 0x08, 0x41, 0x08, 0x41,
    0x00, 0x21, 0x00, 0x20, 0x08, 0x61, 0x08, 0x61, 0x08, 0x61, 0x08, 0x61, 0x08, 0x41, 0x08, 0x41,
    0x08, 0x61, 0x08, 0x61, 0x08, 0x41, 0x08, 0x41, 0x00, 0x41, 0x00, 0x21, 0x08, 0x62, 0x08, 0x62,
    0x08, 0x62, 0x08, 0x61, 0x08, 0x61, 0x08, 0x41, 0x08, 0x62, 0x08, 0x61, 0x08, 0x61, 0x08, 0x41,
    0x08, 0x41, 0x08, 0x41, 0x08, 0x82, 0x08, 0x82, 0x08, 0x82, 0x08, 0x62, 0x08, 0x61, 0x08, 0x41,
    0x08, 0x82, 0x08, 0x62, 0x08, 0x61, 0x08, 0x41, 0x08, 0x41, 0x08, 0x41, 0x10, 0x82, 0x10, 0x82,
    0x10, 0x82, 0x08, 0x62, 0x08, 0x61, 0x08, 0x41, 0x10, 0x82, 0x08, 0x62, 0x08, 0x61, 0x08, 0x41,
    0x08, 0x41, 0x08, 0x41, 0x10, 0x82, 0x10, 0x82, 0x10, 0x82, 0x08, 0x82, 0x08, 0x61, 0x08, 0x61,
    0x10, 0x82, 0x08, 0x82, 0x08, 0x61, 0x08, 0x61, 0x08, 0x41, 0x08, 0x41, 0x10, 0x82, 0x10, 0x82,
    0x10, 0x82, 0x08, 0x82, 0x08, 0x61, 0x08, 0x61, 0x10, 0x82, 0x08, 0x82, 0x08, 0x62, 0x08, 0x61,
    0x08, 0x41, 0x08, 0x41, 0x10, 0x82, 0x10, 0x82, 0x10, 0x82, 0x08, 0x82, 0x08, 0x62, 0x08, 0x61,
    0x10, 0x82, 0x08, 0x82, 0x08, 0x62, 0x08, 0x61, 0x08, 0x41, 0x08, 0x41, 0x10, 0x82, 0x10, 0x82,
    0x10, 0x82, 0x08, 0x82, 0x08, 0x62, 0x08, 0x61, 0x10, 0x82, 0x08, 0x82, 0x08, 0x61, 0x08, 0x61,
    0x08, 0x41, 0x08, 0x41, 0x10, 0x82, 0x10, 0x82, 0x10, 0x82, 0x08, 0x82, 0x08, 0x61, 0x08, 0x61,
    0x10, 0x82, 0x08, 0x82, 0x08, 0x61, 0x08, 0x41, 0x08, 0x41, 0x08, 0x41, 0x10, 0x82, 0x10, 0x82,
    0x10, 0x82, 0x08, 0x82, 0x08, 0x61, 0x08, 0x41, 0x10, 0x82, 0x08, 0x62, 0x08, 0x61, 0x08, 0x41,
    0x08, 0x41, 0x08, 0x41, 0x08, 0x82, 0x10, 0x82, 0x08, 0x82, 0x08, 0x62, 0x08, 0x61, 0x08, 0x41,
    0x08, 0x82, 0x08, 0x62, 0x08, 0x61, 0x08, 0x41, 0x08, 0x41, 0x08, 0x41, 0x08, 0x62, 0x08, 0x82,
    0x08, 0x62, 0x08, 0x61, 0x08, 0x61, 0x08, 0x41, 0x08, 0x62, 0x08, 0x61, 0x08, 0x41, 0x08, 0x41,
    0x08, 0x41, 0x00, 0x41, 0x08, 0x62, 0x08, 0x62, 0x08, 0x61, 0x08, 0x61, 0x08, 0x41, 0x08, 0x41,
    0x08, 0x61, 0x08, 0x61, 0x08, 0x41, 0x08, 0x41, 0x00, 0x21, 0x00, 0x20, 0x08, 0x61, 0x08, 0x61,
    0x08, 0x61, 0x08, 0x41, 0x08, 0x41, 0x00, 0x41, 0x08, 0x61, 0x08, 0x41, 0x08, 0x41, 0x00, 0x21,
    0x00, 0x20, 0x00, 0x20, 0x08, 0x41, 0x08, 0x41, 0x08, 0x41, 0x08, 0x41, 0x00, 0x41, 0x00, 0x20,
    0x08, 0x41, 0x08, 0x41, 0x00, 0x21, 0x00, 0x20, 0x00, 0x20, 0x00, 0x20, 0x08, 0x41, 0x08, 0x41,
    0x08, 0x41, 0x00, 0x41, 0x00, 0x20, 0x00, 0x20, 0x00, 0x41, 0x00, 0x21, 0x00, 0x20, 0x00, 0x00,
    0x00, 0x00, 0x00, 0x00, 0x00, 0x00, 0x00, 0x00, 0x00, 0x00, 0x00, 0x00, 0x00, 0x00, 0x00, 0x00,
    0x00, 0x00, 0x00, 0x00, 0x00, 0x00, 0x00, 0x00, 0x00, 0x00, 0x00, 0x00, 0x00, 0x00, 0x00, 0x00,
    0x00, 0x00, 0x00, 0x20, 0x00, 0x20, 0x00, 0x20, 0x08, 0x41, 0x08, 0x41, 0x00, 0x21, 0x00, 0x20,
    0x00, 0x20, 0x00, 0x20, 0x08, 0x41, 0x08, 0x41, 0x08, 0x41, 0x00, 0x21, 0x00, 0x20, 0x00, 0x20,
    0x08, 0x41, 0x08, 0x41, 0x08, 0x41, 0x08, 0x41, 0x00, 0x21, 0x00, 0x20, 0x08, 0x41, 0x08, 0x41,
    0x08, 0x41, 0x08, 0x41, 0x00, 0x41, 0x00, 0x20, 0x08, 0x61, 0x08, 0x61, 0x08, 0x41, 0x08, 0x41,
    0x08, 0x41, 0x00, 0x21, 0x08, 0x61, 0x08, 0x61, 0x08, 0x61, 0x08, 0x41, 0x08, 0x41, 0x00, 0x21,
    0x08, 0x61, 0x08, 0x61, 0x08, 0x61, 0x08, 0x41, 0x08, 0x41, 0x00, 0x41, 0x08, 0x62, 0x08, 0x62,
    0x08, 0x61, 0x08, 0x41, 0x08, 0x41, 0x08, 0x41, 0x08, 0x62, 0x08, 0x62, 0x08, 0x61, 0x08, 0x61,
    0x08, 0x41, 0x08, 0x41, 0x08, 0x82, 0x08, 0x82, 0x08, 0x62, 0x08, 0x61, 0x08, 0x41, 0x08, 0x41,
    0x10, 0x82, 0x08, 0x82, 0x08, 0x62, 0x08, 0x61, 0x08, 0x41, 0x08, 0x41, 0x10, 0x82, 0x10, 0x82,
    0x08, 0x62, 0x08, 0x61, 0x08, 0x41, 0x08, 0x41, 0x10, 0x82, 0x10, 0x82, 0x08, 0x62, 0x08, 0x61,
    0x08, 0x41, 0x08, 0x41, 0x10, 0x82, 0x10, 0x82, 0x08, 0x82, 0x08, 0x61, 0x08, 0x41, 0x08, 0x41,
    0x10, 0x82, 0x10, 0x82, 0x08, 0x82, 0x08, 0x61, 0x08, 0x61, 0x08, 0x41, 0x10, 0x82, 0x10, 0x82,
    0x08, 0x82, 0x08, 0x61, 0x08, 0x61, 0x08, 0x41, 0x10, 0x82, 0x10, 0x82, 0x08, 0x82, 0x08, 0x61,
    0x08, 0x61, 0x08, 0x41, 0x10, 0x82, 0x10, 0x82, 0x08, 0x82, 0x08, 0x62, 0x08, 0x61, 0x08, 0x41,
    0x10, 0x82, 0x10, 0x82, 0x08, 0x82, 0x08, 0x62, 0x08, 0x61, 0x08, 0x41, 0x10, 0x82, 0x10, 0x82,
    0x08, 0x82, 0x08, 0x61, 0x08, 0x61, 0x08, 0x41, 0x10, 0x82, 0x10, 0x82, 0x08, 0x82, 0x08, 0x61,
    0x08, 0x61, 0x08, 0x41, 0x10, 0x82, 0x10, 0x82, 0x08, 0x82, 0x08, 0x61, 0x08, 0x61, 0x08, 0x41,
    0x10, 0x82, 0x10, 0x82, 0x08, 0x82, 0x08, 0x61, 0x08, 0x41, 0x08, 0x41, 0x10, 0x82, 0x10, 0x82,
    0x08, 0x82, 0x08, 0x61, 0x08, 0x41, 0x08, 0x41, 0x10, 0x82, 0x10, 0x82, 0x08, 0x62, 0x08, 0x61,
    0x08, 0x41, 0x08, 0x41, 0x10, 0x82, 0x08, 0x82, 0x08, 0x62, 0x08, 0x61, 0x08, 0x41, 0x08, 0x41,
    0x08, 0x82, 0x08, 0x82, 0x08, 0x62, 0x08, 0x61, 0x08, 0x41, 0x08, 0x41, 0x08, 0x82, 0x08, 0x62,
    0x08, 0x61, 0x08, 0x61, 0x08, 0x41, 0x08, 0x41, 0x08, 0x62, 0x08, 0x62, 0x08, 0x61, 0x08, 0x41,
    0x08, 0x41, 0x00, 0x41, 0x08, 0x62, 0x08, 0x61, 0x08, 0x61, 0x08, 0x41, 0x08, 0x41, 0x00, 0x41,
    0x08, 0x61, 0x08, 0x61, 0x08, 0x61, 0x08, 0x41, 0x08, 0x41, 0x00, 0x21, 0x08, 0x61, 0x08, 0x61,
    0x08, 0x41, 0x08, 0x41, 0x00, 0x41, 0x00, 0x20, 0x08, 0x61, 0x08, 0x61, 0x08, 0x41, 0x08, 0x41,
    0x00, 0x21, 0x00, 0x20, 0x08, 0x41, 0x08, 0x41, 0x08, 0x41, 0x08, 0x41, 0x00, 0x20, 0x00, 0x20,
    0x08, 0x41, 0x08, 0x41, 0x08, 0x41, 0x00, 0x21, 0x00, 0x20, 0x00, 0x20, 0x08, 0x41, 0x08, 0x41,
    0x00, 0x41, 0x00, 0x20, 0x00, 0x20, 0x00, 0x20, 0x00, 0x41, 0x00, 0x41, 0x00, 0x20, 0x00, 0x00,
    0x00, 0x00, 0x00, 0x00, 0x00, 0x00, 0x00, 0x00, 0x00, 0x00, 0x00, 0x00, 0x00, 0x00, 0x00, 0x00,
    0x00, 0x00, 0x00, 0x00, 0x00, 0x00, 0x00, 0x00, 0x00, 0x00, 0x00, 0x00, 0x00, 0x00, 0x00, 0x00,
    0x00, 0x00, 0x00, 0x20, 0x00, 0x20, 0x00, 0x20, 0x00, 0x41, 0x08, 0x41, 0x08, 0x41, 0x00, 0x41,
    0x00, 0x20, 0x00, 0x20, 0x08, 0x41, 0x08, 0x41, 0x00, 0x21, 0x00, 0x20, 0x00, 0x20, 0x00, 0x20,
    0x08, 0x41, 0x08, 0x41, 0x08, 0x41, 0x08, 0x41, 0x08, 0x41, 0x00, 0x21, 0x08, 0x41, 0x08, 0x41,
    0x08, 0x41, 0x00, 0x21, 0x00, 0x20, 0x00, 0x20, 0x08, 0x61, 0x08, 0x61, 0x08, 0x61, 0x08, 0x41,
    0x08, 0x41, 0x08, 0x41, 0x08, 0x61, 0x08, 0x61, 0x08, 0x41, 0x08, 0x41, 0x00, 0x21, 0x00, 0x21,
    0x08, 0x61, 0x08, 0x62, 0x08, 0x61, 0x08, 0x61, 0x08, 0x41, 0x08, 0x41, 0x08, 0x62, 0x08, 0x61,
    0x08, 0x41, 0x08, 0x41, 0x08, 0x41, 0x00, 0x41, 0x08, 0x62, 0x08, 0x62, 0x08, 0x62, 0x08, 0x61,
    0x08, 0x61, 0x08, 0x41, 0x08, 0x62, 0x08, 0x62, 0x08, 0x61, 0x08, 0x41, 0x08, 0x41, 0x08, 0x41,
    0x08, 0x82, 0x10, 0x82, 0x08, 0x82, 0x08, 0x62, 0x08, 0x61, 0x08, 0x41, 0x08, 0x82, 0x08, 0x62,
    0x08, 0x61, 0x08, 0x41, 0x08, 0x41, 0x08, 0x41, 0x10, 0x82, 0x10, 0x82, 0x10, 0x82, 0x08, 0x62,
    0x08, 0x61, 0x08, 0x41, 0x10, 0x82, 0x08, 0x82, 0x08, 0x61, 0x08, 0x41, 0x08, 0x41, 0x08, 0x41,
    0x10, 0x82, 0x10, 0x82, 0x10, 0x82, 0x08, 0x82, 0x08, 0x61, 0x08, 0x61, 0x10, 0x82, 0x08, 0x82,
    0x08, 0x61, 0x08, 0x61, 0x08, 0x41, 0x08, 0x41, 0x10, 0x82, 0x10, 0x82, 0x10, 0x82, 0x08, 0x82,
    0x08, 0x61, 0x08, 0x61, 0x10, 0x82, 0x08, 0x82, 0x08, 0x61, 0x08, 0x61, 0x08, 0x41, 0x08, 0x41,
    0x10, 0x82, 0x10, 0x82, 0x10, 0x82, 0x08, 0x82, 0x08, 0x61, 0x08, 0x61, 0x10, 0x82, 0x08, 0x82,
    0x08, 0x61, 0x08, 0x61, 0x08, 0x41, 0x08, 0x41, 0x10, 0x82, 0x10, 0x82, 0x10, 0x82, 0x08, 0x82,
    0x08, 0x61, 0x08, 0x61, 0x10, 0x82, 0x08, 0x82, 0x08, 0x61, 0x08, 0x41, 0x08, 0x41, 0x08, 0x41,
    0x10, 0x82, 0x10, 0x82, 0x10, 0x82, 0x08, 0x82, 0x08, 0x61, 0x08, 0x41, 0x10, 0x82, 0x08, 0x62,
    0x08, 0x61, 0x08, 0x41, 0x08, 0x41, 0x08, 0x41, 0x10, 0x82, 0x10, 0x82, 0x10, 0x82, 0x08, 0x62,
    0x08, 0x61, 0x08, 0x41, 0x08, 0x82, 0x08, 0x62, 0x08, 0x61, 0x08, 0x41, 0x08, 0x41, 0x08, 0x41,
    0x08, 0x82, 0x08, 0x82, 0x08, 0x82, 0x08, 0x62, 0x08, 0x61, 0x08, 0x41, 0x08, 0x62, 0x08, 0x61,
    0x08, 0x61, 0x08, 0x41, 0x08, 0x41, 0x00, 0x41, 0x08, 0x62, 0x08, 0x62, 0x08, 0x62, 0x08, 0x61,
    0x08, 0x41, 0x08, 0x41, 0x08, 0x62, 0x08, 0x61, 0x08, 0x41, 0x08, 0x41, 0x00, 0x41, 0x00, 0x21,
    0x08, 0x61, 0x08, 0x61, 0x08, 0x61, 0x08, 0x61, 0x08, 0x41, 0x08, 0x41, 0x08, 0x61, 0x08, 0x41,
    0x08, 0x41, 0x00, 0x41, 0x00, 0x20, 0x00, 0x20, 0x08, 0x61, 0x08, 0x61, 0x08, 0x41, 0x08, 0x41,
    0x08, 0x41, 0x00, 0x21, 0x08, 0x41, 0x08, 0x41, 0x08, 0x41, 0x00, 0x20, 0x00, 0x20, 0x00, 0x20,
    0x08, 0x41, 0x08, 0x41, 0x08, 0x41, 0x08, 0x41, 0x00, 0x21, 0x00, 0x20, 0x08, 0x41, 0x00, 0x41,
    0x00, 0x20, 0x00, 0x20, 0x00, 0x20, 0x00, 0x20, 0x00, 0x41, 0x00, 0x41, 0x00, 0x21, 0x00, 0x00,
    0x00, 0x00, 0x00, 0x00, 0x00, 0x00, 0x00, 0x00, 0x00, 0x00, 0x00, 0x00, 0x00, 0x00, 0x00, 0x00,
    0x00, 0x00, 0x00, 0x00, 0x00, 0x00, 0x00, 0x00, 0x00, 0x00, 0x00, 0x00, 0x00, 0x00, 0x00, 0x00,
    0x00, 0x00, 0x00, 0x00, 0x00, 0x20, 0x00, 0x20, 0x00, 0x21, 0x00, 0x41, 0x08, 0x41, 0x08, 0x41,
    0x00, 0x41, 0x00, 0x20, 0x00, 0x41, 0x00, 0x21, 0x00, 0x20, 0x00, 0x20, 0x00, 0x20, 0x00, 0x20,
    0x08, 0x41, 0x08, 0x41, 0x08, 0x41, 0x08, 0x41, 0x08, 0x41, 0x08, 0x41, 0x08, 0x41, 0x08, 0x41,
    0x00, 0x21, 0x00, 0x20, 0x00, 0x20, 0x00, 0x20, 0x08, 0x41, 0x08, 0x61, 0x08, 0x61, 0x08, 0x61,
    0x08, 0x41, 0x08, 0x41, 0x08, 0x41, 0x08, 0x41, 0x08, 0x41, 0x00, 0x21, 0x00, 0x21, 0x00, 0x21,
    0x08, 0x61, 0x08, 0x61, 0x08, 0x62, 0x08, 0x61, 0x08, 0x61, 0x08, 0x41, 0x08, 0x61, 0x08, 0x41,
    0x08, 0x41, 0x08, 0x41, 0x00, 0x41, 0x08, 0x41, 0x08, 0x61, 0x08, 0x62, 0x08, 0x62, 0x08, 0x62,
    0x08, 0x61, 0x08, 0x61, 0x08, 0x61, 0x08, 0x61, 0x08, 0x41, 0x08, 0x41, 0x08, 0x41, 0x08, 0x41,
    0x08, 0x62, 0x08, 0x82, 0x10, 0x82, 0x08, 0x82, 0x08, 0x62, 0x08, 0x61, 0x08, 0x62, 0x08, 0x61,
    0x08, 0x41, 0x08, 0x41, 0x08, 0x41, 0x08, 0x41, 0x08, 0x62, 0x10, 0x82, 0x10, 0x82, 0x10, 0x82,
    0x08, 0x62, 0x08, 0x61, 0x08, 0x82, 0x08, 0x61, 0x08, 0x41, 0x08, 0x41, 0x08, 0x41, 0x08, 0x41,
    0x08, 0x82, 0x10, 0x82, 0x10, 0x82, 0x10, 0x82, 0x08, 0x82, 0x08, 0x61, 0x08, 0x82, 0x08, 0x61,
    0x08, 0x61, 0x08, 0x41, 0x08, 0x41, 0x08, 0x41, 0x08, 0x82, 0x10, 0x82, 0x10, 0x82, 0x10, 0x82,
    0x08, 0x82, 0x08, 0x61, 0x08, 0x82, 0x08, 0x61, 0x08, 0x61, 0x08, 0x41, 0x08, 0x41, 0x08, 0x41,
    0x08, 0x82, 0x10, 0x82, 0x10, 0x82, 0x10, 0x82, 0x08, 0x82, 0x08, 0x61, 0x08, 0x82, 0x08, 0x61,
    0x08, 0x61, 0x08, 0x41, 0x08, 0x41, 0x08, 0x41, 0x08, 0x82, 0x10, 0x82, 0x10, 0x82, 0x10, 0x82,
    0x08, 0x82, 0x08, 0x61, 0x08, 0x82, 0x08, 0x61, 0x08, 0x41, 0x08, 0x41, 0x08, 0x41, 0x08, 0x41,
    0x08, 0x82, 0x10, 0x82, 0x10, 0x82, 0x10, 0x82, 0x08, 0x82, 0x08, 0x61, 0x08, 0x62, 0x08, 0x61,
    0x08, 0x41, 0x08, 0x41, 0x08, 0x41, 0x08, 0x41, 0x08, 0x62, 0x10, 0x82, 0x10, 0x82, 0x08, 0x82,
    0x08, 0x62, 0x08, 0x61, 0x08, 0x62, 0x08, 0x61, 0x08, 0x41, 0x08, 0x41, 0x08, 0x41, 0x08, 0x41,
    0x08, 0x62, 0x08, 0x82, 0x08, 0x82, 0x08, 0x82, 0x08, 0x61, 0x08, 0x61, 0x08, 0x61, 0x08, 0x61,
    0x08, 0x41, 0x08, 0x41, 0x00, 0x41, 0x08, 0x41, 0x08, 0x61, 0x08, 0x62, 0x08, 0x62, 0x08, 0x62,
    0x08, 0x61, 0x08, 0x41, 0x08, 0x61, 0x08, 0x41, 0x08, 0x41, 0x00, 0x41, 0x00, 0x21, 0x00, 0x21,
    0x08, 0x61, 0x08, 0x61, 0x08, 0x61, 0x08, 0x61, 0x08, 0x61, 0x08, 0x41, 0x08, 0x41, 0x08, 0x41,
    0x00, 0x41, 0x00, 0x20, 0x00, 0x20, 0x00, 0x20, 0x08, 0x41, 0x08, 0x41, 0x08, 0x61, 0x08, 0x41,
    0x08, 0x41, 0x08, 0x41, 0x08, 0x41, 0x08, 0x41, 0x00, 0x20, 0x00, 0x20, 0x00, 0x20, 0x00, 0x20,
    0x08, 0x41, 0x08, 0x41, 0x08, 0x41, 0x08, 0x41, 0x08, 0x41, 0x00, 0x21, 0x00, 0x41, 0x00, 0x20,
    0x00, 0x20, 0x00, 0x20, 0x00, 0x20, 0x00, 0x20, 0x00, 0x21, 0x00, 0x21, 0x00, 0x00, 0x00, 0x00,
    0x00, 0x00, 0x00, 0x00, 0x00, 0x00, 0x00, 0x00, 0x00, 0x00, 0x00, 0x00, 0x00, 0x00, 0x00, 0x00,
    0x00, 0x00, 0x00, 0x00, 0x00, 0x00, 0x00, 0x00, 0x00, 0x00, 0x00, 0x00, 0x00, 0x00, 0x00, 0x00,
    0x00, 0x00, 0x00, 0x00, 0x00, 0x20, 0x00, 0x20, 0x00, 0x20, 0x00, 0x21, 0x08, 0x41, 0x08, 0x41,
    0x08, 0x41, 0x00, 0x41, 0x00, 0x21, 0x00, 0x20, 0x00, 0x20, 0x00, 0x20, 0x00, 0x20, 0x00, 0x20,
    0x00, 0x41, 0x08, 0x41, 0x08, 0x41, 0x08, 0x41, 0x08, 0x41, 0x08, 0x41, 0x08, 0x41, 0x00, 0x21,
    0x00, 0x20, 0x00, 0x20, 0x00, 0x20, 0x00, 0x21, 0x08, 0x41, 0x08, 0x41, 0x08, 0x61, 0x08, 0x61,
    0x08, 0x61, 0x08, 0x41, 0x08, 0x41, 0x08, 0x41, 0x00, 0x21, 0x00, 0x20, 0x00, 0x21, 0x08, 0x41,
    0x08, 0x41, 0x08, 0x61, 0x08, 0x61, 0x08, 0x62, 0x08, 0x61, 0x08, 0x61, 0x08, 0x41, 0x08, 0x41,
    0x00, 0x41, 0x00, 0x41, 0x08, 0x41, 0x08, 0x41, 0x08, 0x41, 0x08, 0x61, 0x08, 0x62, 0x08, 0x62,
    0x08, 0x62, 0x08, 0x61, 0x08, 0x61, 0x08, 0x41, 0x08, 0x41, 0x08, 0x41, 0x08, 0x41, 0x08, 0x41,
    0x08, 0x61, 0x08, 0x62, 0x08, 0x82, 0x10, 0x82, 0x08, 0x82, 0x08, 0x62, 0x08, 0x61, 0x08, 0x41,
    0x08, 0x41, 0x08, 0x41, 0x08, 0x41, 0x08, 0x41, 0x08, 0x61, 0x08, 0x62, 0x10, 0x82, 0x10, 0x82,
    0x10, 0x82, 0x08, 0x62, 0x08, 0x61, 0x08, 0x41, 0x08, 0x41, 0x08, 0x41, 0x08, 0x41, 0x08, 0x41,
    0x08, 0x61, 0x08, 0x82, 0x10, 0x82, 0x10, 0x82, 0x10, 0x82, 0x08, 0x82, 0x08, 0x61, 0x08, 0x41,
    0x08, 0x41, 0x08, 0x41, 0x08, 0x41, 0x08, 0x61, 0x08, 0x61, 0x08, 0x82, 0x10, 0x82, 0x10, 0x82,
    0x10, 0x82, 0x08, 0x82, 0x08, 0x61, 0x08, 0x61, 0x08, 0x41, 0x08, 0x41, 0x08, 0x41, 0x08, 0x61,
    0x08, 0x61, 0x08, 0x82, 0x10, 0x82, 0x10, 0x82, 0x10, 0x82, 0x08, 0x82, 0x08, 0x61, 0x08, 0x61,
    0x08, 0x41, 0x08, 0x41, 0x08, 0x41, 0x08, 0x61, 0x08, 0x61, 0x08, 0x82, 0x10, 0x82, 0x10, 0x82,
    0x10, 0x82, 0x08, 0x82, 0x08, 0x61, 0x08, 0x41, 0x08, 0x41, 0x08, 0x41, 0x08, 0x41, 0x08, 0x41,
    0x08, 0x61, 0x08, 0x82, 0x10, 0x82, 0x10, 0x82, 0x10, 0x82, 0x08, 0x62, 0x08, 0x61, 0x08, 0x41,
    0x08, 0x41, 0x08, 0x41, 0x08, 0x41, 0x08, 0x41, 0x08, 0x61, 0x08, 0x62, 0x08, 0x82, 0x10, 0x82,
    0x08, 0x82, 0x08, 0x62, 0x08, 0x61, 0x08, 0x41, 0x08, 0x41, 0x08, 0x41, 0x08, 0x41, 0x08, 0x41,
    0x08, 0x61, 0x08, 0x62, 0x08, 0x82, 0x08, 0x82, 0x08, 0x62, 0x08, 0x61, 0x08, 0x61, 0x08, 0x41,
    0x08, 0x41, 0x00, 0x41, 0x08, 0x41, 0x08, 0x41, 0x08, 0x41, 0x08, 0x61, 0x08, 0x62, 0x08, 0x62,
    0x08, 0x62, 0x08, 0x61, 0x08, 0x41, 0x08, 0x41, 0x00, 0x41, 0x00, 0x21, 0x00, 0x21, 0x08, 0x41,
    0x08, 0x41, 0x08, 0x61, 0x08, 0x61, 0x08, 0x61, 0x08, 0x61, 0x08, 0x41, 0x08, 0x41, 0x00, 0x41,
    0x00, 0x20, 0x00, 0x20, 0x00, 0x20, 0x00, 0x41, 0x08, 0x41, 0x08, 0x41, 0x08, 0x41, 0x08, 0x41,
    0x08, 0x41, 0x08, 0x41, 0x08, 0x41, 0x00, 0x20, 0x00, 0x20, 0x00, 0x20, 0x00, 0x20, 0x00, 0x20,
    0x00, 0x21, 0x08, 0x41, 0x08, 0x41, 0x08, 0x41, 0x08, 0x41, 0x00, 0x41, 0x00, 0x20, 0x00, 0x20,
    0x00, 0x20, 0x00, 0x20, 0x00, 0x20, 0x00, 0x20, 0x00, 0x20, 0x00, 0x20, 0x00, 0x00, 0x00, 0x00,
    0x00, 0x00, 0x00, 0x00, 0x00, 0x00, 0x00, 0x00, 0x00, 0x00, 0x00, 0x00, 0x00, 0x00, 0x00, 0x00,
    0x00, 0x00, 0x00, 0x00, 0x00, 0x00, 0x00, 0x00, 0x00, 0x00, 0x00, 0x00, 0x00, 0x00, 0x00, 0x00,
    0x00, 0x00, 0x00, 0x00, 0x00, 0x00, 0x00, 0x20, 0x00, 0x21, 0x00, 0x41, 0x08, 0x41, 0x08, 0x41,
    0x00, 0x41, 0x00, 0x20, 0x00, 0x41, 0x00, 0x21, 0x00, 0x20, 0x00, 0x20, 0x00, 0x20, 0x00, 0x20,
    0x08, 0x41, 0x08, 0x41, 0x08, 0x41, 0x08, 0x41, 0x08, 0x41, 0x08, 0x41, 0x08, 0x41, 0x08, 0x41,
    0x00, 0x21, 0x00, 0x20, 0x00, 0x20, 0x00, 0x20, 0x08, 0x41, 0x08, 0x61, 0x08, 0x61, 0x08, 0x61,
    0x08, 0x41, 0x08, 0x41, 0x08, 0x41, 0x08, 0x41, 0x08, 0x41, 0x00, 0x21, 0x00, 0x21, 0x00, 0x21,
    0x08, 0x61, 0x08, 0x61, 0x08, 0x61, 0x08, 0x61, 0x08, 0x61, 0x08, 0x41, 0x08, 0x61, 0x08, 0x41,
    0x08, 0x41, 0x00, 0x41, 0x00, 0x41, 0x08, 0x41, 0x08, 0x61, 0x08, 0x62, 0x08, 0x62, 0x08, 0x62,
    0x08, 0x61, 0x08, 0x61, 0x08, 0x61, 0x08, 0x61, 0x08, 0x41, 0x08, 0x41, 0x08, 0x41, 0x08, 0x41,
    0x08, 0x62, 0x08, 0x82, 0x08, 0x82, 0x08, 0x82, 0x08, 0x62, 0x08, 0x61, 0x08, 0x62, 0x08, 0x61,
    0x08, 0x41, 0x08, 0x41, 0x08, 0x41, 0x08, 0x41, 0x08, 0x62, 0x10, 0x82, 0x10, 0x82, 0x10, 0x82,
    0x08, 0x62, 0x08, 0x61, 0x08, 0x62, 0x08, 0x61, 0x08, 0x41, 0x08, 0x41, 0x08, 0x41, 0x08, 0x41,
    0x08, 0x82, 0x10, 0x82, 0x10, 0x82, 0x10, 0x82, 0x08, 0x82, 0x08, 0x61, 0x08, 0x82, 0x08, 0x61,
    0x08, 0x41, 0x08, 0x41, 0x08, 0x41, 0x08, 0x41, 0x08, 0x82, 0x10, 0x82, 0x10, 0x82, 0x10, 0x82,
    0x08, 0x82, 0x08, 0x61, 0x08, 0x82, 0x08, 0x61, 0x08, 0x61, 0x08, 0x41, 0x08, 0x41, 0x08, 0x41,
    0x08, 0x82, 0x10, 0x82, 0x10, 0x82, 0x10, 0x82, 0x08, 0x82, 0x08, 0x61, 0x08, 0x82, 0x08, 0x61,
    0x08, 0x61, 0x08, 0x41, 0x08, 0x41, 0x08, 0x41, 0x08, 0x82, 0x10, 0x82, 0x10, 0x82, 0x10, 0x82,
    0x08, 0x82, 0x08, 0x61, 0x08, 0x82, 0x08, 0x61, 0x08, 0x41, 0x08, 0x41, 0x08, 0x41, 0x08, 0x41,
    0x08, 0x82, 0x10, 0x82, 0x10, 0x82, 0x10, 0x82, 0x08, 0x62, 0x08, 0x61, 0x08, 0x62, 0x08, 0x61,
    0x08, 0x41, 0x08, 0x41, 0x08, 0x41, 0x08, 0x41, 0x08, 0x62, 0x08, 0x82, 0x10, 0x82, 0x08, 0x82,
    0x08, 0x62, 0x08, 0x61, 0x08, 0x62, 0x08, 0x61, 0x08, 0x41, 0x08, 0x41, 0x08, 0x41, 0x08, 0x41,
    0x08, 0x62, 0x08, 0x82, 0x08, 0x82, 0x08, 0x62, 0x08, 0x61, 0x08, 0x61, 0x08, 0x61, 0x08, 0x61,
    0x08, 0x41, 0x08, 0x41, 0x00, 0x41, 0x08, 0x41, 0x08, 0x61, 0x08, 0x62, 0x08, 0x62, 0x08, 0x62,
    0x08, 0x61, 0x08, 0x41, 0x08, 0x61, 0x08, 0x41, 0x08, 0x41, 0x00, 0x41, 0x00, 0x21, 0x00, 0x21,
    0x08, 0x61, 0x08, 0x61, 0x08, 0x61, 0x08, 0x61, 0x08, 0x41, 0x08, 0x41, 0x08, 0x41, 0x08, 0x41,
    0x00, 0x41, 0x00, 0x20, 0x00, 0x20, 0x00, 0x20, 0x08, 0x41, 0x08, 0x41, 0x08, 0x61, 0x08, 0x41,
    0x08, 0x41, 0x08, 0x41, 0x08, 0x41, 0x08, 0x41, 0x00, 0x20, 0x00, 0x20, 0x00, 0x20, 0x00, 0x20,
    0x08, 0x41, 0x08, 0x41, 0x08, 0x41, 0x08, 0x41, 0x00, 0x41, 0x00, 0x20, 0x00, 0x41, 0x00, 0x20,
    0x00, 0x20, 0x00, 0x20, 0x00, 0x20, 0x00, 0x20, 0x00, 0x20, 0x00, 0x00, 0x00, 0x00, 0x00, 0x00,
    0x00, 0x00, 0x00, 0x00, 0x00, 0x00, 0x00, 0x00, 0x00, 0x00, 0x00, 0x00, 0x00, 0x00, 0x00, 0x00,
    0x00, 0x00, 0x00, 0x00, 0x00, 0x00, 0x00, 0x00, 0x00, 0x00, 0x00, 0x00, 0x00, 0x00, 0x00, 0x00,
    0x00, 0x00, 0x00, 0x00, 0x00, 0x00, 0x00, 0x20, 0x00, 0x21, 0x00, 0x41, 0x00, 0x41, 0x00, 0x21,
    0x00, 0x20, 0x00, 0x20, 0x08, 0x41, 0x00, 0x41, 0x00, 0x21, 0x00, 0x20, 0x00, 0x20, 0x00, 0x20,
    0x08, 0x41, 0x08, 0x41, 0x08, 0x41, 0x08, 0x41, 0x00, 0x41, 0x00, 0x20, 0x08, 0x41, 0x08, 0x41,
    0x08, 0x41, 0x00, 0x21, 0x00, 0x20, 0x00, 0x20, 0x08, 0x41, 0x08, 0x61, 0x08, 0x61, 0x08, 0x41,
    0x08, 0x41, 0x00, 0x41, 0x08, 0x61, 0x08, 0x41, 0x08, 0x41, 0x08, 0x41, 0x00, 0x21, 0x00, 0x21,
    0x08, 0x61, 0x08, 0x61, 0x08, 0x61, 0x08, 0x61, 0x08, 0x41, 0x08, 0x41, 0x08, 0x61, 0x08, 0x61,
    0x08, 0x41, 0x08, 0x41, 0x00, 0x41, 0x00, 0x41, 0x08, 0x62, 0x08, 0x62, 0x08, 0x62, 0x08, 0x61,
    0x08, 0x61, 0x08, 0x41, 0x08, 0x62, 0x08, 0x61, 0x08, 0x61, 0x08, 0x41, 0x08, 0x41, 0x08, 0x41,
    0x08, 0x82, 0x08, 0x82, 0x08, 0x82, 0x08, 0x62, 0x08, 0x61, 0x08, 0x41, 0x08, 0x82, 0x08, 0x62,
    0x08, 0x61, 0x08, 0x41, 0x08, 0x41, 0x08, 0x41, 0x08, 0x82, 0x10, 0x82, 0x10, 0x82, 0x08, 0x62,
    0x08, 0x61, 0x08, 0x41, 0x10, 0x82, 0x08, 0x62, 0x08, 0x61, 0x08, 0x41, 0x08, 0x41, 0x08, 0x41,
    0x10, 0x82, 0x10, 0x82, 0x10, 0x82, 0x08, 0x82, 0x08, 0x61, 0x08, 0x41, 0x10, 0x82, 0x08, 0x82,
    0x08, 0x61, 0x08, 0x41, 0x08, 0x41, 0x08, 0x41, 0x10, 0x82, 0x10, 0x82, 0x10, 0x82, 0x08, 0x82,
    0x08, 0x61, 0x08, 0x41, 0x10, 0x82, 0x08, 0x82, 0x08, 0x61, 0x08, 0x61, 0x08, 0x41, 0x08, 0x41,
    0x10, 0x82, 0x10, 0x82, 0x10, 0x82, 0x08, 0x82, 0x08, 0x61, 0x08, 0x61, 0x10, 0x82, 0x08, 0x82,
    0x08, 0x61, 0x08, 0x41, 0x08, 0x41, 0x08, 0x41, 0x10, 0x82, 0x10, 0x82, 0x10, 0x82, 0x08, 0x82,
    0x08, 0x61, 0x08, 0x41, 0x10, 0x82, 0x08, 0x82, 0x08, 0x61, 0x08, 0x41, 0x08, 0x41, 0x08, 0x41,
    0x10, 0x82, 0x10, 0x82, 0x10, 0x82, 0x08, 0x62, 0x08, 0x61, 0x08, 0x41, 0x10, 0x82, 0x08, 0x62,
    0x08, 0x61, 0x08, 0x41, 0x08, 0x41, 0x08, 0x41, 0x08, 0x82, 0x10, 0x82, 0x08, 0x82, 0x08, 0x62,
    0x08, 0x61, 0x08, 0x41, 0x08, 0x82, 0x08, 0x62, 0x08, 0x61, 0x08, 0x41, 0x08, 0x41, 0x08, 0x41,
    0x08, 0x82, 0x08, 0x82, 0x08, 0x62, 0x08, 0x61, 0x08, 0x61, 0x08, 0x41, 0x08, 0x62, 0x08, 0x61,
    0x08, 0x61, 0x08, 0x41, 0x08, 0x41, 0x00, 0x41, 0x08, 0x62, 0x08, 0x62, 0x08, 0x62, 0x08, 0x61,
    0x08, 0x41, 0x08, 0x41, 0x08, 0x61, 0x08, 0x61, 0x08, 0x41, 0x08, 0x41, 0x00, 0x21, 0x00, 0x21,
    0x08, 0x61, 0x08, 0x61, 0x08, 0x61, 0x08, 0x41, 0x08, 0x41, 0x08, 0x41, 0x08, 0x61, 0x08, 0x41,
    0x08, 0x41, 0x00, 0x41, 0x00, 0x20, 0x00, 0x20, 0x08, 0x41, 0x08, 0x61, 0x08, 0x41, 0x08, 0x41,
    0x08, 0x41, 0x00, 0x21, 0x08, 0x41, 0x08, 0x41, 0x00, 0x41, 0x00, 0x20, 0x00, 0x20, 0x00, 0x20,
    0x08, 0x41, 0x08, 0x41, 0x08, 0x41, 0x08, 0x41, 0x00, 0x21, 0x00, 0x20, 0x08, 0x41, 0x00, 0x21,
    0x00, 0x20, 0x00, 0x20, 0x00, 0x20, 0x00, 0x20, 0x00, 0x21, 0x00, 0x00, 0x00, 0x00, 0x00, 0x00,
    0x00, 0x00, 0x00, 0x00, 0x00, 0x00, 0x00, 0x00, 0x00, 0x00, 0x00, 0x00, 0x00, 0x00, 0x00, 0x00,
    0x00, 0x00, 0x00, 0x00, 0x00, 0x00, 0x00, 0x00, 0x00, 0x00, 0x00, 0x00, 0x00, 0x00, 0x00, 0x00,
    0x00, 0x00, 0x00, 0x00, 0x00, 0x00, 0x00, 0x00, 0x00, 0x41, 0x00, 0x41, 0x00, 0x21, 0x00, 0x20,
    0x00, 0x20, 0x00, 0x20, 0x08, 0x41, 0x08, 0x41, 0x00, 0x41, 0x00, 0x21, 0x00, 0x20, 0x00, 0x20,
    0x08, 0x41, 0x08, 0x41, 0x08, 0x41, 0x00, 0x41, 0x00, 0x20, 0x00, 0x20, 0x08, 0x41, 0x08, 0x41,
    0x08, 0x41, 0x08, 0x41, 0x00, 0x21, 0x00, 0x20, 0x08, 0x61, 0x08, 0x61, 0x08, 0x41, 0x08, 0x41,
    0x00, 0x41, 0x00, 0x20, 0x08, 0x61, 0x08, 0x61, 0x08, 0x41, 0x08, 0x41, 0x08, 0x41, 0x00, 0x21,
    0x08, 0x61, 0x08, 0x61, 0x08, 0x61, 0x08, 0x41, 0x08, 0x41, 0x00, 0x41, 0x08, 0x62, 0x08, 0x61,
    0x08, 0x61, 0x08, 0x41, 0x08, 0x41, 0x00, 0x41, 0x08, 0x62, 0x08, 0x62, 0x08, 0x61, 0x08, 0x41,
    0x08, 0x41, 0x08, 0x41, 0x08, 0x82, 0x08, 0x62, 0x08, 0x61, 0x08, 0x61, 0x08, 0x41, 0x08, 0x41,
    0x08, 0x82, 0x08, 0x82, 0x08, 0x62, 0x08, 0x61, 0x08, 0x41, 0x08, 0x41, 0x10, 0x82, 0x08, 0x82,
    0x08, 0x62, 0x08, 0x61, 0x08, 0x41, 0x08, 0x41, 0x10, 0x82, 0x08, 0x82, 0x08, 0x62, 0x08, 0x61,
    0x08, 0x41, 0x08, 0x41, 0x10, 0x82, 0x10, 0x82, 0x08, 0x62, 0x08, 0x61, 0x08, 0x41, 0x08, 0x41,
    0x10, 0x82, 0x10, 0x82, 0x08, 0x82, 0x08, 0x61, 0x08, 0x41, 0x08, 0x41, 0x10, 0x82, 0x10, 0x82,
    0x08, 0x82, 0x08, 0x61, 0x08, 0x41, 0x08, 0x41, 0x10, 0x82, 0x10, 0x82, 0x08, 0x82, 0x08, 0x61,
    0x08, 0x41, 0x08, 0x41, 0x10, 0x82, 0x10, 0x82, 0x08, 0x82, 0x08, 0x61, 0x08, 0x41, 0x08, 0x41,
    0x10, 0x82, 0x10, 0x82, 0x08, 0x82, 0x08, 0x61, 0x08, 0x41, 0x08, 0x41, 0x10, 0x82, 0x10, 0x82,
    0x08, 0x82, 0x08, 0x61, 0x08, 0x41, 0x08, 0x41, 0x10, 0x82, 0x10, 0x82, 0x08, 0x82, 0x08, 0x61,
    0x08, 0x41, 0x08, 0x41, 0x10, 0x82, 0x10, 0x82, 0x08, 0x82, 0x08, 0x61, 0x08, 0x41, 0x08, 0x41,
    0x10, 0x82, 0x10, 0x82, 0x08, 0x62, 0x08, 0x61, 0x08, 0x41, 0x08, 0x41, 0x10, 0x82, 0x10, 0x82,
    0x08, 0x62, 0x08, 0x61, 0x08, 0x41, 0x08, 0x41, 0x10, 0x82, 0x08, 0x82, 0x08, 0x62, 0x08, 0x61,
    0x08, 0x41, 0x08, 0x41, 0x08, 0x82, 0x08, 0x82, 0x08, 0x62, 0x08, 0x61, 0x08, 0x41, 0x08, 0x41,
    0x08, 0x82, 0x08, 0x62, 0x08, 0x61, 0x08, 0x61, 0x08, 0x41, 0x08, 0x41, 0x08, 0x62, 0x08, 0x62,
    0x08, 0x61, 0x08, 0x41, 0x08, 0x41, 0x08, 0x41, 0x08, 0x62, 0x08, 0x62, 0x08, 0x61, 0x08, 0x41,
    0x08, 0x41, 0x00, 0x41, 0x08, 0x62, 0x08, 0x61, 0x08, 0x61, 0x08, 0x41, 0x08, 0x41, 0x00, 0x21,
    0x08, 0x61, 0x08, 0x61, 0x08, 0x41, 0x08, 0x41, 0x08, 0x41, 0x00, 0x21, 0x08, 0x61, 0x08, 0x61,
    0x08, 0x41, 0x08, 0x41, 0x00, 0x41, 0x00, 0x20, 0x08, 0x61, 0x08, 0x41, 0x08, 0x41, 0x08, 0x41,
    0x00, 0x21, 0x00, 0x20, 0x08, 0x41, 0x08, 0x41, 0x08, 0x41, 0x00, 0x41, 0x00, 0x20, 0x00, 0x20,
    0x08, 0x41, 0x08, 0x41, 0x08, 0x41, 0x00, 0x21, 0x00, 0x20, 0x00, 0x20, 0x08, 0x41, 0x08, 0x41,
    0x00, 0x21, 0x00, 0x20, 0x00, 0x20, 0x00, 0x20, 0x00, 0x00, 0x00, 0x00, 0x00, 0x00, 0x00, 0x00,
    0x00, 0x00, 0x00, 0x00, 0x00, 0x00, 0x00, 0x00, 0x00, 0x00, 0x00, 0x00, 0x00, 0x00, 0x00, 0x00,
    0x00, 0x00, 0x00, 0x00, 0x00, 0x00, 0x00, 0x00, 0x00, 0x00, 0x00, 0x00, 0x00, 0x00, 0x00, 0x00,
    0x00, 0x00, 0x00, 0x00, 0x00, 0x00, 0x00, 0x00, 0x00, 0x21, 0x00, 0x20, 0x00, 0x20, 0x00, 0x20,
    0x00, 0x20, 0x00, 0x20, 0x08, 0x41, 0x08, 0x41, 0x08, 0x41, 0x08, 0x41, 0x00, 0x21, 0x00, 0x20,
    0x08, 0x41, 0x08, 0x41, 0x00, 0x41, 0x00, 0x20, 0x00, 0x20, 0x00, 0x20, 0x08, 0x41, 0x08, 0x41,
    0x08, 0x41, 0x08, 0x41, 0x08, 0x41, 0x00, 0x21, 0x08, 0x41, 0x08, 0x41, 0x08, 0x41, 0x00, 0x41,
    0x00, 0x20, 0x00, 0x20, 0x08, 0x61, 0x08, 0x61, 0x08, 0x61, 0x08, 0x41, 0x08, 0x41, 0x08, 0x41,
    0x08, 0x61, 0x08, 0x61, 0x08, 0x41, 0x08, 0x41, 0x00, 0x21, 0x00, 0x21, 0x08, 0x61, 0x08, 0x62,
    0x08, 0x61, 0x08, 0x61, 0x08, 0x41, 0x08, 0x41, 0x08, 0x62, 0x08, 0x61, 0x08, 0x41, 0x08, 0x41,
    0x08, 0x41, 0x00, 0x41, 0x08, 0x62, 0x08, 0x82, 0x08, 0x62, 0x08, 0x61, 0x08, 0x61, 0x08, 0x41,
    0x08, 0x62, 0x08, 0x62, 0x08, 0x61, 0x08, 0x41, 0x08, 0x41, 0x08, 0x41, 0x08, 0x82, 0x10, 0x82,
    0x08, 0x82, 0x08, 0x62, 0x08, 0x61, 0x08, 0x41, 0x08, 0x82, 0x08, 0x62, 0x08, 0x61, 0x08, 0x41,
    0x08, 0x41, 0x08, 0x41, 0x10, 0x82, 0x10, 0x82, 0x10, 0x82, 0x08, 0x62, 0x08, 0x61, 0x08, 0x41,
    0x10, 0x82, 0x08, 0x62, 0x08, 0x61, 0x08, 0x41, 0x08, 0x41, 0x08, 0x41, 0x10, 0x82, 0x10, 0x82,
    0x10, 0x82, 0x08, 0x82, 0x08, 0x61, 0x08, 0x41, 0x10, 0x82, 0x08, 0x82, 0x08, 0x61, 0x08, 0x41,
    0x08, 0x41, 0x08, 0x41, 0x10, 0x82, 0x10, 0x82, 0x10, 0x82, 0x08, 0x82, 0x08, 0x61, 0x08, 0x41,
    0x10, 0x82, 0x08, 0x82, 0x08, 0x61, 0x08, 0x41, 0x08, 0x41, 0x08, 0x41, 0x10, 0x82, 0x10, 0x82,
    0x10, 0x82, 0x08, 0x82, 0x08, 0x61, 0x08, 0x41, 0x10, 0x82, 0x08, 0x82, 0x08, 0x61, 0x08, 0x41,
    0x08, 0x41, 0x08, 0x41, 0x10, 0x82, 0x10, 0x82, 0x10, 0x82, 0x08, 0x62, 0x08, 0x61, 0x08, 0x41,
    0x10, 0x82, 0x08, 0x62, 0x08, 0x61, 0x08, 0x41, 0x08, 0x41, 0x08, 0x41, 0x10, 0x82, 0x10, 0x82,
    0x08, 0x82, 0x08, 0x62, 0x08, 0x61, 0x08, 0x41, 0x08, 0x82, 0x08, 0x62, 0x08, 0x61, 0x08, 0x41,
    0x08, 0x41, 0x08, 0x41, 0x08, 0x82, 0x08, 0x82, 0x08, 0x82, 0x08, 0x62, 0x08, 0x61, 0x08, 0x41,
    0x08, 0x62, 0x08, 0x61, 0x08, 0x61, 0x08, 0x41, 0x08, 0x41, 0x00, 0x41, 0x08, 0x62, 0x08, 0x62,
    0x08, 0x62, 0x08, 0x61, 0x08, 0x41, 0x08, 0x41, 0x08, 0x62, 0x08, 0x61, 0x08, 0x41, 0x08, 0x41,
    0x00, 0x41, 0x00, 0x21, 0x08, 0x61, 0x08, 0x61, 0x08, 0x61, 0x08, 0x61, 0x08, 0x41, 0x08, 0x41,
    0x08, 0x61, 0x08, 0x61, 0x08, 0x41, 0x08, 0x41, 0x00, 0x21, 0x00, 0x20, 0x08, 0x61, 0x08, 0x61,
    0x08, 0x61, 0x08, 0x41, 0x08, 0x41, 0x00, 0x21, 0x08, 0x41, 0x08, 0x41, 0x08, 0x41, 0x00, 0x21,
    0x00, 0x20, 0x00, 0x20, 0x08, 0x41, 0x08, 0x41, 0x08, 0x41, 0x08, 0x41, 0x00, 0x21, 0x00, 0x20,
    0x08, 0x41, 0x08, 0x41, 0x00, 0x21, 0x00, 0x20, 0x00, 0x20, 0x00, 0x20, 0x08, 0x41, 0x08, 0x41,
    0x00, 0x41, 0x00, 0x21, 0x00, 0x20, 0x00, 0x20, 0x00, 0x00, 0x00, 0x00, 0x00, 0x00, 0x00, 0x00,
    0x00, 0x00, 0x00, 0x00, 0x00, 0x00, 0x00, 0x00, 0x00, 0x00, 0x00, 0x00, 0x00, 0x00, 0x00, 0x00,
    0x00, 0x00, 0x00, 0x00, 0x00, 0x00, 0x00, 0x00, 0x00, 0x00, 0x00, 0x00, 0x00, 0x00, 0x00, 0x00,
    0x00, 0x00, 0x00, 0x00, 0x00, 0x00, 0x00, 0x00, 0x00, 0x00, 0x00, 0x20, 0x00, 0x20, 0x00, 0x20,
    0x00, 0x20, 0x00, 0x20, 0x00, 0x41, 0x08, 0x41, 0x08, 0x41, 0x08, 0x41, 0x08, 0x41, 0x00, 0x21,
    0x08, 0x41, 0x00, 0x21, 0x00, 0x20, 0x00, 0x20, 0x00, 0x20, 0x00, 0x20, 0x08, 0x41, 0x08, 0x41,
    0x08, 0x41, 0x08, 0x41, 0x08, 0x41, 0x08, 0x41, 0x08, 0x41, 0x08, 0x41, 0x00, 0x21, 0x00, 0x20,
    0x00, 0x20, 0x00, 0x20, 0x08, 0x41, 0x08, 0x61, 0x08, 0x61, 0x08, 0x61, 0x08, 0x41, 0x08, 0x41,
    0x08, 0x61, 0x08, 0x41, 0x08, 0x41, 0x00, 0x21, 0x00, 0x21, 0x00, 0x41, 0x08, 0x61, 0x08, 0x61,
    0x08, 0x62, 0x08, 0x61, 0x08, 0x61, 0x08, 0x41, 0x08, 0x61, 0x08, 0x41, 0x08, 0x41, 0x08, 0x41,
    0x00, 0x41, 0x08, 0x41, 0x08, 0x61, 0x08, 0x62, 0x08, 0x82, 0x08, 0x62, 0x08, 0x61, 0x08, 0x61,
    0x08, 0x61, 0x08, 0x61, 0x08, 0x41, 0x08, 0x41, 0x08, 0x41, 0x08, 0x41, 0x08, 0x62, 0x08, 0x82,
    0x08, 0x82, 0x08, 0x82, 0x08, 0x62, 0x08, 0x61, 0x08, 0x62, 0x08, 0x61, 0x08, 0x41, 0x08, 0x41,
    0x08, 0x41, 0x08, 0x41, 0x08, 0x62, 0x10, 0x82, 0x10, 0x82, 0x10, 0x82, 0x08, 0x62, 0x08, 0x61,
    0x08, 0x62, 0x08, 0x61, 0x08, 0x41, 0x08, 0x41, 0x08, 0x41, 0x08, 0x41, 0x08, 0x62, 0x10, 0x82,
    0x10, 0x82, 0x10, 0x82, 0x08, 0x82, 0x08, 0x61, 0x08, 0x82, 0x08, 0x61, 0x08, 0x41, 0x08, 0x41,
    0x08, 0x41, 0x08, 0x41, 0x08, 0x82, 0x10, 0x82, 0x10, 0x82, 0x10, 0x82, 0x08, 0x82, 0x08, 0x61,
    0x08, 0x82, 0x08, 0x61, 0x08, 0x41, 0x08, 0x41, 0x08, 0x41, 0x08, 0x41, 0x08, 0x82, 0x10, 0x82,
    0x10, 0x82, 0x10, 0x82, 0x08, 0x82, 0x08, 0x61, 0x08, 0x82, 0x08, 0x61, 0x08, 0x41, 0x08, 0x41,
    0x08, 0x41, 0x08, 0x41, 0x08, 0x62, 0x10, 0x82, 0x10, 0x82, 0x10, 0x82, 0x08, 0x62, 0x08, 0x61,
    0x08, 0x62, 0x08, 0x61, 0x08, 0x41, 0x08, 0x41, 0x08, 0x41, 0x08, 0x41, 0x08, 0x62, 0x08, 0x82,
    0x10, 0x82, 0x08, 0x82, 0x08, 0x62, 0x08, 0x61, 0x08, 0x62, 0x08, 0x61, 0x08, 0x41, 0x08, 0x41,
    0x08, 0x41, 0x08, 0x41, 0x08, 0x62, 0x08, 0x82, 0x08, 0x82, 0x08, 0x82, 0x08, 0x61, 0x08, 0x61,
    0x08, 0x61, 0x08, 0x61, 0x08, 0x41, 0x08, 0x41, 0x00, 0x41, 0x08, 0x41, 0x08, 0x61, 0x08, 0x62,
    0x08, 0x62, 0x08, 0x62, 0x08, 0x61, 0x08, 0x41, 0x08, 0x61, 0x08, 0x41, 0x08, 0x41, 0x00, 0x41,
    0x00, 0x21, 0x00, 0x41, 0x08, 0x61, 0x08, 0x61, 0x08, 0x61, 0x08, 0x61, 0x08, 0x61, 0x08, 0x41,
    0x08, 0x61, 0x08, 0x41, 0x08, 0x41, 0x00, 0x21, 0x00, 0x20, 0x00, 0x20, 0x08, 0x41, 0x08, 0x61,
    0x08, 0x61, 0x08, 0x61, 0x08, 0x41, 0x08, 0x41, 0x08, 0x41, 0x08, 0x41, 0x00, 0x21, 0x00, 0x20,
    0x00, 0x20, 0x00, 0x20, 0x08, 0x41, 0x08, 0x41, 0x08, 0x41, 0x08, 0x41, 0x08, 0x41, 0x00, 0x21,
    0x08, 0x41, 0x00, 0x21, 0x00, 0x20, 0x00, 0x20, 0x00, 0x20, 0x00, 0x20, 0x00, 0x21, 0x00, 0x41,
    0x08, 0x41, 0x00, 0x41, 0x00, 0x20, 0x00, 0x00, 0x00, 0x00, 0x00, 0x00, 0x00, 0x00, 0x00, 0x00,
    0x00, 0x00, 0x00, 0x00, 0x00, 0x00, 0x00, 0x00, 0x00, 0x00, 0x00, 0x00, 0x00, 0x00, 0x00, 0x00,
    0x00, 0x00, 0x00, 0x00, 0x00, 0x00, 0x00, 0x00, 0x00, 0x00, 0x00, 0x00, 0x00, 0x00, 0x00, 0x00,
    0x00, 0x00, 0x00, 0x00, 0x00, 0x00, 0x00, 0x00, 0x00, 0x00, 0x00, 0x20, 0x00, 0x20, 0x00, 0x20,
    0x00, 0x20, 0x00, 0x20, 0x00, 0x20, 0x00, 0x41, 0x08, 0x41, 0x08, 0x41, 0x08, 0x41, 0x08, 0x41,
    0x00, 0x21, 0x00, 0x20, 0x00, 0x20, 0x00, 0x20, 0x00, 0x20, 0x00, 0x20, 0x00, 0x41, 0x08, 0x41,
    0x08, 0x41, 0x08, 0x41, 0x08, 0x41, 0x08, 0x41, 0x08, 0x41, 0x00, 0x21, 0x00, 0x20, 0x00, 0x20,
    0x00, 0x20, 0x00, 0x41, 0x08, 0x41, 0x08, 0x41, 0x08, 0x61, 0x08, 0x61, 0x08, 0x61, 0x08, 0x41,
    0x08, 0x41, 0x08, 0x41, 0x00, 0x21, 0x00, 0x21, 0x00, 0x21, 0x08, 0x41, 0x08, 0x41, 0x08, 0x61,
    0x08, 0x61, 0x08, 0x62, 0x08, 0x61, 0x08, 0x61, 0x08, 0x41, 0x08, 0x41, 0x08, 0x41, 0x00, 0x41,
    0x08, 0x41, 0x08, 0x41, 0x08, 0x41, 0x08, 0x61, 0x08, 0x62, 0x08, 0x82, 0x08, 0x62, 0x08, 0x61,
    0x08, 0x61, 0x08, 0x41, 0x08, 0x41, 0x08, 0x41, 0x08, 0x41, 0x08, 0x41, 0x08, 0x61, 0x08, 0x62,
    0x08, 0x82, 0x08, 0x82, 0x08, 0x82, 0x08, 0x62, 0x08, 0x61, 0x08, 0x41, 0x08, 0x41, 0x08, 0x41,
    0x08, 0x41, 0x08, 0x41, 0x08, 0x61, 0x08, 0x62, 0x10, 0x82, 0x10, 0x82, 0x10, 0x82, 0x08, 0x62,
    0x08, 0x61, 0x08, 0x41, 0x08, 0x41, 0x08, 0x41, 0x08, 0x41, 0x08, 0x41, 0x08, 0x61, 0x08, 0x62,
    0x10, 0x82, 0x10, 0x82, 0x10, 0x82, 0x08, 0x82, 0x08, 0x61, 0x08, 0x41, 0x08, 0x41, 0x08, 0x41,
    0x08, 0x41, 0x08, 0x41, 0x08, 0x61, 0x08, 0x82, 0x10, 0x82, 0x10, 0x82, 0x10, 0x82, 0x08, 0x82,
    0x08, 0x61, 0x08, 0x41, 0x08, 0x41, 0x08, 0x41, 0x08, 0x41, 0x08, 0x41, 0x08, 0x61, 0x08, 0x82,
    0x10, 0x82, 0x10, 0x82, 0x10, 0x82, 0x08, 0x82, 0x08, 0x61, 0x08, 0x41, 0x08, 0x41, 0x08, 0x41,
    0x08, 0x41, 0x08, 0x41, 0x08, 0x61, 0x08, 0x62, 0x10, 0x82, 0x10, 0x82, 0x10, 0x82, 0x08, 0x62,
    0x08, 0x61, 0x08, 0x41, 0x08, 0x41, 0x08, 0x41, 0x08, 0x41, 0x08, 0x41, 0x08, 0x61, 0x08, 0x62,
    0x08, 0x82, 0x10, 0x82, 0x08, 0x82, 0x08, 0x62, 0x08, 0x61, 0x08, 0x41, 0x08, 0x41, 0x08, 0x41,
    0x08, 0x41, 0x08, 0x41, 0x08, 0x61, 0x08, 0x62, 0x08, 0x62, 0x08, 0x82, 0x08, 0x62, 0x08, 0x61,
    0x08, 0x61, 0x08, 0x41, 0x08, 0x41, 0x00, 0x41, 0x08, 0x41, 0x08, 0x41, 0x08, 0x41, 0x08, 0x61,
    0x08, 0x62, 0x08, 0x62, 0x08, 0x62, 0x08, 0x61, 0x08, 0x41, 0x08, 0x41, 0x00, 0x41, 0x00, 0x21,
    0x00, 0x41, 0x08, 0x41, 0x08, 0x41, 0x08, 0x61, 0x08, 0x61, 0x08, 0x61, 0x08, 0x61, 0x08, 0x61,
    0x08, 0x41, 0x08, 0x41, 0x00, 0x21, 0x00, 0x20, 0x00, 0x20, 0x00, 0x41, 0x08, 0x41, 0x08, 0x41,
    0x08, 0x61, 0x08, 0x61, 0x08, 0x41, 0x08, 0x41, 0x08, 0x41, 0x00, 0x21, 0x00, 0x20, 0x00, 0x20,
    0x00, 0x20, 0x00, 0x20, 0x00, 0x41, 0x08, 0x41, 0x08, 0x41, 0x08, 0x41, 0x08, 0x41, 0x08, 0x41,
    0x00, 0x21, 0x00, 0x20, 0x00, 0x20, 0x00, 0x20, 0x00, 0x20, 0x00, 0x20, 0x00, 0x20, 0x00, 0x21,
    0x00, 0x41, 0x00, 0x41, 0x00, 0x21, 0x00, 0x00, 0x00, 0x00, 0x00, 0x00, 0x00, 0x00, 0x00, 0x00,
    0x00, 0x00, 0x00, 0x00, 0x00, 0x00, 0x00, 0x00, 0x00, 0x00, 0x00, 0x00, 0x00, 0x00, 0x00, 0x00,
    0x00, 0x00, 0x00, 0x00, 0x00, 0x00, 0x00, 0x00, 0x00, 0x00, 0x00, 0x00, 0x00, 0x00, 0x00, 0x00,
    0x00, 0x00, 0x00, 0x00, 0x00, 0x00, 0x00, 0x00, 0x00, 0x00, 0x00, 0x00, 0x00, 0x20, 0x00, 0x20,
    0x00, 0x20, 0x00, 0x20, 0x00, 0x21, 0x08, 0x41, 0x08, 0x41, 0x08, 0x41, 0x00, 0x41, 0x00, 0x21,
    0x08, 0x41, 0x00, 0x21, 0x00, 0x20, 0x00, 0x20, 0x00, 0x20, 0x00, 0x20, 0x08, 0x41, 0x08, 0x41,
    0x08, 0x41, 0x08, 0x41, 0x08, 0x41, 0x08, 0x41, 0x08, 0x41, 0x08, 0x41, 0x00, 0x21, 0x00, 0x20,
    0x00, 0x20, 0x00, 0x20, 0x08, 0x41, 0x08, 0x61, 0x08, 0x61, 0x08, 0x61, 0x08, 0x41, 0x08, 0x41,
    0x08, 0x41, 0x08, 0x41, 0x08, 0x41, 0x00, 0x21, 0x00, 0x21, 0x00, 0x21, 0x08, 0x61, 0x08, 0x61,
    0x08, 0x62, 0x08, 0x61, 0x08, 0x61, 0x08, 0x41, 0x08, 0x61, 0x08, 0x41, 0x08, 0x41, 0x08, 0x41,
    0x00, 0x41, 0x08, 0x41, 0x08, 0x61, 0x08, 0x62, 0x08, 0x62, 0x08, 0x62, 0x08, 0x61, 0x08, 0x61,
    0x08, 0x61, 0x08, 0x61, 0x08, 0x41, 0x08, 0x41, 0x08, 0x41, 0x08, 0x41, 0x08, 0x62, 0x08, 0x82,
    0x08, 0x82, 0x08, 0x82, 0x08, 0x62, 0x08, 0x61, 0x08, 0x62, 0x08, 0x61, 0x08, 0x41, 0x08, 0x41,
    0x08, 0x41, 0x08, 0x41, 0x08, 0x62, 0x08, 0x82, 0x10, 0x82, 0x08, 0x82, 0x08, 0x62, 0x08, 0x61,
    0x08, 0x62, 0x08, 0x61, 0x08, 0x41, 0x08, 0x41, 0x08, 0x41, 0x08, 0x41, 0x08, 0x62, 0x10, 0x82,
    0x10, 0x82, 0x10, 0x82, 0x08, 0x62, 0x08, 0x61, 0x08, 0x62, 0x08, 0x61, 0x08, 0x41, 0x08, 0x41,
    0x08, 0x41, 0x08, 0x41, 0x08, 0x82, 0x10, 0x82, 0x10, 0x82, 0x10, 0x82, 0x08, 0x82, 0x08, 0x61,
    0x08, 0x82, 0x08, 0x61, 0x08, 0x41, 0x08, 0x41, 0x08, 0x41, 0x08, 0x41, 0x08, 0x82, 0x10, 0x82,
    0x10, 0x82, 0x10, 0x82, 0x08, 0x62, 0x08, 0x61, 0x08, 0x62, 0x08, 0x61, 0x08, 0x41, 0x08, 0x41,
    0x08, 0x41, 0x08, 0x41, 0x08, 0x62, 0x10, 0x82, 0x10, 0x82, 0x10, 0x82, 0x08, 0x62, 0x08, 0x61,
    0x08, 0x62, 0x08, 0x61, 0x08, 0x41, 0x08, 0x41, 0x08, 0x41, 0x08, 0x41, 0x08, 0x62, 0x08, 0x82,
    0x10, 0x82, 0x08, 0x82, 0x08, 0x62, 0x08, 0x61, 0x08, 0x62, 0x08, 0x61, 0x08, 0x41, 0x08, 0x41,
    0x08, 0x41, 0x08, 0x41, 0x08, 0x62, 0x08, 0x62, 0x08, 0x82, 0x08, 0x62, 0x08, 0x61, 0x08, 0x61,
    0x08, 0x61, 0x08, 0x61, 0x08, 0x41, 0x08, 0x41, 0x00, 0x41, 0x08, 0x41, 0x08, 0x61, 0x08, 0x62,
    0x08, 0x62, 0x08, 0x62, 0x08, 0x61, 0x08, 0x41, 0x08, 0x61, 0x08, 0x41, 0x08, 0x41, 0x00, 0x41,
    0x00, 0x21, 0x00, 0x21, 0x08, 0x61, 0x08, 0x61, 0x08, 0x61, 0x08, 0x61, 0x08, 0x61, 0x08, 0x41,
    0x08, 0x41, 0x08, 0x41, 0x00, 0x41, 0x00, 0x20, 0x00, 0x20, 0x00, 0x20, 0x08, 0x41, 0x08, 0x61,
    0x08, 0x61, 0x08, 0x41, 0x08, 0x41, 0x08, 0x41, 0x08, 0x41, 0x08, 0x41, 0x00, 0x21, 0x00, 0x20,
    0x00, 0x20, 0x00, 0x20, 0x08, 0x41, 0x08, 0x41, 0x08, 0x41, 0x08, 0x41, 0x08, 0x41, 0x00, 0x21,
    0x08, 0x41, 0x00, 0x21, 0x00, 0x20, 0x00, 0x20, 0x00, 0x20, 0x00, 0x20, 0x00, 0x21, 0x00, 0x41,
    0x00, 0x41, 0x00, 0x21, 0x00, 0x00, 0x00, 0x00, 0x00, 0x00, 0x00, 0x00, 0x00, 0x00, 0x00, 0x00,
    0x00, 0x00, 0x00, 0x00, 0x00, 0x00, 0x00, 0x00, 0x00, 0x00, 0x00, 0x00, 0x00, 0x00, 0x00, 0x00,
    0x00, 0x00, 0x00, 0x00, 0x00, 0x00, 0x00, 0x00, 0x00, 0x00, 0x00, 0x00, 0x00, 0x00, 0x00, 0x00,
    0x00, 0x00, 0x00, 0x00, 0x00, 0x00, 0x00, 0x00, 0x00, 0x00, 0x00, 0x00, 0x00, 0x20, 0x00, 0x20,
    0x00, 0x20, 0x00, 0x20, 0x08, 0x41, 0x08, 0x41, 0x08, 0x41, 0x00, 0x41, 0x00, 0x20, 0x00, 0x20,
    0x08, 0x41, 0x08, 0x41, 0x00, 0x21, 0x00, 0x20, 0x00, 0x20, 0x00, 0x20, 0x08, 0x41, 0x08, 0x41,
    0x08, 0x41, 0x08, 0x41, 0x08, 0x41, 0x00, 0x21, 0x08, 0x41, 0x08, 0x41, 0x08, 0x41, 0x00, 0x21,
    0x00, 0x20, 0x00, 0x20, 0x08, 0x61, 0x08, 0x61, 0x08, 0x61, 0x08, 0x41, 0x08, 0x41, 0x08, 0x41,
    0x08, 0x61, 0x08, 0x41, 0x08, 0x41, 0x08, 0x41, 0x00, 0x21, 0x00, 0x21, 0x08, 0x61, 0x08, 0x61,
    0x08, 0x61, 0x08, 0x61, 0x08, 0x41, 0x08, 0x41, 0x08, 0x61, 0x08, 0x61, 0x08, 0x41, 0x08, 0x41,
    0x08, 0x41, 0x00, 0x41, 0x08, 0x62, 0x08, 0x62, 0x08, 0x62, 0x08, 0x61, 0x08, 0x61, 0x08, 0x41,
    0x08, 0x62, 0x08, 0x61, 0x08, 0x61, 0x08, 0x41, 0x08, 0x41, 0x08, 0x41, 0x08, 0x82, 0x08, 0x82,
    0x08, 0x82, 0x08, 0x62, 0x08, 0x61, 0x08, 0x41, 0x08, 0x82, 0x08, 0x62, 0x08, 0x61, 0x08, 0x41,
    0x08, 0x41, 0x08, 0x41, 0x08, 0x82, 0x10, 0x82, 0x08, 0x82, 0x08, 0x62, 0x08, 0x61, 0x08, 0x41,
    0x10, 0x82, 0x08, 0x62, 0x08, 0x61, 0x08, 0x41, 0x08, 0x41, 0x08, 0x41, 0x10, 0x82, 0x10, 0x82,
    0x10, 0x82, 0x08, 0x62, 0x08, 0x61, 0x08, 0x41, 0x10, 0x82, 0x08, 0x62, 0x08, 0x61, 0x08, 0x41,
    0x08, 0x41, 0x08, 0x41, 0x10, 0x82, 0x10, 0x82, 0x10, 0x82, 0x08, 0x62, 0x08, 0x61, 0x08, 0x41,
    0x10, 0x82, 0x08, 0x62, 0x08, 0x61, 0x08, 0x41, 0x08, 0x41, 0x08, 0x41, 0x10, 0x82, 0x10, 0x82,
    0x10, 0x82, 0x08, 0x62, 0x08, 0x61, 0x08, 0x41, 0x10, 0x82, 0x08, 0x62, 0x08, 0x61, 0x08, 0x41,
    0x08, 0x41, 0x08, 0x41, 0x10, 0x82, 0x10, 0x82, 0x10, 0x82, 0x08, 0x62, 0x08, 0x61, 0x08, 0x41,
    0x08, 0x82, 0x08, 0x62, 0x08, 0x61, 0x08, 0x41, 0x08, 0x41, 0x08, 0x41, 0x08, 0x82, 0x10, 0x82,
    0x08, 0x82, 0x08, 0x62, 0x08, 0x61, 0x08, 0x41, 0x08, 0x82, 0x08, 0x62, 0x08, 0x61, 0x08, 0x41,
    0x08, 0x41, 0x08, 0x41, 0x08, 0x62, 0x08, 0x82, 0x08, 0x62, 0x08, 0x61, 0x08, 0x61, 0x08, 0x41,
    0x08, 0x62, 0x08, 0x61, 0x08, 0x61, 0x08, 0x41, 0x08, 0x41, 0x00, 0x41, 0x08, 0x62, 0x08, 0x62,
    0x08, 0x62, 0x08, 0x61, 0x08, 0x41, 0x08, 0x41, 0x08, 0x61, 0x08, 0x61, 0x08, 0x41, 0x08, 0x41,
    0x00, 0x21, 0x00, 0x21, 0x08, 0x61, 0x08, 0x61, 0x08, 0x61, 0x08, 0x61, 0x08, 0x41, 0x08, 0x41,
    0x08, 0x61, 0x08, 0x41, 0x08, 0x41, 0x00, 0x41, 0x00, 0x20, 0x00, 0x20, 0x08, 0x61, 0x08, 0x61,
    0x08, 0x41, 0x08, 0x41, 0x08, 0x41, 0x00, 0x21, 0x08, 0x41, 0x08, 0x41, 0x08, 0x41, 0x00, 0x20,
    0x00, 0x20, 0x00, 0x20, 0x08, 0x41, 0x08, 0x41, 0x08, 0x41, 0x08, 0x41, 0x00, 0x21, 0x00, 0x20,
    0x08, 0x41, 0x00, 0x41, 0x00, 0x20, 0x00, 0x20, 0x00, 0x20, 0x00, 0x20, 0x00, 0x41, 0x00, 0x41,
    0x00, 0x21, 0x00, 0x20, 0x00, 0x00, 0x00, 0x00, 0x00, 0x00, 0x00, 0x00, 0x00, 0x00, 0x00, 0x00,
    0x00, 0x00, 0x00, 0x00, 0x00, 0x00, 0x00, 0x00, 0x00, 0x00, 0x00, 0x00, 0x00, 0x00, 0x00, 0x00,
    0x00, 0x00, 0x00, 0x00, 0x00, 0x00, 0x00, 0x00, 0x00, 0x00, 0x00, 0x00, 0x00, 0x00, 0x00, 0x00,
    0x00, 0x00, 0x00, 0x00, 0x00, 0x00, 0x00, 0x00, 0x00, 0x00, 0x00, 0x00, 0x00, 0x00, 0x00, 0x20,
    0x00, 0x20, 0x00, 0x20, 0x08, 0x41, 0x08, 0x41, 0x00, 0x21, 0x00, 0x20, 0x00, 0x20, 0x00, 0x20,
    0x08, 0x41, 0x08, 0x41, 0x08, 0x41, 0x00, 0x21, 0x00, 0x20, 0x00, 0x20, 0x08, 0x41, 0x08, 0x41,
    0x08, 0x41, 0x08, 0x41, 0x00, 0x21, 0x00, 0x20, 0x08, 0x41, 0x08, 0x41, 0x08, 0x41, 0x08, 0x41,
    0x00, 0x21, 0x00, 0x20, 0x08, 0x61, 0x08, 0x61, 0x08, 0x41, 0x08, 0x41, 0x00, 0x41, 0x00, 0x21,
    0x08, 0x61, 0x08, 0x61, 0x08, 0x61, 0x08, 0x41, 0x08, 0x41, 0x00, 0x21, 0x08, 0x61, 0x08, 0x61,
    0x08, 0x61, 0x08, 0x41, 0x08, 0x41, 0x00, 0x41, 0x08, 0x62, 0x08, 0x61, 0x08, 0x61, 0x08, 0x41,
    0x08, 0x41, 0x08, 0x41, 0x08, 0x62, 0x08, 0x62, 0x08, 0x61, 0x08, 0x41, 0x08, 0x41, 0x08, 0x41,
    0x08, 0x62, 0x08, 0x62, 0x08, 0x61, 0x08, 0x61, 0x08, 0x41, 0x08, 0x41, 0x08, 0x82, 0x08, 0x82,
    0x08, 0x62, 0x08, 0x61, 0x08, 0x41, 0x08, 0x41, 0x08, 0x82, 0x08, 0x82, 0x08, 0x62, 0x08, 0x61,
    0x08, 0x41, 0x08, 0x41, 0x10, 0x82, 0x08, 0x82, 0x08, 0x62, 0x08, 0x61, 0x08, 0x41, 0x08, 0x41,
    0x10, 0x82, 0x08, 0x82, 0x08, 0x62, 0x08, 0x61, 0x08, 0x41, 0x08, 0x41, 0x10, 0x82, 0x10, 0x82,
    0x08, 0x62, 0x08, 0x61, 0x08, 0x41, 0x08, 0x41, 0x10, 0x82, 0x10, 0x82, 0x08, 0x62, 0x08, 0x61,
    0x08, 0x41, 0x08, 0x41, 0x10, 0x82, 0x10, 0x82, 0x08, 0x62, 0x08, 0x61, 0x08, 0x41, 0x08, 0x41,
    0x10, 0x82, 0x10, 0x82, 0x08, 0x62, 0x08, 0x61, 0x08, 0x41, 0x08, 0x41, 0x10, 0x82, 0x10, 0x82,
    0x08, 0x62, 0x08, 0x61, 0x08, 0x41, 0x08, 0x41, 0x10, 0x82, 0x10, 0x82, 0x08, 0x62, 0x08, 0x61,
    0x08, 0x41, 0x08, 0x41, 0x10, 0x82, 0x10, 0x82, 0x08, 0x62, 0x08, 0x61, 0x08, 0x41, 0x08, 0x41,
    0x10, 0x82, 0x08, 0x82, 0x08, 0x62, 0x08, 0x61, 0x08, 0x41, 0x08, 0x41, 0x10, 0x82, 0x08, 0x82,
    0x08, 0x62, 0x08, 0x61, 0x08, 0x41, 0x08, 0x41, 0x08, 0x82, 0x08, 0x82, 0x08, 0x62, 0x08, 0x61,
    0x08, 0x41, 0x08, 0x41, 0x08, 0x82, 0x08, 0x62, 0x08, 0x61, 0x08, 0x61, 0x08, 0x41, 0x08, 0x41,
    0x08, 0x62, 0x08, 0x62, 0x08, 0x61, 0x08, 0x41, 0x08, 0x41, 0x08, 0x41, 0x08, 0x62, 0x08, 0x62,
    0x08, 0x61, 0x08, 0x41, 0x08, 0x41, 0x00, 0x41, 0x08, 0x62, 0x08, 0x61, 0x08, 0x61, 0x08, 0x41,
    0x08, 0x41, 0x00, 0x21, 0x08, 0x61, 0x08, 0x61, 0x08, 0x61, 0x08, 0x41, 0x08, 0x41, 0x00, 0x21,
    0x08, 0x61, 0x08, 0x61, 0x08, 0x41, 0x08, 0x41, 0x00, 0x41, 0x00, 0x20, 0x08, 0x61, 0x08, 0x41,
    0x08, 0x41, 0x08, 0x41, 0x00, 0x21, 0x00, 0x20, 0x08, 0x41, 0x08, 0x41, 0x08, 0x41, 0x00, 0x41,
    0x00, 0x20, 0x00, 0x20, 0x08, 0x41, 0x08, 0x41, 0x08, 0x41, 0x00, 0x21, 0x00, 0x20, 0x00, 0x20,
    0x08, 0x41, 0x08, 0x41, 0x00, 0x41, 0x00, 0x20, 0x00, 0x20, 0x00, 0x20, 0x08, 0x41, 0x00, 0x41,
    0x00, 0x20, 0x00, 0x00, 0x00, 0x00, 0x00, 0x00, 0x00, 0x00, 0x00, 0x00, 0x00, 0x00, 0x00, 0x00,
    0x00, 0x00, 0x00, 0x00, 0x00, 0x00, 0x00, 0x00, 0x00, 0x00, 0x00, 0x00, 0x00, 0x00, 0x00, 0x00,
    0x00, 0x00, 0x00, 0x00, 0x00, 0x00, 0x00, 0x00, 0x00, 0x00, 0x00, 0x00, 0x00, 0x00, 0x00, 0x00,
    0x00, 0x00, 0x00, 0x00, 0x00, 0x00, 0x00, 0x00, 0x00, 0x00, 0x00, 0x00, 0x00, 0x00, 0x00, 0x20,
    0x00, 0x20, 0x00, 0x20, 0x00, 0x41, 0x00, 0x21, 0x00, 0x20, 0x00, 0x20, 0x00, 0x20, 0x00, 0x20,
    0x08, 0x41, 0x08, 0x41, 0x08, 0x41, 0x08, 0x41, 0x00, 0x21, 0x00, 0x20, 0x08, 0x41, 0x08, 0x41,
    0x00, 0x41, 0x00, 0x20, 0x00, 0x20, 0x00, 0x20, 0x08, 0x41, 0x08, 0x41, 0x08, 0x41, 0x08, 0x41,
    0x08, 0x41, 0x00, 0x21, 0x08, 0x61, 0x08, 0x41, 0x08, 0x41, 0x00, 0x41, 0x00, 0x20, 0x00, 0x20,
    0x08, 0x61, 0x08, 0x61, 0x08, 0x61, 0x08, 0x61, 0x08, 0x41, 0x08, 0x41, 0x08, 0x61, 0x08, 0x61,
    0x08, 0x41, 0x08, 0x41, 0x00, 0x41, 0x00, 0x21, 0x08, 0x61, 0x08, 0x62, 0x08, 0x61, 0x08, 0x61,
    0x08, 0x41, 0x08, 0x41, 0x08, 0x62, 0x08, 0x61, 0x08, 0x41, 0x08, 0x41, 0x08, 0x41, 0x00, 0x41,
    0x08, 0x62, 0x08, 0x62, 0x08, 0x62, 0x08, 0x61, 0x08, 0x61, 0x08, 0x41, 0x08, 0x62, 0x08, 0x61,
    0x08, 0x61, 0x08, 0x41, 0x08, 0x41, 0x08, 0x41, 0x08, 0x82, 0x08, 0x82, 0x08, 0x82, 0x08, 0x62,
    0x08, 0x61, 0x08, 0x41, 0x08, 0x82, 0x08, 0x62, 0x08, 0x61, 0x08, 0x41, 0x08, 0x41, 0x08, 0x41,
    0x08, 0x82, 0x10, 0x82, 0x08, 0x82, 0x08, 0x62, 0x08, 0x61, 0x08, 0x41, 0x10, 0x82, 0x08, 0x62,
    0x08, 0x61, 0x08, 0x41, 0x08, 0x41, 0x08, 0x41, 0x10, 0x82, 0x10, 0x82, 0x10, 0x82, 0x08, 0x62,
    0x08, 0x61, 0x08, 0x41, 0x10, 0x82, 0x08, 0x62, 0x08, 0x61, 0x08, 0x41, 0x08, 0x41, 0x08, 0x41,
    0x10, 0x82, 0x10, 0x82, 0x10, 0x82, 0x08, 0x62, 0x08, 0x61, 0x08, 0x41, 0x10, 0x82, 0x08, 0x62,
    0x08, 0x61, 0x08, 0x41, 0x08, 0x41, 0x08, 0x41, 0x10, 0x82, 0x10, 0x82, 0x10, 0x82, 0x08, 0x62,
    0x08, 0x61, 0x08, 0x41, 0x10, 0x82, 0x08, 0x62, 0x08, 0x61, 0x08, 0x41, 0x08, 0x41, 0x08, 0x41,
    0x08, 0x82, 0x10, 0x82, 0x08, 0x82, 0x08, 0x62, 0x08, 0x61, 0x08, 0x41, 0x08, 0x82, 0x08, 0x62,
    0x08, 0x61, 0x08, 0x41, 0x08, 0x41, 0x08, 0x41, 0x08, 0x82, 0x08, 0x82, 0x08, 0x82, 0x08, 0x61,
    0x08, 0x61, 0x08, 0x41, 0x08, 0x62, 0x08, 0x61, 0x08, 0x61, 0x08, 0x41, 0x08, 0x41, 0x00, 0x41,
    0x08, 0x62, 0x08, 0x62, 0x08, 0x62, 0x08, 0x61, 0x08, 0x41, 0x08, 0x41, 0x08, 0x62, 0x08, 0x61,
    0x08, 0x41, 0x08, 0x41, 0x00, 0x41, 0x00, 0x21, 0x08, 0x61, 0x08, 0x61, 0x08, 0x61, 0x08, 0x61,
    0x08, 0x41, 0x08, 0x41, 0x08, 0x61, 0x08, 0x61, 0x08, 0x41, 0x08, 0x41, 0x00, 0x21, 0x00, 0x20,
    0x08, 0x61, 0x08, 0x61, 0x08, 0x61, 0x08, 0x41, 0x08, 0x41, 0x00, 0x41, 0x08, 0x41, 0x08, 0x41,
    0x08, 0x41, 0x00, 0x21, 0x00, 0x20, 0x00, 0x20, 0x08, 0x41, 0x08, 0x41, 0x08, 0x41, 0x08, 0x41,
    0x00, 0x41, 0x00, 0x20, 0x08, 0x41, 0x08, 0x41, 0x00, 0x21, 0x00, 0x20, 0x00, 0x20, 0x00, 0x20,
    0x08, 0x41, 0x08, 0x41, 0x08, 0x41, 0x00, 0x21, 0x00, 0x20, 0x00, 0x20, 0x00, 0x41, 0x00, 0x20,
    0x00, 0x20, 0x00, 0x00, 0x00, 0x00, 0x00, 0x00, 0x00, 0x00, 0x00, 0x00, 0x00, 0x00, 0x00, 0x00,
    0x00, 0x00, 0x00, 0x00, 0x00, 0x00, 0x00, 0x00, 0x00, 0x00, 0x00, 0x00, 0x00, 0x00, 0x00, 0x00,
    0x00, 0x00, 0x00, 0x00, 0x00, 0x00, 0x00, 0x00, 0x00, 0x00, 0x00, 0x00, 0x00, 0x00, 0x00, 0x00,
    0x00, 0x00, 0x00, 0x00, 0x00, 0x00, 0x00, 0x00, 0x00, 0x00, 0x00, 0x00, 0x00, 0x00, 0x00, 0x00,
    0x00, 0x20, 0x00, 0x20, 0x00, 0x21, 0x00, 0x20, 0x00, 0x20, 0x00, 0x20, 0x00, 0x20, 0x00, 0x20,
    0x00, 0x41, 0x08, 0x41, 0x08, 0x41, 0x08, 0x41, 0x08, 0x41, 0x00, 0x21, 0x08, 0x41, 0x00, 0x41,
    0x00, 0x20, 0x00, 0x20, 0x00, 0x20, 0x00, 0x20, 0x08, 0x41, 0x08, 0x41, 0x08, 0x41, 0x08, 0x41,
    0x08, 0x41, 0x08, 0x41, 0x08, 0x41, 0x08, 0x41, 0x00, 0x41, 0x00, 0x20, 0x00, 0x20, 0x00, 0x20,
    0x08, 0x41, 0x08, 0x61, 0x08, 0x61, 0x08, 0x61, 0x08, 0x61, 0x08, 0x41, 0x08, 0x61, 0x08, 0x41,
    0x08, 0x41, 0x00, 0x21, 0x00, 0x21, 0x00, 0x41, 0x08, 0x61, 0x08, 0x61, 0x08, 0x62, 0x08, 0x61,
    0x08, 0x61, 0x08, 0x41, 0x08, 0x61, 0x08, 0x41, 0x08, 0x41, 0x08, 0x41, 0x00, 0x41, 0x08, 0x41,
    0x08, 0x61, 0x08, 0x62, 0x08, 0x62, 0x08, 0x62, 0x08, 0x61, 0x08, 0x61, 0x08, 0x61, 0x08, 0x61,
    0x08, 0x41, 0x08, 0x41, 0x08, 0x41, 0x08, 0x41, 0x08, 0x62, 0x08, 0x82, 0x08, 0x82, 0x08, 0x82,
    0x08, 0x62, 0x08, 0x61, 0x08, 0x62, 0x08, 0x61, 0x08, 0x41, 0x08, 0x41, 0x08, 0x41, 0x08, 0x41,
    0x08, 0x62, 0x08, 0x82, 0x10, 0x82, 0x08, 0x82, 0x08, 0x62, 0x08, 0x61, 0x08, 0x62, 0x08, 0x61,
    0x08, 0x41, 0x08, 0x41, 0x08, 0x41, 0x08, 0x41, 0x08, 0x62, 0x10, 0x82, 0x10, 0x82, 0x10, 0x82,
    0x08, 0x62, 0x08, 0x61, 0x08, 0x62, 0x08, 0x61, 0x08, 0x41, 0x08, 0x41, 0x08, 0x41, 0x08, 0x41,
    0x08, 0x62, 0x10, 0x82, 0x10, 0x82, 0x10, 0x82, 0x08, 0x62, 0x08, 0x61, 0x08, 0x62, 0x08, 0x61,
    0x08, 0x41, 0x08, 0x41, 0x08, 0x41, 0x08, 0x41, 0x08, 0x62, 0x10, 0x82, 0x10, 0x82, 0x08, 0x82,
    0x08, 0x62, 0x08, 0x61, 0x08, 0x62, 0x08, 0x61, 0x08, 0x41, 0x08, 0x41, 0x08, 0x41, 0x08, 0x41,
    0x08, 0x62, 0x08, 0x82, 0x10, 0x82, 0x08, 0x82, 0x08, 0x62, 0x08, 0x61, 0x08, 0x62, 0x08, 0x61,
    0x08, 0x41, 0x08, 0x41, 0x08, 0x41, 0x08, 0x41, 0x08, 0x62, 0x08, 0x82, 0x08, 0x82, 0x08, 0x62,
    0x08, 0x61, 0x08, 0x61, 0x08, 0x61, 0x08, 0x61, 0x08, 0x41, 0x08, 0x41, 0x00, 0x41, 0x08, 0x41,
    0x08, 0x61, 0x08, 0x62, 0x08, 0x62, 0x08, 0x62, 0x08, 0x61, 0x08, 0x41, 0x08, 0x61, 0x08, 0x41,
    0x08, 0x41, 0x00, 0x41, 0x00, 0x21, 0x00, 0x41, 0x08, 0x61, 0x08, 0x61, 0x08, 0x61, 0x08, 0x61,
    0x08, 0x61, 0x08, 0x41, 0x08, 0x61, 0x08, 0x41, 0x08, 0x41, 0x00, 0x21, 0x00, 0x20, 0x00, 0x21,
    0x08, 0x41, 0x08, 0x61, 0x08, 0x61, 0x08, 0x61, 0x08, 0x41, 0x08, 0x41, 0x08, 0x41, 0x08, 0x41,
    0x00, 0x21, 0x00, 0x20, 0x00, 0x20, 0x00, 0x20, 0x08, 0x41, 0x08, 0x41, 0x08, 0x41, 0x08, 0x41,
    0x08, 0x41, 0x00, 0x41, 0x08, 0x41, 0x00, 0x21, 0x00, 0x20, 0x00, 0x20, 0x00, 0x20, 0x00, 0x20,
    0x00, 0x41, 0x08, 0x41, 0x08, 0x41, 0x08, 0x41, 0x00, 0x21, 0x00, 0x20, 0x00, 0x21, 0x00, 0x20,
    0x00, 0x00, 0x00, 0x00, 0x00, 0x00, 0x00, 0x00, 0x00, 0x00, 0x00, 0x00, 0x00, 0x00, 0x00, 0x00,
    0x00, 0x00, 0x00, 0x00, 0x00, 0x00, 0x00, 0x00, 0x00, 0x00, 0x00, 0x00, 0x00, 0x00, 0x00, 0x00,
    0x00, 0x00, 0x00, 0x00, 0x00, 0x00, 0x00, 0x00, 0x00, 0x00, 0x00, 0x00, 0x00, 0x00, 0x00, 0x00,
    0x00, 0x00, 0x00, 0x00, 0x00, 0x00, 0x00, 0x00, 0x00, 0x00, 0x00, 0x00, 0x00, 0x00, 0x00, 0x00,
    0x00, 0x21, 0x00, 0x20, 0x00, 0x20, 0x00, 0x20, 0x00, 0x20, 0x00, 0x20, 0x00, 0x20, 0x00, 0x20,
    0x00, 0x20, 0x00, 0x41, 0x08, 0x41, 0x08, 0x41, 0x08, 0x41, 0x08, 0x41, 0x00, 0x21, 0x00, 0x20,
    0x00, 0x20, 0x00, 0x20, 0x00, 0x20, 0x00, 0x20, 0x08, 0x41, 0x08, 0x41, 0x08, 0x41, 0x08, 0x41,
    0x08, 0x41, 0x08, 0x41, 0x08, 0x41, 0x00, 0x21, 0x00, 0x20, 0x00, 0x20, 0x00, 0x20, 0x00, 0x41,
    0x08, 0x41, 0x08, 0x41, 0x08, 0x61, 0x08, 0x61, 0x08, 0x61, 0x08, 0x61, 0x08, 0x41, 0x08, 0x41,
    0x00, 0x21, 0x00, 0x21, 0x00, 0x21, 0x08, 0x41, 0x08, 0x41, 0x08, 0x61, 0x08, 0x61, 0x08, 0x62,
    0x08, 0x61, 0x08, 0x61, 0x08, 0x41, 0x08, 0x41, 0x00, 0x41, 0x00, 0x41, 0x08, 0x41, 0x08, 0x41,
    0x08, 0x41, 0x08, 0x61, 0x08, 0x62, 0x08, 0x62, 0x08, 0x62, 0x08, 0x61, 0x08, 0x61, 0x08, 0x41,
    0x08, 0x41, 0x08, 0x41, 0x08, 0x41, 0x08, 0x41, 0x08, 0x61, 0x08, 0x62, 0x08, 0x82, 0x08, 0x82,
    0x08, 0x82, 0x08, 0x62, 0x08, 0x61, 0x08, 0x41, 0x08, 0x41, 0x08, 0x41, 0x08, 0x41, 0x08, 0x41,
    0x08, 0x61, 0x08, 0x62, 0x08, 0x82, 0x10, 0x82, 0x08, 0x82, 0x08, 0x62, 0x08, 0x61, 0x08, 0x41,
    0x08, 0x41, 0x08, 0x41, 0x08, 0x41, 0x08, 0x41, 0x08, 0x61, 0x08, 0x62, 0x10, 0x82, 0x10, 0x82,
    0x10, 0x82, 0x08, 0x62, 0x08, 0x61, 0x08, 0x41, 0x08, 0x41, 0x08, 0x41, 0x08, 0x41, 0x08, 0x41,
    0x08, 0x61, 0x08, 0x62, 0x10, 0x82, 0x10, 0x82, 0x10, 0x82, 0x08, 0x62, 0x08, 0x61, 0x08, 0x41,
    0x08, 0x41, 0x08, 0x41, 0x08, 0x41, 0x08, 0x41, 0x08, 0x61, 0x08, 0x62, 0x08, 0x82, 0x10, 0x82,
    0x08, 0x82, 0x08, 0x62, 0x08, 0x61, 0x08, 0x41, 0x08, 0x41, 0x08, 0x41, 0x08, 0x41, 0x08, 0x41,
    0x08, 0x61, 0x08, 0x62, 0x08, 0x82, 0x08, 0x82, 0x08, 0x82, 0x08, 0x62, 0x08, 0x61, 0x08, 0x41,
    0x08, 0x41, 0x08, 0x41, 0x08, 0x41, 0x08, 0x41, 0x08, 0x61, 0x08, 0x61, 0x08, 0x62, 0x08, 0x82,
    0x08, 0x62, 0x08, 0x61, 0x08, 0x61, 0x08, 0x41, 0x08, 0x41, 0x00, 0x41, 0x08, 0x41, 0x08, 0x41,
    0x08, 0x41, 0x08, 0x61, 0x08, 0x62, 0x08, 0x62, 0x08, 0x62, 0x08, 0x61, 0x08, 0x41, 0x08, 0x41,
    0x00, 0x41, 0x00, 0x21, 0x00, 0x41, 0x08, 0x41, 0x08, 0x41, 0x08, 0x61, 0x08, 0x61, 0x08, 0x61,
    0x08, 0x61, 0x08, 0x61, 0x08, 0x41, 0x08, 0x41, 0x00, 0x21, 0x00, 0x20, 0x00, 0x21, 0x00, 0x41,
    0x08, 0x41, 0x08, 0x41, 0x08, 0x61, 0x08, 0x61, 0x08, 0x61, 0x08, 0x41, 0x08, 0x41, 0x00, 0x21,
    0x00, 0x20, 0x00, 0x20, 0x00, 0x20, 0x00, 0x21, 0x08, 0x41, 0x08, 0x41, 0x08, 0x41, 0x08, 0x41,
    0x08, 0x41, 0x08, 0x41, 0x00, 0x21, 0x00, 0x20, 0x00, 0x20, 0x00, 0x20, 0x00, 0x20, 0x00, 0x20,
    0x00, 0x20, 0x00, 0x41, 0x08, 0x41, 0x08, 0x41, 0x00, 0x41, 0x00, 0x21, 0x00, 0x20, 0x00, 0x20,
    0x00, 0x00, 0x00, 0x00, 0x00, 0x00, 0x00, 0x00, 0x00, 0x00, 0x00, 0x00, 0x00, 0x00, 0x00, 0x00,
    0x00, 0x00, 0x00, 0x00, 0x00, 0x00, 0x00, 0x00, 0x00, 0x00, 0x00, 0x00, 0x00, 0x00, 0x00, 0x00,
    0x00, 0x00, 0x00, 0x00, 0x00, 0x00, 0x00, 0x00, 0x00, 0x00, 0x00, 0x00, 0x00, 0x00, 0x00, 0x00,
    0x00, 0x00, 0x00, 0x00, 0x00, 0x00, 0x00, 0x00, 0x00, 0x00, 0x00, 0x00, 0x00, 0x00, 0x00, 0x00,
    0x00, 0x00, 0x00, 0x20, 0x00, 0x21, 0x00, 0x20, 0x00, 0x20, 0x00, 0x20, 0x00, 0x20, 0x00, 0x20,
    0x00, 0x41, 0x08, 0x41, 0x08, 0x41, 0x08, 0x41, 0x08, 0x41, 0x00, 0x21, 0x08, 0x41, 0x00, 0x21,
    0x00, 0x20, 0x00, 0x20, 0x00, 0x20, 0x00, 0x20, 0x08, 0x41, 0x08, 0x41, 0x08, 0x41, 0x08, 0x41,
    0x08, 0x41, 0x08, 0x41, 0x08, 0x41, 0x08, 0x41, 0x00, 0x21, 0x00, 0x20, 0x00, 0x20, 0x00, 0x20,
    0x08, 0x41, 0x08, 0x61, 0x08, 0x61, 0x08, 0x61, 0x08, 0x41, 0x08, 0x41, 0x08, 0x61, 0x08, 0x41,
    0x08, 0x41, 0x00, 0x21, 0x00, 0x21, 0x00, 0x21, 0x08, 0x61, 0x08, 0x61, 0x08, 0x62, 0x08, 0x61,
    0x08, 0x61, 0x08, 0x41, 0x08, 0x61, 0x08, 0x41, 0x08, 0x41, 0x00, 0x41, 0x00, 0x41, 0x08, 0x41,
    0x08, 0x61, 0x08, 0x62, 0x08, 0x62, 0x08, 0x62, 0x08, 0x61, 0x08, 0x61, 0x08, 0x61, 0x08, 0x61,
    0x08, 0x41, 0x08, 0x41, 0x08, 0x41, 0x08, 0x41, 0x08, 0x61, 0x08, 0x62, 0x08, 0x82, 0x08, 0x82,
    0x08, 0x62, 0x08, 0x61, 0x08, 0x62, 0x08, 0x61, 0x08, 0x41, 0x08, 0x41, 0x08, 0x41, 0x08, 0x41,
    0x08, 0x62, 0x08, 0x82, 0x10, 0x82, 0x08, 0x82, 0x08, 0x62, 0x08, 0x61, 0x08, 0x62, 0x08, 0x61,
    0x08, 0x41, 0x08, 0x41, 0x08, 0x41, 0x08, 0x41, 0x08, 0x62, 0x08, 0x82, 0x10, 0x82, 0x08, 0x82,
    0x08, 0x62, 0x08, 0x61, 0x08, 0x62, 0x08, 0x61, 0x08, 0x41, 0x08, 0x41, 0x08, 0x41, 0x08, 0x41,
    0x08, 0x62, 0x08, 0x82, 0x10, 0x82, 0x08, 0x82, 0x08, 0x62, 0x08, 0x61, 0x08, 0x62, 0x08, 0x61,
    0x08, 0x41, 0x08, 0x41, 0x08, 0x41, 0x08, 0x41, 0x08, 0x62, 0x08, 0x82, 0x10, 0x82, 0x08, 0x82,
    0x08, 0x62, 0x08, 0x61, 0x08, 0x62, 0x08, 0x61, 0x08, 0x41, 0x08, 0x41, 0x08, 0x41, 0x08, 0x41,
    0x08, 0x62, 0x08, 0x82, 0x08, 0x82, 0x08, 0x82, 0x08, 0x62, 0x08, 0x61, 0x08, 0x62, 0x08, 0x61,
    0x08, 0x41, 0x08, 0x41, 0x08, 0x41, 0x08, 0x41, 0x08, 0x61, 0x08, 0x62, 0x08, 0x82, 0x08, 0x62,
    0x08, 0x61, 0x08, 0x61, 0x08, 0x61, 0x08, 0x61, 0x08, 0x41, 0x08, 0x41, 0x00, 0x41, 0x08, 0x41,
    0x08, 0x61, 0x08, 0x62, 0x08, 0x62, 0x08, 0x62, 0x08, 0x61, 0x08, 0x41, 0x08, 0x61, 0x08, 0x41,
    0x08, 0x41, 0x00, 0x41, 0x00, 0x21, 0x00, 0x21, 0x08, 0x61, 0x08, 0x61, 0x08, 0x61, 0x08, 0x61,
    0x08, 0x61, 0x08, 0x41, 0x08, 0x41, 0x08, 0x41, 0x08, 0x41, 0x00, 0x21, 0x00, 0x20, 0x00, 0x20,
    0x08, 0x41, 0x08, 0x61, 0x08, 0x61, 0x08, 0x61, 0x08, 0x41, 0x08, 0x41, 0x08, 0x41, 0x08, 0x41,
    0x00, 0x21, 0x00, 0x20, 0x00, 0x20, 0x00, 0x20, 0x08, 0x41, 0x08, 0x41, 0x08, 0x41, 0x08, 0x41,
    0x08, 0x41, 0x00, 0x21, 0x08, 0x41, 0x00, 0x21, 0x00, 0x20, 0x00, 0x20, 0x00, 0x20, 0x00, 0x20,
    0x00, 0x41, 0x08, 0x41, 0x08, 0x41, 0x00, 0x41, 0x00, 0x21, 0x00, 0x20, 0x00, 0x20, 0x00, 0x00,
    0x00, 0x00, 0x00, 0x00, 0x00, 0x00, 0x00, 0x00, 0x00, 0x00, 0x00, 0x00, 0x00, 0x00, 0x00, 0x00,
    0x00, 0x00, 0x00, 0x00, 0x00, 0x00, 0x00, 0x00, 0x00, 0x00, 0x00, 0x00, 0x00, 0x00, 0x00, 0x00,
    0x00, 0x00, 0x00, 0x00, 0x00, 0x00, 0x00, 0x00, 0x00, 0x00, 0x00, 0x00, 0x00, 0x00, 0x00, 0x00,
    0x00, 0x00, 0x00, 0x00, 0x00, 0x00, 0x00, 0x00, 0x00, 0x00, 0x00, 0x00, 0x00, 0x00, 0x00, 0x00,
    0x00, 0x00, 0x00, 0x00, 0x00, 0x21, 0x00, 0x21, 0x00, 0x20, 0x00, 0x20, 0x00, 0x20, 0x00, 0x20,
    0x08, 0x41, 0x08, 0x41, 0x08, 0x41, 0x08, 0x41, 0x00, 0x21, 0x00, 0x20, 0x08, 0x41, 0x08, 0x41,
    0x00, 0x41, 0x00, 0x20, 0x00, 0x20, 0x00, 0x20, 0x08, 0x41, 0x08, 0x41, 0x08, 0x41, 0x08, 0x41,
    0x08, 0x41, 0x00, 0x21, 0x08, 0x41, 0x08, 0x41, 0x08, 0x41, 0x00, 0x41, 0x00, 0x20, 0x00, 0x20,
    0x08, 0x61, 0x08, 0x61, 0x08, 0x61, 0x08, 0x41, 0x08, 0x41, 0x08, 0x41, 0x08, 0x61, 0x08, 0x61,
    0x08, 0x41, 0x08, 0x41, 0x00, 0x21, 0x00, 0x21, 0x08, 0x61, 0x08, 0x61, 0x08, 0x61, 0x08, 0x61,
    0x08, 0x41, 0x08, 0x41, 0x08, 0x61, 0x08, 0x61, 0x08, 0x41, 0x08, 0x41, 0x00, 0x41, 0x00, 0x41,
    0x08, 0x62, 0x08, 0x62, 0x08, 0x62, 0x08, 0x61, 0x08, 0x61, 0x08, 0x41, 0x08, 0x62, 0x08, 0x61,
    0x08, 0x61, 0x08, 0x41, 0x08, 0x41, 0x08, 0x41, 0x08, 0x62, 0x08, 0x82, 0x08, 0x62, 0x08, 0x62,
    0x08, 0x61, 0x08, 0x41, 0x08, 0x82, 0x08, 0x62, 0x08, 0x61, 0x08, 0x41, 0x08, 0x41, 0x08, 0x41,
    0x08, 0x82, 0x08, 0x82, 0x08, 0x82, 0x08, 0x62, 0x08, 0x61, 0x08, 0x41, 0x08, 0x82, 0x08, 0x62,
    0x08, 0x61, 0x08, 0x41, 0x08, 0x41, 0x08, 0x41, 0x08, 0x82, 0x10, 0x82, 0x08, 0x82, 0x08, 0x62,
    0x08, 0x61, 0x08, 0x41, 0x08, 0x82, 0x08, 0x62, 0x08, 0x61, 0x08, 0x41, 0x08, 0x41, 0x08, 0x41,
    0x08, 0x82, 0x10, 0x82, 0x08, 0x82, 0x08, 0x62, 0x08, 0x61, 0x08, 0x41, 0x08, 0x82, 0x08, 0x62,
    0x08, 0x61, 0x08, 0x41, 0x08, 0x41, 0x08, 0x41, 0x08, 0x82, 0x10, 0x82, 0x08, 0x82, 0x08, 0x62,
    0x08, 0x61, 0x08, 0x41, 0x08, 0x82, 0x08, 0x62, 0x08, 0x61, 0x08, 0x41, 0x08, 0x41, 0x08, 0x41,
    0x08, 0x82, 0x08, 0x82, 0x08, 0x82, 0x08, 0x62, 0x08, 0x61, 0x08, 0x41, 0x08, 0x82, 0x08, 0x62,
    0x08, 0x61, 0x08, 0x41, 0x08, 0x41, 0x08, 0x41, 0x08, 0x62, 0x08, 0x82, 0x08, 0x62, 0x08, 0x61,
    0x08, 0x61, 0x08, 0x41, 0x08, 0x62, 0x08, 0x61, 0x08, 0x41, 0x08, 0x41, 0x08, 0x41, 0x00, 0x41,
    0x08, 0x62, 0x08, 0x62, 0x08, 0x62, 0x08, 0x61, 0x08, 0x41, 0x08, 0x41, 0x08, 0x61, 0x08, 0x61,
    0x08, 0x41, 0x08, 0x41, 0x00, 0x21, 0x00, 0x21, 0x08, 0x61, 0x08, 0x61, 0x08, 0x61, 0x08, 0x61,
    0x08, 0x41, 0x08, 0x41, 0x08, 0x61, 0x08, 0x41, 0x08, 0x41, 0x00, 0x41, 0x00, 0x20, 0x00, 0x20,
    0x08, 0x61, 0x08, 0x61, 0x08, 0x61, 0x08, 0x41, 0x08, 0x41, 0x00, 0x21, 0x08, 0x41, 0x08, 0x41,
    0x08, 0x41, 0x00, 0x21, 0x00, 0x20, 0x00, 0x20, 0x08, 0x41, 0x08, 0x41, 0x08, 0x41, 0x08, 0x41,
    0x00, 0x21, 0x00, 0x20, 0x08, 0x41, 0x08, 0x41, 0x00, 0x21, 0x00, 0x20, 0x00, 0x20, 0x00, 0x20,
    0x08, 0x41, 0x08, 0x41, 0x00, 0x41, 0x00, 0x21, 0x00, 0x20, 0x00, 0x20, 0x00, 0x00, 0x00, 0x00,
    0x00, 0x00, 0x00, 0x00, 0x00, 0x00, 0x00, 0x00, 0x00, 0x00, 0x00, 0x00, 0x00, 0x00, 0x00, 0x00,
    0x00, 0x00, 0x00, 0x00, 0x00, 0x00, 0x00, 0x00, 0x00, 0x00, 0x00, 0x00, 0x00, 0x00, 0x00, 0x00,
    0x00, 0x00, 0x00, 0x00, 0x00, 0x00, 0x00, 0x00, 0x00, 0x00, 0x00, 0x00, 0x00, 0x00, 0x00, 0x00,
    0x00, 0x00, 0x00, 0x00, 0x00, 0x00, 0x00, 0x00, 0x00, 0x00, 0x00, 0x00, 0x00, 0x00, 0x00, 0x00,
    0x00, 0x00, 0x00, 0x00, 0x00, 0x41, 0x00, 0x21, 0x00, 0x21, 0x00, 0x20, 0x00, 0x20, 0x00, 0x20,
    0x08, 0x41, 0x08, 0x41, 0x00, 0x41, 0x00, 0x21, 0x00, 0x20, 0x00, 0x20, 0x08, 0x41, 0x08, 0x41,
    0x08, 0x41, 0x00, 0x41, 0x00, 0x20, 0x00, 0x20, 0x08, 0x41, 0x08, 0x41, 0x08, 0x41, 0x08, 0x41,
    0x00, 0x21, 0x00, 0x20, 0x08, 0x41, 0x08, 0x41, 0x08, 0x41, 0x08, 0x41, 0x00, 0x41, 0x00, 0x20,
    0x08, 0x61, 0x08, 0x61, 0x08, 0x41, 0x08, 0x41, 0x00, 0x41, 0x00, 0x21, 0x08, 0x61, 0x08, 0x61,
    0x08, 0x61, 0x08, 0x41, 0x08, 0x41, 0x00, 0x21, 0x08, 0x61, 0x08, 0x61, 0x08, 0x61, 0x08, 0x41,
    0x08, 0x41, 0x00, 0x41, 0x08, 0x62, 0x08, 0x61, 0x08, 0x61, 0x08, 0x41, 0x08, 0x41, 0x00, 0x41,
    0x08, 0x62, 0x08, 0x62, 0x08, 0x61, 0x08, 0x41, 0x08, 0x41, 0x08, 0x41, 0x08, 0x62, 0x08, 0x62,
    0x08, 0x61, 0x08, 0x61, 0x08, 0x41, 0x08, 0x41, 0x08, 0x82, 0x08, 0x62, 0x08, 0x61, 0x08, 0x61,
    0x08, 0x41, 0x08, 0x41, 0x08, 0x82, 0x08, 0x82, 0x08, 0x62, 0x08, 0x61, 0x08, 0x41, 0x08, 0x41,
    0x08, 0x82, 0x08, 0x82, 0x08, 0x62, 0x08, 0x61, 0x08, 0x41, 0x08, 0x41, 0x10, 0x82, 0x08, 0x82,
    0x08, 0x62, 0x08, 0x61, 0x08, 0x41, 0x08, 0x41, 0x10, 0x82, 0x08, 0x82, 0x08, 0x62, 0x08, 0x61,
    0x08, 0x41, 0x08, 0x41, 0x10, 0x82, 0x08, 0x82, 0x08, 0x62, 0x08, 0x61, 0x08, 0x41, 0x08, 0x41,
    0x10, 0x82, 0x08, 0x82, 0x08, 0x62, 0x08, 0x61, 0x08, 0x41, 0x08, 0x41, 0x10, 0x82, 0x08, 0x82,
    0x08, 0x62, 0x08, 0x61, 0x08, 0x41, 0x08, 0x41, 0x10, 0x82, 0x08, 0x82, 0x08, 0x62, 0x08, 0x61,
    0x08, 0x41, 0x08, 0x41, 0x10, 0x82, 0x08, 0x82, 0x08, 0x62, 0x08, 0x61, 0x08, 0x41, 0x08, 0x41,
    0x08, 0x82, 0x08, 0x82, 0x08, 0x62, 0x08, 0x61, 0x08, 0x41, 0x08, 0x41, 0x08, 0x82, 0x08, 0x62,
    0x08, 0x61, 0x08, 0x61, 0x08, 0x41, 0x08, 0x41, 0x08, 0x82, 0x08, 0x62, 0x08, 0x61, 0x08, 0x61,
    0x08, 0x41, 0x08, 0x41, 0x08, 0x62, 0x08, 0x62, 0x08, 0x61, 0x08, 0x41, 0x08, 0x41, 0x00, 0x41,
    0x08, 0x62, 0x08, 0x62, 0x08, 0x61, 0x08, 0x41, 0x08, 0x41, 0x00, 0x41, 0x08, 0x62, 0x08, 0x61,
    0x08, 0x61, 0x08, 0x41, 0x08, 0x41, 0x00, 0x21, 0x08, 0x61, 0x08, 0x61, 0x08, 0x61, 0x08, 0x41,
    0x08, 0x41, 0x00, 0x21, 0x08, 0x61, 0x08, 0x61, 0x08, 0x41, 0x08, 0x41, 0x00, 0x41, 0x00, 0x20,
    0x08, 0x61, 0x08, 0x61, 0x08, 0x41, 0x08, 0x41, 0x00, 0x21, 0x00, 0x20, 0x08, 0x41, 0x08, 0x41,
    0x08, 0x41, 0x08, 0x41, 0x00, 0x20, 0x00, 0x20, 0x08, 0x41, 0x08, 0x41, 0x08, 0x41, 0x00, 0x21,
    0x00, 0x20, 0x00, 0x20, 0x08, 0x41, 0x08, 0x41, 0x00, 0x41, 0x00, 0x20, 0x00, 0x20, 0x00, 0x20,
    0x08, 0x41, 0x00, 0x41, 0x00, 0x21, 0x00, 0x20, 0x00, 0x20, 0x00, 0x20, 0x00, 0x00, 0x00, 0x00,
    0x00, 0x00, 0x00, 0x00, 0x00, 0x00, 0x00, 0x00, 0x00, 0x00, 0x00, 0x00, 0x00, 0x00, 0x00, 0x00,
    0x00, 0x00, 0x00, 0x00, 0x00, 0x00, 0x00, 0x00, 0x00, 0x00, 0x00, 0x00, 0x00, 0x00, 0x00, 0x00,
    0x00, 0x00, 0x00, 0x00, 0x00, 0x00, 0x00, 0x00, 0x00, 0x00, 0x00, 0x00, 0x00, 0x00, 0x00, 0x00,
    0x00, 0x00, 0x00, 0x00, 0x00, 0x00, 0x00, 0x00, 0x00, 0x00, 0x00, 0x00, 0x00, 0x00, 0x00, 0x00,
    0x00, 0x00, 0x00, 0x00, 0x00, 0x00, 0x00, 0x41, 0x00, 0x41, 0x00, 0x21, 0x00, 0x20, 0x00, 0x20,
    0x08, 0x41, 0x00, 0x41, 0x00, 0x20, 0x00, 0x20, 0x00, 0x20, 0x00, 0x20, 0x08, 0x41, 0x08, 0x41,
    0x08, 0x41, 0x08, 0x41, 0x00, 0x41, 0x00, 0x20, 0x08, 0x41, 0x08, 0x41, 0x08, 0x41, 0x00, 0x21,
    0x00, 0x20, 0x00, 0x20, 0x08, 0x41, 0x08, 0x41, 0x08, 0x41, 0x08, 0x41, 0x08, 0x41, 0x00, 0x41,
    0x08, 0x61, 0x08, 0x41, 0x08, 0x41, 0x00, 0x41, 0x00, 0x21, 0x00, 0x20, 0x08, 0x61, 0x08, 0x61,
    0x08, 0x61, 0x08, 0x61, 0x08, 0x41, 0x08, 0x41, 0x08, 0x61, 0x08, 0x61, 0x08, 0x41, 0x08, 0x41,
    0x00, 0x41, 0x00, 0x21, 0x08, 0x61, 0x08, 0x62, 0x08, 0x61, 0x08, 0x61, 0x08, 0x41, 0x08, 0x41,
    0x08, 0x62, 0x08, 0x61, 0x08, 0x41, 0x08, 0x41, 0x08, 0x41, 0x00, 0x41, 0x08, 0x62, 0x08, 0x62,
    0x08, 0x62, 0x08, 0x61, 0x08, 0x61, 0x08, 0x41, 0x08, 0x62, 0x08, 0x61, 0x08, 0x61, 0x08, 0x41,
    0x08, 0x41, 0x08, 0x41, 0x08, 0x62, 0x08, 0x82, 0x08, 0x82, 0x08, 0x62, 0x08, 0x61, 0x08, 0x41,
    0x08, 0x82, 0x08, 0x62, 0x08, 0x61, 0x08, 0x41, 0x08, 0x41, 0x08, 0x41, 0x08, 0x82, 0x08, 0x82,
    0x08, 0x82, 0x08, 0x62, 0x08, 0x61, 0x08, 0x41, 0x08, 0x82, 0x08, 0x62, 0x08, 0x61, 0x08, 0x41,
    0x08, 0x41, 0x08, 0x41, 0x08, 0x82, 0x10, 0x82, 0x08, 0x82, 0x08, 0x62, 0x08, 0x61, 0x08, 0x41,
    0x08, 0x82, 0x08, 0x62, 0x08, 0x61, 0x08, 0x41, 0x08, 0x41, 0x08, 0x41, 0x08, 0x82, 0x10, 0x82,
    0x08, 0x82, 0x08, 0x62, 0x08, 0x61, 0x08, 0x41, 0x08, 0x82, 0x08, 0x62, 0x08, 0x61, 0x08, 0x41,
    0x08, 0x41, 0x08, 0x41, 0x08, 0x82, 0x08, 0x82, 0x08, 0x82, 0x08, 0x62, 0x08, 0x61, 0x08, 0x41,
    0x08, 0x82, 0x08, 0x62, 0x08, 0x61, 0x08, 0x41, 0x08, 0x41, 0x08, 0x41, 0x08, 0x62, 0x08, 0x82,
    0x08, 0x62, 0x08, 0x61, 0x08, 0x61, 0x08, 0x41, 0x08, 0x62, 0x08, 0x61, 0x08, 0x61, 0x08, 0x41,
    0x08, 0x41, 0x00, 0x41, 0x08, 0x62, 0x08, 0x62, 0x08, 0x62, 0x08, 0x61, 0x08, 0x41, 0x08, 0x41,
    0x08, 0x62, 0x08, 0x61, 0x08, 0x41, 0x08, 0x41, 0x00, 0x41, 0x00, 0x21, 0x08, 0x61, 0x08, 0x61,
    0x08, 0x61, 0x08, 0x61, 0x08, 0x41, 0x08, 0x41, 0x08, 0x61, 0x08, 0x61, 0x08, 0x41, 0x08, 0x41,
    0x00, 0x21, 0x00, 0x20, 0x08, 0x61, 0x08, 0x61, 0x08, 0x61, 0x08, 0x41, 0x08, 0x41, 0x00, 0x41,
    0x08, 0x61, 0x08, 0x41, 0x08, 0x41, 0x00, 0x21, 0x00, 0x20, 0x00, 0x20, 0x08, 0x41, 0x08, 0x41,
    0x08, 0x41, 0x08, 0x41, 0x00, 0x41, 0x00, 0x20, 0x08, 0x41, 0x08, 0x41, 0x00, 0x21, 0x00, 0x20,
    0x00, 0x20, 0x00, 0x20, 0x08, 0x41, 0x08, 0x41, 0x08, 0x41, 0x00, 0x41, 0x00, 0x20, 0x00, 0x20,
    0x08, 0x41, 0x00, 0x21, 0x00, 0x20, 0x00, 0x20, 0x00, 0x20, 0x00, 0x00, 0x00, 0x00, 0x00, 0x00,
    0x00, 0x00, 0x00, 0x00, 0x00, 0x00, 0x00, 0x00, 0x00, 0x00, 0x00, 0x00, 0x00, 0x00, 0x00, 0x00,
    0x00, 0x00, 0x00, 0x00, 0x00, 0x00, 0x00, 0x00, 0x00, 0x00, 0x00, 0x00, 0x00, 0x00, 0x00, 0x00,
    0x00, 0x00, 0x00, 0x00, 0x00, 0x00, 0x00, 0x00, 0x00, 0x00, 0x00, 0x00, 0x00, 0x00, 0x00, 0x00,
    0x00, 0x00, 0x00, 0x00, 0x00, 0x00, 0x00, 0x00, 0x00, 0x00, 0x00, 0x00, 0x00, 0x00, 0x00, 0x00,
    0x00, 0x00, 0x00, 0x00, 0x00, 0x00, 0x00, 0x21, 0x00, 0x41, 0x00, 0x41, 0x00, 0x21, 0x00, 0x20,
    0x00, 0x21, 0x00, 0x20, 0x00, 0x20, 0x00, 0x20, 0x00, 0x20, 0x00, 0x20, 0x08, 0x41, 0x08, 0x41,
    0x08, 0x41, 0x08, 0x41, 0x08, 0x41, 0x00, 0x41, 0x08, 0x41, 0x00, 0x41, 0x00, 0x20, 0x00, 0x20,
    0x00, 0x20, 0x00, 0x20, 0x08, 0x41, 0x08, 0x41, 0x08, 0x41, 0x08, 0x41, 0x08, 0x41, 0x08, 0x41,
    0x08, 0x41, 0x08, 0x41, 0x00, 0x41, 0x00, 0x20, 0x00, 0x20, 0x00, 0x21, 0x08, 0x41, 0x08, 0x61,
    0x08, 0x61, 0x08, 0x61, 0x08, 0x61, 0x08, 0x41, 0x08, 0x61, 0x08, 0x41, 0x08, 0x41, 0x00, 0x21,
    0x00, 0x21, 0x00, 0x41, 0x08, 0x61, 0x08, 0x61, 0x08, 0x62, 0x08, 0x61, 0x08, 0x61, 0x08, 0x41,
    0x08, 0x61, 0x08, 0x41, 0x08, 0x41, 0x08, 0x41, 0x00, 0x41, 0x08, 0x41, 0x08, 0x61, 0x08, 0x62,
    0x08, 0x62, 0x08, 0x62, 0x08, 0x61, 0x08, 0x61, 0x08, 0x61, 0x08, 0x61, 0x08, 0x41, 0x08, 0x41,
    0x00, 0x41, 0x08, 0x41, 0x08, 0x61, 0x08, 0x62, 0x08, 0x82, 0x08, 0x62, 0x08, 0x62, 0x08, 0x61,
    0x08, 0x62, 0x08, 0x61, 0x08, 0x41, 0x08, 0x41, 0x08, 0x41, 0x08, 0x41, 0x08, 0x62, 0x08, 0x82,
    0x08, 0x82, 0x08, 0x82, 0x08, 0x62, 0x08, 0x61, 0x08, 0x62, 0x08, 0x61, 0x08, 0x41, 0x08, 0x41,
    0x08, 0x41, 0x08, 0x41, 0x08, 0x62, 0x08, 0x82, 0x10, 0x82, 0x08, 0x82, 0x08, 0x62, 0x08, 0x61,
    0x08, 0x62, 0x08, 0x61, 0x08, 0x41, 0x08, 0x41, 0x08, 0x41, 0x08, 0x41, 0x08, 0x62, 0x08, 0x82,
    0x10, 0x82, 0x08, 0x82, 0x08, 0x62, 0x08, 0x61, 0x08, 0x62, 0x08, 0x61, 0x08, 0x41, 0x08, 0x41,
    0x08, 0x41, 0x08, 0x41, 0x08, 0x62, 0x08, 0x82, 0x08, 0x82, 0x08, 0x82, 0x08, 0x62, 0x08, 0x61,
    0x08, 0x62, 0x08, 0x61, 0x08, 0x41, 0x08, 0x41, 0x08, 0x41, 0x08, 0x41, 0x08, 0x61, 0x08, 0x62,
    0x08, 0x82, 0x08, 0x62, 0x08, 0x61, 0x08, 0x61, 0x08, 0x61, 0x08, 0x61, 0x08, 0x41, 0x08, 0x41,
    0x00, 0x41, 0x08, 0x41, 0x08, 0x61, 0x08, 0x62, 0x08, 0x62, 0x08, 0x62, 0x08, 0x61, 0x08, 0x41,
    0x08, 0x61, 0x08, 0x41, 0x08, 0x41, 0x00, 0x41, 0x00, 0x21, 0x00, 0x41, 0x08, 0x61, 0x08, 0x61,
    0x08, 0x61, 0x08, 0x61, 0x08, 0x61, 0x08, 0x41, 0x08, 0x61, 0x08, 0x41, 0x08, 0x41, 0x00, 0x21,
    0x00, 0x20, 0x00, 0x21, 0x08, 0x41, 0x08, 0x61, 0x08, 0x61, 0x08, 0x61, 0x08, 0x41, 0x08, 0x41,
    0x08, 0x41, 0x08, 0x41, 0x00, 0x21, 0x00, 0x20, 0x00, 0x20, 0x00, 0x20, 0x08, 0x41, 0x08, 0x41,
    0x08, 0x41, 0x08, 0x41, 0x08, 0x41, 0x00, 0x41, 0x08, 0x41, 0x00, 0x41, 0x00, 0x20, 0x00, 0x20,
    0x00, 0x20, 0x00, 0x20, 0x08, 0x41, 0x08, 0x41, 0x08, 0x41, 0x08, 0x41, 0x00, 0x21, 0x00, 0x20,
    0x00, 0x21, 0x00, 0x20, 0x00, 0x20, 0x00, 0x20, 0x00, 0x20, 0x00, 0x00, 0x00, 0x00, 0x00, 0x00,
    0x00, 0x00, 0x00, 0x00, 0x00, 0x00, 0x00, 0x00, 0x00, 0x00, 0x00, 0x00, 0x00, 0x00, 0x00, 0x00,
    0x00, 0x00, 0x00, 0x00, 0x00, 0x00, 0x00, 0x00, 0x00, 0x00, 0x00, 0x00, 0x00, 0x00, 0x00, 0x00,
    0x00, 0x00, 0x00, 0x00, 0x00, 0x00, 0x00, 0x00, 0x00, 0x00, 0x00, 0x00, 0x00, 0x00, 0x00, 0x00,
    0x00, 0x00, 0x00, 0x00, 0x00, 0x00, 0x00, 0x00, 0x00, 0x00, 0x00, 0x00, 0x00, 0x00, 0x00, 0x00,
    0x00, 0x00, 0x00, 0x00, 0x00, 0x00, 0x00, 0x00, 0x00, 0x21, 0x00, 0x41, 0x00, 0x41, 0x00, 0x21,
    0x00, 0x20, 0x00, 0x20, 0x00, 0x20, 0x00, 0x20, 0x00, 0x20, 0x00, 0x20, 0x00, 0x21, 0x08, 0x41,
    0x08, 0x41, 0x08, 0x41, 0x08, 0x41, 0x08, 0x41, 0x00, 0x41, 0x00, 0x20, 0x00, 0x20, 0x00, 0x20,
    0x00, 0x20, 0x00, 0x21, 0x08, 0x41, 0x08, 0x41, 0x08, 0x41, 0x08, 0x41, 0x08, 0x41, 0x08, 0x41,
    0x08, 0x41, 0x00, 0x41, 0x00, 0x20, 0x00, 0x20, 0x00, 0x20, 0x00, 0x41, 0x08, 0x41, 0x08, 0x41,
    0x08, 0x61, 0x08, 0x61, 0x08, 0x61, 0x08, 0x61, 0x08, 0x41, 0x08, 0x41, 0x00, 0x21, 0x00, 0x21,
    0x00, 0x21, 0x08, 0x41, 0x08, 0x41, 0x08, 0x61, 0x08, 0x61, 0x08, 0x62, 0x08, 0x61, 0x08, 0x61,
    0x08, 0x41, 0x08, 0x41, 0x00, 0x41, 0x00, 0x21, 0x00, 0x41, 0x08, 0x41, 0x08, 0x41, 0x08, 0x61,
    0x08, 0x62, 0x08, 0x62, 0x08, 0x62, 0x08, 0x61, 0x08, 0x61, 0x08, 0x41, 0x08, 0x41, 0x00, 0x41,
    0x08, 0x41, 0x08, 0x41, 0x08, 0x61, 0x08, 0x61, 0x08, 0x62, 0x08, 0x82, 0x08, 0x62, 0x08, 0x61,
    0x08, 0x61, 0x08, 0x41, 0x08, 0x41, 0x08, 0x41, 0x08, 0x41, 0x08, 0x41, 0x08, 0x61, 0x08, 0x62,
    0x08, 0x82, 0x08, 0x82, 0x08, 0x82, 0x08, 0x62, 0x08, 0x61, 0x08, 0x41, 0x08, 0x41, 0x08, 0x41,
    0x08, 0x41, 0x08, 0x41, 0x08, 0x61, 0x08, 0x62, 0x08, 0x82, 0x08, 0x82, 0x08, 0x82, 0x08, 0x62,
    0x08, 0x61, 0x08, 0x41, 0x08, 0x41, 0x08, 0x41, 0x08, 0x41, 0x08, 0x41, 0x08, 0x61, 0x08, 0x62,
    0x08, 0x82, 0x08, 0x82, 0x08, 0x82, 0x08, 0x62, 0x08, 0x61, 0x08, 0x41, 0x08, 0x41, 0x08, 0x41,
    0x08, 0x41, 0x08, 0x41, 0x08, 0x61, 0x08, 0x62, 0x08, 0x82, 0x08, 0x82, 0x08, 0x82, 0x08, 0x61,
    0x08, 0x61, 0x08, 0x41, 0x08, 0x41, 0x08, 0x41, 0x08, 0x41, 0x08, 0x41, 0x08, 0x61, 0x08, 0x61,
    0x08, 0x62, 0x08, 0x62, 0x08, 0x62, 0x08, 0x61, 0x08, 0x61, 0x08, 0x41, 0x08, 0x41, 0x00, 0x41,
    0x08, 0x41, 0x08, 0x41, 0x08, 0x41, 0x08, 0x61, 0x08, 0x62, 0x08, 0x62, 0x08, 0x62, 0x08, 0x61,
    0x08, 0x41, 0x08, 0x41, 0x00, 0x41, 0x00, 0x21, 0x00, 0x41, 0x08, 0x41, 0x08, 0x41, 0x08, 0x61,
    0x08, 0x61, 0x08, 0x61, 0x08, 0x61, 0x08, 0x61, 0x08, 0x41, 0x08, 0x41, 0x00, 0x21, 0x00, 0x20,
    0x00, 0x21, 0x00, 0x41, 0x08, 0x41, 0x08, 0x41, 0x08, 0x61, 0x08, 0x61, 0x08, 0x61, 0x08, 0x41,
    0x08, 0x41, 0x00, 0x21, 0x00, 0x20, 0x00, 0x20, 0x00, 0x20, 0x00, 0x21, 0x08, 0x41, 0x08, 0x41,
    0x08, 0x41, 0x08, 0x41, 0x08, 0x41, 0x08, 0x41, 0x00, 0x41, 0x00, 0x20, 0x00, 0x20, 0x00, 0x20,
    0x00, 0x20, 0x00, 0x20, 0x00, 0x21, 0x00, 0x41, 0x08, 0x41, 0x08, 0x41, 0x08, 0x41, 0x00, 0x21,
    0x00, 0x20, 0x00, 0x20, 0x00, 0x20, 0x00, 0x20, 0x00, 0x00, 0x00, 0x00, 0x00, 0x00, 0x00, 0x00,
    0x00, 0x00, 0x00, 0x00, 0x00, 0x00, 0x00, 0x00, 0x00, 0x00, 0x00, 0x00, 0x00, 0x00, 0x00, 0x00,
    0x00, 0x00, 0x00, 0x00, 0x00, 0x00, 0x00, 0x00, 0x00, 0x00, 0x00, 0x00, 0x00, 0x00, 0x00, 0x00,
    0x00, 0x00, 0x00, 0x00, 0x00, 0x00, 0x00, 0x00, 0x00, 0x00, 0x00, 0x00, 0x00, 0x00, 0x00, 0x00,
    0x00, 0x00, 0x00, 0x00, 0x00, 0x00, 0x00, 0x00, 0x00, 0x00, 0x00, 0x00, 0x00, 0x00, 0x00, 0x00,
    0x00, 0x00, 0x00, 0x00, 0x00, 0x00, 0x00, 0x00, 0x00, 0x00, 0x00, 0x21, 0x00, 0x21, 0x00, 0x20,
    0x00, 0x21, 0x00, 0x20, 0x00, 0x20, 0x00, 0x20, 0x00, 0x20, 0x00, 0x20, 0x00, 0x41, 0x08, 0x41,
    0x08, 0x41, 0x08, 0x41, 0x08, 0x41, 0x00, 0x21, 0x08, 0x41, 0x00, 0x41, 0x00, 0x20, 0x00, 0x20,
    0x00, 0x20, 0x00, 0x20, 0x08, 0x41, 0x08, 0x41, 0x08, 0x41, 0x08, 0x41, 0x08, 0x41, 0x08, 0x41,
    0x08, 0x41, 0x08, 0x41, 0x00, 0x41, 0x00, 0x20, 0x00, 0x20, 0x00, 0x20, 0x08, 0x41, 0x08, 0x61,
    0x08, 0x61, 0x08, 0x61, 0x08, 0x41, 0x08, 0x41, 0x08, 0x61, 0x08, 0x41, 0x08, 0x41, 0x00, 0x21,
    0x00, 0x21, 0x00, 0x21, 0x08, 0x61, 0x08, 0x61, 0x08, 0x61, 0x08, 0x61, 0x08, 0x61, 0x08, 0x41,
    0x08, 0x61, 0x08, 0x41, 0x08, 0x41, 0x00, 0x41, 0x00, 0x21, 0x00, 0x41, 0x08, 0x61, 0x08, 0x62,
    0x08, 0x62, 0x08, 0x62, 0x08, 0x61, 0x08, 0x41, 0x08, 0x61, 0x08, 0x61, 0x08, 0x41, 0x08, 0x41,
    0x00, 0x41, 0x08, 0x41, 0x08, 0x61, 0x08, 0x62, 0x08, 0x82, 0x08, 0x62, 0x08, 0x61, 0x08, 0x61,
    0x08, 0x61, 0x08, 0x61, 0x08, 0x41, 0x08, 0x41, 0x08, 0x41, 0x08, 0x41, 0x08, 0x62, 0x08, 0x82,
    0x08, 0x82, 0x08, 0x82, 0x08, 0x62, 0x08, 0x61, 0x08, 0x62, 0x08, 0x61, 0x08, 0x41, 0x08, 0x41,
    0x08, 0x41, 0x08, 0x41, 0x08, 0x62, 0x08, 0x82, 0x08, 0x82, 0x08, 0x82, 0x08, 0x62, 0x08, 0x61,
    0x08, 0x62, 0x08, 0x61, 0x08, 0x41, 0x08, 0x41, 0x08, 0x41, 0x08, 0x41, 0x08, 0x62, 0x08, 0x82,
    0x08, 0x82, 0x08, 0x82, 0x08, 0x62, 0x08, 0x61, 0x08, 0x62, 0x08, 0x61, 0x08, 0x41, 0x08, 0x41,
    0x08, 0x41, 0x08, 0x41, 0x08, 0x62, 0x08, 0x82, 0x08, 0x82, 0x08, 0x62, 0x08, 0x61, 0x08, 0x61,
    0x08, 0x61, 0x08, 0x61, 0x08, 0x41, 0x08, 0x41, 0x00, 0x41, 0x08, 0x41, 0x08, 0x61, 0x08, 0x62,
    0x08, 0x62, 0x08, 0x62, 0x08, 0x61, 0x08, 0x41, 0x08, 0x61, 0x08, 0x41, 0x08, 0x41, 0x08, 0x41,
    0x00, 0x41, 0x08, 0x41, 0x08, 0x61, 0x08, 0x62, 0x08, 0x62, 0x08, 0x61, 0x08, 0x61, 0x08, 0x41,
    0x08, 0x61, 0x08, 0x41, 0x08, 0x41, 0x00, 0x41, 0x00, 0x21, 0x00, 0x21, 0x08, 0x61, 0x08, 0x61,
    0x08, 0x61, 0x08, 0x61, 0x08, 0x61, 0x08, 0x41, 0x08, 0x41, 0x08, 0x41, 0x08, 0x41, 0x00, 0x21,
    0x00, 0x20, 0x00, 0x20, 0x08, 0x41, 0x08, 0x61, 0x08, 0x61, 0x08, 0x61, 0x08, 0x41, 0x08, 0x41,
    0x08, 0x41, 0x08, 0x41, 0x00, 0x21, 0x00, 0x20, 0x00, 0x20, 0x00, 0x20, 0x08, 0x41, 0x08, 0x41,
    0x08, 0x41, 0x08, 0x41, 0x08, 0x41, 0x00, 0x41, 0x08, 0x41, 0x00, 0x21, 0x00, 0x20, 0x00, 0x20,
    0x00, 0x20, 0x00, 0x20, 0x00, 0x41, 0x08, 0x41, 0x08, 0x41, 0x08, 0x41, 0x00, 0x21, 0x00, 0x20,
    0x00, 0x21, 0x00, 0x20, 0x00, 0x20, 0x00, 0x00, 0x00, 0x00, 0x00, 0x00, 0x00, 0x00, 0x00, 0x00,
    0x00, 0x00, 0x00, 0x00, 0x00, 0x00, 0x00, 0x00, 0x00, 0x00, 0x00, 0x00, 0x00, 0x00, 0x00, 0x00,
    0x00, 0x00, 0x00, 0x00, 0x00, 0x00, 0x00, 0x00, 0x00, 0x00, 0x00, 0x00, 0x00, 0x00, 0x00, 0x00,
    0x00, 0x00, 0x00, 0x00, 0x00, 0x00, 0x00, 0x00, 0x00, 0x00, 0x00, 0x00, 0x00, 0x00, 0x00, 0x00,
    0x00, 0x00, 0x00, 0x00, 0x00, 0x00, 0x00, 0x00, 0x00, 0x00, 0x00, 0x00, 0x00, 0x00, 0x00, 0x00,
    0x00, 0x00, 0x00, 0x00, 0x00, 0x00, 0x00, 0x00, 0x00, 0x00, 0x00, 0x20, 0x00, 0x20, 0x00, 0x20,
    0x00, 0x41, 0x00, 0x21, 0x00, 0x20, 0x00, 0x20, 0x00, 0x20, 0x00, 0x20, 0x08, 0x41, 0x08, 0x41,
    0x08, 0x41, 0x08, 0x41, 0x00, 0x21, 0x00, 0x20, 0x08, 0x41, 0x08, 0x41, 0x00, 0x41, 0x00, 0x20,
    0x00, 0x20, 0x00, 0x20, 0x08, 0x41, 0x08, 0x41, 0x08, 0x41, 0x08, 0x41, 0x08, 0x41, 0x00, 0x21,
    0x08, 0x41, 0x08, 0x41, 0x08, 0x41, 0x00, 0x41, 0x00, 0x20, 0x00, 0x20, 0x08, 0x61, 0x08, 0x61,
    0x08, 0x61, 0x08, 0x41, 0x08, 0x41, 0x08, 0x41, 0x08, 0x61, 0x08, 0x61, 0x08, 0x41, 0x08, 0x41,
    0x00, 0x21, 0x00, 0x21, 0x08, 0x61, 0x08, 0x61, 0x08, 0x61, 0x08, 0x61, 0x08, 0x41, 0x08, 0x41,
    0x08, 0x61, 0x08, 0x61, 0x08, 0x41, 0x08, 0x41, 0x00, 0x41, 0x00, 0x21, 0x08, 0x62, 0x08, 0x62,
    0x08, 0x62, 0x08, 0x61, 0x08, 0x41, 0x08, 0x41, 0x08, 0x62, 0x08, 0x61, 0x08, 0x41, 0x08, 0x41,
    0x08, 0x41, 0x00, 0x41, 0x08, 0x62, 0x08, 0x82, 0x08, 0x62, 0x08, 0x61, 0x08, 0x61, 0x08, 0x41,
    0x08, 0x62, 0x08, 0x61, 0x08, 0x61, 0x08, 0x41, 0x08, 0x41, 0x08, 0x41, 0x08, 0x62, 0x08, 0x82,
    0x08, 0x82, 0x08, 0x62, 0x08, 0x61, 0x08, 0x41, 0x08, 0x82, 0x08, 0x62, 0x08, 0x61, 0x08, 0x41,
    0x08, 0x41, 0x08, 0x41, 0x08, 0x82, 0x08, 0x82, 0x08, 0x82, 0x08, 0x62, 0x08, 0x61, 0x08, 0x41,
    0x08, 0x82, 0x08, 0x62, 0x08, 0x61, 0x08, 0x41, 0x08, 0x41, 0x08, 0x41, 0x08, 0x82, 0x08, 0x82,
    0x08, 0x82, 0x08, 0x62, 0x08, 0x61, 0x08, 0x41, 0x08, 0x82, 0x08, 0x62, 0x08, 0x61, 0x08, 0x41,
    0x08, 0x41, 0x08, 0x41, 0x08, 0x62, 0x08, 0x82, 0x08, 0x62, 0x08, 0x61, 0x08, 0x61, 0x08, 0x41,
    0x08, 0x62, 0x08, 0x61, 0x08, 0x61, 0x08, 0x41, 0x08, 0x41, 0x00, 0x41, 0x08, 0x62, 0x08, 0x62,
    0x08, 0x62, 0x08, 0x61, 0x08, 0x41, 0x08, 0x41, 0x08, 0x62, 0x08, 0x61, 0x08, 0x41, 0x08, 0x41,
    0x00, 0x41, 0x00, 0x21, 0x08, 0x62, 0x08, 0x62, 0x08, 0x61, 0x08, 0x61, 0x08, 0x41, 0x08, 0x41,
    0x08, 0x61, 0x08, 0x61, 0x08, 0x41, 0x08, 0x41, 0x00, 0x21, 0x00, 0x21, 0x08, 0x61, 0x08, 0x61,
    0x08, 0x61, 0x08, 0x61, 0x08, 0x41, 0x08, 0x41, 0x08, 0x61, 0x08, 0x41, 0x08, 0x41, 0x00, 0x41,
    0x00, 0x20, 0x00, 0x20, 0x08, 0x61, 0x08, 0x61, 0x08, 0x61, 0x08, 0x41, 0x08, 0x41, 0x00, 0x21,
    0x08, 0x41, 0x08, 0x41, 0x08, 0x41, 0x00, 0x21, 0x00, 0x20, 0x00, 0x20, 0x08, 0x41, 0x08, 0x41,
    0x08, 0x41, 0x08, 0x41, 0x00, 0x41, 0x00, 0x20, 0x08, 0x41, 0x08, 0x41, 0x00, 0x21, 0x00, 0x20,
    0x00, 0x20, 0x00, 0x20, 0x08, 0x41, 0x08, 0x41, 0x08, 0x41, 0x00, 0x21, 0x00, 0x20, 0x00, 0x20,
    0x00, 0x41, 0x00, 0x20, 0x00, 0x20, 0x00, 0x00, 0x00, 0x00, 0x00, 0x00, 0x00, 0x00, 0x00, 0x00,
    0x00, 0x00, 0x00, 0x00, 0x00, 0x00, 0x00, 0x00, 0x00, 0x00, 0x00, 0x00, 0x00, 0x00, 0x00, 0x00,
    0x00, 0x00, 0x00, 0x00, 0x00, 0x00, 0x00, 0x00, 0x00, 0x00, 0x00, 0x00, 0x00, 0x00, 0x00, 0x00,
    0x00, 0x00, 0x00, 0x00, 0x00, 0x00, 0x00, 0x00, 0x00, 0x00, 0x00, 0x00, 0x00, 0x00, 0x00, 0x00,
    0x00, 0x00, 0x00, 0x00, 0x00, 0x00, 0x00, 0x00, 0x00, 0x00, 0x00, 0x00, 0x00, 0x00, 0x00, 0x00,
    0x00, 0x00, 0x00, 0x00, 0x00, 0x00, 0x00, 0x00, 0x00, 0x00, 0x00, 0x00, 0x00, 0x20, 0x00, 0x20,
    0x00, 0x41, 0x00, 0x41, 0x00, 0x21, 0x00, 0x20, 0x00, 0x20, 0x00, 0x20, 0x08, 0x41, 0x08, 0x41,
    0x08, 0x41, 0x00, 0x21, 0x00, 0x20, 0x00, 0x20, 0x08, 0x41, 0x08, 0x41, 0x08, 0x41, 0x00, 0x41,
    0x00, 0x20, 0x00, 0x20, 0x08, 0x41, 0x08, 0x41, 0x08, 0x41, 0x08, 0x41, 0x00, 0x21, 0x00, 0x20,
    0x08, 0x61, 0x08, 0x41, 0x08, 0x41, 0x08, 0x41, 0x00, 0x41, 0x00, 0x20, 0x08, 0x61, 0x08, 0x61,
    0x08, 0x41, 0x08, 0x41, 0x00, 0x41, 0x00, 0x21, 0x08, 0x61, 0x08, 0x61, 0x08, 0x61, 0x08, 0x41,
    0x08, 0x41, 0x00, 0x21, 0x08, 0x61, 0x08, 0x61, 0x08, 0x61, 0x08, 0x41, 0x08, 0x41, 0x00, 0x41,
    0x08, 0x62, 0x08, 0x61, 0x08, 0x61, 0x08, 0x41, 0x08, 0x41, 0x00, 0x41, 0x08, 0x62, 0x08, 0x62,
    0x08, 0x61, 0x08, 0x41, 0x08, 0x41, 0x08, 0x41, 0x08, 0x62, 0x08, 0x62, 0x08, 0x61, 0x08, 0x41,
    0x08, 0x41, 0x08, 0x41, 0x08, 0x62, 0x08, 0x62, 0x08, 0x61, 0x08, 0x61, 0x08, 0x41, 0x08, 0x41,
    0x08, 0x82, 0x08, 0x62, 0x08, 0x61, 0x08, 0x61, 0x08, 0x41, 0x08, 0x41, 0x08, 0x82, 0x08, 0x62,
    0x08, 0x61, 0x08, 0x61, 0x08, 0x41, 0x08, 0x41, 0x08, 0x82, 0x08, 0x82, 0x08, 0x62, 0x08, 0x61,
    0x08, 0x41, 0x08, 0x41, 0x08, 0x82, 0x08, 0x82, 0x08, 0x62, 0x08, 0x61, 0x08, 0x41, 0x08, 0x41,
    0x08, 0x82, 0x08, 0x82, 0x08, 0x62, 0x08, 0x61, 0x08, 0x41, 0x08, 0x41, 0x08, 0x82, 0x08, 0x82,
    0x08, 0x62, 0x08, 0x61, 0x08, 0x41, 0x08, 0x41, 0x08, 0x82, 0x08, 0x62, 0x08, 0x61, 0x08, 0x61,
    0x08, 0x41, 0x08, 0x41, 0x08, 0x82, 0x08, 0x62, 0x08, 0x61, 0x08, 0x61, 0x08, 0x41, 0x08, 0x41,
    0x08, 0x82, 0x08, 0x62, 0x08, 0x61, 0x08, 0x61, 0x08, 0x41, 0x08, 0x41, 0x08, 0x62, 0x08, 0x62,
    0x08, 0x61, 0x08, 0x41, 0x08, 0x41, 0x08, 0x41, 0x08, 0x62, 0x08, 0x62, 0x08, 0x61, 0x08, 0x41,
    0x08, 0x41, 0x00, 0x41, 0x08, 0x62, 0x08, 0x61, 0x08, 0x61, 0x08, 0x41, 0x08, 0x41, 0x00, 0x41,
    0x08, 0x61, 0x08, 0x61, 0x08, 0x61, 0x08, 0x41, 0x08, 0x41, 0x00, 0x21, 0x08, 0x61, 0x08, 0x61,
    0x08, 0x61, 0x08, 0x41, 0x08, 0x41, 0x00, 0x21, 0x08, 0x61, 0x08, 0x61, 0x08, 0x41, 0x08, 0x41,
    0x00, 0x41, 0x00, 0x20, 0x08, 0x61, 0x08, 0x61, 0x08, 0x41, 0x08, 0x41, 0x00, 0x21, 0x00, 0x20,
    0x08, 0x41, 0x08, 0x41, 0x08, 0x41, 0x08, 0x41, 0x00, 0x21, 0x00, 0x20, 0x08, 0x41, 0x08, 0x41,
    0x08, 0x41, 0x00, 0x41, 0x00, 0x20, 0x00, 0x20, 0x08, 0x41, 0x08, 0x41, 0x08, 0x41, 0x00, 0x21,
    0x00, 0x20, 0x00, 0x20, 0x08, 0x41, 0x08, 0x41, 0x00, 0x21, 0x00, 0x20, 0x00, 0x20, 0x00, 0x20,
    0x00, 0x41, 0x00, 0x21, 0x00, 0x00, 0x00, 0x00, 0x00, 0x00, 0x00, 0x00, 0x00, 0x00, 0x00, 0x00,
    0x00, 0x00, 0x00, 0x00, 0x00, 0x00, 0x00, 0x00, 0x00, 0x00, 0x00, 0x00, 0x00, 0x00, 0x00, 0x00,
    0x00, 0x00, 0x00, 0x00, 0x00, 0x00, 0x00, 0x00, 0x00, 0x00, 0x00, 0x00, 0x00, 0x00, 0x00, 0x00,
    0x00, 0x00, 0x00, 0x00, 0x00, 0x00, 0x00, 0x00, 0x00, 0x00, 0x00, 0x00, 0x00, 0x00, 0x00, 0x00,
    0x00, 0x00, 0x00, 0x00, 0x00, 0x00, 0x00, 0x00, 0x00, 0x00, 0x00, 0x00, 0x00, 0x00, 0x00, 0x00,
    0x00, 0x00, 0x00, 0x00, 0x00, 0x00, 0x00, 0x00, 0x00, 0x00, 0x00, 0x00, 0x00, 0x00, 0x00, 0x20,
    0x00, 0x21, 0x00, 0x41, 0x00, 0x41, 0x00, 0x21, 0x00, 0x20, 0x00, 0x20, 0x08, 0x41, 0x00, 0x41,
    0x00, 0x21, 0x00, 0x20, 0x00, 0x20, 0x00, 0x20, 0x08, 0x41, 0x08, 0x41, 0x08, 0x41, 0x08, 0x41,
    0x00, 0x41, 0x00, 0x20, 0x08, 0x41, 0x08, 0x41, 0x08, 0x41, 0x00, 0x21, 0x00, 0x20, 0x00, 0x20,
    0x08, 0x41, 0x08, 0x61, 0x08, 0x41, 0x08, 0x41, 0x08, 0x41, 0x00, 0x41, 0x08, 0x61, 0x08, 0x41,
    0x08, 0x41, 0x00, 0x41, 0x00, 0x20, 0x00, 0x20, 0x08, 0x61, 0x08, 0x61, 0x08, 0x61, 0x08, 0x41,
    0x08, 0x41, 0x08, 0x41, 0x08, 0x61, 0x08, 0x61, 0x08, 0x41, 0x08, 0x41, 0x00, 0x21, 0x00, 0x21,
    0x08, 0x61, 0x08, 0x62, 0x08, 0x61, 0x08, 0x61, 0x08, 0x41, 0x08, 0x41, 0x08, 0x61, 0x08, 0x61,
    0x08, 0x41, 0x08, 0x41, 0x00, 0x41, 0x00, 0x41, 0x08, 0x62, 0x08, 0x62, 0x08, 0x62, 0x08, 0x61,
    0x08, 0x41, 0x08, 0x41, 0x08, 0x62, 0x08, 0x61, 0x08, 0x61, 0x08, 0x41, 0x08, 0x41, 0x00, 0x41,
    0x08, 0x62, 0x08, 0x82, 0x08, 0x62, 0x08, 0x61, 0x08, 0x61, 0x08, 0x41, 0x08, 0x62, 0x08, 0x61,
    0x08, 0x61, 0x08, 0x41, 0x08, 0x41, 0x08, 0x41, 0x08, 0x62, 0x08, 0x82, 0x08, 0x62, 0x08, 0x61,
    0x08, 0x61, 0x08, 0x41, 0x08, 0x62, 0x08, 0x61, 0x08, 0x61, 0x08, 0x41, 0x08, 0x41, 0x08, 0x41,
    0x08, 0x62, 0x08, 0x82, 0x08, 0x62, 0x08, 0x61, 0x08, 0x61, 0x08, 0x41, 0x08, 0x62, 0x08, 0x61,
    0x08, 0x61, 0x08, 0x41, 0x08, 0x41, 0x08, 0x41, 0x08, 0x62, 0x08, 0x82, 0x08, 0x62, 0x08, 0x61,
    0x08, 0x61, 0x08, 0x41, 0x08, 0x62, 0x08, 0x61, 0x08, 0x61, 0x08, 0x41, 0x08, 0x41, 0x00, 0x41,
    0x08, 0x62, 0x08, 0x62, 0x08, 0x62, 0x08, 0x61, 0x08, 0x61, 0x08, 0x41, 0x08, 0x62, 0x08, 0x61,
    0x08, 0x41, 0x08, 0x41, 0x08, 0x41, 0x00, 0x41, 0x08, 0x62, 0x08, 0x62, 0x08, 0x62, 0x08, 0x61,
    0x08, 0x41, 0x08, 0x41, 0x08, 0x61, 0x08, 0x61, 0x08, 0x41, 0x08, 0x41, 0x00, 0x41, 0x00, 0x21,
    0x08, 0x61, 0x08, 0x61, 0x08, 0x61, 0x08, 0x61, 0x08, 0x41, 0x08, 0x41, 0x08, 0x61, 0x08, 0x61,
    0x08, 0x41, 0x08, 0x41, 0x00, 0x21, 0x00, 0x20, 0x08, 0x61, 0x08, 0x61, 0x08, 0x61, 0x08, 0x41,
    0x08, 0x41, 0x00, 0x41, 0x08, 0x61, 0x08, 0x41, 0x08, 0x41, 0x00, 0x21, 0x00, 0x20, 0x00, 0x20,
    0x08, 0x41, 0x08, 0x41, 0x08, 0x41, 0x08, 0x41, 0x08, 0x41, 0x00, 0x20, 0x08, 0x41, 0x08, 0x41,
    0x00, 0x41, 0x00, 0x20, 0x00, 0x20, 0x00, 0x20, 0x08, 0x41, 0x08, 0x41, 0x08, 0x41, 0x00, 0x41,
    0x00, 0x20, 0x00, 0x20, 0x08, 0x41, 0x00, 0x21, 0x00, 0x20, 0x00, 0x20, 0x00, 0x20, 0x00, 0x20,
    0x00, 0x21, 0x00, 0x00, 0x00, 0x00, 0x00, 0x00, 0x00, 0x00, 0x00, 0x00, 0x00, 0x00, 0x00, 0x00,
    0x00, 0x00, 0x00, 0x00, 0x00, 0x00, 0x00, 0x00, 0x00, 0x00, 0x00, 0x00, 0x00, 0x00, 0x00, 0x00,
    0x00, 0x00, 0x00, 0x00, 0x00, 0x00, 0x00, 0x00, 0x00, 0x00, 0x00, 0x00, 0x00, 0x00, 0x00, 0x00,
    0x00, 0x00, 0x00, 0x00, 0x00, 0x00, 0x00, 0x00, 0x00, 0x00, 0x00, 0x00, 0x00, 0x00, 0x00, 0x00,
    0x00, 0x00, 0x00, 0x00, 0x00, 0x00, 0x00, 0x00, 0x00, 0x00, 0x00, 0x00, 0x00, 0x00, 0x00, 0x00,
    0x00, 0x00, 0x00, 0x00, 0x00, 0x00, 0x00, 0x00, 0x00, 0x00, 0x00, 0x00, 0x00, 0x00, 0x00, 0x00,
    0x00, 0x20, 0x00, 0x41, 0x00, 0x41, 0x00, 0x41, 0x00, 0x21, 0x00, 0x20, 0x00, 0x41, 0x00, 0x20,
    0x00, 0x20, 0x00, 0x20, 0x00, 0x20, 0x00, 0x20, 0x08, 0x41, 0x08, 0x41, 0x08, 0x41, 0x08, 0x41,
    0x08, 0x41, 0x00, 0x41, 0x08, 0x41, 0x00, 0x41, 0x00, 0x20, 0x00, 0x20, 0x00, 0x20, 0x00, 0x20,
    0x08, 0x41, 0x08, 0x41, 0x08, 0x61, 0x08, 0x41, 0x08, 0x41, 0x08, 0x41, 0x08, 0x41, 0x08, 0x41,
    0x00, 0x41, 0x00, 0x20, 0x00, 0x20, 0x00, 0x20, 0x08, 0x41, 0x08, 0x61, 0x08, 0x61, 0x08, 0x61,
    0x08, 0x41, 0x08, 0x41, 0x08, 0x61, 0x08, 0x41, 0x08, 0x41, 0x00, 0x21, 0x00, 0x21, 0x00, 0x21,
    0x08, 0x61, 0x08, 0x61, 0x08, 0x61, 0x08, 0x61, 0x08, 0x61, 0x08, 0x41, 0x08, 0x61, 0x08, 0x41,
    0x08, 0x41, 0x00, 0x41, 0x00, 0x21, 0x00, 0x41, 0x08, 0x61, 0x08, 0x62, 0x08, 0x62, 0x08, 0x62,
    0x08, 0x61, 0x08, 0x41, 0x08, 0x61, 0x08, 0x41, 0x08, 0x41, 0x08, 0x41, 0x00, 0x41, 0x08, 0x41,
    0x08, 0x61, 0x08, 0x62, 0x08, 0x62, 0x08, 0x62, 0x08, 0x61, 0x08, 0x61, 0x08, 0x61, 0x08, 0x61,
    0x08, 0x41, 0x08, 0x41, 0x00, 0x41, 0x08, 0x41, 0x08, 0x61, 0x08, 0x62, 0x08, 0x82, 0x08, 0x62,
    0x08, 0x61, 0x08, 0x61, 0x08, 0x61, 0x08, 0x61, 0x08, 0x41, 0x08, 0x41, 0x08, 0x41, 0x08, 0x41,
    0x08, 0x61, 0x08, 0x62, 0x08, 0x82, 0x08, 0x62, 0x08, 0x61, 0x08, 0x61, 0x08, 0x61, 0x08, 0x61,
    0x08, 0x41, 0x08, 0x41, 0x08, 0x41, 0x08, 0x41, 0x08, 0x61, 0x08, 0x62, 0x08, 0x82, 0x08, 0x62,
    0x08, 0x61, 0x08, 0x61, 0x08, 0x61, 0x08, 0x61, 0x08, 0x41, 0x08, 0x41, 0x00, 0x41, 0x08, 0x41,
    0x08, 0x61, 0x08, 0x62, 0x08, 0x62, 0x08, 0x62, 0x08, 0x61, 0x08, 0x41, 0x08, 0x61, 0x08, 0x41,
    0x08, 0x41, 0x08, 0x41, 0x00, 0x41, 0x00, 0x41, 0x08, 0x61, 0x08, 0x62, 0x08, 0x62, 0x08, 0x61,
    0x08, 0x61, 0x08, 0x41, 0x08, 0x61, 0x08, 0x41, 0x08, 0x41, 0x00, 0x41, 0x00, 0x21, 0x00, 0x21,
    0x08, 0x61, 0x08, 0x61, 0x08, 0x61, 0x08, 0x61, 0x08, 0x61, 0x08, 0x41, 0x08, 0x61, 0x08, 0x41,
    0x08, 0x41, 0x00, 0x21, 0x00, 0x20, 0x00, 0x21, 0x08, 0x41, 0x08, 0x61, 0x08, 0x61, 0x08, 0x61,
    0x08, 0x41, 0x08, 0x41, 0x08, 0x41, 0x08, 0x41, 0x00, 0x21, 0x00, 0x20, 0x00, 0x20, 0x00, 0x20,
    0x08, 0x41, 0x08, 0x41, 0x08, 0x41, 0x08, 0x41, 0x08, 0x41, 0x00, 0x41, 0x08, 0x41, 0x00, 0x41,
    0x00, 0x20, 0x00, 0x20, 0x00, 0x20, 0x00, 0x20, 0x08, 0x41, 0x08, 0x41, 0x08, 0x41, 0x08, 0x41,
    0x00, 0x41, 0x00, 0x20, 0x00, 0x21, 0x00, 0x20, 0x00, 0x20, 0x00, 0x20, 0x00, 0x20, 0x00, 0x20,
    0x00, 0x00, 0x00, 0x00, 0x00, 0x00, 0x00, 0x00, 0x00, 0x00, 0x00, 0x00, 0x00, 0x00, 0x00, 0x00,
    0x00, 0x00, 0x00, 0x00, 0x00, 0x00, 0x00, 0x00, 0x00, 0x00, 0x00, 0x00, 0x00, 0x00, 0x00, 0x00,
    0x00, 0x00, 0x00, 0x00, 0x00, 0x00, 0x00, 0x00, 0x00, 0x00, 0x00, 0x00, 0x00, 0x00, 0x00, 0x00,
    0x00, 0x00, 0x00, 0x00, 0x00, 0x00, 0x00, 0x00, 0x00, 0x00, 0x00, 0x00, 0x00, 0x00, 0x00, 0x00,
    0x00, 0x00, 0x00, 0x00, 0x00, 0x00, 0x00, 0x00, 0x00, 0x00, 0x00, 0x00, 0x00, 0x00, 0x00, 0x00,
    0x00, 0x00, 0x00, 0x00, 0x00, 0x00, 0x00, 0x00, 0x00, 0x00, 0x00, 0x00, 0x00, 0x00, 0x00, 0x00,
    0x00, 0x20, 0x00, 0x20, 0x00, 0x41, 0x08, 0x41, 0x00, 0x41, 0x00, 0x21, 0x00, 0x20, 0x00, 0x20,
    0x00, 0x20, 0x00, 0x20, 0x00, 0x20, 0x00, 0x20, 0x00, 0x21, 0x08, 0x41, 0x08, 0x41, 0x08, 0x41,
    0x08, 0x41, 0x08, 0x41, 0x00, 0x41, 0x00, 0x20, 0x00, 0x20, 0x00, 0x20, 0x00, 0x20, 0x00, 0x21,
    0x08, 0x41, 0x08, 0x41, 0x08, 0x41, 0x08, 0x61, 0x08, 0x41, 0x08, 0x41, 0x08, 0x41, 0x00, 0x41,
    0x00, 0x20, 0x00, 0x20, 0x00, 0x20, 0x00, 0x41, 0x08, 0x41, 0x08, 0x41, 0x08, 0x61, 0x08, 0x61,
    0x08, 0x61, 0x08, 0x41, 0x08, 0x41, 0x08, 0x41, 0x00, 0x21, 0x00, 0x21, 0x00, 0x21, 0x08, 0x41,
    0x08, 0x41, 0x08, 0x61, 0x08, 0x61, 0x08, 0x61, 0x08, 0x61, 0x08, 0x61, 0x08, 0x41, 0x08, 0x41,
    0x00, 0x41, 0x00, 0x21, 0x00, 0x41, 0x08, 0x41, 0x08, 0x41, 0x08, 0x61, 0x08, 0x62, 0x08, 0x62,
    0x08, 0x62, 0x08, 0x61, 0x08, 0x41, 0x08, 0x41, 0x08, 0x41, 0x00, 0x41, 0x08, 0x41, 0x08, 0x41,
    0x08, 0x41, 0x08, 0x61, 0x08, 0x62, 0x08, 0x62, 0x08, 0x62, 0x08, 0x61, 0x08, 0x61, 0x08, 0x41,
    0x08, 0x41, 0x00, 0x41, 0x08, 0x41, 0x08, 0x41, 0x08, 0x61, 0x08, 0x61, 0x08, 0x62, 0x08, 0x82,
    0x08, 0x62, 0x08, 0x61, 0x08, 0x61, 0x08, 0x41, 0x08, 0x41, 0x00, 0x41, 0x08, 0x41, 0x08, 0x41,
    0x08, 0x61, 0x08, 0x61, 0x08, 0x62, 0x08, 0x82, 0x08, 0x62, 0x08, 0x61, 0x08, 0x61, 0x08, 0x41,
    0x08, 0x41, 0x00, 0x41, 0x08, 0x41, 0x08, 0x41, 0x08, 0x61, 0x08, 0x61, 0x08, 0x62, 0x08, 0x82,
    0x08, 0x62, 0x08, 0x61, 0x08, 0x61, 0x08, 0x41, 0x08, 0x41, 0x00, 0x41, 0x08, 0x41, 0x08, 0x41,
    0x08, 0x41, 0x08, 0x61, 0x08, 0x62, 0x08, 0x62, 0x08, 0x62, 0x08, 0x61, 0x08, 0x41, 0x08, 0x41,
    0x00, 0x41, 0x00, 0x21, 0x00, 0x41, 0x08, 0x41, 0x08, 0x41, 0x08, 0x61, 0x08, 0x61, 0x08, 0x62,
    0x08, 0x61, 0x08, 0x61, 0x08, 0x41, 0x08, 0x41, 0x00, 0x41, 0x00, 0x21, 0x00, 0x21, 0x08, 0x41,
    0x08, 0x41, 0x08, 0x61, 0x08, 0x61, 0x08, 0x61, 0x08, 0x61, 0x08, 0x61, 0x08, 0x41, 0x08, 0x41,
    0x00, 0x21, 0x00, 0x20, 0x00, 0x21, 0x00, 0x41, 0x08, 0x41, 0x08, 0x41, 0x08, 0x61, 0x08, 0x61,
    0x08, 0x61, 0x08, 0x41, 0x08, 0x41, 0x00, 0x21, 0x00, 0x20, 0x00, 0x20, 0x00, 0x20, 0x00, 0x21,
    0x08, 0x41, 0x08, 0x41, 0x08, 0x41, 0x08, 0x41, 0x08, 0x41, 0x08, 0x41, 0x00, 0x41, 0x00, 0x20,
    0x00, 0x20, 0x00, 0x20, 0x00, 0x20, 0x00, 0x20, 0x00, 0x21, 0x00, 0x41, 0x08, 0x41, 0x08, 0x41,
    0x08, 0x41, 0x00, 0x21, 0x00, 0x20, 0x00, 0x20, 0x00, 0x20, 0x00, 0x20, 0x00, 0x20, 0x00, 0x20,
    0x00, 0x00, 0x00, 0x00, 0x00, 0x00, 0x00, 0x00, 0x00, 0x00, 0x00, 0x00, 0x00, 0x00, 0x00, 0x00,
    0x00, 0x00, 0x00, 0x00, 0x00, 0x00, 0x00, 0x00, 0x00, 0x00, 0x00, 0x00, 0x00, 0x00, 0x00, 0x00,
    0x00, 0x00, 0x00, 0x00, 0x00, 0x00, 0x00, 0x00, 0x00, 0x00, 0x00, 0x00, 0x00, 0x00, 0x00, 0x00,
    0x00, 0x00, 0x00, 0x00, 0x00, 0x00, 0x00, 0x00, 0x00, 0x00, 0x00, 0x00, 0x00, 0x00, 0x00, 0x00,
    0x00, 0x00, 0x00, 0x00, 0x00, 0x00, 0x00, 0x00, 0x00, 0x00, 0x00, 0x00, 0x00, 0x00, 0x00, 0x00,
    0x00, 0x00, 0x00, 0x00, 0x00, 0x00, 0x00, 0x00, 0x00, 0x00, 0x00, 0x00, 0x00, 0x00, 0x00, 0x00,
    0x00, 0x00, 0x00, 0x21, 0x00, 0x41, 0x00, 0x41, 0x00, 0x21, 0x00, 0x20, 0x00, 0x21, 0x00, 0x20,
    0x00, 0x20, 0x00, 0x20, 0x00, 0x20, 0x00, 0x20, 0x08, 0x41, 0x08, 0x41, 0x08, 0x41, 0x08, 0x41,
    0x08, 0x41, 0x00, 0x41, 0x08, 0x41, 0x00, 0x41, 0x00, 0x20, 0x00, 0x20, 0x00, 0x20, 0x00, 0x20,
    0x08, 0x41, 0x08, 0x41, 0x08, 0x41, 0x08, 0x41, 0x08, 0x41, 0x08, 0x41, 0x08, 0x41, 0x08, 0x41,
    0x00, 0x41, 0x00, 0x20, 0x00, 0x20, 0x00, 0x20, 0x08, 0x41, 0x08, 0x61, 0x08, 0x61, 0x08, 0x61,
    0x08, 0x41, 0x08, 0x41, 0x08, 0x41, 0x08, 0x41, 0x08, 0x41, 0x00, 0x21, 0x00, 0x21, 0x00, 0x21,
    0x08, 0x61, 0x08, 0x61, 0x08, 0x61, 0x08, 0x61, 0x08, 0x61, 0x08, 0x41, 0x08, 0x61, 0x08, 0x41,
    0x08, 0x41, 0x00, 0x41, 0x00, 0x21, 0x00, 0x41, 0x08, 0x61, 0x08, 0x62, 0x08, 0x62, 0x08, 0x62,
    0x08, 0x61, 0x08, 0x41, 0x08, 0x61, 0x08, 0x41, 0x08, 0x41, 0x08, 0x41, 0x00, 0x41, 0x08, 0x41,
    0x08, 0x61, 0x08, 0x62, 0x08, 0x62, 0x08, 0x62, 0x08, 0x61, 0x08, 0x61, 0x08, 0x61, 0x08, 0x61,
    0x08, 0x41, 0x08, 0x41, 0x00, 0x41, 0x08, 0x41, 0x08, 0x61, 0x08, 0x62, 0x08, 0x82, 0x08, 0x62,
    0x08, 0x61, 0x08, 0x61, 0x08, 0x61, 0x08, 0x61, 0x08, 0x41, 0x08, 0x41, 0x00, 0x41, 0x08, 0x41,
    0x08, 0x61, 0x08, 0x62, 0x08, 0x82, 0x08, 0x62, 0x08, 0x61, 0x08, 0x61, 0x08, 0x61, 0x08, 0x61,
    0x08, 0x41, 0x08, 0x41, 0x00, 0x41, 0x08, 0x41, 0x08, 0x61, 0x08, 0x62, 0x08, 0x62, 0x08, 0x62,
    0x08, 0x61, 0x08, 0x61, 0x08, 0x61, 0x08, 0x61, 0x08, 0x41, 0x08, 0x41, 0x00, 0x41, 0x08, 0x41,
    0x08, 0x61, 0x08, 0x62, 0x08, 0x62, 0x08, 0x62, 0x08, 0x61, 0x08, 0x41, 0x08, 0x61, 0x08, 0x41,
    0x08, 0x41, 0x00, 0x41, 0x00, 0x21, 0x00, 0x41, 0x08, 0x61, 0x08, 0x61, 0x08, 0x62, 0x08, 0x61,
    0x08, 0x61, 0x08, 0x41, 0x08, 0x61, 0x08, 0x41, 0x08, 0x41, 0x00, 0x21, 0x00, 0x21, 0x00, 0x21,
    0x08, 0x61, 0x08, 0x61, 0x08, 0x61, 0x08, 0x61, 0x08, 0x61, 0x08, 0x41, 0x08, 0x41, 0x08, 0x41,
    0x00, 0x41, 0x00, 0x21, 0x00, 0x20, 0x00, 0x20, 0x08, 0x41, 0x08, 0x61, 0x08, 0x61, 0x08, 0x61,
    0x08, 0x41, 0x08, 0x41, 0x08, 0x41, 0x08, 0x41, 0x00, 0x21, 0x00, 0x20, 0x00, 0x20, 0x00, 0x20,
    0x08, 0x41, 0x08, 0x41, 0x08, 0x41, 0x08, 0x41, 0x08, 0x41, 0x00, 0x41, 0x08, 0x41, 0x00, 0x21,
    0x00, 0x20, 0x00, 0x20, 0x00, 0x20, 0x00, 0x20, 0x00, 0x41, 0x08, 0x41, 0x08, 0x41, 0x08, 0x41,
    0x00, 0x21, 0x00, 0x20, 0x00, 0x21, 0x00, 0x20, 0x00, 0x20, 0x00, 0x20, 0x00, 0x20, 0x00, 0x00,
    0x00, 0x00, 0x00, 0x00, 0x00, 0x00, 0x00, 0x00, 0x00, 0x00, 0x00, 0x00, 0x00, 0x00, 0x00, 0x00,
    0x00, 0x00, 0x00, 0x00, 0x00, 0x00, 0x00, 0x00, 0x00, 0x00, 0x00, 0x00, 0x00, 0x00, 0x00, 0x00,
    0x00, 0x00, 0x00, 0x00, 0x00, 0x00, 0x00, 0x00, 0x00, 0x00, 0x00, 0x00, 0x00, 0x00, 0x00, 0x00,
    0x00, 0x00, 0x00, 0x00, 0x00, 0x00, 0x00, 0x00, 0x00, 0x00, 0x00, 0x00, 0x00, 0x00, 0x00, 0x00,
    0x00, 0x00, 0x00, 0x00, 0x00, 0x00, 0x00, 0x00, 0x00, 0x00, 0x00, 0x00, 0x00, 0x00, 0x00, 0x00,
    0x00, 0x00, 0x00, 0x00, 0x00, 0x00, 0x00, 0x00, 0x00, 0x00, 0x00, 0x00, 0x00, 0x00, 0x00, 0x00,
    0x00, 0x00, 0x00, 0x00, 0x00, 0x21, 0x00, 0x20, 0x00, 0x20, 0x00, 0x20, 0x00, 0x41, 0x00, 0x21,
    0x00, 0x20, 0x00, 0x20, 0x00, 0x20, 0x00, 0x20, 0x08, 0x41, 0x08, 0x41, 0x08, 0x41, 0x08, 0x41,
    0x00, 0x21, 0x00, 0x20, 0x08, 0x41, 0x08, 0x41, 0x00, 0x41, 0x00, 0x20, 0x00, 0x20, 0x00, 0x20,
    0x08, 0x41, 0x08, 0x41, 0x08, 0x41, 0x08, 0x41, 0x08, 0x41, 0x00, 0x21, 0x08, 0x41, 0x08, 0x41,
    0x08, 0x41, 0x00, 0x41, 0x00, 0x20, 0x00, 0x20, 0x08, 0x61, 0x08, 0x61, 0x08, 0x61, 0x08, 0x41,
    0x08, 0x41, 0x08, 0x41, 0x08, 0x61, 0x08, 0x41, 0x08, 0x41, 0x08, 0x41, 0x00, 0x21, 0x00, 0x20,
    0x08, 0x61, 0x08, 0x61, 0x08, 0x61, 0x08, 0x61, 0x08, 0x41, 0x08, 0x41, 0x08, 0x61, 0x08, 0x61,
    0x08, 0x41, 0x08, 0x41, 0x00, 0x41, 0x00, 0x21, 0x08, 0x61, 0x08, 0x62, 0x08, 0x61, 0x08, 0x61,
    0x08, 0x41, 0x08, 0x41, 0x08, 0x62, 0x08, 0x61, 0x08, 0x41, 0x08, 0x41, 0x08, 0x41, 0x00, 0x41,
    0x08, 0x62, 0x08, 0x62, 0x08, 0x62, 0x08, 0x61, 0x08, 0x41, 0x08, 0x41, 0x08, 0x62, 0x08, 0x61,
    0x08, 0x61, 0x08, 0x41, 0x08, 0x41, 0x00, 0x41, 0x08, 0x62, 0x08, 0x62, 0x08, 0x62, 0x08, 0x61,
    0x08, 0x61, 0x08, 0x41, 0x08, 0x62, 0x08, 0x61, 0x08, 0x61, 0x08, 0x41, 0x08, 0x41, 0x00, 0x41,
    0x08, 0x62, 0x08, 0x62, 0x08, 0x62, 0x08, 0x61, 0x08, 0x61, 0x08, 0x41, 0x08, 0x62, 0x08, 0x61,
    0x08, 0x61, 0x08, 0x41, 0x08, 0x41, 0x00, 0x41, 0x08, 0x62, 0x08, 0x62, 0x08, 0x62, 0x08, 0x61,
    0x08, 0x41, 0x08, 0x41, 0x08, 0x62, 0x08, 0x61, 0x08, 0x41, 0x08, 0x41, 0x08, 0x41, 0x00, 0x41,
    0x08, 0x62, 0x08, 0x62, 0x08, 0x62, 0x08, 0x61, 0x08, 0x41, 0x08, 0x41, 0x08, 0x62, 0x08, 0x61,
    0x08, 0x41, 0x08, 0x41, 0x00, 0x41, 0x00, 0x21, 0x08, 0x61, 0x08, 0x62, 0x08, 0x61, 0x08, 0x61,
    0x08, 0x41, 0x08, 0x41, 0x08, 0x61, 0x08, 0x61, 0x08, 0x41, 0x08, 0x41, 0x00, 0x21, 0x00, 0x21,
    0x08, 0x61, 0x08, 0x61, 0x08, 0x61, 0x08, 0x41, 0x08, 0x41, 0x08, 0x41, 0x08, 0x61, 0x08, 0x41,
    0x08, 0x41, 0x00, 0x41, 0x00, 0x20, 0x00, 0x20, 0x08, 0x61, 0x08, 0x61, 0x08, 0x61, 0x08, 0x41,
    0x08, 0x41, 0x00, 0x21, 0x08, 0x41, 0x08, 0x41, 0x08, 0x41, 0x00, 0x21, 0x00, 0x20, 0x00, 0x20,
    0x08, 0x41, 0x08, 0x41, 0x08, 0x41, 0x08, 0x41, 0x00, 0x41, 0x00, 0x20, 0x08, 0x41, 0x08, 0x41,
    0x00, 0x21, 0x00, 0x20, 0x00, 0x20, 0x00, 0x20, 0x08, 0x41, 0x08, 0x41, 0x08, 0x41, 0x00, 0x21,
    0x00, 0x20, 0x00, 0x20, 0x00, 0x41, 0x00, 0x21, 0x00, 0x20, 0x00, 0x20, 0x00, 0x00, 0x00, 0x00,
    0x00, 0x00, 0x00, 0x00, 0x00, 0x00, 0x00, 0x00, 0x00, 0x00, 0x00, 0x00, 0x00, 0x00, 0x00, 0x00,
    0x00, 0x00, 0x00, 0x00, 0x00, 0x00, 0x00, 0x00, 0x00, 0x00, 0x00, 0x00, 0x00, 0x00, 0x00, 0x00,
    0x00, 0x00, 0x00, 0x00, 0x00, 0x00, 0x00, 0x00, 0x00, 0x00, 0x00, 0x00, 0x00, 0x00, 0x00, 0x00,
    0x00, 0x00, 0x00, 0x00, 0x00, 0x00, 0x00, 0x00, 0x00, 0x00, 0x00, 0x00, 0x00, 0x00, 0x00, 0x00,
    0x00, 0x00, 0x00, 0x00, 0x00, 0x00, 0x00, 0x00, 0x00, 0x00, 0x00, 0x00, 0x00, 0x00, 0x00, 0x00,
    0x00, 0x00, 0x00, 0x00, 0x00, 0x00, 0x00, 0x00, 0x00, 0x00, 0x00, 0x00, 0x00, 0x00, 0x00, 0x00,
    0x00, 0x00, 0x00, 0x00, 0x00, 0x00, 0x00, 0x20, 0x00, 0x20, 0x00, 0x20, 0x08, 0x41, 0x00, 0x41,
    0x00, 0x21, 0x00, 0x20, 0x00, 0x20, 0x00, 0x20, 0x08, 0x41, 0x08, 0x41, 0x08, 0x41, 0x00, 0x21,
    0x00, 0x20, 0x00, 0x20, 0x08, 0x41, 0x08, 0x41, 0x08, 0x41, 0x00, 0x41, 0x00, 0x20, 0x00, 0x20,
    0x08, 0x41, 0x08, 0x41, 0x08, 0x41, 0x08, 0x41, 0x00, 0x21, 0x00, 0x20, 0x08, 0x41, 0x08, 0x41,
    0x08, 0x41, 0x08, 0x41, 0x00, 0x21, 0x00, 0x20, 0x08, 0x61, 0x08, 0x61, 0x08, 0x41, 0x08, 0x41,
    0x00, 0x41, 0x00, 0x21, 0x08, 0x61, 0x08, 0x61, 0x08, 0x41, 0x08, 0x41, 0x08, 0x41, 0x00, 0x21,
    0x08, 0x61, 0x08, 0x61, 0x08, 0x61, 0x08, 0x41, 0x08, 0x41, 0x00, 0x21, 0x08, 0x61, 0x08, 0x61,
    0x08, 0x61, 0x08, 0x41, 0x08, 0x41, 0x00, 0x41, 0x08, 0x62, 0x08, 0x61, 0x08, 0x61, 0x08, 0x41,
    0x08, 0x41, 0x00, 0x41, 0x08, 0x62, 0x08, 0x62, 0x08, 0x61, 0x08, 0x41, 0x08, 0x41, 0x00, 0x41,
    0x08, 0x62, 0x08, 0x62, 0x08, 0x61, 0x08, 0x41, 0x08, 0x41, 0x08, 0x41, 0x08, 0x62, 0x08, 0x62,
    0x08, 0x61, 0x08, 0x41, 0x08, 0x41, 0x08, 0x41, 0x08, 0x62, 0x08, 0x62, 0x08, 0x61, 0x08, 0x61,
    0x08, 0x41, 0x08, 0x41, 0x08, 0x62, 0x08, 0x62, 0x08, 0x61, 0x08, 0x61, 0x08, 0x41, 0x08, 0x41,
    0x08, 0x62, 0x08, 0x62, 0x08, 0x61, 0x08, 0x61, 0x08, 0x41, 0x08, 0x41, 0x08, 0x62, 0x08, 0x62,
    0x08, 0x61, 0x08, 0x61, 0x08, 0x41, 0x08, 0x41, 0x08, 0x62, 0x08, 0x62, 0x08, 0x61, 0x08, 0x41,
    0x08, 0x41, 0x08, 0x41, 0x08, 0x62, 0x08, 0x62, 0x08, 0x61, 0x08, 0x41, 0x08, 0x41, 0x08, 0x41,
    0x08, 0x62, 0x08, 0x62, 0x08, 0x61, 0x08, 0x41, 0x08, 0x41, 0x00, 0x41, 0x08, 0x62, 0x08, 0x61,
    0x08, 0x61, 0x08, 0x41, 0x08, 0x41, 0x00, 0x41, 0x08, 0x62, 0x08, 0x61, 0x08, 0x61, 0x08, 0x41,
    0x08, 0x41, 0x00, 0x21, 0x08, 0x61, 0x08, 0x61, 0x08, 0x61, 0x08, 0x41, 0x08, 0x41, 0x00, 0x21,
    0x08, 0x61, 0x08, 0x61, 0x08, 0x41, 0x08, 0x41, 0x08, 0x41, 0x00, 0x21, 0x08, 0x61, 0x08, 0x61,
    0x08, 0x41, 0x08, 0x41, 0x00, 0x41, 0x00, 0x20, 0x08, 0x61, 0x08, 0x61, 0x08, 0x41, 0x08, 0x41,
    0x00, 0x21, 0x00, 0x20, 0x08, 0x41, 0x08, 0x41, 0x08, 0x41, 0x08, 0x41, 0x00, 0x21, 0x00, 0x20,
    0x08, 0x41, 0x08, 0x41, 0x08, 0x41, 0x00, 0x41, 0x00, 0x20, 0x00, 0x20, 0x08, 0x41, 0x08, 0x41,
    0x08, 0x41, 0x00, 0x21, 0x00, 0x20, 0x00, 0x20, 0x08, 0x41, 0x08, 0x41, 0x00, 0x21, 0x00, 0x20,
    0x00, 0x20, 0x00, 0x20, 0x00, 0x41, 0x00, 0x41, 0x00, 0x20, 0x00, 0x00, 0x00, 0x00, 0x00, 0x00,
    0x00, 0x00, 0x00, 0x00, 0x00, 0x00, 0x00, 0x00, 0x00, 0x00, 0x00, 0x00, 0x00, 0x00, 0x00, 0x00,
    0x00, 0x00, 0x00, 0x00, 0x00, 0x00, 0x00, 0x00, 0x00, 0x00, 0x00, 0x00, 0x00, 0x00, 0x00, 0x00,
    0x00, 0x00, 0x00, 0x00, 0x00, 0x00, 0x00, 0x00, 0x00, 0x00, 0x00, 0x00, 0x00, 0x00, 0x00, 0x00,
    0x00, 0x00, 0x00, 0x00, 0x00, 0x00, 0x00, 0x00, 0x00, 0x00, 0x00, 0x00, 0x00, 0x00, 0x00, 0x00,
    0x00, 0x00, 0x00, 0x00, 0x00, 0x00, 0x00, 0x00, 0x00, 0x00, 0x00, 0x00, 0x00, 0x00, 0x00, 0x00,
    0x00, 0x00, 0x00, 0x00, 0x00, 0x00, 0x00, 0x00, 0x00, 0x00, 0x00, 0x00, 0x00, 0x00, 0x00, 0x00,
    0x00, 0x00, 0x00, 0x00, 0x00, 0x00, 0x00, 0x00, 0x00, 0x20, 0x00, 0x20, 0x00, 0x41, 0x08, 0x41,
    0x00, 0x41, 0x00, 0x21, 0x00, 0x20, 0x00, 0x20, 0x08, 0x41, 0x00, 0x41, 0x00, 0x21, 0x00, 0x20,
    0x00, 0x20, 0x00, 0x20, 0x08, 0x41, 0x08, 0x41, 0x08, 0x41, 0x08, 0x41, 0x00, 0x41, 0x00, 0x20,
    0x08, 0x41, 0x08, 0x41, 0x08, 0x41, 0x00, 0x21, 0x00, 0x20, 0x00, 0x20, 0x08, 0x41, 0x08, 0x41,
    0x08, 0x41, 0x08, 0x41, 0x08, 0x41, 0x00, 0x21, 0x08, 0x61, 0x08, 0x41, 0x08, 0x41, 0x00, 0x41,
    0x00, 0x20, 0x00, 0x20, 0x08, 0x61, 0x08, 0x61, 0x08, 0x61, 0x08, 0x41, 0x08, 0x41, 0x08, 0x41,
    0x08, 0x61, 0x08, 0x61, 0x08, 0x41, 0x08, 0x41, 0x00, 0x21, 0x00, 0x21, 0x08, 0x61, 0x08, 0x61,
    0x08, 0x61, 0x08, 0x61, 0x08, 0x41, 0x08, 0x41, 0x08, 0x61, 0x08, 0x61, 0x08, 0x41, 0x08, 0x41,
    0x00, 0x41, 0x00, 0x21, 0x08, 0x61, 0x08, 0x62, 0x08, 0x62, 0x08, 0x61, 0x08, 0x41, 0x08, 0x41,
    0x08, 0x62, 0x08, 0x61, 0x08, 0x41, 0x08, 0x41, 0x08, 0x41, 0x00, 0x41, 0x08, 0x62, 0x08, 0x62,
    0x08, 0x62, 0x08, 0x61, 0x08, 0x41, 0x08, 0x41, 0x08, 0x62, 0x08, 0x61, 0x08, 0x41, 0x08, 0x41,
    0x08, 0x41, 0x00, 0x41, 0x08, 0x62, 0x08, 0x62, 0x08, 0x62, 0x08, 0x61, 0x08, 0x41, 0x08, 0x41,
    0x08, 0x62, 0x08, 0x61, 0x08, 0x41, 0x08, 0x41, 0x08, 0x41, 0x00, 0x41, 0x08, 0x62, 0x08, 0x62,
    0x08, 0x62, 0x08, 0x61, 0x08, 0x41, 0x08, 0x41, 0x08, 0x62, 0x08, 0x61, 0x08, 0x41, 0x08, 0x41,
    0x08, 0x41, 0x00, 0x41, 0x08, 0x62, 0x08, 0x62, 0x08, 0x62, 0x08, 0x61, 0x08, 0x41, 0x08, 0x41,
    0x08, 0x62, 0x08, 0x61, 0x08, 0x41, 0x08, 0x41, 0x00, 0x41, 0x00, 0x21, 0x08, 0x61, 0x08, 0x62,
    0x08, 0x61, 0x08, 0x61, 0x08, 0x41, 0x08, 0x41, 0x08, 0x61, 0x08, 0x61, 0x08, 0x41, 0x08, 0x41,
    0x00, 0x21, 0x00, 0x21, 0x08, 0x61, 0x08, 0x61, 0x08, 0x61, 0x08, 0x61, 0x08, 0x41, 0x08, 0x41,
    0x08, 0x61, 0x08, 0x41, 0x08, 0x41, 0x08, 0x41, 0x00, 0x21, 0x00, 0x20, 0x08, 0x61, 0x08, 0x61,
    0x08, 0x61, 0x08, 0x41, 0x08, 0x41, 0x00, 0x41, 0x08, 0x61, 0x08, 0x41, 0x08, 0x41, 0x00, 0x21,
    0x00, 0x20, 0x00, 0x20, 0x08, 0x41, 0x08, 0x41, 0x08, 0x41, 0x08, 0x41, 0x08, 0x41, 0x00, 0x20,
    0x08, 0x41, 0x08, 0x41, 0x00, 0x41, 0x00, 0x20, 0x00, 0x20, 0x00, 0x20, 0x08, 0x41, 0x08, 0x41,
    0x08, 0x41, 0x08, 0x41, 0x00, 0x21, 0x00, 0x20, 0x08, 0x41, 0x00, 0x41, 0x00, 0x20, 0x00, 0x20,
    0x00, 0x20, 0x00, 0x20, 0x00, 0x41, 0x00, 0x41, 0x00, 0x00, 0x00, 0x00, 0x00, 0x00, 0x00, 0x00,
    0x00, 0x00, 0x00, 0x00, 0x00, 0x00, 0x00, 0x00, 0x00, 0x00, 0x00, 0x00, 0x00, 0x00, 0x00, 0x00,
    0x00, 0x00, 0x00, 0x00, 0x00, 0x00, 0x00, 0x00, 0x00, 0x00, 0x00, 0x00, 0x00, 0x00, 0x00, 0x00,
    0x00, 0x00, 0x00, 0x00, 0x00, 0x00, 0x00, 0x00, 0x00, 0x00, 0x00, 0x00, 0x00, 0x00, 0x00, 0x00,
    0x00, 0x00, 0x00, 0x00, 0x00, 0x00, 0x00, 0x00, 0x00, 0x00, 0x00, 0x00, 0x00, 0x00, 0x00, 0x00,
    0x00, 0x00, 0x00, 0x00, 0x00, 0x00, 0x00, 0x00, 0x00, 0x00, 0x00, 0x00, 0x00, 0x00, 0x00, 0x00,
    0x00, 0x00, 0x00, 0x00, 0x00, 0x00, 0x00, 0x00, 0x00, 0x00, 0x00, 0x00, 0x00, 0x00, 0x00, 0x00,
    0x00, 0x00, 0x00, 0x00, 0x00, 0x00, 0x00, 0x00, 0x00, 0x20, 0x00, 0x20, 0x00, 0x21, 0x00, 0x41,
    0x08, 0x41, 0x08, 0x41, 0x00, 0x21, 0x00, 0x20, 0x00, 0x41, 0x00, 0x20, 0x00, 0x20, 0x00, 0x20,
    0x00, 0x20, 0x00, 0x20, 0x08, 0x41, 0x08, 0x41, 0x08, 0x41, 0x08, 0x41, 0x08, 0x41, 0x00, 0x41,
    0x08, 0x41, 0x00, 0x41, 0x00, 0x20, 0x00, 0x20, 0x00, 0x20, 0x00, 0x20, 0x08, 0x41, 0x08, 0x41,
    0x08, 0x41, 0x08, 0x41, 0x08, 0x41, 0x08, 0x41, 0x08, 0x41, 0x08, 0x41, 0x00, 0x41, 0x00, 0x20,
    0x00, 0x20, 0x00, 0x20, 0x08, 0x41, 0x08, 0x61, 0x08, 0x61, 0x08, 0x61, 0x08, 0x41, 0x08, 0x41,
    0x08, 0x41, 0x08, 0x41, 0x08, 0x41, 0x00, 0x21, 0x00, 0x20, 0x00, 0x21, 0x08, 0x61, 0x08, 0x61,
    0x08, 0x61, 0x08, 0x61, 0x08, 0x61, 0x08, 0x41, 0x08, 0x61, 0x08, 0x41, 0x08, 0x41, 0x00, 0x41,
    0x00, 0x21, 0x00, 0x41, 0x08, 0x61, 0x08, 0x61, 0x08, 0x62, 0x08, 0x61, 0x08, 0x61, 0x08, 0x41,
    0x08, 0x61, 0x08, 0x41, 0x08, 0x41, 0x00, 0x41, 0x00, 0x21, 0x00, 0x41, 0x08, 0x61, 0x08, 0x62,
    0x08, 0x62, 0x08, 0x62, 0x08, 0x61, 0x08, 0x41, 0x08, 0x61, 0x08, 0x41, 0x08, 0x41, 0x08, 0x41,
    0x00, 0x41, 0x08, 0x41, 0x08, 0x61, 0x08, 0x62, 0x08, 0x62, 0x08, 0x62, 0x08, 0x61, 0x08, 0x41,
    0x08, 0x61, 0x08, 0x41, 0x08, 0x41, 0x08, 0x41, 0x00, 0x41, 0x08, 0x41, 0x08, 0x61, 0x08, 0x62,
    0x08, 0x62, 0x08, 0x62, 0x08, 0x61, 0x08, 0x41, 0x08, 0x61, 0x08, 0x41, 0x08, 0x41, 0x08, 0x41,
    0x00, 0x41, 0x00, 0x41, 0x08, 0x61, 0x08, 0x62, 0x08, 0x62, 0x08, 0x62, 0x08, 0x61, 0x08, 0x41,
    0x08, 0x61, 0x08, 0x41, 0x08, 0x41, 0x00, 0x41, 0x00, 0x21, 0x00, 0x41, 0x08, 0x61, 0x08, 0x61,
    0x08, 0x62, 0x08, 0x61, 0x08, 0x61, 0x08, 0x41, 0x08, 0x61, 0x08, 0x41, 0x08, 0x41, 0x00, 0x21,
    0x00, 0x21, 0x00, 0x21, 0x08, 0x61, 0x08, 0x61, 0x08, 0x61, 0x08, 0x61, 0x08, 0x41, 0x08, 0x41,
    0x08, 0x41, 0x08, 0x41, 0x08, 0x41, 0x00, 0x21, 0x00, 0x20, 0x00, 0x20, 0x08, 0x41, 0x08, 0x61,
    0x08, 0x61, 0x08, 0x61, 0x08, 0x41, 0x08, 0x41, 0x08, 0x41, 0x08, 0x41, 0x00, 0x21, 0x00, 0x20,
    0x00, 0x20, 0x00, 0x20, 0x08, 0x41, 0x08, 0x41, 0x08, 0x41, 0x08, 0x41, 0x08, 0x41, 0x00, 0x41,
    0x08, 0x41, 0x00, 0x41, 0x00, 0x20, 0x00, 0x20, 0x00, 0x20, 0x00, 0x20, 0x08, 0x41, 0x08, 0x41,
    0x08, 0x41, 0x08, 0x41, 0x00, 0x41, 0x00, 0x20, 0x00, 0x41, 0x00, 0x20, 0x00, 0x20, 0x00, 0x20,
    0x00, 0x20, 0x00, 0x20, 0x00, 0x20, 0x00, 0x21, 0x00, 0x00, 0x00, 0x00, 0x00, 0x00, 0x00, 0x00,
    0x00, 0x00, 0x00, 0x00, 0x00, 0x00, 0x00, 0x00, 0x00, 0x00, 0x00, 0x00, 0x00, 0x00, 0x00, 0x00,
    0x00, 0x00, 0x00, 0x00, 0x00, 0x00, 0x00, 0x00, 0x00, 0x00, 0x00, 0x00, 0x00, 0x00, 0x00, 0x00,
    0x00, 0x00, 0x00, 0x00, 0x00, 0x00, 0x00, 0x00, 0x00, 0x00, 0x00, 0x00, 0x00, 0x00, 0x00, 0x00,
    0x00, 0x00, 0x00, 0x00, 0x00, 0x00, 0x00, 0x00, 0x00, 0x00, 0x00, 0x00, 0x00, 0x00, 0x00, 0x00,
    0x00, 0x00, 0x00, 0x00, 0x00, 0x00, 0x00, 0x00, 0x00, 0x00, 0x00, 0x00, 0x00, 0x00, 0x00, 0x00,
    0x00, 0x00, 0x00, 0x00, 0x00, 0x00, 0x00, 0x00, 0x00, 0x00, 0x00, 0x00, 0x00, 0x00, 0x00, 0x00,
    0x00, 0x00, 0x00, 0x00, 0x00, 0x00, 0x00, 0x00, 0x00, 0x00, 0x00, 0x20, 0x00, 0x20, 0x00, 0x21,
    0x00, 0x41, 0x08, 0x41, 0x08, 0x41, 0x00, 0x21, 0x00, 0x20, 0x00, 0x20, 0x00, 0x20, 0x00, 0x20,
    0x00, 0x20, 0x00, 0x20, 0x00, 0x21, 0x08, 0x41, 0x08, 0x41, 0x08, 0x41, 0x08, 0x41, 0x08, 0x41,
    0x00, 0x41, 0x00, 0x20, 0x00, 0x20, 0x00, 0x20, 0x00, 0x20, 0x00, 0x21, 0x08, 0x41, 0x08, 0x41,
    0x08, 0x41, 0x08, 0x41, 0x08, 0x41, 0x08, 0x41, 0x08, 0x41, 0x00, 0x21, 0x00, 0x20, 0x00, 0x20,
    0x00, 0x20, 0x00, 0x41, 0x08, 0x41, 0x08, 0x41, 0x08, 0x61, 0x08, 0x61, 0x08, 0x61, 0x08, 0x41,
    0x08, 0x41, 0x08, 0x41, 0x00, 0x21, 0x00, 0x20, 0x00, 0x21, 0x08, 0x41, 0x08, 0x41, 0x08, 0x61,
    0x08, 0x61, 0x08, 0x61, 0x08, 0x61, 0x08, 0x61, 0x08, 0x41, 0x08, 0x41, 0x00, 0x41, 0x00, 0x21,
    0x00, 0x41, 0x08, 0x41, 0x08, 0x41, 0x08, 0x61, 0x08, 0x61, 0x08, 0x62, 0x08, 0x61, 0x08, 0x61,
    0x08, 0x41, 0x08, 0x41, 0x00, 0x41, 0x00, 0x21, 0x00, 0x41, 0x08, 0x41, 0x08, 0x41, 0x08, 0x61,
    0x08, 0x62, 0x08, 0x62, 0x08, 0x62, 0x08, 0x61, 0x08, 0x41, 0x08, 0x41, 0x08, 0x41, 0x00, 0x41,
    0x08, 0x41, 0x08, 0x41, 0x08, 0x41, 0x08, 0x61, 0x08, 0x62, 0x08, 0x62, 0x08, 0x62, 0x08, 0x61,
    0x08, 0x41, 0x08, 0x41, 0x08, 0x41, 0x00, 0x41, 0x08, 0x41, 0x08, 0x41, 0x08, 0x41, 0x08, 0x61,
    0x08, 0x62, 0x08, 0x62, 0x08, 0x62, 0x08, 0x61, 0x08, 0x41, 0x08, 0x41, 0x00, 0x41, 0x00, 0x21,
    0x00, 0x41, 0x08, 0x41, 0x08, 0x41, 0x08, 0x61, 0x08, 0x62, 0x08, 0x62, 0x08, 0x61, 0x08, 0x61,
    0x08, 0x41, 0x08, 0x41, 0x00, 0x41, 0x00, 0x21, 0x00, 0x41, 0x08, 0x41, 0x08, 0x41, 0x08, 0x61,
    0x08, 0x61, 0x08, 0x61, 0x08, 0x61, 0x08, 0x61, 0x08, 0x41, 0x08, 0x41, 0x00, 0x21, 0x00, 0x21,
    0x00, 0x21, 0x08, 0x41, 0x08, 0x41, 0x08, 0x61, 0x08, 0x61, 0x08, 0x61, 0x08, 0x61, 0x08, 0x41,
    0x08, 0x41, 0x00, 0x41, 0x00, 0x21, 0x00, 0x20, 0x00, 0x20, 0x00, 0x41, 0x08, 0x41, 0x08, 0x41,
    0x08, 0x61, 0x08, 0x61, 0x08, 0x41, 0x08, 0x41, 0x08, 0x41, 0x00, 0x21, 0x00, 0x20, 0x00, 0x20,
    0x00, 0x20, 0x00, 0x21, 0x08, 0x41, 0x08, 0x41, 0x08, 0x41, 0x08, 0x41, 0x08, 0x41, 0x08, 0x41,
    0x00, 0x41, 0x00, 0x20, 0x00, 0x20, 0x00, 0x20, 0x00, 0x20, 0x00, 0x20, 0x00, 0x21, 0x08, 0x41,
    0x08, 0x41, 0x08, 0x41, 0x08, 0x41, 0x00, 0x41, 0x00, 0x20, 0x00, 0x20, 0x00, 0x20, 0x00, 0x20,
    0x00, 0x20, 0x00, 0x20, 0x00, 0x20, 0x00, 0x00, 0x00, 0x00, 0x00, 0x00, 0x00, 0x00, 0x00, 0x00,
    0x00, 0x00, 0x00, 0x00, 0x00, 0x00, 0x00, 0x00, 0x00, 0x00, 0x00, 0x00, 0x00, 0x00, 0x00, 0x00,
    0x00, 0x00, 0x00, 0x00, 0x00, 0x00, 0x00, 0x00, 0x00, 0x00, 0x00, 0x00, 0x00, 0x00, 0x00, 0x00,
    0x00, 0x00, 0x00, 0x00, 0x00, 0x00, 0x00, 0x00, 0x00, 0x00, 0x00, 0x00, 0x00, 0x00, 0x00, 0x00,
    0x00, 0x00, 0x00, 0x00, 0x00, 0x00, 0x00, 0x00, 0x00, 0x00, 0x00, 0x00, 0x00, 0x00, 0x00, 0x00,
    0x00, 0x00, 0x00, 0x00, 0x00, 0x00, 0x00, 0x00, 0x00, 0x00, 0x00, 0x00, 0x00, 0x00, 0x00, 0x00,
    0x00, 0x00, 0x00, 0x00, 0x00, 0x00, 0x00, 0x00, 0x00, 0x00, 0x00, 0x00, 0x00, 0x00, 0x00, 0x00,
    0x00, 0x00, 0x00, 0x00, 0x00, 0x00, 0x00, 0x00, 0x00, 0x00, 0x00, 0x00, 0x00, 0x20, 0x00, 0x21,
    0x00, 0x41, 0x00, 0x41, 0x00, 0x21, 0x00, 0x20, 0x00, 0x21, 0x00, 0x20, 0x00, 0x20, 0x00, 0x20,
    0x00, 0x20, 0x00, 0x20, 0x08, 0x41, 0x08, 0x41, 0x08, 0x41, 0x08, 0x41, 0x08, 0x41, 0x00, 0x41,
    0x08, 0x41, 0x00, 0x41, 0x00, 0x20, 0x00, 0x20, 0x00, 0x20, 0x00, 0x20, 0x08, 0x41, 0x08, 0x41,
    0x08, 0x41, 0x08, 0x41, 0x08, 0x41, 0x08, 0x41, 0x08, 0x41, 0x08, 0x41, 0x00, 0x21, 0x00, 0x20,
    0x00, 0x20, 0x00, 0x20, 0x08, 0x41, 0x08, 0x61, 0x08, 0x61, 0x08, 0x61, 0x08, 0x41, 0x08, 0x41,
    0x08, 0x41, 0x08, 0x41, 0x08, 0x41, 0x00, 0x21, 0x00, 0x20, 0x00, 0x21, 0x08, 0x61, 0x08, 0x61,
    0x08, 0x61, 0x08, 0x61, 0x08, 0x61, 0x08, 0x41, 0x08, 0x61, 0x08, 0x41, 0x08, 0x41, 0x00, 0x21,
    0x00, 0x21, 0x00, 0x41, 0x08, 0x61, 0x08, 0x61, 0x08, 0x62, 0x08, 0x61, 0x08, 0x61, 0x08, 0x41,
    0x08, 0x61, 0x08, 0x41, 0x08, 0x41, 0x00, 0x41, 0x00, 0x21, 0x00, 0x41, 0x08, 0x61, 0x08, 0x62,
    0x08, 0x62, 0x08, 0x62, 0x08, 0x61, 0x08, 0x41, 0x08, 0x61, 0x08, 0x41, 0x08, 0x41, 0x00, 0x41,
    0x00, 0x21, 0x00, 0x41, 0x08, 0x61, 0x08, 0x62, 0x08, 0x62, 0x08, 0x62, 0x08, 0x61, 0x08, 0x41,
    0x08, 0x61, 0x08, 0x41, 0x08, 0x41, 0x00, 0x41, 0x00, 0x21, 0x00, 0x41, 0x08, 0x61, 0x08, 0x62,
    0x08, 0x62, 0x08, 0x62, 0x08, 0x61, 0x08, 0x41, 0x08, 0x61, 0x08, 0x41, 0x08, 0x41, 0x00, 0x41,
    0x00, 0x21, 0x00, 0x41, 0x08, 0x61, 0x08, 0x61, 0x08, 0x62, 0x08, 0x61, 0x08, 0x61, 0x08, 0x41,
    0x08, 0x61, 0x08, 0x41, 0x08, 0x41, 0x00, 0x41, 0x00, 0x21, 0x00, 0x41, 0x08, 0x61, 0x08, 0x61,
    0x08, 0x61, 0x08, 0x61, 0x08, 0x61, 0x08, 0x41, 0x08, 0x61, 0x08, 0x41, 0x08, 0x41, 0x00, 0x21,
    0x00, 0x20, 0x00, 0x21, 0x08, 0x61, 0x08, 0x61, 0x08, 0x61, 0x08, 0x61, 0x08, 0x41, 0x08, 0x41,
    0x08, 0x41, 0x08, 0x41, 0x00, 0x41, 0x00, 0x20, 0x00, 0x20, 0x00, 0x20, 0x08, 0x41, 0x08, 0x61,
    0x08, 0x61, 0x08, 0x41, 0x08, 0x41, 0x08, 0x41, 0x08, 0x41, 0x08, 0x41, 0x00, 0x21, 0x00, 0x20,
    0x00, 0x20, 0x00, 0x20, 0x08, 0x41, 0x08, 0x41, 0x08, 0x41, 0x08, 0x41, 0x08, 0x41, 0x00, 0x41,
    0x08, 0x41, 0x00, 0x21, 0x00, 0x20, 0x00, 0x20, 0x00, 0x20, 0x00, 0x20, 0x08, 0x41, 0x08, 0x41,
    0x08, 0x41, 0x08, 0x41, 0x00, 0x41, 0x00, 0x20, 0x00, 0x21, 0x00, 0x20, 0x00, 0x20, 0x00, 0x20,
    0x00, 0x20, 0x00, 0x20, 0x00, 0x00, 0x00, 0x00, 0x00, 0x00, 0x00, 0x00, 0x00, 0x00, 0x00, 0x00,
    0x00, 0x00, 0x00, 0x00, 0x00, 0x00, 0x00, 0x00, 0x00, 0x00, 0x00, 0x00, 0x00, 0x00, 0x00, 0x00,
    0x00, 0x00, 0x00, 0x00, 0x00, 0x00, 0x00, 0x00, 0x00, 0x00, 0x00, 0x00, 0x00, 0x00, 0x00, 0x00,
    0x00, 0x00, 0x00, 0x00, 0x00, 0x00, 0x00, 0x00, 0x00, 0x00, 0x00, 0x00, 0x00, 0x00, 0x00, 0x00,
    0x00, 0x00, 0x00, 0x00, 0x00, 0x00, 0x00, 0x00, 0x00, 0x00, 0x00, 0x00, 0x00, 0x00, 0x00, 0x00,
    0x00, 0x00, 0x00, 0x00, 0x00, 0x00, 0x00, 0x00, 0x00, 0x00, 0x00, 0x00, 0x00, 0x00, 0x00, 0x00,
    0x00, 0x00, 0x00, 0x00, 0x00, 0x00, 0x00, 0x00, 0x00, 0x00, 0x00, 0x00, 0x00, 0x00, 0x00, 0x00,
    0x00, 0x00, 0x00, 0x00, 0x00, 0x00, 0x00, 0x00, 0x00, 0x00, 0x00, 0x00, 0x00, 0x00, 0x00, 0x41,
    0x00, 0x21, 0x00, 0x21, 0x00, 0x20, 0x00, 0x20, 0x08, 0x41, 0x00, 0x21, 0x00, 0x20, 0x00, 0x20,
    0x00, 0x20, 0x00, 0x20, 0x08, 0x41, 0x08, 0x41, 0x08, 0x41, 0x08, 0x41, 0x00, 0x21, 0x00, 0x20,
    0x08, 0x41, 0x08, 0x41, 0x00, 0x41, 0x00, 0x20, 0x00, 0x20, 0x00, 0x20, 0x08, 0x41, 0x08, 0x41,
    0x08, 0x41, 0x08, 0x41, 0x08, 0x41, 0x00, 0x21, 0x08, 0x41, 0x08, 0x41, 0x08, 0x41, 0x00, 0x21,
    0x00, 0x20, 0x00, 0x20, 0x08, 0x61, 0x08, 0x61, 0x08, 0x61, 0x08, 0x41, 0x08, 0x41, 0x00, 0x41,
    0x08, 0x61, 0x08, 0x41, 0x08, 0x41, 0x08, 0x41, 0x00, 0x21, 0x00, 0x20, 0x08, 0x61, 0x08, 0x61,
    0x08, 0x61, 0x08, 0x61, 0x08, 0x41, 0x08, 0x41, 0x08, 0x61, 0x08, 0x61, 0x08, 0x41, 0x08, 0x41,
    0x00, 0x21, 0x00, 0x21, 0x08, 0x61, 0x08, 0x61, 0x08, 0x61, 0x08, 0x61, 0x08, 0x41, 0x08, 0x41,
    0x08, 0x61, 0x08, 0x61, 0x08, 0x41, 0x08, 0x41, 0x00, 0x41, 0x00, 0x21, 0x08, 0x61, 0x08, 0x62,
    0x08, 0x61, 0x08, 0x61, 0x08, 0x41, 0x08, 0x41, 0x08, 0x61, 0x08, 0x61, 0x08, 0x41, 0x08, 0x41,
    0x00, 0x41, 0x00, 0x21, 0x08, 0x62, 0x08, 0x62, 0x08, 0x62, 0x08, 0x61, 0x08, 0x41, 0x08, 0x41,
    0x08, 0x62, 0x08, 0x61, 0x08, 0x41, 0x08, 0x41, 0x00, 0x41, 0x00, 0x21, 0x08, 0x62, 0x08, 0x62,
    0x08, 0x62, 0x08, 0x61, 0x08, 0x41, 0x08, 0x41, 0x08, 0x61, 0x08, 0x61, 0x08, 0x41, 0x08, 0x41,
    0x00, 0x41, 0x00, 0x21, 0x08, 0x61, 0x08, 0x62, 0x08, 0x61, 0x08, 0x61, 0x08, 0x41, 0x08, 0x41,
    0x08, 0x61, 0x08, 0x61, 0x08, 0x41, 0x08, 0x41, 0x00, 0x41, 0x00, 0x21, 0x08, 0x61, 0x08, 0x61,
    0x08, 0x61, 0x08, 0x61, 0x08, 0x41, 0x08, 0x41, 0x08, 0x61, 0x08, 0x61, 0x08, 0x41, 0x08, 0x41,
    0x00, 0x21, 0x00, 0x20, 0x08, 0x61, 0x08, 0x61, 0x08, 0x61, 0x08, 0x41, 0x08, 0x41, 0x00, 0x41,
    0x08, 0x61, 0x08, 0x41, 0x08, 0x41, 0x00, 0x41, 0x00, 0x20, 0x00, 0x20, 0x08, 0x61, 0x08, 0x61,
    0x08, 0x41, 0x08, 0x41, 0x08, 0x41, 0x00, 0x21, 0x08, 0x41, 0x08, 0x41, 0x08, 0x41, 0x00, 0x21,
    0x00, 0x20, 0x00, 0x20, 0x08, 0x41, 0x08, 0x41, 0x08, 0x41, 0x08, 0x41, 0x00, 0x41, 0x00, 0x20,
    0x08, 0x41, 0x08, 0x41, 0x00, 0x21, 0x00, 0x20, 0x00, 0x20, 0x00, 0x20, 0x08, 0x41, 0x08, 0x41,
    0x08, 0x41, 0x00, 0x41, 0x00, 0x20, 0x00, 0x20, 0x00, 0x41, 0x00, 0x21, 0x00, 0x20, 0x00, 0x20,
    0x00, 0x20, 0x00, 0x00, 0x00, 0x00, 0x00, 0x00, 0x00, 0x00, 0x00, 0x00, 0x00, 0x00, 0x00, 0x00,
    0x00, 0x00, 0x00, 0x00, 0x00, 0x00, 0x00, 0x00, 0x00, 0x00, 0x00, 0x00, 0x00, 0x00, 0x00, 0x00,
    0x00, 0x00, 0x00, 0x00, 0x00, 0x00, 0x00, 0x00, 0x00, 0x00, 0x00, 0x00, 0x00, 0x00, 0x00, 0x00,
    0x00, 0x00, 0x00, 0x00, 0x00, 0x00, 0x00, 0x00, 0x00, 0x00, 0x00, 0x00, 0x00, 0x00, 0x00, 0x00,
    0x00, 0x00, 0x00, 0x00, 0x00, 0x00, 0x00, 0x00, 0x00, 0x00, 0x00, 0x00, 0x00, 0x00, 0x00, 0x00,
    0x00, 0x00, 0x00, 0x00, 0x00, 0x00, 0x00, 0x00, 0x00, 0x00, 0x00, 0x00, 0x00, 0x00, 0x00, 0x00,
    0x00, 0x00, 0x00, 0x00, 0x00, 0x00, 0x00, 0x00, 0x00, 0x00, 0x00, 0x00, 0x00, 0x00, 0x00, 0x00,
    0x00, 0x00, 0x00, 0x00, 0x00, 0x00, 0x00, 0x00, 0x00, 0x00, 0x00, 0x00, 0x00, 0x00, 0x00, 0x00,
    0x00, 0x20, 0x00, 0x20, 0x00, 0x20, 0x00, 0x20, 0x08, 0x41, 0x08, 0x41, 0x00, 0x21, 0x00, 0x20,
    0x00, 0x20, 0x00, 0x20, 0x08, 0x41, 0x08, 0x41, 0x08, 0x41, 0x00, 0x21, 0x00, 0x20, 0x00, 0x20,
    0x08, 0x41, 0x08, 0x41, 0x08, 0x41, 0x00, 0x41, 0x00, 0x20, 0x00, 0x20, 0x08, 0x41, 0x08, 0x41,
    0x08, 0x41, 0x08, 0x41, 0x00, 0x21, 0x00, 0x20, 0x08, 0x41, 0x08, 0x41, 0x08, 0x41, 0x08, 0x41,
    0x00, 0x21, 0x00, 0x20, 0x08, 0x61, 0x08, 0x61, 0x08, 0x41, 0x08, 0x41, 0x00, 0x41, 0x00, 0x20,
    0x08, 0x61, 0x08, 0x61, 0x08, 0x41, 0x08, 0x41, 0x08, 0x41, 0x00, 0x21, 0x08, 0x61, 0x08, 0x61,
    0x08, 0x41, 0x08, 0x41, 0x08, 0x41, 0x00, 0x21, 0x08, 0x61, 0x08, 0x61, 0x08, 0x61, 0x08, 0x41,
    0x08, 0x41, 0x00, 0x21, 0x08, 0x61, 0x08, 0x61, 0x08, 0x61, 0x08, 0x41, 0x08, 0x41, 0x00, 0x41,
    0x08, 0x61, 0x08, 0x61, 0x08, 0x61, 0x08, 0x41, 0x08, 0x41, 0x00, 0x41, 0x08, 0x62, 0x08, 0x61,
    0x08, 0x61, 0x08, 0x41, 0x08, 0x41, 0x00, 0x41, 0x08, 0x62, 0x08, 0x61, 0x08, 0x61, 0x08, 0x41,
    0x08, 0x41, 0x00, 0x41, 0x08, 0x62, 0x08, 0x61, 0x08, 0x61, 0x08, 0x41, 0x08, 0x41, 0x00, 0x41,
    0x08, 0x62, 0x08, 0x61, 0x08, 0x61, 0x08, 0x41, 0x08, 0x41, 0x00, 0x41, 0x08, 0x62, 0x08, 0x61,
    0x08, 0x61, 0x08, 0x41, 0x08, 0x41, 0x00, 0x41, 0x08, 0x62, 0x08, 0x61, 0x08, 0x61, 0x08, 0x41,
    0x08, 0x41, 0x00, 0x41, 0x08, 0x62, 0x08, 0x61, 0x08, 0x61, 0x08, 0x41, 0x08, 0x41, 0x00, 0x41,
    0x08, 0x61, 0x08, 0x61, 0x08, 0x61, 0x08, 0x41, 0x08, 0x41, 0x00, 0x21, 0x08, 0x61, 0x08, 0x61,
    0x08, 0x61, 0x08, 0x41, 0x08, 0x41, 0x00, 0x21, 0x08, 0x61, 0x08, 0x61, 0x08, 0x61, 0x08, 0x41,
    0x08, 0x41, 0x00, 0x21, 0x08, 0x61, 0x08, 0x61, 0x08, 0x41, 0x08, 0x41, 0x00, 0x41, 0x00, 0x20,
    0x08, 0x61, 0x08, 0x61, 0x08, 0x41, 0x08, 0x41, 0x00, 0x41, 0x00, 0x20, 0x08, 0x61, 0x08, 0x41,
    0x08, 0x41, 0x08, 0x41, 0x00, 0x21, 0x00, 0x20, 0x08, 0x41, 0x08, 0x41, 0x08, 0x41, 0x08, 0x41,
    0x00, 0x20, 0x00, 0x20, 0x08, 0x41, 0x08, 0x41, 0x08, 0x41, 0x00, 0x41, 0x00, 0x20, 0x00, 0x20,
    0x08, 0x41, 0x08, 0x41, 0x08, 0x41, 0x00, 0x21, 0x00, 0x20, 0x00, 0x20, 0x08, 0x41, 0x08, 0x41,
    0x00, 0x41, 0x00, 0x20, 0x00, 0x20, 0x00, 0x20, 0x08, 0x41, 0x00, 0x41, 0x00, 0x20, 0x00, 0x20,
    0x00, 0x00, 0x00, 0x00, 0x00, 0x00, 0x00, 0x00, 0x00, 0x00, 0x00, 0x00, 0x00, 0x00, 0x00, 0x00,
    0x00, 0x00, 0x00, 0x00, 0x00, 0x00, 0x00, 0x00, 0x00, 0x00, 0x00, 0x00, 0x00, 0x00, 0x00, 0x00,
    0x00, 0x00, 0x00, 0x00, 0x00, 0x00, 0x00, 0x00, 0x00, 0x00, 0x00, 0x00, 0x00, 0x00, 0x00, 0x00,
    0x00, 0x00, 0x00, 0x00, 0x00, 0x00, 0x00, 0x00, 0x00, 0x00, 0x00, 0x00, 0x00, 0x00, 0x00, 0x00,
    0x00, 0x00, 0x00, 0x00, 0x00, 0x00, 0x00, 0x00, 0x00, 0x00, 0x00, 0x00, 0x00, 0x00, 0x00, 0x00,
    0x00, 0x00, 0x00, 0x00, 0x00, 0x00, 0x00, 0x00, 0x00, 0x00, 0x00, 0x00, 0x00, 0x00, 0x00, 0x00,
    0x00, 0x00, 0x00, 0x00, 0x00, 0x00, 0x00, 0x00, 0x00, 0x00, 0x00, 0x00, 0x00, 0x00, 0x00, 0x00,
    0x00, 0x00, 0x00, 0x00, 0x00, 0x00, 0x00, 0x00, 0x00, 0x00, 0x00, 0x00, 0x00, 0x00, 0x00, 0x00,
    0x00, 0x00, 0x00, 0x20, 0x00, 0x20, 0x00, 0x20, 0x00, 0x41, 0x08, 0x41, 0x08, 0x41, 0x00, 0x21,
    0x00, 0x20, 0x00, 0x20, 0x08, 0x41, 0x00, 0x41, 0x00, 0x21, 0x00, 0x20, 0x00, 0x20, 0x00, 0x20,
    0x08, 0x41, 0x08, 0x41, 0x08, 0x41, 0x08, 0x41, 0x00, 0x41, 0x00, 0x20, 0x08, 0x41, 0x08, 0x41,
    0x08, 0x41, 0x00, 0x21, 0x00, 0x20, 0x00, 0x20, 0x08, 0x41, 0x08, 0x41, 0x08, 0x41, 0x08, 0x41,
    0x08, 0x41, 0x00, 0x21, 0x08, 0x41, 0x08, 0x41, 0x08, 0x41, 0x00, 0x41, 0x00, 0x20, 0x00, 0x20,
    0x08, 0x61, 0x08, 0x61, 0x08, 0x61, 0x08, 0x41, 0x08, 0x41, 0x00, 0x41, 0x08, 0x61, 0x08, 0x41,
    0x08, 0x41, 0x08, 0x41, 0x00, 0x21, 0x00, 0x20, 0x08, 0x61, 0x08, 0x61, 0x08, 0x61, 0x08, 0x61,
    0x08, 0x41, 0x08, 0x41, 0x08, 0x61, 0x08, 0x61, 0x08, 0x41, 0x08, 0x41, 0x00, 0x21, 0x00, 0x21,
    0x08, 0x61, 0x08, 0x61, 0x08, 0x61, 0x08, 0x61, 0x08, 0x41, 0x08, 0x41, 0x08, 0x61, 0x08, 0x61,
    0x08, 0x41, 0x08, 0x41, 0x00, 0x41, 0x00, 0x21, 0x08, 0x61, 0x08, 0x62, 0x08, 0x61, 0x08, 0x61,
    0x08, 0x41, 0x08, 0x41, 0x08, 0x61, 0x08, 0x61, 0x08, 0x41, 0x08, 0x41, 0x00, 0x41, 0x00, 0x21,
    0x08, 0x61, 0x08, 0x62, 0x08, 0x61, 0x08, 0x61, 0x08, 0x41, 0x08, 0x41, 0x08, 0x61, 0x08, 0x61,
    0x08, 0x41, 0x08, 0x41, 0x00, 0x41, 0x00, 0x21, 0x08, 0x61, 0x08, 0x62, 0x08, 0x61, 0x08, 0x61,
    0x08, 0x41, 0x08, 0x41, 0x08, 0x61, 0x08, 0x61, 0x08, 0x41, 0x08, 0x41, 0x00, 0x21, 0x00, 0x21,
    0x08, 0x61, 0x08, 0x61, 0x08, 0x61, 0x08, 0x61, 0x08, 0x41, 0x08, 0x41, 0x08, 0x61, 0x08, 0x61,
    0x08, 0x41, 0x08, 0x41, 0x00, 0x21, 0x00, 0x20, 0x08, 0x61, 0x08, 0x61, 0x08, 0x61, 0x08, 0x41,
    0x08, 0x41, 0x08, 0x41, 0x08, 0x61, 0x08, 0x41, 0x08, 0x41, 0x00, 0x41, 0x00, 0x20, 0x00, 0x20,
    0x08, 0x61, 0x08, 0x61, 0x08, 0x61, 0x08, 0x41, 0x08, 0x41, 0x00, 0x21, 0x08, 0x41, 0x08, 0x41,
    0x08, 0x41, 0x00, 0x21, 0x00, 0x20, 0x00, 0x20, 0x08, 0x41, 0x08, 0x41, 0x08, 0x41, 0x08, 0x41,
    0x00, 0x41, 0x00, 0x20, 0x08, 0x41, 0x08, 0x41, 0x00, 0x41, 0x00, 0x20, 0x00, 0x20, 0x00, 0x20,
    0x08, 0x41, 0x08, 0x41, 0x08, 0x41, 0x08, 0x41, 0x00, 0x21, 0x00, 0x20, 0x08, 0x41, 0x00, 0x41,
    0x00, 0x20, 0x00, 0x20, 0x00, 0x20, 0x00, 0x20, 0x00, 0x41, 0x00, 0x41, 0x00, 0x21, 0x00, 0x00,
    0x00, 0x00, 0x00, 0x00, 0x00, 0x00, 0x00, 0x00, 0x00, 0x00, 0x00, 0x00, 0x00, 0x00, 0x00, 0x00,
    0x00, 0x00, 0x00, 0x00, 0x00, 0x00, 0x00, 0x00, 0x00, 0x00, 0x00, 0x00, 0x00, 0x00, 0x00, 0x00,
    0x00, 0x00, 0x00, 0x00, 0x00, 0x00, 0x00, 0x00, 0x00, 0x00, 0x00, 0x00, 0x00, 0x00, 0x00, 0x00,
    0x00, 0x00, 0x00, 0x00, 0x00, 0x00, 0x00, 0x00, 0x00, 0x00, 0x00, 0x00, 0x00, 0x00, 0x00, 0x00,
    0x00, 0x00, 0x00, 0x00, 0x00, 0x00, 0x00, 0x00, 0x00, 0x00, 0x00, 0x00, 0x00, 0x00, 0x00, 0x00,
    0x00, 0x00, 0x00, 0x00, 0x00, 0x00, 0x00, 0x00, 0x00, 0x00, 0x00, 0x00, 0x00, 0x00, 0x00, 0x00,
    0x00, 0x00, 0x00, 0x00, 0x00, 0x00, 0x00, 0x00, 0x00, 0x00, 0x00, 0x00, 0x00, 0x00, 0x00, 0x00,
    0x00, 0x00, 0x00, 0x00, 0x00, 0x00, 0x00, 0x00, 0x00, 0x00, 0x00, 0x00, 0x00, 0x00, 0x00, 0x00,
    0x00, 0x00, 0x00, 0x00, 0x00, 0x20, 0x00, 0x20, 0x00, 0x21, 0x00, 0x41, 0x08, 0x41, 0x08, 0x41,
    0x00, 0x21, 0x00, 0x20, 0x00, 0x41, 0x00, 0x20, 0x00, 0x20, 0x00, 0x20, 0x00, 0x20, 0x00, 0x20,
    0x08, 0x41, 0x08, 0x41, 0x08, 0x41, 0x08, 0x41, 0x08, 0x41, 0x00, 0x41, 0x08, 0x41, 0x00, 0x41,
    0x00, 0x20, 0x00, 0x20, 0x00, 0x20, 0x00, 0x20, 0x08, 0x41, 0x08, 0x41, 0x08, 0x41, 0x08, 0x41,
    0x08, 0x41, 0x08, 0x41, 0x08, 0x41, 0x08, 0x41, 0x00, 0x21, 0x00, 0x20, 0x00, 0x20, 0x00, 0x20,
    0x08, 0x41, 0x08, 0x61, 0x08, 0x61, 0x08, 0x61, 0x08, 0x41, 0x08, 0x41, 0x08, 0x41, 0x08, 0x41,
    0x08, 0x41, 0x00, 0x21, 0x00, 0x20, 0x00, 0x21, 0x08, 0x41, 0x08, 0x61, 0x08, 0x61, 0x08, 0x61,
    0x08, 0x61, 0x08, 0x41, 0x08, 0x61, 0x08, 0x41, 0x08, 0x41, 0x00, 0x21, 0x00, 0x21, 0x00, 0x21,
    0x08, 0x61, 0x08, 0x61, 0x08, 0x61, 0x08, 0x61, 0x08, 0x61, 0x08, 0x41, 0x08, 0x61, 0x08, 0x41,
    0x08, 0x41, 0x00, 0x41, 0x00, 0x21, 0x00, 0x41, 0x08, 0x61, 0x08, 0x61, 0x08, 0x62, 0x08, 0x61,
    0x08, 0x61, 0x08, 0x41, 0x08, 0x61, 0x08, 0x41, 0x08, 0x41, 0x00, 0x41, 0x00, 0x21, 0x00, 0x41,
    0x08, 0x61, 0x08, 0x61, 0x08, 0x62, 0x08, 0x61, 0x08, 0x61, 0x08, 0x41, 0x08, 0x61, 0x08, 0x41,
    0x08, 0x41, 0x00, 0x41, 0x00, 0x21, 0x00, 0x41, 0x08, 0x61, 0x08, 0x61, 0x08, 0x61, 0x08, 0x61,
    0x08, 0x61, 0x08, 0x41, 0x08, 0x61, 0x08, 0x41, 0x08, 0x41, 0x00, 0x21, 0x00, 0x21, 0x00, 0x21,
    0x08, 0x61, 0x08, 0x61, 0x08, 0x61, 0x08, 0x61, 0x08, 0x61, 0x08, 0x41, 0x08, 0x61, 0x08, 0x41,
    0x08, 0x41, 0x00, 0x21, 0x00, 0x20, 0x00, 0x21, 0x08, 0x41, 0x08, 0x61, 0x08, 0x61, 0x08, 0x61,
    0x08, 0x41, 0x08, 0x41, 0x08, 0x41, 0x08, 0x41, 0x00, 0x41, 0x00, 0x20, 0x00, 0x20, 0x00, 0x20,
    0x08, 0x41, 0x08, 0x61, 0x08, 0x61, 0x08, 0x41, 0x08, 0x41, 0x08, 0x41, 0x08, 0x41, 0x08, 0x41,
    0x00, 0x21, 0x00, 0x20, 0x00, 0x20, 0x00, 0x20, 0x08, 0x41, 0x08, 0x41, 0x08, 0x41, 0x08, 0x41,
    0x08, 0x41, 0x00, 0x41, 0x08, 0x41, 0x00, 0x41, 0x00, 0x20, 0x00, 0x20, 0x00, 0x20, 0x00, 0x20,
    0x08, 0x41, 0x08, 0x41, 0x08, 0x41, 0x08, 0x41, 0x00, 0x41, 0x00, 0x20, 0x00, 0x41, 0x00, 0x20,
    0x00, 0x20, 0x00, 0x20, 0x00, 0x20, 0x00, 0x20, 0x00, 0x20, 0x00, 0x21, 0x00, 0x00, 0x00, 0x00,
    0x00, 0x00, 0x00, 0x00, 0x00, 0x00, 0x00, 0x00, 0x00, 0x00, 0x00, 0x00, 0x00, 0x00, 0x00, 0x00,
    0x00, 0x00, 0x00, 0x00, 0x00, 0x00, 0x00, 0x00, 0x00, 0x00, 0x00, 0x00, 0x00, 0x00, 0x00, 0x00,
    0x00, 0x00, 0x00, 0x00, 0x00, 0x00, 0x00, 0x00, 0x00, 0x00, 0x00, 0x00, 0x00, 0x00, 0x00, 0x00,
    0x00, 0x00, 0x00, 0x00, 0x00, 0x00, 0x00, 0x00, 0x00, 0x00, 0x00, 0x00, 0x00, 0x00, 0x00, 0x00,
    0x00, 0x00, 0x00, 0x00, 0x00, 0x00, 0x00, 0x00, 0x00, 0x00, 0x00, 0x00, 0x00, 0x00, 0x00, 0x00,
    0x00, 0x00, 0x00, 0x00, 0x00, 0x00, 0x00, 0x00, 0x00, 0x00, 0x00, 0x00, 0x00, 0x00, 0x00, 0x00,
    0x00, 0x00, 0x00, 0x00, 0x00, 0x00, 0x00, 0x00, 0x00, 0x00, 0x00, 0x00, 0x00, 0x00, 0x00, 0x00,
    0x00, 0x00, 0x00, 0x00, 0x00, 0x00, 0x00, 0x00, 0x00, 0x00, 0x00, 0x00, 0x00, 0x00, 0x00, 0x00,
    0x00, 0x00, 0x00, 0x00, 0x00, 0x00, 0x00, 0x20, 0x00, 0x20, 0x00, 0x21, 0x00, 0x41, 0x08, 0x41,
    0x08, 0x41, 0x00, 0x21, 0x00, 0x20, 0x00, 0x20, 0x00, 0x20, 0x00, 0x20, 0x00, 0x20, 0x00, 0x20,
    0x00, 0x21, 0x08, 0x41, 0x08, 0x41, 0x08, 0x41, 0x08, 0x41, 0x08, 0x41, 0x00, 0x41, 0x00, 0x20,
    0x00, 0x20, 0x00, 0x20, 0x00, 0x20, 0x00, 0x20, 0x08, 0x41, 0x08, 0x41, 0x08, 0x41, 0x08, 0x41,
    0x08, 0x41, 0x08, 0x41, 0x08, 0x41, 0x00, 0x21, 0x00, 0x20, 0x00, 0x20, 0x00, 0x20, 0x00, 0x21,
    0x08, 0x41, 0x08, 0x41, 0x08, 0x61, 0x08, 0x61, 0x08, 0x61, 0x08, 0x41, 0x08, 0x41, 0x00, 0x41,
    0x00, 0x21, 0x00, 0x20, 0x00, 0x21, 0x08, 0x41, 0x08, 0x41, 0x08, 0x41, 0x08, 0x61, 0x08, 0x61,
    0x08, 0x61, 0x08, 0x61, 0x08, 0x41, 0x08, 0x41, 0x00, 0x21, 0x00, 0x21, 0x00, 0x21, 0x08, 0x41,
    0x08, 0x41, 0x08, 0x61, 0x08, 0x61, 0x08, 0x61, 0x08, 0x61, 0x08, 0x61, 0x08, 0x41, 0x08, 0x41,
    0x00, 0x21, 0x00, 0x21, 0x00, 0x21, 0x08, 0x41, 0x08, 0x41, 0x08, 0x61, 0x08, 0x61, 0x08, 0x61,
    0x08, 0x61, 0x08, 0x61, 0x08, 0x41, 0x08, 0x41, 0x00, 0x41, 0x00, 0x21, 0x00, 0x41, 0x08, 0x41,
    0x08, 0x41, 0x08, 0x61, 0x08, 0x61, 0x08, 0x61, 0x08, 0x61, 0x08, 0x61, 0x08, 0x41, 0x08, 0x41,
    0x00, 0x41, 0x00, 0x21, 0x00, 0x41, 0x08, 0x41, 0x08, 0x41, 0x08, 0x61, 0x08, 0x61, 0x08, 0x61,
    0x08, 0x61, 0x08, 0x61, 0x08, 0x41, 0x08, 0x41, 0x00, 0x21, 0x00, 0x21, 0x00, 0x21, 0x08, 0x41,
    0x08, 0x41, 0x08, 0x61, 0x08, 0x61, 0x08, 0x61, 0x08, 0x61, 0x08, 0x61, 0x08, 0x41, 0x08, 0x41,
    0x00, 0x21, 0x00, 0x20, 0x00, 0x21, 0x08, 0x41, 0x08, 0x41, 0x08, 0x41, 0x08, 0x61, 0x08, 0x61,
    0x08, 0x61, 0x08, 0x41, 0x08, 0x41, 0x00, 0x41, 0x00, 0x20, 0x00, 0x20, 0x00, 0x20, 0x00, 0x41,
    0x08, 0x41, 0x08, 0x41, 0x08, 0x41, 0x08, 0x61, 0x08, 0x41, 0x08, 0x41, 0x08, 0x41, 0x00, 0x21,
    0x00, 0x20, 0x00, 0x20, 0x00, 0x20, 0x00, 0x21, 0x08, 0x41, 0x08, 0x41, 0x08, 0x41, 0x08, 0x41,
    0x08, 0x41, 0x08, 0x41, 0x00, 0x41, 0x00, 0x20, 0x00, 0x20, 0x00, 0x20, 0x00, 0x20, 0x00, 0x20,
    0x00, 0x21, 0x00, 0x41, 0x08, 0x41, 0x08, 0x41, 0x08, 0x41, 0x00, 0x41, 0x00, 0x20, 0x00, 0x20,
    0x00, 0x20, 0x00, 0x20, 0x00, 0x20, 0x00, 0x20, 0x00, 0x20, 0x00, 0x00, 0x00, 0x00, 0x00, 0x00,
    0x00, 0x00, 0x00, 0x00, 0x00, 0x00, 0x00, 0x00, 0x00, 0x00, 0x00, 0x00, 0x00, 0x00, 0x00, 0x00,
    0x00, 0x00, 0x00, 0x00, 0x00, 0x00, 0x00, 0x00, 0x00, 0x00, 0x00, 0x00, 0x00, 0x00, 0x00, 0x00,
    0x00, 0x00, 0x00, 0x00, 0x00, 0x00, 0x00, 0x00, 0x00, 0x00, 0x00, 0x00, 0x00, 0x00, 0x00, 0x00,
    0x00, 0x00, 0x00, 0x00, 0x00, 0x00, 0x00, 0x00, 0x00, 0x00, 0x00, 0x00, 0x00, 0x00, 0x00, 0x00,
    0x00, 0x00, 0x00, 0x00, 0x00, 0x00, 0x00, 0x00, 0x00, 0x00, 0x00, 0x00, 0x00, 0x00, 0x00, 0x00,
    0x00, 0x00, 0x00, 0x00, 0x00, 0x00, 0x00, 0x00, 0x00, 0x00, 0x00, 0x00, 0x00, 0x00, 0x00, 0x00,
    0x00, 0x00, 0x00, 0x00, 0x00, 0x00, 0x00, 0x00, 0x00, 0x00, 0x00, 0x00, 0x00, 0x00, 0x00, 0x00,
    0x00, 0x00, 0x00, 0x00, 0x00, 0x00, 0x00, 0x00, 0x00, 0x00, 0x00, 0x00, 0x00, 0x00, 0x00, 0x00,
    0x00, 0x00, 0x00, 0x00, 0x00, 0x00, 0x00, 0x00, 0x00, 0x20, 0x00, 0x21, 0x00, 0x41, 0x00, 0x41,
    0x00, 0x21, 0x00, 0x20, 0x00, 0x21, 0x00, 0x20, 0x00, 0x20, 0x00, 0x20, 0x00, 0x20, 0x00, 0x20,
    0x08, 0x41, 0x08, 0x41, 0x08, 0x41, 0x08, 0x41, 0x08, 0x41, 0x00, 0x21, 0x08, 0x41, 0x00, 0x41,
    0x00, 0x20, 0x00, 0x20, 0x00, 0x20, 0x00, 0x20, 0x08, 0x41, 0x08, 0x41, 0x08, 0x41, 0x08, 0x41,
    0x08, 0x41, 0x08, 0x41, 0x08, 0x41, 0x08, 0x41, 0x00, 0x21, 0x00, 0x20, 0x00, 0x20, 0x00, 0x20,
    0x08, 0x41, 0x08, 0x61, 0x08, 0x61, 0x08, 0x61, 0x08, 0x41, 0x08, 0x41, 0x08, 0x41, 0x08, 0x41,
    0x00, 0x41, 0x00, 0x20, 0x00, 0x20, 0x00, 0x21, 0x08, 0x41, 0x08, 0x61, 0x08, 0x61, 0x08, 0x61,
    0x08, 0x41, 0x08, 0x41, 0x08, 0x41, 0x08, 0x41, 0x08, 0x41, 0x00, 0x21, 0x00, 0x20, 0x00, 0x21,
    0x08, 0x61, 0x08, 0x61, 0x08, 0x61, 0x08, 0x61, 0x08, 0x61, 0x08, 0x41, 0x08, 0x61, 0x08, 0x41,
    0x08, 0x41, 0x00, 0x21, 0x00, 0x21, 0x00, 0x21, 0x08, 0x61, 0x08, 0x61, 0x08, 0x61, 0x08, 0x61,
    0x08, 0x61, 0x08, 0x41, 0x08, 0x61, 0x08, 0x41, 0x08, 0x41, 0x00, 0x21, 0x00, 0x21, 0x00, 0x21,
    0x08, 0x61, 0x08, 0x61, 0x08, 0x61, 0x08, 0x61, 0x08, 0x61, 0x08, 0x41, 0x08, 0x61, 0x08, 0x41,
    0x08, 0x41, 0x00, 0x21, 0x00, 0x21, 0x00, 0x21, 0x08, 0x61, 0x08, 0x61, 0x08, 0x61, 0x08, 0x61,
    0x08, 0x61, 0x08, 0x41, 0x08, 0x61, 0x08, 0x41, 0x08, 0x41, 0x00, 0x21, 0x00, 0x21, 0x00, 0x21,
    0x08, 0x61, 0x08, 0x61, 0x08, 0x61, 0x08, 0x61, 0x08, 0x61, 0x08, 0x41, 0x08, 0x41, 0x08, 0x41,
    0x08, 0x41, 0x00, 0x21, 0x00, 0x20, 0x00, 0x21, 0x08, 0x41, 0x08, 0x61, 0x08, 0x61, 0x08, 0x61,
    0x08, 0x41, 0x08, 0x41, 0x08, 0x41, 0x08, 0x41, 0x00, 0x41, 0x00, 0x20, 0x00, 0x20, 0x00, 0x20,
    0x08, 0x41, 0x08, 0x41, 0x08, 0x61, 0x08, 0x41, 0x08, 0x41, 0x08, 0x41, 0x08, 0x41, 0x08, 0x41,
    0x00, 0x21, 0x00, 0x20, 0x00, 0x20, 0x00, 0x20, 0x08, 0x41, 0x08, 0x41, 0x08, 0x41, 0x08, 0x41,
    0x08, 0x41, 0x00, 0x41, 0x08, 0x41, 0x00, 0x21, 0x00, 0x20, 0x00, 0x20, 0x00, 0x20, 0x00, 0x20,
    0x00, 0x41, 0x08, 0x41, 0x08, 0x41, 0x08, 0x41, 0x00, 0x41, 0x00, 0x20, 0x00, 0x21, 0x00, 0x20,
    0x00, 0x20, 0x00, 0x20, 0x00, 0x20, 0x00, 0x20, 0x00, 0x00, 0x00, 0x00, 0x00, 0x00, 0x00, 0x00,
    0x00, 0x00, 0x00, 0x00, 0x00, 0x00, 0x00, 0x00, 0x00, 0x00, 0x00, 0x00, 0x00, 0x00, 0x00, 0x00,
    0x00, 0x00, 0x00, 0x00, 0x00, 0x00, 0x00, 0x00, 0x00, 0x00, 0x00, 0x00, 0x00, 0x00, 0x00, 0x00,
    0x00, 0x00, 0x00, 0x00, 0x00, 0x00, 0x00, 0x00, 0x00, 0x00, 0x00, 0x00, 0x00, 0x00, 0x00, 0x00,
    0x00, 0x00, 0x00, 0x00, 0x00, 0x00, 0x00, 0x00, 0x00, 0x00, 0x00, 0x00, 0x00, 0x00, 0x00, 0x00,
    0x00, 0x00, 0x00, 0x00, 0x00, 0x00, 0x00, 0x00, 0x00, 0x00, 0x00, 0x00, 0x00, 0x00, 0x00, 0x00,
    0x00, 0x00, 0x00, 0x00, 0x00, 0x00, 0x00, 0x00, 0x00, 0x00, 0x00, 0x00, 0x00, 0x00, 0x00, 0x00,
    0x00, 0x00, 0x00, 0x00, 0x00, 0x00, 0x00, 0x00, 0x00, 0x00, 0x00, 0x00, 0x00, 0x00, 0x00, 0x00,
    0x00, 0x00, 0x00, 0x00, 0x00, 0x00, 0x00, 0x00, 0x00, 0x00, 0x00, 0x00, 0x00, 0x00, 0x00, 0x00,
    0x00, 0x00, 0x00, 0x00, 0x00, 0x00, 0x00, 0x00, 0x00, 0x00, 0x00, 0x41, 0x00, 0x21, 0x00, 0x21,
    0x00, 0x20, 0x00, 0x20, 0x08, 0x41, 0x00, 0x21, 0x00, 0x20, 0x00, 0x20, 0x00, 0x20, 0x00, 0x20,
    0x08, 0x41, 0x08, 0x41, 0x08, 0x41, 0x08, 0x41, 0x00, 0x21, 0x00, 0x20, 0x08, 0x41, 0x08, 0x41,
    0x00, 0x41, 0x00, 0x20, 0x00, 0x20, 0x00, 0x20, 0x08, 0x41, 0x08, 0x41, 0x08, 0x41, 0x08, 0x41,
    0x08, 0x41, 0x00, 0x21, 0x08, 0x41, 0x08, 0x41, 0x08, 0x41, 0x00, 0x21, 0x00, 0x20, 0x00, 0x20,
    0x08, 0x41, 0x08, 0x61, 0x08, 0x41, 0x08, 0x41, 0x08, 0x41, 0x00, 0x41, 0x08, 0x61, 0x08, 0x41,
    0x08, 0x41, 0x00, 0x41, 0x00, 0x20, 0x00, 0x20, 0x08, 0x61, 0x08, 0x61, 0x08, 0x61, 0x08, 0x41,
    0x08, 0x41, 0x08, 0x41, 0x08, 0x61, 0x08, 0x41, 0x08, 0x41, 0x08, 0x41, 0x00, 0x21, 0x00, 0x20,
    0x08, 0x61, 0x08, 0x61, 0x08, 0x61, 0x08, 0x61, 0x08, 0x41, 0x08, 0x41, 0x08, 0x61, 0x08, 0x61,
    0x08, 0x41, 0x08, 0x41, 0x00, 0x21, 0x00, 0x21, 0x08, 0x61, 0x08, 0x61, 0x08, 0x61, 0x08, 0x61,
    0x08, 0x41, 0x08, 0x41, 0x08, 0x61, 0x08, 0x61, 0x08, 0x41, 0x08, 0x41, 0x00, 0x21, 0x00, 0x21,
    0x08, 0x61, 0x08, 0x61, 0x08, 0x61, 0x08, 0x61, 0x08, 0x41, 0x08, 0x41, 0x08, 0x61, 0x08, 0x61,
    0x08, 0x41, 0x08, 0x41, 0x00, 0x21, 0x00, 0x21, 0x08, 0x61, 0x08, 0x61, 0x08, 0x61, 0x08, 0x61,
    0x08, 0x41, 0x08, 0x41, 0x08, 0x61, 0x08, 0x61, 0x08, 0x41, 0x08, 0x41, 0x00, 0x21, 0x00, 0x20,
    0x08, 0x61, 0x08, 0x61, 0x08, 0x61, 0x08, 0x41, 0x08, 0x41, 0x08, 0x41, 0x08, 0x61, 0x08, 0x41,
    0x08, 0x41, 0x00, 0x41, 0x00, 0x21, 0x00, 0x20, 0x08, 0x61, 0x08, 0x61, 0x08, 0x61, 0x08, 0x41,
    0x08, 0x41, 0x00, 0x41, 0x08, 0x61, 0x08, 0x41, 0x08, 0x41, 0x00, 0x21, 0x00, 0x20, 0x00, 0x20,
    0x08, 0x41, 0x08, 0x61, 0x08, 0x41, 0x08, 0x41, 0x08, 0x41, 0x00, 0x21, 0x08, 0x41, 0x08, 0x41,
    0x08, 0x41, 0x00, 0x20, 0x00, 0x20, 0x00, 0x20, 0x08, 0x41, 0x08, 0x41, 0x08, 0x41, 0x08, 0x41,
    0x00, 0x21, 0x00, 0x20, 0x08, 0x41, 0x08, 0x41, 0x00, 0x21, 0x00, 0x20, 0x00, 0x20, 0x00, 0x20,
    0x08, 0x41, 0x08, 0x41, 0x08, 0x41, 0x00, 0x21, 0x00, 0x20, 0x00, 0x20, 0x00, 0x41, 0x00, 0x21,
    0x00, 0x20, 0x00, 0x20, 0x00, 0x20, 0x00, 0x00, 0x00, 0x00, 0x00, 0x00, 0x00, 0x00, 0x00, 0x00,
    0x00, 0x00, 0x00, 0x00, 0x00, 0x00, 0x00, 0x00, 0x00, 0x00, 0x00, 0x00, 0x00, 0x00, 0x00, 0x00,
    0x00, 0x00, 0x00, 0x00, 0x00, 0x00, 0x00, 0x00, 0x00, 0x00, 0x00, 0x00, 0x00, 0x00, 0x00, 0x00,
    0x00, 0x00, 0x00, 0x00, 0x00, 0x00, 0x00, 0x00, 0x00, 0x00, 0x00, 0x00, 0x00, 0x00, 0x00, 0x00,
    0x00, 0x00, 0x00, 0x00, 0x00, 0x00, 0x00, 0x00, 0x00, 0x00, 0x00, 0x00, 0x00, 0x00, 0x00, 0x00,
    0x00, 0x00, 0x00, 0x00, 0x00, 0x00, 0x00, 0x00, 0x00, 0x00, 0x00, 0x00, 0x00, 0x00, 0x00, 0x00,
    0x00, 0x00, 0x00, 0x00, 0x00, 0x00, 0x00, 0x00, 0x00, 0x00, 0x00, 0x00, 0x00, 0x00, 0x00, 0x00,
    0x00, 0x00, 0x00, 0x00, 0x00, 0x00, 0x00, 0x00, 0x00, 0x00, 0x00, 0x00, 0x00, 0x00, 0x00, 0x00,
    0x00, 0x00, 0x00, 0x00, 0x00, 0x00, 0x00, 0x00, 0x00, 0x00, 0x00, 0x00, 0x00, 0x00, 0x00, 0x00,
    0x00, 0x00, 0x00, 0x00, 0x00, 0x00, 0x00, 0x00, 0x00, 0x00, 0x00, 0x00, 0x00, 0x20, 0x00, 0x20,
    0x00, 0x20, 0x00, 0x20, 0x08, 0x41, 0x00, 0x41, 0x00, 0x21, 0x00, 0x20, 0x00, 0x20, 0x00, 0x20,
    0x08, 0x41, 0x08, 0x41, 0x08, 0x41, 0x00, 0x21, 0x00, 0x20, 0x00, 0x20, 0x08, 0x41, 0x08, 0x41,
    0x08, 0x41, 0x00, 0x41, 0x00, 0x20, 0x00, 0x20, 0x08, 0x41, 0x08, 0x41, 0x08, 0x41, 0x08, 0x41,
    0x00, 0x20, 0x00, 0x20, 0x08, 0x41, 0x08, 0x41, 0x08, 0x41, 0x08, 0x41, 0x00, 0x21, 0x00, 0x20,
    0x08, 0x61, 0x08, 0x41, 0x08, 0x41, 0x08, 0x41, 0x00, 0x21, 0x00, 0x20, 0x08, 0x61, 0x08, 0x61,
    0x08, 0x41, 0x08, 0x41, 0x00, 0x41, 0x00, 0x20, 0x08, 0x61, 0x08, 0x61, 0x08, 0x41, 0x08, 0x41,
    0x00, 0x41, 0x00, 0x21, 0x08, 0x61, 0x08, 0x61, 0x08, 0x41, 0x08, 0x41, 0x08, 0x41, 0x00, 0x21,
    0x08, 0x61, 0x08, 0x61, 0x08, 0x61, 0x08, 0x41, 0x08, 0x41, 0x00, 0x21, 0x08, 0x61, 0x08, 0x61,
    0x08, 0x61, 0x08, 0x41, 0x08, 0x41, 0x00, 0x21, 0x08, 0x61, 0x08, 0x61, 0x08, 0x61, 0x08, 0x41,
    0x08, 0x41, 0x00, 0x21, 0x08, 0x61, 0x08, 0x61, 0x08, 0x61, 0x08, 0x41, 0x08, 0x41, 0x00, 0x21,
    0x08, 0x61, 0x08, 0x61, 0x08, 0x61, 0x08, 0x41, 0x08, 0x41, 0x00, 0x21, 0x08, 0x61, 0x08, 0x61,
    0x08, 0x61, 0x08, 0x41, 0x08, 0x41, 0x00, 0x21, 0x08, 0x61, 0x08, 0x61, 0x08, 0x61, 0x08, 0x41,
    0x08, 0x41, 0x00, 0x21, 0x08, 0x61, 0x08, 0x61, 0x08, 0x61, 0x08, 0x41, 0x08, 0x41, 0x00, 0x21,
    0x08, 0x61, 0x08, 0x61, 0x08, 0x41, 0x08, 0x41, 0x08, 0x41, 0x00, 0x21, 0x08, 0x61, 0x08, 0x61,
    0x08, 0x41, 0x08, 0x41, 0x00, 0x41, 0x00, 0x20, 0x08, 0x61, 0x08, 0x61, 0x08, 0x41, 0x08, 0x41,
    0x00, 0x41, 0x00, 0x20, 0x08, 0x61, 0x08, 0x41, 0x08, 0x41, 0x08, 0x41, 0x00, 0x21, 0x00, 0x20,
    0x08, 0x41, 0x08, 0x41, 0x08, 0x41, 0x08, 0x41, 0x00, 0x21, 0x00, 0x20, 0x08, 0x41, 0x08, 0x41,
    0x08, 0x41, 0x00, 0x41, 0x00, 0x20, 0x00, 0x20, 0x08, 0x41, 0x08, 0x41, 0x08, 0x41, 0x00, 0x21,
    0x00, 0x20, 0x00, 0x20, 0x08, 0x41, 0x08, 0x41, 0x08, 0x41, 0x00, 0x21, 0x00, 0x20, 0x00, 0x20,
    0x08, 0x41, 0x08, 0x41, 0x00, 0x21, 0x00, 0x20, 0x00, 0x20, 0x00, 0x20, 0x00, 0x41, 0x00, 0x41,
    0x00, 0x20, 0x00, 0x20, 0x00, 0x00, 0x00, 0x00, 0x00, 0x00, 0x00, 0x00, 0x00, 0x00, 0x00, 0x00,
    0x00, 0x00, 0x00, 0x00, 0x00, 0x00, 0x00, 0x00, 0x00, 0x00, 0x00, 0x00, 0x00, 0x00, 0x00, 0x00,
    0x00, 0x00, 0x00, 0x00, 0x00, 0x00, 0x00, 0x00, 0x00, 0x00, 0x00, 0x00, 0x00, 0x00, 0x00, 0x00,
    0x00, 0x00, 0x00, 0x00, 0x00, 0x00, 0x00, 0x00, 0x00, 0x00, 0x00, 0x00, 0x00, 0x00, 0x00, 0x00,
    0x00, 0x00, 0x00, 0x00, 0x00, 0x00, 0x00, 0x00, 0x00, 0x00, 0x00, 0x00, 0x00, 0x00, 0x00, 0x00,
    0x00, 0x00, 0x00, 0x00, 0x00, 0x00, 0x00, 0x00, 0x00, 0x00, 0x00, 0x00, 0x00, 0x00, 0x00, 0x00,
    0x00, 0x00, 0x00, 0x00, 0x00, 0x00, 0x00, 0x00, 0x00, 0x00, 0x00, 0x00, 0x00, 0x00, 0x00, 0x00,
    0x00, 0x00, 0x00, 0x00, 0x00, 0x00, 0x00, 0x00, 0x00, 0x00, 0x00, 0x00, 0x00, 0x00, 0x00, 0x00,
    0x00, 0x00, 0x00, 0x00, 0x00, 0x00, 0x00, 0x00, 0x00, 0x00, 0x00, 0x00, 0x00, 0x00, 0x00, 0x00,
    0x00, 0x00, 0x00, 0x00, 0x00, 0x00, 0x00, 0x00, 0x00, 0x00, 0x00, 0x00, 0x00, 0x00, 0x00, 0x20,
    0x00, 0x20, 0x00, 0x20, 0x00, 0x41, 0x08, 0x41, 0x00, 0x41, 0x00, 0x21, 0x00, 0x20, 0x00, 0x20,
    0x08, 0x41, 0x00, 0x41, 0x00, 0x21, 0x00, 0x20, 0x00, 0x20, 0x00, 0x20, 0x08, 0x41, 0x08, 0x41,
    0x08, 0x41, 0x08, 0x41, 0x00, 0x21, 0x00, 0x20, 0x08, 0x41, 0x08, 0x41, 0x00, 0x41, 0x00, 0x20,
    0x00, 0x20, 0x00, 0x20, 0x08, 0x41, 0x08, 0x41, 0x08, 0x41, 0x08, 0x41, 0x08, 0x41, 0x00, 0x21,
    0x08, 0x41, 0x08, 0x41, 0x08, 0x41, 0x00, 0x21, 0x00, 0x20, 0x00, 0x20, 0x08, 0x41, 0x08, 0x61,
    0x08, 0x61, 0x08, 0x41, 0x08, 0x41, 0x00, 0x41, 0x08, 0x61, 0x08, 0x41, 0x08, 0x41, 0x00, 0x41,
    0x00, 0x20, 0x00, 0x20, 0x08, 0x61, 0x08, 0x61, 0x08, 0x61, 0x08, 0x41, 0x08, 0x41, 0x08, 0x41,
    0x08, 0x61, 0x08, 0x41, 0x08, 0x41, 0x08, 0x41, 0x00, 0x21, 0x00, 0x20, 0x08, 0x61, 0x08, 0x61,
    0x08, 0x61, 0x08, 0x61, 0x08, 0x41, 0x08, 0x41, 0x08, 0x61, 0x08, 0x61, 0x08, 0x41, 0x08, 0x41,
    0x00, 0x21, 0x00, 0x20, 0x08, 0x61, 0x08, 0x61, 0x08, 0x61, 0x08, 0x61, 0x08, 0x41, 0x08, 0x41,
    0x08, 0x61, 0x08, 0x61, 0x08, 0x41, 0x08, 0x41, 0x00, 0x21, 0x00, 0x21, 0x08, 0x61, 0x08, 0x61,
    0x08, 0x61, 0x08, 0x61, 0x08, 0x41, 0x08, 0x41, 0x08, 0x61, 0x08, 0x61, 0x08, 0x41, 0x08, 0x41,
    0x00, 0x21, 0x00, 0x20, 0x08, 0x61, 0x08, 0x61, 0x08, 0x61, 0x08, 0x41, 0x08, 0x41, 0x08, 0x41,
    0x08, 0x61, 0x08, 0x41, 0x08, 0x41, 0x00, 0x41, 0x00, 0x21, 0x00, 0x20, 0x08, 0x61, 0x08, 0x61,
    0x08, 0x61, 0x08, 0x41, 0x08, 0x41, 0x00, 0x41, 0x08, 0x61, 0x08, 0x41, 0x08, 0x41, 0x00, 0x41,
    0x00, 0x20, 0x00, 0x20, 0x08, 0x41, 0x08, 0x61, 0x08, 0x41, 0x08, 0x41, 0x08, 0x41, 0x00, 0x21,
    0x08, 0x41, 0x08, 0x41, 0x08, 0x41, 0x00, 0x21, 0x00, 0x20, 0x00, 0x20, 0x08, 0x41, 0x08, 0x41,
    0x08, 0x41, 0x08, 0x41, 0x00, 0x41, 0x00, 0x20, 0x08, 0x41, 0x08, 0x41, 0x00, 0x21, 0x00, 0x20,
    0x00, 0x20, 0x00, 0x20, 0x08, 0x41, 0x08, 0x41, 0x08, 0x41, 0x00, 0x41, 0x00, 0x20, 0x00, 0x20,
    0x08, 0x41, 0x00, 0x21, 0x00, 0x20, 0x00, 0x20, 0x00, 0x20, 0x00, 0x20, 0x00, 0x41, 0x00, 0x41,
    0x00, 0x21, 0x00, 0x00, 0x00, 0x00, 0x00, 0x00, 0x00, 0x00, 0x00, 0x00, 0x00, 0x00, 0x00, 0x00,
    0x00, 0x00, 0x00, 0x00, 0x00, 0x00, 0x00, 0x00, 0x00, 0x00, 0x00, 0x00, 0x00, 0x00, 0x00, 0x00,
    0x00, 0x00, 0x00, 0x00, 0x00, 0x00, 0x00, 0x00, 0x00, 0x00, 0x00, 0x00, 0x00, 0x00, 0x00, 0x00,
    0x00, 0x00, 0x00, 0x00, 0x00, 0x00, 0x00, 0x00, 0x00, 0x00, 0x00, 0x00, 0x00, 0x00, 0x00, 0x00,
    0x00, 0x00, 0x00, 0x00, 0x00, 0x00, 0x00, 0x00, 0x00, 0x00, 0x00, 0x00, 0x00, 0x00, 0x00, 0x00,
    0x00, 0x00, 0x00, 0x00, 0x00, 0x00, 0x00, 0x00, 0x00, 0x00, 0x00, 0x00, 0x00, 0x00, 0x00, 0x00,
    0x00, 0x00, 0x00, 0x00, 0x00, 0x00, 0x00, 0x00, 0x00, 0x00, 0x00, 0x00, 0x00, 0x00, 0x00, 0x00,
    0x00, 0x00, 0x00, 0x00, 0x00, 0x00, 0x00, 0x00, 0x00, 0x00, 0x00, 0x00, 0x00, 0x00, 0x00, 0x00,
    0x00, 0x00, 0x00, 0x00, 0x00, 0x00, 0x00, 0x00, 0x00, 0x00, 0x00, 0x00, 0x00, 0x00, 0x00, 0x00,
    0x00, 0x00, 0x00, 0x00, 0x00, 0x00, 0x00, 0x00, 0x00, 0x00, 0x00, 0x00, 0x00, 0x00, 0x00, 0x00,
    0x00, 0x20, 0x00, 0x20, 0x00, 0x21, 0x00, 0x41, 0x08, 0x41, 0x00, 0x41, 0x00, 0x21, 0x00, 0x20,
    0x00, 0x41, 0x00, 0x20, 0x00, 0x20, 0x00, 0x20, 0x00, 0x20, 0x00, 0x20, 0x08, 0x41, 0x08, 0x41,
    0x08, 0x41, 0x08, 0x41, 0x08, 0x41, 0x00, 0x21, 0x08, 0x41, 0x00, 0x41, 0x00, 0x20, 0x00, 0x20,
    0x00, 0x20, 0x00, 0x20, 0x08, 0x41, 0x08, 0x41, 0x08, 0x41, 0x08, 0x41, 0x08, 0x41, 0x08, 0x41,
    0x08, 0x41, 0x08, 0x41, 0x00, 0x21, 0x00, 0x20, 0x00, 0x20, 0x00, 0x20, 0x08, 0x41, 0x08, 0x41,
    0x08, 0x61, 0x08, 0x61, 0x08, 0x41, 0x08, 0x41, 0x08, 0x41, 0x08, 0x41, 0x00, 0x41, 0x00, 0x20,
    0x00, 0x20, 0x00, 0x20, 0x08, 0x41, 0x08, 0x61, 0x08, 0x61, 0x08, 0x61, 0x08, 0x41, 0x08, 0x41,
    0x08, 0x41, 0x08, 0x41, 0x08, 0x41, 0x00, 0x21, 0x00, 0x20, 0x00, 0x21, 0x08, 0x41, 0x08, 0x61,
    0x08, 0x61, 0x08, 0x61, 0x08, 0x41, 0x08, 0x41, 0x08, 0x61, 0x08, 0x41, 0x08, 0x41, 0x00, 0x21,
    0x00, 0x20, 0x00, 0x21, 0x08, 0x61, 0x08, 0x61, 0x08, 0x61, 0x08, 0x61, 0x08, 0x61, 0x08, 0x41,
    0x08, 0x61, 0x08, 0x41, 0x08, 0x41, 0x00, 0x21, 0x00, 0x20, 0x00, 0x21, 0x08, 0x61, 0x08, 0x61,
    0x08, 0x61, 0x08, 0x61, 0x08, 0x61, 0x08, 0x41, 0x08, 0x41, 0x08, 0x41, 0x08, 0x41, 0x00, 0x21,
    0x00, 0x20, 0x00, 0x21, 0x08, 0x41, 0x08, 0x61, 0x08, 0x61, 0x08, 0x61, 0x08, 0x41, 0x08, 0x41,
    0x08, 0x41, 0x08, 0x41, 0x00, 0x41, 0x00, 0x20, 0x00, 0x20, 0x00, 0x20, 0x08, 0x41, 0x08, 0x61,
    0x08, 0x61, 0x08, 0x61, 0x08, 0x41, 0x08, 0x41, 0x08, 0x41, 0x08, 0x41, 0x00, 0x21, 0x00, 0x20,
    0x00, 0x20, 0x00, 0x20, 0x08, 0x41, 0x08, 0x41, 0x08, 0x41, 0x08, 0x41, 0x08, 0x41, 0x08, 0x41,
    0x08, 0x41, 0x08, 0x41, 0x00, 0x21, 0x00, 0x20, 0x00, 0x20, 0x00, 0x20, 0x08, 0x41, 0x08, 0x41,
    0x08, 0x41, 0x08, 0x41, 0x08, 0x41, 0x00, 0x41, 0x08, 0x41, 0x00, 0x21, 0x00, 0x20, 0x00, 0x20,
    0x00, 0x20, 0x00, 0x20, 0x08, 0x41, 0x08, 0x41, 0x08, 0x41, 0x08, 0x41, 0x00, 0x41, 0x00, 0x20,
    0x00, 0x21, 0x00, 0x20, 0x00, 0x20, 0x00, 0x20, 0x00, 0x20, 0x00, 0x20, 0x00, 0x20, 0x00, 0x21,
    0x00, 0x00, 0x00, 0x00, 0x00, 0x00, 0x00, 0x00, 0x00, 0x00, 0x00, 0x00, 0x00, 0x00, 0x00, 0x00,
    0x00, 0x00, 0x00, 0x00, 0x00, 0x00, 0x00, 0x00, 0x00, 0x00, 0x00, 0x00, 0x00, 0x00, 0x00, 0x00,
    0x00, 0x00, 0x00, 0x00, 0x00, 0x00, 0x00, 0x00, 0x00, 0x00, 0x00, 0x00, 0x00, 0x00, 0x00, 0x00,
    0x00, 0x00, 0x00, 0x00, 0x00, 0x00, 0x00, 0x00, 0x00, 0x00, 0x00, 0x00, 0x00, 0x00, 0x00, 0x00,
    0x00, 0x00, 0x00, 0x00, 0x00, 0x00, 0x00, 0x00, 0x00, 0x00, 0x00, 0x00, 0x00, 0x00, 0x00, 0x00,
    0x00, 0x00, 0x00, 0x00, 0x00, 0x00, 0x00, 0x00, 0x00, 0x00, 0x00, 0x00, 0x00, 0x00, 0x00, 0x00,
    0x00, 0x00, 0x00, 0x00, 0x00, 0x00, 0x00, 0x00, 0x00, 0x00, 0x00, 0x00, 0x00, 0x00, 0x00, 0x00,
    0x00, 0x00, 0x00, 0x00, 0x00, 0x00, 0x00, 0x00, 0x00, 0x00, 0x00, 0x00, 0x00, 0x00, 0x00, 0x00,
    0x00, 0x00, 0x00, 0x00, 0x00, 0x00, 0x00, 0x00, 0x00, 0x00, 0x00, 0x00, 0x00, 0x00, 0x00, 0x00,
    0x00, 0x00, 0x00, 0x00, 0x00, 0x00, 0x00, 0x00, 0x00, 0x00, 0x00, 0x00, 0x00, 0x00, 0x00, 0x00,
    0x00, 0x00, 0x00, 0x20, 0x00, 0x20, 0x00, 0x21, 0x00, 0x41, 0x08, 0x41, 0x00, 0x41, 0x00, 0x21,
    0x00, 0x20, 0x00, 0x20, 0x00, 0x20, 0x00, 0x20, 0x00, 0x20, 0x00, 0x20, 0x00, 0x21, 0x08, 0x41,
    0x08, 0x41, 0x08, 0x41, 0x08, 0x41, 0x08, 0x41, 0x00, 0x21, 0x00, 0x20, 0x00, 0x20, 0x00, 0x20,
    0x00, 0x20, 0x00, 0x20, 0x00, 0x41, 0x08, 0x41, 0x08, 0x41, 0x08, 0x41, 0x08, 0x41, 0x08, 0x41,
    0x08, 0x41, 0x00, 0x21, 0x00, 0x20, 0x00, 0x20, 0x00, 0x20, 0x00, 0x21, 0x08, 0x41, 0x08, 0x41,
    0x08, 0x41, 0x08, 0x61, 0x08, 0x41, 0x08, 0x41, 0x08, 0x41, 0x00, 0x41, 0x00, 0x20, 0x00, 0x20,
    0x00, 0x20, 0x00, 0x41, 0x08, 0x41, 0x08, 0x41, 0x08, 0x61, 0x08, 0x61, 0x08, 0x61, 0x08, 0x41,
    0x08, 0x41, 0x00, 0x41, 0x00, 0x21, 0x00, 0x20, 0x00, 0x21, 0x08, 0x41, 0x08, 0x41, 0x08, 0x41,
    0x08, 0x61, 0x08, 0x61, 0x08, 0x61, 0x08, 0x41, 0x08, 0x41, 0x08, 0x41, 0x00, 0x21, 0x00, 0x20,
    0x00, 0x21, 0x08, 0x41, 0x08, 0x41, 0x08, 0x41, 0x08, 0x61, 0x08, 0x61, 0x08, 0x61, 0x08, 0x41,
    0x08, 0x41, 0x08, 0x41, 0x00, 0x21, 0x00, 0x20, 0x00, 0x21, 0x08, 0x41, 0x08, 0x41, 0x08, 0x41,
    0x08, 0x61, 0x08, 0x61, 0x08, 0x61, 0x08, 0x41, 0x08, 0x41, 0x08, 0x41, 0x00, 0x21, 0x00, 0x20,
    0x00, 0x21, 0x08, 0x41, 0x08, 0x41, 0x08, 0x41, 0x08, 0x61, 0x08, 0x61, 0x08, 0x61, 0x08, 0x41,
    0x08, 0x41, 0x00, 0x41, 0x00, 0x20, 0x00, 0x20, 0x00, 0x20, 0x00, 0x41, 0x08, 0x41, 0x08, 0x41,
    0x08, 0x61, 0x08, 0x61, 0x08, 0x61, 0x08, 0x41, 0x08, 0x41, 0x00, 0x21, 0x00, 0x20, 0x00, 0x20,
    0x00, 0x20, 0x00, 0x21, 0x08, 0x41, 0x08, 0x41, 0x08, 0x41, 0x08, 0x41, 0x08, 0x41, 0x08, 0x41,
    0x08, 0x41, 0x00, 0x21, 0x00, 0x20, 0x00, 0x20, 0x00, 0x20, 0x00, 0x20, 0x00, 0x41, 0x08, 0x41,
    0x08, 0x41, 0x08, 0x41, 0x08, 0x41, 0x08, 0x41, 0x00, 0x21, 0x00, 0x20, 0x00, 0x20, 0x00, 0x20,
    0x00, 0x20, 0x00, 0x20, 0x00, 0x21, 0x00, 0x41, 0x08, 0x41, 0x08, 0x41, 0x08, 0x41, 0x00, 0x21,
    0x00, 0x20, 0x00, 0x20, 0x00, 0x20, 0x00, 0x20, 0x00, 0x20, 0x00, 0x20, 0x00, 0x20, 0x00, 0x00,
    0x00, 0x00, 0x00, 0x00, 0x00, 0x00, 0x00, 0x00, 0x00, 0x00, 0x00, 0x00, 0x00, 0x00, 0x00, 0x00,
    0x00, 0x00, 0x00, 0x00, 0x00, 0x00, 0x00, 0x00, 0x00, 0x00, 0x00, 0x00, 0x00, 0x00, 0x00, 0x00,
    0x00, 0x00, 0x00, 0x00, 0x00, 0x00, 0x00, 0x00, 0x00, 0x00, 0x00, 0x00, 0x00, 0x00, 0x00, 0x00,
    0x00, 0x00, 0x00, 0x00, 0x00, 0x00, 0x00, 0x00, 0x00, 0x00, 0x00, 0x00, 0x00, 0x00, 0x00, 0x00,
    0x00, 0x00, 0x00, 0x00, 0x00, 0x00, 0x00, 0x00, 0x00, 0x00, 0x00, 0x00, 0x00, 0x00, 0x00, 0x00,
    0x00, 0x00, 0x00, 0x00, 0x00, 0x00, 0x00, 0x00, 0x00, 0x00, 0x00, 0x00, 0x00, 0x00, 0x00, 0x00,
    0x00, 0x00, 0x00, 0x00, 0x00, 0x00, 0x00, 0x00, 0x00, 0x00, 0x00, 0x00, 0x00, 0x00, 0x00, 0x00,
    0x00, 0x00, 0x00, 0x00, 0x00, 0x00, 0x00, 0x00, 0x00, 0x00, 0x00, 0x00, 0x00, 0x00, 0x00, 0x00,
    0x00, 0x00, 0x00, 0x00, 0x00, 0x00, 0x00, 0x00, 0x00, 0x00, 0x00, 0x00, 0x00, 0x00, 0x00, 0x00,
    0x00, 0x00, 0x00, 0x00, 0x00, 0x00, 0x00, 0x00, 0x00, 0x00, 0x00, 0x00, 0x00, 0x00, 0x00, 0x00,
    0x00, 0x00, 0x00, 0x00, 0x00, 0x20, 0x00, 0x21, 0x00, 0x41, 0x00, 0x41, 0x00, 0x21, 0x00, 0x20,
    0x00, 0x21, 0x00, 0x20, 0x00, 0x20, 0x00, 0x20, 0x00, 0x20, 0x00, 0x20, 0x00, 0x41, 0x08, 0x41,
    0x08, 0x41, 0x08, 0x41, 0x08, 0x41, 0x00, 0x21, 0x08, 0x41, 0x00, 0x21, 0x00, 0x20, 0x00, 0x20,
    0x00, 0x20, 0x00, 0x20, 0x08, 0x41, 0x08, 0x41, 0x08, 0x41, 0x08, 0x41, 0x08, 0x41, 0x08, 0x41,
    0x08, 0x41, 0x08, 0x41, 0x00, 0x21, 0x00, 0x20, 0x00, 0x20, 0x00, 0x20, 0x08, 0x41, 0x08, 0x41,
    0x08, 0x61, 0x08, 0x41, 0x08, 0x41, 0x08, 0x41, 0x08, 0x41, 0x08, 0x41, 0x00, 0x21, 0x00, 0x20,
    0x00, 0x20, 0x00, 0x20, 0x08, 0x41, 0x08, 0x61, 0x08, 0x61, 0x08, 0x61, 0x08, 0x41, 0x08, 0x41,
    0x08, 0x41, 0x08, 0x41, 0x00, 0x41, 0x00, 0x20, 0x00, 0x20, 0x00, 0x21, 0x08, 0x41, 0x08, 0x61,
    0x08, 0x61, 0x08, 0x61, 0x08, 0x41, 0x08, 0x41, 0x08, 0x41, 0x08, 0x41, 0x08, 0x41, 0x00, 0x21,
    0x00, 0x20, 0x00, 0x21, 0x08, 0x41, 0x08, 0x61, 0x08, 0x61, 0x08, 0x61, 0x08, 0x41, 0x08, 0x41,
    0x08, 0x41, 0x08, 0x41, 0x08, 0x41, 0x00, 0x21, 0x00, 0x20, 0x00, 0x21, 0x08, 0x41, 0x08, 0x61,
    0x08, 0x61, 0x08, 0x61, 0x08, 0x41, 0x08, 0x41, 0x08, 0x41, 0x08, 0x41, 0x08, 0x41, 0x00, 0x21,
    0x00, 0x20, 0x00, 0x21, 0x08, 0x41, 0x08, 0x61, 0x08, 0x61, 0x08, 0x61, 0x08, 0x41, 0x08, 0x41,
    0x08, 0x41, 0x08, 0x41, 0x00, 0x41, 0x00, 0x20, 0x00, 0x20, 0x00, 0x20, 0x08, 0x41, 0x08, 0x61,
    0x08, 0x61, 0x08, 0x61, 0x08, 0x41, 0x08, 0x41, 0x08, 0x41, 0x08, 0x41, 0x00, 0x21, 0x00, 0x20,
    0x00, 0x20, 0x00, 0x20, 0x08, 0x41, 0x08, 0x41, 0x08, 0x41, 0x08, 0x41, 0x08, 0x41, 0x08, 0x41,
    0x08, 0x41, 0x08, 0x41, 0x00, 0x20, 0x00, 0x20, 0x00, 0x20, 0x00, 0x20, 0x08, 0x41, 0x08, 0x41,
    0x08, 0x41, 0x08, 0x41, 0x08, 0x41, 0x00, 0x21, 0x08, 0x41, 0x00, 0x21, 0x00, 0x20, 0x00, 0x20,
    0x00, 0x20, 0x00, 0x20, 0x00, 0x41, 0x08, 0x41, 0x08, 0x41, 0x08, 0x41, 0x00, 0x21, 0x00, 0x20,
    0x00, 0x21, 0x00, 0x20, 0x00, 0x20, 0x00, 0x20, 0x00, 0x20, 0x00, 0x20, 0x00, 0x00, 0x00, 0x00,
    0x00, 0x00, 0x00, 0x00, 0x00, 0x00, 0x00, 0x00, 0x00, 0x00, 0x00, 0x00, 0x00, 0x00, 0x00, 0x00,
    0x00, 0x00, 0x00, 0x00, 0x00, 0x00, 0x00, 0x00, 0x00, 0x00, 0x00, 0x00, 0x00, 0x00, 0x00, 0x00,
    0x00, 0x00, 0x00, 0x00, 0x00, 0x00, 0x00, 0x00, 0x00, 0x00, 0x00, 0x00, 0x00, 0x00, 0x00, 0x00,
    0x00, 0x00, 0x00, 0x00, 0x00, 0x00, 0x00, 0x00, 0x00, 0x00, 0x00, 0x00, 0x00, 0x00, 0x00, 0x00,
    0x00, 0x00, 0x00, 0x00, 0x00, 0x00, 0x00, 0x00, 0x00, 0x00, 0x00, 0x00, 0x00, 0x00, 0x00, 0x00,
    0x00, 0x00, 0x00, 0x00, 0x00, 0x00, 0x00, 0x00, 0x00, 0x00, 0x00, 0x00, 0x00, 0x00, 0x00, 0x00,
    0x00, 0x00, 0x00, 0x00, 0x00, 0x00, 0x00, 0x00, 0x00, 0x00, 0x00, 0x00, 0x00, 0x00, 0x00, 0x00,
    0x00, 0x00, 0x00, 0x00, 0x00, 0x00, 0x00, 0x00, 0x00, 0x00, 0x00, 0x00, 0x00, 0x00, 0x00, 0x00,
    0x00, 0x00, 0x00, 0x00, 0x00, 0x00, 0x00, 0x00, 0x00, 0x00, 0x00, 0x00, 0x00, 0x00, 0x00, 0x00,
    0x00, 0x00, 0x00, 0x00, 0x00, 0x00, 0x00, 0x00, 0x00, 0x00, 0x00, 0x00, 0x00, 0x00, 0x00, 0x00,
    0x00, 0x00, 0x00, 0x00, 0x00, 0x00, 0x00, 0x00, 0x00, 0x21, 0x00, 0x20, 0x00, 0x20, 0x00, 0x20,
    0x00, 0x41, 0x00, 0x21, 0x00, 0x20, 0x00, 0x20, 0x00, 0x20, 0x00, 0x20, 0x08, 0x41, 0x08, 0x41,
    0x08, 0x41, 0x08, 0x41, 0x00, 0x21, 0x00, 0x20, 0x08, 0x41, 0x08, 0x41, 0x00, 0x21, 0x00, 0x20,
    0x00, 0x20, 0x00, 0x20, 0x08, 0x41, 0x08, 0x41, 0x08, 0x41, 0x08, 0x41, 0x00, 0x41, 0x00, 0x20,
    0x08, 0x41, 0x08, 0x41, 0x08, 0x41, 0x00, 0x21, 0x00, 0x20, 0x00, 0x20, 0x08, 0x41, 0x08, 0x41,
    0x08, 0x41, 0x08, 0x41, 0x08, 0x41, 0x00, 0x21, 0x08, 0x41, 0x08, 0x41, 0x08, 0x41, 0x00, 0x21,
    0x00, 0x20, 0x00, 0x20, 0x08, 0x61, 0x08, 0x61, 0x08, 0x61, 0x08, 0x41, 0x08, 0x41, 0x00, 0x41,
    0x08, 0x61, 0x08, 0x41, 0x08, 0x41, 0x00, 0x41, 0x00, 0x20, 0x00, 0x20, 0x08, 0x61, 0x08, 0x61,
    0x08, 0x61, 0x08, 0x41, 0x08, 0x41, 0x00, 0x41, 0x08, 0x61, 0x08, 0x41, 0x08, 0x41, 0x00, 0x41,
    0x00, 0x21, 0x00, 0x20, 0x08, 0x61, 0x08, 0x61, 0x08, 0x61, 0x08, 0x41, 0x08, 0x41, 0x08, 0x41,
    0x08, 0x61, 0x08, 0x41, 0x08, 0x41, 0x08, 0x41, 0x00, 0x21, 0x00, 0x20, 0x08, 0x61, 0x08, 0x61,
    0x08, 0x61, 0x08, 0x41, 0x08, 0x41, 0x00, 0x41, 0x08, 0x61, 0x08, 0x41, 0x08, 0x41, 0x00, 0x41,
    0x00, 0x20, 0x00, 0x20, 0x08, 0x61, 0x08, 0x61, 0x08, 0x61, 0x08, 0x41, 0x08, 0x41, 0x00, 0x41,
    0x08, 0x61, 0x08, 0x41, 0x08, 0x41, 0x00, 0x41, 0x00, 0x20, 0x00, 0x20, 0x08, 0x61, 0x08, 0x61,
    0x08, 0x41, 0x08, 0x41, 0x08, 0x41, 0x00, 0x21, 0x08, 0x41, 0x08, 0x41, 0x08, 0x41, 0x00, 0x21,
    0x00, 0x20, 0x00, 0x20, 0x08, 0x41, 0x08, 0x41, 0x08, 0x41, 0x08, 0x41, 0x08, 0x41, 0x00, 0x20,
    0x08, 0x41, 0x08, 0x41, 0x00, 0x41, 0x00, 0x20, 0x00, 0x20, 0x00, 0x20, 0x08, 0x41, 0x08, 0x41,
    0x08, 0x41, 0x08, 0x41, 0x00, 0x21, 0x00, 0x20, 0x08, 0x41, 0x08, 0x41, 0x00, 0x21, 0x00, 0x20,
    0x00, 0x20, 0x00, 0x20, 0x08, 0x41, 0x08, 0x41, 0x08, 0x41, 0x00, 0x21, 0x00, 0x20, 0x00, 0x20,
    0x00, 0x41, 0x00, 0x21, 0x00, 0x20, 0x00, 0x20, 0x00, 0x00, 0x00, 0x00, 0x00, 0x00, 0x00, 0x00,
    0x00, 0x00, 0x00, 0x00, 0x00, 0x00, 0x00, 0x00, 0x00, 0x00, 0x00, 0x00, 0x00, 0x00, 0x00, 0x00,
    0x00, 0x00, 0x00, 0x00, 0x00, 0x00, 0x00, 0x00, 0x00, 0x00, 0x00, 0x00, 0x00, 0x00, 0x00, 0x00,
    0x00, 0x00, 0x00, 0x00, 0x00, 0x00, 0x00, 0x00, 0x00, 0x00, 0x00, 0x00, 0x00, 0x00, 0x00, 0x00,
    0x00, 0x00, 0x00, 0x00, 0x00, 0x00, 0x00, 0x00, 0x00, 0x00, 0x00, 0x00, 0x00, 0x00, 0x00, 0x00,
    0x00, 0x00, 0x00, 0x00, 0x00, 0x00, 0x00, 0x00, 0x00, 0x00, 0x00, 0x00, 0x00, 0x00, 0x00, 0x00,
    0x00, 0x00, 0x00, 0x00, 0x00, 0x00, 0x00, 0x00, 0x00, 0x00, 0x00, 0x00, 0x00, 0x00, 0x00, 0x00,
    0x00, 0x00, 0x00, 0x00, 0x00, 0x00, 0x00, 0x00, 0x00, 0x00, 0x00, 0x00, 0x00, 0x00, 0x00, 0x00,
    0x00, 0x00, 0x00, 0x00, 0x00, 0x00, 0x00, 0x00, 0x00, 0x00, 0x00, 0x00, 0x00, 0x00, 0x00, 0x00,
    0x00, 0x00, 0x00, 0x00, 0x00, 0x00, 0x00, 0x00, 0x00, 0x00, 0x00, 0x00, 0x00, 0x00, 0x00, 0x00,
    0x00, 0x00, 0x00, 0x00, 0x00, 0x00, 0x00, 0x00, 0x00, 0x00, 0x00, 0x00, 0x00, 0x00, 0x00, 0x00,
    0x00, 0x00, 0x00, 0x00, 0x00, 0x00, 0x00, 0x00, 0x00, 0x00, 0x00, 0x20, 0x00, 0x20, 0x00, 0x20,
    0x00, 0x41, 0x00, 0x41, 0x00, 0x21, 0x00, 0x20, 0x00, 0x20, 0x00, 0x20, 0x08, 0x41, 0x08, 0x41,
    0x00, 0x41, 0x00, 0x21, 0x00, 0x20, 0x00, 0x20, 0x08, 0x41, 0x08, 0x41, 0x08, 0x41, 0x00, 0x21,
    0x00, 0x20, 0x00, 0x20, 0x08, 0x41, 0x08, 0x41, 0x08, 0x41, 0x00, 0x41, 0x00, 0x20, 0x00, 0x20,
    0x08, 0x41, 0x08, 0x41, 0x08, 0x41, 0x08, 0x41, 0x00, 0x21, 0x00, 0x20, 0x08, 0x41, 0x08, 0x41,
    0x08, 0x41, 0x08, 0x41, 0x00, 0x21, 0x00, 0x20, 0x08, 0x41, 0x08, 0x41, 0x08, 0x41, 0x08, 0x41,
    0x00, 0x21, 0x00, 0x20, 0x08, 0x61, 0x08, 0x41, 0x08, 0x41, 0x08, 0x41, 0x00, 0x41, 0x00, 0x20,
    0x08, 0x61, 0x08, 0x61, 0x08, 0x41, 0x08, 0x41, 0x00, 0x41, 0x00, 0x20, 0x08, 0x61, 0x08, 0x61,
    0x08, 0x41, 0x08, 0x41, 0x00, 0x41, 0x00, 0x20, 0x08, 0x61, 0x08, 0x61, 0x08, 0x41, 0x08, 0x41,
    0x00, 0x41, 0x00, 0x20, 0x08, 0x61, 0x08, 0x61, 0x08, 0x41, 0x08, 0x41, 0x00, 0x41, 0x00, 0x21,
    0x08, 0x61, 0x08, 0x61, 0x08, 0x41, 0x08, 0x41, 0x00, 0x41, 0x00, 0x20, 0x08, 0x61, 0x08, 0x61,
    0x08, 0x41, 0x08, 0x41, 0x00, 0x41, 0x00, 0x20, 0x08, 0x61, 0x08, 0x61, 0x08, 0x41, 0x08, 0x41,
    0x00, 0x41, 0x00, 0x20, 0x08, 0x61, 0x08, 0x61, 0x08, 0x41, 0x08, 0x41, 0x00, 0x41, 0x00, 0x20,
    0x08, 0x61, 0x08, 0x61, 0x08, 0x41, 0x08, 0x41, 0x00, 0x21, 0x00, 0x20, 0x08, 0x61, 0x08, 0x41,
    0x08, 0x41, 0x08, 0x41, 0x00, 0x21, 0x00, 0x20, 0x08, 0x41, 0x08, 0x41, 0x08, 0x41, 0x08, 0x41,
    0x00, 0x21, 0x00, 0x20, 0x08, 0x41, 0x08, 0x41, 0x08, 0x41, 0x08, 0x41, 0x00, 0x20, 0x00, 0x20,
    0x08, 0x41, 0x08, 0x41, 0x08, 0x41, 0x00, 0x41, 0x00, 0x20, 0x00, 0x20, 0x08, 0x41, 0x08, 0x41,
    0x08, 0x41, 0x00, 0x21, 0x00, 0x20, 0x00, 0x20, 0x08, 0x41, 0x08, 0x41, 0x00, 0x41, 0x00, 0x20,
    0x00, 0x20, 0x00, 0x20, 0x08, 0x41, 0x08, 0x41, 0x00, 0x21, 0x00, 0x20, 0x00, 0x20, 0x00, 0x20,
    0x00, 0x41, 0x00, 0x21, 0x00, 0x20, 0x00, 0x00, 0x00, 0x00, 0x00, 0x00, 0x00, 0x00, 0x00, 0x00,
    0x00, 0x00, 0x00, 0x00, 0x00, 0x00, 0x00, 0x00, 0x00, 0x00, 0x00, 0x00, 0x00, 0x00, 0x00, 0x00,
    0x00, 0x00, 0x00, 0x00, 0x00, 0x00, 0x00, 0x00, 0x00, 0x00, 0x00, 0x00, 0x00, 0x00, 0x00, 0x00,
    0x00, 0x00, 0x00, 0x00, 0x00, 0x00, 0x00, 0x00, 0x00, 0x00, 0x00, 0x00, 0x00, 0x00, 0x00, 0x00,
    0x00, 0x00, 0x00, 0x00, 0x00, 0x00, 0x00, 0x00, 0x00, 0x00, 0x00, 0x00, 0x00, 0x00, 0x00, 0x00,
    0x00, 0x00, 0x00, 0x00, 0x00, 0x00, 0x00, 0x00, 0x00, 0x00, 0x00, 0x00, 0x00, 0x00, 0x00, 0x00,
    0x00, 0x00, 0x00, 0x00, 0x00, 0x00, 0x00, 0x00, 0x00, 0x00, 0x00, 0x00, 0x00, 0x00, 0x00, 0x00,
    0x00, 0x00, 0x00, 0x00, 0x00, 0x00, 0x00, 0x00, 0x00, 0x00, 0x00, 0x00, 0x00, 0x00, 0x00, 0x00,
    0x00, 0x00, 0x00, 0x00, 0x00, 0x00, 0x00, 0x00, 0x00, 0x00, 0x00, 0x00, 0x00, 0x00, 0x00, 0x00,
    0x00, 0x00, 0x00, 0x00, 0x00, 0x00, 0x00, 0x00, 0x00, 0x00, 0x00, 0x00, 0x00, 0x00, 0x00, 0x00,
    0x00, 0x00, 0x00, 0x00, 0x00, 0x00, 0x00, 0x00, 0x00, 0x00, 0x00, 0x00, 0x00, 0x00, 0x00, 0x00,
    0x00, 0x00, 0x00, 0x00, 0x00, 0x00, 0x00, 0x00, 0x00, 0x00, 0x00, 0x00, 0x00, 0x20, 0x00, 0x20,
    0x00, 0x41, 0x00, 0x41, 0x00, 0x41, 0x00, 0x21, 0x00, 0x20, 0x00, 0x20, 0x08, 0x41, 0x00, 0x41,
    0x00, 0x20, 0x00, 0x20, 0x00, 0x20, 0x00, 0x20, 0x08, 0x41, 0x08, 0x41, 0x08, 0x41, 0x08, 0x41,
    0x00, 0x21, 0x00, 0x20, 0x08, 0x41, 0x08, 0x41, 0x00, 0x41, 0x00, 0x20, 0x00, 0x20, 0x00, 0x20,
    0x08, 0x41, 0x08, 0x41, 0x08, 0x41, 0x08, 0x41, 0x08, 0x41, 0x00, 0x20, 0x08, 0x41, 0x08, 0x41,
    0x08, 0x41, 0x00, 0x21, 0x00, 0x20, 0x00, 0x20, 0x08, 0x41, 0x08, 0x41, 0x08, 0x41, 0x08, 0x41,
    0x08, 0x41, 0x00, 0x21, 0x08, 0x41, 0x08, 0x41, 0x08, 0x41, 0x00, 0x21, 0x00, 0x20, 0x00, 0x20,
    0x08, 0x61, 0x08, 0x61, 0x08, 0x61, 0x08, 0x41, 0x08, 0x41, 0x00, 0x41, 0x08, 0x61, 0x08, 0x41,
    0x08, 0x41, 0x00, 0x41, 0x00, 0x20, 0x00, 0x20, 0x08, 0x61, 0x08, 0x61, 0x08, 0x61, 0x08, 0x41,
    0x08, 0x41, 0x00, 0x41, 0x08, 0x61, 0x08, 0x41, 0x08, 0x41, 0x00, 0x41, 0x00, 0x20, 0x00, 0x20,
    0x08, 0x61, 0x08, 0x61, 0x08, 0x61, 0x08, 0x41, 0x08, 0x41, 0x00, 0x41, 0x08, 0x61, 0x08, 0x41,
    0x08, 0x41, 0x00, 0x41, 0x00, 0x20, 0x00, 0x20, 0x08, 0x61, 0x08, 0x61, 0x08, 0x61, 0x08, 0x41,
    0x08, 0x41, 0x00, 0x41, 0x08, 0x61, 0x08, 0x41, 0x08, 0x41, 0x00, 0x41, 0x00, 0x20, 0x00, 0x20,
    0x08, 0x41, 0x08, 0x61, 0x08, 0x41, 0x08, 0x41, 0x08, 0x41, 0x00, 0x21, 0x08, 0x41, 0x08, 0x41,
    0x08, 0x41, 0x00, 0x21, 0x00, 0x20, 0x00, 0x20, 0x08, 0x41, 0x08, 0x41, 0x08, 0x41, 0x08, 0x41,
    0x08, 0x41, 0x00, 0x21, 0x08, 0x41, 0x08, 0x41, 0x00, 0x41, 0x00, 0x20, 0x00, 0x20, 0x00, 0x20,
    0x08, 0x41, 0x08, 0x41, 0x08, 0x41, 0x08, 0x41, 0x00, 0x21, 0x00, 0x20, 0x08, 0x41, 0x08, 0x41,
    0x00, 0x21, 0x00, 0x20, 0x00, 0x20, 0x00, 0x20, 0x08, 0x41, 0x08, 0x41, 0x08, 0x41, 0x00, 0x41,
    0x00, 0x20, 0x00, 0x20, 0x08, 0x41, 0x00, 0x21, 0x00, 0x20, 0x00, 0x20, 0x00, 0x20, 0x00, 0x20,
    0x00, 0x21, 0x00, 0x41, 0x00, 0x00, 0x00, 0x00, 0x00, 0x00, 0x00, 0x00, 0x00, 0x00, 0x00, 0x00,
    0x00, 0x00, 0x00, 0x00, 0x00, 0x00, 0x00, 0x00, 0x00, 0x00, 0x00, 0x00, 0x00, 0x00, 0x00, 0x00,
    0x00, 0x00, 0x00, 0x00, 0x00, 0x00, 0x00, 0x00, 0x00, 0x00, 0x00, 0x00, 0x00, 0x00, 0x00, 0x00,
    0x00, 0x00, 0x00, 0x00, 0x00, 0x00, 0x00, 0x00, 0x00, 0x00, 0x00, 0x00, 0x00, 0x00, 0x00, 0x00,
    0x00, 0x00, 0x00, 0x00, 0x00, 0x00, 0x00, 0x00, 0x00, 0x00, 0x00, 0x00, 0x00, 0x00, 0x00, 0x00,
    0x00, 0x00, 0x00, 0x00, 0x00, 0x00, 0x00, 0x00, 0x00, 0x00, 0x00, 0x00, 0x00, 0x00, 0x00, 0x00,
    0x00, 0x00, 0x00, 0x00, 0x00, 0x00, 0x00, 0x00, 0x00, 0x00, 0x00, 0x00, 0x00, 0x00, 0x00, 0x00,
    0x00, 0x00, 0x00, 0x00, 0x00, 0x00, 0x00, 0x00, 0x00, 0x00, 0x00, 0x00, 0x00, 0x00, 0x00, 0x00,
    0x00, 0x00, 0x00, 0x00, 0x00, 0x00, 0x00, 0x00, 0x00, 0x00, 0x00, 0x00, 0x00, 0x00, 0x00, 0x00,
    0x00, 0x00, 0x00, 0x00, 0x00, 0x00, 0x00, 0x00, 0x00, 0x00, 0x00, 0x00, 0x00, 0x00, 0x00, 0x00,
    0x00, 0x00, 0x00, 0x00, 0x00, 0x00, 0x00, 0x00, 0x00, 0x00, 0x00, 0x00, 0x00, 0x00, 0x00, 0x00,
    0x00, 0x00, 0x00, 0x00, 0x00, 0x00, 0x00, 0x00, 0x00, 0x00, 0x00, 0x00, 0x00, 0x00, 0x00, 0x20,
    0x00, 0x20, 0x00, 0x21, 0x00, 0x41, 0x00, 0x41, 0x00, 0x21, 0x00, 0x20, 0x00, 0x21, 0x00, 0x20,
    0x00, 0x20, 0x00, 0x20, 0x00, 0x20, 0x00, 0x20, 0x00, 0x41, 0x08, 0x41, 0x08, 0x41, 0x08, 0x41,
    0x08, 0x41, 0x00, 0x21, 0x08, 0x41, 0x00, 0x21, 0x00, 0x20, 0x00, 0x20, 0x00, 0x20, 0x00, 0x20,
    0x08, 0x41, 0x08, 0x41, 0x08, 0x41, 0x08, 0x41, 0x08, 0x41, 0x00, 0x41, 0x08, 0x41, 0x08, 0x41,
    0x00, 0x21, 0x00, 0x20, 0x00, 0x20, 0x00, 0x20, 0x08, 0x41, 0x08, 0x41, 0x08, 0x41, 0x08, 0x41,
    0x08, 0x41, 0x08, 0x41, 0x08, 0x41, 0x08, 0x41, 0x00, 0x21, 0x00, 0x20, 0x00, 0x20, 0x00, 0x20,
    0x08, 0x41, 0x08, 0x41, 0x08, 0x61, 0x08, 0x41, 0x08, 0x41, 0x08, 0x41, 0x08, 0x41, 0x08, 0x41,
    0x00, 0x41, 0x00, 0x20, 0x00, 0x20, 0x00, 0x20, 0x08, 0x41, 0x08, 0x61, 0x08, 0x61, 0x08, 0x61,
    0x08, 0x41, 0x08, 0x41, 0x08, 0x41, 0x08, 0x41, 0x00, 0x41, 0x00, 0x20, 0x00, 0x20, 0x00, 0x20,
    0x08, 0x41, 0x08, 0x61, 0x08, 0x61, 0x08, 0x61, 0x08, 0x41, 0x08, 0x41, 0x08, 0x41, 0x08, 0x41,
    0x00, 0x41, 0x00, 0x20, 0x00, 0x20, 0x00, 0x20, 0x08, 0x41, 0x08, 0x61, 0x08, 0x61, 0x08, 0x61,
    0x08, 0x41, 0x08, 0x41, 0x08, 0x41, 0x08, 0x41, 0x00, 0x21, 0x00, 0x20, 0x00, 0x20, 0x00, 0x20,
    0x08, 0x41, 0x08, 0x41, 0x08, 0x61, 0x08, 0x41, 0x08, 0x41, 0x08, 0x41, 0x08, 0x41, 0x08, 0x41,
    0x00, 0x21, 0x00, 0x20, 0x00, 0x20, 0x00, 0x20, 0x08, 0x41, 0x08, 0x41, 0x08, 0x41, 0x08, 0x41,
    0x08, 0x41, 0x08, 0x41, 0x08, 0x41, 0x00, 0x41, 0x00, 0x20, 0x00, 0x20, 0x00, 0x20, 0x00, 0x20,
    0x08, 0x41, 0x08, 0x41, 0x08, 0x41, 0x08, 0x41, 0x08, 0x41, 0x00, 0x21, 0x08, 0x41, 0x00, 0x21,
    0x00, 0x20, 0x00, 0x20, 0x00, 0x20, 0x00, 0x20, 0x00, 0x41, 0x08, 0x41, 0x08, 0x41, 0x08, 0x41,
    0x00, 0x21, 0x00, 0x20, 0x00, 0x21, 0x00, 0x20, 0x00, 0x20, 0x00, 0x20, 0x00, 0x20, 0x00, 0x20,
    0x00, 0x20, 0x00, 0x00, 0x00, 0x00, 0x00, 0x00, 0x00, 0x00, 0x00, 0x00, 0x00, 0x00, 0x00, 0x00,
    0x00, 0x00, 0x00, 0x00, 0x00, 0x00, 0x00, 0x00, 0x00, 0x00, 0x00, 0x00, 0x00, 0x00, 0x00, 0x00,
    0x00, 0x00, 0x00, 0x00, 0x00, 0x00, 0x00, 0x00, 0x00, 0x00, 0x00, 0x00, 0x00, 0x00, 0x00, 0x00,
    0x00, 0x00, 0x00, 0x00, 0x00, 0x00, 0x00, 0x00, 0x00, 0x00, 0x00, 0x00, 0x00, 0x00, 0x00, 0x00,
    0x00, 0x00, 0x00, 0x00, 0x00, 0x00, 0x00, 0x00, 0x00, 0x00, 0x00, 0x00, 0x00, 0x00, 0x00, 0x00,
    0x00, 0x00, 0x00, 0x00, 0x00, 0x00, 0x00, 0x00, 0x00, 0x00, 0x00, 0x00, 0x00, 0x00, 0x00, 0x00,
    0x00, 0x00, 0x00, 0x00, 0x00, 0x00, 0x00, 0x00, 0x00, 0x00, 0x00, 0x00, 0x00, 0x00, 0x00, 0x00,
    0x00, 0x00, 0x00, 0x00, 0x00, 0x00, 0x00, 0x00, 0x00, 0x00, 0x00, 0x00, 0x00, 0x00, 0x00, 0x00,
    0x00, 0x00, 0x00, 0x00, 0x00, 0x00, 0x00, 0x00, 0x00, 0x00, 0x00, 0x00, 0x00, 0x00, 0x00, 0x00,
    0x00, 0x00, 0x00, 0x00, 0x00, 0x00, 0x00, 0x00, 0x00, 0x00, 0x00, 0x00, 0x00, 0x00, 0x00, 0x00,
    0x00, 0x00, 0x00, 0x00, 0x00, 0x00, 0x00, 0x00, 0x00, 0x00, 0x00, 0x00, 0x00, 0x00, 0x00, 0x00,
    0x00, 0x00, 0x00, 0x00, 0x00, 0x00, 0x00, 0x00, 0x00, 0x00, 0x00, 0x00, 0x00, 0x00, 0x00, 0x00,
    0x00, 0x00, 0x00, 0x20, 0x00, 0x21, 0x00, 0x41, 0x00, 0x41, 0x00, 0x21, 0x00, 0x20, 0x00, 0x20,
    0x00, 0x20, 0x00, 0x20, 0x00, 0x20, 0x00, 0x20, 0x00, 0x20, 0x00, 0x41, 0x08, 0x41, 0x08, 0x41,
    0x08, 0x41, 0x08, 0x41, 0x00, 0x21, 0x00, 0x20, 0x00, 0x20, 0x00, 0x20, 0x00, 0x20, 0x00, 0x20,
    0x00, 0x41, 0x08, 0x41, 0x08, 0x41, 0x08, 0x41, 0x08, 0x41, 0x08, 0x41, 0x00, 0x41, 0x00, 0x20,
    0x00, 0x20, 0x00, 0x20, 0x00, 0x20, 0x00, 0x21, 0x08, 0x41, 0x08, 0x41, 0x08, 0x41, 0x08, 0x41,
    0x08, 0x41, 0x08, 0x41, 0x08, 0x41, 0x00, 0x21, 0x00, 0x20, 0x00, 0x20, 0x00, 0x20, 0x00, 0x21,
    0x08, 0x41, 0x08, 0x41, 0x08, 0x41, 0x08, 0x61, 0x08, 0x41, 0x08, 0x41, 0x08, 0x41, 0x00, 0x21,
    0x00, 0x20, 0x00, 0x20, 0x00, 0x20, 0x00, 0x21, 0x08, 0x41, 0x08, 0x41, 0x08, 0x61, 0x08, 0x61,
    0x08, 0x61, 0x08, 0x41, 0x08, 0x41, 0x00, 0x41, 0x00, 0x20, 0x00, 0x20, 0x00, 0x20, 0x00, 0x41,
    0x08, 0x41, 0x08, 0x41, 0x08, 0x61, 0x08, 0x61, 0x08, 0x61, 0x08, 0x41, 0x08, 0x41, 0x00, 0x41,
    0x00, 0x20, 0x00, 0x20, 0x00, 0x20, 0x00, 0x41, 0x08, 0x41, 0x08, 0x41, 0x08, 0x41, 0x08, 0x61,
    0x08, 0x41, 0x08, 0x41, 0x08, 0x41, 0x00, 0x21, 0x00, 0x20, 0x00, 0x20, 0x00, 0x20, 0x00, 0x21,
    0x08, 0x41, 0x08, 0x41, 0x08, 0x41, 0x08, 0x41, 0x08, 0x41, 0x08, 0x41, 0x08, 0x41, 0x00, 0x21,
    0x00, 0x20, 0x00, 0x20, 0x00, 0x20, 0x00, 0x21, 0x08, 0x41, 0x08, 0x41, 0x08, 0x41, 0x08, 0x41,
    0x08, 0x41, 0x08, 0x41, 0x00, 0x41, 0x00, 0x20, 0x00, 0x20, 0x00, 0x20, 0x00, 0x20, 0x00, 0x20,
    0x00, 0x21, 0x08, 0x41, 0x08, 0x41, 0x08, 0x41, 0x08, 0x41, 0x08, 0x41, 0x00, 0x21, 0x00, 0x20,
    0x00, 0x20, 0x00, 0x20, 0x00, 0x20, 0x00, 0x20, 0x00, 0x20, 0x00, 0x41, 0x08, 0x41, 0x08, 0x41,
    0x08, 0x41, 0x00, 0x21, 0x00, 0x20, 0x00, 0x20, 0x00, 0x20, 0x00, 0x20, 0x00, 0x20, 0x00, 0x00,
    0x00, 0x00, 0x00, 0x00, 0x00, 0x00, 0x00, 0x00, 0x00, 0x00, 0x00, 0x00, 0x00, 0x00, 0x00, 0x00,
    0x00, 0x00, 0x00, 0x00, 0x00, 0x00, 0x00, 0x00, 0x00, 0x00, 0x00, 0x00, 0x00, 0x00, 0x00, 0x00,
    0x00, 0x00, 0x00, 0x00, 0x00, 0x00, 0x00, 0x00, 0x00, 0x00, 0x00, 0x00, 0x00, 0x00, 0x00, 0x00,
    0x00, 0x00, 0x00, 0x00, 0x00, 0x00, 0x00, 0x00, 0x00, 0x00, 0x00, 0x00, 0x00, 0x00, 0x00, 0x00,
    0x00, 0x00, 0x00, 0x00, 0x00, 0x00, 0x00, 0x00, 0x00, 0x00, 0x00, 0x00, 0x00, 0x00, 0x00, 0x00,
    0x00, 0x00, 0x00, 0x00, 0x00, 0x00, 0x00, 0x00, 0x00, 0x00, 0x00, 0x00, 0x00, 0x00, 0x00, 0x00,
    0x00, 0x00, 0x00, 0x00, 0x00, 0x00, 0x00, 0x00, 0x00, 0x00, 0x00, 0x00, 0x00, 0x00, 0x00, 0x00,
    0x00, 0x00, 0x00, 0x00, 0x00, 0x00, 0x00, 0x00, 0x00, 0x00, 0x00, 0x00, 0x00, 0x00, 0x00, 0x00,
    0x00, 0x00, 0x00, 0x00, 0x00, 0x00, 0x00, 0x00, 0x00, 0x00, 0x00, 0x00, 0x00, 0x00, 0x00, 0x00,
    0x00, 0x00, 0x00, 0x00, 0x00, 0x00, 0x00, 0x00, 0x00, 0x00, 0x00, 0x00, 0x00, 0x00, 0x00, 0x00,
    0x00, 0x00, 0x00, 0x00, 0x00, 0x00, 0x00, 0x00, 0x00, 0x00, 0x00, 0x00, 0x00, 0x00, 0x00, 0x00,
    0x00, 0x00, 0x00, 0x00, 0x00, 0x00, 0x00, 0x00, 0x00, 0x00, 0x00, 0x00, 0x00, 0x00, 0x00, 0x00,
    0x00, 0x00, 0x00, 0x00, 0x00, 0x41, 0x00, 0x21, 0x00, 0x21, 0x00, 0x20, 0x00, 0x21, 0x00, 0x20,
    0x00, 0x20, 0x00, 0x20, 0x00, 0x20, 0x00, 0x20, 0x00, 0x41, 0x08, 0x41, 0x08, 0x41, 0x08, 0x41,
    0x00, 0x41, 0x00, 0x21, 0x08, 0x41, 0x00, 0x21, 0x00, 0x20, 0x00, 0x20, 0x00, 0x20, 0x00, 0x20,
    0x08, 0x41, 0x08, 0x41, 0x08, 0x41, 0x08, 0x41, 0x08, 0x41, 0x00, 0x41, 0x08, 0x41, 0x00, 0x41,
    0x00, 0x20, 0x00, 0x20, 0x00, 0x20, 0x00, 0x20, 0x08, 0x41, 0x08, 0x41, 0x08, 0x41, 0x08, 0x41,
    0x08, 0x41, 0x08, 0x41, 0x08, 0x41, 0x08, 0x41, 0x00, 0x21, 0x00, 0x20, 0x00, 0x20, 0x00, 0x20,
    0x08, 0x41, 0x08, 0x41, 0x08, 0x41, 0x08, 0x41, 0x08, 0x41, 0x08, 0x41, 0x08, 0x41, 0x08, 0x41,
    0x00, 0x21, 0x00, 0x20, 0x00, 0x20, 0x00, 0x20, 0x08, 0x41, 0x08, 0x41, 0x08, 0x61, 0x08, 0x41,
    0x08, 0x41, 0x08, 0x41, 0x08, 0x41, 0x08, 0x41, 0x00, 0x21, 0x00, 0x20, 0x00, 0x20, 0x00, 0x20,
    0x08, 0x41, 0x08, 0x61, 0x08, 0x61, 0x08, 0x41, 0x08, 0x41, 0x08, 0x41, 0x08, 0x41, 0x08, 0x41,
    0x00, 0x21, 0x00, 0x20, 0x00, 0x20, 0x00, 0x20, 0x08, 0x41, 0x08, 0x41, 0x08, 0x61, 0x08, 0x41,
    0x08, 0x41, 0x08, 0x41, 0x08, 0x41, 0x08, 0x41, 0x00, 0x21, 0x00, 0x20, 0x00, 0x20, 0x00, 0x20,
    0x08, 0x41, 0x08, 0x41, 0x08, 0x41, 0x08, 0x41, 0x08, 0x41, 0x08, 0x41, 0x08, 0x41, 0x08, 0x41,
    0x00, 0x21, 0x00, 0x20, 0x00, 0x20, 0x00, 0x20, 0x08, 0x41, 0x08, 0x41, 0x08, 0x41, 0x08, 0x41,
    0x08, 0x41, 0x00, 0x41, 0x08, 0x41, 0x00, 0x41, 0x00, 0x20, 0x00, 0x20, 0x00, 0x20, 0x00, 0x20,
    0x08, 0x41, 0x08, 0x41, 0x08, 0x41, 0x08, 0x41, 0x08, 0x41, 0x00, 0x21, 0x08, 0x41, 0x00, 0x21,
    0x00, 0x20, 0x00, 0x20, 0x00, 0x20, 0x00, 0x20, 0x00, 0x41, 0x08, 0x41, 0x08, 0x41, 0x00, 0x41,
    0x00, 0x21, 0x00, 0x20, 0x00, 0x21, 0x00, 0x20, 0x00, 0x20, 0x00, 0x20, 0x00, 0x00, 0x00, 0x00,
    0x00, 0x00, 0x00, 0x00, 0x00, 0x00, 0x00, 0x00, 0x00, 0x00, 0x00, 0x00, 0x00, 0x00, 0x00, 0x00,
    0x00, 0x00, 0x00, 0x00, 0x00, 0x00, 0x00, 0x00, 0x00, 0x00, 0x00, 0x00, 0x00, 0x00, 0x00, 0x00,
    0x00, 0x00, 0x00, 0x00, 0x00, 0x00, 0x00, 0x00, 0x00, 0x00, 0x00, 0x00, 0x00, 0x00, 0x00, 0x00,
    0x00, 0x00, 0x00, 0x00, 0x00, 0x00, 0x00, 0x00, 0x00, 0x00, 0x00, 0x00, 0x00, 0x00, 0x00, 0x00,
    0x00, 0x00, 0x00, 0x00, 0x00, 0x00, 0x00, 0x00, 0x00, 0x00, 0x00, 0x00, 0x00, 0x00, 0x00, 0x00,
    0x00, 0x00, 0x00, 0x00, 0x00, 0x00, 0x00, 0x00, 0x00, 0x00, 0x00, 0x00, 0x00, 0x00, 0x00, 0x00,
    0x00, 0x00, 0x00, 0x00, 0x00, 0x00, 0x00, 0x00, 0x00, 0x00, 0x00, 0x00, 0x00, 0x00, 0x00, 0x00,
    0x00, 0x00, 0x00, 0x00, 0x00, 0x00, 0x00, 0x00, 0x00, 0x00, 0x00, 0x00, 0x00, 0x00, 0x00, 0x00,
    0x00, 0x00, 0x00, 0x00, 0x00, 0x00, 0x00, 0x00, 0x00, 0x00, 0x00, 0x00, 0x00, 0x00, 0x00, 0x00,
    0x00, 0x00, 0x00, 0x00, 0x00, 0x00, 0x00, 0x00, 0x00, 0x00, 0x00, 0x00, 0x00, 0x00, 0x00, 0x00,
    0x00, 0x00, 0x00, 0x00, 0x00, 0x00, 0x00, 0x00, 0x00, 0x00, 0x00, 0x00, 0x00, 0x00, 0x00, 0x00,
    0x00, 0x00, 0x00, 0x00, 0x00, 0x00, 0x00, 0x00, 0x00, 0x00, 0x00, 0x00, 0x00, 0x00, 0x00, 0x00,
    0x00, 0x00, 0x00, 0x00, 0x00, 0x00, 0x00, 0x20, 0x00, 0x20, 0x00, 0x20, 0x00, 0x41, 0x00, 0x21,
    0x00, 0x20, 0x00, 0x20, 0x00, 0x20, 0x00, 0x20, 0x08, 0x41, 0x08, 0x41, 0x08, 0x41, 0x00, 0x41,
    0x00, 0x20, 0x00, 0x20, 0x08, 0x41, 0x08, 0x41, 0x00, 0x21, 0x00, 0x20, 0x00, 0x20, 0x00, 0x20,
    0x08, 0x41, 0x08, 0x41, 0x08, 0x41, 0x08, 0x41, 0x00, 0x41, 0x00, 0x20, 0x08, 0x41, 0x08, 0x41,
    0x00, 0x41, 0x00, 0x20, 0x00, 0x20, 0x00, 0x20, 0x08, 0x41, 0x08, 0x41, 0x08, 0x41, 0x08, 0x41,
    0x08, 0x41, 0x00, 0x21, 0x08, 0x41, 0x08, 0x41, 0x08, 0x41, 0x00, 0x21, 0x00, 0x20, 0x00, 0x20,
    0x08, 0x41, 0x08, 0x41, 0x08, 0x41, 0x08, 0x41, 0x08, 0x41, 0x00, 0x21, 0x08, 0x41, 0x08, 0x41,
    0x08, 0x41, 0x00, 0x21, 0x00, 0x20, 0x00, 0x20, 0x08, 0x41, 0x08, 0x61, 0x08, 0x41, 0x08, 0x41,
    0x08, 0x41, 0x00, 0x21, 0x08, 0x41, 0x08, 0x41, 0x08, 0x41, 0x00, 0x21, 0x00, 0x20, 0x00, 0x20,
    0x08, 0x41, 0x08, 0x61, 0x08, 0x41, 0x08, 0x41, 0x08, 0x41, 0x00, 0x21, 0x08, 0x41, 0x08, 0x41,
    0x08, 0x41, 0x00, 0x21, 0x00, 0x20, 0x00, 0x20, 0x08, 0x41, 0x08, 0x61, 0x08, 0x41, 0x08, 0x41,
    0x08, 0x41, 0x00, 0x21, 0x08, 0x41, 0x08, 0x41, 0x08, 0x41, 0x00, 0x21, 0x00, 0x20, 0x00, 0x20,
    0x08, 0x41, 0x08, 0x41, 0x08, 0x41, 0x08, 0x41, 0x08, 0x41, 0x00, 0x21, 0x08, 0x41, 0x08, 0x41,
    0x08, 0x41, 0x00, 0x20, 0x00, 0x20, 0x00, 0x20, 0x08, 0x41, 0x08, 0x41, 0x08, 0x41, 0x08, 0x41,
    0x00, 0x41, 0x00, 0x20, 0x08, 0x41, 0x08, 0x41, 0x00, 0x21, 0x00, 0x20, 0x00, 0x20, 0x00, 0x20,
    0x08, 0x41, 0x08, 0x41, 0x08, 0x41, 0x08, 0x41, 0x00, 0x21, 0x00, 0x20, 0x08, 0x41, 0x00, 0x41,
    0x00, 0x20, 0x00, 0x20, 0x00, 0x20, 0x00, 0x20, 0x08, 0x41, 0x08, 0x41, 0x00, 0x41, 0x00, 0x21,
    0x00, 0x20, 0x00, 0x20, 0x00, 0x21, 0x00, 0x20, 0x00, 0x20, 0x00, 0x00, 0x00, 0x00, 0x00, 0x00,
    0x00, 0x00, 0x00, 0x00, 0x00, 0x00, 0x00, 0x00, 0x00, 0x00, 0x00, 0x00, 0x00, 0x00, 0x00, 0x00,
    0x00, 0x00, 0x00, 0x00, 0x00, 0x00, 0x00, 0x00, 0x00, 0x00, 0x00, 0x00, 0x00, 0x00, 0x00, 0x00,
    0x00, 0x00, 0x00, 0x00, 0x00, 0x00, 0x00, 0x00, 0x00, 0x00, 0x00, 0x00, 0x00, 0x00, 0x00, 0x00,
    0x00, 0x00, 0x00, 0x00, 0x00, 0x00, 0x00, 0x00, 0x00, 0x00, 0x00, 0x00, 0x00, 0x00, 0x00, 0x00,
    0x00, 0x00, 0x00, 0x00, 0x00, 0x00, 0x00, 0x00, 0x00, 0x00, 0x00, 0x00, 0x00, 0x00, 0x00, 0x00,
    0x00, 0x00, 0x00, 0x00, 0x00, 0x00, 0x00, 0x00, 0x00, 0x00, 0x00, 0x00, 0x00, 0x00, 0x00, 0x00,
    0x00, 0x00, 0x00, 0x00, 0x00, 0x00, 0x00, 0x00, 0x00, 0x00, 0x00, 0x00, 0x00, 0x00, 0x00, 0x00,
    0x00, 0x00, 0x00, 0x00, 0x00, 0x00, 0x00, 0x00, 0x00, 0x00, 0x00, 0x00, 0x00, 0x00, 0x00, 0x00,
    0x00, 0x00, 0x00, 0x00, 0x00, 0x00, 0x00, 0x00, 0x00, 0x00, 0x00, 0x00, 0x00, 0x00, 0x00, 0x00,
    0x00, 0x00, 0x00, 0x00, 0x00, 0x00, 0x00, 0x00, 0x00, 0x00, 0x00, 0x00, 0x00, 0x00, 0x00, 0x00,
    0x00, 0x00, 0x00, 0x00, 0x00, 0x00, 0x00, 0x00, 0x00, 0x00, 0x00, 0x00, 0x00, 0x00, 0x00, 0x00,
    0x00, 0x00, 0x00, 0x00, 0x00, 0x00, 0x00, 0x00, 0x00, 0x00, 0x00, 0x00, 0x00, 0x00, 0x00, 0x00,
    0x00, 0x00, 0x00, 0x00, 0x00, 0x00, 0x00, 0x00, 0x00, 0x00, 0x00, 0x20, 0x00, 0x41, 0x00, 0x41,
    0x00, 0x21, 0x00, 0x20, 0x00, 0x20, 0x00, 0x20, 0x08, 0x41, 0x08, 0x41, 0x00, 0x21, 0x00, 0x20,
    0x00, 0x20, 0x00, 0x20, 0x08, 0x41, 0x08, 0x41, 0x00, 0x41, 0x00, 0x21, 0x00, 0x20, 0x00, 0x20,
    0x08, 0x41, 0x08, 0x41, 0x08, 0x41, 0x00, 0x21, 0x00, 0x20, 0x00, 0x20, 0x08, 0x41, 0x08, 0x41,
    0x08, 0x41, 0x00, 0x41, 0x00, 0x20, 0x00, 0x20, 0x08, 0x41, 0x08, 0x41, 0x08, 0x41, 0x00, 0x41,
    0x00, 0x20, 0x00, 0x20, 0x08, 0x41, 0x08, 0x41, 0x08, 0x41, 0x08, 0x41, 0x00, 0x21, 0x00, 0x20,
    0x08, 0x41, 0x08, 0x41, 0x08, 0x41, 0x08, 0x41, 0x00, 0x21, 0x00, 0x20, 0x08, 0x41, 0x08, 0x41,
    0x08, 0x41, 0x08, 0x41, 0x00, 0x21, 0x00, 0x20, 0x08, 0x41, 0x08, 0x41, 0x08, 0x41, 0x08, 0x41,
    0x00, 0x21, 0x00, 0x20, 0x08, 0x61, 0x08, 0x41, 0x08, 0x41, 0x08, 0x41, 0x00, 0x21, 0x00, 0x20,
    0x08, 0x61, 0x08, 0x41, 0x08, 0x41, 0x08, 0x41, 0x00, 0x21, 0x00, 0x20, 0x08, 0x61, 0x08, 0x41,
    0x08, 0x41, 0x08, 0x41, 0x00, 0x21, 0x00, 0x20, 0x08, 0x41, 0x08, 0x41, 0x08, 0x41, 0x08, 0x41,
    0x00, 0x21, 0x00, 0x20, 0x08, 0x41, 0x08, 0x41, 0x08, 0x41, 0x08, 0x41, 0x00, 0x21, 0x00, 0x20,
    0x08, 0x41, 0x08, 0x41, 0x08, 0x41, 0x08, 0x41, 0x00, 0x21, 0x00, 0x20, 0x08, 0x41, 0x08, 0x41,
    0x08, 0x41, 0x00, 0x41, 0x00, 0x20, 0x00, 0x20, 0x08, 0x41, 0x08, 0x41, 0x08, 0x41, 0x00, 0x41,
    0x00, 0x20, 0x00, 0x20, 0x08, 0x41, 0x08, 0x41, 0x08, 0x41, 0x00, 0x21, 0x00, 0x20, 0x00, 0x20,
    0x08, 0x41, 0x08, 0x41, 0x08, 0x41, 0x00, 0x21, 0x00, 0x20, 0x00, 0x20, 0x08, 0x41, 0x08, 0x41,
    0x00, 0x41, 0x00, 0x20, 0x00, 0x20, 0x00, 0x20, 0x08, 0x41, 0x00, 0x41, 0x00, 0x21, 0x00, 0x20,
    0x00, 0x20, 0x00, 0x20, 0x00, 0x41, 0x00, 0x00, 0x00, 0x00, 0x00, 0x00, 0x00, 0x00, 0x00, 0x00,
    0x00, 0x00, 0x00, 0x00, 0x00, 0x00, 0x00, 0x00, 0x00, 0x00, 0x00, 0x00, 0x00, 0x00, 0x00, 0x00,
    0x00, 0x00, 0x00, 0x00, 0x00, 0x00, 0x00, 0x00, 0x00, 0x00, 0x00, 0x00, 0x00, 0x00, 0x00, 0x00,
    0x00, 0x00, 0x00, 0x00, 0x00, 0x00, 0x00, 0x00, 0x00, 0x00, 0x00, 0x00, 0x00, 0x00, 0x00, 0x00,
    0x00, 0x00, 0x00, 0x00, 0x00, 0x00, 0x00, 0x00, 0x00, 0x00, 0x00, 0x00, 0x00, 0x00, 0x00, 0x00,
    0x00, 0x00, 0x00, 0x00, 0x00, 0x00, 0x00, 0x00, 0x00, 0x00, 0x00, 0x00, 0x00, 0x00, 0x00, 0x00,
    0x00, 0x00, 0x00, 0x00, 0x00, 0x00, 0x00, 0x00, 0x00, 0x00, 0x00, 0x00, 0x00, 0x00, 0x00, 0x00,
    0x00, 0x00, 0x00, 0x00, 0x00, 0x00, 0x00, 0x00, 0x00, 0x00, 0x00, 0x00, 0x00, 0x00, 0x00, 0x00,
    0x00, 0x00, 0x00, 0x00, 0x00, 0x00, 0x00, 0x00, 0x00, 0x00, 0x00, 0x00, 0x00, 0x00, 0x00, 0x00,
    0x00, 0x00, 0x00, 0x00, 0x00, 0x00, 0x00, 0x00, 0x00, 0x00, 0x00, 0x00, 0x00, 0x00, 0x00, 0x00,
    0x00, 0x00, 0x00, 0x00, 0x00, 0x00, 0x00, 0x00, 0x00, 0x00, 0x00, 0x00, 0x00, 0x00, 0x00, 0x00,
    0x00, 0x00, 0x00, 0x00, 0x00, 0x00, 0x00, 0x00, 0x00, 0x00, 0x00, 0x00, 0x00, 0x00, 0x00, 0x00,
    0x00, 0x00, 0x00, 0x00, 0x00, 0x00, 0x00, 0x00, 0x00, 0x00, 0x00, 0x00, 0x00, 0x00, 0x00, 0x00,
    0x00, 0x00, 0x00, 0x00, 0x00, 0x00, 0x00, 0x00, 0x00, 0x00, 0x00, 0x00, 0x00, 0x21, 0x00, 0x41,
    0x00, 0x21, 0x00, 0x21, 0x00, 0x20, 0x00, 0x20, 0x00, 0x41, 0x00, 0x21, 0x00, 0x20, 0x00, 0x20,
    0x00, 0x20, 0x00, 0x20, 0x08, 0x41, 0x08, 0x41, 0x08, 0x41, 0x00, 0x41, 0x00, 0x21, 0x00, 0x20,
    0x08, 0x41, 0x08, 0x41, 0x00, 0x21, 0x00, 0x20, 0x00, 0x20, 0x00, 0x20, 0x08, 0x41, 0x08, 0x41,
    0x08, 0x41, 0x08, 0x41, 0x00, 0x41, 0x00, 0x20, 0x08, 0x41, 0x08, 0x41, 0x00, 0x41, 0x00, 0x20,
    0x00, 0x20, 0x00, 0x20, 0x08, 0x41, 0x08, 0x41, 0x08, 0x41, 0x08, 0x41, 0x08, 0x41, 0x00, 0x21,
    0x08, 0x41, 0x08, 0x41, 0x08, 0x41, 0x00, 0x21, 0x00, 0x20, 0x00, 0x20, 0x08, 0x41, 0x08, 0x41,
    0x08, 0x41, 0x08, 0x41, 0x08, 0x41, 0x00, 0x21, 0x08, 0x41, 0x08, 0x41, 0x08, 0x41, 0x00, 0x21,
    0x00, 0x20, 0x00, 0x20, 0x08, 0x41, 0x08, 0x41, 0x08, 0x41, 0x08, 0x41, 0x08, 0x41, 0x00, 0x21,
    0x08, 0x41, 0x08, 0x41, 0x08, 0x41, 0x00, 0x21, 0x00, 0x20, 0x00, 0x20, 0x08, 0x41, 0x08, 0x41,
    0x08, 0x41, 0x08, 0x41, 0x08, 0x41, 0x00, 0x21, 0x08, 0x41, 0x08, 0x41, 0x08, 0x41, 0x00, 0x21,
    0x00, 0x20, 0x00, 0x20, 0x08, 0x41, 0x08, 0x41, 0x08, 0x41, 0x08, 0x41, 0x08, 0x41, 0x00, 0x21,
    0x08, 0x41, 0x08, 0x41, 0x08, 0x41, 0x00, 0x20, 0x00, 0x20, 0x00, 0x20, 0x08, 0x41, 0x08, 0x41,
    0x08, 0x41, 0x08, 0x41, 0x00, 0x41, 0x00, 0x20, 0x08, 0x41, 0x08, 0x41, 0x00, 0x41, 0x00, 0x20,
    0x00, 0x20, 0x00, 0x20, 0x08, 0x41, 0x08, 0x41, 0x08, 0x41, 0x08, 0x41, 0x00, 0x21, 0x00, 0x20,
    0x08, 0x41, 0x00, 0x41, 0x00, 0x21, 0x00, 0x20, 0x00, 0x20, 0x00, 0x20, 0x08, 0x41, 0x08, 0x41,
    0x08, 0x41, 0x00, 0x21, 0x00, 0x20, 0x00, 0x20, 0x00, 0x41, 0x00, 0x21, 0x00, 0x20, 0x00, 0x20,
    0x00, 0x20, 0x00, 0x20, 0x00, 0x00, 0x00, 0x00, 0x00, 0x00, 0x00, 0x00, 0x00, 0x00, 0x00, 0x00,
    0x00, 0x00, 0x00, 0x00, 0x00, 0x00, 0x00, 0x00, 0x00, 0x00, 0x00, 0x00, 0x00, 0x00, 0x00, 0x00,
    0x00, 0x00, 0x00, 0x00, 0x00, 0x00, 0x00, 0x00, 0x00, 0x00, 0x00, 0x00, 0x00, 0x00, 0x00, 0x00,
    0x00, 0x00, 0x00, 0x00, 0x00, 0x00, 0x00, 0x00, 0x00, 0x00, 0x00, 0x00, 0x00, 0x00, 0x00, 0x00,
    0x00, 0x00, 0x00, 0x00, 0x00, 0x00, 0x00, 0x00, 0x00, 0x00, 0x00, 0x00, 0x00, 0x00, 0x00, 0x00,
    0x00, 0x00, 0x00, 0x00, 0x00, 0x00, 0x00, 0x00, 0x00, 0x00, 0x00, 0x00, 0x00, 0x00, 0x00, 0x00,
    0x00, 0x00, 0x00, 0x00, 0x00, 0x00, 0x00, 0x00, 0x00, 0x00, 0x00, 0x00, 0x00, 0x00, 0x00, 0x00,
    0x00, 0x00, 0x00, 0x00, 0x00, 0x00, 0x00, 0x00, 0x00, 0x00, 0x00, 0x00, 0x00, 0x00, 0x00, 0x00,
    0x00, 0x00, 0x00, 0x00, 0x00, 0x00, 0x00, 0x00, 0x00, 0x00, 0x00, 0x00, 0x00, 0x00, 0x00, 0x00,
    0x00, 0x00, 0x00, 0x00, 0x00, 0x00, 0x00, 0x00, 0x00, 0x00, 0x00, 0x00, 0x00, 0x00, 0x00, 0x00,
    0x00, 0x00, 0x00, 0x00, 0x00, 0x00, 0x00, 0x00, 0x00, 0x00, 0x00, 0x00, 0x00, 0x00, 0x00, 0x00,
    0x00, 0x00, 0x00, 0x00, 0x00, 0x00, 0x00, 0x00, 0x00, 0x00, 0x00, 0x00, 0x00, 0x00, 0x00, 0x00,
    0x00, 0x00, 0x00, 0x00, 0x00, 0x00, 0x00, 0x00, 0x00, 0x00, 0x00, 0x00, 0x00, 0x00, 0x00, 0x00,
    0x00, 0x00, 0x00, 0x00, 0x00, 0x00, 0x00, 0x00, 0x00, 0x00, 0x00, 0x00, 0x00, 0x00, 0x00, 0x00,
    0x00, 0x41, 0x00, 0x21, 0x00, 0x21, 0x00, 0x20, 0x00, 0x21, 0x00, 0x20, 0x00, 0x20, 0x00, 0x20,
    0x00, 0x20, 0x00, 0x20, 0x00, 0x41, 0x08, 0x41, 0x08, 0x41, 0x08, 0x41, 0x00, 0x41, 0x00, 0x21,
    0x00, 0x41, 0x00, 0x21, 0x00, 0x20, 0x00, 0x20, 0x00, 0x20, 0x00, 0x20, 0x08, 0x41, 0x08, 0x41,
    0x08, 0x41, 0x08, 0x41, 0x08, 0x41, 0x00, 0x21, 0x08, 0x41, 0x00, 0x41, 0x00, 0x20, 0x00, 0x20,
    0x00, 0x20, 0x00, 0x20, 0x08, 0x41, 0x08, 0x41, 0x08, 0x41, 0x08, 0x41, 0x08, 0x41, 0x00, 0x41,
    0x08, 0x41, 0x08, 0x41, 0x00, 0x20, 0x00, 0x20, 0x00, 0x20, 0x00, 0x20, 0x08, 0x41, 0x08, 0x41,
    0x08, 0x41, 0x08, 0x41, 0x08, 0x41, 0x08, 0x41, 0x08, 0x41, 0x08, 0x41, 0x00, 0x21, 0x00, 0x20,
    0x00, 0x20, 0x00, 0x20, 0x08, 0x41, 0x08, 0x41, 0x08, 0x41, 0x08, 0x41, 0x08, 0x41, 0x08, 0x41,
    0x08, 0x41, 0x08, 0x41, 0x00, 0x21, 0x00, 0x20, 0x00, 0x20, 0x00, 0x20, 0x08, 0x41, 0x08, 0x41,
    0x08, 0x41, 0x08, 0x41, 0x08, 0x41, 0x08, 0x41, 0x08, 0x41, 0x08, 0x41, 0x00, 0x21, 0x00, 0x20,
    0x00, 0x20, 0x00, 0x20, 0x08, 0x41, 0x08, 0x41, 0x08, 0x41, 0x08, 0x41, 0x08, 0x41, 0x08, 0x41,
    0x08, 0x41, 0x00, 0x41, 0x00, 0x20, 0x00, 0x20, 0x00, 0x20, 0x00, 0x20, 0x08, 0x41, 0x08, 0x41,
    0x08, 0x41, 0x08, 0x41, 0x08, 0x41, 0x00, 0x41, 0x08, 0x41, 0x00, 0x21, 0x00, 0x20, 0x00, 0x20,
    0x00, 0x20, 0x00, 0x20, 0x08, 0x41, 0x08, 0x41, 0x08, 0x41, 0x08, 0x41, 0x08, 0x41, 0x00, 0x21,
    0x00, 0x41, 0x00, 0x20, 0x00, 0x20, 0x00, 0x20, 0x00, 0x20, 0x00, 0x20, 0x00, 0x21, 0x08, 0x41,
    0x08, 0x41, 0x00, 0x41, 0x00, 0x21, 0x00, 0x20, 0x00, 0x21, 0x00, 0x20, 0x00, 0x20, 0x00, 0x20,
    0x00, 0x00, 0x00, 0x00, 0x00, 0x00, 0x00, 0x00, 0x00, 0x00, 0x00, 0x00, 0x00, 0x00, 0x00, 0x00,
    0x00, 0x00, 0x00, 0x00, 0x00, 0x00, 0x00, 0x00, 0x00, 0x00, 0x00, 0x00, 0x00, 0x00, 0x00, 0x00,
    0x00, 0x00, 0x00, 0x00, 0x00, 0x00, 0x00, 0x00, 0x00, 0x00, 0x00, 0x00, 0x00, 0x00, 0x00, 0x00,
    0x00, 0x00, 0x00, 0x00, 0x00, 0x00, 0x00, 0x00, 0x00, 0x00, 0x00, 0x00, 0x00, 0x00, 0x00, 0x00,
    0x00, 0x00, 0x00, 0x00, 0x00, 0x00, 0x00, 0x00, 0x00, 0x00, 0x00, 0x00, 0x00, 0x00, 0x00, 0x00,
    0x00, 0x00, 0x00, 0x00, 0x00, 0x00, 0x00, 0x00, 0x00, 0x00, 0x00, 0x00, 0x00, 0x00, 0x00, 0x00,
    0x00, 0x00, 0x00, 0x00, 0x00, 0x00, 0x00, 0x00, 0x00, 0x00, 0x00, 0x00, 0x00, 0x00, 0x00, 0x00,
    0x00, 0x00, 0x00, 0x00, 0x00, 0x00, 0x00, 0x00, 0x00, 0x00, 0x00, 0x00, 0x00, 0x00, 0x00, 0x00,
    0x00, 0x00, 0x00, 0x00, 0x00, 0x00, 0x00, 0x00, 0x00, 0x00, 0x00, 0x00, 0x00, 0x00, 0x00, 0x00,
    0x00, 0x00, 0x00, 0x00, 0x00, 0x00, 0x00, 0x00, 0x00, 0x00, 0x00, 0x00, 0x00, 0x00, 0x00, 0x00,
    0x00, 0x00, 0x00, 0x00, 0x00, 0x00, 0x00, 0x00, 0x00, 0x00, 0x00, 0x00, 0x00, 0x00, 0x00, 0x00,
    0x00, 0x00, 0x00, 0x00, 0x00, 0x00, 0x00, 0x00, 0x00, 0x00, 0x00, 0x00, 0x00, 0x00, 0x00, 0x00,
    0x00, 0x00, 0x00, 0x00, 0x00, 0x00, 0x00, 0x00, 0x00, 0x00, 0x00, 0x00, 0x00, 0x00, 0x00, 0x00,
    0x00, 0x00, 0x00, 0x00, 0x00, 0x00, 0x00, 0x00, 0x00, 0x00, 0x00, 0x00, 0x00, 0x00, 0x00, 0x00,
    0x00, 0x00, 0x00, 0x00, 0x00, 0x21, 0x00, 0x20, 0x00, 0x20, 0x00, 0x20, 0x00, 0x20, 0x00, 0x20,
    0x00, 0x20, 0x00, 0x20, 0x00, 0x20, 0x00, 0x21, 0x08, 0x41, 0x08, 0x41, 0x08, 0x41, 0x00, 0x41,
    0x00, 0x20, 0x00, 0x20, 0x00, 0x20, 0x00, 0x20, 0x00, 0x20, 0x00, 0x20, 0x00, 0x21, 0x08, 0x41,
    0x08, 0x41, 0x08, 0x41, 0x08, 0x41, 0x08, 0x41, 0x00, 0x21, 0x00, 0x20, 0x00, 0x20, 0x00, 0x20,
    0x00, 0x20, 0x00, 0x20, 0x00, 0x41, 0x08, 0x41, 0x08, 0x41, 0x08, 0x41, 0x08, 0x41, 0x08, 0x41,
    0x00, 0x41, 0x00, 0x20, 0x00, 0x20, 0x00, 0x20, 0x00, 0x20, 0x00, 0x20, 0x08, 0x41, 0x08, 0x41,
    0x08, 0x41, 0x08, 0x41, 0x08, 0x41, 0x08, 0x41, 0x08, 0x41, 0x00, 0x21, 0x00, 0x20, 0x00, 0x20,
    0x00, 0x20, 0x00, 0x21, 0x08, 0x41, 0x08, 0x41, 0x08, 0x41, 0x08, 0x41, 0x08, 0x41, 0x08, 0x41,
    0x08, 0x41, 0x00, 0x21, 0x00, 0x20, 0x00, 0x20, 0x00, 0x20, 0x00, 0x21, 0x08, 0x41, 0x08, 0x41,
    0x08, 0x41, 0x08, 0x41, 0x08, 0x41, 0x08, 0x41, 0x08, 0x41, 0x00, 0x21, 0x00, 0x20, 0x00, 0x20,
    0x00, 0x20, 0x00, 0x20, 0x08, 0x41, 0x08, 0x41, 0x08, 0x41, 0x08, 0x41, 0x08, 0x41, 0x08, 0x41,
    0x00, 0x41, 0x00, 0x20, 0x00, 0x20, 0x00, 0x20, 0x00, 0x20, 0x00, 0x20, 0x00, 0x41, 0x08, 0x41,
    0x08, 0x41, 0x08, 0x41, 0x08, 0x41, 0x08, 0x41, 0x00, 0x21, 0x00, 0x20, 0x00, 0x20, 0x00, 0x20,
    0x00, 0x20, 0x00, 0x20, 0x00, 0x21, 0x08, 0x41, 0x08, 0x41, 0x08, 0x41, 0x08, 0x41, 0x00, 0x41,
    0x00, 0x20, 0x00, 0x20, 0x00, 0x20, 0x00, 0x20, 0x00, 0x20, 0x00, 0x20, 0x00, 0x20, 0x00, 0x21,
    0x00, 0x41, 0x08, 0x41, 0x00, 0x41, 0x00, 0x21, 0x00, 0x20, 0x00, 0x20, 0x00, 0x00, 0x00, 0x00,
    0x00, 0x00, 0x00, 0x00, 0x00, 0x00, 0x00, 0x00, 0x00, 0x00, 0x00, 0x00, 0x00, 0x00, 0x00, 0x00,
    0x00, 0x00, 0x00, 0x00, 0x00, 0x00, 0x00, 0x00, 0x00, 0x00, 0x00, 0x00, 0x00, 0x00, 0x00, 0x00,
    0x00, 0x00, 0x00, 0x00, 0x00, 0x00, 0x00, 0x00, 0x00, 0x00, 0x00, 0x00, 0x00, 0x00, 0x00, 0x00,
    0x00, 0x00, 0x00, 0x00, 0x00, 0x00, 0x00, 0x00, 0x00, 0x00, 0x00, 0x00, 0x00, 0x00, 0x00, 0x00,
    0x00, 0x00, 0x00, 0x00, 0x00, 0x00, 0x00, 0x00, 0x00, 0x00, 0x00, 0x00, 0x00, 0x00, 0x00, 0x00,
    0x00, 0x00, 0x00, 0x00, 0x00, 0x00, 0x00, 0x00, 0x00, 0x00, 0x00, 0x00, 0x00, 0x00, 0x00, 0x00,
    0x00, 0x00, 0x00, 0x00, 0x00, 0x00, 0x00, 0x00, 0x00, 0x00, 0x00, 0x00, 0x00, 0x00, 0x00, 0x00,
    0x00, 0x00, 0x00, 0x00, 0x00, 0x00, 0x00, 0x00, 0x00, 0x00, 0x00, 0x00, 0x00, 0x00, 0x00, 0x00,
    0x00, 0x00, 0x00, 0x00, 0x00, 0x00, 0x00, 0x00, 0x00, 0x00, 0x00, 0x00, 0x00, 0x00, 0x00, 0x00,
    0x00, 0x00, 0x00, 0x00, 0x00, 0x00, 0x00, 0x00, 0x00, 0x00, 0x00, 0x00, 0x00, 0x00, 0x00, 0x00,
    0x00, 0x00, 0x00, 0x00, 0x00, 0x00, 0x00, 0x00, 0x00, 0x00, 0x00, 0x00, 0x00, 0x00, 0x00, 0x00,
    0x00, 0x00, 0x00, 0x00, 0x00, 0x00, 0x00, 0x00, 0x00, 0x00, 0x00, 0x00, 0x00, 0x00, 0x00, 0x00,
    0x00, 0x00, 0x00, 0x00, 0x00, 0x00, 0x00, 0x00, 0x00, 0x00, 0x00, 0x00, 0x00, 0x00, 0x00, 0x00,
    0x00, 0x00, 0x00, 0x00, 0x00, 0x00, 0x00, 0x00, 0x00, 0x00, 0x00, 0x00, 0x00, 0x00, 0x00, 0x00,
    0x00, 0x00, 0x00, 0x00, 0x00, 0x00, 0x00, 0x20, 0x00, 0x20, 0x00, 0x20, 0x00, 0x20, 0x00, 0x20,
    0x00, 0x20, 0x00, 0x20, 0x00, 0x21, 0x08, 0x41, 0x08, 0x41, 0x08, 0x41, 0x00, 0x41, 0x00, 0x20,
    0x00, 0x41, 0x00, 0x20, 0x00, 0x20, 0x00, 0x20, 0x00, 0x20, 0x00, 0x20, 0x08, 0x41, 0x08, 0x41,
    0x08, 0x41, 0x08, 0x41, 0x08, 0x41, 0x00, 0x21, 0x08, 0x41, 0x00, 0x21, 0x00, 0x20, 0x00, 0x20,
    0x00, 0x20, 0x00, 0x20, 0x08, 0x41, 0x08, 0x41, 0x08, 0x41, 0x08, 0x41, 0x08, 0x41, 0x00, 0x41,
    0x08, 0x41, 0x00, 0x41, 0x00, 0x20, 0x00, 0x20, 0x00, 0x20, 0x00, 0x20, 0x08, 0x41, 0x08, 0x41,
    0x08, 0x41, 0x08, 0x41, 0x08, 0x41, 0x08, 0x41, 0x08, 0x41, 0x08, 0x41, 0x00, 0x20, 0x00, 0x20,
    0x00, 0x20, 0x00, 0x20, 0x08, 0x41, 0x08, 0x41, 0x08, 0x41, 0x08, 0x41, 0x08, 0x41, 0x08, 0x41,
    0x08, 0x41, 0x08, 0x41, 0x00, 0x20, 0x00, 0x20, 0x00, 0x20, 0x00, 0x20, 0x08, 0x41, 0x08, 0x41,
    0x08, 0x41, 0x08, 0x41, 0x08, 0x41, 0x08, 0x41, 0x08, 0x41, 0x00, 0x41, 0x00, 0x20, 0x00, 0x20,
    0x00, 0x20, 0x00, 0x20, 0x08, 0x41, 0x08, 0x41, 0x08, 0x41, 0x08, 0x41, 0x08, 0x41, 0x00, 0x41,
    0x08, 0x41, 0x00, 0x41, 0x00, 0x20, 0x00, 0x20, 0x00, 0x20, 0x00, 0x20, 0x08, 0x41, 0x08, 0x41,
    0x08, 0x41, 0x08, 0x41, 0x08, 0x41, 0x00, 0x21, 0x08, 0x41, 0x00, 0x21, 0x00, 0x20, 0x00, 0x20,
    0x00, 0x20, 0x00, 0x20, 0x08, 0x41, 0x08, 0x41, 0x08, 0x41, 0x08, 0x41, 0x00, 0x41, 0x00, 0x20,
    0x00, 0x41, 0x00, 0x20, 0x00, 0x20, 0x00, 0x20, 0x00, 0x20, 0x00, 0x20, 0x00, 0x21, 0x00, 0x41,
    0x00, 0x41, 0x00, 0x41, 0x00, 0x20, 0x00, 0x20, 0x00, 0x20, 0x00, 0x00, 0x00, 0x00, 0x00, 0x00,
    0x00, 0x00, 0x00, 0x00, 0x00, 0x00, 0x00, 0x00, 0x00, 0x00, 0x00, 0x00, 0x00, 0x00, 0x00, 0x00,
    0x00, 0x00, 0x00, 0x00, 0x00, 0x00, 0x00, 0x00, 0x00, 0x00, 0x00, 0x00, 0x00, 0x00, 0x00, 0x00,
    0x00, 0x00, 0x00, 0x00, 0x00, 0x00, 0x00, 0x00, 0x00, 0x00, 0x00, 0x00, 0x00, 0x00, 0x00, 0x00,
    0x00, 0x00, 0x00, 0x00, 0x00, 0x00, 0x00, 0x00, 0x00, 0x00, 0x00, 0x00, 0x00, 0x00, 0x00, 0x00,
    0x00, 0x00, 0x00, 0x00, 0x00, 0x00, 0x00, 0x00, 0x00, 0x00, 0x00, 0x00, 0x00, 0x00, 0x00, 0x00,
    0x00, 0x00, 0x00, 0x00, 0x00, 0x00, 0x00, 0x00, 0x00, 0x00, 0x00, 0x00, 0x00, 0x00, 0x00, 0x00,
    0x00, 0x00, 0x00, 0x00, 0x00, 0x00, 0x00, 0x00, 0x00, 0x00, 0x00, 0x00, 0x00, 0x00, 0x00, 0x00,
    0x00, 0x00, 0x00, 0x00, 0x00, 0x00, 0x00, 0x00, 0x00, 0x00, 0x00, 0x00, 0x00, 0x00, 0x00, 0x00,
    0x00, 0x00, 0x00, 0x00, 0x00, 0x00, 0x00, 0x00, 0x00, 0x00, 0x00, 0x00, 0x00, 0x00, 0x00, 0x00,
    0x00, 0x00, 0x00, 0x00, 0x00, 0x00, 0x00, 0x00, 0x00, 0x00, 0x00, 0x00, 0x00, 0x00, 0x00, 0x00,
    0x00, 0x00, 0x00, 0x00, 0x00, 0x00, 0x00, 0x00, 0x00, 0x00, 0x00, 0x00, 0x00, 0x00, 0x00, 0x00,
    0x00, 0x00, 0x00, 0x00, 0x00, 0x00, 0x00, 0x00, 0x00, 0x00, 0x00, 0x00, 0x00, 0x00, 0x00, 0x00,
    0x00, 0x00, 0x00, 0x00, 0x00, 0x00, 0x00, 0x00, 0x00, 0x00, 0x00, 0x00, 0x00, 0x00, 0x00, 0x00,
    0x00, 0x00, 0x00, 0x00, 0x00, 0x00, 0x00, 0x00, 0x00, 0x00, 0x00, 0x00, 0x00, 0x00, 0x00, 0x00,
    0x00, 0x00, 0x00, 0x00, 0x00, 0x00, 0x00, 0x00, 0x00, 0x00, 0x00, 0x20, 0x00, 0x20, 0x00, 0x20,
    0x00, 0x20, 0x00, 0x20, 0x00, 0x41, 0x08, 0x41, 0x00, 0x41, 0x00, 0x21, 0x00, 0x20, 0x00, 0x20,
    0x08, 0x41, 0x00, 0x41, 0x00, 0x20, 0x00, 0x20, 0x00, 0x20, 0x00, 0x20, 0x08, 0x41, 0x08, 0x41,
    0x08, 0x41, 0x08, 0x41, 0x00, 0x21, 0x00, 0x20, 0x08, 0x41, 0x08, 0x41, 0x00, 0x21, 0x00, 0x20,
    0x00, 0x20, 0x00, 0x20, 0x08, 0x41, 0x08, 0x41, 0x08, 0x41, 0x08, 0x41, 0x00, 0x41, 0x00, 0x20,
    0x08, 0x41, 0x08, 0x41, 0x00, 0x41, 0x00, 0x20, 0x00, 0x20, 0x00, 0x20, 0x08, 0x41, 0x08, 0x41,
    0x08, 0x41, 0x08, 0x41, 0x00, 0x41, 0x00, 0x20, 0x08, 0x41, 0x08, 0x41, 0x00, 0x41, 0x00, 0x20,
    0x00, 0x20, 0x00, 0x20, 0x08, 0x41, 0x08, 0x41, 0x08, 0x41, 0x08, 0x41, 0x00, 0x41, 0x00, 0x20,
    0x08, 0x41, 0x08, 0x41, 0x00, 0x41, 0x00, 0x20, 0x00, 0x20, 0x00, 0x20, 0x08, 0x41, 0x08, 0x41,
    0x08, 0x41, 0x08, 0x41, 0x00, 0x41, 0x00, 0x20, 0x08, 0x41, 0x08, 0x41, 0x00, 0x41, 0x00, 0x20,
    0x00, 0x20, 0x00, 0x20, 0x08, 0x41, 0x08, 0x41, 0x08, 0x41, 0x08, 0x41, 0x00, 0x41, 0x00, 0x20,
    0x08, 0x41, 0x08, 0x41, 0x00, 0x21, 0x00, 0x20, 0x00, 0x20, 0x00, 0x20, 0x08, 0x41, 0x08, 0x41,
    0x08, 0x41, 0x08, 0x41, 0x00, 0x21, 0x00, 0x20, 0x08, 0x41, 0x08, 0x41, 0x00, 0x21, 0x00, 0x20,
    0x00, 0x20, 0x00, 0x20, 0x08, 0x41, 0x08, 0x41, 0x08, 0x41, 0x00, 0x41, 0x00, 0x20, 0x00, 0x20,
    0x08, 0x41, 0x00, 0x21, 0x00, 0x20, 0x00, 0x20, 0x00, 0x20, 0x00, 0x20, 0x00, 0x41, 0x00, 0x41,
    0x00, 0x21, 0x00, 0x20, 0x00, 0x20, 0x00, 0x00, 0x00, 0x00, 0x00, 0x00, 0x00, 0x00, 0x00, 0x00,
    0x00, 0x00, 0x00, 0x00, 0x00, 0x00, 0x00, 0x00, 0x00, 0x00, 0x00, 0x00, 0x00, 0x00, 0x00, 0x00,
    0x00, 0x00, 0x00, 0x00, 0x00, 0x00, 0x00, 0x00, 0x00, 0x00, 0x00, 0x00, 0x00, 0x00, 0x00, 0x00,
    0x00, 0x00, 0x00, 0x00, 0x00, 0x00, 0x00, 0x00, 0x00, 0x00, 0x00, 0x00, 0x00, 0x00, 0x00, 0x00,
    0x00, 0x00, 0x00, 0x00, 0x00, 0x00, 0x00, 0x00, 0x00, 0x00, 0x00, 0x00, 0x00, 0x00, 0x00, 0x00,
    0x00, 0x00, 0x00, 0x00, 0x00, 0x00, 0x00, 0x00, 0x00, 0x00, 0x00, 0x00, 0x00, 0x00, 0x00, 0x00,
    0x00, 0x00, 0x00, 0x00, 0x00, 0x00, 0x00, 0x00, 0x00, 0x00, 0x00, 0x00, 0x00, 0x00, 0x00, 0x00,
    0x00, 0x00, 0x00, 0x00, 0x00, 0x00, 0x00, 0x00, 0x00, 0x00, 0x00, 0x00, 0x00, 0x00, 0x00, 0x00,
    0x00, 0x00, 0x00, 0x00, 0x00, 0x00, 0x00, 0x00, 0x00, 0x00, 0x00, 0x00, 0x00, 0x00, 0x00, 0x00,
    0x00, 0x00, 0x00, 0x00, 0x00, 0x00, 0x00, 0x00, 0x00, 0x00, 0x00, 0x00, 0x00, 0x00, 0x00, 0x00,
    0x00, 0x00, 0x00, 0x00, 0x00, 0x00, 0x00, 0x00, 0x00, 0x00, 0x00, 0x00, 0x00, 0x00, 0x00, 0x00,
    0x00, 0x00, 0x00, 0x00, 0x00, 0x00, 0x00, 0x00, 0x00, 0x00, 0x00, 0x00, 0x00, 0x00, 0x00, 0x00,
    0x00, 0x00, 0x00, 0x00, 0x00, 0x00, 0x00, 0x00, 0x00, 0x00, 0x00, 0x00, 0x00, 0x00, 0x00, 0x00,
    0x00, 0x00, 0x00, 0x00, 0x00, 0x00, 0x00, 0x00, 0x00, 0x00, 0x00, 0x00, 0x00, 0x00, 0x00, 0x00,
    0x00, 0x00, 0x00, 0x00, 0x00, 0x00, 0x00, 0x00, 0x00, 0x00, 0x00, 0x00, 0x00, 0x00, 0x00, 0x00,
    0x00, 0x00, 0x00, 0x00, 0x00, 0x00, 0x00, 0x00, 0x00, 0x00, 0x00, 0x00, 0x00, 0x00, 0x00, 0x20,
    0x00, 0x20, 0x00, 0x20, 0x00, 0x41, 0x00, 0x41, 0x00, 0x21, 0x00, 0x20, 0x00, 0x20, 0x00, 0x20,
    0x08, 0x41, 0x08, 0x41, 0x00, 0x21, 0x00, 0x20, 0x00, 0x20, 0x00, 0x20, 0x08, 0x41, 0x08, 0x41,
    0x00, 0x41, 0x00, 0x21, 0x00, 0x20, 0x00, 0x20, 0x08, 0x41, 0x08, 0x41, 0x08, 0x41, 0x00, 0x21,
    0x00, 0x20, 0x00, 0x20, 0x08, 0x41, 0x08, 0x41, 0x08, 0x41, 0x00, 0x21, 0x00, 0x20, 0x00, 0x20,
    0x08, 0x41, 0x08, 0x41, 0x08, 0x41, 0x00, 0x41, 0x00, 0x20, 0x00, 0x20, 0x08, 0x41, 0x08, 0x41,
    0x08, 0x41, 0x00, 0x41, 0x00, 0x20, 0x00, 0x20, 0x08, 0x41, 0x08, 0x41, 0x08, 0x41, 0x00, 0x41,
    0x00, 0x20, 0x00, 0x20, 0x08, 0x41, 0x08, 0x41, 0x08, 0x41, 0x00, 0x41, 0x00, 0x20, 0x00, 0x20,
    0x08, 0x41, 0x08, 0x41, 0x08, 0x41, 0x00, 0x41, 0x00, 0x20, 0x00, 0x20, 0x08, 0x41, 0x08, 0x41,
    0x08, 0x41, 0x00, 0x41, 0x00, 0x20, 0x00, 0x20, 0x08, 0x41, 0x08, 0x41, 0x08, 0x41, 0x00, 0x41,
    0x00, 0x20, 0x00, 0x20, 0x08, 0x41, 0x08, 0x41, 0x08, 0x41, 0x00, 0x41, 0x00, 0x20, 0x00, 0x20,
    0x08, 0x41, 0x08, 0x41, 0x08, 0x41, 0x00, 0x21, 0x00, 0x20, 0x00, 0x20, 0x08, 0x41, 0x08, 0x41,
    0x08, 0x41, 0x00, 0x21, 0x00, 0x20, 0x00, 0x20, 0x08, 0x41, 0x08, 0x41, 0x00, 0x41, 0x00, 0x20,
    0x00, 0x20, 0x00, 0x20, 0x08, 0x41, 0x08, 0x41, 0x00, 0x41, 0x00, 0x20, 0x00, 0x20, 0x00, 0x20,
    0x08, 0x41, 0x00, 0x41, 0x00, 0x21, 0x00, 0x20, 0x00, 0x20, 0x00, 0x20, 0x00, 0x41, 0x00, 0x21,
    0x00, 0x20, 0x00, 0x00, 0x00, 0x00, 0x00, 0x00, 0x00, 0x00, 0x00, 0x00, 0x00, 0x00, 0x00, 0x00,
    0x00, 0x00, 0x00, 0x00, 0x00, 0x00, 0x00, 0x00, 0x00, 0x00, 0x00, 0x00, 0x00, 0x00, 0x00, 0x00,
    0x00, 0x00, 0x00, 0x00, 0x00, 0x00, 0x00, 0x00, 0x00, 0x00, 0x00, 0x00, 0x00, 0x00, 0x00, 0x00,
    0x00, 0x00, 0x00, 0x00, 0x00, 0x00, 0x00, 0x00, 0x00, 0x00, 0x00, 0x00, 0x00, 0x00, 0x00, 0x00,
    0x00, 0x00, 0x00, 0x00, 0x00, 0x00, 0x00, 0x00, 0x00, 0x00, 0x00, 0x00, 0x00, 0x00, 0x00, 0x00,
    0x00, 0x00, 0x00, 0x00, 0x00, 0x00, 0x00, 0x00, 0x00, 0x00, 0x00, 0x00, 0x00, 0x00, 0x00, 0x00,
    0x00, 0x00, 0x00, 0x00, 0x00, 0x00, 0x00, 0x00, 0x00, 0x00, 0x00, 0x00, 0x00, 0x00, 0x00, 0x00,
    0x00, 0x00, 0x00, 0x00, 0x00, 0x00, 0x00, 0x00, 0x00, 0x00, 0x00, 0x00, 0x00, 0x00, 0x00, 0x00,
    0x00, 0x00, 0x00, 0x00, 0x00, 0x00, 0x00, 0x00, 0x00, 0x00, 0x00, 0x00, 0x00, 0x00, 0x00, 0x00,
    0x00, 0x00, 0x00, 0x00, 0x00, 0x00, 0x00, 0x00, 0x00, 0x00, 0x00, 0x00, 0x00, 0x00, 0x00, 0x00,
    0x00, 0x00, 0x00, 0x00, 0x00, 0x00, 0x00, 0x00, 0x00, 0x00, 0x00, 0x00, 0x00, 0x00, 0x00, 0x00,
    0x00, 0x00, 0x00, 0x00, 0x00, 0x00, 0x00, 0x00, 0x00, 0x00, 0x00, 0x00, 0x00, 0x00, 0x00, 0x00,
    0x00, 0x00, 0x00, 0x00, 0x00, 0x00, 0x00, 0x00, 0x00, 0x00, 0x00, 0x00, 0x00, 0x00, 0x00, 0x00,
    0x00, 0x00, 0x00, 0x00, 0x00, 0x00, 0x00, 0x00, 0x00, 0x00, 0x00, 0x00, 0x00, 0x00, 0x00, 0x00,
    0x00, 0x00, 0x00, 0x00, 0x00, 0x00, 0x00, 0x00, 0x00, 0x00, 0x00, 0x00, 0x00, 0x00, 0x00, 0x00,
    0x00, 0x00, 0x00, 0x00, 0x00, 0x00, 0x00, 0x00, 0x00, 0x00, 0x00, 0x00, 0x00, 0x00, 0x00, 0x00,
    0x00, 0x00, 0x00, 0x20, 0x00, 0x21, 0x00, 0x20, 0x00, 0x20, 0x00, 0x20, 0x00, 0x20, 0x00, 0x20,
    0x00, 0x41, 0x08, 0x41, 0x08, 0x41, 0x00, 0x21, 0x00, 0x20, 0x00, 0x20, 0x08, 0x41, 0x00, 0x41,
    0x00, 0x20, 0x00, 0x20, 0x00, 0x20, 0x00, 0x20, 0x08, 0x41, 0x08, 0x41, 0x08, 0x41, 0x08, 0x41,
    0x00, 0x21, 0x00, 0x20, 0x08, 0x41, 0x08, 0x41, 0x00, 0x21, 0x00, 0x20, 0x00, 0x20, 0x00, 0x20,
    0x08, 0x41, 0x08, 0x41, 0x08, 0x41, 0x08, 0x41, 0x00, 0x21, 0x00, 0x20, 0x08, 0x41, 0x08, 0x41,
    0x00, 0x41, 0x00, 0x20, 0x00, 0x20, 0x00, 0x20, 0x08, 0x41, 0x08, 0x41, 0x08, 0x41, 0x08, 0x41,
    0x00, 0x41, 0x00, 0x20, 0x08, 0x41, 0x08, 0x41, 0x00, 0x41, 0x00, 0x20, 0x00, 0x20, 0x00, 0x20,
    0x08, 0x41, 0x08, 0x41, 0x08, 0x41, 0x08, 0x41, 0x00, 0x41, 0x00, 0x20, 0x08, 0x41, 0x08, 0x41,
    0x00, 0x41, 0x00, 0x20, 0x00, 0x20, 0x00, 0x20, 0x08, 0x41, 0x08, 0x41, 0x08, 0x41, 0x08, 0x41,
    0x00, 0x21, 0x00, 0x20, 0x08, 0x41, 0x08, 0x41, 0x00, 0x21, 0x00, 0x20, 0x00, 0x20, 0x00, 0x20,
    0x08, 0x41, 0x08, 0x41, 0x08, 0x41, 0x08, 0x41, 0x00, 0x21, 0x00, 0x20, 0x08, 0x41, 0x08, 0x41,
    0x00, 0x21, 0x00, 0x20, 0x00, 0x20, 0x00, 0x20, 0x08, 0x41, 0x08, 0x41, 0x08, 0x41, 0x00, 0x41,
    0x00, 0x20, 0x00, 0x20, 0x08, 0x41, 0x00, 0x21, 0x00, 0x20, 0x00, 0x20, 0x00, 0x20, 0x00, 0x20,
    0x00, 0x41, 0x08, 0x41, 0x00, 0x41, 0x00, 0x21, 0x00, 0x20, 0x00, 0x20, 0x00, 0x21, 0x00, 0x00,
    0x00, 0x00, 0x00, 0x00, 0x00, 0x00, 0x00, 0x00, 0x00, 0x00, 0x00, 0x00, 0x00, 0x00, 0x00, 0x00,
    0x00, 0x00, 0x00, 0x00, 0x00, 0x00, 0x00, 0x00, 0x00, 0x00, 0x00, 0x00, 0x00, 0x00, 0x00, 0x00,
    0x00, 0x00, 0x00, 0x00, 0x00, 0x00, 0x00, 0x00, 0x00, 0x00, 0x00, 0x00, 0x00, 0x00, 0x00, 0x00,
    0x00, 0x00, 0x00, 0x00, 0x00, 0x00, 0x00, 0x00, 0x00, 0x00, 0x00, 0x00, 0x00, 0x00, 0x00, 0x00,
    0x00, 0x00, 0x00, 0x00, 0x00, 0x00, 0x00, 0x00, 0x00, 0x00, 0x00, 0x00, 0x00, 0x00, 0x00, 0x00,
    0x00, 0x00, 0x00, 0x00, 0x00, 0x00, 0x00, 0x00, 0x00, 0x00, 0x00, 0x00, 0x00, 0x00, 0x00, 0x00,
    0x00, 0x00, 0x00, 0x00, 0x00, 0x00, 0x00, 0x00, 0x00, 0x00, 0x00, 0x00, 0x00, 0x00, 0x00, 0x00,
    0x00, 0x00, 0x00, 0x00, 0x00, 0x00, 0x00, 0x00, 0x00, 0x00, 0x00, 0x00, 0x00, 0x00, 0x00, 0x00,
    0x00, 0x00, 0x00, 0x00, 0x00, 0x00, 0x00, 0x00, 0x00, 0x00, 0x00, 0x00, 0x00, 0x00, 0x00, 0x00,
    0x00, 0x00, 0x00, 0x00, 0x00, 0x00, 0x00, 0x00, 0x00, 0x00, 0x00, 0x00, 0x00, 0x00, 0x00, 0x00,
    0x00, 0x00, 0x00, 0x00, 0x00, 0x00, 0x00, 0x00, 0x00, 0x00, 0x00, 0x00, 0x00, 0x00, 0x00, 0x00,
    0x00, 0x00, 0x00, 0x00, 0x00, 0x00, 0x00, 0x00, 0x00, 0x00, 0x00, 0x00, 0x00, 0x00, 0x00, 0x00,
    0x00, 0x00, 0x00, 0x00, 0x00, 0x00, 0x00, 0x00, 0x00, 0x00, 0x00, 0x00, 0x00, 0x00, 0x00, 0x00,
    0x00, 0x00, 0x00, 0x00, 0x00, 0x00, 0x00, 0x00, 0x00, 0x00, 0x00, 0x00, 0x00, 0x00, 0x00, 0x00,
    0x00, 0x00, 0x00, 0x00, 0x00, 0x00, 0x00, 0x00, 0x00, 0x00, 0x00, 0x00, 0x00, 0x00, 0x00, 0x00,
    0x00, 0x00, 0x00, 0x00, 0x00, 0x00, 0x00, 0x00, 0x00, 0x00, 0x00, 0x00, 0x00, 0x00, 0x00, 0x00,
    0x00, 0x00, 0x00, 0x00, 0x00, 0x00, 0x00, 0x20, 0x00, 0x20, 0x00, 0x20, 0x00, 0x20, 0x00, 0x20,
    0x00, 0x21, 0x00, 0x41, 0x08, 0x41, 0x00, 0x41, 0x00, 0x21, 0x00, 0x20, 0x00, 0x21, 0x00, 0x20,
    0x00, 0x20, 0x00, 0x20, 0x00, 0x20, 0x00, 0x20, 0x00, 0x41, 0x08, 0x41, 0x08, 0x41, 0x08, 0x41,
    0x00, 0x41, 0x00, 0x21, 0x08, 0x41, 0x00, 0x21, 0x00, 0x20, 0x00, 0x20, 0x00, 0x20, 0x00, 0x20,
    0x08, 0x41, 0x08, 0x41, 0x08, 0x41, 0x08, 0x41, 0x08, 0x41, 0x00, 0x21, 0x08, 0x41, 0x00, 0x21,
    0x00, 0x20, 0x00, 0x20, 0x00, 0x20, 0x00, 0x20, 0x08, 0x41, 0x08, 0x41, 0x08, 0x41, 0x08, 0x41,
    0x08, 0x41, 0x00, 0x41, 0x08, 0x41, 0x00, 0x41, 0x00, 0x20, 0x00, 0x20, 0x00, 0x20, 0x00, 0x20,
    0x08, 0x41, 0x08, 0x41, 0x08, 0x41, 0x08, 0x41, 0x08, 0x41, 0x00, 0x41, 0x08, 0x41, 0x00, 0x41,
    0x00, 0x20, 0x00, 0x20, 0x00, 0x20, 0x00, 0x20, 0x08, 0x41, 0x08, 0x41, 0x08, 0x41, 0x08, 0x41,
    0x08, 0x41, 0x00, 0x21, 0x08, 0x41, 0x00, 0x21, 0x00, 0x20, 0x00, 0x20, 0x00, 0x20, 0x00, 0x20,
    0x08, 0x41, 0x08, 0x41, 0x08, 0x41, 0x08, 0x41, 0x08, 0x41, 0x00, 0x21, 0x08, 0x41, 0x00, 0x21,
    0x00, 0x20, 0x00, 0x20, 0x00, 0x20, 0x00, 0x20, 0x00, 0x41, 0x08, 0x41, 0x08, 0x41, 0x08, 0x41,
    0x00, 0x21, 0x00, 0x20, 0x00, 0x21, 0x00, 0x20, 0x00, 0x20, 0x00, 0x20, 0x00, 0x20, 0x00, 0x20,
    0x00, 0x21, 0x00, 0x41, 0x00, 0x41, 0x00, 0x21, 0x00, 0x20, 0x00, 0x00, 0x00, 0x00, 0x00, 0x00,
    0x00, 0x00, 0x00, 0x00, 0x00, 0x00, 0x00, 0x00, 0x00, 0x00, 0x00, 0x00, 0x00, 0x00, 0x00, 0x00,
    0x00, 0x00, 0x00, 0x00, 0x00, 0x00, 0x00, 0x00, 0x00, 0x00, 0x00, 0x00, 0x00, 0x00, 0x00, 0x00,
    0x00, 0x00, 0x00, 0x00, 0x00, 0x00, 0x00, 0x00, 0x00, 0x00, 0x00, 0x00, 0x00, 0x00, 0x00, 0x00,
    0x00, 0x00, 0x00, 0x00, 0x00, 0x00, 0x00, 0x00, 0x00, 0x00, 0x00, 0x00, 0x00, 0x00, 0x00, 0x00,
    0x00, 0x00, 0x00, 0x00, 0x00, 0x00, 0x00, 0x00, 0x00, 0x00, 0x00, 0x00, 0x00, 0x00, 0x00, 0x00,
    0x00, 0x00, 0x00, 0x00, 0x00, 0x00, 0x00, 0x00, 0x00, 0x00, 0x00, 0x00, 0x00, 0x00, 0x00, 0x00,
    0x00, 0x00, 0x00, 0x00, 0x00, 0x00, 0x00, 0x00, 0x00, 0x00, 0x00, 0x00, 0x00, 0x00, 0x00, 0x00,
    0x00, 0x00, 0x00, 0x00, 0x00, 0x00, 0x00, 0x00, 0x00, 0x00, 0x00, 0x00, 0x00, 0x00, 0x00, 0x00,
    0x00, 0x00, 0x00, 0x00, 0x00, 0x00, 0x00, 0x00, 0x00, 0x00, 0x00, 0x00, 0x00, 0x00, 0x00, 0x00,
    0x00, 0x00, 0x00, 0x00, 0x00, 0x00, 0x00, 0x00, 0x00, 0x00, 0x00, 0x00, 0x00, 0x00, 0x00, 0x00,
    0x00, 0x00, 0x00, 0x00, 0x00, 0x00, 0x00, 0x00, 0x00, 0x00, 0x00, 0x00, 0x00, 0x00, 0x00, 0x00,
    0x00, 0x00, 0x00, 0x00, 0x00, 0x00, 0x00, 0x00, 0x00, 0x00, 0x00, 0x00, 0x00, 0x00, 0x00, 0x00,
    0x00, 0x00, 0x00, 0x00, 0x00, 0x00, 0x00, 0x00, 0x00, 0x00, 0x00, 0x00, 0x00, 0x00, 0x00, 0x00,
    0x00, 0x00, 0x00, 0x00, 0x00, 0x00, 0x00, 0x00, 0x00, 0x00, 0x00, 0x00, 0x00, 0x00, 0x00, 0x00,
    0x00, 0x00, 0x00, 0x00, 0x00, 0x00, 0x00, 0x00, 0x00, 0x00, 0x00, 0x00, 0x00, 0x00, 0x00, 0x00,
    0x00, 0x00, 0x00, 0x00, 0x00, 0x00, 0x00, 0x00, 0x00, 0x00, 0x00, 0x00, 0x00, 0x00, 0x00, 0x00,
    0x00, 0x00, 0x00, 0x00, 0x00, 0x00, 0x00, 0x00, 0x00, 0x00, 0x00, 0x20, 0x00, 0x20, 0x00, 0x20,
    0x00, 0x20, 0x00, 0x21, 0x00, 0x41, 0x08, 0x41, 0x00, 0x41, 0x00, 0x21, 0x00, 0x20, 0x00, 0x20,
    0x00, 0x20, 0x00, 0x20, 0x00, 0x20, 0x00, 0x20, 0x00, 0x20, 0x00, 0x41, 0x08, 0x41, 0x08, 0x41,
    0x08, 0x41, 0x00, 0x41, 0x00, 0x21, 0x00, 0x20, 0x00, 0x20, 0x00, 0x20, 0x00, 0x20, 0x00, 0x20,
    0x00, 0x21, 0x08, 0x41, 0x08, 0x41, 0x08, 0x41, 0x08, 0x41, 0x08, 0x41, 0x00, 0x21, 0x00, 0x20,
    0x00, 0x20, 0x00, 0x20, 0x00, 0x20, 0x00, 0x20, 0x00, 0x21, 0x08, 0x41, 0x08, 0x41, 0x08, 0x41,
    0x08, 0x41, 0x08, 0x41, 0x00, 0x21, 0x00, 0x20, 0x00, 0x20, 0x00, 0x20, 0x00, 0x20, 0x00, 0x20,
    0x00, 0x21, 0x08, 0x41, 0x08, 0x41, 0x08, 0x41, 0x08, 0x41, 0x08, 0x41, 0x00, 0x21, 0x00, 0x20,
    0x00, 0x20, 0x00, 0x20, 0x00, 0x20, 0x00, 0x20, 0x00, 0x21, 0x08, 0x41, 0x08, 0x41, 0x08, 0x41,
    0x08, 0x41, 0x08, 0x41, 0x00, 0x21, 0x00, 0x20, 0x00, 0x20, 0x00, 0x20, 0x00, 0x20, 0x00, 0x20,
    0x00, 0x21, 0x08, 0x41, 0x08, 0x41, 0x08, 0x41, 0x08, 0x41, 0x00, 0x41, 0x00, 0x20, 0x00, 0x20,
    0x00, 0x20, 0x00, 0x20, 0x00, 0x20, 0x00, 0x20, 0x00, 0x20, 0x00, 0x41, 0x08, 0x41, 0x08, 0x41,
    0x08, 0x41, 0x00, 0x21, 0x00, 0x20, 0x00, 0x20, 0x00, 0x20, 0x00, 0x20, 0x00, 0x20, 0x00, 0x20,
    0x00, 0x20, 0x00, 0x20, 0x00, 0x21, 0x00, 0x00, 0x00, 0x00, 0x00, 0x00, 0x00, 0x00, 0x00, 0x00,
    0x00, 0x00, 0x00, 0x00, 0x00, 0x00, 0x00, 0x00, 0x00, 0x00, 0x00, 0x00, 0x00, 0x00, 0x00, 0x00,
    0x00, 0x00, 0x00, 0x00, 0x00, 0x00, 0x00, 0x00, 0x00, 0x00, 0x00, 0x00, 0x00, 0x00, 0x00, 0x00,
    0x00, 0x00, 0x00, 0x00, 0x00, 0x00, 0x00, 0x00, 0x00, 0x00, 0x00, 0x00, 0x00, 0x00, 0x00, 0x00,
    0x00, 0x00, 0x00, 0x00, 0x00, 0x00, 0x00, 0x00, 0x00, 0x00, 0x00, 0x00, 0x00, 0x00, 0x00, 0x00,
    0x00, 0x00, 0x00, 0x00, 0x00, 0x00, 0x00, 0x00, 0x00, 0x00, 0x00, 0x00, 0x00, 0x00, 0x00, 0x00,
    0x00, 0x00, 0x00, 0x00, 0x00, 0x00, 0x00, 0x00, 0x00, 0x00, 0x00, 0x00, 0x00, 0x00, 0x00, 0x00,
    0x00, 0x00, 0x00, 0x00, 0x00, 0x00, 0x00, 0x00, 0x00, 0x00, 0x00, 0x00, 0x00, 0x00, 0x00, 0x00,
    0x00, 0x00, 0x00, 0x00, 0x00, 0x00, 0x00, 0x00, 0x00, 0x00, 0x00, 0x00, 0x00, 0x00, 0x00, 0x00,
    0x00, 0x00, 0x00, 0x00, 0x00, 0x00, 0x00, 0x00, 0x00, 0x00, 0x00, 0x00, 0x00, 0x00, 0x00, 0x00,
    0x00, 0x00, 0x00, 0x00, 0x00, 0x00, 0x00, 0x00, 0x00, 0x00, 0x00, 0x00, 0x00, 0x00, 0x00, 0x00,
    0x00, 0x00, 0x00, 0x00, 0x00, 0x00, 0x00, 0x00, 0x00, 0x00, 0x00, 0x00, 0x00, 0x00, 0x00, 0x00,
    0x00, 0x00, 0x00, 0x00, 0x00, 0x00, 0x00, 0x00, 0x00, 0x00, 0x00, 0x00, 0x00, 0x00, 0x00, 0x00,
    0x00, 0x00, 0x00, 0x00, 0x00, 0x00, 0x00, 0x00, 0x00, 0x00, 0x00, 0x00, 0x00, 0x00, 0x00, 0x00,
    0x00, 0x00, 0x00, 0x00, 0x00, 0x00, 0x00, 0x00, 0x00, 0x00, 0x00, 0x00, 0x00, 0x00, 0x00, 0x00,
    0x00, 0x00, 0x00, 0x00, 0x00, 0x00, 0x00, 0x00, 0x00, 0x00, 0x00, 0x00, 0x00, 0x00, 0x00, 0x00,
    0x00, 0x00, 0x00, 0x00, 0x00, 0x00, 0x00, 0x00, 0x00, 0x00, 0x00, 0x00, 0x00, 0x00, 0x00, 0x00,
    0x00, 0x00, 0x00, 0x00, 0x00, 0x00, 0x00, 0x00, 0x00, 0x00, 0x00, 0x00, 0x00, 0x00, 0x00, 0x20,
    0x00, 0x20, 0x00, 0x21, 0x00, 0x41, 0x00, 0x41, 0x00, 0x21, 0x00, 0x20, 0x00, 0x21, 0x00, 0x20,
    0x00, 0x20, 0x00, 0x20, 0x00, 0x20, 0x00, 0x20, 0x00, 0x21, 0x08, 0x41, 0x08, 0x41, 0x08, 0x41,
    0x00, 0x41, 0x00, 0x20, 0x00, 0x41, 0x00, 0x20, 0x00, 0x20, 0x00, 0x20, 0x00, 0x20, 0x00, 0x20,
    0x00, 0x41, 0x08, 0x41, 0x08, 0x41, 0x08, 0x41, 0x08, 0x41, 0x00, 0x21, 0x08, 0x41, 0x00, 0x21,
    0x00, 0x20, 0x00, 0x20, 0x00, 0x20, 0x00, 0x20, 0x08, 0x41, 0x08, 0x41, 0x08, 0x41, 0x08, 0x41,
    0x08, 0x41, 0x00, 0x21, 0x08, 0x41, 0x00, 0x21, 0x00, 0x20, 0x00, 0x20, 0x00, 0x20, 0x00, 0x20,
    0x08, 0x41, 0x08, 0x41, 0x08, 0x41, 0x08, 0x41, 0x08, 0x41, 0x00, 0x21, 0x08, 0x41, 0x00, 0x21,
    0x00, 0x20, 0x00, 0x20, 0x00, 0x20, 0x00, 0x20, 0x08, 0x41, 0x08, 0x41, 0x08, 0x41, 0x08, 0x41,
    0x08, 0x41, 0x00, 0x21, 0x08, 0x41, 0x00, 0x21, 0x00, 0x20, 0x00, 0x20, 0x00, 0x20, 0x00, 0x20,
    0x00, 0x41, 0x08, 0x41, 0x08, 0x41, 0x08, 0x41, 0x00, 0x41, 0x00, 0x20, 0x00, 0x41, 0x00, 0x20,
    0x00, 0x20, 0x00, 0x20, 0x00, 0x20, 0x00, 0x20, 0x00, 0x21, 0x08, 0x41, 0x08, 0x41, 0x00, 0x41,
    0x00, 0x21, 0x00, 0x20, 0x00, 0x21, 0x00, 0x20, 0x00, 0x20, 0x00, 0x20, 0x00, 0x20, 0x00, 0x20,
    0x00, 0x20, 0x00, 0x00, 0x00, 0x00, 0x00, 0x00, 0x00, 0x00, 0x00, 0x00, 0x00, 0x00, 0x00, 0x00,
    0x00, 0x00, 0x00, 0x00, 0x00, 0x00, 0x00, 0x00, 0x00, 0x00, 0x00, 0x00, 0x00, 0x00, 0x00, 0x00,
    0x00, 0x00, 0x00, 0x00, 0x00, 0x00, 0x00, 0x00, 0x00, 0x00, 0x00, 0x00, 0x00, 0x00, 0x00, 0x00,
    0x00, 0x00, 0x00, 0x00, 0x00, 0x00, 0x00, 0x00, 0x00, 0x00, 0x00, 0x00, 0x00, 0x00, 0x00, 0x00,
    0x00, 0x00, 0x00, 0x00, 0x00, 0x00, 0x00, 0x00, 0x00, 0x00, 0x00, 0x00, 0x00, 0x00, 0x00, 0x00,
    0x00, 0x00, 0x00, 0x00, 0x00, 0x00, 0x00, 0x00, 0x00, 0x00, 0x00, 0x00, 0x00, 0x00, 0x00, 0x00,
    0x00, 0x00, 0x00, 0x00, 0x00, 0x00, 0x00, 0x00, 0x00, 0x00, 0x00, 0x00, 0x00, 0x00, 0x00, 0x00,
    0x00, 0x00, 0x00, 0x00, 0x00, 0x00, 0x00, 0x00, 0x00, 0x00, 0x00, 0x00, 0x00, 0x00, 0x00, 0x00,
    0x00, 0x00, 0x00, 0x00, 0x00, 0x00, 0x00, 0x00, 0x00, 0x00, 0x00, 0x00, 0x00, 0x00, 0x00, 0x00,
    0x00, 0x00, 0x00, 0x00, 0x00, 0x00, 0x00, 0x00, 0x00, 0x00, 0x00, 0x00, 0x00, 0x00, 0x00, 0x00,
    0x00, 0x00, 0x00, 0x00, 0x00, 0x00, 0x00, 0x00, 0x00, 0x00, 0x00, 0x00, 0x00, 0x00, 0x00, 0x00,
    0x00, 0x00, 0x00, 0x00, 0x00, 0x00, 0x00, 0x00, 0x00, 0x00, 0x00, 0x00, 0x00, 0x00, 0x00, 0x00,
    0x00, 0x00, 0x00, 0x00, 0x00, 0x00, 0x00, 0x00, 0x00, 0x00, 0x00, 0x00, 0x00, 0x00, 0x00, 0x00,
    0x00, 0x00, 0x00, 0x00, 0x00, 0x00, 0x00, 0x00, 0x00, 0x00, 0x00, 0x00, 0x00, 0x00, 0x00, 0x00,
    0x00, 0x00, 0x00, 0x00, 0x00, 0x00, 0x00, 0x00, 0x00, 0x00, 0x00, 0x00, 0x00, 0x00, 0x00, 0x00,
    0x00, 0x00, 0x00, 0x00, 0x00, 0x00, 0x00, 0x00, 0x00, 0x00, 0x00, 0x00, 0x00, 0x00, 0x00, 0x00,
    0x00, 0x00, 0x00, 0x00, 0x00, 0x00, 0x00, 0x00, 0x00, 0x00, 0x00, 0x00, 0x00, 0x00, 0x00, 0x00,
    0x00, 0x00, 0x00, 0x00, 0x00, 0x00, 0x00, 0x00, 0x00, 0x00, 0x00, 0x00, 0x00, 0x00, 0x00, 0x00,
    0x00, 0x00, 0x00, 0x41, 0x00, 0x21, 0x00, 0x20, 0x00, 0x20, 0x00, 0x20, 0x00, 0x41, 0x00, 0x21,
    0x00, 0x20, 0x00, 0x20, 0x00, 0x20, 0x00, 0x20, 0x08, 0x41, 0x08, 0x41, 0x08, 0x41, 0x00, 0x21,
    0x00, 0x20, 0x00, 0x20, 0x08, 0x41, 0x00, 0x41, 0x00, 0x20, 0x00, 0x20, 0x00, 0x20, 0x00, 0x20,
    0x08, 0x41, 0x08, 0x41, 0x08, 0x41, 0x00, 0x41, 0x00, 0x21, 0x00, 0x20, 0x08, 0x41, 0x08, 0x41,
    0x00, 0x21, 0x00, 0x20, 0x00, 0x20, 0x00, 0x20, 0x08, 0x41, 0x08, 0x41, 0x08, 0x41, 0x08, 0x41,
    0x00, 0x21, 0x00, 0x20, 0x08, 0x41, 0x08, 0x41, 0x00, 0x21, 0x00, 0x20, 0x00, 0x20, 0x00, 0x20,
    0x08, 0x41, 0x08, 0x41, 0x08, 0x41, 0x08, 0x41, 0x00, 0x21, 0x00, 0x20, 0x08, 0x41, 0x08, 0x41,
    0x00, 0x21, 0x00, 0x20, 0x00, 0x20, 0x00, 0x20, 0x08, 0x41, 0x08, 0x41, 0x08, 0x41, 0x08, 0x41,
    0x00, 0x21, 0x00, 0x20, 0x08, 0x41, 0x00, 0x41, 0x00, 0x21, 0x00, 0x20, 0x00, 0x20, 0x00, 0x20,
    0x08, 0x41, 0x08, 0x41, 0x08, 0x41, 0x00, 0x41, 0x00, 0x20, 0x00, 0x20, 0x08, 0x41, 0x00, 0x21,
    0x00, 0x20, 0x00, 0x20, 0x00, 0x20, 0x00, 0x20, 0x00, 0x41, 0x08, 0x41, 0x00, 0x41, 0x00, 0x21,
    0x00, 0x20, 0x00, 0x20, 0x00, 0x41, 0x00, 0x20, 0x00, 0x20, 0x00, 0x20, 0x00, 0x20, 0x00, 0x00,
    0x00, 0x00, 0x00, 0x00, 0x00, 0x00, 0x00, 0x00, 0x00, 0x00, 0x00, 0x00, 0x00, 0x00, 0x00, 0x00,
    0x00, 0x00, 0x00, 0x00, 0x00, 0x00, 0x00, 0x00, 0x00, 0x00, 0x00, 0x00, 0x00, 0x00, 0x00, 0x00,
    0x00, 0x00, 0x00, 0x00, 0x00, 0x00, 0x00, 0x00, 0x00, 0x00, 0x00, 0x00, 0x00, 0x00, 0x00, 0x00,
    0x00, 0x00, 0x00, 0x00, 0x00, 0x00, 0x00, 0x00, 0x00, 0x00, 0x00, 0x00, 0x00, 0x00, 0x00, 0x00,
    0x00, 0x00, 0x00, 0x00, 0x00, 0x00, 0x00, 0x00, 0x00, 0x00, 0x00, 0x00, 0x00, 0x00, 0x00, 0x00,
    0x00, 0x00, 0x00, 0x00, 0x00, 0x00, 0x00, 0x00, 0x00, 0x00, 0x00, 0x00, 0x00, 0x00, 0x00, 0x00,
    0x00, 0x00, 0x00, 0x00, 0x00, 0x00, 0x00, 0x00, 0x00, 0x00, 0x00, 0x00, 0x00, 0x00, 0x00, 0x00,
    0x00, 0x00, 0x00, 0x00, 0x00, 0x00, 0x00, 0x00, 0x00, 0x00, 0x00, 0x00, 0x00, 0x00, 0x00, 0x00,
    0x00, 0x00, 0x00, 0x00, 0x00, 0x00, 0x00, 0x00, 0x00, 0x00, 0x00, 0x00, 0x00, 0x00, 0x00, 0x00,
    0x00, 0x00, 0x00, 0x00, 0x00, 0x00, 0x00, 0x00, 0x00, 0x00, 0x00, 0x00, 0x00, 0x00, 0x00, 0x00,
    0x00, 0x00, 0x00, 0x00, 0x00, 0x00, 0x00, 0x00, 0x00, 0x00, 0x00, 0x00, 0x00, 0x00, 0x00, 0x00,
    0x00, 0x00, 0x00, 0x00, 0x00, 0x00, 0x00, 0x00, 0x00, 0x00, 0x00, 0x00, 0x00, 0x00, 0x00, 0x00,
    0x00, 0x00, 0x00, 0x00, 0x00, 0x00, 0x00, 0x00, 0x00, 0x00, 0x00, 0x00, 0x00, 0x00, 0x00, 0x00,
    0x00, 0x00, 0x00, 0x00, 0x00, 0x00, 0x00, 0x00, 0x00, 0x00, 0x00, 0x00, 0x00, 0x00, 0x00, 0x00,
    0x00, 0x00, 0x00, 0x00, 0x00, 0x00, 0x00, 0x00, 0x00, 0x00, 0x00, 0x00, 0x00, 0x00, 0x00, 0x00,
    0x00, 0x00, 0x00, 0x00, 0x00, 0x00, 0x00, 0x00, 0x00, 0x00, 0x00, 0x00, 0x00, 0x00, 0x00, 0x00,
    0x00, 0x00, 0x00, 0x00, 0x00, 0x00, 0x00, 0x00, 0x00, 0x00, 0x00, 0x00, 0x00, 0x00, 0x00, 0x00,
    0x00, 0x00, 0x00, 0x00, 0x00, 0x00, 0x00, 0x00, 0x00, 0x00, 0x00, 0x00, 0x00, 0x00, 0x00, 0x00,
    0x00, 0x00, 0x00, 0x00, 0x00, 0x00, 0x00, 0x00, 0x00, 0x20, 0x00, 0x20, 0x00, 0x41, 0x00, 0x41,
    0x00, 0x21, 0x00, 0x20, 0x00, 0x20, 0x00, 0x20, 0x08, 0x41, 0x00, 0x41, 0x00, 0x21, 0x00, 0x20,
    0x00, 0x20, 0x00, 0x20, 0x08, 0x41, 0x08, 0x41, 0x00, 0x21, 0x00, 0x20, 0x00, 0x20, 0x00, 0x20,
    0x08, 0x41, 0x08, 0x41, 0x00, 0x41, 0x00, 0x20, 0x00, 0x20, 0x00, 0x20, 0x08, 0x41, 0x08, 0x41,
    0x00, 0x41, 0x00, 0x21, 0x00, 0x20, 0x00, 0x20, 0x08, 0x41, 0x08, 0x41, 0x08, 0x41, 0x00, 0x21,
    0x00, 0x20, 0x00, 0x20, 0x08, 0x41, 0x08, 0x41, 0x08, 0x41, 0x00, 0x21, 0x00, 0x20, 0x00, 0x20,
    0x08, 0x41, 0x08, 0x41, 0x08, 0x41, 0x00, 0x21, 0x00, 0x20, 0x00, 0x20, 0x08, 0x41, 0x08, 0x41,
    0x08, 0x41, 0x00, 0x21, 0x00, 0x20, 0x00, 0x20, 0x08, 0x41, 0x08, 0x41, 0x00, 0x41, 0x00, 0x20,
    0x00, 0x20, 0x00, 0x20, 0x08, 0x41, 0x08, 0x41, 0x00, 0x41, 0x00, 0x20, 0x00, 0x20, 0x00, 0x20,
    0x08, 0x41, 0x08, 0x41, 0x00, 0x41, 0x00, 0x20, 0x00, 0x20, 0x00, 0x20, 0x08, 0x41, 0x08, 0x41,
    0x00, 0x21, 0x00, 0x20, 0x00, 0x20, 0x00, 0x20, 0x08, 0x41, 0x00, 0x41, 0x00, 0x21, 0x00, 0x20,
    0x00, 0x20, 0x00, 0x20, 0x00, 0x41, 0x00, 0x21, 0x00, 0x00, 0x00, 0x00, 0x00, 0x00, 0x00, 0x00,
    0x00, 0x00, 0x00, 0x00, 0x00, 0x00, 0x00, 0x00, 0x00, 0x00, 0x00, 0x00, 0x00, 0x00, 0x00, 0x00,
    0x00, 0x00, 0x00, 0x00, 0x00, 0x00, 0x00, 0x00, 0x00, 0x00, 0x00, 0x00, 0x00, 0x00, 0x00, 0x00,
    0x00, 0x00, 0x00, 0x00, 0x00, 0x00, 0x00, 0x00, 0x00, 0x00, 0x00, 0x00, 0x00, 0x00, 0x00, 0x00,
    0x00, 0x00, 0x00, 0x00, 0x00, 0x00, 0x00, 0x00, 0x00, 0x00, 0x00, 0x00, 0x00, 0x00, 0x00, 0x00,
    0x00, 0x00, 0x00, 0x00, 0x00, 0x00, 0x00, 0x00, 0x00, 0x00, 0x00, 0x00, 0x00, 0x00, 0x00, 0x00,
    0x00, 0x00, 0x00, 0x00, 0x00, 0x00, 0x00, 0x00, 0x00, 0x00, 0x00, 0x00, 0x00, 0x00, 0x00, 0x00,
    0x00, 0x00, 0x00, 0x00, 0x00, 0x00, 0x00, 0x00, 0x00, 0x00, 0x00, 0x00, 0x00, 0x00, 0x00, 0x00,
    0x00, 0x00, 0x00, 0x00, 0x00, 0x00, 0x00, 0x00, 0x00, 0x00, 0x00, 0x00, 0x00, 0x00, 0x00, 0x00,
    0x00, 0x00, 0x00, 0x00, 0x00, 0x00, 0x00, 0x00, 0x00, 0x00, 0x00, 0x00, 0x00, 0x00, 0x00, 0x00,
    0x00, 0x00, 0x00, 0x00, 0x00, 0x00, 0x00, 0x00, 0x00, 0x00, 0x00, 0x00, 0x00, 0x00, 0x00, 0x00,
    0x00, 0x00, 0x00, 0x00, 0x00, 0x00, 0x00, 0x00, 0x00, 0x00, 0x00, 0x00, 0x00, 0x00, 0x00, 0x00,
    0x00, 0x00, 0x00, 0x00, 0x00, 0x00, 0x00, 0x00, 0x00, 0x00, 0x00, 0x00, 0x00, 0x00, 0x00, 0x00,
    0x00, 0x00, 0x00, 0x00, 0x00, 0x00, 0x00, 0x00, 0x00, 0x00, 0x00, 0x00, 0x00, 0x00, 0x00, 0x00,
    0x00, 0x00, 0x00, 0x00, 0x00, 0x00, 0x00, 0x00, 0x00, 0x00, 0x00, 0x00, 0x00, 0x00, 0x00, 0x00,
    0x00, 0x00, 0x00, 0x00, 0x00, 0x00, 0x00, 0x00, 0x00, 0x00, 0x00, 0x00, 0x00, 0x00, 0x00, 0x00,
    0x00, 0x00, 0x00, 0x00, 0x00, 0x00, 0x00, 0x00, 0x00, 0x00, 0x00, 0x00, 0x00, 0x00, 0x00, 0x00,
    0x00, 0x00, 0x00, 0x00, 0x00, 0x00, 0x00, 0x00, 0x00, 0x00, 0x00, 0x00, 0x00, 0x00, 0x00, 0x00,
    0x00, 0x00, 0x00, 0x00, 0x00, 0x00, 0x00, 0x00, 0x00, 0x00, 0x00, 0x00, 0x00, 0x00, 0x00, 0x00,
    0x00, 0x00, 0x00, 0x00, 0x00, 0x00, 0x00, 0x00, 0x00, 0x00, 0x00, 0x00, 0x00, 0x21, 0x00, 0x41,
    0x00, 0x21, 0x00, 0x20, 0x00, 0x20, 0x00, 0x20, 0x00, 0x41, 0x00, 0x21, 0x00, 0x20, 0x00, 0x20,
    0x00, 0x20, 0x00, 0x20, 0x00, 0x41, 0x08, 0x41, 0x08, 0x41, 0x00, 0x21, 0x00, 0x20, 0x00, 0x20,
    0x08, 0x41, 0x00, 0x41, 0x00, 0x20, 0x00, 0x20, 0x00, 0x20, 0x00, 0x20, 0x08, 0x41, 0x08, 0x41,
    0x08, 0x41, 0x00, 0x41, 0x00, 0x20, 0x00, 0x20, 0x08, 0x41, 0x00, 0x41, 0x00, 0x20, 0x00, 0x20,
    0x00, 0x20, 0x00, 0x20, 0x08, 0x41, 0x08, 0x41, 0x08, 0x41, 0x00, 0x41, 0x00, 0x21, 0x00, 0x20,
    0x08, 0x41, 0x00, 0x41, 0x00, 0x21, 0x00, 0x20, 0x00, 0x20, 0x00, 0x20, 0x08, 0x41, 0x08, 0x41,
    0x08, 0x41, 0x00, 0x41, 0x00, 0x20, 0x00, 0x20, 0x08, 0x41, 0x00, 0x41, 0x00, 0x20, 0x00, 0x20,
    0x00, 0x20, 0x00, 0x20, 0x08, 0x41, 0x08, 0x41, 0x08, 0x41, 0x00, 0x41, 0x00, 0x20, 0x00, 0x20,
    0x08, 0x41, 0x00, 0x21, 0x00, 0x20, 0x00, 0x20, 0x00, 0x20, 0x00, 0x20, 0x00, 0x41, 0x08, 0x41,
    0x00, 0x41, 0x00, 0x21, 0x00, 0x20, 0x00, 0x20, 0x00, 0x41, 0x00, 0x21, 0x00, 0x20, 0x00, 0x20,
    0x00, 0x20, 0x00, 0x20, 0x00, 0x00, 0x00, 0x00, 0x00, 0x00, 0x00, 0x00, 0x00, 0x00, 0x00, 0x00,
    0x00, 0x00, 0x00, 0x00, 0x00, 0x00, 0x00, 0x00, 0x00, 0x00, 0x00, 0x00, 0x00, 0x00, 0x00, 0x00,
    0x00, 0x00, 0x00, 0x00, 0x00, 0x00, 0x00, 0x00, 0x00, 0x00, 0x00, 0x00, 0x00, 0x00, 0x00, 0x00,
    0x00, 0x00, 0x00, 0x00, 0x00, 0x00, 0x00, 0x00, 0x00, 0x00, 0x00, 0x00, 0x00, 0x00, 0x00, 0x00,
    0x00, 0x00, 0x00, 0x00, 0x00, 0x00, 0x00, 0x00, 0x00, 0x00, 0x00, 0x00, 0x00, 0x00, 0x00, 0x00,
    0x00, 0x00, 0x00, 0x00, 0x00, 0x00, 0x00, 0x00, 0x00, 0x00, 0x00, 0x00, 0x00, 0x00, 0x00, 0x00,
    0x00, 0x00, 0x00, 0x00, 0x00, 0x00, 0x00, 0x00, 0x00, 0x00, 0x00, 0x00, 0x00, 0x00, 0x00, 0x00,
    0x00, 0x00, 0x00, 0x00, 0x00, 0x00, 0x00, 0x00, 0x00, 0x00, 0x00, 0x00, 0x00, 0x00, 0x00, 0x00,
    0x00, 0x00, 0x00, 0x00, 0x00, 0x00, 0x00, 0x00, 0x00, 0x00, 0x00, 0x00, 0x00, 0x00, 0x00, 0x00,
    0x00, 0x00, 0x00, 0x00, 0x00, 0x00, 0x00, 0x00, 0x00, 0x00, 0x00, 0x00, 0x00, 0x00, 0x00, 0x00,
    0x00, 0x00, 0x00, 0x00, 0x00, 0x00, 0x00, 0x00, 0x00, 0x00, 0x00, 0x00, 0x00, 0x00, 0x00, 0x00,
    0x00, 0x00, 0x00, 0x00, 0x00, 0x00, 0x00, 0x00, 0x00, 0x00, 0x00, 0x00, 0x00, 0x00, 0x00, 0x00,
    0x00, 0x00, 0x00, 0x00, 0x00, 0x00, 0x00, 0x00, 0x00, 0x00, 0x00, 0x00, 0x00, 0x00, 0x00, 0x00,
    0x00, 0x00, 0x00, 0x00, 0x00, 0x00, 0x00, 0x00, 0x00, 0x00, 0x00, 0x00, 0x00, 0x00, 0x00, 0x00,
    0x00, 0x00, 0x00, 0x00, 0x00, 0x00, 0x00, 0x00, 0x00, 0x00, 0x00, 0x00, 0x00, 0x00, 0x00, 0x00,
    0x00, 0x00, 0x00, 0x00, 0x00, 0x00, 0x00, 0x00, 0x00, 0x00, 0x00, 0x00, 0x00, 0x00, 0x00, 0x00,
    0x00, 0x00, 0x00, 0x00, 0x00, 0x00, 0x00, 0x00, 0x00, 0x00, 0x00, 0x00, 0x00, 0x00, 0x00, 0x00,
    0x00, 0x00, 0x00, 0x00, 0x00, 0x00, 0x00, 0x00, 0x00, 0x00, 0x00, 0x00, 0x00, 0x00, 0x00, 0x00,
    0x00, 0x00, 0x00, 0x00, 0x00, 0x00, 0x00, 0x00, 0x00, 0x00, 0x00, 0x00, 0x00, 0x00, 0x00, 0x00,
    0x00, 0x00, 0x00, 0x00, 0x00, 0x00, 0x00, 0x00, 0x00, 0x00, 0x00, 0x00, 0x00, 0x00, 0x00, 0x00,
    0x00, 0x00, 0x00, 0x21, 0x00, 0x20, 0x00, 0x20, 0x00, 0x20, 0x00, 0x20, 0x00, 0x20, 0x00, 0x20,
    0x00, 0x20, 0x00, 0x20, 0x00, 0x21, 0x00, 0x41, 0x08, 0x41, 0x00, 0x41, 0x00, 0x21, 0x00, 0x20,
    0x00, 0x21, 0x00, 0x20, 0x00, 0x20, 0x00, 0x20, 0x00, 0x20, 0x00, 0x20, 0x00, 0x21, 0x08, 0x41,
    0x08, 0x41, 0x08, 0x41, 0x00, 0x41, 0x00, 0x20, 0x00, 0x41, 0x00, 0x20, 0x00, 0x20, 0x00, 0x20,
    0x00, 0x20, 0x00, 0x20, 0x00, 0x41, 0x08, 0x41, 0x08, 0x41, 0x08, 0x41, 0x00, 0x41, 0x00, 0x20,
    0x00, 0x41, 0x00, 0x20, 0x00, 0x20, 0x00, 0x20, 0x00, 0x20, 0x00, 0x20, 0x00, 0x41, 0x08, 0x41,
    0x08, 0x41, 0x08, 0x41, 0x00, 0x41, 0x00, 0x20, 0x00, 0x41, 0x00, 0x20, 0x00, 0x20, 0x00, 0x20,
    0x00, 0x20, 0x00, 0x20, 0x00, 0x21, 0x08, 0x41, 0x08, 0x41, 0x08, 0x41, 0x00, 0x21, 0x00, 0x20,
    0x00, 0x21, 0x00, 0x20, 0x00, 0x20, 0x00, 0x20, 0x00, 0x20, 0x00, 0x20, 0x00, 0x21, 0x00, 0x41,
    0x00, 0x41, 0x00, 0x41, 0x00, 0x21, 0x00, 0x20, 0x00, 0x20, 0x00, 0x20, 0x00, 0x20, 0x00, 0x00,
    0x00, 0x00, 0x00, 0x00, 0x00, 0x00, 0x00, 0x00, 0x00, 0x00, 0x00, 0x00, 0x00, 0x00, 0x00, 0x00,
    0x00, 0x00, 0x00, 0x00, 0x00, 0x00, 0x00, 0x00, 0x00, 0x00, 0x00, 0x00, 0x00, 0x00, 0x00, 0x00,
    0x00, 0x00, 0x00, 0x00, 0x00, 0x00, 0x00, 0x00, 0x00, 0x00, 0x00, 0x00, 0x00, 0x00, 0x00, 0x00,
    0x00, 0x00, 0x00, 0x00, 0x00, 0x00, 0x00, 0x00, 0x00, 0x00, 0x00, 0x00, 0x00, 0x00, 0x00, 0x00,
    0x00, 0x00, 0x00, 0x00, 0x00, 0x00, 0x00, 0x00, 0x00, 0x00, 0x00, 0x00, 0x00, 0x00, 0x00, 0x00,
    0x00, 0x00, 0x00, 0x00, 0x00, 0x00, 0x00, 0x00, 0x00, 0x00, 0x00, 0x00, 0x00, 0x00, 0x00, 0x00,
    0x00, 0x00, 0x00, 0x00, 0x00, 0x00, 0x00, 0x00, 0x00, 0x00, 0x00, 0x00, 0x00, 0x00, 0x00, 0x00,
    0x00, 0x00, 0x00, 0x00, 0x00, 0x00, 0x00, 0x00, 0x00, 0x00, 0x00, 0x00, 0x00, 0x00, 0x00, 0x00,
    0x00, 0x00, 0x00, 0x00, 0x00, 0x00, 0x00, 0x00, 0x00, 0x00, 0x00, 0x00, 0x00, 0x00, 0x00, 0x00,
    0x00, 0x00, 0x00, 0x00, 0x00, 0x00, 0x00, 0x00, 0x00, 0x00, 0x00, 0x00, 0x00, 0x00, 0x00, 0x00,
    0x00, 0x00, 0x00, 0x00, 0x00, 0x00, 0x00, 0x00, 0x00, 0x00, 0x00, 0x00, 0x00, 0x00, 0x00, 0x00,
    0x00, 0x00, 0x00, 0x00, 0x00, 0x00, 0x00, 0x00, 0x00, 0x00, 0x00, 0x00, 0x00, 0x00, 0x00, 0x00,
    0x00, 0x00, 0x00, 0x00, 0x00, 0x00, 0x00, 0x00, 0x00, 0x00, 0x00, 0x00, 0x00, 0x00, 0x00, 0x00,
    0x00, 0x00, 0x00, 0x00, 0x00, 0x00, 0x00, 0x00, 0x00, 0x00, 0x00, 0x00, 0x00, 0x00, 0x00, 0x00,
    0x00, 0x00, 0x00, 0x00, 0x00, 0x00, 0x00, 0x00, 0x00, 0x00, 0x00, 0x00, 0x00, 0x00, 0x00, 0x00,
    0x00, 0x00, 0x00, 0x00, 0x00, 0x00, 0x00, 0x00, 0x00, 0x00, 0x00, 0x00, 0x00, 0x00, 0x00, 0x00,
    0x00, 0x00, 0x00, 0x00, 0x00, 0x00, 0x00, 0x00, 0x00, 0x00, 0x00, 0x00, 0x00, 0x00, 0x00, 0x00,
    0x00, 0x00, 0x00, 0x00, 0x00, 0x00, 0x00, 0x00, 0x00, 0x00, 0x00, 0x00, 0x00, 0x00, 0x00, 0x00,
    0x00, 0x00, 0x00, 0x00, 0x00, 0x00, 0x00, 0x00, 0x00, 0x00, 0x00, 0x00, 0x00, 0x00, 0x00, 0x00,
    0x00, 0x00, 0x00, 0x00, 0x00, 0x00, 0x00, 0x00, 0x00, 0x00, 0x00, 0x00, 0x00, 0x00, 0x00, 0x00,
    0x00, 0x00, 0x00, 0x00, 0x00, 0x00, 0x00, 0x00, 0x00, 0x20, 0x00, 0x20, 0x00, 0x20, 0x00, 0x20,
    0x00, 0x20, 0x00, 0x20, 0x00, 0x20, 0x00, 0x21, 0x00, 0x41, 0x08, 0x41, 0x00, 0x41, 0x00, 0x21,
    0x00, 0x20, 0x00, 0x20, 0x00, 0x20, 0x00, 0x20, 0x00, 0x20, 0x00, 0x20, 0x00, 0x20, 0x00, 0x21,
    0x08, 0x41, 0x08, 0x41, 0x08, 0x41, 0x00, 0x21, 0x00, 0x20, 0x00, 0x20, 0x00, 0x20, 0x00, 0x20,
    0x00, 0x20, 0x00, 0x20, 0x00, 0x20, 0x00, 0x41, 0x08, 0x41, 0x08, 0x41, 0x08, 0x41, 0x00, 0x41,
    0x00, 0x20, 0x00, 0x20, 0x00, 0x20, 0x00, 0x20, 0x00, 0x20, 0x00, 0x20, 0x00, 0x20, 0x00, 0x41,
    0x08, 0x41, 0x08, 0x41, 0x08, 0x41, 0x00, 0x21, 0x00, 0x20, 0x00, 0x20, 0x00, 0x20, 0x00, 0x20,
    0x00, 0x20, 0x00, 0x20, 0x00, 0x20, 0x00, 0x21, 0x00, 0x41, 0x08, 0x41, 0x00, 0x41, 0x00, 0x21,
    0x00, 0x20, 0x00, 0x20, 0x00, 0x20, 0x00, 0x20, 0x00, 0x20, 0x00, 0x20, 0x00, 0x20, 0x00, 0x20,
    0x00, 0x21, 0x00, 0x41, 0x00, 0x21, 0x00, 0x20, 0x00, 0x00, 0x00, 0x00, 0x00, 0x00, 0x00, 0x00,
    0x00, 0x00, 0x00, 0x00, 0x00, 0x00, 0x00, 0x00, 0x00, 0x00, 0x00, 0x00, 0x00, 0x00, 0x00, 0x00,
    0x00, 0x00, 0x00, 0x00, 0x00, 0x00, 0x00, 0x00, 0x00, 0x00, 0x00, 0x00, 0x00, 0x00, 0x00, 0x00,
    0x00, 0x00, 0x00, 0x00, 0x00, 0x00, 0x00, 0x00, 0x00, 0x00, 0x00, 0x00, 0x00, 0x00, 0x00, 0x00,
    0x00, 0x00, 0x00, 0x00, 0x00, 0x00, 0x00, 0x00, 0x00, 0x00, 0x00, 0x00, 0x00, 0x00, 0x00, 0x00,
    0x00, 0x00, 0x00, 0x00, 0x00, 0x00, 0x00, 0x00, 0x00, 0x00, 0x00, 0x00, 0x00, 0x00, 0x00, 0x00,
    0x00, 0x00, 0x00, 0x00, 0x00, 0x00, 0x00, 0x00, 0x00, 0x00, 0x00, 0x00, 0x00, 0x00, 0x00, 0x00,
    0x00, 0x00, 0x00, 0x00, 0x00, 0x00, 0x00, 0x00, 0x00, 0x00, 0x00, 0x00, 0x00, 0x00, 0x00, 0x00,
    0x00, 0x00, 0x00, 0x00, 0x00, 0x00, 0x00, 0x00, 0x00, 0x00, 0x00, 0x00, 0x00, 0x00, 0x00, 0x00,
    0x00, 0x00, 0x00, 0x00, 0x00, 0x00, 0x00, 0x00, 0x00, 0x00, 0x00, 0x00, 0x00, 0x00, 0x00, 0x00,
    0x00, 0x00, 0x00, 0x00, 0x00, 0x00, 0x00, 0x00, 0x00, 0x00, 0x00, 0x00, 0x00, 0x00, 0x00, 0x00,
    0x00, 0x00, 0x00, 0x00, 0x00, 0x00, 0x00, 0x00, 0x00, 0x00, 0x00, 0x00, 0x00, 0x00, 0x00, 0x00,
    0x00, 0x00, 0x00, 0x00, 0x00, 0x00, 0x00, 0x00, 0x00, 0x00, 0x00, 0x00, 0x00, 0x00, 0x00, 0x00,
    0x00, 0x00, 0x00, 0x00, 0x00, 0x00, 0x00, 0x00, 0x00, 0x00, 0x00, 0x00, 0x00, 0x00, 0x00, 0x00,
    0x00, 0x00, 0x00, 0x00, 0x00, 0x00, 0x00, 0x00, 0x00, 0x00, 0x00, 0x00, 0x00, 0x00, 0x00, 0x00,
    0x00, 0x00, 0x00, 0x00, 0x00, 0x00, 0x00, 0x00, 0x00, 0x00, 0x00, 0x00, 0x00, 0x00, 0x00, 0x00,
    0x00, 0x00, 0x00, 0x00, 0x00, 0x00, 0x00, 0x00, 0x00, 0x00, 0x00, 0x00, 0x00, 0x00, 0x00, 0x00,
    0x00, 0x00, 0x00, 0x00, 0x00, 0x00, 0x00, 0x00, 0x00, 0x00, 0x00, 0x00, 0x00, 0x00, 0x00, 0x00,
    0x00, 0x00, 0x00, 0x00, 0x00, 0x00, 0x00, 0x00, 0x00, 0x00, 0x00, 0x00, 0x00, 0x00, 0x00, 0x00,
    0x00, 0x00, 0x00, 0x00, 0x00, 0x00, 0x00, 0x00, 0x00, 0x00, 0x00, 0x00, 0x00, 0x00, 0x00, 0x00,
    0x00, 0x00, 0x00, 0x00, 0x00, 0x00, 0x00, 0x00, 0x00, 0x00, 0x00, 0x00, 0x00, 0x00, 0x00, 0x00,
    0x00, 0x00, 0x00, 0x00, 0x00, 0x00, 0x00, 0x00, 0x00, 0x00, 0x00, 0x00, 0x00, 0x00, 0x00, 0x20,
    0x00, 0x20, 0x00, 0x20, 0x00, 0x20, 0x00, 0x21, 0x00, 0x41, 0x00, 0x41, 0x00, 0x21, 0x00, 0x20,
    0x00, 0x21, 0x00, 0x20, 0x00, 0x20, 0x00, 0x20, 0x00, 0x20, 0x00, 0x20, 0x00, 0x21, 0x00, 0x41,
    0x08, 0x41, 0x00, 0x41, 0x00, 0x21, 0x00, 0x20, 0x00, 0x21, 0x00, 0x20, 0x00, 0x20, 0x00, 0x20,
    0x00, 0x20, 0x00, 0x20, 0x00, 0x21, 0x08, 0x41, 0x08, 0x41, 0x08, 0x41, 0x00, 0x21, 0x00, 0x20,
    0x00, 0x21, 0x00, 0x20, 0x00, 0x20, 0x00, 0x20, 0x00, 0x20, 0x00, 0x20, 0x00, 0x21, 0x08, 0x41,
    0x08, 0x41, 0x08, 0x41, 0x00, 0x21, 0x00, 0x20, 0x00, 0x21, 0x00, 0x20, 0x00, 0x20, 0x00, 0x20,
    0x00, 0x20, 0x00, 0x20, 0x00, 0x21, 0x00, 0x41, 0x08, 0x41, 0x00, 0x41, 0x00, 0x21, 0x00, 0x20,
    0x00, 0x21, 0x00, 0x20, 0x00, 0x20, 0x00, 0x20, 0x00, 0x20, 0x00, 0x20, 0x00, 0x20, 0x00, 0x21,
    0x00, 0x21, 0x00, 0x00, 0x00, 0x00, 0x00, 0x00, 0x00, 0x00, 0x00, 0x00, 0x00, 0x00, 0x00, 0x00,
    0x00, 0x00, 0x00, 0x00, 0x00, 0x00, 0x00, 0x00, 0x00, 0x00, 0x00, 0x00, 0x00, 0x00, 0x00, 0x00,
    0x00, 0x00, 0x00, 0x00, 0x00, 0x00, 0x00, 0x00, 0x00, 0x00, 0x00, 0x00, 0x00, 0x00, 0x00, 0x00,
    0x00, 0x00, 0x00, 0x00, 0x00, 0x00, 0x00, 0x00, 0x00, 0x00, 0x00, 0x00, 0x00, 0x00, 0x00, 0x00,
    0x00, 0x00, 0x00, 0x00, 0x00, 0x00, 0x00, 0x00, 0x00, 0x00, 0x00, 0x00, 0x00, 0x00, 0x00, 0x00,
    0x00, 0x00, 0x00, 0x00, 0x00, 0x00, 0x00, 0x00, 0x00, 0x00, 0x00, 0x00, 0x00, 0x00, 0x00, 0x00,
    0x00, 0x00, 0x00, 0x00, 0x00, 0x00, 0x00, 0x00, 0x00, 0x00, 0x00, 0x00, 0x00, 0x00, 0x00, 0x00,
    0x00, 0x00, 0x00, 0x00, 0x00, 0x00, 0x00, 0x00, 0x00, 0x00, 0x00, 0x00, 0x00, 0x00, 0x00, 0x00,
    0x00, 0x00, 0x00, 0x00, 0x00, 0x00, 0x00, 0x00, 0x00, 0x00, 0x00, 0x00, 0x00, 0x00, 0x00, 0x00,
    0x00, 0x00, 0x00, 0x00, 0x00, 0x00, 0x00, 0x00, 0x00, 0x00, 0x00, 0x00, 0x00, 0x00, 0x00, 0x00,
    0x00, 0x00, 0x00, 0x00, 0x00, 0x00, 0x00, 0x00, 0x00, 0x00, 0x00, 0x00, 0x00, 0x00, 0x00, 0x00,
    0x00, 0x00, 0x00, 0x00, 0x00, 0x00, 0x00, 0x00, 0x00, 0x00, 0x00, 0x00, 0x00, 0x00, 0x00, 0x00,
    0x00, 0x00, 0x00, 0x00, 0x00, 0x00, 0x00, 0x00, 0x00, 0x00, 0x00, 0x00, 0x00, 0x00, 0x00, 0x00,
    0x00, 0x00, 0x00, 0x00, 0x00, 0x00, 0x00, 0x00, 0x00, 0x00, 0x00, 0x00, 0x00, 0x00, 0x00, 0x00,
    0x00, 0x00, 0x00, 0x00, 0x00, 0x00, 0x00, 0x00, 0x00, 0x00, 0x00, 0x00, 0x00, 0x00, 0x00, 0x00,
    0x00, 0x00, 0x00, 0x00, 0x00, 0x00, 0x00, 0x00, 0x00, 0x00, 0x00, 0x00, 0x00, 0x00, 0x00, 0x00,
    0x00, 0x00, 0x00, 0x00, 0x00, 0x00, 0x00, 0x00, 0x00, 0x00, 0x00, 0x00, 0x00, 0x00, 0x00, 0x00,
    0x00, 0x00, 0x00, 0x00, 0x00, 0x00, 0x00, 0x00, 0x00, 0x00, 0x00, 0x00, 0x00, 0x00, 0x00, 0x00,
    0x00, 0x00, 0x00, 0x00, 0x00, 0x00, 0x00, 0x00, 0x00, 0x00, 0x00, 0x00, 0x00, 0x00, 0x00, 0x00,
    0x00, 0x00, 0x00, 0x00, 0x00, 0x00, 0x00, 0x00, 0x00, 0x00, 0x00, 0x00, 0x00, 0x00, 0x00, 0x00,
    0x00, 0x00, 0x00, 0x00, 0x00, 0x00, 0x00, 0x00, 0x00, 0x00, 0x00, 0x00, 0x00, 0x00, 0x00, 0x00,
    0x00, 0x00, 0x00, 0x00, 0x00, 0x00, 0x00, 0x00, 0x00, 0x00, 0x00, 0x00, 0x00, 0x00, 0x00, 0x00,
    0x00, 0x00, 0x00, 0x00, 0x00, 0x00, 0x00, 0x21, 0x00, 0x21, 0x00, 0x20, 0x00, 0x20, 0x00, 0x20,
    0x00, 0x21, 0x00, 0x21, 0x00, 0x20, 0x00, 0x20, 0x00, 0x20, 0x00, 0x20, 0x00, 0x41, 0x00, 0x41,
    0x00, 0x41, 0x00, 0x21, 0x00, 0x20, 0x00, 0x20, 0x00, 0x41, 0x00, 0x21, 0x00, 0x20, 0x00, 0x20,
    0x00, 0x20, 0x00, 0x20, 0x00, 0x41, 0x08, 0x41, 0x00, 0x41, 0x00, 0x21, 0x00, 0x20, 0x00, 0x20,
    0x00, 0x41, 0x00, 0x21, 0x00, 0x20, 0x00, 0x20, 0x00, 0x20, 0x00, 0x20, 0x00, 0x41, 0x08, 0x41,
    0x00, 0x41, 0x00, 0x21, 0x00, 0x20, 0x00, 0x20, 0x00, 0x41, 0x00, 0x21, 0x00, 0x20, 0x00, 0x20,
    0x00, 0x20, 0x00, 0x20, 0x00, 0x41, 0x00, 0x41, 0x00, 0x41, 0x00, 0x21, 0x00, 0x20, 0x00, 0x20,
    0x00, 0x21, 0x00, 0x20, 0x00, 0x20, 0x00, 0x20, 0x00, 0x20, 0x00, 0x00, 0x00, 0x00, 0x00, 0x00,
    0x00, 0x00, 0x00, 0x00, 0x00, 0x00, 0x00, 0x00, 0x00, 0x00, 0x00, 0x00, 0x00, 0x00, 0x00, 0x00,
    0x00, 0x00, 0x00, 0x00, 0x00, 0x00, 0x00, 0x00, 0x00, 0x00, 0x00, 0x00, 0x00, 0x00, 0x00, 0x00,
    0x00, 0x00, 0x00, 0x00, 0x00, 0x00, 0x00, 0x00, 0x00, 0x00, 0x00, 0x00, 0x00, 0x00, 0x00, 0x00,
    0x00, 0x00, 0x00, 0x00, 0x00, 0x00, 0x00, 0x00, 0x00, 0x00, 0x00, 0x00, 0x00, 0x00, 0x00, 0x00,
    0x00, 0x00, 0x00, 0x00, 0x00, 0x00, 0x00, 0x00, 0x00, 0x00, 0x00, 0x00, 0x00, 0x00, 0x00, 0x00,
    0x00, 0x00, 0x00, 0x00, 0x00, 0x00, 0x00, 0x00, 0x00, 0x00, 0x00, 0x00, 0x00, 0x00, 0x00, 0x00,
    0x00, 0x00, 0x00, 0x00, 0x00, 0x00, 0x00, 0x00, 0x00, 0x00, 0x00, 0x00, 0x00, 0x00, 0x00, 0x00,
    0x00, 0x00, 0x00, 0x00, 0x00, 0x00, 0x00, 0x00, 0x00, 0x00, 0x00, 0x00, 0x00, 0x00, 0x00, 0x00,
    0x00, 0x00, 0x00, 0x00, 0x00, 0x00, 0x00, 0x00, 0x00, 0x00, 0x00, 0x00, 0x00, 0x00, 0x00, 0x00,
    0x00, 0x00, 0x00, 0x00, 0x00, 0x00, 0x00, 0x00, 0x00, 0x00, 0x00, 0x00, 0x00, 0x00, 0x00, 0x00,
    0x00, 0x00, 0x00, 0x00, 0x00, 0x00, 0x00, 0x00, 0x00, 0x00, 0x00, 0x00, 0x00, 0x00, 0x00, 0x00,
    0x00, 0x00, 0x00, 0x00, 0x00, 0x00, 0x00, 0x00, 0x00, 0x00, 0x00, 0x00, 0x00, 0x00, 0x00, 0x00,
    0x00, 0x00, 0x00, 0x00, 0x00, 0x00, 0x00, 0x00, 0x00, 0x00, 0x00, 0x00, 0x00, 0x00, 0x00, 0x00,
    0x00, 0x00, 0x00, 0x00, 0x00, 0x00, 0x00, 0x00, 0x00, 0x00, 0x00, 0x00, 0x00, 0x00, 0x00, 0x00,
    0x00, 0x00, 0x00, 0x00, 0x00, 0x00, 0x00, 0x00, 0x00, 0x00, 0x00, 0x00, 0x00, 0x00, 0x00, 0x00,
    0x00, 0x00, 0x00, 0x00, 0x00, 0x00, 0x00, 0x00, 0x00, 0x00, 0x00, 0x00, 0x00, 0x00, 0x00, 0x00,
    0x00, 0x00, 0x00, 0x00, 0x00, 0x00, 0x00, 0x00, 0x00, 0x00, 0x00, 0x00, 0x00, 0x00, 0x00, 0x00,
    0x00, 0x00, 0x00, 0x00, 0x00, 0x00, 0x00, 0x00, 0x00, 0x00, 0x00, 0x00, 0x00, 0x00, 0x00, 0x00,
    0x00, 0x00, 0x00, 0x00, 0x00, 0x00, 0x00, 0x00, 0x00, 0x00, 0x00, 0x00, 0x00, 0x00, 0x00, 0x00,
    0x00, 0x00, 0x00, 0x00, 0x00, 0x00, 0x00, 0x00, 0x00, 0x00, 0x00, 0x00, 0x00, 0x00, 0x00, 0x00,
    0x00, 0x00, 0x00, 0x00, 0x00, 0x00, 0x00, 0x00, 0x00, 0x00, 0x00, 0x00, 0x00, 0x00, 0x00, 0x00,
    0x00, 0x00, 0x00, 0x00, 0x00, 0x00, 0x00, 0x00, 0x00, 0x00, 0x00, 0x00, 0x00, 0x00, 0x00, 0x00,
    0x00, 0x00, 0x00, 0x00, 0x00, 0x00, 0x00, 0x00, 0x00, 0x00, 0x00, 0x00, 0x00, 0x00, 0x00, 0x00,
    0x00, 0x41, 0x00, 0x21, 0x00, 0x20, 0x00, 0x20, 0x00, 0x20, 0x00, 0x20, 0x00, 0x41, 0x00, 0x41,
    0x00, 0x21, 0x00, 0x20, 0x00, 0x20, 0x00, 0x20, 0x00, 0x41, 0x00, 0x41, 0x00, 0x21, 0x00, 0x20,
    0x00, 0x20, 0x00, 0x20, 0x00, 0x41, 0x00, 0x41, 0x00, 0x21, 0x00, 0x20, 0x00, 0x20, 0x00, 0x20,
    0x08, 0x41, 0x00, 0x41, 0x00, 0x21, 0x00, 0x20, 0x00, 0x20, 0x00, 0x20, 0x00, 0x41, 0x00, 0x41,
    0x00, 0x21, 0x00, 0x20, 0x00, 0x20, 0x00, 0x20, 0x00, 0x41, 0x00, 0x41, 0x00, 0x21, 0x00, 0x20,
    0x00, 0x20, 0x00, 0x20, 0x00, 0x41, 0x00, 0x21, 0x00, 0x20, 0x00, 0x20, 0x00, 0x20, 0x00, 0x20,
    0x00, 0x00, 0x00, 0x00, 0x00, 0x00, 0x00, 0x00, 0x00, 0x00, 0x00, 0x00, 0x00, 0x00, 0x00, 0x00,
    0x00, 0x00, 0x00, 0x00, 0x00, 0x00, 0x00, 0x00, 0x00, 0x00, 0x00, 0x00, 0x00, 0x00, 0x00, 0x00,
    0x00, 0x00, 0x00, 0x00, 0x00, 0x00, 0x00, 0x00, 0x00, 0x00, 0x00, 0x00, 0x00, 0x00, 0x00, 0x00,
    0x00, 0x00, 0x00, 0x00, 0x00, 0x00, 0x00, 0x00, 0x00, 0x00, 0x00, 0x00, 0x00, 0x00, 0x00, 0x00,
    0x00, 0x00, 0x00, 0x00, 0x00, 0x00, 0x00, 0x00, 0x00, 0x00, 0x00, 0x00, 0x00, 0x00, 0x00, 0x00,
    0x00, 0x00, 0x00, 0x00, 0x00, 0x00, 0x00, 0x00, 0x00, 0x00, 0x00, 0x00, 0x00, 0x00, 0x00, 0x00,
    0x00, 0x00, 0x00, 0x00, 0x00, 0x00, 0x00, 0x00, 0x00, 0x00, 0x00, 0x00, 0x00, 0x00, 0x00, 0x00,
    0x00, 0x00, 0x00, 0x00, 0x00, 0x00, 0x00, 0x00, 0x00, 0x00, 0x00, 0x00, 0x00, 0x00, 0x00, 0x00,
    0x00, 0x00, 0x00, 0x00, 0x00, 0x00, 0x00, 0x00, 0x00, 0x00, 0x00, 0x00, 0x00, 0x00, 0x00, 0x00,
    0x00, 0x00, 0x00, 0x00, 0x00, 0x00, 0x00, 0x00, 0x00, 0x00, 0x00, 0x00, 0x00, 0x00, 0x00, 0x00,
    0x00, 0x00, 0x00, 0x00, 0x00, 0x00, 0x00, 0x00, 0x00, 0x00, 0x00, 0x00, 0x00, 0x00, 0x00, 0x00,
    0x00, 0x00, 0x00, 0x00, 0x00, 0x00, 0x00, 0x00, 0x00, 0x00, 0x00, 0x00, 0x00, 0x00, 0x00, 0x00,
    0x00, 0x00, 0x00, 0x00, 0x00, 0x00, 0x00, 0x00, 0x00, 0x00, 0x00, 0x00, 0x00, 0x00, 0x00, 0x00,
    0x00, 0x00, 0x00, 0x00, 0x00, 0x00, 0x00, 0x00, 0x00, 0x00, 0x00, 0x00, 0x00, 0x00, 0x00, 0x00,
    0x00, 0x00, 0x00, 0x00, 0x00, 0x00, 0x00, 0x00, 0x00, 0x00, 0x00, 0x00, 0x00, 0x00, 0x00, 0x00,
    0x00, 0x00, 0x00, 0x00, 0x00, 0x00, 0x00, 0x00, 0x00, 0x00, 0x00, 0x00, 0x00, 0x00, 0x00, 0x00,
    0x00, 0x00, 0x00, 0x00, 0x00, 0x00, 0x00, 0x00, 0x00, 0x00, 0x00, 0x00, 0x00, 0x00, 0x00, 0x00,
    0x00, 0x00, 0x00, 0x00, 0x00, 0x00, 0x00, 0x00, 0x00, 0x00, 0x00, 0x00, 0x00, 0x00, 0x00, 0x00,
    0x00, 0x00, 0x00, 0x00, 0x00, 0x00, 0x00, 0x00, 0x00, 0x00, 0x00, 0x00, 0x00, 0x00, 0x00, 0x00,
    0x00, 0x00, 0x00, 0x00, 0x00, 0x00, 0x00, 0x00, 0x00, 0x00, 0x00, 0x00, 0x00, 0x00, 0x00, 0x00,
    0x00, 0x00, 0x00, 0x00, 0x00, 0x00, 0x00, 0x00, 0x00, 0x00, 0x00, 0x00, 0x00, 0x00, 0x00, 0x00,
    0x00, 0x00, 0x00, 0x00, 0x00, 0x00, 0x00, 0x00, 0x00, 0x00, 0x00, 0x00, 0x00, 0x00, 0x00, 0x00,
    0x00, 0x00, 0x00, 0x00, 0x00, 0x00, 0x00, 0x00, 0x00, 0x00, 0x00, 0x00, 0x00, 0x00, 0x00, 0x00,
    0x00, 0x00, 0x00, 0x00, 0x00, 0x00, 0x00, 0x00, 0x00, 0x00, 0x00, 0x00, 0x00, 0x00, 0x00, 0x00,
    0x00, 0x00, 0x00, 0x00, 0x00, 0x00, 0x00, 0x00, 0x00, 0x00, 0x00, 0x20, 0x00, 0x21, 0x00, 0x20,
    0x00, 0x20, 0x00, 0x20, 0x00, 0x20, 0x00, 0x20, 0x00, 0x21, 0x00, 0x41, 0x00, 0x21, 0x00, 0x20,
    0x00, 0x20, 0x00, 0x20, 0x00, 0x41, 0x00, 0x21, 0x00, 0x20, 0x00, 0x20, 0x00, 0x20, 0x00, 0x20,
    0x00, 0x41, 0x00, 0x41, 0x00, 0x41, 0x00, 0x21, 0x00, 0x20, 0x00, 0x20, 0x00, 0x41, 0x00, 0x20,
    0x00, 0x20, 0x00, 0x20, 0x00, 0x20, 0x00, 0x20, 0x00, 0x21, 0x00, 0x41, 0x00, 0x21, 0x00, 0x20,
    0x00, 0x20, 0x00, 0x20, 0x00, 0x21, 0x00, 0x00, 0x00, 0x00, 0x00, 0x00, 0x00, 0x00, 0x00, 0x00,
    0x00, 0x00, 0x00, 0x00, 0x00, 0x00, 0x00, 0x00, 0x00, 0x00, 0x00, 0x00, 0x00, 0x00, 0x00, 0x00,
    0x00, 0x00, 0x00, 0x00, 0x00, 0x00, 0x00, 0x00, 0x00, 0x00, 0x00, 0x00, 0x00, 0x00, 0x00, 0x00,
    0x00, 0x00, 0x00, 0x00, 0x00, 0x00, 0x00, 0x00, 0x00, 0x00, 0x00, 0x00, 0x00, 0x00, 0x00, 0x00,
    0x00, 0x00, 0x00, 0x00, 0x00, 0x00, 0x00, 0x00, 0x00, 0x00, 0x00, 0x00, 0x00, 0x00, 0x00, 0x00,
    0x00, 0x00, 0x00, 0x00, 0x00, 0x00, 0x00, 0x00, 0x00, 0x00, 0x00, 0x00, 0x00, 0x00, 0x00, 0x00,
    0x00, 0x00, 0x00, 0x00, 0x00, 0x00, 0x00, 0x00, 0x00, 0x00, 0x00, 0x00, 0x00, 0x00, 0x00, 0x00,
    0x00, 0x00, 0x00, 0x00, 0x00, 0x00, 0x00, 0x00, 0x00, 0x00, 0x00, 0x00, 0x00, 0x00, 0x00, 0x00,
    0x00, 0x00, 0x00, 0x00, 0x00, 0x00, 0x00, 0x00, 0x00, 0x00, 0x00, 0x00, 0x00, 0x00, 0x00, 0x00,
    0x00, 0x00, 0x00, 0x00, 0x00, 0x00, 0x00, 0x00, 0x00, 0x00, 0x00, 0x00, 0x00, 0x00, 0x00, 0x00,
    0x00, 0x00, 0x00, 0x00, 0x00, 0x00, 0x00, 0x00, 0x00, 0x00, 0x00, 0x00, 0x00, 0x00, 0x00, 0x00,
    0x00, 0x00, 0x00, 0x00, 0x00, 0x00, 0x00, 0x00, 0x00, 0x00, 0x00, 0x00, 0x00, 0x00, 0x00, 0x00,
    0x00, 0x00, 0x00, 0x00, 0x00, 0x00, 0x00, 0x00, 0x00, 0x00, 0x00, 0x00, 0x00, 0x00, 0x00, 0x00,
    0x00, 0x00, 0x00, 0x00, 0x00, 0x00, 0x00, 0x00, 0x00, 0x00, 0x00, 0x00, 0x00, 0x00, 0x00, 0x00,
    0x00, 0x00, 0x00, 0x00, 0x00, 0x00, 0x00, 0x00, 0x00, 0x00, 0x00, 0x00, 0x00, 0x00, 0x00, 0x00,
    0x00, 0x00, 0x00, 0x00, 0x00, 0x00, 0x00, 0x00, 0x00, 0x00, 0x00, 0x00, 0x00, 0x00, 0x00, 0x00,
    0x00, 0x00, 0x00, 0x00, 0x00, 0x00, 0x00, 0x00, 0x00, 0x00, 0x00, 0x00, 0x00, 0x00, 0x00, 0x00,
    0x00, 0x00, 0x00, 0x00, 0x00, 0x00, 0x00, 0x00, 0x00, 0x00, 0x00, 0x00, 0x00, 0x00, 0x00, 0x00,
    0x00, 0x00, 0x00, 0x00, 0x00, 0x00, 0x00, 0x00, 0x00, 0x00, 0x00, 0x00, 0x00, 0x00, 0x00, 0x00,
    0x00, 0x00, 0x00, 0x00, 0x00, 0x00, 0x00, 0x00, 0x00, 0x00, 0x00, 0x00, 0x00, 0x00, 0x00, 0x00,
    0x00, 0x00, 0x00, 0x00, 0x00, 0x00, 0x00, 0x00, 0x00, 0x00, 0x00, 0x00, 0x00, 0x00, 0x00, 0x00,
    0x00, 0x00, 0x00, 0x00, 0x00, 0x00, 0x00, 0x00, 0x00, 0x00, 0x00, 0x00, 0x00, 0x00, 0x00, 0x00,
    0x00, 0x00, 0x00, 0x00, 0x00, 0x00, 0x00, 0x00, 0x00, 0x00, 0x00, 0x00, 0x00, 0x00, 0x00, 0x00,
    0x00, 0x00, 0x00, 0x00, 0x00, 0x00, 0x00, 0x00, 0x00, 0x00, 0x00, 0x00, 0x00, 0x00, 0x00, 0x00,
    0x00, 0x00, 0x00, 0x00, 0x00, 0x00, 0x00, 0x00, 0x00, 0x00, 0x00, 0x00, 0x00, 0x00, 0x00, 0x00,
    0x00, 0x00, 0x00, 0x00, 0x00, 0x00, 0x00, 0x00, 0x00, 0x00, 0x00, 0x00, 0x00, 0x00, 0x00, 0x00,
    0x00, 0x00, 0x00, 0x00, 0x00, 0x00, 0x00, 0x00, 0x00, 0x00, 0x00, 0x21, 0x00, 0x41, 0x00, 0x21,
    0x00, 0x20, 0x00, 0x20, 0x00, 0x20, 0x00, 0x20, 0x00, 0x20, 0x00, 0x20, 0x00, 0x20, 0x00, 0x20,
    0x00, 0x20, 0x00, 0x21, 0x00, 0x41, 0x00, 0x21, 0x00, 0x20, 0x00, 0x20, 0x00, 0x20, 0x00, 0x20,
    0x00, 0x20, 0x00, 0x20, 0x00, 0x20, 0x00, 0x00, 0x00, 0x00, 0x00, 0x00, 0x00, 0x00, 0x00, 0x00,
    0x00, 0x00, 0x00, 0x00, 0x00, 0x00, 0x00, 0x00, 0x00, 0x00, 0x00, 0x00, 0x00, 0x00, 0x00, 0x00,
    0x00, 0x00, 0x00, 0x00, 0x00, 0x00, 0x00, 0x00, 0x00, 0x00, 0x00, 0x00, 0x00, 0x00, 0x00, 0x00,
    0x00, 0x00, 0x00, 0x00, 0x00, 0x00, 0x00, 0x00, 0x00, 0x00, 0x00, 0x00, 0x00, 0x00, 0x00, 0x00,
    0x00, 0x00, 0x00, 0x00, 0x00, 0x00, 0x00, 0x00, 0x00, 0x00, 0x00, 0x00, 0x00, 0x00, 0x00, 0x00,
    0x00, 0x00, 0x00, 0x00, 0x00, 0x00, 0x00, 0x00, 0x00, 0x00, 0x00, 0x00, 0x00, 0x00, 0x00, 0x00,
    0x00, 0x00, 0x00, 0x00, 0x00, 0x00, 0x00, 0x00, 0x00, 0x00, 0x00, 0x00, 0x00, 0x00, 0x00, 0x00,
    0x00, 0x00, 0x00, 0x00, 0x00, 0x00, 0x00, 0x00, 0x00, 0x00, 0x00, 0x00, 0x00, 0x00, 0x00, 0x00,
    0x00, 0x00, 0x00, 0x00, 0x00, 0x00, 0x00, 0x00, 0x00, 0x00, 0x00, 0x00, 0x00, 0x00, 0x00, 0x00,
    0x00, 0x00, 0x00, 0x00, 0x00, 0x00, 0x00, 0x00, 0x00, 0x00, 0x00, 0x00, 0x00, 0x00, 0x00, 0x00,
    0x00, 0x00, 0x00, 0x00, 0x00, 0x00, 0x00, 0x00, 0x00, 0x00, 0x00, 0x00, 0x00, 0x00, 0x00, 0x00,
    0x00, 0x00, 0x00, 0x00, 0x00, 0x00, 0x00, 0x00, 0x00, 0x00, 0x00, 0x00, 0x00, 0x00, 0x00, 0x00,
    0x00, 0x00, 0x00, 0x00, 0x00, 0x00, 0x00, 0x00, 0x00, 0x00, 0x00, 0x00, 0x00, 0x00, 0x00, 0x00,
    0x00, 0x00, 0x00, 0x00, 0x00, 0x00, 0x00, 0x00, 0x00, 0x00, 0x00, 0x00, 0x00, 0x00, 0x00, 0x00,
};

static const lv_img_dsc_t tex_gt_dial = {
    { LV_IMG_CF_TRUE_COLOR, 0, 0, 240, 240 },
    sizeof(tex_gt_dial_map),
    tex_gt_dial_map,
};
